Tiempo_h,V_mgdL,g_mgdL,g1_mgdL,Kalman_mgdL,u,u_insu,IOB_U,z1,z2,z3
0,119.654462591864,113,-6.65446259186353,-9.65446259186353,-0,0.918272829410294,0,0,0,0
0.0166666666666667,119.654462592934,114,-5.65446259186353,-9.36620045892832,-0.905302523332717,0.0129703060775765,0.0130365150980592,-3.70392269941589,-0.510475221462816,-0.0250642876911865
0.0333333333333333,119.654462675697,114,-5.65446259186353,-9.03109120146684,-1.36855044763909,0,0.0117956418784447,-6.26191639732707,-0.74950799457619,-0.0390735489918228
0.05,119.654464347029,114,-5.65446259186353,-8.78162398473532,-1.56196125036387,0,0.0104269541418886,-7.90618036570663,-0.838789332804781,-0.0452308052570842
0.0666666666666667,119.654474129399,114,-5.65446259186353,-8.61299154183131,-1.57858190610244,0,0.00905575243687939,-8.89769999298958,-0.829377655629977,-0.0463435485202624
0.0833333333333333,119.654506398853,114,-5.65446259186353,-8.51723647500315,-1.48659284147644,0,0.00768247582964107,-9.43699854323898,-0.758722120852629,-0.0444570524741927
0.1,119.654584708272,114,-5.65446259186353,-8.48690826794882,-1.33507328993018,0,0.00630754984601341,-9.67538058055067,-0.653962987123902,-0.0410218491565095
0.116666666666667,119.654742171435,114,-5.65446259186353,-8.51504479268204,-1.15849893641141,0,0.00493138679451966,-9.72552638701093,-0.534324430470111,-0.0370375714449812
0.133333333333333,119.655021281379,114,-5.65446259186353,-8.5951534272962,-0.980379732656707,0,0.00357261775640181,-9.66998926244875,-0.413093118340182,-0.0331658139976012
0.15,119.655473394373,114,-5.65446259186353,-8.7205092473779,-0.823816987655479,0.0944558417548148,0.00385417799726187,-9.57057399660966,-0.306481972437015,-0.029815731180491
0.166666666666667,119.656158017014,114,-5.65446259186353,-8.87945251567541,-0.751974820226053,0.918272829410294,0.0169607237307254,-9.4942619355959,-0.271316034359445,-0.0271771587455818
0.183333333333333,119.657141812926,114,-5.65446259186353,-9.03347239529887,-0.711498239136605,0.918272829410294,0.0322450688523556,-9.48668452620949,-0.257205595412047,-0.0251874946204884
0.2,119.658496224508,114,-5.65446259186353,-9.15385196193668,-0.68483085683453,0.918272829410294,0.0475216222071288,-9.52899297356987,-0.250254652552581,-0.0236381032289851
0.216666666666667,119.660293178963,114,-5.65446259186353,-9.24365617668785,-0.664226859663184,0.918272829410294,0.0627866404176192,-9.59504187034733,-0.246184190344313,-0.0223018900524079
0.233333333333333,119.662601612937,114,-5.65446259186353,-9.30576707003094,-0.644641401403924,0.918272829410294,0.0780365031880781,-9.66638033162565,-0.242190490624506,-0.0210337031620475
0.25,119.665485469777,115,-4.65446259186353,-9.34288946693516,-0.623011411961204,0.918272829410294,0.0932677103030153,-9.7304424214951,-0.23655849001866,-0.0197477744176776
0.266666666666667,119.669002633076,115,-4.65446259186353,-9.26155569032056,-0.597700103222419,0.918272829410294,0.10847687869066,-9.77911573320142,-0.228361944634974,-0.0184004263811235
0.283333333333333,119.673204445089,115,-4.65446259186353,-9.16618240702796,-0.558958093819668,0.918272829410294,0.123660739549987,-9.77077602732785,-0.212051202738593,-0.0167277088002523
0.3,119.678135594527,115,-4.65446259186353,-9.05876403813902,-0.510838151188436,0.918272829410294,0.138816135540024,-9.71529468063988,-0.189857843350213,-0.0148527192967004
0.316666666666667,119.683834237838,115,-4.65446259186353,-8.94113740369235,-0.456687678019879,0.918272829410294,0.153940018030171,-9.62135526844648,-0.16364573873408,-0.012874917776213
0.333333333333333,119.690332266043,115,-4.65446259186353,-8.8149898291034,-0.399236025932326,0.918272829410294,0.169029444410298,-9.49654510534123,-0.134953872281375,-0.0108733279120139
0.35,119.697655658921,115,-4.65446259186353,-8.68186710486838,-0.340675577605828,0.918272829410294,0.184081575459408,-9.34745033696292,-0.105036586484583,-0.00890946044268149
0.366666666666667,119.705824887459,115,-4.65446259186353,-8.54318127639864,-0.282736055279167,0.918272829410294,0.199093672771672,-9.17975099201062,-0.0749008602085952,-0.00702995242250388
0.383333333333333,119.714855338023,115,-4.65446259186353,-8.40021824418265,-0.226751861508053,0.918272829410294,0.214063096238662,-8.99831345021797,-0.0453404127889535,-0.0052689263889542
0.4,119.724757740329,115,-4.65446259186353,-8.25414515755683,-0.173722509666264,0.918272829410294,0.228987301586658,-8.80727859076926,-0.0169665785142214,-0.00365008024773542
0.416666666666667,119.735538587146,114,-5.65446259186353,-8.10601758819745,-0.124366378272921,0.918272829410294,0.24386383796788,-8.61014450478733,0.00976399985850291,-0.0021885232119386
0.433333333333333,119.747200537898,114,-5.65446259186353,-8.05278774191445,-0.0791681420053828,0.918272829410294,0.258690345604569,-8.40984312403478,0.0345247366219507,-0.000892375918394126
0.45,119.759742801246,114,-5.65446259186353,-7.99326047933387,-0.0475336574688516,0.918272829410294,0.273464553484817,-8.2456491286144,0.0519158476932657,-1.33851237087043e-05
0.466666666666667,119.773161493862,114,-5.65446259186353,-7.92841266570675,-0.0255885410942944,0.918272829410294,0.288184277109106,-8.10735446082801,0.0640258444263862,0.000569071058712708
0.483333333333333,119.7874499741,114,-5.65446259186353,-7.85914112869561,-0.0104748676174477,0.918272829410294,0.302847416286508,-7.98732353068307,0.0723986691790995,0.000943590689358502
0.5,119.802599150288,114,-5.65446259186353,-7.78626695205632,-0.000111782995016955,0.918272829410294,0.317451952979529,-7.87992397408083,0.0781608784130489,0.00117441319754746
0.516666666666667,119.818597764121,114,-5.65446259186353,-7.71053967472121,0.00699253053481481,0.918272829410294,0.331995949196613,-7.78107264284184,0.0821217868482973,0.00130741359141887
0.533333333333333,119.835432650084,114,-5.65446259186353,-7.63264138493815,0.0118877843540483,0.918272829410294,0.346477544931303,-7.68787488136079,0.0848519235807816,0.00137476380107797
0.55,119.853088972148,114,-5.65446259186353,-7.55319070076049,0.0152957196045974,0.918272829410294,0.360894956147134,-7.59833914366993,0.0867441474265832,0.00139853466193532
0.566666666666667,119.871550439155,114,-5.65446259186353,-7.47274662968681,0.0176981757686567,0.918272829410294,0.375246472807289,-7.51115229896738,0.0880609458734384,0.00139345925017351
0.583333333333333,119.890799500386,114,-5.65446259186353,-7.39181230162615,0.0194045220487453,0.918272829410294,0.389530456948112,-7.42550368418145,0.0889707683482283,0.001369035214824
0.6,119.91081752283,114,-5.65446259186353,-7.31083857061934,0.0206028242839502,0.918272829410294,0.403745340795573,-7.34094818952369,0.0895756938712107,0.00133110868205525
0.616666666666667,119.93158495164,114,-5.65446259186353,-7.23022748188856,0.0213982584860499,0.918272829410294,0.417889624923798,-7.2573004908966,0.0899322838602456,0.00128305380664177
0.633333333333333,119.953081455199,113,-6.65446259186353,-7.15033560182139,0.0218415814309525,0.918272829410294,0.431961876454796,-7.17455404097467,0.0900671048938631,0.00122663893118633
0.65,119.975286056155,113,-6.65446259186353,-7.167478479306,0.0219499001897615,0.918272829410294,0.445960727298535,-7.09281965646976,0.0899881087633305,0.00116265160969945
0.666666666666667,119.998177249676,113,-6.65446259186353,-7.1798830173142,0.0126081715724455,0.918272829410294,0.459884872432528,-7.04911820159351,0.0845113065758094,0.000842108847352822
0.683333333333333,120.021733110113,113,-6.65446259186353,-7.18800328187873,-0.00218292730886603,0.918272829410294,0.473733068220116,-7.0314573928275,0.0758470586408874,0.00038374169681623
0.7,120.045931387129,113,-6.65446259186353,-7.19226503294217,-0.0195655901213493,0.918272829410294,0.487504130766645,-7.0308049903773,0.0655876825917662,-0.000129187334437605
0.716666666666667,120.070749592289,113,-6.65446259186353,-7.19306670945008,-0.0375543741500211,0.918272829410294,0.50119693431275,-7.04045083110341,0.0548514741504275,-0.000640242521808396
0.733333333333333,120.096165077009,113,-6.65446259186353,-7.19078044158395,-0.054822885589805,0.918272829410294,0.514810409663977,-7.05549533096824,0.0443966388761799,-0.00111303805438145
0.75,120.12215510267,113,-6.65446259186353,-7.18575308221157,-0.0705364396512337,0.918272829410294,0.528343542655988,-7.07244076512845,0.0347109818583227,-0.00152595471246349
0.766666666666667,120.148696903642,112,-7.65446259186353,-7.17830725039966,-0.0842215641713001,0.918272829410294,0.541795372654609,-7.08886589357916,0.0260821228400906,-0.00186804860886662
0.783333333333333,120.17576774388,112,-7.65446259186353,-7.26474365042859,-0.0956649287113005,0.918272829410294,0.555164991089996,-7.10316801772332,0.0186521166605634,-0.00213590777028659
0.8,120.203344967693,112,-7.65446259186353,-7.34329144006216,-0.113949036666515,0.918272829410294,0.568451540024202,-7.15119811580135,0.00727812078492472,-0.0025804899989789
0.816666666666667,120.23140604523,112,-7.65446259186353,-7.41442216995105,-0.135155586257072,0.918272829410294,0.581654210751462,-7.22021180406406,-0.00585476568870064,-0.00308813879328918
0.833333333333333,120.259928613168,112,-7.65446259186353,-7.47859257329534,-0.156586521146497,0.918272829410294,0.594772242430495,-7.30074241321864,-0.0192253180879441,-0.00358262625560332
0.85,120.288890511044,112,-7.65446259186353,-7.53624393273779,-0.176464925650831,0.918272829410294,0.607804920748167,-7.38588373573245,-0.0318163648998813,-0.00401565643388619
0.866666666666667,120.318269813623,111,-8.65446259186353,-7.58780159196495,-0.193700202586479,0.918272829410294,0.620751576613853,-7.47071606188729,-0.0429888573209124,-0.00435945775595094
0.883333333333333,120.348044859673,111,-8.65446259186353,-7.72967586856453,-0.207704817959972,0.918272829410294,0.633611584883855,-7.5518485358969,-0.0523831934141965,-0.00460104441196374
0.9,120.378194277449,111,-8.65446259186353,-7.86021113513108,-0.227365623690737,0.918272829410294,0.646384363115245,-7.66389438852796,-0.0650239004496288,-0.00498703683378362
0.916666666666667,120.408697007194,111,-8.65446259186353,-7.97999858388848,-0.24869713775244,0.918272829410294,0.659069370348518,-7.79329432574507,-0.0786797099512848,-0.00540312157349067
0.933333333333333,120.439532320914,111,-8.65446259186353,-8.08961794751078,-0.269023933711297,0.918272829410294,0.671666105918441,-7.93008823827365,-0.0918343514310031,-0.00577490504001754
0.95,120.470679839665,111,-8.65446259186353,-8.18963589684897,-0.286651965952352,0.918272829410294,0.684174108292521,-8.06711777194539,-0.103510551870499,-0.00605751810345041
0.966666666666667,120.502119548568,111,-8.65446259186353,-8.28060467696849,-0.300611382831074,0.918272829410294,0.696592953936484,-8.19938927580705,-0.113131778488859,-0.00622753854286721
0.983333333333333,120.533831809756,112,-7.65446259186353,-8.36306096229572,-0.310456588705393,0.918272829410294,0.70892225620623,-8.32356681218817,-0.120414286527444,-0.00627676155930121
1,120.565797373414,112,-7.65446259186353,-8.34152364280599,-0.31611198853405,0.918272829410294,0.721161664265661,-8.43757039719584,-0.125283418659181,-0.00620743788472701
1.01666666666667,120.597997387099,112,-7.65446259186353,-8.31854374453457,-0.308640690128714,0.918272829410294,0.733310862029882,-8.50342050330316,-0.122627730723223,-0.00577944130071808
1.03333333333333,120.630413403461,113,-6.65446259186353,-8.29439094116066,-0.292392816162134,0.918272829410294,0.745369567133197,-8.53287887540428,-0.114830531479608,-0.00512476204038266
1.05,120.663027386526,113,-6.65446259186353,-8.17331008781679,-0.270673371059162,0.918272829410294,0.7573375299214,-8.53525720455963,-0.10371672620139,-0.00434215032187212
1.06666666666667,120.695821716645,114,-5.65446259186353,-8.0575732522465,-0.236846088196877,0.918272829410294,0.769214532467837,-8.48104941513249,-0.0854854878914269,-0.00325498399805954
1.08333333333333,120.728779194234,115,-4.65446259186353,-7.85116686194121,-0.19674658252269,0.918272829410294,0.781000387612727,-8.38820594719388,-0.0633833754720848,-0.00203416688996424
1.1,120.761883042403,116,-3.65446259186353,-7.56010063183592,-0.145445063797784,0.918272829410294,0.792694938025264,-8.23361155000653,-0.034581392505165,-0.000550104279431277
1.11666666666667,120.795116908575,116,-3.65446259186353,-7.19014696327478,-0.0807504095231837,0.918272829410294,0.804298055287992,-8.0030124975716,0.00222410733655207,0.00124715777535007
1.13333333333333,120.828464865176,117,-2.65446259186353,-6.84283965156723,-0.00237069962919089,0.918272829410294,0.815809639003002,-7.68877730302596,0.0472677091340276,0.00335373115709412
1.15,120.861911409484,118,-1.65446259186353,-6.42142209976096,0.0796098907969099,0.918272829410294,0.827229615919464,-7.32497895697853,0.0948813601673107,0.00548199460600572
1.16666666666667,120.895441462703,119,-0.654462591863535,-5.93116041273959,0.167445211009087,0.918272829410294,0.838557939082051,-6.90013662863752,0.146337215932229,0.00769206179970059
1.18333333333333,120.929040368345,120,0.345537408136465,-5.37708651262964,0.261813007175398,0.918272829410294,0.849794586999803,-6.40815416168895,0.202026327541652,0.00999875675032912
1.2,120.962693889965,120,0.345537408136465,-4.76399887360935,0.36233503553721,0.918272829410294,0.860939562834991,-5.84688697043639,0.261742511940938,0.0123874582334215
1.21666666666667,120.996388208319,121,1.34553740813647,-4.19246559348262,0.467966647957167,0.918272829410294,0.871992893611551,-5.21702566278,0.324896323454027,0.0148258161521306
1.23333333333333,121.030109918007,122,2.34553740813647,-3.56477645672777,0.568170852945716,0.918272829410294,0.882954629442679,-4.55807151166529,0.38549258585927,0.0170230285157847
1.25,121.063846023627,122,2.34553740813647,-2.88525940016683,0.665363799511745,0.918272829410294,0.893824842777154,-3.86178559169038,0.444827079884967,0.019053056592705
1.26666666666667,121.097583935513,123,3.34553740813647,-2.25402782747535,0.760795875385582,0.918272829410294,0.904603627664,-3.12368479475217,0.503553122097109,0.0209553841195881
1.28333333333333,121.131311465083,123,3.34553740813647,-1.57293318383191,0.814783318569535,1.73305614797983,0.92157989695716,-2.38466501294079,0.527311906582667,0.0224992284623404
1.3,121.165016771166,124,4.34553740813647,-0.913533300688508,0.827629046142583,1.74590187555288,0.945976238429098,-1.67024526056421,0.514221106590896,0.0238876301181597
1.31666666666667,121.198687135516,124,4.34553740813647,-0.152078141580825,0.836353666887741,1.75462649629803,0.970450782216357,-0.98716486194907,0.499105833157904,0.0251513067625488
1.33333333333333,121.232305600768,124,4.34553740813647,0.606205178920214,0.853353183937624,1.77162601334792,0.995043620795078,-0.285930107365301,0.488897321978106,0.0266394486437293
1.35,121.26584828133,125,5.34553740813647,1.35882979568194,0.876083546342262,1.79435637575256,1.01986734263854,0.42904310244915,0.481988890643955,0.0282899892493702
1.36666666666667,121.299283095079,125,5.34553740813647,2.2000938278037,0.902372940400921,1.82064576981121,1.04499523050361,1.15285084844429,0.477045170566963,0.0300480598298884
1.38333333333333,121.33256931137,125,5.34553740813647,3.02678931974686,0.939229935476271,1.85750276488656,1.07054744828748,1.9175189578952,0.477850413773345,0.0321182516366519
1.4,121.365657501619,125,5.34553740813647,3.83863051604008,0.980888276425846,1.89916110583614,1.096645788693,2.70622044610915,0.480978000627953,0.0343487909772649
1.41666666666667,121.398489773271,125,5.34553740813647,4.63596827495669,1.02351213274363,1.94178496215392,1.12333271988001,3.5058443130606,0.484209768758142,0.0366355266890407
1.43333333333333,121.431000070915,125,5.34553740813647,5.41938623586321,1.06476774611303,1.98304057552332,1.15059990754672,4.30673950332313,0.486249943039999,0.0389122872199206
1.45,121.463114466785,125,5.34553740813647,6.18945877077896,1.1034161966408,2.02168902605109,1.17840974515108,5.10218383683109,0.486462257815386,0.0411412436471957
1.46666666666667,121.494751451165,125,5.34553740813647,6.94662533925738,1.13896447041744,2.05723729982773,1.20671058021877,5.88776283991359,0.484649960981076,0.0433043813667649
1.48333333333333,121.525822292214,125,5.34553740813647,7.69114298528699,1.17138854061394,2.08966137002424,1.23544673728186,6.66077027522979,0.48088458346259,0.0453965582851586
1.5,121.5562315223,125,5.34553740813647,8.42308701187067,1.2009277232594,2.11920055266969,1.26456453810511,7.41968921674881,0.475381107366155,0.0474202296513819
1.51666666666667,121.585877387012,125,5.34553740813647,9.14237785990602,1.2279417246213,2.14621455403159,1.29401543703076,8.16377671056211,0.468412910917603,0.0493816922644437
1.53333333333333,121.614652277317,125,5.34553740813647,9.84881912417344,1.25281847796377,2.17109130737406,1.32375721557371,8.89275277349211,0.460258293341456,0.0512885929198224
1.55,121.642443235068,125,5.34553740813647,10.5421371578033,1.27592041196405,2.19419324137434,1.35375397677162,9.60658216626241,0.451170459173333,0.0531484160455436
1.56666666666667,121.669132452207,124,4.34553740813647,11.2220168405931,1.29755796106254,2.21583079047283,1.38397548310869,10.30533194814,0.441363815111788,0.0549676817731781
1.58333333333333,121.694597791214,124,4.34553740813647,11.7921297022995,1.31798105277747,2.23625388218777,1.41439621152326,10.989086790953,0.431010786732789,0.0567516254669937
1.6,121.718713266469,124,4.34553740813647,12.3542069574453,1.32865679441126,2.24692962382155,1.44491517184678,11.6211817695034,0.415431867657465,0.0582548484646007
1.61666666666667,121.741349527789,124,4.34553740813647,12.9074387991672,1.33422634821988,2.25249917763017,1.47540784710185,12.2143322596626,0.397416254044725,0.0595977481951103
1.63333333333333,121.762374297086,123,3.34553740813647,13.4506320652971,1.33775495915278,2.25602778856308,1.50581344569034,12.7782059779708,0.378767327420054,0.0608617995518465
1.65,121.78165287079,123,3.34553740813647,13.8865236842228,1.34109524277012,2.25936807218042,1.5361117452237,13.3196901037068,0.36054366867833,0.0620978166814897
1.66666666666667,121.79904869926,122,2.34553740813647,14.3160154999577,1.33650100857846,2.25477383798875,1.56622661271629,13.8066369025176,0.3384637266813,0.0630846806490245
1.68333333333333,121.814423992263,122,2.34553740813647,14.6416477418147,1.32886213818802,2.24713496759831,1.59606675989791,14.2545359631822,0.315400220316194,0.0639526424935724
1.7,121.827640318843,122,2.34553740813647,14.9638267860743,1.31244419219257,2.23071702160287,1.62552670740083,14.6378587717375,0.288244136019958,0.0645346989960419
1.71666666666667,121.83855918324,121,1.34553740813647,15.2805098569267,1.29335522038974,2.21162804980004,1.65451242916921,14.976885827813,0.26055350291425,0.0649951439702895
1.73333333333333,121.847042569426,121,1.34553740813647,15.4935053306999,1.27522827774096,2.19350110715125,1.6830101623129,15.2860688333022,0.234370898248734,0.0654354543610874
1.75,121.852953514965,120,0.345537408136465,15.7028879001214,1.25120045614023,2.16947328555052,1.71097204121612,15.5383245327442,0.205861582435059,0.0656617786211745
1.76666666666667,121.856156771622,120,0.345537408136465,15.8105574038499,1.22645101328127,2.14472384269156,1.73834453309951,15.7522926198797,0.177997638591241,0.0658157270996506
1.78333333333333,121.856519452747,120,0.345537408136465,15.916490056234,1.19517544434959,2.11344827375988,1.76506154876911,15.904219344569,0.147565946767553,0.0657316774331725
1.8,121.853911683786,119,-0.654462591863535,16.0184099835119,1.16322211705066,2.08149494646096,1.79106558395165,16.0152362407523,0.117919310579422,0.0655697204802669
1.81666666666667,121.848207189723,119,-0.654462591863535,16.0180577956325,1.13388966381619,2.05216249322649,1.81637437979233,16.1000741618207,0.0908617339499567,0.0654245946790593
1.83333333333333,121.839283857919,118,-1.65446259186353,16.0155674955992,1.09997756344168,2.01825039285197,1.84096594449288,16.1316138798199,0.062327580258084,0.0650951342666091
1.85,121.827024226447,118,-1.65446259186353,15.9129878914468,1.06636384146786,1.98463667087816,1.86480728883597,16.1283191421675,0.0350873554409569,0.0647161975203414
1.86666666666667,121.811316007841,117,-2.65446259186353,15.8105011903411,1.02699663056635,1.94526945997665,1.88784830208148,16.0662305820959,0.00576421071847333,0.0641165285144078
1.88333333333333,121.792052594268,117,-2.65446259186353,15.6100670289839,0.987534174617484,1.90580700402778,1.91004382492896,15.9663065433229,-0.0224145749004883,0.0634518766119826
1.9,121.769133437769,116,-3.65446259186353,15.4117233153148,0.942412827830607,1.8606856572409,1.93134203432532,15.8064419040997,-0.0525493876162002,0.0625645451431177
1.91666666666667,121.742464441043,116,-3.65446259186353,15.1172809341773,0.897562484154863,1.81583531356516,1.95170229775139,15.6088952468403,-0.0812677290150028,0.0616182762652915
1.93333333333333,121.711958386187,116,-3.65446259186353,14.8266521428915,0.847540792934301,1.7658136223446,1.97108052118287,15.3524178415242,-0.111614017802069,0.0604594055342294
1.95,121.677535361194,115,-4.65446259186353,14.537558269823,0.794066948916081,0.918272829410294,1.9903028351886,15.0595396079743,-0.144230543033672,0.0592530832848979
1.96666666666667,121.639123205772,115,-4.65446259186353,14.1240315519065,0.798055995265259,0.918272829410294,1.99762117135882,14.7676463913707,-0.12265532360632,0.0580721495750495
1.98333333333333,121.596659008301,115,-4.65446259186353,13.6634540103932,0.795690926862074,0.918272829410294,2.00329213949559,14.447503657441,-0.102565976868365,0.0565450474099898
2,121.550092500897,115,-4.65446259186353,13.1632019686859,0.784175885703811,0.918272829410294,2.00746442821769,14.0891273446409,-0.0859397606502945,0.0546259160708389
2.01666666666667,121.499388554989,115,-4.65446259186353,12.6300449239076,0.756551022142254,0.918272829410294,2.01146901450494,13.6887565158117,-0.0793511081993062,0.0523160837577336
2.03333333333333,121.444528130474,114,-5.65446259186353,12.0701782481595,0.713658395640728,0.918272829410294,2.01531023050409,13.2416961773397,-0.0824064665171427,0.0496534062923367
2.05,121.385508266274,114,-5.65446259186353,11.3932538859129,0.657398285355975,0.918272829410294,2.01899231211611,12.747761043389,-0.0940983304169394,0.0467034450652358
2.06666666666667,121.322341504987,114,-5.65446259186353,10.7064621907611,0.581141416734059,0.918272829410294,2.022519400976,12.1730002682741,-0.118249761938226,0.0432962438683735
2.08333333333333,121.255054987523,115,-4.65446259186353,10.0142493096422,0.491627034416669,0.918272829410294,2.0258955463936,11.5344975375706,-0.151123840152188,0.0396337080154638
2.1,121.1836893676,115,-4.65446259186353,9.41660604721102,0.394461283417808,0.918272829410294,2.02912470725646,10.8475578384655,-0.189573736698463,0.035879597472057
2.11666666666667,121.108297641164,115,-4.65446259186353,8.81504721576287,0.303339021286005,0.918272829410294,2.03221075389515,10.1625658531283,-0.225810576769898,0.0324130357192733
2.13333333333333,121.028943952009,115,-4.65446259186353,8.21295339307136,0.21791823752491,0.918272829410294,2.03515746991199,9.47916260361958,-0.25993003235294,0.0292155589690377
2.15,120.945702413178,115,-4.65446259186353,7.6133403570436,0.138196348090153,0.918272829410294,2.0379685539738,8.79833974739011,-0.291841456821554,0.0262785548488664
2.16666666666667,120.858655969386,115,-4.65446259186353,7.0188839208166,0.064350444821391,0.918272829410294,2.04064762156924,8.12193432120999,-0.32135609902385,0.0235985429448446
2.18333333333333,120.767895316039,115,-4.65446259186353,6.43194373856871,-0.00337365669398963,0.918272829410294,2.0431982067317,7.45225443004138,-0.348248832008442,0.0211739574827205
2.2,120.673517883844,116,-3.65446259186353,5.85458607697705,-0.064735553038834,0.918272829410294,2.04562376372805,6.7918070325755,-0.37229979701896,0.0190030516673376
2.21666666666667,120.575626893433,116,-3.65446259186353,5.38460682276087,-0.119546966975766,0.918272829410294,2.0479276687142,6.14310476869856,-0.393320998504961,0.0170826272387484
2.23333333333333,120.474330481299,116,-3.65446259186353,4.9215015114084,-0.158585009765584,0.918272829410294,2.05011322135792,5.54537213389282,-0.405990280352271,0.0156565906677146
2.25,120.369740896213,116,-3.65446259186353,4.46679791412818,-0.185841888401327,0.918272829410294,2.05218364642958,4.98856981581594,-0.412439316099515,0.0145985157728316
2.26666666666667,120.261973763872,116,-3.65446259186353,4.02181648063954,-0.204261462957783,0.918272829410294,2.05414209536153,4.465340652227,-0.414239084103585,0.0138150556588418
2.28333333333333,120.151147416593,116,-3.65446259186353,3.58768638613914,-0.216000649425354,0.918272829410294,2.05599164777657,3.9703627885388,-0.412539261166352,0.0132376392092666
2.3,120.037382284371,116,-3.65446259186353,3.16536077374334,-0.222631183279181,0.918272829410294,2.05773531298616,3.49984233063068,-0.408176033884366,0.0128160879652183
2.31666666666667,119.92080038916,116,-3.65446259186353,2.75563120497397,-0.22529427656142,0.918272829410294,2.059376031459,3.05111769972234,-0.401754910788055,0.0125137439481428
2.33333333333333,119.801526314388,116,-3.65446259186353,2.35914133337912,-0.224818298114318,0.918272829410294,2.06091667626044,2.62235300067457,-0.393713865723187,0.0123037785069912
2.35,119.679687050052,115,-4.65446259186353,1.97639981855681,-0.221807257680166,0.918272829410294,2.06236005446345,2.21230272766924,-0.38437091719335,0.0121664298629364
2.36666666666667,119.555409126258,115,-4.65446259186353,1.51179122982655,-0.216706859360286,0.918272829410294,2.06370890853142,1.82013236008726,-0.373959715934505,0.0120869502807521
2.38333333333333,119.428818122125,115,-4.65446259186353,1.06763818071232,-0.218966951873867,0.918272829410294,2.06496591767366,1.40844353553428,-0.367837547804933,0.0118048553483672
2.4,119.300038357928,115,-4.65446259186353,0.643899189189616,-0.224838870239926,0.918272829410294,2.06613369917389,0.989063669865885,-0.363923641646403,0.0114300334939878
2.41666666666667,119.1691927209,115,-4.65446259186353,0.240437003027429,-0.231666231440131,0.918272829410294,2.06721480969225,0.570974441096119,-0.360729114907613,0.0110385896966831
2.43333333333333,119.036402520809,115,-4.65446259186353,-0.142970316933652,-0.237636307177198,0.918272829410294,2.06821174654149,0.160879890531531,-0.357224905996414,0.010680830896819
2.45,118.901787353333,115,-4.65446259186353,-0.506619102118708,-0.241581035034037,0.918272829410294,2.06912694893769,-0.236330331578166,-0.352735678070868,0.0103876163002653
2.46666666666667,118.765464972853,115,-4.65446259186353,-0.850870535028121,-0.242818493504583,0.918272829410294,2.06996279922607,-0.617204083512897,-0.346854946378513,0.0101753799493327
2.48333333333333,118.627551175696,115,-4.65446259186353,-1.17614182649487,-0.241027280895489,0.918272829410294,2.07072162408233,-0.979420879547805,-0.339377510225312,0.0100500782110118
2.5,118.488159694409,114,-5.65446259186353,-1.4828980766424,-0.236147577859859,0.918272829410294,2.07140569569002,-1.32154436673038,-0.330245959362552,0.0100102695008261
2.51666666666667,118.347402103284,114,-5.65446259186353,-1.86764605509103,-0.22830378395402,0.918272829410294,2.0720172328944,-1.64282262211977,-0.319508596215315,0.0100494960492796
2.53333333333333,118.205387735124,114,-5.65446259186353,-2.22887664614311,-0.226857888884198,0.918272829410294,2.07255840233323,-1.97986624634747,-0.312468098631684,0.00990887570874966
2.55,118.062223609002,114,-5.65446259186353,-2.56737145282391,-0.228125917780684,0.918272829410294,2.0730313195449,-2.32063045368489,-0.307075560183244,0.00969566115217092
2.56666666666667,117.918014368669,114,-5.65446259186353,-2.88393881105841,-0.229608592733976,0.918272829410294,2.07343805005444,-2.65631019328143,-0.301927331508947,0.00948088179242397
2.58333333333333,117.772862231135,114,-5.65446259186353,-3.17940691338675,-0.229699238079959,0.918272829410294,2.07378061043772,-2.98063803024605,-0.296108835745498,0.0093086072869351
2.6,117.6268669449,114,-5.65446259186353,-3.45461758250797,-0.227454042041853,0.918272829410294,2.07406096936435,-3.28932011664709,-0.289071246817394,0.00920318265812112
2.61666666666667,117.480125757267,114,-5.65446259186353,-3.71042065460962,-0.222412476702528,0.918272829410294,2.07428104861961,-3.57958462560158,-0.280534671815748,0.00917483889547366
2.63333333333333,117.332733390137,114,-5.65446259186353,-3.94766893379715,-0.214457931054926,0.918272829410294,2.07444272410586,-3.84982158891551,-0.270412643453095,0.00922400736835366
2.65,117.184782023691,114,-5.65446259186353,-4.16721368033667,-0.203710465105696,0.918272829410294,2.07454782682391,-4.09929685648017,-0.258753688055146,0.00934460436508568
2.66666666666667,117.036361287359,114,-5.65446259186353,-4.36990059685473,-0.190445115449921,0.918272829410294,2.07459814383452,-4.32792601708185,-0.245696523895103,0.00952650123948518
2.68333333333333,116.887558257502,114,-5.65446259186353,-4.55656627809014,-0.175030431594585,0.918272829410294,2.07459541920064,-4.5360966966379,-0.231436093160246,0.00975735404269815
2.7,116.73845746122,114,-5.65446259186353,-4.72803509125492,-0.15788294513337,0.918272829410294,2.07454135491062,-4.72452977386337,-0.216198162813557,0.0100239325290408
2.71666666666667,116.589140885768,114,-5.65446259186353,-4.88511645552674,-0.139434110158403,0.918272829410294,2.07443761178286,-4.89417180227975,-0.200220665317177,0.0103130607079416
2.73333333333333,116.439687993035,114,-5.65446259186353,-5.02860249065607,-0.120106935810157,0.918272829410294,2.07428581035214,-5.04611236566656,-0.183740306433704,0.0106122585583378
2.75,116.290175738613,114,-5.65446259186353,-5.15926600612017,-0.10030008779036,0.918272829410294,2.07408753173808,-5.18152127509246,-0.166983258070571,0.0109101562064193
2.76666666666667,116.140678594981,113,-6.65446259186353,-5.27785880368849,-0.0803776875064626,0.918272829410294,2.07384431849608,-5.30160148409378,-0.150158990954007,0.0111967370309914
2.78333333333333,115.991268578369,113,-6.65446259186353,-5.48111153755064,-0.0606634039107914,0.918272829410294,2.07355767545098,-5.40755439141447,-0.133456494399179,0.0114634541737547
2.8,115.84201527889,113,-6.65446259186353,-5.66768188718186,-0.0505510800282799,0.918272829410294,2.07322907051392,-5.53739350992467,-0.122223795782165,0.0114540244685897
2.81666666666667,115.692985893571,113,-6.65446259186353,-5.83846654697184,-0.0462667931511831,0.918272829410294,2.07285993548258,-5.68003771752066,-0.11438673829148,0.0112815709933653
2.83333333333333,115.54424526191,113,-6.65446259186353,-5.99434229462272,-0.0451356143290529,0.918272829410294,2.07245166682526,-5.82729731183758,-0.108465538969277,0.0110251583146413
2.85,115.39585590364,112,-7.65446259186353,-6.13616384890729,-0.0453178535529644,0.918272829410294,2.07200562644895,-5.97324608979735,-0.103434212018171,0.0107382004483647
2.86666666666667,115.247878058399,112,-7.65446259186353,-6.36076333849873,-0.0456013579144942,0.918272829410294,2.07152314245191,-6.1137176920688,-0.0986095021148018,0.0104550430702931
2.88333333333333,115.100369727015,112,-7.65446259186353,-6.56689813315324,-0.0543522162664644,0.918272829410294,2.0710055098609,-6.28274166908956,-0.0987451039397249,0.00994685314656031
2.9,114.953386714157,111,-8.65446259186353,-6.75556253755727,-0.0671506833135655,0.918272829410294,2.07045399135337,-6.46633359294193,-0.101382919959847,0.0093427557163901
2.91666666666667,114.806982672105,111,-8.65446259186353,-7.02372987618623,-0.0809589879049728,0.918272829410294,2.06986981796499,-6.65423855137514,-0.104816439024389,0.00872948055560684
2.93333333333333,114.661209145429,111,-8.65446259186353,-7.2702994559238,-0.102893783960867,0.918272829410294,2.06925418978278,-6.87594850718845,-0.113090022651456,0.00791294562854062
2.95,114.516115616379,110,-9.65446259186353,-7.49640748210637,-0.127721205955303,0.918272829410294,2.06860827662402,-7.11415578855531,-0.123274885588997,0.00704386708411111
2.96666666666667,114.371749550797,110,-9.65446259186353,-7.79916845029616,-0.151913925609928,0.918272829410294,2.06793321870137,-7.35622680301694,-0.133373068624622,0.00622089953998903
2.98333333333333,114.228156444395,109,-10.6544625918635,-8.07762149472849,-0.182337041081206,0.918272829410294,2.06723012727436,-7.6300039362678,-0.147270099012472,0.0052549295966812
3,114.085379869239,109,-10.6544625918635,-8.42904203341525,-0.213675936261543,0.918272829410294,2.06650008528755,-7.91708762923924,-0.161974604317514,0.00429677144865896
3.01666666666667,113.943461520321,108,-11.6544625918635,-8.75263073653248,-0.251554938921296,0.918272829410294,2.06574414799563,-8.24101297365474,-0.180675635507645,0.0031926663770075
3.03333333333333,113.802441262078,108,-11.6544625918635,-9.14582431134107,-0.289832851308744,0.918272829410294,2.06496334357576,-8.58021661507877,-0.199911648495222,0.00211618808875343
3.05,113.662357174762,107,-12.6544625918635,-9.50798370509481,-0.333617448585992,0.918272829410294,2.06415867372722,-8.95596057651039,-0.222572031068786,0.00092703487877868
3.06666666666667,113.523245600559,107,-12.6544625918635,-9.93670421265199,-0.376479488627832,0.918272829410294,2.06333111425888,-9.34509712326892,-0.245022241039794,-0.00019450641927191
3.08333333333333,113.385141189367,106,-13.6544625918635,-10.3315030839888,-0.423403825769042,0.918272829410294,2.06248161566452,-9.76783170784775,-0.270071090664833,-0.00138679512222825
3.1,113.248076944166,106,-13.6544625918635,-10.7901291123525,-0.467954513187563,0.918272829410294,2.06161110368636,-10.2003602708165,-0.294069328502173,-0.00247086467461752
3.11666666666667,113.112084265892,105,-14.6544625918635,-11.21224979255,-0.515188520020318,0.918272829410294,2.06072047986693,-10.6625315190992,-0.319856498272931,-0.00358851705002743
3.13333333333333,112.97719299778,104,-15.6544625918635,-11.6957605246851,-0.558792548536096,0.918272829410294,2.05981062208961,-11.1304052168128,-0.343843965041306,-0.00456549980472899
3.15,112.843431469101,104,-15.6544625918635,-12.2364727175593,-0.603975641900204,0.918272829410294,2.05888238510801,-11.623852837602,-0.368950068781331,-0.00554897589753721
3.16666666666667,112.710826538267,103,-16.6544625918635,-12.7343707718026,-0.653703861521019,0.918272829410294,2.05793660106439,-12.1559067987708,-0.396855982765564,-0.00661948282648241
3.18333333333333,112.579403635247,103,-16.6544625918635,-13.2876635398237,-0.700230894107996,0.918272829410294,2.05697407999741,-12.6975965124095,-0.423172495552068,-0.00756167595698436
3.2,112.449186803276,102,-17.6544625918635,-13.7964699949367,-0.747828044449797,0.918272829410294,2.05599561033932,-13.2651567631918,-0.450288225871471,-0.00849664148625706
3.21666666666667,112.320198739824,101,-18.6544625918635,-14.3591271499382,-0.789778046988829,0.918272829410294,2.05500195940289,-13.8322244501131,-0.474375547287372,-0.00924060766885334
3.23333333333333,112.192460836796,101,-18.6544625918635,-14.9718770634954,-0.798920912920926,0.918272829410294,2.04743381110255,-14.4067875016932,-0.467715811572132,-0.00994647023824973
3.25,112.06599321996,100,-19.6544625918635,-15.5351228993464,-0.799975105716009,0.118297723694285,2.03717669007715,-14.9781931903207,-0.451872582412634,-0.0107795526274686
3.26666666666667,111.940814833338,100,-19.6544625918635,-16.1753141470501,-0.781926343456482,0.136346485953812,2.02287938113449,-15.5304673383823,-0.418079230438256,-0.0116169789614983
3.28333333333333,111.816944587889,100,-19.6544625918635,-16.8168433948298,-0.775385841242922,0.142886988167371,2.00878003345048,-16.0903270944914,-0.391773783897267,-0.0127290518839931
3.3,111.694404424348,99,-20.6544625918635,-17.4555620008082,-0.77888058593639,0.139392243473903,1.99470254973488,-16.6611005906604,-0.371841221898516,-0.0140893418670687
3.31666666666667,111.573221631782,99,-20.6544625918635,-18.1845345409401,-0.790388578806767,0.127884250603526,1.9805004498445,-17.2424031305258,-0.356906984679719,-0.0156535238717666
3.33333333333333,111.453429908486,98,-21.6544625918635,-18.8997495252059,-0.816545721536454,0.101727107873839,1.96598255980728,-17.8685473578124,-0.350427737701815,-0.0176218475723719
3.35,111.335069689602,98,-21.6544625918635,-19.6964983679576,-0.850969309350372,0.0673035200599215,1.95096452259342,-18.5235596923184,-0.348527018636408,-0.0198306191328154
3.36666666666667,111.218188104157,98,-21.6544625918635,-20.4729656249203,-0.897868709389986,0.0204041200203074,1.93527302579361,-19.2310735264167,-0.3533326467067,-0.0224103922457289
3.38333333333333,111.102838864085,97,-22.6544625918635,-21.2303639886808,-0.949775200268138,0,1.91877031177207,-19.968348480941,-0.36043622158656,-0.0251630356449465
3.4,110.9890821567,97,-22.6544625918635,-22.066475038307,-1.00195626803681,0,1.90142129889464,-20.7184525072476,-0.367127738529787,-0.0279585872435277
3.41666666666667,110.87698446865,97,-22.6544625918635,-22.8810370495026,-1.0635986168062,0,1.88381544072586,-21.5072806220585,-0.379741099184244,-0.0309678155086435
3.43333333333333,110.766618208131,97,-22.6544625918635,-23.6741280686723,-1.13033567184154,0,1.86623816121439,-22.317351545728,-0.396358405116517,-0.0340247032666351
3.45,110.658061168964,96,-23.6544625918635,-24.444185877313,-1.19800826683173,0,1.84869313842186,-23.1354924749967,-0.414605922955772,-0.0370127302389842
3.46666666666667,110.551395916246,96,-23.6544625918635,-25.2859324657495,-1.26352918047707,0,1.83118392400657,-23.9510400604563,-0.432689661940392,-0.0398488967366513
3.48333333333333,110.446709149308,96,-23.6544625918635,-26.0962988844999,-1.33379793103365,0,1.81371394634937,-24.7923024131046,-0.45447325552426,-0.042726351329884
3.5,110.344091075531,96,-23.6544625918635,-26.8747150617449,-1.40329504332833,0,1.79628651361153,-25.6403423080675,-0.476809147589613,-0.0454916618139024
3.51666666666667,110.243634817293,96,-23.6544625918635,-27.620829832902,-1.46820589196124,0,1.77890481672597,-26.4806913144756,-0.497480094718909,-0.048043566345484
3.53333333333333,110.145435866927,96,-23.6544625918635,-28.3344888730656,-1.52603582300016,0,1.76157193232317,-27.3024842639464,-0.514994575306694,-0.0503206107019668
3.55,110.049591600427,96,-23.6544625918635,-29.0157140609983,-1.57530033567815,0,1.74429082559307,-28.0977487008623,-0.528421390800557,-0.0522912680896275
3.56666666666667,109.95620085889,96,-23.6544625918635,-29.6646842204521,-1.61527682649229,0,1.72706435308442,-28.8608227549361,-0.537256497678598,-0.0539460867183463
3.58333333333333,109.865363606913,96,-23.6544625918635,-30.2817171837225,-1.64580670818994,0,1.70989526544262,-29.5878792931976,-0.541316290092592,-0.0552914891502544
3.6,109.777180679706,96,-23.6544625918635,-30.8672531218333,-1.66713864351408,0,1.6927862100875,-30.2765379072131,-0.540652539897538,-0.056344913058109
3.61666666666667,109.691753636051,96,-23.6544625918635,-31.421839085572,-1.67980524022209,0,1.6757397338322,-30.9255493867131,-0.535485024405123,-0.057131037638435
3.63333333333333,109.609184744324,96,-23.6544625918635,-31.9461147017068,-1.68452689189125,0,1.65875828544428,-31.5345399194571,-0.526148559023818,-0.0576788853162343
3.65,109.52957714689,96,-23.6544625918635,-32.4407989690967,-1.68213756216818,0,1.64184421815039,-32.1038044204652,-0.513051724170427,-0.0580196260647793
3.66666666666667,109.45303528178,97,-22.6544625918635,-32.90667810001,-1.67352823519074,0,1.62499979208555,-32.6341402001959,-0.496645052109159,-0.0581849429150274
3.68333333333333,109.379665706335,97,-22.6544625918635,-33.2485930828974,-1.65960452279478,0,1.6082271766882,-33.1267136884803,-0.477396835366734,-0.0582058431091694
3.7,109.309578607067,97,-22.6544625918635,-33.5694801342156,-1.63214220514576,0,1.59152845304211,-33.5461155263181,-0.450593537981215,-0.0578625899477042
3.71666666666667,109.242890610543,98,-21.6544625918635,-33.8700484605315,-1.59600259054538,0,1.57490561616637,-33.9061656756367,-0.418907143900823,-0.057301322993865
3.73333333333333,109.179730428013,98,-21.6544625918635,-34.0550287268713,-1.55485184145267,0,1.55836057725429,-34.2178494923341,-0.38436954121469,-0.0566303279364474
3.75,109.120252164553,98,-21.6544625918635,-34.2272176717123,-1.50230405609455,0,1.54189516586253,-34.4530481211194,-0.343326237470189,-0.0556791394875407
3.76666666666667,109.064672725865,99,-20.6544625918635,-34.3871597229838,-1.44436411551984,0,1.52551113205125,-34.6308877276369,-0.299125441823839,-0.0546223709101668
3.78333333333333,109.013291418488,99,-20.6544625918635,-34.4393990257247,-1.38532603731363,0,1.50921014847646,-34.7661126801589,-0.25418864561784,-0.0535816164452162
3.8,108.966424966475,100,-19.6544625918635,-34.486527336327,-1.3190560957745,0,1.49299381243548,-34.8331659211752,-0.205039932913276,-0.0523889236359405
3.81666666666667,108.924355924543,101,-18.6544625918635,-34.4328673821891,-1.25154443971021,0,1.47686364786649,-34.8528173789723,-0.155054088672669,-0.051213984116551
3.83333333333333,108.887311865943,101,-18.6544625918635,-34.2847783319815,-1.1777738810575,0,1.4608211073031,-34.8039202714431,-0.101391414022046,-0.049919365153792
3.85,108.855461339564,102,-17.6544625918635,-34.1443933182264,-1.09530444636167,0,1.44486757378494,-34.6735561505276,-0.0426427255291916,-0.0484430904400905
3.86666666666667,108.828918187107,103,-16.6544625918635,-33.9155633407865,-1.0126076107237,0,1.42900436272507,-34.491803570106,0.0164121133230835,-0.0470238769824444
3.88333333333333,108.80774944806,103,-16.6544625918635,-33.6041664785807,-0.928924107226286,0,1.4137792323805,-34.2449155018166,0.075160553817386,-0.0455654124384585
3.9,108.791984232627,104,-15.6544625918635,-33.3093757612729,-0.846602198339368,0.0716706310709257,1.40002815035202,-33.9285125027436,0.130736651697709,-0.0440194462315533
3.91666666666667,108.78162222582,105,-14.6544625918635,-32.9295103045776,-0.773214302327834,0.145058527082459,1.38767265238274,-33.5780366879748,0.179039428774795,-0.042605208767342
3.93333333333333,108.77664112224,105,-14.6544625918635,-32.4654228543544,-0.703286234210673,0.21498659519962,1.37661231288803,-33.1795501908091,0.223366548846785,-0.0411803147506639
3.95,108.777002588944,106,-13.6544625918635,-32.0147178675569,-0.633096785442605,0.285176043967688,1.36682235993779,-32.7222583347168,0.265911374114394,-0.0396452775179884
3.96666666666667,108.78265679855,106,-13.6544625918635,-31.4772925662003,-0.569049542292427,0.349223287117867,1.3582482623228,-32.2351611511806,0.303190077740463,-0.0381851232965214
3.98333333333333,108.793545815204,107,-12.6544625918635,-30.9516984494594,-0.505369400551363,0.412903428858931,1.35083828136204,-31.7005228247914,0.338587668309097,-0.0366448444772918
4,108.809605836722,107,-12.6544625918635,-30.3387991195838,-0.447272531577949,0.471000297832345,1.34453757847053,-31.1425119737086,0.369283636043221,-0.0351760540542183
4.01666666666667,108.83076871312,108,-11.6544625918635,-29.7380125865794,-0.386921554405947,0.531351275004347,1.33932108501524,-30.5402919503551,0.398902357522559,-0.033606275999291
4.03333333333333,108.856962973678,108,-11.6544625918635,-29.0508628647139,-0.33095540124744,0.587317428162853,1.33516540211085,-29.9162818537682,0.424637683463592,-0.0320802556206953
4.05,108.88811439452,108,-11.6544625918635,-28.3772196042107,-0.273061048837828,0.645211780572466,1.33205222947989,-29.2487565341146,0.450119132001061,-0.0304249842676865
4.06666666666667,108.924146138755,108,-11.6544625918635,-27.714973681549,-0.218432271188051,0.699840558222242,1.32996456872042,-28.5597403452906,0.472475002319466,-0.0287881896299577
4.08333333333333,108.96497870873,109,-10.6544625918635,-27.0622361505706,-0.16970394748205,0.748568881928243,1.32882128773109,-27.8642112236168,0.490368543801184,-0.0272510173878478
4.1,109.010529818054,109,-10.6544625918635,-26.3215936498452,-0.127803320136022,0.790469509274272,1.3285123840462,-27.1717103464221,0.503464250464016,-0.0258489924259347
4.11666666666667,109.06071420421,109,-10.6544625918635,-25.5942375935779,-0.0838881091073857,0.834384720302908,1.32900086043044,-26.4511176378451,0.516833018602651,-0.0243394101208013
4.13333333333333,109.115443402321,109,-10.6544625918635,-24.8793195354251,-0.041778685616151,0.876494143794142,1.33028306860631,-25.718064416187,0.528345631050788,-0.0228300951957396
4.15,109.174625499222,109,-10.6544625918635,-24.1760152938993,-0.00352730935654707,0.914745520053746,1.33230717395376,-24.9834986162422,0.536939428440194,-0.0213831772009639
4.16666666666667,109.238164886777,109,-10.6544625918635,-23.4837299153687,0.0300216205955536,0.948294450005847,1.33499777432691,-24.2546725235335,0.542264782407978,-0.0200287684645573
4.18333333333333,109.305962091968,109,-10.6544625918635,-22.8021760492717,0.0587857995785417,0.977058628988835,1.33827215413982,-23.5361008154108,0.544409245860284,-0.0187761276916066
4.2,109.377913748946,109,-10.6544625918635,-22.1313739980314,0.0831131987158687,1.00138602812616,1.34205008820554,-22.8303924994931,0.543695965231387,-0.0176221634169334
4.21666666666667,109.453912559647,109,-10.6544625918635,-21.4716089186596,0.103550825192174,1.02182365460247,1.34625898558257,-22.1389183305223,0.540545960752841,-0.0165575025524831
4.23333333333333,109.533847271432,109,-10.6544625918635,-20.8233695666486,0.120695186279288,1.03896801568958,1.35083589011348,-21.4623115124066,0.535391244137991,-0.0155705270050535
4.25,109.617602826018,109,-10.6544625918635,-20.1872840906484,0.135104726386615,1.05337755579691,1.35572753022033,-20.8008196195176,0.52862579153898,-0.0146498326212762
4.26666666666667,109.705060597026,109,-10.6544625918635,-19.5640617329374,0.147256300869657,1.06552913027995,1.36088929585549,-20.1545346563373,0.52058290576397,-0.0137855407316605
4.28333333333333,109.796098589964,109,-10.6544625918635,-18.9544446233985,0.15753079291194,1.07580362232223,1.36628374713171,-19.5235300151465,0.511529649199139,-0.012969830035356
4.3,109.890591720014,109,-10.6544625918635,-18.3591708127633,0.166216358093455,1.08448918750375,1.37187903980345,-18.9079308008479,0.501671276335693,-0.0121969800629005
4.31666666666667,109.988412118643,109,-10.6544625918635,-17.7789478897516,0.173520956134452,1.09179378554475,1.37764748822941,-18.3079396975647,0.491160639254487,-0.0114631420605091
4.33333333333333,110.089429364901,109,-10.6544625918635,-17.2144356131055,0.179588528283155,0.918272829410294,1.38356437085635,-17.7238356504734,0.480109237910932,-0.0107659870057768
4.35,110.19351078423,109,-10.6544625918635,-16.672484314052,0.199770705260677,0.918272829410294,1.38648143520252,-17.1496719462108,0.483081769425638,-0.010111372245141
4.36666666666667,110.300522098723,110,-9.65446259186353,-16.1593060944371,0.217463067776625,0.918272829410294,1.38943338266125,-16.5852135458974,0.48487796442556,-0.0095448695355855
4.38333333333333,110.410328609453,110,-9.65446259186353,-15.5782932548591,0.230808959922595,0.918272829410294,1.39241832273998,-16.0387545562067,0.484415401155999,-0.00911428924362471
4.4,110.522796232778,110,-9.65446259186353,-15.030815056901,0.247901844829196,0.918272829410294,1.39543441695817,-15.4792198612159,0.48625747769941,-0.00859356341608909
4.41666666666667,110.637792200538,110,-9.65446259186353,-14.5159160366899,0.264322241180208,0.918272829410294,1.39847987765967,-14.9226163380925,0.487911182927769,-0.0081069727361925
4.43333333333333,110.755185539024,110,-9.65446259186353,-14.0325845408879,0.277227341280417,0.918272829410294,1.4015529668498,-14.3804859636797,0.487747958326272,-0.00773120634260513
4.45,110.874847402921,111,-8.65446259186353,-13.5797638032924,0.284948818285086,0.918272829410294,1.40465199505687,-13.8608868504876,0.484787903202548,-0.0075080423455293
4.46666666666667,110.99665131099,111,-8.65446259186353,-13.0603607692734,0.286677801842228,0.918272829410294,1.4077753202174,-13.3691798431985,0.478530008291765,-0.00745420153503959
4.48333333333333,111.120473313142,111,-8.65446259186353,-12.5753059457052,0.29133318239594,0.918272829410294,1.41092134658481,-12.8718182808231,0.474000955163088,-0.00731971161231559
4.5,111.246192108375,111,-8.65446259186353,-12.1232488048839,0.295135012885012,0.918272829410294,1.41408852366096,-12.3827373348746,0.4690715894732,-0.00721088736159714
4.51666666666667,111.373689126734,112,-7.65446259186353,-11.7028235124973,0.295725573804488,0.918272829410294,1.4172753451501,-11.911752396231,0.46239399677271,-0.00719132359662397
4.53333333333333,111.502848584459,112,-7.65446259186353,-11.2166560307001,0.291794187333389,0.918272829410294,1.42048034793493,-11.4654919058395,0.45319970795009,-0.00729366682121571
4.55,111.633557518847,112,-7.65446259186353,-10.7654222958154,0.291898639375955,0.918272829410294,1.42370211107403,-11.0113029750725,0.446323482035414,-0.00727946747127041
4.56666666666667,111.765705807571,112,-7.65446259186353,-10.3475420020277,0.292002268217011,0.918272829410294,1.42693925482064,-10.5637320975646,0.439500355477609,-0.00726330718146325
4.58333333333333,111.899186175936,113,-6.65446259186353,-9.96144276344082,0.289567096558078,0.918272829410294,1.43019043966195,-10.1329952283358,0.431287738326168,-0.00731466961596259
4.6,112.033894194663,113,-6.65446259186353,-9.50956570734161,0.283157328641232,0.918272829410294,1.43345436537883,-9.72596653398926,0.420852157406415,-0.00747037840029403
4.61666666666667,112.169728270155,113,-6.65446259186353,-9.09242219951174,0.28124465383874,0.918272829410294,1.43672977012534,-9.31012733422531,0.412984347822123,-0.00749495014895058
4.63333333333333,112.306589628708,114,-5.65446259186353,-8.70828623384377,0.279733279816232,0.918272829410294,1.44001542952783,-8.90008010913861,0.405389782656844,-0.00750509385282174
4.65,112.444382295791,114,-5.65446259186353,-8.25945598926933,0.276044165267686,0.918272829410294,1.44331015580305,-8.50604392820777,0.396605941715955,-0.00757185445205063
4.66666666666667,112.583013071254,114,-5.65446259186353,-7.84631009736577,0.277825403095777,0.918272829410294,1.44661279689504,-8.09802362120592,0.390967046170158,-0.00748401652575888
4.68333333333333,112.72239150113,115,-4.65446259186353,-7.46699957384053,0.280402041746423,0.918272829410294,1.44992223563037,-7.69250085207744,0.385854576297945,-0.00737500933559837
4.7,112.862429846549,115,-4.65446259186353,-7.02370891919679,0.280800991366033,0.918272829410294,1.45323738889129,-7.30107147667443,0.379582883443477,-0.0073269379190231
4.71666666666667,113.003043050185,115,-4.65446259186353,-6.61671193398517,0.28641484827296,0.918272829410294,1.45655720680657,-6.89472809436802,0.3763389981791,-0.00713545935517576
4.73333333333333,113.144148700569,116,-3.65446259186353,-6.24406320363806,0.292415388434983,0.918272829410294,1.45988067195959,-6.49064135827721,0.373413627312592,-0.00693782920123403
4.75,113.285666994543,116,-3.65446259186353,-5.80785875976417,0.295750316089455,0.918272829410294,1.46320679861331,-6.10086884950903,0.369071573174155,-0.00681781063446631
4.76666666666667,113.427520698097,116,-3.65446259186353,-5.40829146467522,0.303785431108837,0.918272829410294,1.46653463195183,-5.69669404241178,0.367479802163328,-0.00657122023607856
4.78333333333333,113.569635105775,117,-2.65446259186353,-5.04334207531745,0.311701615695948,0.918272829410294,1.46986324733823,-5.29545187741106,0.365929446330834,-0.00633447958802441
4.8,113.711937998849,117,-2.65446259186353,-4.61503949448553,0.316479137788334,0.918272829410294,1.47319174958829,-4.90927215141655,0.36269939855558,-0.00618990071591769
4.81666666666667,113.854359602408,118,-1.65446259186353,-4.22351575692902,0.325530559243212,0.918272829410294,1.47651927225983,-4.50944520776679,0.361979266548445,-0.00593150775165767
4.83333333333333,113.996832541505,118,-1.65446259186353,-3.77069543733678,0.334090947495483,0.918272829410294,1.47984497695726,-4.11326802832209,0.361087598357995,-0.00569378669019385
4.85,114.139291796509,118,-1.65446259186353,-3.3566074789903,0.348310677877771,0.918272829410294,1.48316805265124,-3.69596456026413,0.363514251907891,-0.00530787852324719
4.86666666666667,114.281674657782,119,-0.654462591863535,-2.97907624362789,0.362534086303745,0.918272829410294,1.48648771501286,-3.27779108755247,0.366079356213508,-0.00493390736679999
4.88333333333333,114.423920679804,119,-0.654462591863535,-2.53998171316143,0.37319049172268,0.918272829410294,1.48980320576231,-2.87300400864969,0.366747049872875,-0.00466922579829314
4.9,114.565971634851,120,0.345537408136465,-2.13931439494962,0.387353963274016,0.918272829410294,1.49311379203157,-2.45440487359793,0.369509201092281,-0.00431654241806767
4.91666666666667,114.707771466339,120,0.345537408136465,-1.67886462141619,0.400076530892488,0.918272829410294,1.4964187657409,-2.04032929090128,0.371572933415148,-0.00401445556721651
4.93333333333333,114.849266241943,120,0.345537408136465,-1.25853424632885,0.417436876649468,0.918272829410294,1.4997174429889,-1.606680505813,0.376379129728016,-0.00359501547292576
4.95,114.990404106567,120,0.345537408136465,-0.876027541540522,0.43378513178816,0.918272829410294,1.50300916345575,-1.17412415955611,0.380742981347686,-0.00321709290797587
4.96666666666667,115.131135235271,121,1.34553740813647,-0.529112497718889,0.445608167894754,0.918272829410294,1.50629328981945,-0.757126244599906,0.382653648651015,-0.00297540628410429
4.98333333333333,115.271411786239,121,1.34553740813647,-0.119623593176653,0.450956687485616,0.918272829410294,1.50956920718479,-0.365391562852254,0.380965823415455,-0.00291845902807586
5,115.411187853863,121,1.34553740813647,0.25248425849304,0.458115011931485,0.918272829410294,1.51283632252478,0.0318329093398589,0.38034136767142,-0.00281308112201934
5.01666666666667,115.550419422011,121,1.34553740813647,0.589446041155047,0.463022969996465,0.918272829410294,1.51609406413421,0.418966206969954,0.378483644105868,-0.00277208466045756
5.03333333333333,115.68906431757,121,1.34553740813647,0.893426469000731,0.463282490375705,0.918272829410294,1.51934188109524,0.785381556314322,0.37401222452473,-0.00285875498753673
5.05,115.827082164302,121,1.34553740813647,1.16651699040972,0.457696980140915,0.918272829410294,1.52257924275467,1.12423121479716,0.36621428251861,-0.00310120327106996
5.06666666666667,115.964434337093,121,1.34553740813647,1.41073347735503,0.445916587312589,0.918272829410294,1.52580563821266,1.43151642312744,0.354852220181401,-0.00350332050999507
5.08333333333333,116.101083916636,120,0.345537408136465,1.62801453719158,0.428167521752179,0.918272829410294,1.52902057582274,1.70535503977933,0.34001607742113,-0.00405304802023976
5.1,116.236995644601,120,0.345537408136465,1.72421911759819,0.405047800612569,0.918272829410294,1.53222358270274,1.94540815251655,0.322011451660616,-0.00472854007335683
5.11666666666667,116.372135879342,120,0.345537408136465,1.8031765694881,0.36826185955991,0.918272829410294,1.53541420425658,2.11559547870543,0.296093930087405,-0.00575191156125114
5.13333333333333,116.506472552174,120,0.345537408136465,1.8663735887619,0.322746847249124,0.918272829410294,1.53859200370658,2.22964055585467,0.264987574237473,-0.00697529619044738
5.15,116.639975124252,119,-0.654462591863535,1.91521270454232,0.272327520961987,0.918272829410294,1.54175656163612,2.29880998794254,0.230823723706308,-0.00828648660291788
5.16666666666667,116.7726145441,119,-0.654462591863535,1.8550132676438,0.219927142779823,0.918272829410294,1.54490747554243,2.33233532890666,0.195250872236404,-0.00960192614630182
5.18333333333333,116.904363205801,119,-0.654462591863535,1.78906454654624,0.158628265349003,0.918272829410294,1.54804435939929,2.30092603159255,0.154344151939841,-0.0111101782842801
5.2,117.035194907878,119,-0.654462591863535,1.71831537493929,0.094053751895946,0.918272829410294,1.5511668432295,2.22295150469581,0.111261108784039,-0.0126500195878105
5.21666666666667,117.165084812885,118,-1.65446259186353,1.64363504075548,0.0302192135858061,0.918272829410294,1.55427457268678,2.11268692962638,0.0682874912920244,-0.0141099573437377
5.23333333333333,117.294009407733,118,-1.65446259186353,1.4698163918007,-0.0301041503986468,0.918272829410294,1.5573672086471,1.98113630860458,0.0270298724352752,-0.0154165606515718
5.25,117.42194646475,118,-1.65446259186353,1.29963078567973,-0.0942130323374965,0.918272829410294,1.56044442680903,1.79986152743159,-0.0166114331396864,-0.0167744233987569
5.26666666666667,117.548875003499,118,-1.65446259186353,1.13351934758336,-0.157003881092168,0.918272829410294,1.56350591730311,1.58741209354158,-0.0597384822760537,-0.0180416573016317
5.28333333333333,117.674775253359,118,-1.65446259186353,0.971855244434007,-0.21505585160671,0.918272829410294,1.56655138430999,1.35776374341578,-0.100373899595792,-0.0191275171024056
5.3,117.799628616869,118,-1.65446259186353,0.814949238040271,-0.266220935840986,0.918272829410294,1.56958054568703,1.1212904043666,-0.137241737691738,-0.019979387573692
5.31666666666667,117.923417633848,118,-1.65446259186353,0.66305494123986,-0.30930070721345,0.918272829410294,1.57259313260345,0.885545893478946,-0.169593941480577,-0.0205725929632847
5.33333333333333,118.046125946285,118,-1.65446259186353,0.516373783493057,-0.343792831442402,0.918272829410294,1.57558888918361,0.655890620912224,-0.19707364122305,-0.0209024704028675
5.35,118.167738264004,118,-1.65446259186353,0.375059693113672,-0.369693599673871,0.918272829410294,1.57856757215835,0.435992281521576,-0.219608102319025,-0.0209782529188539
5.36666666666667,118.288240331104,118,-1.65446259186353,0.239223503935346,-0.38734529303797,0.918272829410294,1.58152895052428,0.228224321615791,-0.237325481196293,-0.02081839318551
5.38333333333333,118.407618893154,118,-1.65446259186353,0.108937094717104,-0.397319285868241,0.918272829410294,1.58447280521068,0.033981673309055,-0.250490623786049,-0.0204470292747788
5.4,118.525861665165,118,-1.65446259186353,-0.0157627299975756,-0.400327516431231,0.918272829410294,1.58739892875411,-0.146070295624018,-0.259456036469789,-0.0198913510633666
5.41666666666667,118.642957300311,118,-1.65446259186353,-0.134870608531039,-0.39715636454851,0.918272829410294,1.59030712498029,-0.311800590778583,-0.264624892480344,-0.0191796728803531
5.43333333333333,118.758895359398,118,-1.65446259186353,-0.248409230950503,-0.388618129272247,0.918272829410294,1.59319720869331,-0.463460539778557,-0.266423537382714,-0.0183400562633121
5.45,118.873666281081,118,-1.65446259186353,-0.356426178723914,-0.375516241879526,0.918272829410294,1.59606900537191,-0.601566240253755,-0.265281448572166,-0.0173993578672144
5.46666666666667,118.987261352805,118,-1.65446259186353,-0.45899098559436,-0.358621117259842,0.918272829410294,1.59892235087273,-0.726808492040868,-0.261617004899452,-0.0163826029047451
5.48333333333333,119.099672682474,118,-1.65446259186353,-0.556192410066949,-0.338654171251143,0.918272829410294,1.60175709114031,-0.839984531274178,-0.255827749480166,-0.0153126050367961
5.5,119.210893170826,118,-1.65446259186353,-0.648135909906643,-0.316278038260838,0.918272829410294,1.60457308192386,-0.941946975252321,-0.248284094652003,-0.014209770243579
5.51666666666667,119.320916484515,118,-1.65446259186353,-0.734941309096796,-0.292091433778735,0.918272829410294,1.60737018850045,-1.03356627892419,-0.239325633822493,-0.0130920356047237
5.53333333333333,119.429737029877,118,-1.65446259186353,-0.816740647800692,-0.266627437649359,0.918272829410294,1.61014828540464,-1.11570373160266,-0.229259399623781,-0.0119749046901511
5.55,119.537349927376,118,-1.65446259186353,-0.893676205997407,-0.240354240658774,0.918272829410294,1.61290725616432,-1.18919261515929,-0.218359548812803,-0.010871549897706
5.56666666666667,119.643750986711,118,-1.65446259186353,-0.965898691624052,-0.213677611002097,0.918272829410294,1.61564699304275,-1.25482562654994,-0.206868067873444,-0.00979295896759375
5.58333333333333,119.748936678847,117,-2.65446259186353,-1.03356558424486,-0.186944508322187,0.918272829410294,1.6183673967865,-1.31334705798409,-0.194996184358545,-0.00874810838538304
5.6,119.852904059723,117,-2.65446259186353,-1.19284089535656,-0.160447409292828,0.918272829410294,1.62106837637932,-1.36544854383917,-0.182926241823794,-0.00774415072349489
5.61666666666667,119.955650697677,117,-2.65446259186353,-1.34184311631231,-0.143542367346205,0.918272829410294,1.62374984880172,-1.44860609932694,-0.175995363444802,-0.00703583719236261
5.63333333333333,120.057174670115,117,-2.65446259186353,-1.48095687259384,-0.132416332321302,0.918272829410294,1.62641173879619,-1.55119108926811,-0.172117195099152,-0.0065085243996789
5.65,120.157474564983,117,-2.65446259186353,-1.61057356008585,-0.124357497081028,0.918272829410294,1.62905397863789,-1.66446950507638,-0.169800516550229,-0.00608173731882976
5.66666666666667,120.256549478505,117,-2.65446259186353,-1.73108868658377,-0.117493856935153,0.918272829410294,1.63167650791077,-1.78198370859589,-0.168010018877411,-0.00570082116691787
5.68333333333333,120.35439900992,116,-3.65446259186353,-1.84289948204863,-0.110586865834905,0.918272829410294,1.63427927328894,-1.89905564123298,-0.166056062579982,-0.00533039067576438
5.7,120.451023253848,116,-3.65446259186353,-2.04240403001571,-0.102869441995169,0.918272829410294,1.63686222832319,-2.01238890546334,-0.163507817702351,-0.00494922061482055
5.71666666666667,120.546422790799,116,-3.65446259186353,-2.22794868286864,-0.103032913574324,0.918272829410294,1.63942533323253,-2.15658982622594,-0.165306724121963,-0.00479551886163189
5.73333333333333,120.640598676225,116,-3.65446259186353,-2.40013927186427,-0.106891546911315,0.918272829410294,1.64196855470079,-2.31802564689072,-0.169132975738121,-0.00474670304433073
5.75,120.733552428455,115,-4.65446259186353,-2.55958138013644,-0.111572815740487,0.918272829410294,1.64449186567791,-2.48662234676448,-0.173380889329075,-0.00472046750360584
5.76666666666667,120.825301312674,115,-4.65446259186353,-2.8028786647698,-0.115194036328265,0.918272829410294,1.64699524518603,-2.65508649022275,-0.176986070884111,-0.00466452306692364
5.78333333333333,120.915898528847,115,-4.65446259186353,-3.02857956435823,-0.125721902209959,0.918272829410294,1.64947867813027,-2.85512078740546,-0.184470763709142,-0.0047978274244215
5.8,121.005393478434,115,-4.65446259186353,-3.23748789536479,-0.138536943757139,0.918272829410294,1.6519421551139,-3.07103762226007,-0.193256635308964,-0.00498720780442802
5.81666666666667,121.093825136034,114,-5.65446259186353,-3.43040259830361,-0.150545676503154,0.918272829410294,1.65438567225812,-3.2913616199942,-0.201598049215946,-0.0051459843715263
5.83333333333333,121.181224199903,114,-5.65446259186353,-3.70411561298405,-0.15979667408605,0.918272829410294,1.65680923102599,-3.5078963024683,-0.208376440403266,-0.00522183216347258
5.85,121.26761482823,114,-5.65446259186353,-3.95735821273236,-0.174293535958734,0.918272829410294,1.65921283805082,-3.75181684549179,-0.218120312321497,-0.00543658225227548
5.86666666666667,121.353016038577,113,-6.65446259186353,-4.19111129475385,-0.189523888463782,0.918272829410294,1.66159650496852,-4.00718692644538,-0.228298597656314,-0.00566176928133142
5.88333333333333,121.43744283365,113,-6.65446259186353,-4.50234615171743,-0.202544850712825,0.918272829410294,1.66396024825413,-4.26248561924163,-0.237239202145546,-0.00581645767994857
5.9,121.520907104935,113,-6.65446259186353,-4.78997020795743,-0.220692672128158,0.918272829410294,1.66630408906233,-4.54645387952548,-0.249093868348722,-0.00610375407756234
5.91666666666667,121.603418356227,112,-7.65446259186353,-5.05513679254187,-0.239030419674211,0.918272829410294,1.66862805307175,-4.84141395502324,-0.26108799886532,-0.00638378278078373
5.93333333333333,121.684984281273,112,-7.65446259186353,-5.3949854680559,-0.254369818629562,0.918272829410294,1.67093217033323,-5.13463853695706,-0.271405001662851,-0.00656951343926624
5.95,121.765611223429,112,-7.65446259186353,-5.70858739257422,-0.27393143097549,0.918272829410294,1.67321647512167,-5.45407169613584,-0.284124454177679,-0.00686173219566339
5.96666666666667,121.845304539983,112,-7.65446259186353,-5.99725478145691,-0.292754187686046,0.918272829410294,1.67548100579161,-5.78154879537342,-0.296451227960399,-0.00712083904569925
5.98333333333333,121.924068889628,112,-7.65446259186353,-6.26227971262671,-0.307688059207594,0.918272829410294,1.67772580463635,-6.1040871696842,-0.306583920115934,-0.00726178447661928
6,122.001908458045,112,-7.65446259186353,-6.50492996826468,-0.316918889953858,0.918272829410294,1.67995091775058,-6.41270699554814,-0.313459428526731,-0.00723914684471628
6.01666666666667,122.078971734945,112,-7.65446259186353,-6.72644544780962,-0.321146384032179,0.918272829410294,1.68215639489636,-6.70149209024788,-0.31655340267083,-0.00703561632539606
6.03333333333333,122.15669038451,112,-7.65446259186353,-6.928035107788,-0.318656575934625,0.918272829410294,1.68434228937252,-6.96684630692091,-0.315725768307205,-0.00665320695252188
6.05,122.236327192872,112,-7.65446259186353,-7.11087438624621,-0.309746691741871,0.918272829410294,1.68650865788729,-7.20690627482338,-0.311101807315867,-0.00610660087494867
6.06666666666667,122.318322729864,112,-7.65446259186353,-7.27610307176691,-0.295013033484144,0.918272829410294,1.68865556043409,-7.42108131768564,-0.30298179731758,-0.00541819057765291
6.08333333333333,122.404404859814,113,-6.65446259186353,-7.42482357921624,-0.275227895567782,0.918272829410294,1.6907830601705,-7.60969406823119,-0.291772882391047,-0.00461442716491234
6.1,122.496962831234,113,-6.65446259186353,-7.46209832660806,-0.251249493813449,0.918272829410294,1.69289122330028,-7.77370286570737,-0.277938726232494,-0.00372320253688161
6.11666666666667,122.598632097683,113,-6.65446259186353,-7.49099939989262,-0.21484391625395,0.918272829410294,1.69498011895831,-7.87765004173381,-0.256781395986564,-0.00252278773829474
6.13333333333333,122.712183418039,114,-5.65446259186353,-7.51229494698081,-0.170877584503417,0.918272829410294,1.69704981909855,-7.93538952299423,-0.230995996497697,-0.00115778731930509
6.15,122.840488770271,114,-5.65446259186353,-7.43070571771765,-0.123021653962936,0.918272829410294,1.6991003983848,-7.9579680129901,-0.202636697488449,0.000265014871004379
6.16666666666667,122.986659248338,115,-4.65446259186353,-7.34895721145008,-0.0648860264019126,0.918272829410294,1.70113193408425,-7.91731780106429,-0.168065311592473,0.00191780147535876
6.18333333333333,123.155154161145,115,-4.65446259186353,-7.17146703826588,-0.00245734963830244,0.918272829410294,1.70314450596379,-7.83258151305566,-0.130637576529987,0.00362801633369747
6.2,123.357529857635,115,-4.65446259186353,-7.00065541669063,0.069117858426212,0.918272829410294,1.70513819618899,-7.68163194738625,-0.0875910842683549,0.00552573134133934
6.21666666666667,123.626915194982,116,-3.65446259186353,-6.83663553712488,0.142899071106783,0.918272829410294,1.70711308922569,-7.4878729393542,-0.0428366504542671,0.00741374260467495
6.23333333333333,124.014094062169,116,-3.65446259186353,-6.58347365498263,0.214101756914614,0.918272829410294,1.70906927174411,-7.26897851445585,0.000889661231052906,0.00916088982395938
6.25,124.552437831959,116,-3.65446259186353,-6.34324440296328,0.288694767561254,0.918272829410294,1.71100683252552,-7.00126894090247,0.0469327331132601,0.0109348521051503
6.26666666666667,125.249351667631,117,-2.65446259186353,-6.1157222250863,0.360755113544599,0.918272829410294,1.71292586237133,-6.70657745181138,0.0919194787105294,0.0125720634273513
6.28333333333333,126.09435244084,117,-2.65446259186353,-5.80464239046917,0.426413204847888,0.918272829410294,1.71482645401453,-6.40103636543939,0.133602844381236,0.0139710325968706
6.3,127.070634909435,118,-1.65446259186353,-5.51175708805707,0.492450036668418,0.918272829410294,1.71670870203349,-6.05948552901843,0.175766648948174,0.0153252659252606
6.31666666666667,128.156690107311,119,-0.654462591863535,-5.14052624623143,0.553654866955108,0.918272829410294,1.71857270276809,-5.70236049670474,0.215427143257883,0.0164933907648889
6.33333333333333,129.326792215583,119,-0.654462591863535,-4.69642976634458,0.615888919057415,0.918272829410294,1.72041855423802,-5.30765291526043,0.255860329429295,0.0176419687541758
6.35,130.55326879743,120,0.345537408136465,-4.28071115437826,0.682451447669802,0.918272829410294,1.72224635606325,-4.86121505890451,0.29892889065855,0.0188615252576071
6.36666666666667,131.809983162844,121,1.34553740813647,-3.79632692041561,0.745710314947093,0.918272829410294,1.7240562093867,-4.39165214227267,0.34030330190463,0.0199403609334953
6.38333333333333,133.07523937344,121,1.34553740813647,-3.24826071288323,0.80090975466654,1.71918258407683,1.72767188918136,-3.88463476946837,0.373828675510167,0.0209997565671813
6.4,134.332954579398,122,2.34553740813647,-2.70940156281582,0.803173160716117,1.72144599012641,1.74289617580018,-3.36004314608247,0.355848052352658,0.0221481075191545
6.41666666666667,135.572335679472,123,3.34553740813647,-2.05761265465318,0.8083822012549,1.72665503066519,1.75815997101285,-2.84394508379297,0.340009890513533,0.0233582623173734
6.43333333333333,136.786856924616,124,4.34553740813647,-1.30325141003823,0.827323141242564,1.74559597065286,1.77360739503238,-2.2882520991591,0.332181958971565,0.0249426492652772
6.45,137.973134550576,125,5.34553740813647,-0.455473705309949,0.864720611457604,1.7829934408679,1.78950859742,-1.66276828290006,0.334634914955231,0.0270539306960869
6.46666666666667,139.129961639633,126,6.34553740813647,0.478217992880173,0.921421474248637,1.83969430365893,1.80617773455446,-0.950628254267742,0.347397816036267,0.0297394856879515
6.48333333333333,140.257565071482,128,8.34553740813647,1.49202466464594,0.996038245493377,1.91431107490367,1.82392271528173,-0.144272789359297,0.369259504316177,0.0329833745819502
6.5,141.3570639752,129,9.34553740813647,2.6776763650234,1.08610736147885,2.00438019088914,1.84301814206262,0.757818798989599,0.398460750691373,0.0367366185973674
6.51666666666667,142.430087551659,130,10.3455374081365,3.93010276030468,1.19757299897535,2.11584582838564,1.86377327790955,1.7903304520006,0.437950206965944,0.0411869243127424
6.53333333333333,143.478511539792,131,11.3455374081365,5.24774672545245,1.32329131347054,2.24156414288083,1.88647796070946,2.93672446604451,0.483325284204467,0.046155033068931
6.55,144.504280361205,133,13.3455374081365,6.63013601854361,1.45802380130828,2.37629663071857,1.91131898122531,4.18283622720639,0.531416944100606,0.0515065858115881
6.56666666666667,145.509290221759,134,14.3455374081365,8.17333958467482,1.5981700181049,2.51644284751519,1.93840962656822,5.51732307114539,0.580091995601347,0.0571470972716727
6.58333333333333,146.495315136434,135,15.3455374081365,9.7755513881612,1.75015788233053,2.66843071174083,1.96789333197181,6.96830548076689,0.632839044158197,0.0632639480655373
6.6,147.463963108791,137,17.3455374081365,11.4374822773119,1.90816204019704,2.82643486960733,1.99990970989444,8.5168570027679,0.686236864215683,0.0697023387635764
6.61666666666667,148.416653390631,138,18.3455374081365,13.2560926846329,2.06857031743937,2.98684314684966,2.03452019316449,10.1489564936164,0.738229259549768,0.0763631251046891
6.63333333333333,149.354608035855,140,20.3455374081365,15.1301830665085,2.23811669928283,3.15638952869313,2.07181901961111,11.8914715101161,0.792555091544911,0.0834381942720119
6.65,150.278852949997,141,21.3455374081365,17.15682527779,2.41142208630534,3.32969491571564,2.11190299579203,13.7251257011786,0.84611119522584,0.0907817409273358
6.66666666666667,151.190225278659,142,22.3455374081365,19.2350944873954,2.59407188180962,3.51234471121991,2.15487766369621,15.6727864334461,0.901974472671701,0.0985543536383684
6.68333333333333,152.089384727494,143,23.3455374081365,21.3663791047283,2.78001015149479,3.69828298090509,2.20083611569903,17.7123082526275,0.956668055635329,0.106590931371283
6.7,152.976827015358,145,25.3455374081365,23.5520938501543,2.96575804538912,3.88403087479941,2.249792672229,19.8279003665858,1.00828431547675,0.11479222256401
6.71666666666667,153.85289834103,146,26.3455374081365,25.889340699797,3.14964436478609,4.06791719419639,2.30171918256173,22.0089023789044,1.0559951903315,0.123106253617624
6.73333333333333,154.717809931006,147,27.3455374081365,28.2767084474831,3.33990099389837,4.25817382330867,2.35664887654851,24.2852482425226,1.104472832908,0.131762049311122
6.75,155.571652175238,148,28.3455374081365,30.7148614941434,3.53223394607,4.4505067754803,2.41463897496415,26.6401859556297,1.15128114394221,0.140641157696534
6.76666666666667,156.414408109878,149,29.3455374081365,33.2044351488622,3.72424034970807,4.64251317911836,2.475691322583,29.061771149211,1.19513114358989,0.149673672330971
6.78333333333333,157.245965886206,149,29.3455374081365,35.7458035368846,3.91482668663275,4.83309951604304,2.53977887534307,31.5418914866661,1.23551230781899,0.158824109352576
6.8,158.06613008404,150,30.3455374081365,38.2429837170995,4.10373975023275,5.02201257964304,2.60686344667677,34.0752941656498,1.27240120911647,0.168079717572944
6.81666666666667,158.874631878533,151,31.3455374081365,40.7976783090746,4.28248863138557,5.20076146079586,2.67682743824082,36.6220032313371,1.30123308716051,0.177192135855396
6.83333333333333,159.671138173342,151,31.3455374081365,43.4086996477341,4.45604422626002,5.37431705567031,2.74953261254888,39.1927676954952,1.32506730347045,0.186287166208436
6.85,160.455259829566,152,32.3455374081365,45.9781789214158,4.62791538302927,5.54618821243956,2.82491061272707,41.7961038080294,1.34603016915107,0.195455444567959
6.86666666666667,161.226558959499,152,32.3455374081365,48.6059939495218,4.7916794372102,5.70995226662049,2.90286155870417,44.4014532480946,1.36068098799475,0.204508415159921
6.88333333333333,161.984555388164,153,33.3455374081365,51.1933964843293,4.95320992294056,5.87148275235085,2.98328916596459,47.0255371748547,1.37251159597083,0.213600959402821
6.9,162.728732299552,153,33.3455374081365,53.839355050351,5.10745160171304,6.02572443112333,3.0660963356335,49.6435672331728,1.37883890691442,0.222583316274352
6.91666666666667,163.458541265676,154,34.3455374081365,56.4443193300731,5.26094199741107,6.17921482682136,3.15120619210799,52.2760560859633,1.38349179356349,0.231630785001474
6.93333333333333,164.173406675123,154,34.3455374081365,59.1066256908667,5.4088283164562,6.3271011458665,3.23854805155259,54.9005056910625,1.38385465672478,0.240601634567546
6.95,164.872729515444,155,35.3455374081365,61.7262762196074,5.55757462617506,6.47584745558536,3.32807238808612,57.5386517220174,1.38366807580776,0.249671513192523
6.96666666666667,165.555890727836,155,35.3455374081365,64.4013308352939,5.70211225612028,6.62038508553057,3.4197333746855,60.1685121199577,1.38015265445427,0.258694820942485
6.98333333333333,166.222254230403,156,36.3455374081365,67.031659027916,5.87315739555622,5.02948300629965,3.50853444559476,62.8136504283071,1.40010665946016,0.267841252066595
7,166.871169810917,156,36.3455374081365,69.6548477399704,6.15494490625673,5.22673426379001,3.57576024108404,65.5243963552039,1.52593392411676,0.276857095766733
7.01666666666667,167.501978472777,157,37.3455374081365,72.1194794537493,6.41745056217544,5.4104882229331,3.6458281413354,68.2994067079529,1.63758840274701,0.285472212185686
7.03333333333333,168.114022257994,158,38.3455374081365,74.5398982070115,6.64135633432791,5.56722226343983,3.71838177876496,71.0423217570779,1.72467544735592,0.293127521332039
7.05,168.706652074322,158,38.3455374081365,76.9256880231217,6.82764011057366,5.69762090681185,3.79296605247461,73.7293686077533,1.78837243286152,0.299825449714487
7.06666666666667,169.279232128987,159,39.3455374081365,79.1877091672029,6.98025474808647,5.80445115307082,3.86915595362599,76.3504649733798,1.83148439796509,0.305653420206318
7.08333333333333,169.831142240135,160,40.3455374081365,81.4325309758131,7.09925687519421,5.81827282941029,3.94578800651436,78.8685416534634,1.855992366746,0.310488763580932
7.1,170.361778907713,161,41.3455374081365,83.6600307098345,7.1963753645757,5.81827282941029,4.02204927063639,81.3033825133497,1.8697919168111,0.3145780345644
7.11666666666667,170.870555929157,161,41.3455374081365,85.8664860218754,7.27754358781909,5.81827282941029,4.09792335975775,83.6714412205038,1.87605072076731,0.318107693646834
7.13333333333333,171.356905119835,162,42.3455374081365,87.9522031585788,7.34681036674798,5.81827282941029,4.17340285876608,85.9840067331354,1.87690108185768,0.321207324399653
7.15,171.820277157009,163,43.3455374081365,90.0160606193628,7.39774197059744,5.81827282941029,4.2484806935298,88.2115388672521,1.86855192236266,0.323715333804045
7.16666666666667,172.260142438156,164,44.3455374081365,92.0551550041984,7.43607293463037,5.81827282941029,4.32315012181062,90.370679089679,1.85409282733176,0.325808912290196
7.18333333333333,172.675991892442,164,44.3455374081365,94.0670201197195,7.46574815212487,5.81827282941029,4.39740472438062,92.4731121056642,1.83564469970494,0.327610092185765
7.2,173.067337715968,165,45.3455374081365,95.9535903048147,7.48941472240481,5.81827282941029,4.47123839633995,94.5268384864917,1.81462425095161,0.329201135869482
7.21666666666667,173.433714018586,166,46.3455374081365,97.8152175811187,7.56580976829002,4.06827282941029,4.53123989819163,96.512576635979,1.84940819943388,0.330382295773267
7.23333333333333,173.774677493957,166,46.3455374081365,99.5894371421705,7.70652430334243,4.06827282941029,4.57505170235407,98.5255717550645,1.95015648904272,0.331130318885969
7.25,174.089810753376,167,47.3455374081365,101.125359665648,7.82147069973834,4.06827282941029,4.61843709076525,100.527704120653,2.035848856225,0.331116848814068
7.26666666666667,174.378730602924,167,47.3455374081365,102.537341600373,7.88884470848205,4.06827282941029,4.66139839948537,102.419350753136,2.09389071686655,0.329772915383426
7.28333333333333,174.641094657897,168,48.3455374081365,103.740775406339,7.90704693897623,4.06827282941029,4.70393800050151,104.172698018893,2.12303701512682,0.32710299719076
7.3,174.876604527251,168,48.3455374081365,104.848417451362,7.86913922033434,4.06827282941029,4.74605829995525,105.737146545868,2.11901772188479,0.322965872330021
7.31666666666667,175.08500683629,169,49.3455374081365,105.774095749994,7.78370789806679,4.06827282941029,4.78776173641825,107.121311418287,2.08636313808516,0.317650464697634
7.33333333333333,175.266092925478,169,49.3455374081365,106.629041671958,7.65046798084291,4.06827282941029,4.82905077921463,108.301176677745,2.02464283250329,0.311193128347476
7.35,175.419697739817,170,50.3455374081365,107.325600884769,7.48202792678346,4.06827282941029,4.86992792678911,109.304296960986,1.94077454468634,0.303981921404291
7.36666666666667,175.545698233265,170,50.3455374081365,107.973567708163,7.28019761480505,4.06827282941029,4.91039570511988,110.119708287913,1.83564225744034,0.296095919379122
7.38333333333333,175.644011497855,170,50.3455374081365,108.483898192618,7.05829884817927,4.06827282941029,4.95045666617522,110.783525269802,1.7167004473867,0.287926423180892
7.4,175.714592754756,171,51.3455374081365,108.869044874655,6.82024539805928,3.98738325853697,4.98963607875922,111.290452399182,1.58704920610564,0.279528924446434
7.41666666666667,175.757433309648,171,51.3455374081365,109.23390856276,6.57547287878212,3.87723562486225,5.02665211861915,111.646960548761,1.45442213241402,0.270997278450047
7.43333333333333,175.772558600047,171,51.3455374081365,109.481128653525,6.33659350442791,3.76973990640285,5.06144869200926,111.900792174996,1.3260666164505,0.262673236169465
7.45,175.760026624123,172,52.3455374081365,109.614726988291,6.10205214697625,3.66419629554961,5.09406767590114,112.049623296674,1.20108018282239,0.254511945435022
7.46666666666667,175.719926934236,172,52.3455374081365,109.735007341072,5.87092869592081,3.56019074257466,5.12454224159155,112.092845072962,1.07892688747922,0.24648629209956
7.48333333333333,175.652380141015,172,52.3455374081365,109.74441448566,5.65172161444936,3.46154755591251,5.15293719399165,112.06809121948,0.96436060338433,0.238831939170712
7.5,175.557537590809,172,52.3455374081365,109.647923067811,5.44010083784374,3.36631820643998,5.17932986508374,111.964962276846,0.854879562505727,0.231426885352507
7.51666666666667,175.435581075813,172,52.3455374081365,109.450791512607,5.24693299714567,1.96765942883943,5.20100813091879,111.777687240591,0.761816815180995,0.224192472379111
7.53333333333333,175.286722643148,172,52.3455374081365,109.112967333314,5.14597380542407,1.94746759049511,5.20238489673233,111.554658505913,0.755963455483001,0.217014311953648
7.55,175.111206429973,172,52.3455374081365,108.602320059795,5.02864173947969,1.92400117730623,5.20303844064978,111.280531368148,0.738670290541685,0.209549019605006
7.56666666666667,174.909314075722,172,52.3455374081365,107.938626970626,4.88388808202885,1.89505044581606,5.20290533293901,110.89947797437,0.703760150842549,0.201496609307086
7.58333333333333,174.681368510986,172,52.3455374081365,107.139963503077,4.70788354405276,1.85984953822085,5.20189792536009,110.379677221462,0.649129129037068,0.192762114298405
7.6,174.427735042153,172,52.3455374081365,106.222696350258,4.4981065770372,1.81789414481773,5.20061973880628,109.706747655846,0.572097439027583,0.183383080025323
7.61666666666667,174.148820738289,172,52.3455374081365,105.201544746018,4.25241697357382,1.76875622412506,5.20024696479825,108.869542486715,0.469212608858062,0.173487204754122
7.63333333333333,173.845072973168,172,52.3455374081365,104.089654882147,3.96207661676567,1.71068815276343,5.20377031786083,107.876531166648,0.329839208680161,0.163259205038299
7.65,173.516977567072,172,52.3455374081365,102.898630688738,3.6959161131977,2.58143508034926,5.19870795344863,106.733589685925,0.216585067298574,0.152914438896955
7.66666666666667,173.165056678201,172,52.3455374081365,101.671212138454,3.38636802539895,1.59554643449008,5.20007257515493,105.452636199424,0.0629616529972811,0.142637971598332
7.68333333333333,172.789865235674,172,52.3455374081365,100.413199727756,3.09126554826713,2.3093423261305,5.19814256568016,104.085831978394,-0.0799733805186545,0.13269234611943
7.7,172.391986158525,172,52.3455374081365,99.1248328476405,2.80385973609228,2.18000971065182,5.19560569225661,102.62992160798,-0.220738207784861,0.123254671709583
7.71666666666667,171.972028091678,172,52.3455374081365,97.8359292763182,2.51144878902805,2.04842478447292,5.19613228640579,101.121133679112,-0.373340158557529,0.114450935576896
7.73333333333333,171.530622202087,172,52.3455374081365,96.5438267987361,2.24681423146884,1.92933923357127,5.19431882362255,99.5753701287188,-0.508695203587885,0.106431386505104
7.75,171.0684194589,172,52.3455374081365,95.246525264052,2.00867754429897,1.5962015006112,5.19111463542979,98.0186317028237,-0.629095306848467,0.0992596412861968
7.76666666666667,170.586089433005,172,52.3455374081365,93.935252017304,1.82111980091959,1.53290076222065,5.18178684552623,96.4735064155251,-0.711789359748328,0.0929215635482505
7.78333333333333,170.084320335144,172,52.3455374081365,92.6042413231283,1.65715538142891,1.47756277064255,5.17124989739598,94.9513932511638,-0.781174849717547,0.0873072824993976
7.8,169.563820181834,172,52.3455374081365,91.2580616632721,1.51238269019485,1.42870198735105,5.15963369399697,93.4465759757801,-0.83978271030983,0.0822870928654065
7.81666666666667,169.025317867136,172,52.3455374081365,89.9013602917901,1.38344461969241,1.38518538855648,5.14704638300471,91.9552538784278,-0.889543533735326,0.0777615482121154
7.83333333333333,168.469563857294,172,52.3455374081365,88.5387410382076,1.26783664720392,1.34616769784162,5.13357965373117,90.4753182506701,-0.931898739832166,0.0736558489031242
7.85,167.897330735907,173,53.3455374081365,87.1746778105876,1.1637280808831,1.31103105670834,5.1193129939512,89.0060786992786,-0.96790378015107,0.0699146492635634
7.86666666666667,167.309413751929,173,53.3455374081365,85.9094572737329,1.06980425768839,1.27933176638012,5.10431700338247,87.5479785977335,-0.998319012287753,0.0664974956987661
7.88333333333333,166.706631465204,173,53.3455374081365,84.6450907970501,0.994112620545934,1.25378583884455,5.08868311921965,86.1391237466159,-1.01863171199034,0.0636242435234102
7.9,166.089826483533,173,53.3455374081365,83.3857111140831,0.93180651519356,1.23275752828812,5.07250904478784,84.7690588281833,-1.03161609315696,0.0611550525044217
7.91666666666667,165.459866599422,173,53.3455374081365,82.1353473130013,0.879497219698618,1.21510314105858,5.05586934156392,83.4307000267001,-1.03921094814871,0.0589918550339365
7.93333333333333,164.817650396367,173,53.3455374081365,80.8978199360855,0.834900455102398,1.20005173300735,5.03882258663041,82.1196714532917,-1.0427231863005,0.0570681601670331
7.95,164.164106110675,173,53.3455374081365,79.6766784944528,0.79654201479222,1.18710575940267,5.02141671522342,80.8336928194011,-1.04299700934009,0.0553405940193439
7.96666666666667,163.50018890807,173,53.3455374081365,78.4751695115063,0.763520558462419,1.17596101789136,5.00369287520194,79.572042488242,-1.04054999499446,0.053782105327209
7.98333333333333,162.826882898583,172,52.3455374081365,77.2962257119853,0.735322275959527,1.16644409754663,4.98568809952022,78.3351052044402,-1.03567923937258,0.0523766732505859
8,162.145203448181,172,52.3455374081365,76.046467896027,0.711680474905332,1.15846498969084,4.96743706817992,77.1240041145832,-1.0285416253963,0.0511153104165359
8.01666666666667,161.456199681649,171,51.3455374081365,74.8302673740697,0.683492949461883,1.14895169985368,4.94894596249203,75.9035114945007,-1.02426731623814,0.0497438778264568
8.03333333333333,160.76095716253,171,51.3455374081365,73.5533428751188,0.654896292886303,1.13930032825942,4.93020944697835,74.6878083268009,-1.02050372760709,0.0483779003797008
8.05,160.060600381851,170,50.3455374081365,72.3190444342566,0.619798763718268,1.12745491216521,4.91121437412785,73.4513810438843,-1.02066990773606,0.0468479826026788
8.06666666666667,159.356294672731,170,50.3455374081365,71.0320550295979,0.584283522106989,1.1154685181214,4.89194989271301,72.2153783157839,-1.02131094615322,0.0453241171634568
8.08333333333333,158.649247047437,169,49.3455374081365,69.7947391336924,0.543417968677516,1.10167639383896,4.87240597606674,70.9590679451718,-1.02519332357177,0.0436690487193852
8.1,157.940705228141,168,48.3455374081365,68.5108800729722,0.503881719193435,1.08833290963808,4.85257975807629,69.7066911457862,-1.0285302699605,0.0420690207566204
8.11666666666667,157.231953756832,167,47.3455374081365,67.186042927118,0.460953094960205,1.07384449895936,4.83247141439197,68.4393431908722,-1.03397555534964,0.0403921976226483
8.13333333333333,156.524305390218,166,46.3455374081365,65.8253648947277,0.412292907579246,1.05742168571829,4.81206149815795,67.1453769292126,-1.04282606142317,0.0385740028454189
8.15,155.819085735035,165,45.3455374081365,64.4334939736832,0.357178403165218,1.03882054047855,4.7913220983922,65.8185421838406,-1.05546078733278,0.0365952596105401
8.16666666666667,155.117608833314,164,44.3455374081365,63.0145835042956,0.295920540211129,1.01814601173155,4.77022422456348,64.4564635898199,-1.07167422549324,0.034465619295359
8.18333333333333,154.421141246321,163,43.3455374081365,61.5723207445738,0.229434608340681,0.995707009725273,4.74874236109454,63.0594330950933,-1.09092155354661,0.0322113960495277
8.2,153.730853261944,162,42.3455374081365,60.1099737934407,0.158934948716913,0.971913374602252,4.72685696900863,61.6294801240448,-1.11249257796812,0.0298669549657373
8.21666666666667,153.047758016051,161,41.3455374081365,58.6304460396973,0.0857270927780266,0.947205723222877,4.70455555492495,60.1696770162555,-1.13562983924351,0.0274688805135199
8.23333333333333,152.372642595906,160,40.3455374081365,57.1363310465598,0.0109695191602033,0.921975042126862,4.68185394220141,58.6836191255191,-1.15970325874713,0.0250522555053841
8.25,151.705999597885,159,39.3455374081365,55.6299623305543,-0.0617668056346639,0.85650602377563,4.65825972090137,57.1757682619253,-1.18175442954852,0.0226480597376466
8.26666666666667,151.047971130728,158,38.3455374081365,54.1120618227437,-0.130315182194638,0.787957647215655,4.63350468485312,55.6522045686501,-1.20005288005845,0.020277140911416
8.28333333333333,150.398318239517,157,37.3455374081365,52.5818306663106,-0.194681962128047,0.723590867282247,4.60765491297833,54.1174414123384,-1.21472662626631,0.0179451707731017
8.3,149.756425126247,156,36.3455374081365,51.0386563835178,-0.25539375990762,0.662879069502673,4.58078234321434,52.5738203853037,-1.22620686543864,0.0156442661005092
8.31666666666667,149.121340247839,155,35.3455374081365,49.4823284571647,-0.313196215701737,0.605076613708557,4.5529481280609,51.0222226048966,-1.23502927059499,0.01335946028585
8.33333333333333,148.491848003555,154,34.3455374081365,47.9129515171183,-0.36887079708109,0.549402032329204,4.5242006070105,49.4627019159388,-1.24172818896661,0.0110736820771093
8.35,147.866558441153,153,33.3455374081365,46.3308575917511,-0.423130334782335,0.495142494627959,4.49457564328469,47.894923253196,-1.24677874966252,0.0087707204226727
8.36666666666667,147.244000787003,152,32.3455374081365,44.7365279284624,-0.476569737249983,0.441703092160311,4.46409821644803,46.3184438087244,-1.25057189492445,0.00643674422622894
8.38333333333333,146.622708915881,151,31.3455374081365,43.1305290554952,-0.529652628544928,0.388620200865365,4.43278451875665,44.7328757025487,-1.25341033530524,0.00406085492356663
8.4,146.001291236413,150,30.3455374081365,41.5134640209581,-0.582719222812334,0.335553606597959,4.40064408488521,43.1379649926665,-1.25551644426395,0.00163504508475815
8.41666666666667,145.378481989701,149,29.3455374081365,39.8859375872021,-0.636004940360073,0.282267889050221,4.36768169325401,41.5336157437419,-1.25704579289704,-0.000846164027572547
8.43333333333333,144.75317441555,149,29.3455374081365,38.2485331146412,-0.689662774575293,0.228610054835001,4.33389892165548,39.9198812222105,-1.25810222162497,-0.00338621934723738
8.45,144.124438280422,148,28.3455374081365,36.6977998257827,-0.743785143700344,0.17448768570995,4.29929533260964,38.2969381035382,-1.25875202140063,-0.00598704952431545
8.46666666666667,143.491525092086,147,27.3455374081365,35.1321947736271,-0.789698314277076,0.128574515133218,4.26394850844238,36.7017781269884,-1.25422309257537,-0.00840019914794944
8.48333333333333,142.853864407091,146,26.3455374081365,33.5526965023235,-0.831926617728327,0.0863462116819668,4.22796176812498,35.1220303537589,-1.24722911272667,-0.0107434947729466
8.5,142.211054149895,145,25.3455374081365,31.9606576115678,-0.873443824209653,0.0448290052006403,4.19137650282951,33.5483618604385,-1.2395150857974,-0.0130963995051607
8.51666666666667,141.56284707092,144,24.3455374081365,30.3574974923622,-0.916034334549503,0.00223849486079075,4.15419492803737,31.9741976544063,-1.23209651045757,-0.0155082505391349
8.53333333333333,140.90913524705,143,23.3455374081365,28.7445231469903,-0.960627885867822,0,4.11639702193803,30.3952477787523,-1.22547426844934,-0.0180062409212675
8.55,140.249933956226,143,23.3455374081365,27.1228409128911,-1.00807130339497,0,4.07805156328531,28.8088691381985,-1.22027522037866,-0.0206023286933323
8.56666666666667,139.58536579743,142,22.3455374081365,25.5895933188215,-1.06126196750309,0,4.03972344312523,27.2123325245013,-1.21921505386533,-0.0232965840393983
8.58333333333333,138.915645233686,141,21.3455374081365,24.0453371407107,-1.11129495298851,0,4.00152499999137,25.6397666965398,-1.21743703297429,-0.0258267127773906
8.6,138.241064247079,140,20.3455374081365,22.493995753009,-1.16134734312656,0,3.96346205965629,24.0783929058066,-1.21668734440057,-0.0282846115324836
8.61666666666667,137.561979096215,139,19.3455374081365,20.9391009111341,-1.21303925229504,0,3.92554022561427,22.5204076988519,-1.21785126883548,-0.0307163236351078
8.63333333333333,136.878798384621,138,18.3455374081365,19.3838179668793,-1.26692865643033,0,3.88776488474593,20.9616306078606,-1.22122231174139,-0.0331372014322305
8.65,136.19197243247,138,18.3455374081365,17.830970143076,-1.32288089826261,0,3.85014121285788,19.4004590211933,-1.22670422515525,-0.0355431077258204
8.66666666666667,135.501983905132,137,17.3455374081365,16.3790631203916,-1.38034057217478,0,3.81267418009984,17.8370672878938,-1.2339605670462,-0.0379185522591641
8.68333333333333,134.809339619105,136,16.3455374081365,14.9282567053366,-1.4294145391093,0,3.7753685562617,16.3096378386981,-1.2373420031066,-0.0399932440261553
8.7,134.114563428938,135,15.3455374081365,13.4806991019473,-1.47324786581663,0,3.73822891595315,14.8080166746232,-1.23854425685392,-0.0418632662951659
8.71666666666667,133.418190092282,134,14.3455374081365,12.0382890715401,-1.51385264202524,0,3.70125964366813,13.3253751923152,-1.23864522624311,-0.0435903404735486
8.73333333333333,132.720760010439,134,14.3455374081365,10.6026937169394,-1.55243530830056,0,3.66446493873659,11.8573465126608,-1.23828174858399,-0.0452119896232853
8.75,132.022814745999,133,13.3455374081365,9.27136674161432,-1.5896440960902,0,3.62784882016576,10.4013545350244,-1.2377837488867,-0.046749160872798
8.76666666666667,131.324893225816,132,12.3455374081365,7.94351396619163,-1.61664059220716,0,3.59141513137334,8.99293524036921,-1.23209342200086,-0.0479626392984527
8.78333333333333,130.627528545288,131,11.3455374081365,6.62042163587757,-1.63747354101442,0,3.55516754481477,7.61945193841279,-1.22342035990707,-0.0489743460644372
8.8,129.931245298046,131,11.3455374081365,5.30321281213736,-1.65491200069414,0,3.51910956650668,6.27179383238946,-1.213279596196,-0.0498668999252182
8.81666666666667,129.236557363243,130,10.3455374081365,4.08886086191887,-1.67078132003986,0,3.48324454044891,4.9435319064709,-1.20267186100996,-0.0506941872885122
8.83333333333333,128.543966090228,129,9.34553740813647,2.8761504097499,-1.67710855131162,0,3.44757565294694,3.66709359746312,-1.18704136788957,-0.0512402205020499
8.85,127.853958827583,128,8.34553740813647,1.66600128633006,-1.67855767614332,0,3.41210593683693,2.42735404903469,-1.16896318336531,-0.0516424562695
8.86666666666667,127.167007749889,128,8.34553740813647,0.459220766031031,-1.67831369327401,0,3.37683827561536,1.21322997663771,-1.15020812590513,-0.0519930206635748
8.88333333333333,126.483568941503,127,7.34553740813647,-0.647486895243668,-1.67846068213969,0,3.34177540747527,0.0167472789681817,-1.13194532011055,-0.052350643216453
8.9,125.804081701755,126,6.34553740813647,-1.75556325914417,-1.67116186092189,0,3.30691992925102,-1.13085860080477,-1.10971843813147,-0.0525006283939284
8.91666666666667,125.128968040606,125,5.34553740813647,-2.86427531061433,-1.66112320932473,0,3.27227430027341,-2.24561387010446,-1.08614828476518,-0.0525790776066454
8.93333333333333,124.458632337822,125,5.34553740813647,-3.97296658180804,-1.65150071836956,0,3.23784084613722,-3.33926490958259,-1.06301018843041,-0.0526748431509808
8.95,123.793461142266,124,4.34553740813647,-4.98505078718647,-1.64429724087066,0,3.20362176238276,-4.42025452463776,-1.04144676226917,-0.0528420460831665
8.96666666666667,123.13382309098,123,3.34553740813647,-6.00205761199761,-1.63155768921435,0,3.16961911809333,-5.45765823432898,-1.01695243955503,-0.0528605112485738
8.98333333333333,122.480068930413,123,3.34553740813647,-7.02331512911402,-1.61784476632303,0,3.13583485941047,-6.4676860219368,-0.992082755466818,-0.0528603536084166
9,121.83253162448,122,2.34553740813647,-7.9522022914433,-1.60615581178252,0,3.10227081296846,-7.46216627060238,-0.968537104612461,-0.0529242149034327
9.01666666666667,121.191526536154,121,1.34553740813647,-8.89019698908806,-1.58921382415155,0,3.06892868924994,-8.41270443401391,-0.94219425514988,-0.0528507666579916
9.03333333333333,120.557351671044,120,0.345537408136465,-9.83656057195922,-1.57201935646248,0,3.03581008586433,-9.3373647301581,-0.9158622945396,-0.0527817200856442
9.05,119.93028797292,120,0.345537408136465,-10.7905935622958,-1.55782760551953,0,3.00291649075051,-10.2492992906421,-0.89139367791311,-0.052805966461355
9.06666666666667,119.310599523389,119,-0.654462591863535,-11.6556335632344,-1.54860016915646,0,2.9702492853055,-11.15786233437,-0.869927762307327,-0.0529737965191731
9.08333333333333,118.6985277124,118,-1.65446259186353,-12.5331050188884,-1.53624309087994,0,2.93780974744063,-12.0326575988111,-0.846898726672427,-0.0530586474723006
9.1,118.094277444225,118,-1.65446259186353,-13.4222053142134,-1.52511573124292,0,2.9055990545667,-12.8901293447797,-0.824763077618122,-0.0531826896828257
9.11666666666667,117.498018792849,117,-2.65446259186353,-14.2261606751458,-1.51797297219871,0,2.87361828650973,-13.7421176918179,-0.805096476542975,-0.0534198154816701
9.13333333333333,116.909893090396,116,-3.65446259186353,-15.0462773713726,-1.50727538548303,0,2.84186842835863,-14.5600741558532,-0.783639992035332,-0.0535596977243042
9.15,116.330018010159,116,-3.65446259186353,-15.8816291354747,-1.49775534006502,0,2.81035037324635,-15.3617884086481,-0.763058124354488,-0.0537352004571752
9.16666666666667,115.758491779915,115,-4.65446259186353,-16.6353142658624,-1.49240440696602,0,2.77906492506583,-16.1600529342813,-0.745059820027108,-0.0540267990545172
9.18333333333333,115.195396673929,114,-5.65446259186353,-17.4085079226134,-1.48381902519985,0,2.7480128011222,-16.9269663286454,-0.725463794903183,-0.0542277547997955
9.2,114.640801906482,114,-5.65446259186353,-18.2001505365128,-1.47679430841827,0,2.71719463472249,-17.6807302709775,-0.706971505770142,-0.0544723892985586
9.21666666666667,114.094766028544,113,-6.65446259186353,-18.9132058050626,-1.47433290254611,0,2.68661097770428,-18.4343701363513,-0.691299799502832,-0.0548411672789931
9.23333333333333,113.557338911698,113,-6.65446259186353,-19.6487137907105,-1.4690071202247,0,2.65626230290456,-19.1600826969,-0.674255218880136,-0.0551263742550401
9.25,113.028563388926,112,-7.65446259186353,-20.3094787776321,-1.46556525563439,0,2.62614900656995,-19.8760681536563,-0.658513842468419,-0.0554607679947208
9.26666666666667,112.508476609866,111,-8.65446259186353,-20.9963798568846,-1.45783646817155,0,2.59627141070981,-20.5584396161839,-0.640577614177449,-0.0556737086002483
9.28333333333333,111.997111158249,111,-8.65446259186353,-21.7080610131388,-1.45145071180089,0,2.56662976539307,-21.228320246223,-0.623614574615,-0.0559234503685301
9.3,111.494495971031,110,-9.65446259186353,-22.3471906178904,-1.4499469775567,0,2.5372242509904,-21.9008049349773,-0.609644694673424,-0.0563053708708916
9.31666666666667,111.000657091986,110,-9.65446259186353,-23.0145158566595,-1.44621330273047,0,2.5080549803625,-22.5495009601279,-0.594656014862232,-0.056620096862946
9.33333333333333,110.515618286934,109,-10.6544625918635,-23.6125517582693,-1.4451537107177,0,2.47912200099602,-23.1935138969632,-0.581417191966467,-0.0570040466788719
9.35,110.03940154318,109,-10.6544625918635,-24.2418928072716,-1.44063993510932,0,2.4504252970879,-23.8094793082755,-0.566459221027675,-0.0572870080229923
9.36666666666667,109.572027471945,108,-11.6544625918635,-24.8049026535842,-1.43826721700221,0,2.42196479157955,-24.4187564948284,-0.552935218606067,-0.0576255266359022
9.38333333333333,109.113515629451,108,-11.6544625918635,-25.4020263248337,-1.43237636926781,0,2.39374034814166,-24.9996274735089,-0.53763965435961,-0.0578627249460092
9.4,108.663884769734,107,-12.6544625918635,-25.9354804612661,-1.42886498203981,0,2.36575177311094,-25.5746249674607,-0.523897782700842,-0.0581634451804756
9.41666666666667,108.223153040181,107,-12.6544625918635,-26.5055659842497,-1.42225288899459,0,2.3379988173797,-26.1228387421084,-0.508608186687611,-0.058375432907422
9.43333333333333,107.79133812901,107,-12.6544625918635,-27.0143587235043,-1.41852715188276,0,2.31048117823929,-26.6673291333585,-0.495150430346512,-0.0586655341639275
9.45,107.368457372561,106,-13.6544625918635,-27.466021149217,-1.4122336201548,0,2.28319850117844,-27.1875012509737,-0.480441745061426,-0.0588816859116253
9.46666666666667,106.954527829085,106,-13.6544625918635,-27.9605452292913,-1.40022854388391,0,2.25615038163751,-27.6697334377598,-0.462674060639909,-0.0589404937275554
9.48333333333333,106.549566324818,105,-14.6544625918635,-28.399700814898,-1.39013615033948,0,2.22933636671943,-28.142521533311,-0.446141054875867,-0.0590560929929944
9.5,106.15358947742,105,-14.6544625918635,-28.8833498221698,-1.37760851411586,0,2.20275595685855,-28.5892532100097,-0.428384610903332,-0.0591074999893876
9.51666666666667,105.76661370132,104,-15.6544625918635,-29.3131381699225,-1.36932309021888,0,2.17640860744808,-29.0359961224163,-0.413184310954292,-0.0592796168549313
9.53333333333333,105.388655199113,104,-15.6544625918635,-29.7888099050298,-1.36019324455913,0,2.15029373042709,-29.4641708984059,-0.397678212282512,-0.0594289436425651
9.55,105.019729942964,103,-16.6544625918635,-30.2118990601612,-1.35632534291466,0,2.12441069582798,-29.8982555997811,-0.385331245160291,-0.0597232439940463
9.56666666666667,104.659853649887,103,-16.6544625918635,-30.682043678477,-1.35219619039494,0,2.09875883328535,-30.3183896870206,-0.373038688842741,-0.0600061651979984
9.58333333333333,104.309041754929,102,-17.6544625918635,-31.1006775527328,-1.35358310023561,0,2.07333743350689,-30.7480216188318,-0.364080408134651,-0.0604360155862123
9.6,103.967309386616,102,-17.6544625918635,-31.5673441159221,-1.35471931892617,0,2.0481457497074,-31.166466039792,-0.355212759956431,-0.0608496639080632
9.61666666666667,103.634671349694,101,-18.6544625918635,-31.9833880332436,-1.36120620267566,0,2.02318299900652,-31.596512953114,-0.349613398532457,-0.0614007337030389
9.63333333333333,103.311142121253,101,-18.6544625918635,-32.4482689346664,-1.36715413946448,0,1.99844836379114,-32.0169533889336,-0.343965511754993,-0.0619230325347404
9.65,102.996735868008,100,-19.6544625918635,-32.8632528398461,-1.37808300479174,0,1.97394099304312,-32.4501627652033,-0.341396404847868,-0.0625683686216507
9.66666666666667,102.691466495102,100,-19.6544625918635,-33.3277257164603,-1.38805364324582,0,1.94966000363321,-32.8746054545118,-0.338556704997492,-0.0631696778116839
9.68333333333333,102.395347740895,99,-20.6544625918635,-33.7428847253521,-1.40256074904365,0,1.92560448158185,-33.3124009261405,-0.33855488882928,-0.0638785994837998
9.7,102.108393338719,99,-20.6544625918635,-34.2080515950373,-1.4156582951432,0,1.90177348328757,-33.741814290095,-0.338033229289901,-0.0645284128320561
9.71666666666667,101.830617277294,98,-21.6544625918635,-34.6243636803062,-1.43284760170872,0,1.87816603672375,-34.1848110435143,-0.340099717579898,-0.0652714626639071
9.73333333333333,101.562034209821,98,-21.6544625918635,-35.0910871486868,-1.44819896107966,0,1.85478114260446,-34.6195383752787,-0.341401936106857,-0.0659419784066813
9.75,101.302660094439,98,-21.6544625918635,-35.5093078505889,-1.46723671894009,0,1.83161777551994,-35.0678724398404,-0.345057338793556,-0.0666934090911362
9.76666666666667,101.052513210632,97,-22.6544625918635,-35.882243047988,-1.48405857201446,0,1.80867488504262,-35.5078936345212,-0.347725833043584,-0.0673611727991094
9.78333333333333,100.81161582227,97,-22.6544625918635,-36.3089840486912,-1.49510550291505,0,1.78595139680405,-35.9245903648357,-0.347357543378014,-0.0678507082850935
9.8,100.579997040971,97,-22.6544625918635,-36.690444174307,-1.50763058942743,0,1.76344621354369,-36.3450584050362,-0.348026676335184,-0.0683665987371
9.81666666666667,100.35769816959,96,-23.6544625918635,-37.0296710830896,-1.51696484864088,0,1.74115821612998,-36.7513145830952,-0.347081860040167,-0.0687800316407557
9.83333333333333,100.144784088347,96,-23.6544625918635,-37.4255899194187,-1.52040356602254,0,1.71908626455433,-37.1312734390065,-0.342955850919925,-0.0690205725184814
9.85,99.9413746742293,96,-23.6544625918635,-37.7789517240861,-1.52576713719358,0,1.69722919889878,-37.5141660204505,-0.340048537101162,-0.0693082150382172
9.86666666666667,99.7477348464879,95,-24.6544625918635,-38.09264613231,-1.52873931411523,0,1.67558584027779,-37.8835294638613,-0.335916075125612,-0.0695231283863273
9.88333333333333,99.5643059135966,95,-24.6544625918635,-38.465444836693,-1.52681016478778,0,1.65415499175472,-38.2283241590176,-0.329111064892204,-0.0695992073423534
9.9,99.3915664670608,95,-24.6544625918635,-38.7979502544603,-1.52788091573627,0,1.63293543923376,-38.5784643472503,-0.324089333538337,-0.0697574911904576
9.91666666666667,99.2299312677402,95,-24.6544625918635,-39.0929084307816,-1.52763612114039,0,1.6119259523276,-38.9178962787351,-0.318417500703173,-0.069876956307143
9.93333333333333,99.0797103311292,95,-24.6544625918635,-39.3529513901178,-1.52351253642757,0,1.59112528520161,-39.2357852071771,-0.310627315058738,-0.0698888556870657
9.95,98.9411006430552,95,-24.6544625918635,-39.58059659975,-1.51421018779832,0,1.57053217739501,-39.5252620690593,-0.299951702792248,-0.0697614953862867
9.96666666666667,98.8141941862555,95,-24.6544625918635,-39.7782470543477,-1.49931666202261,0,1.5501453546194,-39.7824335849005,-0.286120982214245,-0.0694886407657584
9.98333333333333,98.6989930114395,95,-24.6544625918635,-39.9481919136636,-1.47902113608289,0,1.52996352953543,-40.0056045410064,-0.269206916712116,-0.0690807841637213
10,98.5954262761615,95,-24.6544625918635,-40.0926076301027,-1.45389919781886,0,1.5099854025079,-40.1946704729549,-0.249504635501178,-0.0685586561337108
10.0166666666667,98.5033666297531,95,-24.6544625918635,-40.213559507385,-1.42475320858835,0,1.49020966233985,-40.3506467524244,-0.227444379321766,-0.0679484849609017
10.0333333333333,98.4226447328858,95,-24.6544625918635,-40.3130036357886,-1.39249597421012,0,1.47063498698615,-40.4753064674672,-0.203526601932375,-0.0672786087964504
10.05,98.3530614868815,95,-24.6544625918635,-40.3927891535395,-1.35806794291527,0,1.45126004424705,-40.5709047244391,-0.178275240569931,-0.0665771255477109
10.0666666666667,98.2943979662725,96,-23.6544625918635,-40.4546607877887,-1.32238013948328,0,1.43208349244207,-40.6399712881268,-0.152205011339777,-0.0658703310353235
10.0833333333333,98.2464232527653,96,-23.6544625918635,-40.4042603624325,-1.28627665646267,0,1.41310398106488,-40.6851569816436,-0.125799431656989,-0.0651817486847507
10.1,98.2089004523356,96,-23.6544625918635,-40.3451804538831,-1.24139847455138,0,1.39432015141934,-40.6722834662624,-0.0943154475749975,-0.0642823656681024
10.1166666666667,98.1815911946989,97,-22.6544625918635,-40.2786546317104,-1.19240901474185,0,1.37573063723735,-40.6161536417765,-0.0603561771631892,-0.0633075994146489
10.1333333333333,98.1642588981133,97,-22.6544625918635,-40.1098176976637,-1.1427244923024,0,1.35733406527892,-40.5285002251937,-0.0258512647607887,-0.0623539247091921
10.15,98.1566710508807,98,-21.6544625918635,-39.9417613825863,-1.08566809909502,0,1.33912905591468,-40.3817332898549,0.0129832920474857,-0.0612383233744989
10.1666666666667,98.1586007270187,98,-21.6544625918635,-39.679225106136,-1.02692350200463,0,1.32111422369149,-40.195309344763,0.0529501089596777,-0.060122436108803
10.1833333333333,98.169827631261,99,-20.6544625918635,-39.4249097218009,-0.962369301325961,0,1.30349918191362,-39.9474871867675,0.0959905213519861,-0.0588654102638552
10.2,98.1901387566228,99,-20.6544625918635,-39.0818603755285,-0.902272036345441,0.0160007930648522,1.28703866400731,-39.6641362522105,0.134897549284396,-0.057650479716358
10.2166666666667,98.2193284644055,100,-19.6544625918635,-38.7491562325771,-0.841688448881093,0.0765843805292001,1.27177784082827,-39.3283316124206,0.17240744927669,-0.0563333959324793
10.2333333333333,98.257198299684,100,-19.6544625918635,-38.3271192512505,-0.786209050731879,0.132063778678414,1.25767184303159,-38.9651861917885,0.205471980817501,-0.0550753340108341
10.25,98.3035565201622,101,-18.6544625918635,-37.9146484390466,-0.729693365671475,0.188579463738818,1.24468824902154,-38.5543938553544,0.237645823282687,-0.0537092202087876
10.2666666666667,98.3582171986504,102,-17.6544625918635,-37.4128435285548,-0.677280196158281,0.240992633252013,1.23279510624335,-38.1185404590092,0.26611148620243,-0.0523824094839277
10.2833333333333,98.4209991522855,102,-17.6544625918635,-36.8252416277263,-0.622707962105098,0.295564867305196,1.22197750464688,-37.6358830775032,0.294461842118297,-0.0509229098370762
10.3,98.4917248632888,103,-16.6544625918635,-36.251484910332,-0.562464381255519,0.355808448154774,1.21230048023239,-37.0916126109317,0.324621037446509,-0.0492292720897108
10.3166666666667,98.5702194340791,104,-15.6544625918635,-35.5929019764763,-0.503683585880607,0.414589243529687,1.20379116208216,-36.5132371608729,0.352557506088915,-0.0474999094843046
10.3333333333333,98.6563096030078,105,-14.6544625918635,-34.8529596106786,-0.441522451934475,0.476750377475819,1.1964654538655,-35.8830663997239,0.381018734737768,-0.0456000464700607
10.35,98.7498228344439,105,-14.6544625918635,-34.0350804379818,-0.373407172987898,0.544865656422396,1.19039973939549,-35.1894110184907,0.411383639601929,-0.0434535921415089
10.3666666666667,98.8505864234013,106,-13.6544625918635,-33.2383751055742,-0.298313966107648,0.619958863302645,1.18569929636566,-34.4253135878954,0.444116416893685,-0.0410255775082883
10.3833333333333,98.9584265597406,107,-12.6544625918635,-32.3634857257414,-0.224920942431919,0.693351886978375,1.18239826267374,-33.6240394467137,0.474308013086521,-0.0385571373970966
10.4,99.073167524692,108,-11.6544625918635,-31.4131976461809,-0.149232563934192,0.769040265476101,1.18049992575126,-32.7718587510609,0.504249905862584,-0.0359382892278223
10.4166666666667,99.1946309950803,108,-11.6544625918635,-30.3903428011485,-0.0690422423003862,0.849230587109907,1.180058164342,-31.859613833371,0.535149760153753,-0.0331050596249758
10.4333333333333,99.3226353556747,109,-10.6544625918635,-29.3935670263899,0.0166133279644236,0.918272829410294,1.18115235750042,-30.881814341983,0.56747755721644,-0.0300262557312542
10.45,99.4569950979752,109,-10.6544625918635,-28.3237549580953,0.104719597637482,0.918272829410294,1.18265897542701,-29.8705833940734,0.601690409501773,-0.0269435756862087
10.4666666666667,99.597520276392,110,-9.65446259186353,-27.2828541774194,0.200283405862249,0.918272829410294,1.18429899483544,-28.808227427373,0.641129239372311,-0.0237582708847277
10.4833333333333,99.7440162201637,110,-9.65446259186353,-26.1768342645726,0.29561263122593,0.918272829410294,1.18606770825888,-27.7212420352069,0.681424929837938,-0.0206855013236372
10.5,99.8962836448205,110,-9.65446259186353,-25.1093483025261,0.394400582411738,0.918272829410294,1.18796052557884,-26.5934544408554,0.724626688983623,-0.0176212975229354
10.5166666666667,100.054119063663,110,-9.65446259186353,-24.0814518672439,0.488995031841432,0.918272829410294,1.18997297146107,-25.4529917888462,0.766360089663254,-0.0147756955480113
10.5333333333333,100.217315371486,110,-9.65446259186353,-23.093891333009,0.574263147876755,0.918272829410294,1.19210068284384,-24.321176249672,0.803630207498135,-0.012282215971332
10.55,100.385662518989,109,-10.6544625918635,-22.1471338125312,0.64700149701828,0.918272829410294,1.19433940647736,-23.2138832245029,0.834506945157579,-0.0102166987369572
10.5666666666667,100.55894822612,109,-10.6544625918635,-21.3373964846052,0.705464620082872,0.918272829410294,1.19668499651344,-22.142649220431,0.857872485908662,-0.00861223940607617
10.5833333333333,100.736958701002,108,-11.6544625918635,-20.562622155596,0.739876918639241,0.918272829410294,1.19913341214435,-21.1524121076307,0.868038023574777,-0.00772019157974703
10.6,100.919479342798,108,-11.6544625918635,-19.9188179200682,0.754374016974056,0.918272829410294,1.20168071529003,-20.2363536740677,0.867163971075315,-0.00740219490607951
10.6166666666667,101.106295414571,107,-12.6544625918635,-19.3037690533226,0.743391434182999,0.918272829410294,1.20432306833255,-19.425328373209,0.851935520605763,-0.0077899316870462
10.6333333333333,101.297192677321,106,-13.6544625918635,-18.8133727339631,0.713987266035754,0.918272829410294,1.20705673189701,-18.701831305175,0.826185391309436,-0.00866490973239964
10.65,101.49195797998,105,-14.6544625918635,-18.4413485710592,0.66253458893977,0.918272829410294,1.20987806267793,-18.0887191043982,0.787731266719288,-0.0101085213736139
10.6666666666667,101.690379802572,105,-14.6544625918635,-18.1815173034015,0.588171642337378,0.918272829410294,1.21278351131028,-17.5994451424865,0.73594588214266,-0.0121234168295371
10.6833333333333,101.892248751537,104,-15.6544625918635,-17.9318188920779,0.491921782998888,0.918272829410294,1.21576962028415,-17.2404311103484,0.671277099355197,-0.0146603969942146
10.7,102.097358007392,103,-16.6544625918635,-17.7883798673033,0.385140531098698,0.918272829410294,1.2188330219024,-16.9760921005589,0.600063679727647,-0.0173892829146057
10.7166666666667,102.3055037258,102,-17.6544625918635,-17.7452146136807,0.266780207592242,0.918272829410294,1.22197043628026,-16.8161815584259,0.521679348438286,-0.0203308808836063
10.7333333333333,102.516485393689,102,-17.6544625918635,-17.7964955106592,0.137289665354836,0.918272829410294,1.22517866938617,-16.7649223705159,0.436344803990014,-0.0234642486295083
10.75,102.730106142466,101,-18.6544625918635,-17.8405631172157,-0.00191481785512789,0.918272829410294,1.22845461112304,-16.8224954911353,0.344837565868684,-0.0267426711183648
10.7666666666667,102.946173020605,100,-19.6544625918635,-17.9739862297924,-0.13973054960973,0.918272829410294,1.23179523344906,-16.9493616249248,0.253455620298875,-0.0298561561161536
10.7833333333333,103.164497228062,100,-19.6544625918635,-18.1912564661948,-0.277894887918377,0.918272829410294,1.23519758853738,-17.1530482212862,0.161275806621276,-0.0328570439203136
10.8,103.384894315013,99,-20.6544625918635,-18.3910509914012,-0.416926720049442,0.918272829410294,1.23865880697379,-17.4368401217735,0.0680533871076702,-0.0357625126652353
10.8166666666667,103.607184347425,98,-21.6544625918635,-18.6702890343574,-0.547423065240166,0.918272829410294,1.24217609599183,-17.7640837738849,-0.0208202909200445,-0.0383178149809656
10.8333333333333,103.831192041945,98,-21.6544625918635,-19.0238232476919,-0.672602996715537,0.918272829410294,1.24574673774429,-18.1449671981936,-0.1070667050255,-0.0406226562311141
10.85,104.056746872532,97,-22.6544625918635,-19.3506995076907,-0.794267458730944,0.918272829410294,1.24936808761077,-18.585211224746,-0.191628639611703,-0.0427344675964503
10.8666666666667,104.283683151163,97,-22.6544625918635,-19.7482107855525,-0.842689321537802,0.0755835078724911,1.24048097042399,-19.027389943616,-0.211434149355678,-0.0444559050323698
10.8833333333333,104.511840131374,96,-23.6544625918635,-20.1449055891117,-0.878951653600243,0.0393211758100502,1.22978077063839,-19.4630632501016,-0.22143114089648,-0.0460416595522778
10.9,104.74106321061,96,-23.6544625918635,-20.6653352278352,-0.910051721035102,0.00822110837519119,1.21857093903878,-19.8912886770521,-0.228012925014873,-0.0475127558401397
10.9166666666667,104.971207220115,96,-23.6544625918635,-21.2046887636884,-0.948328327684353,0,1.20682755813064,-20.3596408135509,-0.238125668514751,-0.0492145482376868
10.9333333333333,105.202139232861,95,-24.6544625918635,-21.7606675054391,-0.991392063505215,0,1.19445334266899,-20.8626919650624,-0.250294503502064,-0.0510871712369217
10.95,105.433740080422,95,-24.6544625918635,-22.4275570023372,-1.03896851969519,0,1.1817224879803,-21.395540653391,-0.26492576329662,-0.0530805447118258
10.9666666666667,105.665904870258,95,-24.6544625918635,-23.1006733530943,-1.10074596500991,0,1.16903961662403,-21.9923374701773,-0.288306139076705,-0.0554004684597131
10.9833333333333,105.898542851447,95,-24.6544625918635,-23.7763310079739,-1.17128679179687,0,1.15641426483911,-22.6380882605208,-0.317427500265396,-0.0578846242165146
11,106.131576882034,95,-24.6544625918635,-24.4509347637711,-1.24613515423355,0,1.14384788799161,-23.3196376213733,-0.349781634056799,-0.0604043910963192
11.0166666666667,106.364942668156,94,-25.6544625918635,-25.1212853493479,-1.32170525854245,0,1.13134187935161,-24.0254406103788,-0.383321403870162,-0.0628595463286097
11.0333333333333,106.598587878525,94,-25.6544625918635,-25.8805533780836,-1.39517791806843,0,1.11889757172073,-24.745477074003,-0.416409999767602,-0.0651744520316032
11.05,106.832471202408,94,-25.6544625918635,-26.6242025080697,-1.47351397731928,0,1.10651623902317,-25.5079848652741,-0.452952537761865,-0.0675436972835796
11.0666666666667,107.066561395341,95,-24.6544625918635,-27.3502773396659,-1.55112256212803,0,1.0941990978612,-26.2934541195168,-0.489767764697601,-0.069811604405501
11.0833333333333,107.300836341378,95,-24.6544625918635,-27.961120060835,-1.62403945672332,0,1.08194730903567,-27.0865040396693,-0.52455962645753,-0.0718726045739506
11.1,107.535282150339,95,-24.6544625918635,-28.5573967830182,-1.68046830285786,0,1.06976197903242,-27.8383028376214,-0.550553080764635,-0.073410798049912
11.1166666666667,107.769892301485,95,-24.6544625918635,-29.1377615981171,-1.72273609857241,0,1.0576441614751,-28.5518401118291,-0.568924850583866,-0.0745080508289436
11.1333333333333,108.004666840176,95,-24.6544625918635,-29.7010930450932,-1.75279830838327,0,1.04559485854534,-29.2294166186494,-0.580664732233604,-0.0752332840352236
11.15,108.239611630661,96,-23.6544625918635,-30.2464752241786,-1.77231926421892,0,1.03361502237068,-29.8728399008766,-0.586617469840018,-0.0756451132641815
11.1666666666667,108.474737665827,96,-23.6544625918635,-30.6771786840995,-1.78273334162853,0,1.02170555638119,-30.4835721722098,-0.587514455748174,-0.0757938710355286
11.1833333333333,108.710060433103,96,-23.6544625918635,-31.0946942770937,-1.77617794068339,0,1.00986731663524,-31.0260021282914,-0.578816063830456,-0.0754739227693065
11.2,108.945599334654,97,-22.6544625918635,-31.4984044268015,-1.75776595782065,0,0.998101113115122,-31.513415582119,-0.563310016793954,-0.0748420314364287
11.2166666666667,109.181377159291,97,-22.6544625918635,-31.7918252257438,-1.73134651819255,0,0.986407710993194,-31.9560565718967,-0.54310833629118,-0.0740148809513806
11.2333333333333,109.417419603133,97,-22.6544625918635,-32.0766448206734,-1.69067742712127,0,0.97478783186912,-32.324950923962,-0.514617121210643,-0.0728290592114329
11.25,109.653754835819,98,-21.6544625918635,-32.3523989554206,-1.64188825017946,0,0.963242154978803,-32.6383237156224,-0.481236735560273,-0.0714654867714998
11.2666666666667,109.890413109004,98,-21.6544625918635,-32.5227170947016,-1.58939204322611,0,0.951771318375622,-32.9100213003229,-0.445439756870484,-0.070051709656624
11.2833333333333,110.12742640392,98,-21.6544625918635,-32.6893645944219,-1.52717677500608,0,0.940375920084545,-33.1136255654667,-0.403804873422748,-0.0684256094229737
11.3,110.36482811486,99,-20.6544625918635,-32.8519217957362,-1.46136155839661,0,0.9290565192297,-33.269104795224,-0.359767544170341,-0.0667627223047187
11.3166666666667,110.602652765576,99,-20.6544625918635,-32.914033474295,-1.39618078183953,0,0.917813637135926,-33.391422440138,-0.315737417871046,-0.0651807536240218
11.3333333333333,110.840935755797,100,-19.6544625918635,-32.9774541184129,-1.3253313174656,0,0.906647758404896,-33.4548002082401,-0.268162861135839,-0.0635049768595964
11.35,111.079713135195,100,-19.6544625918635,-32.9457286519247,-1.2545712854156,0,0.895559331966312,-33.4794870265353,-0.220305171658323,-0.0618968197193705
11.3666666666667,111.31902140236,100,-19.6544625918635,-32.9204965320154,-1.17862284560568,0,0.884548772104703,-33.4436223941426,-0.169192397910479,-0.060210081962414
11.3833333333333,111.558897326522,101,-18.6544625918635,-32.9011759568217,-1.1038939862794,0,0.873616459462363,-33.370300644113,-0.118459359433729,-0.0586234213853307
11.4,111.799377789927,101,-18.6544625918635,-32.7912180504803,-1.03459139961939,0,0.862762742018894,-33.276510015838,-0.0705349250767811,-0.0572488473318318
11.4166666666667,112.040499649109,102,-17.6544625918635,-32.6921565171522,-0.964956040973837,0,0.85214792821725,-33.1377860542333,-0.0225084335285849,-0.0559001008422095
11.4333333333333,112.282299612529,102,-17.6544625918635,-32.5060730694873,-0.904225351109142,0.0140474783011516,0.842572912359984,-32.9771758465324,0.0188693901727783,-0.0547203859612697
11.45,112.524814134634,102,-17.6544625918635,-32.3311571739557,-0.84629626995226,0.0719765594580333,0.834072207242208,-32.7752671162571,0.0569847099136244,-0.0535308284834062
11.4666666666667,112.768079320561,103,-16.6544625918635,-32.1629380369034,-0.795585887620186,0.122686941790107,0.82655808057829,-32.5546404160217,0.0895154782064193,-0.0524632313479733
11.4833333333333,113.012130772096,103,-16.6544625918635,-31.9017446953458,-0.753752355085621,0.164520474324672,0.819893488604708,-32.3292926949322,0.115763185416387,-0.0515759803724342
11.5,113.257003249794,103,-16.6544625918635,-31.6468981334246,-0.712026352035017,0.206246477375277,0.814008046063857,-32.0702671357119,0.14081491357054,-0.050631303546354
11.5166666666667,113.502730188578,104,-15.6544625918635,-31.3960615737488,-0.673934475973514,0.244338353436779,0.808866781007007,-31.793802047763,0.16276012251471,-0.0497315051779322
11.5333333333333,113.749343148658,104,-15.6544625918635,-31.0512614164393,-0.641070423997484,0.277202405412809,0.804392930285261,-31.5104834794727,0.180837220556965,-0.048928050864171
11.55,113.99687125223,104,-15.6544625918635,-30.7130854322815,-0.605060395864538,0.313212433545756,0.800573342695419,-31.1899473823569,0.199817676874003,-0.047989427742521
11.5666666666667,114.245340638715,105,-14.6544625918635,-30.3800851621407,-0.570033040107798,0.348239789302496,0.797421798824195,-30.8482894793217,0.2173734909635,-0.0470307132805478
11.5833333333333,114.494774021399,105,-14.6544625918635,-29.954868256071,-0.538227874071802,0.918272829410294,0.794899806149873,-30.4966666437649,0.232318110644375,-0.0461182546094433
11.6,114.745190383368,105,-14.6544625918635,-29.5196432514409,-0.543835704010268,0.918272829410294,0.801623711566041,-30.1231564725991,0.209193368128407,-0.0450149988070491
11.6166666666667,114.996604001777,106,-13.6544625918635,-29.0579186551312,-0.541543664778775,0.918272829410294,0.808413280044979,-29.7439521897654,0.191159562699881,-0.0437196402102699
11.6333333333333,115.249022259859,106,-13.6544625918635,-28.4788414851962,-0.529372512607368,0.918272829410294,0.815264630692605,-29.3469225126115,0.179382832580771,-0.0421853955389479
11.65,115.502444040101,106,-13.6544625918635,-27.8891534967578,-0.49786613514453,0.918272829410294,0.822173990942112,-28.8887769549437,0.179290836121624,-0.0401627680623292
11.6666666666667,115.756859118026,107,-12.6544625918635,-27.292904647686,-0.451759836038325,0.918272829410294,0.829137694065596,-28.3793558803522,0.18830378790155,-0.0377994928722389
11.6833333333333,116.012248171364,107,-12.6544625918635,-26.5977356731269,-0.39529390576773,0.918272829410294,0.83615217673782,-27.8284011653078,0.204082652849453,-0.0352245841717204
11.7,116.268583152441,107,-12.6544625918635,-25.9089552153543,-0.323060647038212,0.918272829410294,0.8432139766511,-27.2083984928274,0.229738941684911,-0.0322986476509326
11.7166666666667,116.525827869401,107,-12.6544625918635,-25.2292523765486,-0.242235692006906,0.918272829410294,0.850319730180278,-26.5402574105873,0.261263432697425,-0.0292315430147144
11.7333333333333,116.783938679669,107,-12.6544625918635,-24.5609793945769,-0.158329394971926,0.918272829410294,0.857466170096798,-25.8411872758539,0.295538311984049,-0.0261801051234793
11.75,117.042865234175,107,-12.6544625918635,-23.9061767013021,-0.075485160106528,0.918272829410294,0.864650123330897,-25.1252532805715,0.33018240251919,-0.0232581509896506
11.7666666666667,117.302551232787,107,-12.6544625918635,-23.2665967890244,0.00326816279538086,0.918272829410294,0.871868508780973,-24.403856616137,0.363419612654133,-0.020544886490888
11.7833333333333,117.562935165562,107,-12.6544625918635,-22.6437268973585,0.0758035005187215,0.918272829410294,0.879118335169156,-23.686148201431,0.393967487871196,-0.0180919399762641
11.8,117.823951023716,106,-13.6544625918635,-22.0388105373074,0.140716859093786,0.918272829410294,0.886396698942202,-22.9793843722745,0.420943122634523,-0.0159292210299606
11.8166666666667,118.085528970518,106,-13.6544625918635,-21.5488691430606,0.197177864031055,0.918272829410294,0.893700782216761,-22.2892319899708,0.443784024465266,-0.0140697769560696
11.8333333333333,118.347595966595,106,-13.6544625918635,-21.0726706550535,0.235691963454234,0.918272829410294,0.901027850768175,-21.6568682309054,0.457000313181432,-0.0127630275879328
11.85,118.610076347101,106,-13.6544625918635,-20.6110605882007,0.260234850826268,0.918272829410294,0.908375252061903,-21.0733142515186,0.462699986020978,-0.0118808639798972
11.8666666666667,118.872892350247,105,-14.6544625918635,-20.1647208983211,0.273901975527649,0.918272829410294,0.915740413326735,-20.5316227990578,0.462526755385516,-0.0113236997734129
11.8833333333333,119.135964598033,105,-14.6544625918635,-19.8301856789762,0.279105071463141,0.918272829410294,0.923120839668962,-20.0264188604581,0.457763695240476,-0.0110141076013917
11.9,119.399212530999,105,-14.6544625918635,-19.5058040722399,0.268613002347577,0.918272829410294,0.930514112226668,-19.5903752778205,0.444233114488722,-0.0111410646740473
11.9166666666667,119.662554799344,104,-15.6544625918635,-19.1920659444575,0.247909797044802,0.918272829410294,0.937917886363355,-19.2080377945915,0.424940749501425,-0.0115388793390417
11.9333333333333,119.925909493242,104,-15.6544625918635,-18.9853569059615,0.221022898928518,0.918272829410294,0.945329889900094,-18.8675991037169,0.402109035360151,-0.0120875469569238
11.95,120.189193317768,104,-15.6544625918635,-18.7839172117568,0.181748571614695,0.918272829410294,0.952747921385446,-18.596942676055,0.372175514597821,-0.0129511185485541
11.9666666666667,120.452321057649,104,-15.6544625918635,-18.5881636685359,0.136156218302288,0.918272829410294,0.960169848402387,-18.377118963453,0.338515449927544,-0.0139520019660924
11.9833333333333,120.715206123371,104,-15.6544625918635,-18.398439849398,0.0885319594707481,0.918272829410294,0.967593605911482,-18.1938384123392,0.303537205952705,-0.014967700415765
12,120.977761104973,104,-15.6544625918635,-18.2150223657398,0.0418077539036709,0.918272829410294,0.9750171946296,-18.0364509310916,0.268911088070574,-0.015917142196147
12.0166666666667,121.239898246205,105,-14.6544625918635,-18.0381267863991,-0.00210151543018655,0.918272829410294,0.982438679443432,-17.8971307686068,0.235749688124958,-0.0167500035877943
12.0333333333333,121.501529850779,105,-14.6544625918635,-17.7719119434392,-0.0420347105302851,0.918272829410294,0.989856187857129,-17.7702278549736,0.204749279384758,-0.0174384212710481
12.05,121.762568630534,106,-13.6544625918635,-17.5185358549968,-0.0682666683476433,0.918272829410294,0.997267908473355,-17.6149150641572,0.18148153206555,-0.0177213746535337
12.0666666666667,122.022928003837,106,-13.6544625918635,-17.1818464788039,-0.0845881959340868,0.918272829410294,1.00467208950709,-17.4406719786812,0.163898279040917,-0.0177169873387175
12.0833333333333,122.282522351223,107,-12.6544625918635,-16.8636952441327,-0.0848068149235514,0.918272829410294,1.01206703733154,-17.2181302989412,0.155594834754079,-0.0172662219134264
12.1,122.541274430002,108,-11.6544625918635,-16.4676288455772,-0.0751593379124383,0.918272829410294,1.01945111505541,-16.965335628917,0.153137791351094,-0.0165558205805268
12.1166666666667,122.799201490632,109,-10.6544625918635,-15.9992024061567,-0.0510757122056959,0.918272829410294,1.02682274113112,-16.6592186396105,0.159187880722139,-0.0154703687182984
12.1333333333333,123.056352605921,110,-9.65446259186353,-15.4637227243422,-0.010685343477559,0.918272829410294,1.03418038799301,-16.2855199251932,0.174898318443581,-0.0139725503168631
12.15,123.312750464885,111,-8.65446259186353,-14.8662491956478,0.0460194373629517,0.918272829410294,1.04152258072531,-15.8365513893554,0.200369913725479,-0.0120774803885691
12.1666666666667,123.568396776677,111,-8.65446259186353,-14.211595849359,0.117816541595226,0.918272829410294,1.04884789575889,-15.3094425712409,0.234997575650625,-0.00983350195631987
12.1833333333333,123.823276882386,112,-7.65446259186353,-13.6003356390688,0.202727296512641,0.918272829410294,1.0561549595965,-14.7047757520695,0.277731064861243,-0.00730803616464224
12.2,124.077363486487,113,-6.65446259186353,-12.9347536447605,0.28925112287772,0.918272829410294,1.06344244756581,-14.062370341584,0.322086885320971,-0.00482658688146902
12.2166666666667,124.330619671178,114,-5.65446259186353,-12.2191646006731,0.378853855678738,0.918272829410294,1.07070908259961,-13.3745865173137,0.368869665752814,-0.00234835516519939
12.2333333333333,124.583001326947,115,-4.65446259186353,-11.4576599284281,0.471878035538088,0.918272829410294,1.07795363404274,-12.6377117613504,0.418255967890158,0.000135274652155563
12.25,124.834459108308,116,-3.65446259186353,-10.6541119103522,0.567927561257578,0.918272829410294,1.08517491648517,-11.8508834825259,0.470004580726613,0.00261240657225429
12.2666666666667,125.084940003583,117,-2.65446259186353,-9.8121784856753,0.666153740457459,0.918272829410294,1.09237178862063,-11.0152537260738,0.523613923339171,0.00505919622510024
12.2833333333333,125.334388591271,117,-2.65446259186353,-8.93530857834624,0.765464456815692,0.918272829410294,1.09954315213039,-10.1333468835118,0.578438038722073,0.00744600837921142
12.3,125.582748042148,118,-1.65446259186353,-8.12274914238913,0.835351229280383,1.75362405869068,1.11272438074446,-9.22554834533635,0.605917560291749,0.00976108240133121
12.3166666666667,125.82996086409,119,-0.654462591863535,-7.24643521603653,0.857336554799479,1.77560938420977,1.13408712419648,-8.34302341193207,0.591586192510198,0.0118020346803113
12.3333333333333,126.075968275935,120,0.345537408136465,-6.28308253993212,0.879622804287957,1.79789563369825,1.15578281413555,-7.47418270467276,0.577654717287626,0.0138467939194665
12.35,126.320707155238,120,0.345537408136465,-5.24048861264576,0.911328962252307,1.8296017916626,1.17789471807899,-6.58018550473093,0.569142852687948,0.0161563998035742
12.3666666666667,126.564107431771,121,1.34553740813647,-4.2216557937969,0.956696216863052,1.87496904627335,1.2006149044982,-5.6362100056685,0.568163726962245,0.0188639483307826
12.3833333333333,126.806090814645,122,2.34553740813647,-3.1303298018364,1.00807144218512,1.92634427159541,1.22409856777822,-4.66472932560955,0.570174994548504,0.0217676798594268
12.4,127.046570311859,122,2.34553740813647,-1.9715349441425,1.06915799823082,1.98743082764112,1.24847545840563,-3.64626008032502,0.57708939295655,0.0249803717121183
12.4166666666667,127.285450187646,123,3.34553740813647,-0.845536428676311,1.14118378688398,2.05945661629427,1.27391489203963,-2.56924020505951,0.589370075872622,0.028548553150005
12.4333333333333,127.522625986715,123,3.34553740813647,0.346319440755582,1.21514709194225,2.13341992135255,1.30051377102971,-1.46453615292808,0.601814101558839,0.0322276956738615
12.45,127.757984658285,124,4.34553740813647,1.50494253457322,1.29447075875104,2.21274358816133,1.3283305270824,-0.317431769726018,0.616292485367476,0.0361167306955585
12.4666666666667,127.991404733587,124,4.34553740813647,2.72957304915945,1.3719962958401,2.2902691252504,1.35738482290293,0.844678066064696,0.628758591115382,0.0400164747106918
12.4833333333333,128.222756446554,125,5.34553740813647,3.92131992292174,1.45258556834306,2.37085839775335,1.38768512703929,2.03975961606192,0.641969170790309,0.0440621367904583
12.5,128.451901867369,125,5.34553740813647,5.17938994525086,1.53013247464595,2.44840530405624,1.41922179691313,3.24317649223131,0.652513359916671,0.0480816813846115
12.5166666666667,128.678695011244,126,6.34553740813647,6.40473799604538,1.61021863921969,2.52849146862998,1.45198865677053,4.47507015151851,0.663573694273943,0.0522293493029642
12.5333333333333,128.902981975633,126,6.34553740813647,7.69637146996674,1.68719287796742,2.60546570737772,1.48597111292322,5.71241285934488,0.672001125116668,0.0563455080034454
12.55,129.12460099327,126,6.34553740813647,8.95504714759394,1.76689446746646,2.68516729687675,1.52116389845522,6.97646249823062,0.681120091250553,0.0605917494386353
12.5666666666667,129.343382458533,127,7.34553740813647,10.1835998823169,1.84379231643259,2.76206514584289,1.55755641743902,8.24491289014486,0.687841457060794,0.064812185303298
12.5833333333333,129.559149043053,127,7.34553740813647,11.4807024381592,1.9150321403077,2.83330496971799,1.59506942840304,9.50272366223658,0.690684889171239,0.0689204222867459
12.6,129.771715831108,127,7.34553740813647,12.7465288106068,1.98828599289618,2.90655882230647,1.63367125917824,10.7772285088345,0.694041862232592,0.0731274074562707
12.6166666666667,129.980890511136,127,7.34553740813647,13.9832732612385,2.05911660297316,2.97738943238345,1.67334900928453,12.0504628266828,0.695437612569375,0.0773078627583906
12.6333333333333,130.186473564583,127,7.34553740813647,15.1930197688709,2.12523285878112,3.04350568819141,1.71403471504999,13.3102896766255,0.69368720303994,0.0813922303613906
12.65,130.388258496632,127,7.34553740813647,16.3775105782689,2.18578986887578,3.10406269828608,1.75563504983405,14.5491115632096,0.688455566313306,0.0853494956635059
12.6666666666667,130.58603205779,128,8.34553740813647,17.5380661383036,2.24083906297528,3.15911189238557,1.79805063686287,15.7626507981699,0.679918412162422,0.0891733539258891
12.6833333333333,130.779574572923,128,8.34553740813647,18.7715982946193,2.29092369732355,3.20919652673384,1.84118744844359,16.948907170063,0.668517380359969,0.092871798149123
12.7,130.968660388266,128,8.34553740813647,19.9766203652987,2.34552516987654,3.26379799928684,1.88504174745459,18.144055991162,0.659607897083372,0.0967091076002257
12.7166666666667,131.153058381636,128,8.34553740813647,21.1539439123058,2.40093696687591,3.3192097962862,1.929649238527,19.3356898029208,0.651042191247399,0.100584750680209
12.7333333333333,131.332532500697,129,9.34553740813647,22.3046127825071,2.45492345686966,3.37319628627996,1.97499677091074,20.5148217015474,0.641574586804467,0.104435449099552
12.75,131.506842307811,129,9.34553740813647,23.5256680096441,2.50631866292934,3.42459149233964,2.02104339858286,21.6753536568022,0.630602765038239,0.108225669548296
12.7666666666667,131.675743518356,129,9.34553740813647,24.7159745710522,2.56340804394802,3.48168087335832,2.06781442857174,22.8501840665897,0.622764687682297,0.112188564104824
12.7833333333333,131.83898852149,130,10.3455374081365,25.8767915183595,2.62170811197525,3.53998094138554,2.1153583295342,24.0244696956216,0.615456200424007,0.116202874271611
12.8,131.996326809457,130,10.3455374081365,27.1056262733884,2.67852537312624,3.59679820253654,2.16366456102298,25.1875430572407,0.607170474103586,0.12019270402831
12.8166666666667,132.147505253041,130,10.3455374081365,28.3019008921537,2.74118830562511,3.6594611350354,2.21276835254336,26.3689701539011,0.601993634445036,0.124365152259908
12.8333333333333,132.29226839537,131,11.3455374081365,29.4674234685557,2.80467930960332,3.72295213901362,2.26271585063393,27.5516428813624,0.597026321556965,0.128583759396517
12.85,132.430358810442,131,11.3455374081365,30.7001889211698,2.86606409598891,3.7843369253992,2.31348787371102,28.7234806400257,0.590640987745063,0.132765137791638
12.8666666666667,132.56151749074,132,12.3455374081365,31.9000226988217,2.93261891728482,3.85089174669512,2.3651086675467,29.9132716938655,0.586912436271996,0.137113994749005
12.8833333333333,132.685484173693,132,12.3455374081365,33.1650504675247,2.99938339903922,3.91765622844952,2.41761350286276,31.1035736861142,0.582991115041001,0.141494561763493
12.9,132.801997534935,133,13.3455374081365,34.3954550432523,3.07225858265328,3.99053141206358,2.4710529529651,32.3189825840018,0.582139820934529,0.146075093169929
12.9166666666667,132.910795411882,133,13.3455374081365,35.6898017617879,3.14542377784803,4.06369660725832,2.52547018205618,33.538985347539,0.581015130286559,0.150696288425172
12.9333333333333,133.011615030813,134,14.3455374081365,36.9487068044741,3.22430092078094,4.14257375019124,2.58091265453483,34.7860739473682,0.582617198887683,0.155512658432334
12.95,133.104193139354,134,14.3455374081365,38.2711146964429,3.30285433944604,4.22112716885633,2.63741476282656,36.0384021320403,0.583496980167619,0.160358106114372
12.9666666666667,133.188266125972,135,15.3455374081365,39.5579466058147,3.38646056589259,4.30473339530288,2.69501311568151,37.3177035416809,0.586647291717893,0.165384936541661
12.9833333333333,133.263570096697,136,16.3455374081365,40.9083753927597,3.4691367716504,4.3874096010607,2.75373136843949,38.6017750490714,0.588666531822362,0.170427618048843
13,133.329840968911,136,16.3455374081365,42.3194826561959,3.55636001759302,4.47463284700332,2.81359669081128,39.9122522294107,0.592619532131606,0.17564047050055
13.0166666666667,133.386904636712,137,17.3455374081365,43.692493894455,3.65098775220544,4.56926058161574,2.87470433322751,41.2637137458126,0.599995058832005,0.181109886505437
13.0333333333333,133.435513314597,138,18.3455374081365,45.1271159024409,3.74538332364873,4.66365615305903,2.93710213107071,42.6285093598436,0.60642768013788,0.186625844735967
13.05,133.477699150975,138,18.3455374081365,46.6210215627996,3.84403412411741,4.7623069535277,3.00081964356025,44.0243789106925,0.614425465410853,0.192315011269835
13.0666666666667,133.515736412585,139,19.3455374081365,48.075984229149,3.94928614684683,4.86755897625713,3.06594219823773,45.4632970015849,0.625208008447013,0.198248531915741
13.0833333333333,133.550543746478,140,20.3455374081365,49.5921651242996,4.05331243714718,4.97158526655748,3.13250200287484,46.9160095852454,0.634329650705566,0.204209686954402
13.1,133.581276548255,141,21.3455374081365,51.1675817411426,4.16060870602732,5.07888153543761,3.20051161139611,48.3993831183682,0.644331566439619,0.210323912804394
13.1166666666667,133.606986731239,142,22.3455374081365,52.8002474457558,4.27363664757272,5.19190947698302,3.27004042800527,49.9250086668282,0.656524731975543,0.216664236650506
13.1333333333333,133.627766314713,143,23.3455374081365,54.4884228421347,4.39345560579229,5.31172843520258,3.34118627526556,51.5002804380719,0.671389622597488,0.223266640946043
13.15,133.644564628074,143,23.3455374081365,56.2307194527056,4.52023009797695,5.43850292738724,3.41405643749358,53.1294628808119,0.688891022276762,0.230142735374217
13.1666666666667,133.6587404652,144,24.3455374081365,57.930109494883,4.6536110018414,5.5718838312517,3.4887560785285,54.8146293702514,0.70871013679887,0.237289498093724
13.1833333333333,133.671787261037,145,25.3455374081365,59.6879358062117,4.8870469865853,4.33920572002001,3.54429169999581,56.5585687898482,0.823111744025152,0.244407016990799
13.2,133.685205325646,145,25.3455374081365,61.4557945752999,5.12126927838072,4.50316132427679,3.60014647585507,58.4045826544117,0.938693852611087,0.251390230443168
13.2166666666667,133.700449373444,145,25.3455374081365,63.0958357975121,5.33803520645815,4.654897473931,3.65827592475592,60.3105161544431,1.04141767102264,0.258011219939366
13.2333333333333,133.718911212629,146,26.3455374081365,64.6248461061452,5.52114538970738,4.78307460220546,3.71836873562262,62.194468780977,1.12259113848678,0.263800206154781
13.25,133.741914459547,146,26.3455374081365,66.1530919277366,5.66423614542283,4.88323813120628,3.77998530391443,64.0055603751402,1.17922582556269,0.268555672445414
13.2666666666667,133.770712626989,146,26.3455374081365,67.5899255573102,5.77604181963554,4.96150210315517,3.84270661507628,65.7522871203158,1.2168190133967,0.272498694310584
13.2833333333333,133.806488809364,146,26.3455374081365,68.9444120644399,5.85570101847643,5.01726354234379,3.90615541324306,67.4094659351388,1.23538409239241,0.275585301503797
13.3,133.850357054541,146,26.3455374081365,70.2234953102008,5.90550821012863,5.05212857650034,3.9699643030424,68.965038925528,1.23669268033502,0.277860440578164
13.3166666666667,133.903366376363,145,25.3455374081365,71.43222941426,5.92935887123197,5.06882403927268,4.03380305581748,70.4156045088613,1.22336312476998,0.279415957288123
13.3333333333333,133.966509299822,145,25.3455374081365,72.4781084832795,5.93170537257799,5.07046659021488,4.09739087730816,71.7630384893705,1.19825697137392,0.28036204243465
13.35,134.040738894821,144,24.3455374081365,73.4654722997466,5.90806718748537,5.05391986065005,4.16044298805777,72.9753079773137,1.15918874172997,0.280559844196804
13.3666666666667,134.127002136321,144,24.3455374081365,74.299310407006,5.86670975163935,5.02496965555784,4.22270293748228,74.0708950188504,1.11112735876999,0.280227662441389
13.3833333333333,134.22630426877,143,23.3455374081365,75.0817759154186,5.80502481096193,4.98179019708365,4.28394289574049,75.0286962136166,1.05285919687521,0.279282220035434
13.4,134.339831260601,142,22.3455374081365,75.7161037034693,5.73185837003924,4.93057368843776,4.34397726704656,75.8738574328409,0.989580309715976,0.277961990727127
13.4166666666667,134.469177703622,142,22.3455374081365,76.2071440924855,5.64438736193464,4.86934398276454,4.40265093394359,76.5888922676435,0.919855138640383,0.276181696855695
13.4333333333333,134.616755169696,141,21.3455374081365,76.6552989654303,5.54196944180174,4.79765143867151,4.45978989332465,77.1637495126287,0.843499993960122,0.273916045411345
13.45,134.786477932685,141,21.3455374081365,76.9624143481876,5.48533935736724,3.38667554022555,4.50490000487504,77.640049871407,0.814501934062395,0.271423217423108
13.4666666666667,134.984786800543,140,20.3455374081365,77.1818796376038,5.47198252615224,3.3806649661788,4.5370213746646,78.0643577534778,0.832596196310713,0.268483877279501
13.4833333333333,135.221868760299,140,20.3455374081365,77.1771278545227,5.43634060449708,3.36462610143398,4.56854778345395,78.423569527722,0.83707732763945,0.264988465688186
13.5,135.512480687387,140,20.3455374081365,77.0629284425419,5.36435302848921,3.33223169223044,4.59925893889067,78.6459383363023,0.820243728995428,0.260542787655982
13.5166666666667,135.87538941195,139,19.3455374081365,76.8500560930974,5.25971515977858,3.28514465131066,4.62890050411984,78.7250802646863,0.784449302382283,0.255247703325372
13.5333333333333,136.330908714738,139,19.3455374081365,76.4515209048545,5.12760023371093,3.22569293458021,4.65725213778225,78.6630536654361,0.732848874316351,0.249245340442088
13.55,136.897429794903,139,19.3455374081365,75.9769049691081,4.9647323522861,3.15240238793904,4.68409848595223,78.4302972008685,0.663819102409521,0.242442201355081
13.5666666666667,137.588669914058,139,19.3455374081365,75.4322022738434,4.78087080638073,3.06966469228162,4.7092525274864,78.0492802492438,0.583069636804199,0.235108351806461
13.5833333333333,138.412608316051,139,19.3455374081365,74.8222922310907,4.58394962061976,2.98105015868919,4.73259372903025,77.5406875469465,0.495216766231984,0.227463108815755
13.6,139.360360544465,139,19.3455374081365,74.151312981483,4.38019512566379,2.889360635959,4.75405477485114,76.9228081288138,0.403862436697571,0.219678304330805
13.6166666666667,140.382498121091,140,20.3455374081365,73.4229426175649,4.17433143051341,2.79672197314133,4.77360952402583,76.2113647986592,0.311721680311312,0.21188399926713
13.6333333333333,141.433427886504,140,20.3455374081365,72.7366032696186,3.9698215199463,2.70469251338613,4.79126265707642,75.4196181604521,0.22076852421976,0.204175191687923
13.65,142.48160267485,141,21.3455374081365,71.9935493323751,3.77804577293077,2.61839342722914,4.80707732241417,74.5954094960746,0.137394191286622,0.196867849971787
13.6666666666667,143.506616783729,141,21.3455374081365,71.2934103577972,3.59641139169539,2.53665795567322,4.82114615728415,73.7354779395083,0.0600721835717389,0.189888396984746
13.6833333333333,144.496106392384,142,22.3455374081365,70.5379899079884,3.43197853034106,2.46266316806377,4.83358156541968,72.8747772969586,-0.00729078712805097,0.183432551105144
13.7,145.443223384125,142,22.3455374081365,69.8276067031494,3.27921164809373,2.39391807105247,4.84449836643025,72.0003374223245,-0.0679028215092657,0.177344842674698
13.7166666666667,146.34478454652,143,23.3455374081365,69.0647615514248,3.14328201993688,2.33274973838189,4.85401314871457,71.1400537183108,-0.118927130295235,0.171768445253576
13.7333333333333,147.199976944534,143,23.3455374081365,68.3503988142449,3.01754196708287,2.27616671459758,4.86223374620259,70.27602100607,-0.164192908235132,0.16651697594459
13.75,148.009471204525,144,24.3455374081365,67.5875312312876,2.90660019218983,2.22624291589572,4.86926353353328,69.4328379377354,-0.201168506392673,0.161718000676693
13.7666666666667,148.774821042822,145,25.3455374081365,66.877485110775,2.80361681737412,2.17990039722865,4.87519432741369,68.5905201226436,-0.233776663124849,0.157179844294773
13.7833333333333,149.498060461722,145,25.3455374081365,66.2195269099215,2.71324248149026,2.13923194608091,4.88011292940182,67.7724560063972,-0.25944667763433,0.15303130152455
13.8,150.181436820224,146,26.3455374081365,65.517066974505,2.63774935063996,2.10526003719828,4.8841315844954,66.9948288873469,-0.27697415319942,0.14933494483151
13.8166666666667,150.827237276311,146,26.3455374081365,64.8718052977137,2.5688493125805,2.07425502007152,4.88733687749304,66.2315634481685,-0.291094539619171,0.14585884176847
13.8333333333333,151.437679405879,147,27.3455374081365,64.1872985505464,2.51038828824731,2.04794755912158,4.8898019879886,65.5017899025245,-0.299678850287974,0.142709449987932
13.85,152.014845857878,148,28.3455374081365,63.5651881324459,2.45534438752403,2.02317780379611,4.89158502047953,64.7820401602682,-0.306721554435829,0.139690159483465
13.8666666666667,152.560649001732,148,28.3455374081365,63.0048353533281,2.40854404639454,2.00211765028784,4.89273903664425,64.0936179523314,-0.309521858713463,0.136934793880562
13.8833333333333,153.076815748048,149,29.3455374081365,62.409548563928,2.37263197389069,1.9859572176611,4.89334457211912,63.4515604361341,-0.306636274281915,0.134516432143748
13.9,153.564885800493,149,29.3455374081365,61.8807593800277,2.33977804686653,1.97117295050023,4.89345957694025,62.8292360785076,-0.302515941698619,0.132216025578972
13.9166666666667,154.026218447534,150,30.3455374081365,61.3216220846034,2.3142988654182,1.95970731884848,4.89313203016594,62.2455548373706,-0.294743733516355,0.130153265935351
13.9333333333333,154.462004596093,150,30.3455374081365,60.8332727187678,2.28961192090493,1.94859819381751,4.89239819621926,61.676987259799,-0.287046889276819,0.128143902001166
13.95,154.873281816244,150,30.3455374081365,60.3184908738265,2.27092838454071,1.94019060245361,4.8912923341142,61.1448176618805,-0.27649115872534,0.126332590153342
13.9666666666667,155.260950638344,151,31.3455374081365,59.7820013781327,2.25227814636214,1.93179799527326,4.88984258201732,60.6272477385604,-0.266451191554341,0.124552183775397
13.9833333333333,155.625790978736,151,31.3455374081365,59.3242173977059,2.2303318521678,1.92192216288581,4.88804261437558,60.1099658471555,-0.258779315174732,0.122709116561237
14,155.968478019613,152,32.3455374081365,58.8470570395639,2.21253305238674,1.91391270298433,4.8859044993234,59.6211521095532,-0.249261692974857,0.121010300708645
14.0166666666667,156.289597187757,152,32.3455374081365,58.4503511949959,2.19435673123214,1.90573335846476,4.88344783564445,59.1439464466691,-0.240450553450477,0.119328916771863
14.0333333333333,156.58965804705,152,32.3455374081365,58.035600126364,2.18226937856931,1.90029404976648,4.88070248291817,58.7041787830988,-0.22870088833218,0.117844706155744
14.05,156.869106813659,152,32.3455374081365,57.6063303124344,2.17097774904718,1.89521281648152,4.87769930328454,58.2829281119229,-0.217009725906934,0.11640949018709
14.0666666666667,157.128337419589,153,33.3455374081365,57.1658635015774,2.15743070208625,1.8891166453491,4.87443818344137,57.8674978517481,-0.207080006739511,0.114937560628757
14.0833333333333,157.367701189963,153,33.3455374081365,56.8131937522492,2.14015485587527,1.88134251455417,4.8709022584193,57.4499787148531,-0.199708931676039,0.113387179374739
14.1,157.587515226321,153,33.3455374081365,56.4488872436635,2.12766787895361,1.87572337493942,4.86710389295429,57.0627929606605,-0.19007895518743,0.111995304887092
14.1166666666667,157.788069602503,153,33.3455374081365,56.0755338952219,2.11596734102582,1.87045813287191,4.86306885424581,56.6916578872021,-0.180455344695861,0.110649795821523
14.1333333333333,157.969633489407,153,33.3455374081365,55.6955734274745,2.10273663813844,1.86450431657259,4.85879942672421,56.3269593781421,-0.17213024155945,0.109285484217681
14.15,158.132460392549,153,33.3455374081365,55.3112011313964,2.0868468933077,1.85735393139876,4.85428511270585,55.9626772672893,-0.165713861765838,0.107870304698676
14.1666666666667,158.276792673051,153,33.3455374081365,54.9243299172105,2.06796490730252,1.84885703769643,4.8495100088677,55.595455392375,-0.161362697033103,0.106394375888845
14.1833333333333,158.40286528164,153,33.3455374081365,54.5365888207379,2.04625574133736,1.8390879130121,4.8444576102186,55.2238324385356,-0.158951875645066,0.104861716534103
14.2,158.510908756401,153,33.3455374081365,54.1493432529758,2.02216552786582,1.82824731694991,4.83911369573425,54.847630225624,-0.158200433350902,0.10328419553048
14.2166666666667,158.601151606727,153,33.3455374081365,53.7637265001989,1.99626948822105,1.81659409910976,4.83346783920194,54.467484794649,-0.158758487263135,0.101677297764533
14.2333333333333,158.673822188437,153,33.3455374081365,53.3806753367873,1.96917097674796,1.80439976894687,4.82751397929766,54.0845001051678,-0.160264726680499,0.100057311005533
14.25,158.729150224511,153,33.3455374081365,53.0009651824819,1.94143901183383,1.79192038473552,4.82125038285691,53.7000024814303,-0.162381613588613,0.0984395847221809
14.2666666666667,158.767368102196,153,33.3455374081365,52.6252421313723,1.91357373883255,1.77938101188494,4.81467924891629,53.315374707427,-0.164814483531281,0.0968375669222671
14.2833333333333,158.788711830928,153,33.3455374081365,52.2540505221766,1.88599129936468,1.7669689141244,4.80780612980215,52.9319508213061,-0.167319524570196,0.0952623816035833
14.3,158.79342166882,153,33.3455374081365,51.8878556245043,1.8590214744321,1.75483249290474,4.80063928894878,52.5509554625932,-0.169704490146807,0.0937227621027324
14.3166666666667,158.781742565215,153,33.3455374081365,51.5270615880758,1.83291312826936,1.74308373713151,4.7931890718357,52.1734745913868,-0.171825024168248,0.0922252018325939
14.3333333333333,158.753924538277,153,33.3455374081365,51.1720251301413,1.80784386697869,1.73180256955071,4.78546733453432,51.8004472227136,-0.173578663673775,0.0907742225239482
14.35,158.710222856706,153,33.3455374081365,50.8230655930301,1.78393143953631,1.72104197720163,4.77748695179779,51.4326703317797,-0.174897934730709,0.0893726910961583
14.3666666666667,158.650898017234,152,32.3455374081365,50.4804720458002,1.76124526999194,1.71083320090667,4.76926141144406,51.070811211027,-0.175743456873017,0.0880221402670609
14.3833333333333,158.576215649804,152,32.3455374081365,50.0485068045208,1.73981715156193,1.70119054761316,4.76080449220387,50.7154232837196,-0.176097600156781,0.0867230658899499
14.4,158.486446454875,152,32.3455374081365,49.6294591663123,1.71071489058456,1.68809453017334,4.75209382738335,50.3301763780104,-0.180972028245649,0.0852259112638461
14.4166666666667,158.381866028697,152,32.3455374081365,49.2231944067637,1.67816531694417,1.67344722203517,4.74309291496264,49.9278827456193,-0.187934991915369,0.0836480524205361
14.4333333333333,158.262754556618,152,32.3455374081365,48.8293562255043,1.64506578077541,1.65855243075923,4.73379168570949,49.5183221175319,-0.19533018506988,0.0820698531533572
14.45,158.129396496081,152,32.3455374081365,48.4475037359086,1.61328522392581,1.64425118017691,4.72419769963379,49.1087037305763,-0.202098495631993,0.0805430463713653
14.4666666666667,157.982080344796,151,31.3455374081365,48.0771971852343,1.58392596659942,1.63103951438003,4.71432944956969,48.7041452070042,-0.207623930664259,0.0790980226214831
14.4833333333333,157.821098342339,151,31.3455374081365,47.6220450717859,1.55754108246682,1.61916631652036,4.7042114566352,48.3081230019257,-0.211606306492398,0.0777498826461277
14.5,157.646746078729,151,31.3455374081365,47.1837771778708,1.52537218173317,1.60469031119022,4.69383463667769,47.8860834260974,-0.218973146492888,0.0762539926838442
14.5166666666667,157.459322126067,151,31.3455374081365,46.7617969013011,1.49159805397427,1.58949195369872,4.6831761946477,47.4517867775993,-0.227334084479645,0.0747264686932306
14.5333333333333,157.259127783909,151,31.3455374081365,46.3553773109795,1.45893878793361,1.57479528398042,4.67223889086112,47.0153877072534,-0.235146228961124,0.0732428112174273
14.55,157.046466785861,151,31.3455374081365,45.9637865165668,1.42902238174557,1.5613329011958,4.66104152483244,46.5840947030823,-0.241498263658475,0.0718481123779639
14.5666666666667,156.821645004524,151,31.3455374081365,45.5863596319287,1.40022372198367,1.54837350430295,4.65011089278814,46.1623570269863,-0.248266298717463,0.0705655745919918
14.5833333333333,156.584970257648,152,32.3455374081365,45.2224946538791,1.38380210727868,1.5409837776857,4.63728412506926,45.7535656223759,-0.244952619940436,0.0694070031072119
14.6,156.33675206891,152,32.3455374081365,44.9678008506904,1.36503406580292,1.53253815902161,4.6255129822279,45.3633397268817,-0.245457240972972,0.0683614305979163
14.6166666666667,156.077301355682,152,32.3455374081365,44.7199719052408,1.35850447308214,1.52959984229726,4.6136397446874,45.0244802286466,-0.239246158366842,0.0676686721535499
14.6333333333333,155.806930090163,152,32.3455374081365,44.4790847198808,1.35973667623329,1.53015433371527,4.60174201222481,44.725264624886,-0.228909038885524,0.0672037975018595
14.65,155.525950964528,152,32.3455374081365,44.2454857636669,1.36548394856179,1.5327406062631,4.58986849822906,44.4564376190186,-0.216314352960265,0.0668761296512617
14.6666666666667,155.234677079594,152,32.3455374081365,44.0196395560372,1.37348832395598,1.53634257519049,4.57804732045909,44.2109411006777,-0.20275333821375,0.0666225317344858
14.6833333333333,154.933421669721,153,33.3455374081365,43.8020276641772,1.38225774085967,1.54028881279715,4.56629255244265,43.9835753244144,-0.189071972355879,0.0664012025451115
14.7,154.622497872624,153,33.3455374081365,43.6890872467136,1.39087200746147,1.54416523276795,4.55460921438242,43.77064652451,-0.175785196681087,0.0661862738327617
14.7166666666667,154.302218550162,153,33.3455374081365,43.5791255642908,1.40775722462032,1.55176358048944,4.54303312487226,43.6064212612557,-0.158158338671957,0.0662125947303621
14.7333333333333,153.97289616459,153,33.3455374081365,43.4727574852547,1.42844175975152,1.56107162129848,4.53161128678006,43.4768231326434,-0.13875036938764,0.0663553758555624
14.75,153.634842713709,154,34.3455374081365,43.3707016238115,1.44995187248429,1.57075117202823,4.52036291701043,43.3713755609901,-0.11924896284837,0.0665315470663871
14.7666666666667,153.288369727723,154,34.3455374081365,43.3696506406328,1.47044198606116,1.57997172313782,4.50928924575957,43.2825532601165,-0.100688422182778,0.0666894632948196
14.7833333333333,152.933788327222,154,34.3455374081365,43.368144940609,1.50363593129007,1.97081798131334,4.49724065039744,43.2429884270978,-0.073113577859384,0.0670495340593009
14.8,152.571409254338,155,35.3455374081365,43.3801594755362,1.50267991671238,1.97014877110896,4.49279517158657,43.2261630390258,-0.0791098863071728,0.0674842431136863
14.8166666666667,152.201542336733,155,35.3455374081365,43.5136629203808,1.50509973324815,1.971842642684,4.48838047862737,43.2157975673352,-0.0829898588901361,0.0680020187742484
14.8333333333333,151.824495150645,155,35.3455374081365,43.6636885058143,1.52130347022621,1.98318525856864,4.48410251695821,43.2575824150606,-0.0790140014041082,0.0688986545239537
14.85,151.440572147379,156,36.3455374081365,43.8281567610952,1.54733452511373,2.00140699698991,4.48009849168363,43.3439912847728,-0.0695903134063626,0.0700707946339017
14.8666666666667,151.05007446187,156,36.3455374081365,44.101717652264,1.57994317432758,2.0242330514396,4.47646352734153,43.4677081203475,-0.056671115974911,0.0714325500047002
14.8833333333333,150.653300087451,157,37.3455374081365,44.3814524463023,1.62543453675353,2.05607700513776,4.47331490827178,43.6589380831596,-0.0368384028295114,0.0731655145184304
14.9,150.250544421426,157,37.3455374081365,44.7632147884552,1.67756256484903,2.09256662480461,4.4707644010467,43.8995755088158,-0.013751585305793,0.0751008661556492
14.9166666666667,149.842101494289,157,37.3455374081365,45.1452689230284,1.74088668957428,2.13689351211229,4.46891861520451,44.2122989336026,0.0150409176633553,0.0773707652792521
14.9333333333333,149.428266528634,157,37.3455374081365,45.5285108728504,1.80830017601182,2.18408295261857,4.46786370259271,44.5740585230817,0.0454312039809876,0.0797809067784832
14.95,149.009334764073,157,37.3455374081365,45.9141041269592,1.8752529097783,2.2309498662551,4.46761835127006,44.9677745381549,0.0748413823041923,0.0822048357004655
14.9666666666667,148.585601477221,157,37.3455374081365,46.3031619593773,1.9390957002941,2.27563981961617,4.46815966173143,45.3813453340301,0.101818975807067,0.0845670276887387
14.9833333333333,148.157363096482,157,37.3455374081365,46.6965727241354,1.99852112732039,2.31723761853457,4.4694419433686,45.806598438589,0.125696493943811,0.0868282787296757
15,147.724918418793,157,37.3455374081365,47.0949239500505,2.05311390359744,2.3554525619285,4.47140964242508,46.2383112376156,0.146320756320977,0.0889738347615868
15.0166666666667,147.288570021108,156,36.3455374081365,47.4984903798275,2.10300751653827,2.39037809098708,4.47400566395328,46.6733667756628,0.163848376955448,0.0910042407141604
15.0333333333333,146.848625945262,156,36.3455374081365,47.8112585426403,2.14863496571996,2.42231730541426,4.47717625680327,47.1100689510004,0.178598924127038,0.0929286328766656
15.05,146.405401506507,155,35.3455374081365,48.1350224603066,2.18171853876582,2.44547580654637,4.48081756283476,47.5108577494601,0.186033995667147,0.0945107791432006
15.0666666666667,145.959221268763,154,34.3455374081365,48.3729058959848,2.20720151543961,2.46331389021802,4.48481210881081,47.8879971657353,0.189094700594899,0.0958825873972443
15.0833333333333,145.510421301847,154,34.3455374081365,48.5296372956058,2.21972727492845,2.47208192186021,4.48903528093567,48.2142530228231,0.184911416030249,0.0968884882058444
15.1,145.059351664372,153,33.3455374081365,48.7053314722492,2.21712945009411,2.47026344447617,4.49331977108812,48.4723955718572,0.172465829829418,0.0974598716991609
15.1166666666667,144.606379233457,151,31.3455374081365,48.8013030890554,2.20813462888238,2.46396706962796,4.49754179059849,48.6893326914292,0.156831624309988,0.097834257190128
15.1333333333333,144.151890905298,150,30.3455374081365,48.7246034533139,2.21004675923312,2.46530556087348,4.49743313108053,48.8516610552163,0.155762236706628,0.0979145692351799
15.15,143.696297131773,149,29.3455374081365,48.5804888874624,2.18762439285329,2.44960990440759,4.49768642534979,48.9224641913947,0.14022468265881,0.0973747818341737
15.1666666666667,143.240035777581,148,28.3455374081365,48.3716357971154,2.13787810522254,2.41478750306607,4.49935495688519,48.8970185426364,0.106414398928161,0.0962991010883318
15.1833333333333,142.783576297697,147,27.3455374081365,48.0994930023721,2.0786907039472,2.37335632217334,4.49938918202812,48.7811532661154,0.0700596787798694,0.0947835415122569
15.2,142.327424297269,146,26.3455374081365,47.764771215653,2.01222359392207,2.32682934515574,4.49785708070576,48.5787704334162,0.0321438500355654,0.0929120730333882
15.2166666666667,141.872126575193,145,25.3455374081365,47.3680054076984,1.91887972438401,2.2614886364791,4.49918320513983,48.2856013673465,-0.0268051775436501,0.0907612865120415
15.2333333333333,141.418276477734,144,24.3455374081365,46.9091463089196,1.82121541267457,2.19312361828249,4.49939203655137,47.9069377640138,-0.0865647412816176,0.0884227122113249
15.25,140.966519372273,144,24.3455374081365,46.3876990350816,1.72146468792601,2.1232981109585,4.49844692586403,47.4511127570232,-0.145866033069426,0.0859582328204199
15.2666666666667,140.517558195138,143,23.3455374081365,45.8993757819444,1.62093981913481,2.05293070280466,4.49633192970819,46.9240671448438,-0.203986470927504,0.0834050559575692
15.2833333333333,140.07215861824,142,22.3455374081365,45.3421102488854,1.52495584337445,1.71887464718188,4.4939482294207,46.3659288012789,-0.259630930929854,0.0810325148008138
15.3,139.631153227584,142,22.3455374081365,44.707216961126,1.4588143928736,1.68415038566893,4.48541574661033,45.7742821759758,-0.287412209144908,0.078729077053275
15.3166666666667,139.195444047165,141,21.3455374081365,44.0846311982733,1.39013087402704,1.64809153827449,4.47629926504519,45.1440560552785,-0.31625745353884,0.0763520961057992
15.3333333333333,138.766002320779,141,21.3455374081365,43.3776165671518,1.32369799216097,1.6132142752948,4.4666012080414,44.4939084459885,-0.343464238466413,0.074035185374428
15.35,138.343862667428,140,20.3455374081365,42.6875040876109,1.25343598743608,1.57632672281424,4.45631482628427,43.800421523882,-0.372460116001206,0.0716085592837993
15.3666666666667,137.930109081698,140,20.3455374081365,41.9173555673754,1.18504988056121,1.54042401670493,4.44543570227862,43.0852649427196,-0.400020256339578,0.0692311302521146
15.3833333333333,137.525849969729,140,20.3455374081365,41.168270364049,1.11304191934877,1.5026198370684,4.4339567096364,42.3272134934946,-0.429243212785434,0.0667493408682423
15.4,137.132179051236,139,19.3455374081365,40.4390816123056,1.04345394339559,1.46608614969298,4.42187701314085,41.5494601953348,-0.456717767846373,0.0643315790899255
15.4166666666667,136.750119689411,139,19.3455374081365,39.6326286995915,0.979857392326134,1.43269796038151,4.40923733720246,40.7685562453179,-0.480471223581596,0.0620782340016813
15.4333333333333,136.380551950706,139,19.3455374081365,38.849987780457,0.915152232614104,1.3987277515327,4.39605941520425,39.9590460316783,-0.504536482087594,0.0597916798092346
15.45,136.024125224555,139,19.3455374081365,38.0900784516039,0.854225875416388,1.3667414140039,4.38235926464682,39.1407669885605,-0.526170767841503,0.0576084603462274
15.4666666666667,135.68116455967,138,18.3455374081365,37.3518749689129,0.799855841891202,1.33819714640317,4.36818598089411,38.3277061530591,-0.543857133781617,0.0556069881326941
15.4833333333333,135.351584719672,138,18.3455374081365,36.5385435653876,0.753333084348664,1.31377269869334,4.35360610181463,37.5292955290732,-0.556935586913252,0.053824582811175
15.5,135.034829172702,138,18.3455374081365,35.7515502379205,0.706048762575716,1.28894842976254,4.33865070785355,36.7147775173615,-0.570298383131109,0.0520217098082806
15.5166666666667,134.729849635282,138,18.3455374081365,34.9901896864833,0.661962515537434,1.26580315006745,4.32333458650741,35.9001903150111,-0.581722843629566,0.0503089791822743
15.5333333333333,134.435134598625,138,18.3455374081365,34.2537519437313,0.62334345741444,1.24552814455287,4.30769937707285,35.0969107105553,-0.589968880288826,0.0487504324002485
15.55,134.148784153656,137,17.3455374081365,33.5416397247767,0.591262708090157,1.22868575115763,4.29180101087164,34.3126630702225,-0.594487294391735,0.0473770010038772
15.5666666666667,133.868618290804,137,17.3455374081365,32.7574186162254,0.565985257599752,1.21541508965016,4.27570100721501,33.5524168205443,-0.595189169029456,0.0461972442628251
15.5833333333333,133.592300179529,137,17.3455374081365,32.0028763360107,0.53836261801852,1.20091320387002,4.25941864707957,32.7823639860476,-0.597256285743758,0.0449562862922804
15.6,133.317456490018,137,17.3455374081365,31.2775300412265,0.512145536768757,1.18714923621389,4.24295368657113,32.016555903618,-0.59856560260866,0.043758554699535
15.6166666666667,133.041781558475,137,17.3455374081365,30.5807890381992,0.489605416699142,1.17531567317734,4.22633185236251,31.2651503281163,-0.597856808326964,0.0426677839018806
15.6333333333333,132.763118173235,137,17.3455374081365,29.9120790095906,0.471938649753311,1.16604062053078,4.20959372864537,30.535181270997,-0.594491944999886,0.0417180453645872
15.65,132.479513363856,137,17.3455374081365,29.2709061577017,0.459596269456385,1.1595608708749,4.19278684617554,29.8312711058385,-0.588260743562042,0.0409227670568279
15.6666666666667,132.189251424417,136,16.3455374081365,28.6568808435277,0.452541511924647,1.15585712317073,4.17596033036625,29.1562479826603,-0.579229480174216,0.0402817996061852
15.6833333333333,131.890868272416,136,16.3455374081365,27.9737144290761,0.450442987458746,1.15475539782614,4.15916151168068,28.5116549817695,-0.567628335172791,0.0397867303922779
15.7,131.583151538273,136,16.3455374081365,27.3232535330079,0.443906973557025,1.15132399052773,4.14239184794085,27.8613746067567,-0.558756399867099,0.0391754310223275
15.7166666666667,131.265130593249,136,16.3455374081365,26.7049811817022,0.436666023244545,1.14752249161368,4.12563214723145,27.2179635178533,-0.550478912307793,0.0385513897131574
15.7333333333333,130.936060107303,135,15.3455374081365,26.1181850126819,0.431108203202087,1.14460463609139,4.10888963155949,26.5906535990623,-0.541448515618042,0.0379811776994274
15.75,130.595399927416,135,15.3455374081365,25.4660921445303,0.428615887615037,1.14329617040819,4.09218770641926,25.9859297611232,-0.530902797357759,0.0375036704024136
15.7666666666667,130.242793323243,135,15.3455374081365,24.8499987055364,0.42094459499989,1.13926874178524,4.07551632366965,25.3713205116158,-0.523480418345505,0.0368885571966197
15.7833333333333,129.878045025933,134,14.3455374081365,24.2688330034147,0.412546110098825,1.13485953721218,4.05885287473112,24.7619417455229,-0.516637648120845,0.0362593286035044
15.8,129.501099999964,134,14.3455374081365,23.6253596511741,0.406213632697599,1.13153498657653,4.04220601843054,24.1687141931497,-0.508800647758772,0.035693903452859
15.8166666666667,129.112023525122,133,13.3455374081365,23.0203858292864,0.394609083556823,1.12544259827763,4.02556100306196,23.5623656361553,-0.504092228425757,0.0349871666298966
15.8333333333333,128.710982905205,133,13.3455374081365,22.3563706384422,0.382716685358817,1.11919908922367,4.00889673780247,22.9602051520082,-0.49967055015217,0.0342775096186288
15.85,128.298230942284,132,12.3455374081365,21.7337073768916,0.364690273862416,1.10973522318806,3.99218471055136,22.3377845770475,-0.498802409285401,0.0334011446127437
15.8666666666667,127.874091256301,131,11.3455374081365,21.0544137454656,0.34646730175685,1.10016816283264,3.97540066793378,21.7159055582632,-0.498105435539856,0.0325229986361312
15.8833333333333,127.43894544311,130,10.3455374081365,20.3224625192132,0.322756542984049,1.08772001447692,3.95851945629945,21.0725317276571,-0.500537657794041,0.0314948524266984
15.9,126.993221802091,130,10.3455374081365,19.5415495327972,0.29086215679283,1.07097546172653,3.94148161440861,20.3932577549195,-0.507556056350451,0.0302401378844124
15.9166666666667,126.537385462853,129,9.34553740813647,18.8109615646673,0.249857584257947,1.04944806114572,3.92421232372754,19.6694637384976,-0.519603433884331,0.0287313159275717
15.9333333333333,126.07192986587,128,8.34553740813647,18.0314882340173,0.20885478590095,1.02792159200829,3.90667611608922,18.933519253045,-0.531496283982141,0.0272216605536978
15.95,125.597369530678,128,8.34553740813647,17.2059192436403,0.164438873706201,1.00460323810605,3.88885847050429,18.1714743072645,-0.545147536270438,0.0256155674189545
15.9666666666667,125.114233830131,127,7.34553740813647,16.4329064772956,0.114865897234507,0.97857742545841,3.87072274371209,17.3742831008374,-0.561503603593304,0.0238635601439529
15.9833333333333,124.623061673525,126,6.34553740813647,15.6128215464072,0.0684419645289142,0.954204860787974,3.8522645219212,16.57341200091,-0.575869956537895,0.0221971332418161
16,124.124397075706,126,6.34553740813647,14.7482019493741,0.0210214004314702,0.929309064636815,3.83349361158788,15.7538079948889,-0.590598539371068,0.0205008429256986
16.0166666666667,123.618785434085,125,5.34553740813647,13.9375684038499,-0.0292115501645345,0.889061279245759,3.81427937228833,14.9054363651911,-0.606484171985682,0.0187081027466001
16.0333333333333,123.106770449229,125,5.34553740813647,13.0807725129691,-0.0733565145550663,0.844916314855227,3.79439706074434,14.0596504723418,-0.618076525129093,0.0170347254500398
16.05,122.588891552638,124,4.34553740813647,12.2752545946366,-0.116294451587574,0.801978377822719,3.77389200787378,13.2011370828467,-0.628214013968785,0.0153481651368892
16.0666666666667,122.065681872916,124,4.34553740813647,11.420376036444,-0.152370669538499,0.765902159871794,3.75283794078951,12.3554973444928,-0.633830558661524,0.0138126646698912
16.0833333333333,121.537666683538,123,3.34553740813647,10.6141030485641,-0.187795594618799,0.730477234791495,3.73129584807965,11.502373931597,-0.638537915527228,0.0122604366359995
16.1,121.005362222323,123,3.34553740813647,9.75663168924261,-0.217573601522292,0.700699227888002,3.70932424548912,10.6639206707241,-0.639613763513202,0.0108359104293979
16.1166666666667,120.469274739533,122,2.34553740813647,8.94661965741859,-0.248140481388586,0.670132348021707,3.6869617553215,9.81770963923897,-0.640759291041374,0.0093630730675966
16.1333333333333,119.92989966123,122,2.34553740813647,8.08479284538452,-0.274462229100301,0.643810600309993,3.66424311695117,8.98481315852868,-0.639191741696563,0.00798542285677159
16.15,119.387720908743,121,1.34553740813647,7.2701856387707,-0.302796018223895,0.615476811186398,3.64118507888467,8.14238481183719,-0.638476508707097,0.00653011774502449
16.1666666666667,118.843206093514,121,1.34553740813647,6.403769806495,-0.327872838383803,0.590399991026491,3.61780400748107,7.31148654598371,-0.635669205764886,0.00514570689848413
16.1833333333333,118.296793850826,120,0.345537408136465,5.58472216554188,-0.355710940677427,0.562561888732867,3.59410225327926,6.46948310629627,-0.634177897029898,0.00366484435163188
16.2,117.748892553043,120,0.345537408136465,4.71408045635383,-0.380827707967283,0.53744512144301,3.57008556299898,5.63774144554321,-0.630921207306882,0.0022411825210925
16.2166666666667,117.199883518,119,-0.654462591863535,3.89103469030419,-0.409066229285814,0.509206600124479,3.54574890367592,4.79394443118489,-0.629197017013355,0.000711671317663045
16.2333333333333,116.650123833428,118,-1.65446259186353,3.01660217970171,-0.434809957014071,0.483462872396222,3.52109320523545,3.95974455970866,-0.625841042479976,-0.000766682934868705
16.25,116.099948767672,118,-1.65446259186353,2.09393208888071,-0.463806074109016,0.454466755301278,3.49611052230345,3.11305643557877,-0.624092658064513,-0.00235448393998273
16.2666666666667,115.549673883279,117,-2.65446259186353,1.22204266006415,-0.499098655209405,0.419174174200888,3.47072100358035,2.2389813536919,-0.625562001604033,-0.00414239263288143
16.2833333333333,114.999596867875,116,-3.65446259186353,0.301465371502084,-0.533171486325183,0.385101343085111,3.44488961446299,1.36497339465549,-0.625963536282794,-0.00592302326539007
16.3,114.449999233376,115,-4.65446259186353,-0.665251075770805,-0.570583544454685,0.918272829410294,3.41859790850289,0.473198039089812,-0.627854942165508,-0.00782445499437725
16.3166666666667,113.901147839233,115,-4.65446259186353,-1.65582932134503,-0.662626980954098,0.918272829410294,3.40179011968416,-0.468331016009716,-0.678918882607512,-0.00989601170404227
16.3333333333333,113.353295481342,114,-5.65446259186353,-2.5532253737098,-0.759519546592679,0.918272829410294,3.38512307379163,-1.47034583332353,-0.733206709667575,-0.0120223138740997
16.35,112.806680046691,113,-6.65446259186353,-3.45916005194204,-0.815484598404729,0.102788231005564,3.36228731603048,-2.47067443918055,-0.752902908280115,-0.0138020989122037
16.3666666666667,112.261523917218,112,-7.65446259186353,-4.40148819304196,-0.827149560647596,0.0911232687626972,3.33206018759643,-3.42919778152226,-0.734037904320422,-0.0153374363434649
16.3833333333333,111.718035082229,111,-8.65446259186353,-5.4050973240489,-0.838678237047012,0.079594592363281,3.30178856928385,-4.36672242930251,-0.715483742011657,-0.0168568639623588
16.4,111.176410545651,110,-9.65446259186353,-6.46406047531339,-0.857531261946107,0.0607415674641868,3.27141021274154,-5.31496919818434,-0.701351686699209,-0.0185736408786106
16.4166666666667,110.6368393589,109,-10.6544625918635,-7.57307308573218,-0.887224180271933,0.0310486491383603,3.24077341004807,-6.2943860758125,-0.693400049940293,-0.0205976605594369
16.4333333333333,110.099504577793,108,-11.6544625918635,-8.72779179242075,-0.928703340136079,0,3.20969099899833,-7.31690169183945,-0.691892006524184,-0.0229695797869728
16.45,109.564584633433,108,-11.6544625918635,-9.92490582431618,-0.981387767774351,0,3.17797320802019,-8.38842669100472,-0.696232022766988,-0.0256873407627772
16.4666666666667,109.032254272846,107,-12.6544625918635,-11.0660522845906,-1.04598324042984,0,3.14586557318441,-9.51144011471281,-0.707370832118087,-0.0287254286685948
16.4833333333333,108.502685291912,106,-13.6544625918635,-12.2501797812465,-1.11492867700662,0,3.11389949995057,-10.6515331113805,-0.722069517290298,-0.0317936190057035
16.5,107.976046999082,105,-14.6544625918635,-13.4723027494008,-1.19068741966023,0,3.08210105575168,-11.8215822223118,-0.74175815371898,-0.0349540335230412
16.5166666666667,107.452506477764,105,-14.6544625918635,-14.7271470631138,-1.2739265714142,0,3.05047317611372,-13.0286962803435,-0.766817880101757,-0.0382205031400455
16.5333333333333,106.932228719181,104,-15.6544625918635,-15.9138498250181,-1.36413746654099,0,3.01901865782201,-14.2755426687046,-0.796964173880097,-0.0415741700978227
16.55,106.415376683596,104,-15.6544625918635,-17.1299890949529,-1.4509746606539,0,2.98774016264013,-15.5248256932339,-0.82631418245481,-0.0447278076402252
16.5666666666667,105.902111322904,103,-16.6544625918635,-18.2752491261779,-1.53682333082569,0,2.95664022094486,-16.7861840208481,-0.856150131293097,-0.0477527240288412
16.5833333333333,105.392591585605,103,-16.6544625918635,-19.4477091086925,-1.61365569903583,0,2.92572123527887,-18.0281179140189,-0.881853214964018,-0.0504329405242289
16.6,104.886974417073,102,-17.6544625918635,-20.5475109456446,-1.68569757126265,0,2.89498548382292,-19.2650701775801,-0.905717968013373,-0.0528954607536333
16.6166666666667,104.385414762744,102,-17.6544625918635,-21.6731504743419,-1.74636826662882,0,2.86443512378917,-20.4695095995755,-0.923929211696846,-0.0549672711520407
16.6333333333333,103.888065578316,102,-17.6544625918635,-22.7251476524719,-1.80101735325418,0,2.83407219473725,-21.6591447077949,-0.939412734502371,-0.0568079719621119
16.65,103.395077848759,101,-18.6544625918635,-23.7063388467075,-1.84392345916758,0,2.80389862181476,-22.809119990748,-0.948842800152647,-0.0582687487250356
16.6666666666667,102.906600616395,101,-18.6544625918635,-24.7156012310429,-1.87196693305167,0,2.77391621892374,-23.9024866436688,-0.95033698819424,-0.0592774130009311
16.6833333333333,102.422781017326,101,-18.6544625918635,-25.6537836816859,-1.89302066789327,0.0459136414705147,2.74412669181461,-24.9652077753468,-0.948247275568144,-0.0600651484860746
16.7,101.94376432206,100,-19.6544625918635,-26.5195619820919,-1.91353567902072,0.0459136414705147,2.71665889453845,-25.9831032679582,-0.950132978501143,-0.0605272844286351
16.7166666666667,101.469693912918,100,-19.6544625918635,-27.4081389062002,-1.92001953658005,0.0459136414705147,2.68938651753472,-26.9443315324171,-0.944211499746503,-0.0605916381281041
16.7333333333333,101.000711138651,100,-19.6544625918635,-28.221529230589,-1.91990186989434,0.0459136414705147,2.662310421829,-27.8729810955648,-0.934603474809054,-0.0604756504178324
16.75,100.536955207527,99,-20.6544625918635,-28.9639092578332,-1.90909190338983,0.0459136414705147,2.63543138952207,-28.7496807881847,-0.918937110336558,-0.0600739617861415
16.7666666666667,100.078563161666,99,-20.6544625918635,-29.7353514666564,-1.8857157185698,0.0459136414705147,2.60875012611691,-29.5621562017228,-0.896075720028284,-0.0593457209393793
16.7833333333333,99.6256699002112,99,-20.6544625918635,-30.4377652548533,-1.85856562086273,0.0459136414705147,2.58226726279116,-30.3403187325832,-0.870938730000024,-0.0585433559253176
16.8,99.1784082296866,98,-21.6544625918635,-31.0752027491449,-1.8243564554035,0.0459136414705147,2.55598335861604,-31.0689980906892,-0.841644745169923,-0.057579967195917
16.8166666666667,98.7369089280147,98,-21.6544625918635,-31.7475961083257,-1.78160970605902,0.0459136414705147,2.52989890272295,-31.7388605961142,-0.807318156492787,-0.0564212386091712
16.8333333333333,98.3013008135375,98,-21.6544625918635,-32.3567007101374,-1.73921735494913,0.0459136414705147,2.50401431641894,-32.3817873493074,-0.77297210469645,-0.0553177654152264
16.85,97.8717108134053,97,-22.6544625918635,-32.9064032067453,-1.69378679836204,0.0459136414705147,2.47832995525195,-32.9838368597156,-0.736699764359704,-0.0541751713353935
16.8666666666667,97.4482640276347,97,-22.6544625918635,-33.4964608857024,-1.64359289683965,0.0459136414705147,2.45284611102708,-33.5363456928485,-0.697518174383122,-0.0529480830724367
16.8833333333333,97.0310837864408,96,-23.6544625918635,-34.0284467371395,-1.59719338840734,0.0459136414705147,2.42756301377481,-34.071450416859,-0.660279662171133,-0.0518740005591385
16.9,96.6202916993607,96,-23.6544625918635,-34.6020604919884,-1.55081239986285,0.0459136414705147,2.40248083367226,-34.5751629462013,-0.622884634710815,-0.0508445472734012
16.9166666666667,96.2160076957034,96,-23.6544625918635,-35.1188175875522,-1.50577217120787,0,2.37645194247421,-35.0742846852758,-0.58395968026445,-0.0500499006114359
16.9333333333333,95.8183500568544,95,-24.6544625918635,-35.5868003832164,-1.45835735304114,0,2.34964483949142,-35.5455726298325,-0.541830044060267,-0.0493604112980118
16.95,95.4274355167142,95,-24.6544625918635,-36.1094275172624,-1.41153284129166,0,2.32303967121778,-35.981657505526,-0.500055831663701,-0.0487217379804034
16.9666666666667,95.0433794854976,95,-24.6544625918635,-36.5870501567535,-1.37386710001174,0,2.29663691532409,-36.4173222358727,-0.46352645587024,-0.04836661237579
16.9833333333333,94.6662962302739,94,-25.6544625918635,-37.0222135471434,-1.34122137702912,0,2.27043698124954,-36.8397683049973,-0.429964838963252,-0.0481717978140667
17,94.2962989620723,94,-25.6544625918635,-37.5133961365248,-1.31087271272429,0,2.24444021228318,-37.2402138557062,-0.397865794485825,-0.0480571439163668
17.0166666666667,93.9334998635254,94,-25.6544625918635,-37.9609541244864,-1.29025472155875,0,2.2186468875959,-37.6497997916742,-0.371477440428933,-0.0482231099377572
17.0333333333333,93.578010080072,93,-26.6544625918635,-38.3674304636627,-1.27443106776593,0,2.19305722422399,-38.0529591216692,-0.348064813082458,-0.0485245696261844
17.05,93.2299396898976,93,-26.6544625918635,-38.8312947914227,-1.26013861471379,0,2.16767137900536,-38.4388279560369,-0.325805689199727,-0.0488673168973582
17.0666666666667,92.88939766345,93,-26.6544625918635,-39.2528887304235,-1.25446516671736,0,2.14248945046934,-38.8370015339964,-0.308738286868129,-0.049443588909566
17.0833333333333,92.5564918211121,93,-26.6544625918635,-39.6347355884834,-1.25227343585744,0,2.11751148068116,-39.2307835905051,-0.293998300691291,-0.050104310450719
17.1,92.2313287967109,92,-27.6544625918635,-39.9792796677107,-1.25020553488556,0,2.09273745704196,-39.6085017884121,-0.279693881033469,-0.0507543904478387
17.1166666666667,91.9140140146476,92,-27.6544625918635,-40.3848841143401,-1.24621738741408,0,2.06816731404546,-39.9623492766841,-0.264655580246937,-0.051338084653433
17.1333333333333,91.6046516894663,92,-27.6544625918635,-40.7517775945763,-1.24833050431696,0,2.043800934992,-40.3243021664486,-0.25342287684933,-0.0520769453675474
17.15,91.3033448587484,92,-27.6544625918635,-41.0823652520386,-1.25211582420555,0,2.01963815366108,-40.6795009653589,-0.243512675843489,-0.052844021298086
17.1666666666667,91.010195463677,91,-28.6544625918635,-41.3789691633591,-1.2547464891803,0,1.99567875594312,-41.0176738471987,-0.233319720352637,-0.0535607248853293
17.1833333333333,90.7253044971167,91,-28.6544625918635,-41.7398272298327,-1.25457106795876,0,1.97192248143147,-41.3320660901365,-0.221887032628452,-0.0541834524047538
17.2,90.4487722478052,91,-28.6544625918635,-42.0650407966732,-1.2598964233385,0,1.94836902497542,-41.6554290160408,-0.213908899205849,-0.0549425363212379
17.2166666666667,90.1806986834208,91,-28.6544625918635,-42.3568864615305,-1.26649636067368,0,1.92501803819508,-41.9734594026668,-0.207012543374711,-0.0557172411402866
17.2333333333333,89.921184038973,91,-28.6544625918635,-42.6175572946791,-1.27168411119067,0,1.90186913095905,-42.2762696699965,-0.199669033387711,-0.0564332595632191
17.25,89.6703297181792,90,-29.6544625918635,-42.8491611445391,-1.27390113282424,0,1.8789218728255,-42.5573551771054,-0.190972048554566,-0.0570498265838262
17.2666666666667,89.4282396910667,90,-29.6544625918635,-43.1497208158751,-1.27239887021194,0,1.85617579444762,-42.8127749537125,-0.180465922468865,-0.0575498266087705
17.2833333333333,89.1950227188861,90,-29.6544625918635,-43.419122840034,-1.27610784303328,0,1.8336303889442,-43.0773434921559,-0.173194525815637,-0.0581815013370251
17.3,88.9707960519598,90,-29.6544625918635,-43.6594303079583,-1.28121447309065,0,1.81128511323599,-43.3382334471097,-0.1670193528557,-0.0588356118133669
17.3166666666667,88.7556919948076,90,-29.6544625918635,-43.8726249970986,-1.28528719867755,0,1.78913938934869,-43.5865768520555,-0.160559179009715,-0.0594446274314314
17.3333333333333,88.5498708277966,90,-29.6544625918635,-44.0606064742343,-1.28690721159613,0,1.76719260568327,-43.8165371981005,-0.152991399037096,-0.0599711539369447
17.35,88.3535512024898,90,-29.6544625918635,-44.2251916996454,-1.28538278263261,0,1.74544411825435,-44.0245736340383,-0.143897679042248,-0.0603990522165979
17.3666666666667,88.1671049992752,90,-29.6544625918635,-44.3681150800895,-1.28053008378578,0,1.72389325189728,-44.2088602987327,-0.133144964451195,-0.0607266869749174
17.3833333333333,87.9911976303604,90,-29.6544625918635,-44.4910289215438,-1.27250668211027,0,1.70253930144471,-44.3688305764933,-0.120794583010733,-0.0609618531229622
17.4,87.8266482337144,89,-30.6544625918635,-44.5955042360382,-1.26168655135084,0,1.68138153287323,-44.5048216472434,-0.107033571687235,-0.0611180164009864
17.4166666666667,87.6742256297592,89,-30.6544625918635,-44.779033130008,-1.24856762831304,0,1.66041918442077,-44.6177992919707,-0.0921234928029356,-0.0612115769835124
17.4333333333333,87.5345491335229,89,-30.6544625918635,-44.9409795143185,-1.24281806850359,0,1.63965146767543,-44.7459853427868,-0.081544441674415,-0.061509154315452
17.45,87.4080583804597,89,-30.6544625918635,-45.0828936265525,-1.24099121864153,0.0459136414705147,1.61907756863637,-44.8788079644885,-0.0733876235633819,-0.0619090640754536
17.4666666666667,87.2950181763372,89,-30.6544625918635,-45.2018144505501,-1.25114041122496,0.0459136414705147,1.60082390217652,-45.0130716206862,-0.0762099006018885,-0.0623389879287153
17.4833333333333,87.1955394792156,89,-30.6544625918635,-45.295241872925,-1.26017269808331,0.0459136414705147,1.58276179818367,-45.1438865068457,-0.0785482309583484,-0.0627249148065165
17.5,87.1096059877374,89,-30.6544625918635,-45.3654877796183,-1.26596815931811,0.0459136414705147,1.56488983385327,-45.2623880485994,-0.0791832062988976,-0.0630103139964013
17.5166666666667,87.037101000634,89,-30.6544625918635,-45.414726655786,-1.26745587990098,0.0459136414705147,1.54720658231378,-45.3630024417459,-0.0774778898173794,-0.0631694071444262
17.5333333333333,86.9778319126487,89,-30.6544625918635,-45.4449998380029,-1.26429814302361,0.0459136414705147,1.52971061313006,-45.4426094777618,-0.0732064146570517,-0.0631974368199182
17.55,86.9315512253949,90,-29.6544625918635,-45.4582199583608,-1.25665095527245,0.0459136414705147,1.51240049279163,-45.4998872031394,-0.0664233113314636,-0.0631033645356432
17.5666666666667,86.8979738351464,90,-29.6544625918635,-45.3601742678978,-1.24498462472502,0.0459136414705147,1.49527478518599,-45.5348022775787,-0.0573649896085948,-0.0629044683821119
17.5833333333333,86.8767908105292,90,-29.6544625918635,-45.2545800210605,-1.22083796653695,0.0459136414705147,1.47833205205752,-45.5113780099874,-0.0411949620873555,-0.062373185605867
17.6,86.8676800746692,90,-29.6544625918635,-45.1427763590737,-1.18895990002659,0.0459136414705147,1.46157085345212,-45.4432828993966,-0.0205308391904554,-0.0616515064102341
17.6166666666667,86.8703144745898,90,-29.6544625918635,-45.0259873768776,-1.15297614426067,0.0459136414705147,1.44498974814817,-45.3416054828672,0.00261022799378658,-0.0608456739656507
17.6333333333333,86.8843678522517,90,-29.6544625918635,-44.9053286142147,-1.11560906809428,0,1.42858729407384,-45.2153053636396,0.0266965618509753,-0.060033442759015
17.65,86.9095194548571,90,-29.6544625918635,-44.7862545395284,-1.06847673900306,0,1.41023479528216,-45.0672960323042,0.0604440461574192,-0.0592748478094999
17.6666666666667,86.9454567661313,90,-29.6544625918635,-44.6735928746499,-1.02460029940287,0,1.39205861720811,-44.9031180287678,0.0924064273840255,-0.0586390512891524
17.6833333333333,86.9918774238549,90,-29.6544625918635,-44.5672000896855,-0.986426848915737,0,1.37410737739929,-44.7329459942632,0.121063413431901,-0.0581820994570555
17.7,87.0484903199422,91,-28.6544625918635,-44.4664451929667,-0.957139027940891,0,1.35678111724243,-44.5649976813508,0.143811976340683,-0.0579302755843134
17.7166666666667,87.1150160449986,91,-28.6544625918635,-44.2737205403225,-0.936847895706723,0,1.3400394334748,-44.4054380770533,0.160622949462239,-0.0578838905764016
17.7333333333333,87.1911868460343,91,-28.6544625918635,-44.0893921577758,-0.915712760658812,0.00256006875148185,1.32381930510552,-44.2204108106179,0.177165665797412,-0.0577742109654366
17.75,87.2767462678569,90,-29.6544625918635,-43.912015696154,-0.896803624721146,0.0214692046891473,1.30810562293952,-44.0230844380973,0.191747485368554,-0.0576888073216247
17.7666666666667,87.3714485810119,90,-29.6544625918635,-43.836319168183,-0.881646794986086,0.0366260344242075,1.29284566108076,-43.8223269345661,0.20360015230313,-0.0576750000323922
17.7833333333333,87.4750580749541,90,-29.6544625918635,-43.7592992233381,-0.879470869101474,0.0388019603088191,1.27789111643336,-43.6604337116591,0.20774060923038,-0.0580020567120837
17.8,87.5873481987485,90,-29.6544625918635,-43.680878064134,-0.885661235323106,0.0326115940871874,1.26306446370154,-43.5279090669239,0.207037945707929,-0.0585551106249125
17.8166666666667,87.708100524221,90,-29.6544625918635,-43.6017333341579,-0.896812395954244,0.0214604334560492,1.24825471194464,-43.4166714302973,0.203575824224526,-0.0592476607350329
17.8333333333333,87.8371037708344,90,-29.6544625918635,-43.5229345730007,-0.910572557777117,0.00770027163317666,1.23339853239452,-43.3204009947881,0.19877017468309,-0.0600187911529438
17.85,87.974153048496,90,-29.6544625918635,-43.4456957445979,-0.92543716856942,0,1.21846442897017,-43.2345254417339,0.193510511635793,-0.0608287001860949
17.8666666666667,88.1190493651275,89,-30.6544625918635,-43.3712198795602,-0.940539213169124,0,1.20344050438882,-43.1560073841753,0.188297212617952,-0.0616538360289209
17.8833333333333,88.271599173405,89,-30.6544625918635,-43.3966134148829,-0.955459387423079,0,1.18832535273225,-43.0830510690501,0.183362593286617,-0.0624823286373658
17.9,88.4316139013688,89,-30.6544625918635,-43.4207961419177,-0.978796447141396,0,1.17304283480408,-43.0515171953161,0.173954181001881,-0.0635594911949303
17.9166666666667,88.5989094918424,89,-30.6544625918635,-43.4451089467326,-1.00615591141353,0,1.15750251631893,-43.0485027851887,0.162668636692397,-0.0647685179113381
17.9333333333333,88.7733059745562,88,-31.6544625918635,-43.4709632408226,-1.03627499703069,0,1.14198211651914,-43.0651087640224,0.149665471473098,-0.0660326209484019
17.95,88.9546270750553,88,-31.6544625918635,-43.5947991715111,-1.06808923674081,0,1.12661732099871,-43.0961907294544,0.135287066663029,-0.0673018911958874
17.9666666666667,89.1426998720711,88,-31.6544625918635,-43.7142166253364,-1.10947818574429,0,1.11140715521167,-43.1748926446819,0.11506093598678,-0.0687911888600593
17.9833333333333,89.3373544986006,88,-31.6544625918635,-43.82910922975,-1.155506017295,0,1.09635063544976,-43.2860096103753,0.0917467747838722,-0.0703571112075026
18,89.5384238879026,88,-31.6544625918635,-43.9394044007689,-1.2026269815297,0,1.08144676939341,-43.4178652514215,0.0673516537001979,-0.0718993915082728
18.0166666666667,89.7457435616965,87,-32.6544625918635,-44.0450600271174,-1.24836963796231,0,1.06669455664736,-43.5615901939038,0.0432976655016477,-0.0733507502434478
18.0333333333333,89.9591514575498,87,-32.6544625918635,-44.2420626349512,-1.2910851427805,0,1.05209298926118,-43.7105379107225,0.0205560150782462,-0.0746688508140274
18.05,90.1784877920703,87,-32.6544625918635,-44.4283738050321,-1.33886082292317,0,1.03764105223507,-43.8966516653932,-0.00542766840727832,-0.0760791864146612
18.0666666666667,90.4035949563723,87,-32.6544625918635,-44.6042403615565,-1.38712487373096,0,1.02333772401129,-44.1041953612741,-0.0320680646916004,-0.0774529235091065
18.0833333333333,90.6343174402776,87,-32.6544625918635,-44.7699336083935,-1.4327879969583,0,1.00918197695153,-44.3214463029452,-0.0575896012996575,-0.0787064090313689
18.1,90.8705017818001,87,-32.6544625918635,-44.92574533573,-1.47388065169625,0,0.995172777800582,-44.53983052894,-0.0808325086335083,-0.0797896575540272
18.1166666666667,91.1119965386141,87,-32.6544625918635,-45.0719841601121,-1.50926747515112,0.0459136414705147,0.981309088136574,-44.753228596761,-0.101099530133779,-0.0806773503480174
18.1333333333333,91.3586522750591,87,-32.6544625918635,-45.2045310145603,-1.54880551753114,0.0459136414705147,0.969717118237352,-44.9617126452738,-0.127892365356125,-0.0813570168122593
18.15,91.6103214851005,87,-32.6544625918635,-45.3198079106404,-1.58081142386081,0.0459136414705147,0.95826801263913,-45.1627424457746,-0.150485909986907,-0.0818016502841328
18.1666666666667,91.8668583838247,87,-32.6544625918635,-45.4191256156661,-1.60427008689117,0.0459136414705147,0.946960181860526,-45.3490972371751,-0.168238931977597,-0.081991769057747
18.1833333333333,92.1281187588177,87,-32.6544625918635,-45.5037308278296,-1.61898068145923,0.0459136414705147,0.93579205047248,-45.5163096925301,-0.180969901289623,-0.0819309486999909
18.2,92.3939599296982,87,-32.6544625918635,-45.5748070156567,-1.62529553372034,0.0459136414705147,0.924762057059348,-45.6619617362034,-0.188814474379483,-0.0816378518269034
18.2166666666667,92.6642407758919,87,-32.6544625918635,-45.6334754768209,-1.62392309710385,0.0459136414705147,0.91386865417759,-45.7851336750734,-0.192117255122207,-0.0811402918631581
18.2333333333333,92.9388218059762,87,-32.6544625918635,-45.6807965872767,-1.61578130226365,0.0459136414705147,0.90311030831212,-45.8859761408577,-0.191350593199512,-0.0804708842932419
18.25,93.2175652518191,87,-32.6544625918635,-45.7177712138886,-1.6018902544606,0.0459136414705147,0.892485499830427,-45.9653800620919,-0.18705459272323,-0.0796639283917636
18.2666666666667,93.5003351766162,87,-32.6544625918635,-45.7453422658484,-1.58329545397164,0.0459136414705147,0.881992722934528,-46.0247245768715,-0.179793654748499,-0.078753235028797
18.2833333333333,93.7869975895329,87,-32.6544625918635,-45.7643963621739,-1.56101450339246,0.0459136414705147,0.871630485610854,-46.0656866403609,-0.17012581371132,-0.0777706749289871
18.3,94.0774205619548,87,-32.6544625918635,-45.7757655944814,-1.53600171458041,0.0459136414705147,0.861397309578133,-46.0900992230828,-0.158581888060426,-0.0767452692333047
18.3166666666667,94.3714743418674,88,-31.6544625918635,-45.7802293660184,-1.5091261989881,0.0459136414705147,0.851291730233361,-46.0998475605083,-0.14565208115363,-0.0757026824415841
18.3333333333333,94.6690314639219,88,-31.6544625918635,-45.6825150197568,-1.48115996900473,0.0459136414705147,0.841312296595927,-46.0967950037398,-0.131778166039201,-0.0746650085082643
18.35,94.9699668534822,88,-31.6544625918635,-45.585350460299,-1.44365998587271,0.0459136414705147,0.831457571249969,-46.0458930585681,-0.112168279377121,-0.0734015346194751
18.3666666666667,95.2741579234796,88,-31.6544625918635,-45.48915322835,-1.40120627938056,0.0459136414705147,0.821726130285038,-45.9610368697897,-0.0893767520546335,-0.0720460617059682
18.3833333333333,95.5814846632976,89,-30.6544625918635,-45.3942907312483,-1.35714057499821,0.0459136414705147,0.812116563235127,-45.8530469475345,-0.0652892002494262,-0.0706937553656153
18.4,95.8918297192098,89,-30.6544625918635,-45.2050826171848,-1.31383888279962,0.0459136414705147,0.802627473016146,-45.7302791834083,-0.0412668252212468,-0.0694099540533212
18.4166666666667,96.2050784661149,89,-30.6544625918635,-45.0238549323245,-1.26381679895811,0.0459136414705147,0.793257475861907,-45.5622825324507,-0.0130810299949143,-0.0679879656812282
18.4333333333333,96.5211190704926,90,-29.6544625918635,-44.8506305349644,-1.21214175472254,0,0.784005201258672,-45.3660912840622,0.0164128993975081,-0.0665718318010147
18.45,96.8398425477545,90,-29.6544625918635,-44.5938303800799,-1.15192475649877,0,0.772742038449131,-45.1502611987485,0.0550746217521214,-0.0652621871713803
18.4666666666667,97.1611428859351,91,-28.6544625918635,-44.3593570265079,-1.08794227697986,0,0.761594451230013,-44.8872763467449,0.0961279402452758,-0.0639010150121018
18.4833333333333,97.4849172966212,91,-28.6544625918635,-44.0499343413551,-1.02682857003723,0,0.750561646570576,-44.6018672231528,0.135804662918546,-0.0626720756100066
18.5,97.8110664118806,91,-28.6544625918635,-43.7663707525284,-0.964683319204304,0,0.739846052214185,-44.2752297487978,0.17589982432961,-0.0614368952314929
18.5166666666667,98.1394943815001,92,-27.6544625918635,-43.5060198053771,-0.911231165121889,0.00704166428840425,0.730133452890892,-43.9343123360867,0.209608877049844,-0.060368486580142
18.5333333333333,98.4701089038161,92,-27.6544625918635,-43.1685547889261,-0.86947248689374,0.048800342516554,0.721324633727736,-43.5985932564758,0.235387674489039,-0.0595551057696377
18.55,98.8028212135631,93,-26.6544625918635,-42.8518553154723,-0.830970794296911,0.0873020351133824,0.713298372679471,-43.2426436217116,0.25820942023985,-0.0587721712548732
18.5666666666667,99.1375459667171,93,-26.6544625918635,-42.4564348058538,-0.799116804440759,0.119156024969535,0.705967569429018,-42.8844136256259,0.27631415230986,-0.0581221163664236
18.5833333333333,99.4742009015933,94,-25.6544625918635,-42.081493977396,-0.766400147585022,0.151872681825272,0.699287057192983,-42.4982674739895,0.294032750139004,-0.0573999834480422
18.6,99.812706397843,94,-25.6544625918635,-41.6284073008924,-0.737199739631674,0.18107308977862,0.693229696341429,-42.1030245875099,0.308954315545693,-0.0567309244981318
18.6166666666667,100.152985087896,95,-24.6544625918635,-41.1968886789922,-0.704913772581118,0.213359056829175,0.687794428711512,-41.6744123244095,0.324829097066885,-0.0559317925079731
18.6333333333333,100.4949614064,95,-24.6544625918635,-40.688578985025,-0.674681537655649,0.243591291754645,0.682984322253477,-41.2327312470073,0.338771063360627,-0.0551465518986534
18.65,100.838561136076,96,-23.6544625918635,-40.2032951384737,-0.640492801311315,0.277780028098979,0.678817295113433,-40.7550876439249,0.35416802453011,-0.0542070663335743
18.6666666666667,101.183711063837,96,-23.6544625918635,-39.6426817802222,-0.607917680816061,0.310355148594232,0.675306918198784,-40.2629493223343,0.367875215959162,-0.0532685038247348
18.6833333333333,101.530338609389,97,-22.6544625918635,-39.106506569272,-0.571238878413326,0.347033950996967,0.67247562920934,-39.7343419814627,0.383108580084919,-0.052170557804772
18.7,101.878371468735,97,-22.6544625918635,-38.4963429580299,-0.536209916578124,0.38206291283217,0.670337592516796,-39.191413247839,0.396619135525483,-0.05107347645183
18.7166666666667,102.227737375494,97,-22.6544625918635,-37.9118847359866,-0.497215497113498,0.421057332296796,0.668913497155256,-38.6126607147552,0.411567945462269,-0.0498199411586948
18.7333333333333,102.578363836991,98,-21.6544625918635,-37.3506406220422,-0.460054506129842,0.458218323280451,0.668214559262772,-38.0205368739287,0.424684769037156,-0.0485716960554134
18.75,102.930177882935,98,-21.6544625918635,-36.7142014333636,-0.427845092202981,0.490427737207312,0.668178898536598,-37.4304422003071,0.434317637117174,-0.0474212558197985
18.7666666666667,103.283105926116,98,-21.6544625918635,-36.1026026076943,-0.393149364770405,0.525123464639888,0.668788049331227,-36.815497186833,0.44470977737542,-0.0461633103099136
18.7833333333333,103.637073588633,98,-21.6544625918635,-35.5138272996327,-0.360598299637766,0.557674529772527,0.670038756657642,-36.1941400946205,0.453266603031688,-0.0449279370001498
18.8,103.992005465416,98,-21.6544625918635,-34.9459543772453,-0.332634964748386,0.585637864661908,0.671869830381607,-35.5789595678342,0.458711359628255,-0.043788560666509
18.8166666666667,104.347824933231,98,-21.6544625918635,-34.3974026442721,-0.310218509749613,0.60805431966068,0.674192508324864,-34.9779642871337,0.460641805149469,-0.0427791877145399
18.8333333333333,104.704454090675,98,-21.6544625918635,-33.8670195379438,-0.293380578225194,0.624892251185099,0.676910342085537,-34.3957986044761,0.4591865230344,-0.0419083736792479
18.85,105.06181374327,98,-21.6544625918635,-33.3540744809422,-0.2816369168999,0.636635912510393,0.679931054766663,-33.8347892184015,0.454755331232055,-0.0411697960398585
18.8666666666667,105.419823520926,98,-21.6544625918635,-32.8582008507764,-0.274272318225488,0.644000511184806,0.683172635341595,-33.2957792155284,0.447869953303274,-0.0405497517039835
18.8833333333333,105.778402055245,98,-21.6544625918635,-32.3793165880349,-0.270523380675294,0.647749448735,0.686565573329169,-32.7787499171078,0.439058152382448,-0.040032107248448
18.9,106.137467095782,98,-21.6544625918635,-31.9175423702412,-0.269684244740847,0.648588584669447,0.690052720928522,-32.2832551225707,0.428794829378756,-0.0396012839384456
18.9166666666667,106.496935693339,98,-21.6544625918635,-31.4731280184498,-0.271157945647925,0.647114883762369,0.693587870598154,-31.8087027721446,0.417475644731418,-0.0392438223580846
18.9333333333333,106.856724470118,98,-21.6544625918635,-31.0463920474326,-0.274472044988277,0.643800784422017,0.69713379222225,-31.3545207545259,0.405411509075501,-0.0389489885664234
18.95,107.216749929148,98,-21.6544625918635,-30.6376755480069,-0.279272879083026,0.638999950327267,0.700660199972748,-30.9202403061129,0.392835154047423,-0.0387087851968698
18.9666666666667,107.576928772741,99,-20.6544625918635,-30.2473094108833,-0.28530874408714,0.632964085323154,0.704141914685343,-30.5055248108344,0.379913575306426,-0.0385176351760256
18.9833333333333,107.93717821202,99,-20.6544625918635,-29.7795915490921,-0.292408949247394,0.918272829410294,0.707557344984582,-30.1101655252134,0.366762268184381,-0.0383719224929038
19,108.297416242691,100,-19.6544625918635,-29.3266507627369,-0.315170045127983,0.918272829410294,0.71576780856238,-29.7070247870847,0.336024395224402,-0.0380092673603709
19.0166666666667,108.657561550071,101,-18.6544625918635,-28.783235948318,-0.331641313319252,0.918272829410294,0.72401869756529,-29.3091598631875,0.309220965317819,-0.0374744094313105
19.0333333333333,109.017532756354,101,-18.6544625918635,-28.1569910364767,-0.332705278010954,0.918272829410294,0.732306558590594,-28.8766129552434,0.291576804680536,-0.0365243699181328
19.05,109.37724784026,102,-17.6544625918635,-27.5511373065413,-0.313711186766544,0.918272829410294,0.74062803933672,-28.3834161112358,0.285837216156746,-0.0350471924499925
19.0666666666667,109.73662394968,103,-16.6544625918635,-26.8704333144632,-0.28226117189909,0.918272829410294,0.748979886236783,-27.8509350906446,0.287806303422123,-0.0332702143756301
19.0833333333333,110.095577448016,105,-14.6544625918635,-26.1214992744214,-0.234963317580275,0.918272829410294,0.757358942142214,-27.2592379975275,0.299477926217568,-0.031112054199549
19.1,110.454024090463,106,-13.6544625918635,-25.2145697561304,-0.170938237394188,0.918272829410294,0.765762144055488,-26.596954760617,0.321435839762337,-0.0285630975837976
19.1166666666667,110.81187926788,107,-12.6544625918635,-24.2575555104754,-0.0818769778823906,0.918272829410294,0.774186520910958,-25.8221623487367,0.358487722157173,-0.0254110294772822
19.1333333333333,111.169058280251,109,-10.6544625918635,-23.255742340815,0.0263419509664793,0.918272829410294,0.782629191402835,-24.9465034664982,0.407425608634325,-0.0218393642321958
19.15,111.525476616327,110,-9.65446259186353,-22.1180603409809,0.148375720638834,0.918272829410294,0.791087361859375,-23.9818219322104,0.465295575034521,-0.0180105266122465
19.1666666666667,111.881050225109,111,-8.65446259186353,-20.95114887525,0.288595477659966,0.918272829410294,0.799558324162339,-22.9028989075057,0.534622776815242,-0.0138155450764343
19.1833333333333,112.235695770531,113,-6.65446259186353,-19.7590580986027,0.438871488416977,0.918272829410294,0.808039453710823,-21.7330504913632,0.61085051832976,-0.0094913606973937
19.2,112.589330864465,114,-5.65446259186353,-18.4495203802141,0.592831397651137,0.918272829410294,0.816528207428565,-20.4919401972544,0.690358936483758,-0.00521839481581678
19.2166666666667,112.941874275558,115,-4.65446259186353,-17.1280170450903,0.754679733115379,0.918272829410294,0.825022121813857,-19.1592480826069,0.775495358731102,-0.000881319846063575
19.2333333333333,113.293246113095,117,-2.65446259186353,-15.7974812695762,0.855343540079219,1.77361636948951,0.846061657266956,-17.7838076167809,0.803635172220203,0.00332846737355192
19.25,113.643367937661,118,-1.65446259186353,-14.3348095004024,0.942188801559632,1.86046163096993,0.86976033383077,-16.4087545375371,0.82046553980758,0.00739066992132176
19.2666666666667,113.992161676521,119,-0.654462591863535,-12.8152241582374,1.03364955459416,1.95192238400446,0.894943552965667,-14.9878801947988,0.838639919642729,0.0116581232470321
19.2833333333333,114.33954624149,120,0.345537408136465,-11.2413304994936,1.13052841879475,2.04880124820504,0.921689523772637,-13.5159329379137,0.858529685774881,0.0161578249279173
19.3,114.685434394564,121,1.34553740813647,-9.61536922956291,1.23286436713456,2.15113719654486,0.950082772279485,-11.9903849961534,0.880068074233111,0.0208958632534497
19.3166666666667,115.029730689534,122,2.34553740813647,-7.93921599993,1.34026857385342,2.25854140326371,0.980204356927592,-10.410584743907,0.902954026492079,0.0258660342362527
19.3333333333333,115.37233012291,123,3.34553740813647,-6.2144240522962,1.45215800329134,2.37043083270164,1.01212679639259,-8.77707763954277,0.926791141760225,0.0310559808014849
19.35,115.713117247613,124,4.34553740813647,-4.44228536630823,1.56790609170366,2.48617892111396,1.0459121691534,-7.0910973372708,0.951175074290414,0.0364512685307611
19.3666666666667,116.051965595909,125,5.34553740813647,-2.62389467681008,1.68693065227994,2.60520348169023,1.08161217564488,-5.35420827954023,0.9757426082714,0.0420378620561737
19.3833333333333,116.388737250409,126,6.34553740813647,-0.760207463663873,1.80873725085821,2.7270100802685,1.1192692744015,-3.56807214349979,1.00019406772395,0.0478034402303835
19.4,116.723282440687,126,6.34553740813647,1.14791226543103,1.93293317313457,2.85120600254486,1.15891828143716,-1.73430878302794,1.02429851704083,0.0537379236798386
19.4166666666667,117.055439221863,127,7.34553740813647,3.00365424091167,2.05922365369405,2.97749648310435,1.2005880446187,0.145575273897143,1.04788891482415,0.0598335100808889
19.4333333333333,117.385033189843,127,7.34553740813647,4.90828676742967,2.17867417323002,3.09694700264031,1.24422378054822,2.03348953017862,1.06603940134368,0.0658351062996156
19.45,117.711877279627,128,8.34553740813647,6.76452215372006,2.29564267271754,3.21391550212783,1.28974119238806,3.94090436987972,1.08136854035687,0.071856250577062
19.4666666666667,118.035771597907,128,8.34553740813647,8.67270514363628,2.40427803849842,3.32255086790872,1.33703627539196,5.8396828008816,1.09075395572023,0.0777244568277173
19.4833333333333,118.356503400041,129,9.34553740813647,10.5344995924412,2.51080722822339,3.42908005763369,1.38601631227191,7.74846194516193,1.09787180948703,0.0836051675462168
19.5,118.673847216603,129,9.34553740813647,12.4492673070319,2.61036780095374,3.52864063036404,1.43659231889799,9.6439342077363,1.10012662251475,0.0893550266969152
19.5166666666667,118.987565008548,129,9.34553740813647,14.3178514783546,2.70957931141904,3.62785214082933,1.48869783302744,11.5477433587809,1.1013696965637,0.095152795431138
19.5333333333333,119.297406257632,129,9.34553740813647,16.1429885038386,2.80360018077771,3.721873010188,1.5422733809123,13.4382569876766,1.09896746383915,0.1008582589541
19.55,119.603108138174,129,9.34553740813647,17.9271381122406,2.89014017857351,3.8084130079838,1.59720133067399,15.3011609313301,1.09180746694576,0.106398071288974
19.5666666666667,119.904395798145,129,9.34553740813647,19.672254196562,2.96858072347908,3.88685355288937,1.65334077456807,17.1277133359382,1.07974941296542,0.11174396035229
19.5833333333333,120.200981674775,129,9.34553740813647,21.3797294531802,3.03930054054086,3.95757336995115,1.7105495067219,18.9131601715651,1.06321214259898,0.116895619681851
19.6,120.492564730241,129,9.34553740813647,23.0504413168687,3.1031913439771,4.0214641733874,1.76869640143994,20.6554207177078,1.04288255798418,0.121868133731671
19.6166666666667,120.778831589254,129,9.34553740813647,24.684847779768,3.1613333312521,4.0796061606624,1.82766710650196,22.3540715798946,1.01952485904993,0.126683332562357
19.6333333333333,121.059458016152,128,8.34553740813647,26.2830991585906,3.21479557472335,4.13306840413364,1.88736541714424,24.0096106500852,0.993866700942783,0.131364293577158
19.65,121.334110347263,128,8.34553740813647,27.7491440880445,3.26452782463844,4.18280065404874,1.9477121239133,25.6229586885826,0.966540615248042,0.135932199958657
19.6666666666667,121.602446763991,127,7.34553740813647,29.1848722545771,3.30259023092444,4.22086306033473,2.00856341686139,27.1584242746345,0.93324956954907,0.140155522390551
19.6833333333333,121.86411854487,127,7.34553740813647,30.4935693768834,3.33409612454426,4.25236895395455,2.06976091130935,28.6296763797829,0.897082879821233,0.14416589004936
19.7,122.118771393142,127,7.34553740813647,31.7761687225463,3.3537435119583,4.27201634136859,2.13113773935723,30.01051374339,0.855255457139949,0.147804046365786
19.7166666666667,122.366046862826,126,6.34553740813647,33.0309797553623,3.36814372092872,4.28641655033901,2.19254646043299,31.3212508165083,0.811675630146167,0.151244705642888
19.7333333333333,122.605583760929,126,6.34553740813647,34.1600381610868,3.38141997333488,4.29969280274517,2.25392830754821,32.5767626721502,0.768715016774539,0.154600114536499
19.75,122.837050552096,126,6.34553740813647,35.2635679366365,3.38714184534136,4.30541467475165,2.31519820373906,33.7505656869483,0.722822772227742,0.157686233743289
19.7666666666667,123.060221960638,125,5.34553740813647,36.3395812369155,3.39084553151137,4.30911836092166,2.37627207222787,34.8619436131379,0.677201611708259,0.160652929634235
19.7833333333333,123.27486825308,125,5.34553740813647,37.2901086454259,3.39573137764018,4.31400420705047,2.4371378627379,35.9244826024545,0.63363015488722,0.163590466885196
19.8,123.480730402015,125,5.34553740813647,38.2155602300694,3.39463511006608,4.31290793947637,2.49774344864051,36.9104486038377,0.588093051738576,0.166296966104616
19.8166666666667,123.67752758789,125,5.34553740813647,39.1142462421223,3.39254653057258,4.31081935998287,2.55802709004813,37.8380700114848,0.543450984675952,0.168908816888692
19.8333333333333,123.864963447353,124,4.34553740813647,39.984550621745,3.39228462790535,4.31055745731564,2.6179913995778,38.7201344284201,0.501245670085753,0.171506787941572
19.85,124.042731273035,124,4.34553740813647,40.7292003370335,3.39516215224409,4.31343498165439,2.67767291439204,39.5650924731645,0.462121323176016,0.174132144154493
19.8666666666667,124.210518337823,124,4.34553740813647,41.4494280746282,3.39279823181021,4.31107106122051,2.73704247512678,40.3414407059199,0.421345697072276,0.176550696457768
19.8833333333333,124.368009488821,124,4.34553740813647,42.1443675559833,3.38947300036644,4.30774582977674,2.79604546277105,41.0648484491978,0.381372350857651,0.178879426238949
19.9,124.514890132295,123,3.34553740813647,42.8131561313171,3.38765447717407,4.30592730658436,2.85468292996302,41.7465281094196,0.343551022424857,0.181189032658292
19.9166666666667,124.650848710652,123,3.34553740813647,43.3591712736069,3.38854061037363,4.30681343978393,2.91298608437639,42.3940998195566,0.30847251473241,0.183517019727074
19.9333333333333,124.775578755485,123,3.34553740813647,43.8841851239831,3.38377752656746,4.30205035597775,2.97091977779125,42.9757557055015,0.271431848258495,0.185629356261168
19.95,124.888780586523,123,3.34553740813647,44.387766196338,3.3777460754899,4.29601890490019,3.02842450719676,43.5072044310104,0.234949541702936,0.187645335933335
19.9666666666667,124.990162714463,123,3.34553740813647,44.8693956491656,3.37304286397816,4.29131569338845,3.0854983686926,43.9999001678309,0.20045497408119,0.189638905990325
19.9833333333333,125.079442995841,123,3.34553740813647,45.3287212072673,3.37099391798862,4.28926674739892,3.14217175180382,44.4618046081552,0.168615029381109,0.191650975115808
20,125.156349579913,122,2.34553740813647,45.7656767419853,3.37208201081718,4.29035484022748,3.19848986094169,44.8982048919031,0.139601690799492,0.193699952961132
20.0166666666667,125.220741189967,122,2.34553740813647,46.0845128898637,3.37627770245021,4.29455053186051,3.25450157164775,45.3124707132449,0.113295437958387,0.195790116300924
20.0333333333333,125.273621030586,122,2.34553740813647,46.3878276039546,3.37455465231065,4.29282748172095,3.31017378342249,45.6699626647807,0.0846171373049612,0.197668479716904
20.05,125.316633784093,122,2.34553740813647,46.6759030956083,3.37100119526183,4.28927402467212,3.36544113330563,45.9846710703203,0.0559388392811979,0.199445387523947
20.0666666666667,125.349819292982,122,2.34553740813647,46.9487973477763,3.36816192642268,4.28643475583297,3.42029309278372,46.267149894791,0.0286807119518081,0.201192356735147
20.0833333333333,125.373277920625,122,2.34553740813647,47.2065981519898,3.36744706786543,4.28571989727572,3.47475174737801,46.5250189644292,0.0035762814493757,0.202951714008135
20.1,125.388262235227,122,2.34553740813647,47.4495565212655,3.40725232168431,3.30334945458931,3.52120001111028,46.7706083045855,0.016672517557672,0.204742554961287
20.1166666666667,125.396537527764,122,2.34553740813647,47.6438866184559,3.4880872682492,3.35993391718474,3.55902040305024,47.0517906252893,0.0690036520618838,0.206473359043063
20.1333333333333,125.400044503971,122,2.34553740813647,47.7619082189984,3.55622497685035,3.40763031320554,3.59734897044032,47.3403733406901,0.112822423050902,0.207906537399379
20.15,125.400798269599,122,2.34553740813647,47.814952172469,3.6046816094425,3.44154995602004,3.63599390072372,47.5976750191455,0.144458890246976,0.208836456215689
20.1666666666667,125.400848217322,122,2.34553740813647,47.8126502024106,3.63139504630593,3.46024936182444,3.67471242947606,47.8013069505205,0.163079632273772,0.209192416833184
20.1833333333333,125.402257992681,122,2.34553740813647,47.7628529450354,3.63732534442881,3.46440057051046,3.71325667538787,47.9404928378745,0.169556547618459,0.208988021005208
20.2,125.407113771362,123,3.34553740813647,47.671758421295,3.62507520465046,3.45582547266561,3.75140045810445,48.0122682573696,0.165654418222758,0.208284037867454
20.2166666666667,125.417624041298,123,3.34553740813647,47.640149116697,3.59794165825907,3.43683199019164,3.78895263764724,48.0185518600578,0.153479588507197,0.207162594687689
20.2333333333333,125.436550119571,123,3.34553740813647,47.5696151244254,3.56814526728022,3.41597451650645,3.82581735102606,48.0007567003453,0.140052741954572,0.205959646252795
20.25,125.468758025539,123,3.34553740813647,47.4633508709671,3.53443130965279,3.39237474616724,3.86195710861853,47.9522256598212,0.124709681884923,0.204638364791194
20.2666666666667,125.525713769259,123,3.34553740813647,47.3242192122983,3.49650936618251,3.36582938573805,3.89732593226601,47.86955665307,0.107340481143113,0.20318842147653
20.2833333333333,125.632979882487,123,3.34553740813647,47.1547359549161,3.45467560344153,3.33654575181936,3.93187829478116,47.751660918769,0.0881647969883667,0.201615908017278
20.3,125.829580600545,124,4.34553740813647,46.95709539926,3.40953953151911,3.30495050147367,3.96557428458341,47.599000987827,0.067571162475689,0.199935973480132
20.3166666666667,126.150844333432,124,4.34553740813647,46.8292177906637,3.36183701838564,3.27155874228024,3.9983821059021,47.4130050643749,0.0460084626043118,0.198167728018686
20.3333333333333,126.615503101321,124,4.34553740813647,46.6707518172963,3.32114973326726,3.24307764269737,4.03033470944997,47.2323966508097,0.0288390993646267,0.196580237688556
20.35,127.223885074772,125,5.34553740813647,46.4836545033911,3.2837939373856,3.21692858558022,4.06149376398933,47.0468237072616,0.0139000605293389,0.195074015568696
20.3666666666667,127.954254985216,125,5.34553740813647,46.3660630814282,3.24740413643279,3.19145572491325,4.09188614806278,46.8489628668731,-0.000181739708110931,0.193584523491998
20.3833333333333,128.777419419643,126,6.34553740813647,46.2180675635111,3.21944223269869,3.17188239229937,4.12157323613798,46.6708014225457,-0.00927218062309286,0.192322982909175
20.4,129.661836226809,126,6.34553740813647,46.1381386326179,3.19487077748585,3.15468237365039,4.1506250273668,46.4970430551792,-0.0163041878187057,0.191152396236499
20.4166666666667,130.57705771159,127,7.34553740813647,46.0268530271472,3.17937795740699,3.14383739959519,4.17912028385662,46.3536677083136,-0.0181629545806456,0.190235246700943
20.4333333333333,131.49720551124,128,8.34553740813647,45.9831944862873,3.16683789764664,3.13505935776294,4.20712985995077,46.2210646977646,-0.0183927163843754,0.189404069147924
20.45,132.402707547749,128,8.34553740813647,46.0042055663562,3.16234732574759,3.13191595743361,4.23472369682355,46.1222720424583,-0.0141973692305538,0.188804258477981
20.4666666666667,133.280178591576,129,9.34553740813647,45.991198866571,3.1683689726877,3.13613111029169,4.26201490569122,46.0725510750893,-0.00432028462447496,0.18850984695267
20.4833333333333,134.121319873371,130,10.3455374081365,46.0439748039229,3.17676534310043,3.14200856958059,4.28907843090506,46.0445114821305,0.00656016502644266,0.188297227111484
20.5,134.921613037531,130,10.3455374081365,46.1603335420767,3.19151038089523,3.15233009603695,4.31597024368568,46.0558201042699,0.0206303282870155,0.188279539159856
20.5166666666667,135.679177317046,131,11.3455374081365,46.2422128626233,3.21456084967035,3.16846542417954,4.34278014721046,46.1182390918125,0.0388964385996525,0.188515317124357
20.5333333333333,136.393886193856,131,11.3455374081365,46.3898777529716,3.23767479501275,3.18464518591922,4.36955632797662,46.2022632910692,0.0566598999677329,0.18877651088208
20.55,137.066724783027,132,12.3455374081365,46.5054314448355,3.26496123468262,3.20374569368813,4.39632824740576,46.3244167108575,0.0762208500359703,0.189178544047906
20.5666666666667,137.699337715352,132,12.3455374081365,46.6890219170621,3.28979683164066,3.22113061155875,4.42310563404785,46.4592037698574,0.093844078084413,0.189536534905887
20.5833333333333,138.293718041862,133,13.3455374081365,46.8424757435692,3.31744698156789,3.24048571650782,4.44989556954936,46.626328234261,0.112510844965329,0.189997030372801
20.6,138.851997534416,133,13.3455374081365,47.0655906628919,3.34206824896322,3.25772060368455,4.47669660061943,46.8026812395929,0.128939826067454,0.190396356660343
20.6166666666667,139.376308692392,133,13.3455374081365,47.2598261383802,3.37599380828713,2.4374700431395,4.50217894142439,47.0099212331413,0.152630532925917,0.190894514725805
20.6333333333333,139.868696971747,134,14.3455374081365,47.399423036096,3.46754957849534,2.4786701397332,4.51521320941216,47.2583770633612,0.231700254709938,0.191294641169385
20.65,140.331069251686,134,14.3455374081365,47.5586968770521,3.54307966359228,2.51265867802682,4.52859173453125,47.5270599090889,0.300099170150973,0.191302608225427
20.6666666666667,140.765168624,134,14.3455374081365,47.6461919381851,3.60311380829564,2.53967404314333,4.54220128917269,47.8073106322996,0.358267969196367,0.190931863660545
20.6833333333333,141.17256497448,134,14.3455374081365,47.6713955339829,3.64045314400066,2.55647674421059,4.55590110811138,48.0590934538378,0.402306308286752,0.189980253448499
20.7,141.554655372723,135,15.3455374081365,47.6424732727312,3.65270871863166,2.56199175279454,4.56951543507135,48.2582562077142,0.431060057693579,0.188379658340809
20.7166666666667,141.912670840832,135,15.3455374081365,47.6622244110947,3.64055977322635,2.55652472736215,4.58286279515079,48.3921155641748,0.445110837208418,0.18614748543998
20.7333333333333,142.247687232466,135,15.3455374081365,47.6341198743384,3.61540580195525,2.54520544029016,4.59581017524339,48.4927011981412,0.451047790417821,0.183600189999511
20.75,142.560638505518,136,16.3455374081365,47.5629161033171,3.57634343255486,2.52762737405998,4.60826065789332,48.5480067302442,0.448477929142868,0.180711215982194
20.7666666666667,142.852331107263,136,16.3455374081365,47.5486453585923,3.52404980961955,2.50409524373909,4.62011689619648,48.5521374492008,0.437899796206001,0.177498081928343
20.7833333333333,143.123458585389,136,16.3455374081365,47.4926206272236,3.4690362590863,2.47933914599913,4.63132648596755,48.5401838113898,0.425323022970879,0.174252658935628
20.8,143.374615892666,136,16.3455374081365,47.3979799338112,3.40905431780093,2.45234727242071,4.64186463196787,48.5007405389621,0.409525504193833,0.170911065237296
20.8166666666667,143.606313058313,137,17.3455374081365,47.2675898000468,3.34327116590025,2.4227448540654,4.65169533948563,48.427005686429,0.390093987375663,0.167448888105455
20.8333333333333,143.818987893422,137,17.3455374081365,47.2000139048278,3.27177459633283,2.39057139776007,4.66078009441665,48.3155541962785,0.36713654704935,0.163867396861947
20.85,144.013017688387,137,17.3455374081365,47.0954712812437,3.20413943835369,2.36013557666945,4.66911950873026,48.2021271986948,0.346082129703169,0.160432532704223
20.8666666666667,144.188729782181,137,17.3455374081365,46.956321447347,3.13704757805158,2.32994423953351,4.67673422084023,48.0748408461077,0.325060126811554,0.157050764645301
20.8833333333333,144.34641088823,137,17.3455374081365,46.7849060797977,3.06860142252454,2.29914346954634,4.68362562999638,47.9257852179583,0.303019262961976,0.153668157300696
20.9,144.486315285451,138,18.3455374081365,46.5834580913143,2.99791061929837,2.26733260809456,4.68978493467822,47.7501446048664,0.279485840816525,0.150258862186797
20.9166666666667,144.608671907418,138,18.3455374081365,46.4500602760615,2.92476447702335,2.2344168440708,4.69519940361002,47.5454282801329,0.254372974036411,0.146815994677017
20.9333333333333,144.713690533105,138,18.3455374081365,46.2845837005801,2.85831742119509,2.20451566894808,4.69989267959055,47.3476147249831,0.23284855758246,0.143593939500843
20.95,144.801567116379,138,18.3455374081365,46.0891488688281,2.79478967694491,2.1759281840355,4.70390508148568,47.1446260678131,0.212760911314477,0.140486453819632
20.9666666666667,144.872488233848,138,18.3455374081365,45.8659429559844,2.73183208896127,2.14759726944286,4.70725423093264,46.9281181733518,0.19278673795764,0.137427165946907
20.9833333333333,144.926634810488,138,18.3455374081365,45.6171062031656,2.66814263832247,2.1189370166554,4.70994428407645,46.6927325413056,0.172205989200237,0.134378897117354
21,144.964185175566,138,18.3455374081365,45.344669553671,2.60315344486206,2.08969187959822,4.7119725599682,46.4354127481995,0.150718979840253,0.131324945069121
21.0166666666667,144.985317650622,138,18.3455374081365,45.0505273980053,2.53678488262073,2.05982602658962,4.71333408182533,46.1548138527365,0.128303354350843,0.12826223591696
21.0333333333333,144.990212690522,139,19.3455374081365,44.736433023851,2.46925940571451,2.02943956198182,4.71402450617058,45.8508142105349,0.105106276112784,0.125196138454488
21.05,144.979054532211,139,19.3455374081365,44.5000088531926,2.40096587988166,1.99870747535704,4.71404185217355,45.5241270976854,0.0813662529093487,0.122136684754011
21.0666666666667,144.952032480591,138,18.3455374081365,44.240711710827,2.34130058577329,1.97185809300827,4.71342356242264,45.2127889333692,0.0623719464049184,0.119345207176458
21.0833333333333,144.909341851599,138,18.3455374081365,43.8643028596712,2.28648931551066,1.94719302139009,4.71222459610054,44.9059282561036,0.0459584118094004,0.116715822719361
21.1,144.85118474125,138,18.3455374081365,43.4747154095158,2.22510784103825,1.91957135787751,4.71044045137665,44.5590110225615,0.0256948810234049,0.113929200450879
21.1166666666667,144.777770609518,138,18.3455374081365,43.0734812341458,2.15987976467974,1.89021872351618,4.70803776206288,44.1792934755895,0.00316584553313696,0.11106049354067
21.1333333333333,144.689316603343,138,18.3455374081365,42.6618604277701,2.0929145592496,1.86008438107261,4.70500121312743,43.773094884785,-0.0204081180596368,0.108167779788281
21.15,144.586047719966,138,18.3455374081365,42.2409400768322,2.02578793829862,1.82987740164467,4.70132923791075,43.3457637579736,-0.0441208937813937,0.10529429689325
21.1666666666667,144.468196801992,138,18.3455374081365,41.8117052299839,1.95963208075327,1.80010726574927,4.69703035788985,42.9017340882179,-0.0673264276071922,0.102470952878549
21.1833333333333,144.33600444489,138,18.3455374081365,41.3750874029936,1.8952244809321,1.77112384582974,4.69212019485965,42.4446304007693,-0.0895857472255477,0.0997187987946759
21.2,144.189718795148,138,18.3455374081365,40.9319956175359,1.83306885549604,1.74315381438351,4.68661911938424,41.9773931640514,-0.110619070978239,0.097051280642194
21.2166666666667,144.029595372786,137,17.3455374081365,40.4833343695179,1.77346483947174,1.71633200717258,4.68055046301352,41.502406029641,-0.130264780086997,0.0944761793903833
21.2333333333333,143.855896877835,137,17.3455374081365,39.9340109400014,1.7165654295975,1.69072727272917,4.67393920596913,41.0216137463328,-0.148445757427406,0.091997209987042
21.25,143.668892880491,137,17.3455374081365,39.3869882316153,1.6534868386506,1.66234190680306,4.66677486036597,40.4998385331753,-0.170155853639897,0.0893660139357619
21.2666666666667,143.468859474727,137,17.3455374081365,38.8428299886698,1.5884585465509,1.6330791753582,4.65903303582503,39.9508755795242,-0.19297150209731,0.0866998975332028
21.2833333333333,143.256078868743,136,16.3455374081365,38.3018979043033,1.52435422060167,1.60423222868104,4.65071573629607,39.3853719463324,-0.215259359032132,0.0840784277393965
21.3,143.030838977244,136,16.3455374081365,37.6684813616808,1.46300613002485,1.57662558792148,4.64184240725471,38.8113286558114,-0.235990385432942,0.0815521850406481
21.3166666666667,142.793432977776,136,16.3455374081365,37.0449278262281,1.40247725920194,1.39160890439095,4.6312033543922,38.1989252464166,-0.253969296481802,0.0789006010567664
21.3333333333333,142.54415889758,136,16.3455374081365,36.4258359385997,1.34741296876127,1.37302470636722,4.61871484529926,37.5717098324869,-0.266481944428208,0.0762401100914397
21.35,142.283319392721,135,15.3455374081365,35.8067156353595,1.29234133668398,1.35443803054114,4.60584724948566,36.9371000132449,-0.279391682054114,0.0736188368992093
21.3666666666667,142.011222008621,135,15.3455374081365,35.0933204759008,1.23800706099932,1.33610021249757,4.59260832930665,36.297619088619,-0.292260836991131,0.0710564447646149
21.3833333333333,141.72817935937,135,15.3455374081365,34.3892627943221,1.17608660507422,1.31520205862284,4.57898248053279,35.6190459577158,-0.309759414984911,0.0683207236182356
21.4,141.434508919687,134,14.3455374081365,33.6956247897145,1.11131396990955,1.29334129425477,4.56494655625235,34.9162594755422,-0.329179391773777,0.0655438971593079
21.4166666666667,141.130532607338,134,14.3455374081365,32.9171965312247,1.04703699524519,1.27164781530555,4.55049990821034,34.2010155159767,-0.348609145054411,0.0628185663305156
21.4333333333333,140.816576349686,134,14.3455374081365,32.1566489429616,0.976529788187645,1.24785163292362,4.53563020874916,33.4455959981242,-0.371819400132074,0.0599569164295788
21.45,140.492969778226,133,13.3455374081365,31.4141962690834,0.905395703232652,1.22384387925131,4.52032442838659,32.6692482512562,-0.395618241109291,0.0571149754189597
21.4666666666667,140.160048101796,133,13.3455374081365,30.5938592185031,0.837344587054843,1.2008766275413,4.50459542594716,31.8864761626098,-0.417898799618838,0.0543948734427823
21.4833333333333,139.818150528427,133,13.3455374081365,29.797645412905,0.76028584985452,1.31742290058392,4.48955520387298,31.0679660661597,-0.447547405009383,0.0516125066393877
21.5,139.467617710721,132,12.3455374081365,29.0301048551355,0.680355402356098,1.27545941564724,4.47515070932088,30.2326344429194,-0.480955788813987,0.0489315284258815
21.5166666666667,139.10879123988,132,12.3455374081365,28.1984613806406,0.608589440709069,1.23778228578255,4.46006552020432,29.3968475879604,-0.509320694477614,0.0464731337485091
21.5333333333333,138.742012889906,132,12.3455374081365,27.40214737357,0.538777144713221,1.20113083038473,4.44434662832718,28.5402021621208,-0.536198966180176,0.0440650339003977
21.55,138.367623984166,131,11.3455374081365,26.6386561417562,0.476044499960421,1.16819619188951,4.42804001765947,27.6853980802057,-0.558743758386051,0.0418510603373725
21.5666666666667,137.985965137919,131,11.3455374081365,25.8097557382449,0.42300321910007,1.14034951943783,4.41122489049127,26.8477238961848,-0.575562133930025,0.0399056320018104
21.5833333333333,137.597376292011,131,11.3455374081365,25.0156613936342,0.371646948363795,1.11338747730129,4.39395318390662,26.0000773566522,-0.59122743070365,0.0380064561250422
21.6,137.202196859754,131,11.3455374081365,24.2545895672178,0.326062933905061,1.08945586971045,4.37626355983181,25.1605239977899,-0.603469089833225,0.0362682015059931
21.6166666666667,136.800765860332,130,10.3455374081365,23.5249243935806,0.288356764410856,1.06966013072599,4.35822123483808,24.341315948862,-0.611162908431882,0.0347508376424392
21.6333333333333,136.39342209927,130,10.3455374081365,22.7293188110984,0.259277866042328,1.05439370908252,4.33990348266393,23.5502791090043,-0.613962237915708,0.0334767600368002
21.65,135.980504357169,130,10.3455374081365,21.968774425994,0.229796577684527,1.03891603269467,4.3213478364633,22.7552212940113,-0.616999998777008,0.0321947834513134
21.6666666666667,135.562351638324,130,10.3455374081365,21.2421498964825,0.203556578579837,1.02514003316471,4.3025722420406,21.9709279893172,-0.618231547206468,0.0310067212706214
21.6833333333333,135.139303370226,129,9.34553740813647,20.5483132096053,0.182597789092054,1.01413666868362,4.28361904201529,21.2076957297916,-0.616543348009596,0.0299701865147795
21.7,134.7116995507,129,9.34553740813647,19.7902483887534,0.167831032369159,1.0063841214041,4.26454309779795,20.4723209860355,-0.61147211319712,0.0291115674258457
21.7166666666667,134.279880964267,129,9.34553740813647,19.0691520910545,0.150507159070889,0.99728908792251,4.24536148625685,19.7321953804601,-0.607969321165935,0.0281870420328273
21.7333333333333,133.844189559833,128,8.34553740813647,18.3839638736343,0.134595958219208,0.988935707475378,4.22607435945256,19.0020655040558,-0.603786294985002,0.0273071217871144
21.75,133.40496884819,128,8.34553740813647,17.6375402611145,0.122462060812297,0.98256541133675,4.20670911286576,18.2923958364049,-0.597609554412817,0.0265381450268643
21.7666666666667,132.962564292573,127,7.34553740813647,16.9308352078218,0.106405670474969,0.974135806409652,4.1872662376711,17.5734625413472,-0.593780621015356,0.0256652016860078
21.7833333333333,132.517323739307,127,7.34553740813647,16.1664883766164,0.0911182485892366,0.966109909919643,4.16773698792948,16.8621798067048,-0.589634214382892,0.0248187463339802
21.8,132.06959798414,127,7.34553740813647,15.4450909404167,0.0705251082821296,0.955298511258412,4.14810288123903,16.1337857672604,-0.588574864265033,0.0238287940892088
21.8166666666667,131.61974155017,126,6.34553740813647,14.7648647126111,0.05039110627193,0.944728160203057,4.12834790364539,15.4088557111506,-0.587324391004292,0.0228555948710312
21.8333333333333,131.168113529176,126,6.34553740813647,14.027933298926,0.0342051751289439,0.936230546352989,4.1084959282584,14.7019868802389,-0.583932055568761,0.0219967946711733
21.85,130.715078457178,125,5.34553740813647,13.3345609444083,0.0149011299269099,0.926095922621921,4.08855151594256,13.9862267825062,-0.582387180221573,0.0210552702023329
21.8666666666667,130.261007269023,124,4.34553740813647,12.5867714948414,-0.0024449074698328,0.915827921940461,4.06849490780802,13.2802328775639,-0.579780982591648,0.0201697747903823
21.8833333333333,129.806278368572,124,4.34553740813647,11.7885860472749,-0.0232826652729835,0.89499016413731,4.04820134147419,12.5604796753599,-0.578959201353644,0.01917193130992
21.9,129.351278905273,123,3.34553740813647,11.0394651013181,-0.0506511625975967,0.867621666812697,4.0275739147177,11.8116427648591,-0.581496135857656,0.0179689375435151
21.9166666666667,128.896406336988,123,3.34553740813647,10.2400814989262,-0.0770174034274577,0.841255425982836,4.00657451498141,11.0610617543746,-0.583090699033771,0.0167683202075616
21.9333333333333,128.442070201905,122,2.34553740813647,9.48910327497235,-0.106902086236467,0.811370743173826,3.98518205491784,10.2908974471246,-0.586273740285728,0.0154427843105251
21.95,127.988694135104,122,2.34553740813647,8.68700525705052,-0.133916969986395,0.784355859423899,3.96339860329631,9.52595194342226,-0.587450140364901,0.0141710624114355
21.9666666666667,127.536718084075,121,1.34553740813647,7.93245237162648,-0.16342778864391,0.754845040766383,3.94122675614724,8.74620504469783,-0.589662160711777,0.0128041023919433
21.9833333333333,127.086600778176,121,1.34553740813647,7.12602107627229,-0.189629977252331,0.728642852157962,3.91868044796476,7.9747210613189,-0.589660619463921,0.011505232012314
22,126.638822414997,120,0.345537408136465,6.36652124483363,-0.218262617524638,0.700010211885655,3.89576624626505,7.19018200509284,-0.590703181836032,0.0101152422907825
22.0166666666667,126.193887616775,120,0.345537408136465,5.55467900012967,-0.243736292208674,0.674536537201619,3.87249722082642,6.41474221996723,-0.589659683450164,0.00879134410915806
22.0333333333333,125.752328608836,119,-0.654462591863535,4.78943695132417,-0.271893779998567,0.646379049411727,3.84887647066915,5.62648851914119,-0.58984021467989,0.00737112542134257
22.05,125.314708703235,119,-0.654462591863535,3.97162716475691,-0.297176344066318,0.621096485343976,3.82491251664484,4.84721868839346,-0.588124430977165,0.00601055577481935
22.0666666666667,124.881625974777,119,-0.654462591863535,3.20026913850519,-0.32541388903853,0.592858940371763,3.80060378799405,4.05483254606876,-0.587807685959043,0.00454719619402427
22.0833333333333,124.453716907153,118,-1.65446259186353,2.47224621000087,-0.351012408486566,0.567260420923727,3.7759545551493,3.27105316426186,-0.585743061531726,0.00313765447079308
22.1,124.031659871733,118,-1.65446259186353,1.68855592922292,-0.371033685773651,0.547239143636642,3.75103885535834,2.51049745603924,-0.580382935177991,0.00186974689308066
22.1166666666667,123.616178071766,118,-1.65446259186353,0.948658657556272,-0.393064979722885,0.525207849687408,3.72588445270654,1.7454957285979,-0.576053545318903,0.000534101010259864
22.1333333333333,123.208041478954,117,-2.65446259186353,0.24997009094287,-0.412594415920594,0.5056784134897,3.70050155440092,0.993715232148146,-0.570222994745399,-0.000742596565802299
22.15,122.808066870276,117,-2.65446259186353,-0.505999364462211,-0.427271266509632,0.918272829410294,3.67495643516461,0.267003874223123,-0.561659651509601,-0.00188969817865333
22.1666666666667,122.417114857343,117,-2.65446259186353,-1.20448768567325,-0.480984728086842,0.918272829410294,3.65664873801071,-0.478881272677143,-0.589034848234012,-0.00310819257800084
22.1833333333333,122.036081940367,116,-3.65446259186353,-1.83403977927011,-0.530414810894442,0.918272829410294,3.63846327228447,-1.22896128690514,-0.614267826356332,-0.00416467039684502
22.2,121.665885013987,116,-3.65446259186353,-2.49505693589599,-0.568532801712049,0.918272829410294,3.62040087117596,-1.953393239248,-0.63331290550865,-0.00487235634339017
22.2166666666667,121.30743720778,116,-3.65446259186353,-3.08972982385468,-0.600635099929159,0.918272829410294,3.60246230898215,-2.66900222673295,-0.649086017975652,-0.00538836703304699
22.2333333333333,120.961613089121,116,-3.65446259186353,-3.6223480844719,-0.621187418027581,0.918272829410294,3.58464830279339,-3.35102046997732,-0.658387252485061,-0.00556805025934937
22.25,120.629201426527,116,-3.65446259186353,-4.09703995437355,-0.627386312245754,0.918272829410294,3.5669595141409,-3.98321315414888,-0.659534204279214,-0.00534674653210036
22.2666666666667,120.3108457212,116,-3.65446259186353,-4.51776952932312,-0.618358782470823,0.918272829410294,3.5493965506058,-4.55578823986733,-0.651928091711594,-0.0047150512356604
22.2833333333333,120.00697608225,115,-4.65446259186353,-4.88833513174655,-0.594550952506413,0.918272829410294,3.53195996739078,-5.06375020374313,-0.635720575769109,-0.00370011633248852
22.3,119.71774031097,115,-4.65446259186353,-5.30836993988334,-0.55726621173612,0.918272829410294,3.5146502688549,-5.50561079058444,-0.611560453511166,-0.00235169787614333
22.3166666666667,119.442945800977,115,-4.65446259186353,-5.67929155343784,-0.517434243609495,0.918272829410294,3.49746791001257,-5.91922464239854,-0.585584911440284,-0.000981141591418307
22.3333333333333,119.182023524286,115,-4.65446259186353,-6.00461592511943,-0.473121060192237,0.918272829410294,3.48041329799729,-6.29512562440635,-0.556698217550027,0.000463168552647006
22.35,118.934025642798,115,-4.65446259186353,-6.28770085085513,-0.423613445911698,0.918272829410294,3.46348679349099,-6.62793211277548,-0.524485861875394,0.00199758437143223
22.3666666666667,118.697663372745,115,-4.65446259186353,-6.53174666520925,-0.369026731606746,0.918272829410294,3.44668871211963,-6.91527806302266,-0.489000809471292,0.00361518005960819
22.3833333333333,118.471376672605,116,-3.65446259186353,-6.73979763470771,-0.310009843092385,0.918272829410294,3.43001932581586,-7.15697869764309,-0.450601789073182,0.00529465643658174
22.4,118.253423300987,116,-3.65446259186353,-6.81874269649186,-0.247526627706786,0.918272829410294,3.41347886414934,-7.3543839258511,-0.409832541142582,0.00700684457506482
22.4166666666667,118.041973136381,116,-3.65446259186353,-6.87336868605212,-0.173583270671277,0.918272829410294,3.39706751562553,-7.47304276985015,-0.362151610789867,0.00896858398327702
22.4333333333333,117.835195467632,116,-3.65446259186353,-6.90605045598768,-0.0933525767087492,0.918272829410294,3.3807854289535,-7.5282145956453,-0.310449119822347,0.0110287641984539
22.45,117.631331185776,116,-3.65446259186353,-6.9190125365013,-0.0108304614813144,0.918272829410294,3.3646327142835,-7.53258728997851,-0.256985928196436,0.013073849502728
22.4666666666667,117.428746400159,117,-2.65446259186353,-6.91433454619207,0.0709491486318377,0.918272829410294,3.34860944441494,-7.49668771208726,-0.203505280176779,0.0150206929116723
22.4833333333333,117.22596762396,117,-2.65446259186353,-6.79795545672429,0.149734674920317,0.918272829410294,3.33271565597534,-7.42922895845666,-0.151326479956847,0.0168105617019012
22.5,117.02170088054,118,-1.65446259186353,-6.6737298912174,0.23302041445445,0.918272829410294,3.31695135057093,-7.30056520310667,-0.0962418239601761,0.0186534151411097
22.5166666666667,116.814838032635,118,-1.65446259186353,-6.44711962283408,0.315684373045006,0.918272829410294,3.30131649590957,-7.12882880250991,-0.0411626957116767,0.0204066286392455
22.5333333333333,116.604453726649,119,-0.654462591863535,-6.22150817749417,0.403263753108832,0.918272829410294,3.2858110268964,-6.89130294489678,0.0170235860492328,0.0222242346429228
22.55,116.389795962787,119,-0.654462591863535,-5.90189398346883,0.489365821603848,0.918272829410294,3.27043484670304,-6.61110775912212,0.0746862712252161,0.0239284555736907
22.5666666666667,116.170272732026,120,0.345537408136465,-5.59120640757486,0.578765571025759,0.918272829410294,3.25518782781065,-6.26901196240188,0.134498857085036,0.0256533481858992
22.5833333333333,115.945436573556,120,0.345537408136465,-5.19400013732448,0.664678140508055,0.918272829410294,3.24006981302775,-5.89046870185355,0.192596951611144,0.027212012499454
22.6,115.714968385734,121,1.34553740813647,-4.812772264534,0.751749479514439,0.918272829410294,3.22508061648293,-5.45770466404165,0.251567995595826,0.0287369236373409
22.6166666666667,115.478661400363,122,2.34553740813647,-4.35165754472411,0.802760419350578,1.72103324876087,3.21640045211737,-5.00265312668135,0.278683896023471,0.0300468011504107
22.6333333333333,115.236405862115,123,3.34553740813647,-3.7888134933329,0.818842212660429,1.73711504207072,3.21525382266225,-4.54471883407889,0.27256218884539,0.0313622912978
22.65,114.988173767748,123,3.34553740813647,-3.10487612660361,0.844749633780855,1.76302246319115,3.21458639356884,-4.05151617529368,0.271929514624791,0.0329588010381945
22.6666666666667,114.73400293438,124,4.34553740813647,-2.40605118076992,0.887590204906881,1.80586303431717,3.21462379613717,-3.48603407106841,0.280473561635843,0.0350517653401849
22.6833333333333,114.473982883211,125,5.34553740813647,-1.59900155211092,0.940977882633181,1.85925071204347,3.21558834499969,-2.86324384283083,0.294276601905366,0.0374796550197987
22.7,114.208243267724,125,5.34553740813647,-0.691256071144003,1.00885398064623,1.92712681005653,3.21768874004817,-2.15967276658283,0.315280425615473,0.0403675664798203
22.7166666666667,113.936944222599,125,5.34553740813647,0.214847745200423,1.09208684977148,2.01035967918177,3.22117171220773,-1.36223297674049,0.343644931962144,0.0437574447812348
22.7333333333333,113.660268173484,126,6.34553740813647,1.12028115207941,1.18102311346018,2.09929594287047,3.22620277253767,-0.501873871531228,0.373714328356529,0.0473912464217289
22.75,113.378412815969,126,6.34553740813647,2.12264403305717,1.26961845906535,2.18789128847565,3.23281787642012,0.398356610322733,0.402061898564081,0.0511015247815855
22.7666666666667,113.09158516465,126,6.34553740813647,3.12149396716269,1.36322627024254,2.28149909965284,3.24105472342814,1.35895328667445,0.431694356248727,0.0550388331291687
22.7833333333333,112.799996436194,126,6.34553740813647,4.1186276614139,1.45582876250806,2.37410159191836,3.25093737471865,2.35643760045104,0.459217402699097,0.0590355444516216
22.8,112.503857640389,126,6.34553740813647,5.11579337270761,1.54413488257924,2.46240771198953,3.26241338130167,3.37441543604789,0.482885740456286,0.0629942907315408
22.8166666666667,112.203375882972,126,6.34553740813647,6.11436492377905,1.62672748872039,2.54500031813068,3.27539184796283,4.40210574224841,0.502063929265213,0.0668671935540727
22.8333333333333,111.898751368975,125,5.34553740813647,7.11521250670879,1.70338069585935,2.62165352526964,3.2897687276766,5.43289592199469,0.516803246034936,0.0706388036097888
22.85,111.590174887678,125,5.34553740813647,8.02269499921947,1.7745489011172,2.6928217305275,3.30544221288689,6.46307766002303,0.527530734070161,0.0743130325685935
22.8666666666667,111.277825737021,125,5.34553740813647,8.93877230907207,1.83228399126623,2.75055682067652,3.32224174154217,7.45410302379482,0.530022574087503,0.0776544453934484
22.8833333333333,110.961870115424,124,4.34553740813647,9.86248081420015,1.88195099900582,2.80022382841611,3.33998415256446,8.41796114969924,0.527582873436901,0.0807982655998252
22.9,110.642459857019,124,4.34553740813647,10.6961775023055,1.92733002094044,2.84560285035073,3.35856194531101,9.36420624405597,0.52250463083135,0.0838415787144975
22.9166666666667,110.319731552568,123,3.34553740813647,11.5399895193197,1.96217484104031,2.8804476704506,3.37784006807137,10.2631342168817,0.511454474466898,0.0865999425555602
22.9333333333333,109.993806014691,123,3.34553740813647,12.2954532110935,1.99246677295842,2.91073960236871,3.39768968220326,11.1321707265556,0.497989061960161,0.0892306352243819
22.95,109.664787999117,123,3.34553740813647,13.0618615850421,2.01321174275535,2.93148457216564,3.41798279884313,11.9471205364451,0.479461549853198,0.0915851138006811
22.9666666666667,109.332766178916,124,4.34553740813647,13.8360298925531,2.03097910597774,2.94925193538803,3.43861268982723,12.7290141200342,0.459719194296087,0.0938391488031476
22.9833333333333,108.997813380939,124,4.34553740813647,14.7106488512048,2.04965587636071,2.967928705771,3.45955866851911,13.4925501247721,0.440967559113064,0.0961003863656322
23,108.65998695775,124,4.34553740813647,15.5806263763139,2.07993833905739,2.99821116846769,3.48092720340921,14.2839412349776,0.429074628199698,0.0986760301670334
23.0166666666667,108.319329343543,125,5.34553740813647,16.4438930712299,2.12490871572594,2.40570893041845,3.50147714106968,15.0959861388557,0.428188928353412,0.101472346757682
23.0333333333333,107.975868736087,126,6.34553740813647,17.3733708079496,2.21805187881367,2.47090914457987,3.51373834461957,15.9478646566164,0.471188918958819,0.104379294118592
23.05,107.629620530358,127,7.34553740813647,18.3439305235855,2.31450329995429,2.5384251393783,3.52710747213528,16.8628717220622,0.514855527367832,0.10742851116494
23.0666666666667,107.280590199086,128,8.34553740813647,19.3558027793209,2.4121690048034,2.60679113277267,3.54160663569175,17.8330820852139,0.55800283527751,0.110561830201106
23.0833333333333,106.928775550263,129,9.34553740813647,20.4090998167689,2.50980776432354,2.67513826443677,3.5572385712475,18.852769981139,0.599950565669229,0.113743898658477
23.1,106.574167783146,130,10.3455374081365,21.5037469344511,2.60677447863459,2.7430149644545,3.57399503398711,19.9179154141128,0.640368130327733,0.11695546257989
23.1166666666667,106.216751847648,132,12.3455374081365,22.6394574076855,2.70281599850431,2.81024402836331,3.59186251433726,21.0257517519577,0.679151894550973,0.120187969155266
23.1333333333333,105.856506362245,134,14.3455374081365,23.9117364259876,2.79791676731749,2.87681456653254,3.61082587251154,22.1743813585828,0.716333349237588,0.123439448276357
23.15,105.493403378599,135,15.3455374081365,25.3138503651962,2.90102689051233,2.94899165276892,3.63092633642265,23.3992256274693,0.756935169762886,0.126960825968431
23.1666666666667,105.127408051831,136,16.3455374081365,26.7433307115551,3.01678405224753,3.03002166598356,3.65228275477589,24.7234756735672,0.803448354701519,0.130886630348283
23.1833333333333,104.758478178412,137,17.3455374081365,28.2003559502572,3.13804168795863,3.11490201098133,3.6749936833102,26.1241480885216,0.851737633197445,0.135021635764787
23.2,104.386563709523,137,17.3455374081365,29.6853900482036,3.26013998068209,3.20037081588776,3.6990892944353,27.5839080639415,0.899159536994016,0.139236468665444
23.2166666666667,104.011606232238,138,18.3455374081365,31.1028613447626,3.38028471189628,3.28447212773769,3.72455664920387,29.0901776418419,0.944178036475008,0.143451622389133
23.2333333333333,103.633538485909,137,17.3455374081365,32.5550339738563,3.48817254805681,3.35999361305006,3.75130232428848,30.597405869622,0.981116302357402,0.147374187286817
23.25,103.252283818005,137,17.3455374081365,33.8493959818339,3.58759792619272,3.4295913777452,3.77920095950249,32.1122191374912,1.01229480615241,0.151102935974762
23.2666666666667,102.867755639018,136,16.3455374081365,35.0929174913517,3.66382264630733,3.48294868182542,3.80805442022638,33.5668033801037,1.0296557321706,0.154216308845581
23.2833333333333,102.479856987654,135,15.3455374081365,36.1932783818108,3.71889454521264,3.52149901105914,3.83759768750476,34.9539946508265,1.03469756301685,0.156757746870329
23.3,102.088480146098,134,14.3455374081365,37.1589612878196,3.74689499288623,3.54109932443065,3.8675394380066,36.2351914547449,1.0244452984858,0.15854748574776
23.3166666666667,101.693506469194,133,13.3455374081365,37.9970169373095,3.74649843613156,3.54082173470239,3.89754804035964,37.3875051604199,0.998559644555781,0.159532133535945
23.3333333333333,101.294806489026,131,11.3455374081365,38.7130095565373,3.71916796051606,3.52169040177153,3.92729414855516,38.3992476334012,0.958263938779811,0.159736512683797
23.35,100.892240144684,128,8.34553740813647,39.2151533717827,3.66785296448695,3.48576990455116,3.95647527948021,39.2662900806115,0.905578376358973,0.159228558533539
23.3666666666667,100.485657247177,126,6.34553740813647,39.4165938940933,3.58726130631157,3.42935574382839,3.98477180357277,39.9525147925128,0.837882933032063,0.157845787352013
23.3833333333333,100.074898208822,123,3.34553740813647,39.4272436560068,3.46765684063128,3.34563261785219,4.01177429398747,40.400338799639,0.750152389460124,0.155297572747311
23.4,99.6597948665031,121,1.34553740813647,39.1572035242046,3.31515944281655,3.23888443938188,4.03705985330308,40.6124000852601,0.646321688963239,0.151735177696783
23.4166666666667,99.2401715024923,118,-1.65446259186353,38.713122039292,3.12703462717603,3.10719706843352,4.06022205758985,40.5589702449863,0.525294893873658,0.147064131658746
23.4333333333333,98.815846158025,116,-3.65446259186353,38.0021034501241,2.9132013640284,2.95751378423017,4.08090312700754,40.2616859623011,0.393050873306015,0.141545623728341
23.45,98.3866321925809,114,-5.65446259186353,37.1283147729576,2.67252290746049,2.78903886463264,4.09879257615787,39.7029867569111,0.249258497675202,0.135135172203706
23.4666666666667,97.9523400870294,112,-7.65446259186353,36.0929822018514,2.41510046350998,2.60884315386728,4.11363847941325,38.9116631343794,0.099853020020672,0.128104858284584
23.4833333333333,97.5127793769035,110,-9.65446259186353,34.8969343910662,2.14798938405869,2.42186539825138,4.1252890819112,37.9105730406854,-0.0510799268753577,0.120646995545421
23.5,97.067760658724,109,-10.6544625918635,33.5410580094802,1.87586652917862,2.23137939983533,4.13366126331291,36.7173207169732,-0.200885059753902,0.112891055252476
23.5166666666667,96.6170977222376,108,-11.6544625918635,32.1225730878854,1.60164141667171,2.03942182108049,4.13871646679989,35.3451766162929,-0.347960243562296,0.104919433327902
23.5333333333333,96.1606096603821,106,-13.6544625918635,30.6371256303479,1.34483553543,1.62431148551104,4.13867042879187,33.8424858135842,-0.477973198459193,0.0970296868566545
23.55,95.6981228073145,105,-14.6544625918635,28.9773472020122,1.10845999753928,1.50021432811842,4.13398672674712,32.2506767837457,-0.590191006885244,0.0893564127256836
23.5666666666667,95.2294729596179,105,-14.6544625918635,27.2379458568277,0.872094759385472,1.37612257808767,4.1271254693363,30.5440729551592,-0.700805925277026,0.0816630068708499
23.5833333333333,94.7545080589196,104,-15.6544625918635,25.5186522444632,0.638920949562651,1.25370632793069,4.11810692047178,28.7374197536265,-0.808056920287827,0.0740385614945552
23.6,94.2730901615267,103,-16.6544625918635,23.7211735575451,0.419895204798685,1.1387178119296,4.10701651972194,26.8794088557729,-0.905859569293394,0.0667903976464263
23.6166666666667,93.7850965851742,103,-16.6544625918635,21.8497430717261,0.211961951940889,1.02955285417926,4.09397019747271,24.9672212255968,-0.996072274394472,0.0598357049323009
23.6333333333333,93.2904206238685,103,-16.6544625918635,20.0049580441161,0.0128656435245374,0.925027292260676,4.07905447526261,22.9992698829393,-1.08006312466984,0.0531125705311563
23.65,92.7889718722989,103,-16.6544625918635,18.1855716137254,-0.16643968035328,0.751833149057014,4.06163844567447,21.0131774400966,-1.15036770655738,0.0468253365006492
23.6666666666667,92.2806762555416,103,-16.6544625918635,16.388118877671,-0.320285381693753,0.597987447716541,4.04139455418662,19.037903605691,-1.20306781380868,0.0410660264024906
23.6833333333333,91.7654760352599,103,-16.6544625918635,14.6077017818456,-0.449741963746936,0.468530865663357,4.01873939080146,17.0911818088371,-1.23944592869288,0.0358394642384798
23.7,91.2433300794156,102,-17.6544625918635,12.841388802781,-0.55784080935666,0.360432020053634,3.9940629840538,15.1810673388537,-1.26183821346123,0.0310935075537374
23.7166666666667,90.7142142300146,102,-17.6544625918635,10.9920832201265,-0.648339444782851,0.269933384627443,3.96769806074468,13.3096242417689,-1.27289104783132,0.0267506672586576
23.7333333333333,90.1781215928165,102,-17.6544625918635,9.16214402516955,-0.733691832367359,0.184580997042935,3.93983543773085,11.4389611476524,-1.27994308986639,0.0224795270048991
23.75,89.6350626081783,102,-17.6544625918635,7.35235535303497,-0.812689323005909,0.105583506404385,3.91058100235629,9.57924482705548,-1.2824879387176,0.0183229059035995
23.7666666666667,89.0850648745642,102,-17.6544625918635,5.56371624877719,-0.885046515273244,0.0332263141370494,3.88005261028602,7.73743571697156,-1.28055266654836,0.0142985694604849
23.7833333333333,88.5281727489439,102,-17.6544625918635,3.79746413866851,-0.951025115380764,0,3.84836819347229,5.91819388361182,-1.27446810942889,0.0104088064119673
23.8,87.9644468988122,101,-18.6544625918635,2.05504360854557,-1.01173073918627,0,3.81575431198527,4.12448205134421,-1.2652445454447,0.0066475849083668
23.8166666666667,87.3939637389625,101,-18.6544625918635,0.242436162833776,-1.071170672651,0,3.78300981183896,2.356663174913,-1.25660102575168,0.00300777478756592
23.8333333333333,86.8168146791969,101,-18.6544625918635,-1.53437739845462,-1.1389908145763,0,3.75028300273029,0.576989451356883,-1.2542280696742,-0.000758663615804283
23.85,86.2331051648541,101,-18.6544625918635,-3.2705592981703,-1.21055836668605,0,3.71758187202345,-1.20131601832107,-1.25549822938284,-0.00451917626940537
23.8666666666667,85.6429535521083,101,-18.6544625918635,-4.96199715953893,-1.28199954454868,0,3.68491414418074,-2.96609286105734,-1.25818127004239,-0.0081667262024721
23.8833333333333,85.0464899609149,100,-19.6544625918635,-6.60524536491503,-1.35017886095576,0,3.6522872871759,-4.70644213667328,-1.26043975728352,-0.011618348526577
23.9,84.443855174612,100,-19.6544625918635,-8.29347078272393,-1.41265264278016,0,3.61970851876862,-6.41282214501752,-1.26080945164203,-0.0148130442417698
23.9166666666667,83.8351996274811,100,-19.6544625918635,-9.92234957820094,-1.47672008987054,0,3.58718481264331,-8.11390825486841,-1.26335152423912,-0.0179585404333314
23.9333333333333,83.2206825021367,100,-19.6544625918635,-11.4903305630762,-1.53711501129437,0,3.55472290441468,-9.79067203788775,-1.26503713396871,-0.0209114881309507
23.95,82.6004709464506,99,-20.6544625918635,-12.996330289274,-1.59019752787347,0,3.52232929750306,-11.4283115054439,-1.26372627602169,-0.0235782270855542
23.9666666666667,81.9747394120228,99,-20.6544625918635,-14.5356888032538,-1.63361483213527,0,3.49001026888179,-13.0155398749457,-1.25798844264363,-0.0259037575594716
23.9833333333333,81.34366911134,99,-20.6544625918635,-16.0060763226636,-1.67513390431639,0,3.45777187469966,-14.5808205096228,-1.25213498389471,-0.0281119279750558
24,80.707447587725,99,-20.6544625918635,-17.407766259542,-1.71017292645427,0,3.42561995578055,-16.1059662091566,-1.24351504327032,-0.0300808793404305
