Tiempo_h,V_mgdL,g_mgdL,g1_mgdL,Kalman_mgdL,u,u_insu,IOB_U,z1,z2,z3
0,115.057308968855,121,5.94269103114547,-5.05730896885453,-0,1.24923460525743,0,0,0,0
0.0166666666666667,115.057308968679,120,4.94269103114547,-4.02244366119588,-0.340425991283773,1.24923460525743,0.0208196622618945,-1.94064658138502,-0.272959978914938,-0.0131293880817411
0.0333333333333333,115.057308963927,120,4.94269103114547,-3.14572728912498,-0.482810757264093,1.24923460525743,0.0416338968074273,-2.96309644231558,-0.390438903674919,-0.0181449476589064
0.05,115.057308935644,119,3.94269103114547,-2.325043711572,-0.497855082430055,1.24923460525743,0.0624374368831023,-3.35273839395331,-0.406987081763483,-0.0180629157062
0.0666666666666667,115.057308843827,119,3.94269103114547,-1.65239558123531,-0.43091528938539,1.24923460525743,0.0832251874586677,-3.29111811583276,-0.357650922078783,-0.0148155742563318
0.0833333333333333,115.057308625841,119,3.94269103114547,-1.02576207398321,-0.32179160767996,1.24923460525743,0.103992221051021,-2.95423601908763,-0.273545033546066,-0.010052671538638
0.1,115.057308197244,118,2.94269103114547,-0.443220830720329,-0.19193951904246,1.24923460525743,0.124733773638286,-2.43696124217901,-0.171513229375509,-0.00465775905178718
0.116666666666667,115.057307453669,118,2.94269103114547,0.00309919109973456,-0.0564922961225924,1.24923460525743,0.145445240662221,-1.81085055579579,-0.0635635791253028,0.000760936211221123
0.133333333333333,115.057306273123,117,1.94269103114547,0.415048002950477,0.0679102997476464,1.24923460525743,0.166122173117156,-1.1652047411569,0.0369300403949169,0.00555890871504377
0.15,115.057304518388,117,1.94269103114547,0.700278980223388,0.177384346760348,1.24923460525743,0.186760273723714,-0.526930065133229,0.126658860106183,0.0096069649626906
0.166666666666667,115.057302039373,117,1.94269103114547,0.960401309578031,0.26363575513516,1.24923460525743,0.207355393185603,0.0492581948876157,0.198749704712165,0.0126107217210431
0.183333333333333,115.057298675345,117,1.94269103114547,1.19686744888036,0.328863289858691,1.24923460525743,0.227903526527782,0.563016637078537,0.25467375259979,0.014691411207728
0.2,115.057294257,116,0.942691031145472,1.41108829496423,0.375436053532984,1.24923460525743,0.248400809514345,1.01591788720357,0.29607665839974,0.0159728066333858
0.216666666666667,115.057288608364,116,0.942691031145472,1.51037139845886,0.405758826550907,1.24923460525743,0.268843515144527,1.41083981359577,0.324670373305771,0.016575894233742
0.233333333333333,115.057281548527,116,0.942691031145472,1.59595969661199,0.415845896770883,1.24923460525743,0.289228050225206,1.71540602750401,0.33707895130078,0.0163710895442052
0.25,115.057272893197,117,1.94269103114547,1.66892300466874,0.41070236018924,1.24923460525743,0.309550952018377,1.94576269228537,0.337107508896245,0.0155804955349318
0.266666666666667,115.05726245611,117,1.94269103114547,1.82433621109474,0.394378748534935,1.24923460525743,0.329808884962049,2.11540458376412,0.327857467012953,0.0143816329839371
0.283333333333333,115.057250050276,117,1.94269103114547,1.96323950059757,0.376463585158888,1.24923460525743,0.349998637463068,2.27168409602768,0.316919602767796,0.0131593803846174
0.3,115.057235489097,117,1.94269103114547,2.08674642217698,0.356773810197799,1.24923460525743,0.370117118760417,2.41203573106115,0.304149609571461,0.0119079438784377
0.316666666666667,115.057218587348,118,2.94269103114547,2.19592514769464,0.33537367184933,1.24923460525743,0.390161355857524,2.53518803861225,0.28960018175432,0.010631285969905
0.333333333333333,115.057199162048,118,2.94269103114547,2.38585750147902,0.312486397220666,1.24923460525743,0.410128490522186,2.6408111350192,0.273452692468667,0.00933936730795572
0.35,115.057177033217,119,3.94269103114547,2.55759821450064,0.294760132284265,1.24923460525743,0.43001577635272,2.76533667274589,0.261042828133716,0.00828958967342541
0.366666666666667,115.057152024539,119,3.94269103114547,2.80634144595146,0.279774879291026,1.24923460525743,0.449820575908983,2.89761912996158,0.250500309967734,0.00738029509381133
0.383333333333333,115.057123963938,120,4.94269103114547,3.03326052417949,0.272244674701707,1.24923460525743,0.469540357906929,3.06578170043102,0.245647722439226,0.00678856744062998
0.4,115.057092684068,121,5.94269103114547,3.33367320109625,0.26836461310078,1.24923460525743,0.489172694475396,3.2523613928985,0.243520691299289,0.00635646867965926
0.416666666666667,115.057058022737,121,5.94269103114547,3.70293959371251,0.271885668342387,1.24923460525743,0.508715258473854,3.48073774434054,0.247171221711306,0.00622308551849736
0.433333333333333,115.057019823259,122,6.94269103114547,4.04252635531982,0.284692194628321,1.24923460525743,0.528165820869852,3.76603514817511,0.258188597172995,0.00645041677418442
0.45,115.056977934756,122,6.94269103114547,4.44805135064738,0.301020258387572,1.24923460525743,0.54752224817493,4.08105966238298,0.272043106598139,0.00680313403057519
0.466666666666667,115.056932212397,123,7.94269103114547,4.8211200233958,0.323322570321353,1.24923460525743,0.566782499937807,4.44202592620999,0.290731405067917,0.00737120746535874
0.483333333333333,115.056882517598,123,7.94269103114547,5.25748760327084,0.346349061450225,1.24923460525743,0.585944626293645,4.8228024576164,0.310095730586787,0.00794422526222163
0.5,115.05682871817,123,7.94269103114547,5.65889495132216,0.373012298497916,1.24923460525743,0.605006765568245,5.24061908588513,0.332468686003197,0.00863413901379032
0.516666666666667,115.056770688441,123,7.94269103114547,6.02717095691457,0.398469923899944,1.24923460525743,0.623967141936031,5.67029963064596,0.35399303547139,0.00924975269054414
0.533333333333333,115.05670830933,124,8.94269103114547,6.36410867071339,0.419661386737509,1.24923460525743,0.642824063130711,6.09386843116496,0.372191176075591,0.00967547892039748
0.55,115.056641468401,124,8.94269103114547,6.76551972005182,0.434839055045905,1.24923460525743,0.661575918207529,6.49890766878854,0.385609588637889,0.00985058173161718
0.566666666666667,115.056570059884,124,8.94269103114547,7.13318942726585,0.449535411454674,1.24923460525743,0.680221175356029,6.91334379827086,0.398618095640174,0.0099973689408719
0.583333333333333,115.056493984673,124,8.94269103114547,7.46898028774888,0.460836925476584,1.24923460525743,0.69875837976229,7.32028385419332,0.408872184087941,0.01000443690862
0.6,115.0564131503,124,8.94269103114547,7.77470911978353,0.467074237816518,1.24923460525743,0.7171861515196,7.70811196420575,0.414997035503132,0.0098124142656351
0.616666666666667,115.056327470897,123,7.94269103114547,8.0521430801393,0.467475849062282,1.24923460525743,0.735503183586566,8.06924350293535,0.416323754112033,0.00939875869514763
0.633333333333333,115.05623686713,123,7.94269103114547,8.20893700430668,0.461901366730702,1.24923460525743,0.753708239791665,8.39913862882034,0.412685186578008,0.00876615489706402
0.65,115.056141266126,123,7.94269103114547,8.34667140427196,0.444306454570929,1.24923460525743,0.771800152883277,8.65943157534629,0.399182517289537,0.0076895674577012
0.666666666666667,115.056040601383,123,7.94269103114547,8.4667433528155,0.418034497958956,1.24923460525743,0.789777822624241,8.86144991914593,0.37838894956585,0.00631425515949647
0.683333333333333,115.055934812671,122,6.94269103114547,8.57048483431302,0.38579753668337,1.24923460525743,0.807640213930014,9.01482774281727,0.352411219822695,0.00475601813377736
0.7,115.05582384592,122,6.94269103114547,8.56510391187379,0.349776839448567,1.24923460525743,0.825386355049515,9.12774536289631,0.322961791142772,0.00310609363347577
0.716666666666667,115.0557076531,121,5.94269103114547,8.55172619232063,0.305377547706079,1.24923460525743,0.84301533578776,9.17104353106978,0.286344201043201,0.00119113785205466
0.733333333333333,115.055586192093,121,5.94269103114547,8.43722948571876,0.256747555158064,1.24923460525743,0.860526305769415,9.16253123485181,0.245829007530304,-0.000818691704495145
0.75,115.055459426562,120,4.94269103114547,8.32240565135095,0.200604048267464,1.24923460525743,0.87791847274241,9.08013440351727,0.198773473657402,-0.00304589574833045
0.766666666666667,115.055327325809,120,4.94269103114547,8.11379728398614,0.141916379817826,1.24923460525743,0.895191100920766,8.94676357653637,0.149121371024369,-0.0052902359938145
0.783333333333333,115.055189864632,119,3.94269103114547,7.91186137303672,0.0778610783876025,1.24923460525743,0.912343509365819,8.74391046153173,0.0946200790766002,-0.00765920525221936
0.8,115.05504702318,119,3.94269103114547,7.62280760277433,0.0136047120936356,1.24923460525743,0.929375070405023,8.49687252755005,0.0393965492421997,-0.00994823807707002
0.816666666666667,115.054898786797,118,2.94269103114547,7.34676343994432,-0.0536638619325897,1.24923460525743,0.946285208087549,8.1886328465773,-0.0187664630491735,-0.0122678200510251
0.833333333333333,115.054745145874,117,1.94269103114547,6.98961369011126,-0.118891496824318,1.24923460525743,0.963073396675898,7.84530847611289,-0.0758088941830332,-0.014421153882297
0.85,115.054586095693,116,0.942691031145472,6.55710732729198,-0.185083711610867,1.24923460525743,0.97973915917277,7.45020615468115,-0.134082406832797,-0.0165293669429535
0.866666666666667,115.054421636271,116,0.942691031145472,6.05473868077766,-0.253760678495335,1.24923460525743,0.996282065882439,6.99331454259592,-0.194779402176303,-0.0186519682854332
0.883333333333333,115.054251772205,115,-0.0573089688545281,5.58180743291534,-0.325410255107727,1.24923460525743,1.01270173300591,6.46959460097629,-0.258279876521809,-0.0208065118758007
0.9,115.054076512516,114,-1.05730896885453,5.0433797633176,-0.393499479971658,1.24923460525743,1.02899782126914,5.913734322144,-0.319338724204598,-0.0227391346130219
0.916666666666667,115.053895870491,113,-2.05730896885453,4.44439821822186,-0.460176280165118,1.24923460525743,1.0451700345836,5.3149790896728,-0.379607070377336,-0.0245399634940369
0.933333333333333,115.053709863529,113,-2.05730896885453,3.78956554572397,-0.526553486166606,1.24923460525743,1.06121811873855,4.66724061062996,-0.43993036802032,-0.0262560153449186
0.95,115.053518512988,112,-3.05730896885453,3.17740698022512,-0.593029213469204,1.24923460525743,1.07714186012427,3.96787614351591,-0.50059377923201,-0.0279050840959725
0.966666666666667,115.05332184403,112,-3.05730896885453,2.51223333969232,-0.653196960917012,1.24923460525743,1.09294108448565,3.25282887970748,-0.556431475661359,-0.0292419110783366
0.983333333333333,115.053119885471,111,-4.05730896885453,1.89231189552806,-0.709470650624339,1.24923460525743,1.10861565570547,2.51176088030242,-0.609288606252301,-0.030370332063835
1,115.052912669631,111,-4.05730896885453,1.22171089051627,-0.75697996627696,1.24923460525743,1.12416547461671,1.77449140117504,-0.655198060244984,-0.0311095935680279
1.01666666666667,115.052700232185,111,-4.05730896885453,0.598469928696592,-0.799294164285954,1.24923460525743,1.13959047784337,1.02583024890896,-0.696915589104448,-0.03161106051907
1.03333333333333,115.052482612019,110,-5.05730896885453,0.0205033464432361,-0.798284714517435,1.24923460525743,1.14786465925617,0.316921300156241,-0.685429901268637,-0.0317598018798642
1.05,115.052259851088,110,-5.05730896885453,-0.60832995154961,-0.790194346470546,1.24923460525743,1.15635117704076,-0.339714724493557,-0.669226534802922,-0.0315680205505384
1.06666666666667,115.052031994272,110,-5.05730896885453,-1.19017597061486,-0.79832511043651,1.24923460525743,1.16833909386828,-0.981543326797012,-0.67557822386058,-0.0313203365783752
1.08333333333333,115.051799089241,110,-5.05730896885453,-1.72728392465732,-0.798271169161255,1.24923460525743,1.17939934948606,-1.59923090564767,-0.673142161964688,-0.0309181965834042
1.1,115.051561186318,111,-4.05730896885453,-2.22187864233352,-0.796201423812986,1.24923460525743,1.19108712614579,-2.18654785967317,-0.670900786380428,-0.0303076397074219
1.11666666666667,115.051318338347,111,-4.05730896885453,-2.58209289640591,-0.792298356157923,1.24923460525743,1.20365931525592,-2.74159111327496,-0.669569885639015,-0.0294517230334098
1.13333333333333,115.051070600565,111,-4.05730896885453,-2.910000836583,-0.785047934299239,1.24923460525743,1.21823867240609,-3.22768865386697,-0.670786933532677,-0.0280846807176748
1.15,115.050818030469,111,-4.05730896885453,-3.20750472876064,-0.766105138405009,1.24923460525743,1.23269975005196,-3.65346626440491,-0.662077375620815,-0.0263059161918312
1.16666666666667,115.050560687703,112,-3.05730896885453,-3.47644955534511,-0.737450452888287,1.24923460525743,1.24704256180366,-4.02230039432478,-0.644934864610672,-0.0242072106375082
1.18333333333333,115.050298633925,112,-3.05730896885453,-3.62456080200303,-0.700988334868797,1.24923460525743,1.26126715174951,-4.33821196852326,-0.62081813552056,-0.0218742308699398
1.2,115.050031932698,112,-3.05730896885453,-3.75348288869703,-0.652164739939629,1.24923460525743,1.27537359346693,-4.56947200008519,-0.586031232167713,-0.0191405626221758
1.21666666666667,115.049760649372,113,-2.05730896885453,-3.86467047329725,-0.595381387547235,1.24923460525743,1.28936198905734,-4.73250830284712,-0.544018764304088,-0.0161913071190965
1.23333333333333,115.049484850972,113,-2.05730896885453,-3.86544785283753,-0.534074867666071,1.24923460525743,1.30323246820463,-4.84083310879312,-0.49750099125815,-0.013167774641342
1.25,115.049204606091,114,-1.05730896885453,-3.85705055676804,-0.464564050694451,1.24923460525743,1.3169851872565,-4.86944390897522,-0.443528215016819,-0.00993171674233381
1.26666666666667,115.048919984784,114,-1.05730896885453,-3.74646015190966,-0.391643703550523,1.24923460525743,1.33062032832844,-4.83936491091162,-0.38591252212944,-0.00667681634293002
1.28333333333333,115.048631058461,115,-0.0573089688545281,-3.63456624842196,-0.312471043791959,1.24923460525743,1.34413809842957,-4.73098581397625,-0.322392423514074,-0.00329524982606897
1.3,115.048337899796,115,-0.0573089688545281,-3.42800335825568,-0.232296627629031,1.24923460525743,1.35753872861016,-4.56908374013929,-0.257168759678748,4.75149331995292e-06
1.31666666666667,115.048040582624,116,0.942691031145472,-3.22731473650771,-0.148457615554536,1.24923460525743,1.37082247313005,-4.33654468284928,-0.188150685313253,0.00332765890683682
1.33333333333333,115.047739181848,116,0.942691031145472,-2.93879087185868,-0.0661909748573484,1.24923460525743,1.3839896086478,-4.05968893784607,-0.119554649263778,0.00646950948601335
1.35,115.04743377335,117,1.94269103114547,-2.6626347706213,0.0173103394651681,1.24923460525743,1.39704043342995,-3.72223211819273,-0.0491988796295535,0.0095439621096227
1.36666666666667,115.047124433904,117,1.94269103114547,-2.30480171408594,0.0970366232469202,1.24923460525743,1.40997526657995,-3.35079866484702,0.0188607138339246,0.01235914662691
1.38333333333333,115.046811241089,118,2.94269103114547,-1.96516564659352,0.176069777789455,1.24923460525743,1.42279444728648,-2.92902960384385,0.087008287219728,0.015042243602321
1.4,115.046494273207,118,2.94269103114547,-1.54935988632205,0.249696554335796,1.24923460525743,1.43549833409051,-2.48320971994586,0.151411593398068,0.0174152749338123
1.41666666666667,115.046173609205,119,3.94269103114547,-1.15694432791924,0.321298280664632,1.24923460525743,1.44808730417087,-1.99646260413654,0.214684791992248,0.0196189470065756
1.43333333333333,115.045849328596,119,3.94269103114547,-0.693246840080261,0.386451161930273,1.24923460525743,1.46056175264792,-1.49444417829064,0.273221412203549,0.0214879505201982
1.45,115.045521511391,119,3.94269103114547,-0.257531037734988,0.44880740951786,1.24923460525743,1.4729220919047,-0.959587545770848,0.329849958034011,0.0231744983770936
1.46666666666667,115.045190238019,120,4.94269103114547,0.151102503731087,0.50419022933232,1.24923460525743,1.48516875092555,-0.416833310861012,0.381162229457473,0.0245234583090864
1.48333333333333,115.044855589264,120,4.94269103114547,0.627648148086599,0.550140610277082,1.24923460525743,1.4973021746514,0.116005451588442,0.425089517861843,0.0254516351159973
1.5,115.044517646199,120,4.94269103114547,1.07314602826673,0.591788015981661,1.24923460525743,1.50932282335175,0.662715789526246,0.465629072916874,0.0261716357408854
1.51666666666667,115.044176490119,120,4.94269103114547,1.48878134781317,0.6260473788881,1.24923460525743,1.52123117201266,1.20326614174931,0.5002481593022,0.0265716944865176
1.53333333333333,115.043832202482,120,4.94269103114547,1.87575747422837,0.651248356007907,1.24923460525743,1.53302770974054,1.72369608050564,0.527521657255343,0.0265987318130491
1.55,115.043484864849,120,4.94269103114547,2.23528802515139,0.666741017553284,1.24923460525743,1.54471293918145,2.21470325425577,0.546831484851008,0.026241058854091
1.56666666666667,115.043134558828,120,4.94269103114547,2.56858976612639,0.672591543407088,1.24923460525743,1.55628737595541,2.67052208063769,0.558133415960026,0.0255151596274369
1.58333333333333,115.04278136602,120,4.94269103114547,2.87687626657555,0.66934951731486,1.24923460525743,1.56775154810547,3.08803811622737,0.561777682119033,0.0244556991679557
1.6,115.042425367965,119,3.94269103114547,3.16135226266499,0.657871921621262,1.24923460525743,1.57910599556124,3.4660922910335,0.558372319854095,0.0231080707405582
1.61666666666667,115.042066646093,119,3.94269103114547,3.32914932349381,0.639191809378761,1.24923460525743,1.59035126961649,3.8049376459289,0.548680333574917,0.0215229298996823
1.63333333333333,115.041705281677,119,3.94269103114547,3.48136216408865,0.608090501250767,1.24923460525743,1.60148793242054,4.06972467317904,0.528466771544109,0.0195080834554555
1.65,115.041341355785,118,2.94269103114547,3.61893784366544,0.568473795466547,1.24923460525743,1.61251655648314,4.27430570336519,0.500766043864252,0.0172302959863787
1.66666666666667,115.040974949239,118,2.94269103114547,3.64873308322829,0.523419204895954,1.24923460525743,1.6234377241925,4.43007557556353,0.467993510650609,0.0148184935624311
1.68333333333333,115.04060614257,118,2.94269103114547,3.67155380477052,0.468996750049842,1.24923460525743,1.63425202734623,4.51029869402134,0.426980163397528,0.0121267600985706
1.7,115.040235015978,117,1.94269103114547,3.68804727305065,0.409840411361905,1.24923460525743,1.64496006669481,4.53458795516371,0.381387872268101,0.00934480603967896
1.71666666666667,115.039861649296,117,1.94269103114547,3.60476209029274,0.349347764847367,1.24923460525743,1.65556245149742,4.51828409115785,0.333936959977557,0.00660787912466459
1.73333333333333,115.039486121953,117,1.94269103114547,3.52219016189626,0.283618884662248,1.24923460525743,1.66605979908976,4.4372112196675,0.28153123073036,0.00376491041487244
1.75,115.039108512936,116,0.942691031145472,3.44066102946063,0.217118564520772,1.24923460525743,1.67645273446365,4.31249512538001,0.227743058611819,0.000992897376489303
1.76666666666667,115.038728900761,116,0.942691031145472,3.26640383629632,0.152945013275812,1.24923460525743,1.68674188985805,4.1602100289374,0.175094463623582,-0.00159024608420036
1.78333333333333,115.03834736344,116,0.942691031145472,3.09959105780259,0.0868206604786696,1.24923460525743,1.69692790436137,3.9563436838458,0.120222680523894,-0.0041553699043143
1.8,115.03796397845,116,0.942691031145472,2.94023440677111,0.0227927940065392,1.24923460525743,1.70701142352475,3.72177877799125,0.0663955539301098,-0.00654612841000308
1.81666666666667,115.037578822705,115,-0.0573089688545281,2.78830754635436,-0.0364698648245039,1.24923460525743,1.71699309898597,3.47206570910145,0.0158148874154341,-0.00866501655852608
1.83333333333333,115.037191972531,115,-0.0573089688545281,2.54969101079322,-0.0893351726289959,1.24923460525743,1.72687358810391,3.21857762185116,-0.0301252832607515,-0.0104581024146131
1.85,115.036803503638,115,-0.0573089688545281,2.32421686319578,-0.141270280335521,1.24923460525743,1.73665355360323,2.93334316924392,-0.0757115666795235,-0.0121473059869445
1.86666666666667,115.036413491097,115,-0.0573089688545281,2.11156538678288,-0.189186418263009,1.24923460525743,1.74633366322901,2.63391489945881,-0.118428536019938,-0.0136166372025989
1.88333333333333,115.036022009317,115,-0.0573089688545281,1.9113884538736,-0.231180814484433,1.24923460525743,1.75591458941118,2.33304561715485,-0.156683184075076,-0.0148000872078513
1.9,115.035629132026,114,-1.05730896885453,1.72331433798619,-0.266227277642463,1.24923460525743,1.7653970089385,2.03976125583848,-0.189570248726992,-0.0156679240186056
1.91666666666667,115.035234932246,114,-1.05730896885453,1.45289276372717,-0.293934952332244,1.24923460525743,1.77478160264181,1.76021718194807,-0.216688393131048,-0.0162160966246078
1.93333333333333,115.034839482279,114,-1.05730896885453,1.19963960775207,-0.320693082379416,1.24923460525743,1.78406905508643,1.46228544596867,-0.243073880467822,-0.0167023029282936
1.95,115.034442853685,114,-1.05730896885453,0.962933556366973,-0.344082454571748,1.24923460525743,1.79326005427344,1.16022170875107,-0.266767435018117,-0.0170352922634888
1.96666666666667,115.034045117269,114,-1.05730896885453,0.742139372579701,-0.362671329534935,1.24923460525743,1.80235529134963,0.864176559929499,-0.286578969940823,-0.0171652273735856
1.98333333333333,115.033646343065,114,-1.05730896885453,0.536612545918374,-0.375749660985002,1.24923460525743,1.81135546032594,0.581133420189879,-0.301885566366582,-0.0170719648754295
2,115.033246600318,114,-1.05730896885453,0.345703481427179,-0.383122988725194,1.24923460525743,1.82026125780417,0.31565467784848,-0.31247405340683,-0.0167560474593598
2.01666666666667,115.032845957475,114,-1.05730896885453,0.168761257382061,-0.38495391466874,1.24923460525743,1.82907338271179,0.0704726895243392,-0.318419260677022,-0.0162318473329639
2.03333333333333,115.03244448217,114,-1.05730896885453,0.0051369801777077,-0.381641364330318,1.24923460525743,1.83779253604466,-0.153044399608515,-0.319990693250359,-0.0155224082234531
2.05,115.032042241216,115,-0.0573089688545281,-0.145813236275592,-0.373729714059462,1.24923460525743,1.84641942061744,-0.354527560582328,-0.3175817553761,-0.0146556213313236
2.06666666666667,115.031639300588,115,-0.0573089688545281,-0.190666286070938,-0.361841399489679,1.24923460525743,1.85495474082153,-0.534322581905662,-0.311656776375893,-0.0136614424574002
2.08333333333333,115.031235725421,115,-0.0573089688545281,-0.229970447233616,-0.340296396888669,1.24923460525743,1.86339920239038,-0.657176871854396,-0.297635315914295,-0.0123257266293745
2.1,115.030831579995,115,-0.0573089688545281,-0.264136377547513,-0.312522716935161,1.24923460525743,1.87175351217195,-0.73619935546647,-0.278186800419308,-0.0107934094755128
2.11666666666667,115.030426927732,115,-0.0573089688545281,-0.293555338755323,-0.281127848986448,1.24923460525743,1.88001837790822,-0.781820075136326,-0.255361705707578,-0.00917264778767499
2.13333333333333,115.030021831186,116,0.942691031145472,-0.318599379895048,-0.248067494224928,1.24923460525743,1.88819450802147,-0.802300672823403,-0.23071655686174,-0.00754260942378133
2.15,115.029616352037,116,0.942691031145472,-0.245562241058462,-0.21478229400354,1.24923460525743,1.89628261140733,-0.804152216894808,-0.205415488759082,-0.00595975939537805
2.16666666666667,115.029210551085,116,0.942691031145472,-0.174700358724581,-0.17597684709252,1.24923460525743,1.90428339723425,-0.75638310594546,-0.175235862538662,-0.00421872710726491
2.18333333333333,115.028804488249,117,1.94269103114547,-0.106126247385625,-0.135154032650344,1.24923460525743,1.91219757474938,-0.674905654730467,-0.142957530548484,-0.00246089700442344
2.2,115.028398222558,117,1.94269103114547,0.0541304736483862,-0.094781790697729,1.24923460525743,1.92002585309068,-0.571849777167308,-0.110567290148371,-0.000782669659028457
2.21666666666667,115.027991812148,117,1.94269103114547,0.206080272639454,-0.0502030706079467,1.24923460525743,1.92776894110499,-0.420259296572805,-0.0743634264910891,0.000997835523473093
2.23333333333333,115.027585314263,118,2.94269103114547,0.349878704131688,-0.005272635173047,1.24923460525743,1.93542754717215,-0.238857063747772,-0.0374227201018553,0.0027276551457572
2.25,115.027178785249,118,2.94269103114547,0.579763933189588,0.0373964737616595,1.24923460525743,1.94300237903477,-0.0416442407639261,-0.00186562423066179,0.00430722399565315
2.26666666666667,115.026772280555,118,2.94269103114547,0.796012638086682,0.0824615022230633,1.24923460525743,1.95049414363363,0.197176834825428,0.0359920968103475,0.00592100012172581
2.28333333333333,115.026365854728,119,3.94269103114547,0.999043867581575,0.126166169476987,1.24923460525743,1.95790354694869,0.458258664231959,0.0731361369694641,0.00742231958956187
2.3,115.025959561417,119,3.94269103114547,1.28335556146638,0.166058651073093,1.24923460525743,1.96523129384528,0.727368842514897,0.107560886393379,0.00872013173388431
2.31666666666667,115.02555345337,119,3.94269103114547,1.54947957725381,0.206993621142643,1.24923460525743,1.97247808792565,1.03035757324325,0.143097039905727,0.01000851875983
2.33333333333333,115.025147582437,120,4.94269103114547,1.79808478954981,0.245428982690444,1.24923460525743,1.97964463138553,1.34812874392413,0.176892987229787,0.0111507569707417
2.35,115.024741999567,120,4.94269103114547,2.12391296166889,0.279129895461776,1.24923460525743,1.98673162487573,1.66683492384638,0.207110873770553,0.0120654989806379
2.36666666666667,115.024336754812,121,5.94269103114547,2.42773322368748,0.313161108489487,1.24923460525743,1.99373976736848,2.0127952511065,0.237746294252587,0.0129559239444348
2.38333333333333,115.023931897331,121,5.94269103114547,2.80450406962351,0.344177227417358,1.24923460525743,2.00066975602864,2.36742923484367,0.266104279894873,0.013693568104759
2.4,115.023527475388,122,6.94269103114547,3.15520882058434,0.376454211354647,1.24923460525743,2.00752228608933,2.7535176822346,0.295568568479535,0.0144485689514029
2.41666666666667,115.023123536356,122,6.94269103114547,3.57501684223252,0.406102754882459,1.24923460525743,2.01429805073227,3.14987896031484,0.323019824104423,0.0150700368575359
2.43333333333333,115.022720126721,122,6.94269103114547,3.96511832953459,0.43703920358559,1.24923460525743,2.02099774097226,3.57742329511166,0.351559241526407,0.0157135895729452
2.45,115.022317292086,122,6.94269103114547,4.32682558508862,0.46515146185434,1.24923460525743,2.02762204554616,4.01366380568943,0.377890851802035,0.0162196141973665
2.46666666666667,115.021915077172,123,7.94269103114547,4.66144798725369,0.487901461437214,1.24923460525743,2.03417165080585,4.4425456816171,0.399940349555762,0.016494981454622
2.48333333333333,115.021513525825,123,7.94269103114547,5.06434520522879,0.503907784605982,1.24923460525743,2.04064724061532,4.85298095190263,0.41653832297778,0.0164945947573747
2.5,115.021112681017,123,7.94269103114547,5.43688109144646,0.518952991262117,1.24923460525743,2.04704949625174,5.27377576730031,0.432249812448082,0.0164513696447074
2.51666666666667,115.020712584856,123,7.94269103114547,5.78052591687445,0.530288552606187,1.24923460525743,2.0533790963103,5.68857800183362,0.444860160111603,0.0162608533924689
2.53333333333333,115.020313278584,123,7.94269103114547,6.09673226924363,0.53634889538958,1.24923460525743,2.0596367166129,6.08606125405054,0.45307717441046,0.0158680177836431
2.55,115.01991480259,122,6.94269103114547,6.38692981532785,0.536423257448177,1.24923460525743,2.06582303012038,6.45874736823983,0.456281218232337,0.0152528486237067
2.56666666666667,115.019517196408,122,6.94269103114547,6.5584613925146,0.530402622711708,1.24923460525743,2.07193870684844,6.80207303095974,0.454331515603229,0.0144193358795592
2.58333333333333,115.019120498728,122,6.94269103114547,6.71261976822189,0.512254854161367,1.24923460525743,2.0779844137869,7.07755991057678,0.442340586217212,0.0131429627438879
2.6,115.018724747399,122,6.94269103114547,6.85053730112917,0.485323818252013,1.24923460525743,2.08396081482243,7.29636507085412,0.422883699832737,0.011569035675958
2.61666666666667,115.018329979439,121,5.94269103114547,6.9733030885681,0.45231567362694,1.24923460525743,2.08986857066457,7.4679176040497,0.398064562486132,0.00981315500613796
2.63333333333333,115.017936231035,121,5.94269103114547,6.98790295370087,0.415403191927507,1.24923460525743,2.09570833877487,7.60017578853368,0.369590451154193,0.00796626414726577
2.65,115.017543537557,120,4.94269103114547,6.99525975725585,0.369982928361975,1.24923460525743,2.10148077329924,7.66375399297188,0.333759565182994,0.00585473234187377
2.66666666666667,115.017151933558,120,4.94269103114547,6.90206693330481,0.320195715126975,1.24923460525743,2.1071865250033,7.67623950621011,0.293838270208691,0.00364849913216905
2.68333333333333,115.016761452786,119,3.94269103114547,6.80894924330871,0.262754142864628,1.24923460525743,2.11282624121067,7.61534743943751,0.247181556598122,0.00122494871942263
2.7,115.01637212819,119,3.94269103114547,6.62229840419768,0.202625888495062,1.24923460525743,2.1184005657442,7.50379242666032,0.197733234672821,-0.00121567895231647
2.71666666666667,115.015983991923,119,3.94269103114547,6.44243572462377,0.136988835874719,1.24923460525743,2.12391013886992,7.32288758016337,0.143243153415078,-0.00378075819388347
2.73333333333333,115.015597075356,119,3.94269103114547,6.26950877311926,0.0710138172935538,1.24923460525743,2.12935559724377,7.09777026414908,0.0878430960496509,-0.00626549716653904
2.75,115.015211409081,118,2.94269103114547,6.10361483481798,0.00822806677069611,1.24923460525743,2.13473757386099,6.84737571462781,0.0343995172738167,-0.00853587228278249
2.76666666666667,115.014827022921,118,2.94269103114547,5.85074655524699,-0.0490884382547996,1.24923460525743,2.14005669800802,6.58575690639121,-0.015187950520197,-0.0105108490693706
2.78333333333333,115.014443945936,118,2.94269103114547,5.61083729916835,-0.105921628817879,1.24923460525743,2.14531359521702,6.28705237745957,-0.0648266732240031,-0.0123926330529363
2.8,115.014062206432,118,2.94269103114547,5.38365851982568,-0.158832503213102,1.24923460525743,2.15050888722274,5.97046510354184,-0.111721823101383,-0.0140512754305284
2.81666666666667,115.013681831968,118,2.94269103114547,5.16894378203715,-0.205670328051314,1.24923460525743,2.15564319192179,5.65002908145087,-0.154079397868269,-0.0154112551050099
2.83333333333333,115.013302849365,118,2.94269103114547,4.96639420388752,-0.245240150404531,1.24923460525743,2.16071712333426,5.33575573312261,-0.19085426721225,-0.0164367282858099
2.85,115.012925284715,118,2.94269103114547,4.77568346561958,-0.277043088375819,1.24923460525743,2.1657312915675,5.03455001359336,-0.221552472054879,-0.0171201005369784
2.86666666666667,115.012549163386,118,2.94269103114547,4.59646240817147,-0.301074901775188,1.24923460525743,2.17068630278221,4.75093967915579,-0.246077092982105,-0.0174732468506593
2.88333333333333,115.012174510035,118,2.94269103114547,4.42836324338454,-0.317671061439942,1.24923460525743,2.1755827591605,4.48765332588073,-0.264608989296743,-0.0175208333879865
2.9,115.01180134861,118,2.94269103114547,4.27100339742218,-0.327388764944884,1.24923460525743,2.18042125887614,4.24607633314322,-0.277515341196252,-0.0172952993801916
2.91666666666667,115.011429702366,119,3.94269103114547,4.12398900840279,-0.330918172766344,1.24923460525743,2.18520239606675,4.02660850844286,-0.285280265860667,-0.0168331433859925
2.93333333333333,115.011059593867,119,3.94269103114547,4.08097745302892,-0.32901663278682,1.24923460525743,2.18992676080793,3.82894283426928,-0.288452874627055,-0.0161722280292936
2.95,115.010691044998,119,3.94269103114547,4.0416395314399,-0.316129404099144,1.24923460525743,2.19459493908934,3.68837459123264,-0.282532337586163,-0.01510568492733
2.96666666666667,115.010324076972,119,3.94269103114547,4.00576904600438,-0.295801112453398,1.24923460525743,2.19920751279252,3.59183852864294,-0.270263076820813,-0.0137851532334199
2.98333333333333,115.00995871034,120,4.94269103114547,3.97316516123512,-0.270747947183283,1.24923460525743,2.20376505967063,3.52894720802361,-0.253766357084939,-0.0123249674559738
3,115.009594964998,120,4.94269103114547,4.03769216451015,-0.243026993097767,1.24923460525743,2.20826815332974,3.49147913188692,-0.234665586248595,-0.0108099871681996
3.01666666666667,115.009232860195,120,4.94269103114547,4.09923911786319,-0.207841968935474,1.24923460525743,2.212717363212,3.50905351809007,-0.209111402732226,-0.00905772796419956
3.03333333333333,115.008872414546,121,5.94269103114547,4.15782712368609,-0.169099425007152,1.24923460525743,2.21711325458029,3.56466022398419,-0.180186891580778,-0.00722798547003636
3.05,115.008513646035,121,5.94269103114547,4.3075489333317,-0.129593409367949,1.24923460525743,2.22145638850452,3.6452940035677,-0.150125090206544,-0.00543194042352165
3.06666666666667,115.008156572027,121,5.94269103114547,4.44852676115512,-0.0849300224099577,1.24923460525743,2.22574732184944,3.77721557327305,-0.115424197709001,-0.00349954986277258
3.08333333333333,115.007801209275,122,6.94269103114547,4.58101788955175,-0.0391761337000003,1.24923460525743,2.22998660726398,3.94115165128161,-0.0793232885319485,-0.00159323320891671
3.1,115.00744757393,122,6.94269103114547,4.79935278287909,0.00488444888423082,1.24923460525743,2.23417479317199,4.12266724096264,-0.0440745865627875,0.000179913493775382
3.11666666666667,115.00709568155,123,7.94269103114547,5.00389156208932,0.0517716525696864,1.24923460525743,2.2383124237644,4.34721960767303,-0.00610088074450065,0.00199837175251948
3.13333333333333,115.006745547106,123,7.94269103114547,5.28918776968365,0.0976189125318433,1.24923460525743,2.24240003899273,4.59519546765215,0.0314965474107711,0.00371075436886115
3.15,115.006397184993,124,8.94269103114547,5.55582538803842,0.146217429263026,1.24923460525743,2.24643817456394,4.88824946214324,0.0717180460486491,0.00546648607832257
3.16666666666667,115.006050609036,124,8.94269103114547,5.89858141494275,0.193237222083328,1.24923460525743,2.25042736193653,5.20403765873994,0.111090682138814,0.00709639895707637
3.18333333333333,115.005705832504,125,9.94269103114547,6.21826182408823,0.242201932396671,1.24923460525743,2.25436812831787,5.56231322781513,0.152395722321447,0.00874033587182402
3.2,115.005362868111,125,9.94269103114547,6.60986320523303,0.288655858194919,1.24923460525743,2.25826099666277,5.93946655212208,0.192052601579952,0.0102253715737371
3.21666666666667,115.005021728031,126,10.9426910311455,6.97440790305291,0.336097060956684,1.24923460525743,2.26210648567314,6.35446750747893,0.232814507719376,0.0116916002745568
3.23333333333333,115.004682423901,126,10.9426910311455,7.4071049410634,0.38011250276039,1.24923460525743,2.26590510979884,6.78328447414392,0.271127811765498,0.0129689825642447
3.25,115.004344966835,126,10.9426910311455,7.80918454167593,0.424287013381595,1.24923460525743,2.26965737923958,7.24473152903037,0.30980895959493,0.0142021064039954
3.26666666666667,115.004009367428,126,10.9426910311455,8.18199916684597,0.464320398274904,1.24923460525743,2.27336379994785,7.71481325203366,0.345389831692953,0.0152262794191458
3.28333333333333,115.003675635766,126,10.9426910311455,8.52689827376576,0.497591685679092,1.24923460525743,2.27702487363292,8.17642093718599,0.375707502247788,0.0159475572703635
3.3,115.003343781435,127,11.9426910311455,8.84522198668473,0.522712011971949,1.24923460525743,2.28064109776578,8.61776140130873,0.399564736321959,0.0163229930293156
3.31666666666667,115.003013813528,127,11.9426910311455,9.23235485852532,0.539177514154966,1.24923460525743,2.28421296558506,9.03110669482424,0.416465196511352,0.0163454346612347
3.33333333333333,115.002685740654,127,11.9426910311455,9.58968027918515,0.553433476599595,1.24923460525743,2.28774096610379,9.44789695602584,0.431485121936246,0.0162761218417294
3.35,115.002359570944,127,11.9426910311455,9.91868319691094,0.563225085398205,1.24923460525743,2.29122558411718,9.85383116872984,0.442793224989566,0.0160314081610722
3.36666666666667,115.002035312064,127,11.9426910311455,10.2208264736155,0.567348314258833,1.24923460525743,2.29466730021113,10.2391676635167,0.449380301268464,0.0155712373487906
3.38333333333333,115.001712971217,126,10.9426910311455,10.4975460761665,0.565351305440888,1.24923460525743,2.29806659077163,10.5976412486975,0.450831374153293,0.0148860756892639
3.4,115.001392555157,126,10.9426910311455,10.6561875698297,0.557304880949797,1.24923460525743,2.30142392799493,10.9256064660058,0.447149667369645,0.0139869689837581
3.41666666666667,115.001074070192,126,10.9426910311455,10.7980432533954,0.537296424759925,1.24923460525743,2.30473977989852,11.1852696919142,0.4335451356561,0.0126538751812952
3.43333333333333,115.000757522193,126,10.9426910311455,10.9242421709535,0.50874384959269,1.24923460525743,2.30801461033279,11.388289498985,0.412655119458178,0.0110346579303555
3.45,115.000442916606,126,10.9426910311455,11.0358675856764,0.47439357406268,1.24923460525743,2.31124887899347,11.5444534334542,0.386618888027037,0.00924607591027974
3.46666666666667,115.000130258453,126,10.9426910311455,11.1339566246199,0.436433993223356,1.24923460525743,2.31444304143466,11.6619673331397,0.357159739686255,0.00737923472874682
3.48333333333333,114.999819552344,125,9.94269103114547,11.2195001897633,0.396591238592983,1.24923460525743,2.31759754908268,11.7477013906104,0.32565449458824,0.00550416905097734
3.5,114.999510802487,125,9.94269103114547,11.1993837523614,0.356209858503718,1.24923460525743,2.32071284925039,11.8073992207622,0.293192231843854,0.00367368604290249
3.51666666666667,114.999204012687,125,9.94269103114547,11.1744283945547,0.309989196037914,1.24923460525743,2.32378938515221,11.8097618262059,0.255547162250165,0.0016823928660582
3.53333333333333,114.998899186363,124,8.94269103114547,11.145284356906,0.26148564456847,1.24923460525743,2.32682759591976,11.7707262301931,0.215543123754664,-0.00032607992587771
3.55,114.998596326549,124,8.94269103114547,11.0184923458084,0.213255650630053,1.24923460525743,2.32982791661798,11.7026800036507,0.175239542321546,-0.0022518165504796
3.56666666666667,114.998295435905,124,8.94269103114547,10.8945267225129,0.160748344565854,1.24923460525743,2.33279077826185,11.5790813802243,0.131022393351841,-0.00427262798141479
3.58333333333333,114.997996516723,123,7.94269103114547,10.7736909737858,0.107930023957536,1.24923460525743,2.33571660783365,11.4191664120975,0.0860614455619847,-0.0062314232921086
3.6,114.997699570934,123,7.94269103114547,10.5621807330917,0.0575221314687479,1.24923460525743,2.33860582830064,11.2375047038558,0.0425686187378068,-0.00802478271080894
3.61666666666667,114.997404600113,123,7.94269103114547,10.3601284884041,0.00496710998557705,1.24923460525743,2.34145885863333,11.0088900599013,-0.00305494823200176,-0.00983378937640733
3.63333333333333,114.997111605493,122,6.94269103114547,10.1675003904068,-0.0458911789324358,1.24923460525743,2.34427611382412,10.7532611120892,-0.0477185378456736,-0.0115089990439412
3.65,114.996820587964,122,6.94269103114547,9.89016044312775,-0.0925272237257795,1.24923460525743,2.34705800490644,10.4854245831416,-0.0893506973640133,-0.012957223836904
3.66666666666667,114.996531548085,121,5.94269103114547,9.62791622565495,-0.139736525464225,1.24923460525743,2.34980493897425,10.1800765851109,-0.131727526442518,-0.0143710534402327
3.68333333333333,114.996244486089,121,5.94269103114547,9.28635721627671,-0.183932127687493,1.24923460525743,2.35251731920203,9.85682439406969,-0.171954084286983,-0.0156128859815136
3.7,114.995959401889,120,4.94269103114547,8.96501975737913,-0.229179363938673,1.24923460525743,2.35519554486506,9.49389385600984,-0.213236706544399,-0.0168452486674922
3.71666666666667,114.995676295087,120,4.94269103114547,8.56922635901279,-0.271410303324589,1.24923460525743,2.35784001136016,9.11343130817497,-0.252302527338012,-0.0179111582659994
3.73333333333333,114.99539516498,119,3.94269103114547,8.19825151546338,-0.314394182135089,1.24923460525743,2.36045111022667,8.69543499984758,-0.292123131597938,-0.018961584632819
3.75,114.995116010564,119,3.94269103114547,7.75716174245648,-0.353901772226785,1.24923460525743,2.3630292291679,8.26323548096042,-0.329296033844266,-0.0198336030519022
3.76666666666667,114.994838830545,119,3.94269103114547,7.34498201857157,-0.393637105881136,1.24923460525743,2.36557475207277,7.79756861512621,-0.366738792422543,-0.0206761654428668
3.78333333333333,114.994563623342,118,2.94269103114547,6.96059570162808,-0.429372182039188,1.24923460525743,2.36808805903781,7.32216778064264,-0.40104773606638,-0.0213269685809
3.8,114.994290387093,118,2.94269103114547,6.5088113669919,-0.458524715555356,1.24923460525743,2.37056952638948,6.8540181991689,-0.430098020474924,-0.0216930732583428
3.81666666666667,114.994019119665,117,1.94269103114547,6.08841075355994,-0.486052763721227,1.24923460525743,2.37301952670668,6.36879604562598,-0.4577886874334,-0.0219757882224525
3.83333333333333,114.993749818656,117,1.94269103114547,5.60398892392416,-0.508670039432352,1.24923460525743,2.37543842884356,5.88621701204583,-0.481461086085423,-0.0220512616441705
3.85,114.993482481403,116,0.942691031145472,5.15412071028669,-0.530820493295602,1.24923460525743,2.37782659795261,5.38399758068856,-0.504624156192252,-0.0220982959286906
3.86666666666667,114.993217104989,116,0.942691031145472,4.64320117540966,-0.548849014797438,1.24923460525743,2.38018439550788,4.88335259758185,-0.524339415804849,-0.0219769247489184
3.88333333333333,114.992953686246,116,0.942691031145472,4.16961229248334,-0.56694083637247,1.24923460525743,2.38251217932853,4.3630760539882,-0.543919808198893,-0.0218546473350814
3.9,114.992692221767,115,-0.0573089688545281,3.73162293368522,-0.581264638842766,1.24923460525743,2.38481030360248,3.84513418797742,-0.56029388937969,-0.0215837724660068
3.91666666666667,114.992432707902,115,-0.0573089688545281,3.23345563213745,-0.589558958250796,1.24923460525743,2.38707911891032,3.34491583048693,-0.571611703673451,-0.0210825076661282
3.93333333333333,114.992175140773,115,-0.0573089688545281,2.77333431957715,-0.597035395606809,1.24923460525743,2.38931897224938,2.83666418283724,-0.581995748369849,-0.0205602946517677
3.95,114.991919516275,115,-0.0573089688545281,2.34938351600683,-0.600602206259331,1.24923460525743,2.39153020705791,2.33881587211554,-0.588965192508512,-0.0198988253154251
3.96666666666667,114.991665830084,114,-1.05730896885453,1.95975366662433,-0.598515218879019,1.24923460525743,2.39371316323951,1.8640449159896,-0.591090017282508,-0.0190360595155716
3.98333333333333,114.991414077659,114,-1.05730896885453,1.50856808512892,-0.590001087848941,1.24923460525743,2.39586817718763,1.42062070416617,-0.587703956747178,-0.0179496969038597
4,114.991164254251,114,-1.05730896885453,1.09396908823596,-0.58129862966709,1.24923460525743,2.39799558181022,0.977390131363545,-0.583759015760566,-0.0168887576965646
4.01666666666667,114.990916354906,114,-1.05730896885453,0.714015669997522,-0.569260572941388,1.24923460525743,2.4000957065545,0.548753562904895,-0.577332252995983,-0.015759532612541
4.03333333333333,114.990670374472,115,-0.0573089688545281,0.366807409133864,-0.553286075061066,1.24923460525743,2.40216887743185,0.144416408133356,-0.567345471117082,-0.0145134777847026
4.05,114.990426307603,115,-0.0573089688545281,0.144548774907802,-0.532817487956122,1.24923460525743,2.40421541704282,-0.229487646918286,-0.553329948958397,-0.0131337145613233
4.06666666666667,114.990184148765,115,-0.0573089688545281,-0.0544873672231508,-0.501503750642072,1.24923460525743,2.40623564460213,-0.533415372703059,-0.530168260658223,-0.0113805795122326
4.08333333333333,114.989943892241,115,-0.0573089688545281,-0.231849271030709,-0.462465808512239,1.24923460525743,2.40822987596391,-0.777844123884639,-0.50027829422089,-0.00938845445694766
4.1,114.989705532134,116,0.942691031145472,-0.389023418088217,-0.41825686970116,1.24923460525743,2.41019842364686,-0.971813332600547,-0.465659235595333,-0.00726508534101641
4.11666666666667,114.989469062375,116,0.942691031145472,-0.433374561654991,-0.370946781748292,1.24923460525743,2.41214159685957,-1.12310679213141,-0.427951562727199,-0.00509575479222694
4.13333333333333,114.989234476726,116,0.942691031145472,-0.466186179956253,-0.315864067269121,1.24923460525743,2.41405970152586,-1.2023209736802,-0.383412869867826,-0.00270270439272403
4.15,114.989001768787,117,1.94269103114547,-0.488553582764355,-0.257105062266139,1.24923460525743,2.41595304031016,-1.22713631662117,-0.33528643309992,-0.000252787621688909
4.16666666666667,114.988770931995,117,1.94269103114547,-0.407444911346099,-0.197684472778929,1.24923460525743,2.41782191264295,-1.21153049611615,-0.285991921529217,0.00213482675846099
4.18333333333333,114.988541959635,117,1.94269103114547,-0.323744140497613,-0.133435820110141,1.24923460525743,2.4196666147462,-1.13040162720567,-0.232221460407507,0.00462222953966143
4.2,114.988314844843,118,2.94269103114547,-0.238146470475118,-0.0686437021791094,1.24923460525743,2.42148743965885,-1.00428151438218,-0.177402085388207,0.00703972113381536
4.21666666666667,114.988089580608,118,2.94269103114547,-0.0572213663109213,-0.00628930296105073,1.24923460525743,2.42328467726232,-0.848899452384086,-0.123959244151814,0.0092739868831616
4.23333333333333,114.987866159778,118,2.94269103114547,0.118542630024502,0.0579766089906826,1.24923460525743,2.42505861430599,-0.640082130471924,-0.0684688191551605,0.0114985593712511
4.25,114.987644575065,118,2.94269103114547,0.288840910759534,0.120146596978581,1.24923460525743,2.42680953443272,-0.39868412009789,-0.0141621705740269,0.0135584495699156
4.26666666666667,114.987424819049,118,2.94269103114547,0.453429009556382,0.177570188878191,1.24923460525743,2.42853771820431,-0.140321169436341,0.0367783461060666,0.0153566238918533
4.28333333333333,114.987206884181,117,1.94269103114547,0.612117255302952,0.228619478051592,1.24923460525743,2.43024344312705,0.123505118989448,0.0829669594674026,0.0168390609840592
4.3,114.986990762788,117,1.94269103114547,0.670706383718102,0.27242591682756,1.24923460525743,2.4319269836771,0.384504150163677,0.123614969386818,0.01798307556055
4.31666666666667,114.986776447077,117,1.94269103114547,0.729023488162333,0.302342904650149,1.24923460525743,2.43358861132602,0.600780009814613,0.153297211025466,0.0185440698236665
4.33333333333333,114.98656392914,117,1.94269103114547,0.786810583412453,0.32123107457144,1.24923460525743,2.43522859456609,0.780383226169979,0.174152264417743,0.0186531001592967
4.35,114.986353200957,116,0.942691031145472,0.843840403626661,0.331430267530371,1.24923460525743,2.43684719893576,0.92994010232293,0.187938275059835,0.0184165913774192
4.36666666666667,114.986144254399,116,0.942691031145472,0.805854822232938,0.334849649569279,1.24923460525743,2.43844468704492,1.05489665371195,0.196098080177635,0.0179206592074529
4.38333333333333,114.985937081234,115,-0.0573089688545281,0.77260340997509,0.326711199266225,1.24923460525743,2.44002131860023,1.12362845941066,0.194736750197741,0.0169905109650858
4.4,114.985731673127,115,-0.0573089688545281,0.649675059556491,0.311057311509389,1.24923460525743,2.44157735043034,1.15173818326497,0.186989456415326,0.015797961744012
4.41666666666667,114.985528021649,114,-1.05730896885453,0.536656697686505,0.284566351982471,1.24923460525743,2.44311303651103,1.11519008615965,0.17013314088908,0.0142247391128393
4.43333333333333,114.985326118276,114,-1.05730896885453,0.338966764623145,0.252225111954436,1.24923460525743,2.44462862799039,1.03516111461397,0.148078603180176,0.0124773847667832
4.45,114.985125954395,114,-1.05730896885453,0.156015617553459,0.211274143552595,1.24923460525743,2.44612437321381,0.89161963563114,0.118580336860086,0.0104563346455483
4.46666666666667,114.984927521308,114,-1.05730896885453,-0.0129000982552983,0.166981795707567,1.24923460525743,2.44760051774898,0.708531804050782,0.0858057814956311,0.00837530671909915
4.48333333333333,114.984730810232,114,-1.05730896885453,-0.168476335560528,0.123000004763658,1.24923460525743,2.44905730441079,0.503816867796923,0.0526821428403342,0.00637802789010387
4.5,114.984535812307,114,-1.05730896885453,-0.311399019089283,0.0817539598073446,1.24923460525743,2.45049497328616,0.290649978726467,0.021189679590511,0.00455572435839822
4.51666666666667,114.984342518594,114,-1.05730896885453,-0.442341755028687,0.0447491685720882,1.24923460525743,2.45191376175877,0.0785077918575725,-0.00740633711075785,0.0029608169027163
4.53333333333333,114.984150920084,115,-0.0573089688545281,-0.561963850803649,0.0128120843555607,1.24923460525743,2.45331390453369,-0.125995177409293,-0.0323731135398685,0.00161757577724957
4.55,114.983961007697,115,-0.0573089688545281,-0.576849266742986,-0.0137225393642427,1.24923460525743,2.454695633662,-0.318440057167919,-0.0533675782340766,0.000530348433440519
4.56666666666667,114.983772772287,116,0.942691031145472,-0.587545867377151,-0.0285353839274863,1.24923460525743,2.4560591785652,-0.459981212785554,-0.0652487868416504,-6.59534248590392e-05
4.58333333333333,114.983586204645,117,1.94269103114547,-0.50039787979725,-0.0346569544230825,1.24923460525743,2.45740476605961,-0.561056653517379,-0.0703151917343018,-0.000305621442921853
4.6,114.983401295501,118,2.94269103114547,-0.321646206104001,-0.0281473344678636,1.24923460525743,2.45873262038063,-0.594053430150077,-0.0653135467332769,-4.94199519337573e-05
4.61666666666667,114.983218035529,119,3.94269103114547,-0.0573036427171141,-0.00733135136833952,1.24923460525743,2.46004296320693,-0.541691848278475,-0.0487738941990662,0.000749369748403656
4.63333333333333,114.983036415345,120,4.94269103114547,0.286849924497019,0.027892654194639,1.24923460525743,2.46133601368446,-0.394436464673029,-0.0204796393934869,0.00207491284349819
4.65,114.982856425518,121,5.94269103114547,0.705270652931145,0.0765777857895048,1.24923460525743,2.46261198845045,-0.148462694139257,0.018937261723027,0.00387131812271082
4.66666666666667,114.982678056565,122,6.94269103114547,1.19265237049481,0.137122460849812,1.24923460525743,2.46387110165721,0.195930423146498,0.0683021196025633,0.00605928587380925
4.68333333333333,114.982501298958,122,6.94269103114547,1.74392685340443,0.207561502934785,1.24923460525743,2.46511356499588,0.635550359309154,0.126125399975658,0.00854820255077153
4.7,114.982326143125,123,7.94269103114547,2.26020354578716,0.285777165249191,1.24923460525743,2.46633958772002,1.16525646875457,0.190769627400534,0.0112447172303723
4.71666666666667,114.982152579455,124,8.94269103114547,2.83680824738553,0.363316761027723,1.24923460525743,2.4675493766691,1.74258570532136,0.255492188454183,0.013814433865098
4.73333333333333,114.981980598297,124,8.94269103114547,3.4691731789938,0.440939605822824,1.24923460525743,2.46874313629185,2.37242120016992,0.320851009548567,0.0162902875450455
4.75,114.981810189965,124,8.94269103114547,4.05889381965255,0.518777951561244,1.24923460525743,2.46992106866952,3.05647914185708,0.386910417880516,0.0186798795227307
4.76666666666667,114.981641344739,125,9.94269103114547,4.60770741268153,0.590228424891578,1.24923460525743,2.47108337353898,3.75811093911137,0.448336559727975,0.0207307918164057
4.78333333333333,114.981474052871,125,9.94269103114547,5.21142305093263,0.651230608984747,1.24923460525743,2.47223024831569,4.45103030235617,0.501771494878938,0.0222978607205092
4.8,114.981308304581,125,9.94269103114547,5.77187100398293,0.705927165274064,1.24923460525743,2.47336188811657,5.15305905928045,0.550400415751249,0.0235576747400053
4.81666666666667,114.981144090066,124,8.94269103114547,6.29100080176497,0.750696502514354,1.24923460525743,2.47447848578274,5.84012876893849,0.591230926018483,0.0243811433622481
4.83333333333333,114.980981399497,124,8.94269103114547,6.67669401571594,0.78365468726765,1.24923460525743,2.47558023190205,6.49571001922385,0.622633501748256,0.0247109795477853
4.85,114.980820223026,124,8.94269103114547,7.03079630532884,0.797831853015989,1.24923460525743,2.47666731483158,7.07294203342185,0.638889220928079,0.0242959742104172
4.86666666666667,114.980660550784,123,7.94269103114547,7.35500281011842,0.791528661733138,1.24923460525743,2.47872114912979,7.57270776326671,0.635889636166579,0.0232861531694776
4.88333333333333,114.980502372884,123,7.94269103114547,7.556912089715,0.777452881365038,1.24923460525743,2.47977911235812,8.00691999294219,0.628833312021962,0.0218182068939662
4.9,114.980345679426,122,6.94269103114547,7.73806268429589,0.746847287175161,1.24923460525743,2.48082271911637,8.34572350272274,0.607989220786169,0.0197577787636988
4.91666666666667,114.980190460497,122,6.94269103114547,7.80576329321746,0.704675403225315,1.24923460525743,2.48185215708001,8.60649982558432,0.577197991853705,0.017318285883469
4.93333333333333,114.980036706171,121,5.94269103114547,7.86125053969182,0.648544238363551,1.24923460525743,2.48286761160863,8.76755062220681,0.534459656476037,0.0144218953276168
4.95,114.979884406514,121,5.94269103114547,7.8115219519513,0.584333083705559,1.24923460525743,2.48386926577184,8.85272111656443,0.484390144636755,0.0113127696114683
4.96666666666667,114.979733551586,121,5.94269103114547,7.75749627078616,0.510110228828437,1.24923460525743,2.48485730037481,8.84480921400458,0.425407179900269,0.00792513104691957
4.98333333333333,114.979584131441,121,5.94269103114547,7.69990808400838,0.431889692665049,1.24923460525743,2.48583189398366,8.77064774860711,0.362284424978154,0.00450210791943346
5,114.979436136128,120,4.94269103114547,7.63942952238897,0.353978093953605,1.24923460525743,2.48679322295059,8.65097110325359,0.298489808843547,0.00121226413630573
5.01666666666667,114.979289555697,120,4.94269103114547,7.48261439452918,0.27936149146406,1.24923460525743,2.48774146143881,8.50165672373305,0.236475188396163,-0.00183286391239747
5.03333333333333,114.979144380197,120,4.94269103114547,7.32994226864855,0.203682465754667,1.24923460525743,2.4886767814472,8.29863691151919,0.172831490960958,-0.00480904850257329
5.05,114.979000599679,120,4.94269103114547,7.18171477768326,0.130930485279902,1.24923460525743,2.48959935283479,8.0628389266934,0.110796285178301,-0.00756385778242003
5.06666666666667,114.978858204196,121,5.94269103114547,7.03817877319034,0.0637309003251386,1.24923460525743,2.49050934334498,7.80992602612259,0.0525513401871324,-0.0100030192356664
5.08333333333333,114.97871718381,121,5.94269103114547,6.99359043021995,0.00368143270620145,1.24923460525743,2.49140691862956,7.55142834714545,-0.000523311081355698,-0.0120753875648793
5.1,114.978577528585,121,5.94269103114547,6.94817904519976,-0.0420514874160557,1.24923460525743,2.49229224227247,7.33174447968663,-0.0425718453802484,-0.0135170102572027
5.11666666666667,114.978439228597,121,5.94269103114547,6.90225825080233,-0.0759707852739413,1.24923460525743,2.4931654758134,7.14474005033848,-0.0754274911337494,-0.0144465529693627
5.13333333333333,114.97830227393,122,6.94269103114547,6.85611002439855,-0.100183011084352,1.24923460525743,2.49402677877111,6.98524012027313,-0.100640009227038,-0.0149633139695352
5.15,114.978166654679,122,6.94269103114547,6.90404610029273,-0.116458477035405,1.24923460525743,2.49487630866655,6.84888355225843,-0.119518195502338,-0.0151502039174882
5.16666666666667,114.978032360955,123,7.94269103114547,6.94636926753286,-0.119951018226071,1.24923460525743,2.49571422104578,6.7680923193467,-0.128089437217555,-0.0148320918301992
5.18333333333333,114.977899382878,123,7.94269103114547,7.07754162298115,-0.114686919642508,1.24923460525743,2.49654066950263,6.72783752675399,-0.129453351096954,-0.0141824981804519
5.2,114.977767710588,123,7.94269103114547,7.19802575706202,-0.0973658595001693,1.24923460525743,2.49735580570118,6.7525557284738,-0.12088225579621,-0.0130862621313296
5.21666666666667,114.977637334239,124,8.94269103114547,7.30839183604812,-0.0730220157846698,1.24923460525743,2.49815977939803,6.82133833891862,-0.106304502323839,-0.0117539539557574
5.23333333333333,114.977508244005,124,8.94269103114547,7.50325716788762,-0.0452921392569465,1.24923460525743,2.49895273846428,6.91829153911371,-0.0885842107481445,-0.0103347731572567
5.25,114.977380430078,124,8.94269103114547,7.68324409899976,-0.0104061548270481,1.24923460525743,2.49973482890742,7.06757692970811,-0.0646858636149977,-0.00868693148012694
5.26666666666667,114.977253882672,125,9.94269103114547,7.84908581351369,0.0271120540408237,1.24923460525743,2.50050619489288,7.24843504886937,-0.0381890389745739,-0.00699368769739519
5.28333333333333,114.977128592023,125,9.94269103114547,8.09556473973841,0.0641476332442572,1.24923460525743,2.50126697876546,7.44541677872775,-0.0115913646203571,-0.00537739594013236
5.3,114.977004548387,125,9.94269103114547,8.32346940353401,0.104983573100713,1.24923460525743,2.50201732107053,7.68332532963329,0.0185100755598098,-0.00367067521834107
5.31666666666667,114.976881742049,125,9.94269103114547,8.53369929257522,0.145585789621495,1.39482039487892,2.50275736057495,7.94216478812648,0.0488921715559378,-0.00203295332074477
5.33333333333333,114.976760130286,126,10.9426910311455,8.73220486201745,0.170294590146371,1.4195291954038,2.50615014727051,8.19991577777561,0.0599870027617909,-0.000556614269673009
5.35,114.976638823826,126,10.9426910311455,9.0192310659719,0.190008315517041,1.43924292077447,2.50990040280704,8.44334329012653,0.0666208510671484,0.000750890716183209
5.36666666666667,114.97651400032,126,10.9426910311455,9.2960464299461,0.211743614305282,1.46097821956271,2.5139872830285,8.70838569989402,0.0744363606229057,0.00216273631825997
5.38333333333333,114.976377253731,126,10.9426910311455,9.56383466669639,0.233334269051141,1.48256887430857,2.51842429233485,8.98376277883676,0.0816927147189077,0.00359466582349148
5.4,114.976214520806,127,11.9426910311455,9.82375984749122,0.25357301762188,1.50280762287931,2.52319721299691,9.26163652296468,0.0874691034888023,0.00499716064171827
5.41666666666667,114.976005498433,127,11.9426910311455,10.1709053631504,0.271916379910158,1.52115098516759,2.52827753326621,9.53691207604762,0.0914009636750855,0.00634533329781449
5.43333333333333,114.97572322917,127,11.9426910311455,10.506182854657,0.294311097471956,1.54354570272938,2.53368648546807,9.84253966841468,0.0981894169171076,0.00787496844494853
5.45,114.975334191281,127,11.9426910311455,10.8306438331769,0.317772713722916,1.56700731898034,2.53946397719392,10.1645392302094,0.10538672508974,0.00947253497049959
5.46666666666667,114.974798579083,128,12.9426910311455,11.145455624407,0.340503150432343,1.58973775568977,2.54561052150805,10.492816032857,0.111571400748402,0.0110668706701131
5.48333333333333,114.974070354163,128,12.9426910311455,11.5457767544729,0.361557867961625,1.61079247321905,2.55210413932437,10.8205013412075,0.116046722995248,0.0126179953058493
5.5,114.973097334079,129,13.9426910311455,11.9326233291955,0.386631161612586,1.63586576687001,2.55896720931429,11.1792257213836,0.123311240829425,0.0143518548237908
5.51666666666667,114.971821179764,129,13.9426910311455,12.4012136689989,0.412596031616552,1.66183063687398,2.56623754314954,11.5540799579632,0.130808754928371,0.0161490535635829
5.53333333333333,114.970177480229,130,14.9426910311455,12.8528890406531,0.44364993189682,1.69288453715425,2.57396687761154,11.9703351241997,0.141789198294907,0.0181796903048551
5.55,114.968095758835,130,14.9426910311455,13.3833003578595,0.475710321953763,1.72494492721119,2.58220214774841,12.4083280789488,0.152921261137131,0.0202875821088239
5.56666666666667,114.965499582844,131,15.9426910311455,13.8942301546878,0.512422510858552,1.76165711611598,2.59099181562488,12.8899696230215,0.167026427673456,0.0226205648693093
5.58333333333333,114.962306593987,131,15.9426910311455,14.4817239649828,0.549435526799778,1.7986701320572,2.60037283215122,13.3933645276321,0.180584089186831,0.0250106483229481
5.6,114.958428628461,132,16.9426910311455,15.0478870283239,0.590313144519409,1.83954774977684,2.61038085354609,13.9390525643297,0.196380260620338,0.0276009399617836
5.61666666666667,114.953771498174,133,17.9426910311455,15.6890098063975,0.630735961907951,1.87997056716538,2.62103967455592,14.5043888380081,0.210948800720662,0.030223167711355
5.63333333333333,114.948234453641,134,18.9426910311455,16.4014295901513,0.674359300143605,1.92359390540103,2.63237286472399,15.1095858442752,0.227174960914407,0.0330226657799767
5.65,114.941709558566,134,18.9426910311455,17.181626624819,0.723040724836886,1.97227533009431,2.64444890238647,15.767919547281,0.246422215194742,0.0360788378389729
5.66666666666667,114.934081330525,135,19.9426910311455,17.9323573742192,0.777430412245035,2.02666501750246,2.65735633583021,16.48727748398,0.269055086040545,0.0394256143830871
5.68333333333333,114.925226834188,136,20.9426910311455,18.7507611116898,0.831367233950519,2.08060183920795,2.67113263095139,17.2356063180161,0.290121548447283,0.0428233919003365
5.7,114.915015356649,136,20.9426910311455,19.6340311509417,0.88745857656646,2.13669318182389,2.68579128093976,18.0265022408316,0.311701568020317,0.0463748335942128
5.71666666666667,114.903307437515,137,21.9426910311455,20.4853465642407,0.947068612359805,2.19630321761723,2.70137810104021,18.8688706610213,0.334819503220332,0.0501371733745959
5.73333333333333,114.889954068328,138,22.9426910311455,21.4020590542743,1.0046550471246,2.25388965238203,2.71789894458851,19.731952199398,0.355082345755527,0.0538916663136163
5.75,114.874796231101,138,22.9426910311455,22.3814322106349,1.0633259869234,2.31256059218082,2.7353450125946,20.6306499256354,0.375014329077008,0.0577582640039287
5.76666666666667,114.857664643262,139,23.9426910311455,23.3266271505148,1.12482796322463,2.37406256848206,2.75374716715409,21.5750420370636,0.395973725007348,0.061807672199291
5.78333333333333,114.838379636378,139,23.9426910311455,24.3349296791518,1.18389511103605,2.43312971629348,2.77310177556239,22.5353411243652,0.413805220505656,0.0658310707160294
5.8,114.816751119381,140,24.9426910311455,25.3094585569011,1.24382420617084,2.49305881142827,2.79339440769926,23.5272064460266,0.431192588402192,0.0699553168806715
5.81666666666667,114.79257835922,140,24.9426910311455,26.3472698376259,1.30042071224022,2.54965531749764,2.81459783543275,24.5252911115855,0.444878267908828,0.0740113332330108
5.83333333333333,114.765649418526,141,25.9426910311455,27.3511774750904,1.35767239307621,2.60690699833363,2.83668858680365,25.5485925700586,0.458110273011809,0.078152368907817
5.85,114.73574088474,141,25.9426910311455,28.4179283676569,1.41179067275941,2.66102527801683,2.85963942506736,26.5741383577942,0.467949688323824,0.0822255093642796
5.86666666666667,114.702617968498,142,26.9426910311455,29.450062943315,1.46696761796433,2.71620222322176,2.88343187289408,27.6225163167908,0.477792631345672,0.0863927637969998
5.88333333333333,114.666034795511,142,26.9426910311455,30.5441087962826,1.51948515719497,2.76871976245239,2.90804591967461,28.6717438916089,0.484737663927089,0.0905049357292849
5.9,114.62573479982,143,27.9426910311455,31.6024459542258,1.5735240718364,2.82275867709383,2.93347076923516,29.7429645045256,0.492152871647287,0.0947245612933284
5.91666666666667,114.581451171943,143,27.9426910311455,32.7214969315918,1.62531086820951,2.87454547346694,2.95969351365386,30.8144556481824,0.497075355334036,0.0989011499039939
5.93333333333333,114.532907337508,143,27.9426910311455,33.8035841716469,1.67895242338136,2.92818702863879,2.98670937101206,31.907434049067,0.502799719787943,0.10319507918105
5.95,114.479817442046,143,27.9426910311455,34.8510513715015,1.73059910217724,2.97983370743467,3.01451019488393,33.0001442555051,0.506290755900401,0.107453460273042
5.96666666666667,114.421886589842,143,27.9426910311455,35.8661523491285,1.77822726456467,3.0274618698221,3.04303973992328,34.0777390496975,0.506063593499402,0.111590120155601
5.98333333333333,114.358810686643,143,27.9426910311455,36.8508464007964,1.82105173419425,3.07028633945168,3.07221900393853,35.1307843077058,0.501661949089688,0.115565316667549
6,114.290276535609,142,26.9426910311455,37.8067235312684,1.85906672828048,3.1083013335379,3.10196286257369,36.1538579889676,0.493257786551043,0.119369510549669
6.01666666666667,114.216169827589,142,26.9426910311455,38.6409501691614,1.8920051570781,3.14123976233553,3.13218420441027,37.1443686802719,0.481400379510034,0.123011137513512
6.03333333333333,114.138364293086,141,25.9426910311455,39.454333996196,1.91520155947454,3.16443616473196,3.16275071453864,38.0656344723586,0.462057431360755,0.126263489643291
6.05,114.059962205722,141,25.9426910311455,40.1530188388308,1.93245896270436,3.18169356796179,3.19352910231175,38.9304775678826,0.43851365663267,0.129262440923061
6.06666666666667,113.984109771775,140,24.9426910311455,40.8366665488895,1.94041783136966,3.18965243662709,3.22438503627626,39.7134198904779,0.408345171617164,0.13186234390659
6.08333333333333,113.915631495861,139,23.9426910311455,41.4103569506719,1.9440063837972,3.19324098905462,3.25520314909208,40.4350088044282,0.375682475573959,0.134245841059639
6.1,113.860190019254,138,22.9426910311455,41.8787909258869,1.94034659534845,3.18958120060588,3.28588010863242,41.0747705708128,0.338409949063844,0.136290072225313
6.11666666666667,113.82364741784,137,21.9426910311455,42.2462734021856,1.92837667405901,3.17761127931644,3.31628095504421,41.6202532643143,0.29591743722504,0.137940433480721
6.13333333333333,113.811898301656,136,20.9426910311455,42.5165989385128,1.90817509539005,3.15740970064747,3.34626348449426,42.0649538258218,0.248511066290799,0.139186666793524
6.15,113.831081132262,135,19.9426910311455,42.6930546668823,1.88046236703413,3.12969697229156,3.3756928957614,42.4065449420504,0.196986693730203,0.140044838341667
6.16666666666667,113.888892967929,134,18.9426910311455,42.7784871215592,1.84625473115678,3.09548933641421,3.40444944728566,42.645456104182,0.142339305162617,0.140544510072251
6.18333333333333,113.998973850168,133,17.9426910311455,42.7753964176525,1.80663929505195,3.05587390030938,3.43243139774765,42.7838015378632,0.0855790486748384,0.140720165445803
6.2,114.187637027961,132,16.9426910311455,42.6860345562738,1.762640694613,3.01187529987043,3.45955499742781,42.824614121831,0.027626249671103,0.14060591434014
6.21666666666667,114.488480990189,131,15.9426910311455,42.5124945193775,1.71515291267066,2.96438751792809,3.48575282807682,42.7713300508226,-0.0307383919295405,0.140232585628996
6.23333333333333,114.923100193694,130,14.9426910311455,42.2567837424798,1.68366835048959,2.42780245060014,3.50716956912437,42.6323962212908,-0.0638332571382641,0.139624586445596
6.25,115.496712668572,130,14.9426910311455,41.9039705856135,1.66803256155579,2.41685739834648,3.52362295570875,42.4418243161219,-0.0716804634876205,0.138733900924633
6.26666666666667,116.206050757276,129,13.9426910311455,41.5366714697815,1.64224042354825,2.3988029017412,3.53967458225838,42.1829982812315,-0.0873214522318029,0.137432752566696
6.28333333333333,117.043016341749,129,13.9426910311455,41.063210937712,1.61027858728308,2.37642961635559,3.55523122352603,41.8704384131717,-0.107422165510002,0.135871516971231
6.3,117.997477656347,129,13.9426910311455,40.5852991359046,1.56899848649753,2.3475335458057,3.57020144694109,41.4806005550116,-0.134337315125552,0.133920198230637
6.31666666666667,119.058430400337,129,13.9426910311455,40.1040006508994,1.52357303474434,2.31573572957846,3.58450962683416,41.0360658997857,-0.163825990587218,0.131777312947184
6.33333333333333,120.214497990552,129,13.9426910311455,39.6199546198496,1.47751292968077,2.28349365603397,3.59813049935612,40.5544793217416,-0.193062365590388,0.129579652375971
6.35,121.454267087149,129,13.9426910311455,39.1336284347805,1.43304677400241,2.25236734705911,3.611072048604,40.0491745270564,-0.220300711367132,0.127415948668794
6.36666666666667,122.7665131811,130,14.9426910311455,38.645473264415,1.39145673730695,2.22325432137229,3.62336256770839,39.5299178906648,-0.244583930428708,0.125339114347755
6.38333333333333,124.140311343386,130,14.9426910311455,38.2500680364608,1.35335820372555,2.19658534786531,3.6350413028676,39.0036540335821,-0.265503577150935,0.123376551895113
6.4,125.565075148166,131,15.9426910311455,37.8481147169589,1.32506259445626,2.17677842137681,3.64619085130273,38.5111994041962,-0.278189584041412,0.121782673163697
6.41666666666667,127.030557270319,132,16.9426910311455,37.5347587007586,1.30343651114859,2.16164016306144,3.65690823600086,38.0435134338562,-0.285314987258977,0.120441317843449
6.43333333333333,128.526816309523,133,17.9426910311455,37.3055313583467,1.29231021547722,2.15385175609148,3.66729778111578,37.6293654204837,-0.284016032973064,0.119510567818248
6.45,130.044164535363,134,18.9426910311455,37.1564527482924,1.29316872496078,2.15445271272997,3.67749395193238,37.2870272712992,-0.273345436285175,0.119058241847111
6.46666666666667,131.573111686962,135,19.9426910311455,37.0841267532677,1.30598543066352,2.16342440672189,3.68763905698479,37.0269877194245,-0.253568142855069,0.119093068330817
6.48333333333333,133.104320204226,137,21.9426910311455,37.0857294821541,1.32984208583576,2.18012406534246,3.6978693871883,36.8542121407458,-0.225643019617348,0.119588085201575
6.5,134.628588907344,138,22.9426910311455,37.2529972209751,1.36336909163492,2.20359296940187,3.70830750112085,36.7699362818107,-0.190859049855736,0.120497426288289
6.51666666666667,136.136881770285,140,24.9426910311455,37.4840871145076,1.41118278094193,2.23706255191678,3.71909761166944,36.809043315351,-0.145772132375338,0.122012019649251
6.53333333333333,137.620414742818,141,25.9426910311455,37.8717884173939,1.46876235661848,2.27736825489036,3.73038017074612,36.9567464254503,-0.094202770260505,0.123962987576315
6.55,139.070805720489,143,27.9426910311455,38.3153220037377,1.53884171139913,2.32642380323682,3.74228825005847,37.2364732561435,-0.0341763991602507,0.126466080974536
6.56666666666667,140.480279215524,145,29.9426910311455,38.9084231992272,1.61592455241431,2.38038179194744,3.75493474048046,37.625630926605,0.0297673725026623,0.129311782411473
6.58333333333333,141.841903024535,147,31.9426910311455,39.6451395441657,1.70238476004842,2.44090393729132,3.76841754733116,38.1426324320721,0.0993861536875361,0.132598922666767
6.6,143.149822564861,149,33.9426910311455,40.5198562874475,1.7988979386235,2.50846316229388,3.78285144417455,38.7979295826539,0.17505806032824,0.136360635303094
6.61666666666667,144.399454279793,151,35.9426910311455,41.5273611234491,1.90506703063637,2.58278152670289,3.79835206971795,39.5961164585745,0.256308731346042,0.140587810484242
6.63333333333333,145.587605245412,154,38.9426910311455,42.6628327263686,2.01988291373641,2.66315264487292,3.81502622787229,40.537662665531,0.342195158065187,0.145246527519289
6.65,146.712499933868,156,40.9426910311455,44.0158471298498,2.14204782378445,2.74866808190654,3.83296673149351,41.6202774421665,0.431571876562521,0.150290427145175
6.66666666666667,147.77371271792,158,42.9426910311455,45.4822663518407,2.27633094342233,2.84266626565306,3.85228919727721,42.8759526369242,0.52808669350382,0.155913293947906
6.68333333333333,148.772020788006,159,43.9426910311455,47.0584217611486,2.41839137368039,2.9421085668337,3.87310725411134,44.2873972880353,0.628139041947159,0.161950373649302
6.7,149.709201190561,161,45.9426910311455,48.6469260829237,2.56499606720256,3.04473185229922,3.89549020835737,45.8397326682202,0.729091504105964,0.168277253874396
6.71666666666667,150.58779916489,162,46.9426910311455,50.3445097417548,2.70768557334557,3.14461450659932,3.91943598878651,47.4844350594738,0.824271383674983,0.17455889863818
6.73333333333333,151.410892739366,163,47.9426910311455,52.0535713431198,2.84789014172956,3.24275770446812,3.94490541988023,49.2234020175371,0.91494506829514,0.180846677711024
6.75,152.181872820408,163,47.9426910311455,53.7761416971496,2.98046781842306,3.33556207815357,3.9718342279816,51.0214205985617,0.997186016857867,0.186931830462959
6.76666666666667,152.904251307898,164,48.9426910311455,55.4196586941146,3.10294812372353,3.4212982918639,4.00011438513694,52.8544816129259,1.0692679579445,0.192707727828116
6.78333333333333,153.581503609101,164,48.9426910311455,57.0848742874049,3.20849140848885,3.49517859119962,4.02958098501407,54.6709846138518,1.12607961431756,0.197892099857853
6.8,154.216947296578,164,48.9426910311455,58.6775305493549,3.30051750462029,3.55959685849163,4.0600535325122,56.4736847202333,1.17069931043158,0.202605360747857
6.81666666666667,154.813655181322,164,48.9426910311455,60.2024686581041,3.37592720454146,3.61238364843645,4.09135031678468,58.2305897255786,1.20100770446119,0.206711749739327
6.83333333333333,155.374398465604,163,47.9426910311455,61.6636051612481,3.43415687848755,3.65314442019871,4.12326920450329,59.9221615625573,1.21693251628529,0.210174078627896
6.85,155.901615446476,163,47.9426910311455,62.9698653896265,3.47618057812779,3.68256100994688,4.15561115144138,61.5377875565658,1.21961183630849,0.213016165503312
6.86666666666667,156.397400625619,162,46.9426910311455,64.2233210170952,3.4976519029397,3.69759093731522,4.18815493163883,63.0369343023547,1.20597763033462,0.21505131026834
6.88333333333333,156.863509195113,161,45.9426910311455,65.3310218372365,3.5037234097613,3.70184099209034,4.22068846731697,64.4312827104787,1.18050128816039,0.216467366239024
6.9,157.301372818614,160,44.9426910311455,66.2992020572951,3.49244643164134,3.69394710740637,4.25301539790038,65.6959340430646,1.14196315855745,0.217174307356747
6.91666666666667,157.712123520425,159,43.9426910311455,67.1333102912213,3.46398075757547,3.67402113556026,4.2849300123994,66.816961405512,1.09083177153594,0.217164636124324
6.93333333333333,158.096622518257,158,42.9426910311455,67.8380250475303,3.41972432999933,3.64304163625695,4.31623654482542,67.7882223246241,1.02853660994467,0.216480522779187
6.95,158.455491648099,157,41.9426910311455,68.4173534377202,3.36169612189709,3.60242189058539,4.34675984759679,68.6088313893183,0.956958482269234,0.215190265143525
6.96666666666667,158.789145683586,156,40.9426910311455,68.8747674916596,3.29212137846961,3.55371957018616,4.37635009226191,69.2812415531228,0.878091987718209,0.213372270977024
6.98333333333333,159.09782382813,155,39.9426910311455,69.2133482962885,3.21317152782801,3.49845467473703,4.40488357130499,69.8098494661735,0.793838181952206,0.21110484247754
7,159.381619862241,155,39.9426910311455,69.435920036921,3.1268171739338,3.43800662701109,4.43226115426672,70.2000285778912,0.705891425648749,0.208460242805939
7.01666666666667,159.640510330017,154,38.9426910311455,69.6392238684873,3.03475987544562,3.37356651806936,4.45840550970951,70.4574956951794,0.615691050163767,0.20550177763479
7.03333333333333,159.87438022399,154,38.9426910311455,69.7259685738591,2.94455656799201,3.31042420285184,4.48329668528137,70.6239404960736,0.529236734459938,0.202527142955439
7.05,160.083046202884,154,38.9426910311455,69.7932145607648,2.88126086976836,2.54580199665319,4.50148363836526,70.6995778833757,0.480945669421874,0.199462171319178
7.06666666666667,160.266277635036,153,37.9426910311455,69.8139888710205,2.84970236767543,2.53160067071137,4.51261367591058,70.7605074362535,0.475165620948587,0.196407144456943
7.08333333333333,160.42381860626,153,37.9426910311455,69.6722899470032,2.81456609461212,2.51578934783288,4.52331315591555,70.8007991320957,0.466002315496912,0.193256671806674
7.1,160.555412914098,153,37.9426910311455,69.4746876284657,2.76664139960357,2.49422323507903,4.53352071688563,70.7634368364731,0.446225020117855,0.189647169541109
7.11666666666667,160.660822346213,153,37.9426910311455,69.226950792218,2.70777696591991,2.46773423992139,4.5431503681429,70.6483537924675,0.417440911728975,0.185649911629884
7.13333333333333,160.739837729768,154,38.9426910311455,68.9340971856442,2.64014851942335,2.43730143899794,4.55213144670647,70.4589941053312,0.381496457261584,0.181349081308842
7.15,160.792285586622,154,38.9426910311455,68.6945726364784,2.56596868434678,2.40392051321348,4.56040992412122,70.200869285677,0.340244856282675,0.176830370555649
7.16666666666667,160.818032241477,154,38.9426910311455,68.4123259428135,2.4935165100338,2.37131703477264,4.56797311481641,69.9165716262393,0.300316268900521,0.172418196648615
7.18333333333333,160.816986093088,154,38.9426910311455,68.0911168837805,2.42167922388467,2.33899025600553,4.57483281601898,69.6008250480062,0.260829263690032,0.168067722995795
7.2,160.789099030089,155,39.9426910311455,67.7345242758681,2.34997168836591,2.30672186502209,4.58099505429561,69.2511164185274,0.221409309657372,0.16375880618732
7.21666666666667,160.734367030316,155,39.9426910311455,67.4399825056601,2.27832377392061,2.2744803035217,4.58646395372594,68.8669695371488,0.18201441749515,0.159487644296134
7.23333333333333,160.652829776235,156,40.9426910311455,67.1107377656136,2.21312848888057,2.24514242525369,4.5912693569073,68.4853925046769,0.147716228298651,0.155504727676021
7.25,160.544570035105,156,40.9426910311455,66.8441202516364,2.15176543111598,2.21752904925962,4.59545287271857,68.0961593887386,0.116392973144071,0.15170614389748
7.26666666666667,160.409712700941,157,41.9426910311455,66.5434377703342,2.09878912178971,2.1936897100628,4.59906545407526,67.7285749978111,0.0916248151223072,0.148270221480695
7.28333333333333,160.248423219406,158,42.9426910311455,66.3061611682006,2.05030714747594,2.1718728216216,4.60215822111811,67.3665025759244,0.0702647702685153,0.145043130332991
7.3,160.060905811676,158,42.9426910311455,66.1298195134083,2.01003859804517,2.15375197437775,4.60478378389646,67.0348418603882,0.0552256641109655,0.142170425515387
7.31666666666667,159.847401435002,159,43.9426910311455,65.9180495336904,1.97978937329808,2.14013982324156,4.60701505221022,66.7503140371832,0.0478706509042349,0.139722526676813
7.33333333333333,159.608185749214,160,44.9426910311455,65.768715523886,1.95385102524223,2.12846756661643,4.60890810302616,66.4873883183188,0.0436005091942193,0.137474317993109
7.35,159.343566679835,161,45.9426910311455,65.6797244246142,1.9348253467587,2.11990601129884,4.6105095901457,66.2641691335956,0.0444463597791054,0.135527509850987
7.36666666666667,159.053881657449,162,46.9426910311455,65.6490887415493,1.92390652618293,2.11499254203975,4.61188004482156,66.0926318551127,0.0513004756882186,0.133928533602
7.38333333333333,158.739495068269,163,47.9426910311455,65.6749839689041,1.92133386625762,2.11383484507335,4.61308507895249,65.9801085679727,0.0642882721640075,0.132686319986056
7.4,158.40079620634,164,48.9426910311455,65.7557621360246,1.92673681650102,2.11626617268289,4.61418956585459,65.9305215836391,0.0830506152274314,0.131785849442528
7.41666666666667,158.038197088364,164,48.9426910311455,65.8899386248641,1.93938929596506,2.1219597884417,4.61525405664465,65.9453734024096,0.106950955639315,0.1311981405859
7.43333333333333,157.652130073845,165,49.9426910311455,65.9821052225524,1.95839032213046,2.13051025021613,4.61633281786792,66.0245165757526,0.135221653526498,0.130887344787289
7.45,157.243045479257,166,50.9426910311455,66.1309372844497,1.97657865610058,2.13869500050269,4.61744785639034,66.1306918178845,0.16215104930624,0.130571332644031
7.46666666666667,156.811409019697,166,50.9426910311455,66.3349556991971,1.99597180473587,2.14742191738857,4.61860423758047,66.274198096932,0.189358786654857,0.130328913428583
7.48333333333333,156.357698968424,166,50.9426910311455,66.4985171782449,2.01775085327596,2.15722248923161,4.61981874523418,66.4621055191492,0.217782881983003,0.130206053076347
7.5,155.882403750109,167,51.9426910311455,66.6258646503997,2.03628323249025,2.16556205987804,4.62108936474692,66.6628695440236,0.242958939046969,0.129980704318142
7.51666666666667,155.386020056486,167,51.9426910311455,66.8150030594637,2.04846024007395,2.1710417132907,4.62238172266878,66.8551181999934,0.262473647272962,0.129529976709456
7.53333333333333,154.869051292628,167,51.9426910311455,66.9695354347983,2.0591399338016,2.17584757546814,4.62367017741681,67.0613092293646,0.280246243256188,0.129044320676682
7.55,154.332006239804,166,50.9426910311455,67.0928260160764,2.06519356869655,2.17857171117088,4.624933294951,67.261465152389,0.293829298887774,0.128400099631223
7.56666666666667,153.77539761927,166,50.9426910311455,67.0938716169366,2.06512179574802,2.17853941334404,4.62613257288991,67.4426117176157,0.302094318424983,0.1275377019279
7.58333333333333,153.199740376612,166,50.9426910311455,67.0752887096105,2.05231633759744,2.17277695717627,4.62719745145665,67.560980179711,0.299884577401147,0.126196482161862
7.6,152.605550372218,165,49.9426910311455,67.0391058431211,2.03001814698804,2.16274277140205,4.62804738919935,67.624805175937,0.289898842957874,0.124503094260928
7.61666666666667,151.993343809139,164,48.9426910311455,66.8928115905728,2.00096112444345,2.14966711125698,4.62862421728457,67.6420838662186,0.27440212528216,0.122564310202866
7.63333333333333,151.363637350409,164,48.9426910311455,66.6434737476059,1.96116352223904,2.131758190265,4.62886318548559,67.5840963940972,0.250318754852831,0.120222761071366
7.65,150.716948134467,163,47.9426910311455,66.3916846049305,1.90911757850397,2.10833751558421,4.62867955407192,67.4333971983048,0.216568048657956,0.117418296510383
7.66666666666667,150.053793565665,162,46.9426910311455,66.0434608393177,1.85114591939299,2.08225026898427,4.62800896662357,67.2169144076069,0.17827795170108,0.114398769695755
7.68333333333333,149.374691296891,161,45.9426910311455,65.6044614538417,1.7854050028643,2.05266685654636,4.62680172844262,66.9193115527276,0.13405325160537,0.111090918992239
7.7,148.68015964243,161,45.9426910311455,65.0799630001886,1.71148778163003,2.01940410699094,4.62500012564661,66.5321909085432,0.083652313578333,0.107477946685065
7.71666666666667,147.970718042946,160,44.9426910311455,64.568899552728,1.62989869279738,1.98268901701625,4.62254714521854,66.0522030213447,0.0275576933067848,0.103578898644151
7.73333333333333,147.246888548325,159,43.9426910311455,63.9758433267127,1.54787569765385,1.94577866920166,4.61941694011774,65.5155748609691,-0.0284264489562583,0.0996777350386532
7.75,146.50921046589,158,42.9426910311455,63.3052520509128,1.4637565632069,1.90792505870053,4.61560229319036,64.9126881613097,-0.0856083125745404,0.095708461719777
7.76666666666667,145.758240760885,157,41.9426910311455,62.5614406844018,1.37685526493442,1.86881947447791,4.61108749689196,64.2382807069479,-0.144507982351459,0.0916434602737257
7.78333333333333,144.994536122191,157,41.9426910311455,61.7485391206099,1.28713654159163,1.82844604897366,4.60585439866614,63.4903475292374,-0.205124462878707,0.0874807063300402
7.8,144.218653610123,156,40.9426910311455,60.964540120411,1.20007853675921,1.65426111141366,4.59885067028381,62.6705752520352,-0.26031165182435,0.0832335984851025
7.81666666666667,143.431152381131,155,39.9426910311455,60.1086517548374,1.12218387924278,1.62797166450187,4.59007040633325,61.825278588986,-0.304931518034172,0.0791502391506184
7.83333333333333,142.63259558146,154,38.9426910311455,59.1811486640731,1.04392681037616,1.60155990375938,4.58080742794798,60.9397846335309,-0.349997416895123,0.0751025071478087
7.85,141.823553244638,153,37.9426910311455,58.187732567699,0.963271403002587,1.5743387037708,4.5710572677312,60.0017152234588,-0.397102902541239,0.0710094297226122
7.86666666666667,141.004604141895,153,37.9426910311455,57.1337767452514,0.87942015134931,1.54603890633782,4.5608077097209,59.0043478650743,-0.446849290056546,0.0668392146579948
7.88333333333333,140.176336844033,152,36.9426910311455,56.118361580119,0.792392518184016,1.51666708014453,4.55004451677295,57.9451155562408,-0.499185963951568,0.0625923201108913
7.9,139.339350297635,151,35.9426910311455,55.0462384209163,0.708948305522272,1.48850465837119,4.53877401400164,56.8604552051458,-0.548711961633699,0.0585330577993583
7.91666666666667,138.494253835567,150,34.9426910311455,53.9220309597113,0.626976485316344,1.46083916905169,4.52701386084733,55.740644147393,-0.597101279272654,0.0545762435629024
7.93333333333333,137.641667069383,149,33.9426910311455,52.7501751032734,0.545357961372127,1.43329291722052,4.51477279493366,54.580119407526,-0.645231346698338,0.0506762932518942
7.95,136.78221961298,149,33.9426910311455,51.5348798134739,0.463657657094893,1.40571906452695,4.50205530459948,53.3764484530906,-0.693431989731623,0.0468148165651265
7.96666666666667,135.916550880994,148,32.9426910311455,50.3741722765794,0.376316190846991,1.4468006054521,4.49000448456932,52.1264310884575,-0.749133531209188,0.0429943096274688
7.98333333333333,135.045309794364,147,31.9426910311455,49.1742468485704,0.296634962274861,1.40496796045173,4.47734356045938,50.8659807026191,-0.79824112902929,0.0394843353692633
8,134.169154335829,146,30.9426910311455,47.9404101813893,0.223049970369492,1.36633583970141,4.46400670357278,49.5899674803197,-0.841752559999219,0.0361998470015606
8.01666666666667,133.288750642552,145,29.9426910311455,46.6748056292168,0.154111606228209,1.33014319852724,4.45004437841454,48.2957771054342,-0.88090231817153,0.033085415051325
8.03333333333333,132.404772676961,144,28.9426910311455,45.379695081869,0.0887370162271282,1.29582153877667,4.43549607034498,46.9816441539176,-0.916615345057984,0.030099681247834
8.05,131.517902252956,143,27.9426910311455,44.0573888447549,0.0261485607687311,1.26296259966101,4.42039321105769,45.6466164612751,-0.949560641282348,0.0272130314647062
8.06666666666667,130.628828854172,143,27.9426910311455,42.7101951404681,-0.0335868190427485,1.21564778621468,4.40463951860222,44.2906577137962,-0.979400924381091,0.0244051321781235
8.08333333333333,129.738249652444,142,26.9426910311455,41.4339007409639,-0.0893734533535764,1.15986115190385,4.38795347451741,42.9157025024646,-1.00450119042409,0.0216602051685348
8.1,128.846869669619,141,25.9426910311455,40.1294432960498,-0.135725485565034,1.11350911969239,4.37043711452747,41.5598649121574,-1.02072881294049,0.019205093912255
8.11666666666667,127.955401822539,140,24.9426910311455,38.7979378879023,-0.176457316148836,1.07277728910859,4.35221834130093,40.2118306627126,-1.03141353543165,0.0169049195408071
8.13333333333333,127.064566695498,139,23.9426910311455,37.4410327801433,-0.21429149354025,1.03494311171718,4.33337096844712,38.8625003244011,-1.03889813067224,0.0146616170879598
8.15,126.175091925888,138,22.9426910311455,36.0606168015298,-0.25105252234215,0.998182082915277,4.31393128008764,37.5050993078504,-1.04472950988123,0.012408223790037
8.16666666666667,125.287710886297,137,21.9426910311455,34.6586263555191,-0.287870442410947,0.96136416284648,4.293911254753,36.1349877649403,-1.04984983056938,0.010102382278295
8.18333333333333,124.403160458249,136,20.9426910311455,33.2369283822029,-0.325368214634552,0.923866390622875,4.27330852251802,34.7493234277588,-1.05476728856787,0.00772009664207283
8.2,123.522178448926,135,19.9426910311455,31.7972580290859,-0.363820168404408,0.885414436853019,4.2521134409836,33.3466782798361,-1.05969743526275,0.00525029280698917
8.21666666666667,122.645500640927,134,18.9426910311455,30.3411933970957,-0.403277484556764,0.845957120700664,4.23031381118593,31.9266701899006,-1.06467304912074,0.00269040502606362
8.23333333333333,121.773857006925,133,17.9426910311455,28.8701536119989,-0.443661972776717,0.80557263248071,4.20789777463128,30.4896419898436,-1.06962480464038,4.30030621805131e-05
8.25,120.907966816936,132,16.9426910311455,27.3854100951697,-0.484832213268025,0.764402391989402,4.18485538636669,29.0364010662307,-1.07443709132346,-0.00268664235755993
8.26666666666667,120.048533169799,131,15.9426910311455,25.8881040016192,-0.526627266129518,0.722607339127909,4.16117928062951,27.5680203303967,-1.07898404809629,-0.00549221253859191
8.28333333333333,119.196236984145,130,14.9426910311455,24.3792652632851,-0.568893230684031,0.680341374573396,4.13686475770413,26.0856945401965,-1.08315073761656,-0.00836738259549237
8.3,118.351730285594,129,13.9426910311455,22.8598305357101,-0.611497419760953,0.637737185496474,4.11190953672053,24.5906427463595,-1.08684378319353,-0.0113064118236598
8.31666666666667,117.515628552321,128,12.9426910311455,21.3306586689338,-0.654334119561613,0.594900485695814,4.08631334638705,23.0840468330716,-1.08999499658684,-0.0143044196470688
8.33333333333333,116.688502097111,127,11.9426910311455,19.7925432061968,-0.697325041359,0.551909563898427,4.06007746684856,21.567016739766,-1.09256070749699,-0.0173574568504853
8.35,115.870867295757,127,11.9426910311455,18.2462219579674,-0.740416759730251,0.508817845527176,4.03320429107369,20.0405742943881,-1.09451876214189,-0.020462454956424
8.36666666666667,115.06317803914,126,10.9426910311455,16.7864433505215,-0.783576736112023,0.465657869145404,4.00569694195135,18.5056491934282,-1.09586453511845,-0.0236171128477319
8.38333333333333,114.26581384652,125,9.94269103114547,15.3139306317901,-0.820727553664622,0.428507051592805,3.97761397712761,16.9990631599493,-1.09189126182041,-0.0265754742928048
8.4,113.479033103719,124,8.94269103114547,13.8297028908073,-0.854987756178204,0.394246849079223,3.94903247174063,15.5091573167154,-1.08524872707136,-0.0294514488590404
8.41666666666667,112.702939072538,123,7.94269103114547,12.3350340215037,-0.888425593414155,0.360809011843272,3.91998666173871,14.0271024584906,-1.07765914354033,-0.032322413446984
8.43333333333333,111.937490802818,122,6.94269103114547,10.8312390622154,-0.922305760127587,0.32692884512984,3.89048333462754,12.546621725568,-1.07014729936179,-0.0352371625180871
8.45,111.182517362595,121,5.94269103114547,9.3195478224559,-0.957312273440799,0.291922331816628,3.86051329885698,11.0635618793201,-1.06324282899804,-0.0382233794240279
8.46666666666667,110.437731814449,120,4.94269103114547,7.80104063997053,-0.993734373608293,0.255500231649134,3.83005944928101,9.57542584801545,-1.05714546134767,-0.0412940470006481
8.48333333333333,109.702745451123,119,3.94269103114547,6.27662565506995,-1.03350937162515,0.249234605257427,3.79948880764016,8.080090184124,-1.05438944234442,-0.0444518474981064
8.5,108.977083290668,118,2.94269103114547,4.74814081187102,-1.07763647102174,0.249234605257427,3.76903562128147,6.57445167802909,-1.05638806026331,-0.0476874928125968
8.51666666666667,108.260200775821,117,1.94269103114547,3.2185032951167,-1.12563932571293,0.249234605257427,3.73870720555447,5.05705550967776,-1.06276552244158,-0.050978078453477
8.53333333333333,107.551501075743,116,0.942691031145472,1.69053457479249,-1.17672507952783,0.249234605257427,3.70850748637482,3.52845125970042,-1.07287740196924,-0.0542899071881058
8.55,106.850352715673,115,-0.0573089688545281,0.166740514348414,-1.2299406351547,0.249234605257427,3.6784402300957,1.99058936059815,-1.08594189552625,-0.0575843034637488
8.56666666666667,106.156107245836,114,-1.05730896885453,-1.35066660547619,-1.2842882669417,0.249234605257427,3.64850904764116,0.446274270151139,-1.10113150416326,-0.0608222645441636
8.58333333333333,105.468116412754,113,-2.05730896885453,-2.8597470141929,-1.33880387692853,0.249234605257427,3.61871739854749,-1.10123927555594,-1.11763596901826,-0.0639675040575485
8.6,104.785748224489,112,-3.05730896885453,-4.35881333075541,-1.3926071859297,0.249234605257427,3.58906859491457,-2.64853855464283,-1.13470347418573,-0.0669883029554747
8.61666666666667,104.108401342446,111,-4.05730896885453,-5.84641138996312,-1.44493113800486,0.249234605257427,3.55956580526902,-4.19225896487036,-1.15166563045674,-0.0698584907486481
8.63333333333333,103.435517349473,110,-5.05730896885453,-7.32130200745004,-1.49513618362353,0.249234605257427,3.53021205834096,-5.72922405332872,-1.16795055009554,-0.0725578063902619
8.65,102.766590602843,109,-6.05730896885453,-8.78244367094316,-1.54271381912881,0.249234605257427,3.50101024675615,-7.25653540992917,-1.18308735931601,-0.0750718297804492
8.66666666666667,102.101175551795,109,-6.05730896885453,-10.2289761422474,-1.58728273611302,0.249234605257427,3.47196313064539,-8.77162499743578,-1.1967047265887,-0.0773916286680135
8.68333333333333,101.438891559297,108,-7.05730896885453,-11.5661455972537,-1.6285801235761,0.249234605257427,3.44307334117263,-10.2722797811351,-1.20852537437319,-0.0795132293603829
8.7,100.779425400685,107,-8.05730896885453,-12.8933306738001,-1.66011855032772,0.249234605257427,3.41434338398378,-11.7205528590867,-1.21328136145952,-0.0811928018272965
8.71666666666667,100.122531709254,106,-9.05730896885453,-14.2099216880344,-1.68461808198249,0.249234605257427,3.38577564257757,-13.1268821900693,-1.21302736595957,-0.0825505330819625
8.73333333333333,99.468031698905,106,-9.05730896885453,-15.5154276260868,-1.70408786633983,0.249234605257427,3.35737238160037,-14.4991587429431,-1.20928145281457,-0.0836749903498679
8.75,98.8158105194107,105,-10.0573089688545,-16.7154062832668,-1.71999684749094,0.249234605257427,3.32913575006626,-15.8433073126521,-1.20315313719725,-0.084630809065279
8.76666666666667,98.1658135967196,105,-10.0573089688545,-17.909495050599,-1.72707538542981,0.249234605257427,3.30106778450416,-17.1276525036093,-1.19036674850731,-0.0852204730995162
8.78333333333333,97.518042286222,104,-11.0573089688545,-19.0032352599955,-1.72886373541669,0.249234605257427,3.27317041203333,-18.3674087269097,-1.17366190962307,-0.0855934599952175
8.8,96.8725491283906,104,-11.0573089688545,-20.0962240911705,-1.7215553454487,0.249234605257427,3.24544545336887,-19.5379572766689,-1.14992770812212,-0.0856106096075668
8.81666666666667,96.2294329501477,104,-11.0573089688545,-21.0939417022748,-1.70968717146451,0.249234605257427,3.21789462575866,-20.6598010895258,-1.12270962605203,-0.0854596698589217
8.83333333333333,95.5888340069794,103,-12.0573089688545,-22.0018463678447,-1.69009553798225,0.249234605257427,3.19051954585306,-21.7122170611947,-1.08942849045341,-0.0850247142139071
8.85,94.9509293140895,103,-12.0573089688545,-22.9193040400221,-1.66136387227059,0.249234605257427,3.16332173250899,-22.6824194259587,-1.04887792211728,-0.0842614581478652
8.86666666666667,94.3159282723185,103,-12.0573089688545,-23.7515380185008,-1.62962515171856,0.249234605257427,3.13630260952948,-23.5996762054476,-1.00589573352843,-0.0834184891632133
8.88333333333333,93.6840686576255,103,-12.0573089688545,-24.5037281475754,-1.592714104812,0.249234605257427,3.10946350834034,-24.4496254459389,-0.958731057574113,-0.0824154570095213
8.9,93.0556130122465,103,-12.0573089688545,-25.1808847462871,-1.5497693067806,0.0624617302628714,3.08280567060505,-25.2239714013426,-0.906658766554744,-0.0812252378283945
8.91666666666667,92.4308454935125,102,-13.0573089688545,-25.7943361629163,-1.48563348382886,0.0624617302628714,3.05321750625494,-25.9100755522972,-0.829325343015975,-0.0798662480370942
8.93333333333333,91.8100701355907,102,-13.0573089688545,-26.4485071702941,-1.4177148489234,0.0624617302628714,3.02381364105451,-26.5059694505517,-0.748958050294989,-0.0784277170196126
8.95,91.1936111062644,102,-13.0573089688545,-27.0465242542527,-1.35485082933867,0.0624617302628714,2.9945958499034,-27.0594383107004,-0.672632458925736,-0.0772538461535343
8.96666666666667,90.5818124439393,101,-14.0573089688545,-27.5915555037794,-1.29620256788326,0.249234605257427,2.96556580213273,-27.5685550532196,-0.599752903119387,-0.0763031991057835
8.98333333333333,89.9750368514582,101,-14.0573089688545,-28.1742507540691,-1.25645109676306,0.249234605257427,2.93983780897906,-28.0417123760017,-0.550315541085991,-0.0755384559726066
9,89.3736631677285,100,-15.0573089688545,-28.6919710870486,-1.22485806957521,0.249234605257427,2.91429978139634,-28.5171008710232,-0.507460617562618,-0.0751277642926372
9.01666666666667,88.7780821827388,99,-16.0573089688545,-29.2433009446946,-1.19698157469925,0.249234605257427,2.88895230200694,-28.9743397373897,-0.467721264633514,-0.0748872492426311
9.03333333333333,88.1886934769271,99,-16.0573089688545,-29.8267079632588,-1.1763464298032,0.249234605257427,2.86379588493668,-29.4358514985157,-0.433969622043764,-0.0749468334782717
9.05,87.6059036936224,98,-17.0573089688545,-30.346609158519,-1.16488256882421,0.249234605257427,2.83883097787738,-29.9172156606018,-0.407830604799735,-0.0753701603803209
9.06666666666667,87.0301255889858,97,-18.0573089688545,-30.9014181706861,-1.15703984489093,0.249234605257427,2.81405796410073,-30.3926800572953,-0.384945409672743,-0.0759299733136945
9.08333333333333,86.461777509452,96,-19.0573089688545,-31.4894440385202,-1.15557719764578,0.249234605257427,2.78947716442427,-30.8805606130776,-0.367557736216317,-0.0767275858694132
9.1,85.901283116841,95,-20.0573089688545,-32.1090161915909,-1.16192045083905,0.249234605257427,2.76508883913076,-31.3933311061618,-0.356866967077249,-0.0778091767454526
9.11666666666667,85.3490712648453,94,-21.0573089688545,-32.7584904681205,-1.17654470168893,0.249234605257427,2.7408931898417,-31.939015221508,-0.353320155705949,-0.0791825003833729
9.13333333333333,84.8055759734427,92,-23.0573089688545,-33.4362543469849,-1.19926779086203,0.249234605257427,2.7168903613462,-32.522287075391,-0.356837318719843,-0.0808295818437361
9.15,84.2712364714156,91,-24.0573089688545,-34.234790808041,-1.22947327666023,0.249234605257427,2.69308044338595,-33.1453367955826,-0.366983675205755,-0.0827162461720997
9.16666666666667,83.7464972917417,90,-25.0573089688545,-35.0526414870806,-1.27260926482579,0.249234605257427,2.66946347239741,-33.8446407981519,-0.388176569930129,-0.0850433555869267
9.18333333333333,83.2318084150955,89,-26.0573089688545,-35.8885168959521,-1.32486681934496,0.249234605257427,2.64603943321198,-34.6073591877586,-0.417459865186713,-0.0876473869078172
9.2,82.7276254656729,88,-27.0573089688545,-36.7411791276875,-1.38317434725822,0.249234605257427,2.62280826071521,-35.4226535496702,-0.452424295840276,-0.0903990267695509
9.21666666666667,82.234409972594,87,-28.0573089688545,-37.6094423425136,-1.4450766998314,0.249234605257427,2.59976984146574,-36.2813901013256,-0.491120305943757,-0.0931973261863899
9.23333333333333,81.7526297205336,86,-29.0573089688545,-38.4921729441202,-1.5086323472835,0.249234605257427,2.57692401527506,-37.17588482632,-0.531983662941959,-0.0959647520633659
9.25,81.2827592263902,85,-30.0573089688545,-39.3882894790612,-1.57232609439457,0.249234605257427,2.55427057674874,-38.0996849507105,-0.573772085899095,-0.0986430075108485
9.26666666666667,80.8252803966283,85,-30.0573089688545,-40.296762289946,-1.62793751199382,0.0624617302628714,2.53037854956073,-39.0455377323601,-0.606082589086482,-0.101190205944251
9.28333333333333,80.3806834974392,84,-31.0573089688545,-41.1290473935958,-1.67389988375607,0.0624617302628714,2.50499661685231,-39.9969285618497,-0.62705262198522,-0.103603099875258
9.3,79.9494697518724,83,-32.0573089688545,-41.9898501437326,-1.7130560941342,0.0624617302628714,2.47980737617797,-40.9203982366341,-0.643377527348122,-0.105676212401625
9.31666666666667,79.5321566688381,83,-32.0573089688545,-42.8766665744519,-1.74908089825447,0.0624617302628714,2.4548112315376,-41.8337487725132,-0.657901217056209,-0.107562742311149
9.33333333333333,79.1292834763583,82,-33.0573089688545,-43.6930778525567,-1.78431777041336,0.0624617302628714,2.43000852349774,-42.7493268637981,-0.672441181510754,-0.109359110394484
9.35,78.7414166458652,82,-33.0573089688545,-44.536786855676,-1.8138104277669,0.0624617302628714,2.4053995311371,-43.6392352109769,-0.682987455941518,-0.110876774355233
9.36666666666667,78.3691571287452,81,-34.0573089688545,-45.3114474703629,-1.84102732318553,0.0624617302628714,2.38098447394584,-44.5204902322257,-0.692238253056389,-0.112258978099535
9.38333333333333,78.0131513577334,81,-34.0573089688545,-46.1148206802139,-1.86183827382261,0.0624617302628714,2.35676351367941,-45.3688237208274,-0.696837142231193,-0.1133508106626
9.4,77.6741094693987,81,-34.0573089688545,-46.8506051694399,-1.88030447095979,0.0624617302628714,2.33273675616812,-46.2040471900937,-0.699957558975572,-0.114318944059594
9.41666666666667,77.3528378790664,80,-35.0573089688545,-47.5225352855127,-1.89270767878452,0.0624617302628714,2.3089042530832,-47.0040216866814,-0.698579326275554,-0.115024077746709
9.43333333333333,77.0503037949218,80,-35.0573089688545,-48.2283128335346,-1.89705079048173,0.0624617302628714,2.28526600366043,-47.7540651887116,-0.691028024852317,-0.115398382971508
9.45,76.7677872866613,80,-35.0573089688545,-48.8715584412155,-1.89889725025725,0.0624617302628714,2.26182195638215,-48.4812546813662,-0.681676158917072,-0.115668173164552
9.46666666666667,76.5073464133791,80,-35.0573089688545,-49.4559119630974,-1.89554809970031,0.0624617302628714,2.23857201061865,-49.1688818291766,-0.668330691814444,-0.115733014595158
9.48333333333333,76.2723829781454,80,-35.0573089688545,-49.9849071772164,-1.88565973731559,0.0624617302628714,2.21551601822968,-49.8062522420313,-0.649860733404108,-0.115548423040747
9.5,76.0669453923162,80,-35.0573089688545,-50.4619659126716,-1.86884431220319,0.0624617302628714,2.19265378512703,-50.3872092041652,-0.625891946738766,-0.115108459298107
9.51666666666667,75.8948279486101,80,-35.0573089688545,-50.8903933690814,-1.84536457455406,0.0624617302628714,2.16998507279908,-50.9089701421835,-0.596571909360302,-0.114432578883863
9.53333333333333,75.7591522365399,80,-35.0573089688545,-51.2733745211617,-1.81590341888946,0.0624617302628714,2.14750959979792,-51.371214768233,-0.562391777112169,-0.113555825574495
9.55,75.6622363397354,80,-35.0573089688545,-51.6139715079461,-1.78139218635352,0.0624617302628714,2.12522704319013,-51.7753751344118,-0.524052410194239,-0.11252163767081
9.56666666666667,75.6056126843508,80,-35.0573089688545,-51.9151219122548,-1.74288491824393,0.0624617302628714,2.10313703997177,-52.1240871230692,-0.482365419719213,-0.11137668175771
9.58333333333333,75.5901148751062,80,-35.0573089688545,-52.1796378419118,-1.70146829908574,0.0624617302628714,2.08123918844856,-52.4207705223472,-0.438181468623852,-0.110167247224471
9.6,75.6159898557644,80,-35.0573089688545,-52.4102057298999,-1.65819909720229,0.0624617302628714,2.05953304958182,-52.6693110860631,-0.392339688330051,-0.108936830838903
9.61666666666667,75.6830145388339,80,-35.0573089688545,-52.6093867761149,-1.61406258935261,0.0624617302628714,2.038018148301,-52.8738230917748,-0.345633314046649,-0.107724618298518
9.63333333333333,75.7906003908505,81,-34.0573089688545,-52.7796179586439,-1.56994681418194,0.0624617302628714,2.01669397478363,-53.0384750897447,-0.29878764834538,-0.106564632269201
9.65,75.9378807767105,81,-34.0573089688545,-52.8291541931734,-1.52662859524499,0.0624617302628714,1.99555998570319,-53.1673649436461,-0.252447277019152,-0.105485366732292
9.66666666666667,76.1237833749816,81,-34.0573089688545,-52.8601109688917,-1.47843667958816,0.0624617302628714,1.97461560544575,-53.2283395499595,-0.202093420628671,-0.104265578409493
9.68333333333333,76.3470887800651,82,-33.0573089688545,-52.8743596867168,-1.42869777251962,0.0624617302628714,1.95386022729606,-53.2370655111167,-0.150365656304175,-0.103039043648354
9.7,76.606476966742,82,-33.0573089688545,-52.7795909235673,-1.3798367834763,0.0624617302628714,1.93329321459368,-53.2060809753497,-0.0992152189473275,-0.101899959446661
9.71666666666667,76.9005635289034,82,-33.0573089688545,-52.6773597166706,-1.32723729872774,0.0624617302628714,1.9129139018599,-53.1092893648624,-0.0449712900844435,-0.100667544779771
9.73333333333333,77.2279275480163,82,-33.0573089688545,-52.5689832425041,-1.2748422041216,0.0624617302628714,1.89272159589598,-52.9665691502052,0.00922015671301293,-0.0994976513856579
9.75,77.5871327550461,82,-33.0573089688545,-52.4556654904267,-1.22537425596227,0.0624617302628714,1.87271557685351,-52.7932552896415,0.0611514978539448,-0.0984934576722533
9.76666666666667,77.9767434092639,83,-32.0573089688545,-52.3385036554112,-1.18062098833947,0.0624617302628714,1.85289509927729,-52.6010673664196,0.109339395874287,-0.097718311409722
9.78333333333333,78.3953360746366,83,-32.0573089688545,-52.1244350066886,-1.1416612228449,0.0624617302628714,1.83325939312156,-52.3988604759822,0.152853951121165,-0.0972058731344908
9.8,78.8415082516378,83,-32.0573089688545,-51.9142836106764,-1.10271280858481,0.0624617302628714,1.81380766474,-52.1571376579299,0.196259633592997,-0.0967238925196124
9.81666666666667,79.3138846283183,83,-32.0573089688545,-51.7086591816493,-1.0667189373198,0.0624617302628714,1.79453909785015,-51.8926656281135,0.237185198332874,-0.0963849599033681
9.83333333333333,79.8111215511823,83,-32.0573089688545,-51.508082683504,-1.03555368855329,0.0624617302628714,1.77545285447286,-51.6179529738322,0.27408844433451,-0.0962563412138829
9.85,80.3319101820716,83,-32.0573089688545,-51.3129934289916,-1.01029181948868,0.0624617302628714,1.75654807584719,-51.3421685992314,0.306052115137945,-0.0963719864092005
9.86666666666667,80.8749786936515,83,-32.0573089688545,-51.1237558082494,-0.991420271632589,0.0624617302628714,1.73782388332198,-51.0718778964655,0.332623168544841,-0.0967418686772063
9.88333333333333,81.4390938039703,83,-32.0573089688545,-50.9406656538336,-0.979004295944499,0.0624617302628714,1.71927937922158,-50.8116348592064,0.353685928514356,-0.0973592566612601
9.9,82.0230617763932,83,-32.0573089688545,-50.763956250459,-0.9728136507196,0.0624617302628714,1.70091364769353,-50.5644468533209,0.369365080321703,-0.098206171441632
9.91666666666667,82.6257291356535,83,-32.0573089688545,-50.5938039985137,-0.972421714050036,0.0624617302628714,1.68272575552909,-50.3321501385935,0.379949059026947,-0.0992576270921505
9.93333333333333,83.2459831285587,83,-32.0573089688545,-50.4303337411334,-0.97727953726625,0.0624617302628714,1.66471475296436,-50.1157029677674,0.385832296999228,-0.10048474497422
9.95,83.8827520356172,83,-32.0573089688545,-50.2736237652145,-0.986771493538106,0.0624617302628714,1.64687967445951,-49.915416411293,0.387471411101079,-0.101857049786926
9.96666666666667,84.535005378518,82,-33.0573089688545,-50.1237104872245,-1.00025622587695,0.0624617302628714,1.62921953945722,-49.7311344965125,0.385352570502972,-0.103344116794892
9.98333333333333,85.2017540551671,82,-33.0573089688545,-50.0746521893977,-1.01709608651892,0.0624617302628714,1.61173335312063,-49.562373712876,0.37996766378572,-0.104916715845547
10,85.8820504243609,82,-33.0573089688545,-50.0264924272489,-1.04300928282481,0.0624617302628714,1.59442010705141,-49.4445240554058,0.366720521450342,-0.106791766132304
10.0166666666667,86.5749883408451,82,-33.0573089688545,-49.9793708366656,-1.07463811804486,0.0624617302628714,1.57727877998836,-49.3648019018148,0.348238080193301,-0.10882825881197
10.0333333333333,87.2797031555924,82,-33.0573089688545,-49.9334067210866,-1.1094623315503,0.0624617302628714,1.56030833848691,-49.3132245450413,0.326513501923373,-0.11092248778134
10.05,87.99537167047,81,-34.0573089688545,-49.8887006781513,-1.14561943234259,0.0624617302628714,1.54350773758003,-49.2820496217033,0.303039833546103,-0.112999817515263
10.0666666666667,88.7212120472473,81,-34.0573089688545,-49.9393954957576,-1.18176046749052,0.0624617302628714,1.52687592142096,-49.2653200848293,0.278917594252267,-0.115008103083438
10.0833333333333,89.4564836651381,81,-34.0573089688545,-49.985636928607,-1.22326607423995,0.0624617302628714,1.51041182390821,-49.2945891265618,0.249864430727791,-0.117156638856002
10.1,90.2004869215259,80,-35.0573089688545,-50.0276820736854,-1.26670914972541,0.0624617302628714,1.49411436929309,-49.3544942258111,0.218606923636358,-0.119307464724654
10.1166666666667,90.9525629709908,80,-35.0573089688545,-50.159840069826,-1.309686478251,0.0624617302628714,1.47798247277039,-49.4334301308887,0.18708647157294,-0.121367060335918
10.1333333333333,91.7120933986901,79,-36.0573089688545,-50.2824309805615,-1.3569082103789,0.0624617302628714,1.4620150410524,-49.5588438330382,0.151564454058868,-0.123519638831432
10.15,92.4784998253756,79,-36.0573089688545,-50.4899517973283,-1.40456120126959,0.0624617302628714,1.44621097292678,-49.7124642287613,0.115089283261548,-0.125614046023947
10.1666666666667,93.2512434427025,79,-36.0573089688545,-50.6829155335499,-1.45639464574393,0.0624617302628714,1.43056915979858,-49.9167937158812,0.074684531741031,-0.127796234154709
10.1833333333333,94.0298244789176,78,-37.0573089688545,-50.8619563665419,-1.50797280054316,0.0624617302628714,1.41508848621685,-50.1499629789699,0.0338993871888665,-0.12989121290324
10.2,94.8137815963991,78,-37.0573089688545,-51.1217674073312,-1.55634227915882,0.0624617302628714,1.39976783038609,-50.3958287692932,-0.00486078045422172,-0.131787474254784
10.2166666666667,95.6026912238277,78,-37.0573089688545,-51.3630569389446,-1.60599375121181,0.0624617302628714,1.38460606466298,-50.678810589695,-0.0451318633494063,-0.133664680885276
10.2333333333333,96.3961668269307,79,-36.0573089688545,-51.5866526878438,-1.65312668799428,0.0624617302628714,1.36960205603876,-50.9787567351785,-0.0838484265232274,-0.135376282143886
10.25,97.1938581227578,79,-36.0573089688545,-51.6993201178644,-1.69532814118548,0.0624617302628714,1.35475466660743,-51.2810552417757,-0.119020783042453,-0.13683456106432
10.2666666666667,97.9954502432825,79,-36.0573089688545,-51.8017993608931,-1.72488228595138,0.0624617302628714,1.34006275402032,-51.5392977865815,-0.144386328579533,-0.137750518976174
10.2833333333333,98.8006628547887,80,-35.0573089688545,-51.8946949086926,-1.7439357838102,0.0624617302628714,1.32552517192717,-51.7584166221181,-0.161519254085993,-0.138226092060156
10.3,99.6092492399909,80,-35.0573089688545,-51.8845333110327,-1.7543763489435,0.0624617302628714,1.31114077040413,-51.9429841342428,-0.171815636044034,-0.13834972478298
10.3166666666667,100.420995350162,81,-34.0573089688545,-51.8718029928301,-1.75151913395506,0.0624617302628714,1.29690839636902,-52.0611022847329,-0.171426944182005,-0.13795332278345
10.3333333333333,101.235718834716,82,-33.0573089688545,-51.7627872267119,-1.73957154620847,0.0624617302628714,1.28282689398398,-52.128528571342,-0.163594687530411,-0.137217959678545
10.35,102.05326805572,83,-32.0573089688545,-51.5636649111232,-1.71541722365757,0.0624617302628714,1.26889510504603,-52.121678024317,-0.145737363030143,-0.13603586871873
10.3666666666667,102.873521094739,84,-31.0573089688545,-51.2803862097389,-1.67793415449059,0.0624617302628714,1.25511186936568,-52.0262793823325,-0.116847766188565,-0.134380225045399
10.3833333333333,103.696384759201,85,-30.0573089688545,-50.9186681240305,-1.62736918416382,0.0624617302628714,1.24147602513393,-51.8350052247832,-0.0770126342199452,-0.132278126069556
10.4,104.521793595229,86,-29.0573089688545,-50.4839916981213,-1.56486489231064,0.0624617302628714,1.22798640927789,-51.5456146165342,-0.0270470788024237,-0.129790399342844
10.4166666666667,105.349708913493,88,-27.0573089688545,-49.9816006918916,-1.49210636289559,0.0624617302628714,1.21464185780534,-51.1595068195903,0.0317803202988346,-0.126996747377665
10.4333333333333,106.180117834288,89,-26.0573089688545,-49.3224422145623,-1.4110617456192,0.0624617302628714,1.20144120613853,-50.6806035832577,0.0979512020182086,-0.123985036361538
10.45,107.013032357576,90,-25.0573089688545,-48.6112085661483,-1.31746422111007,0.0624617302628714,1.18838328943733,-50.0783995939427,0.174922206005719,-0.120599587935067
10.4666666666667,107.848488463265,91,-24.0573089688545,-47.8522324368534,-1.21612692855885,0.0624617302628714,1.17546694291216,-49.3714420494206,0.258907228319628,-0.117040634381098
10.4833333333333,108.686545246555,92,-23.0573089688545,-47.049609971748,-1.11095080438092,0.0624617302628714,1.16269100212686,-48.575932865035,0.34679844835943,-0.113466100495179
10.5,109.527284092691,93,-22.0573089688545,-46.207206338232,-1.00505377529143,0.0624617302628714,1.15005430329168,-47.7059780596915,0.436074815259602,-0.109998049538077
10.5166666666667,110.370807895232,94,-21.0573089688545,-45.3286618261499,-0.900885763166939,0.0624617302628714,1.13755568354685,-46.7738193023738,0.524719985492325,-0.106728362811928
10.5333333333333,111.217240319722,95,-20.0573089688545,-44.4173983924453,-0.800330683105981,0.448903922151446,1.12519398123662,-45.7900475427682,0.611149019989433,-0.103723726016909
10.55,112.066725031524,96,-19.0573089688545,-43.4631905867845,-0.739305856030964,0.509928749226463,1.12003601607537,-44.7834723920126,0.647940523479294,-0.101008130327154
10.5666666666667,112.919422875879,97,-18.0573089688545,-42.4551059578135,-0.68547393317421,0.563760672083217,1.115968258843,-43.7692231888906,0.677277325417146,-0.0984782228556443
10.5833333333333,113.775505508781,98,-17.0573089688545,-41.3951582002602,-0.635228903897655,0.614005701359772,1.11289929861326,-42.7353253261031,0.702260023914974,-0.0960038444546502
10.6,114.635150242799,99,-16.0573089688545,-40.2857705630714,-0.586138040562692,0.663096564694735,1.11078746525669,-41.6727907605608,0.724947808825777,-0.0934953860607745
10.6166666666667,115.498536796502,100,-15.0573089688545,-39.1295101530724,-0.536685234729502,0.712549370527925,1.10962347002793,-40.5754267902238,0.746600944614224,-0.0908956778227953
10.6333333333333,116.36583062997,101,-14.0573089688545,-37.92892286707,-0.486030282789965,0.763204322467462,1.10941720494932,-39.4394311293217,0.767901071531702,-0.0881720152119273
10.65,117.237140771386,102,-13.0573089688545,-36.6864415698996,-0.433802637670959,0.815431967586468,1.11018826773976,-38.2629105603321,0.789135725020582,-0.0853091081455337
10.6666666666667,118.112513281296,103,-12.0573089688545,-35.4043445069639,-0.379936281623959,0.869298323633468,1.11195957499636,-37.0454077894537,0.810343297998878,-0.0823032930338856
10.6833333333333,118.991938582714,104,-11.0573089688545,-34.0847458190727,-0.324545059634405,0.924689545623022,1.11475338035508,-35.7874828076644,0.831420545412226,-0.0791580630006803
10.7,119.875357670381,104,-11.0573089688545,-32.7296046714234,-0.267833807448709,0.981400797808718,1.11858906131912,-34.4903687881719,0.852197780417002,-0.0758808070653417
10.7166666666667,120.762667236099,105,-10.0573089688545,-31.4348028825,-0.210038872276991,1.03919573298044,1.12348213220093,-33.1557057859828,0.872488063764774,-0.0724805690488622
10.7333333333333,121.653723652364,106,-9.05730896885453,-30.1021254383727,-0.157452752419144,1.09178185283828,1.12938903284098,-31.8213267329878,0.887401113539163,-0.0692108984115297
10.75,122.548345818189,106,-9.05730896885453,-28.7335985990066,-0.107158944720168,1.14207566053726,1.13624407813508,-30.4767431132738,0.899421072707056,-0.065965360388788
10.7666666666667,123.446534119718,107,-8.05730896885453,-27.4255236468649,-0.0572658374135523,1.19196876784387,1.14402114746141,-29.1143597565919,0.91013135068071,-0.0626734038317611
10.7833333333333,124.349249245718,108,-7.05730896885453,-26.0802351534015,-0.0127169993584715,1.23651760589896,1.1526637448282,-27.7651185647826,0.915731587789518,-0.0595364665035015
10.8,125.257538752132,108,-7.05730896885453,-24.7003018030842,0.0301761142905872,1.24923460525743,1.16211070285441,-26.4136562193279,0.919300802174198,-0.0564168086405383
10.8166666666667,126.172188505819,108,-7.05730896885453,-23.3835339902748,0.0786797206220778,1.24923460525743,1.17132645965157,-25.04651736827,0.929376914352521,-0.0532301470814041
10.8333333333333,127.093767455043,109,-6.05730896885453,-22.1291054246563,0.125873677757959,1.24923460525743,1.18060823378561,-23.6892884474548,0.939598359659834,-0.0501899264630884
10.85,128.022665040448,109,-6.05730896885453,-20.8423522444965,0.16811652730856,1.24923460525743,1.18995148153643,-22.3620353104388,0.946986172147343,-0.0474323922840733
10.8666666666667,128.959122521281,110,-5.05730896885453,-19.6223532958879,0.20947032092831,1.24923460525743,1.19935178885155,-21.0432356991742,0.95470485588397,-0.044791695602504
10.8833333333333,129.903259075021,110,-5.05730896885453,-18.3737939338392,0.245915196481248,1.24923460525743,1.20880486834097,-19.7550475984289,0.959482498215466,-0.0424195992152397
10.9,130.855093485471,110,-5.05730896885453,-17.195154553643,0.281315966296392,1.24923460525743,1.21830655633529,-18.4772289274749,0.96433179631863,-0.0401582323307115
10.9166666666667,131.814562145451,111,-4.05730896885453,-16.0846309966971,0.311580234033752,1.24923460525743,1.22785281000581,-17.232621607363,0.965926910942912,-0.0381622420619589
10.9333333333333,132.78153399723,111,-4.05730896885453,-14.9462203510355,0.334251126124433,1.24923460525743,1.23743970454543,-16.0373322166504,0.962215155079414,-0.0365175537874072
10.95,133.755822935468,112,-3.05730896885453,-13.8777864051845,0.354410805900022,1.24923460525743,1.24706343040918,-14.8661234204226,0.957168963785425,-0.0350161238356626
10.9666666666667,134.737198110138,112,-3.05730896885453,-12.7829159339333,0.36890036617619,1.24923460525743,1.25672029061302,-13.7377341938311,0.948207867930344,-0.0337751637415899
10.9833333333333,135.725392492256,113,-2.05730896885453,-11.759099958649,0.382296036825053,1.24923460525743,1.26640669808996,-12.6288269020028,0.938925009822885,-0.0326092616690985
11,136.720110002449,114,-1.05730896885453,-10.7095877811972,0.391079572285735,1.24923460525743,1.27611917310217,-11.5594808000375,0.926471825162766,-0.0316518186768679
11.0166666666667,137.72103145011,114,-1.05730896885453,-9.63750670929331,0.399576152642288,1.24923460525743,1.28585434070809,-10.5072757622777,0.914255627474513,-0.0307288731053412
11.0333333333333,138.727819487646,115,-0.0573089688545281,-8.63981402027595,0.410426817588335,1.24923460525743,1.29560892828334,-9.45679950397312,0.904378698910264,-0.0297376486412559
11.05,139.74012274849,116,0.942691031145472,-7.61926697628679,0.418727168559449,1.24923460525743,1.30537976309448,-8.43403658783541,0.892919413933446,-0.0288700909006207
11.0666666666667,140.757579308114,117,1.94269103114547,-6.57854043301988,0.427832886087833,1.24923460525743,1.31516376992438,-7.42089933992381,0.882530332251384,-0.0279926417619455
11.0833333333333,141.779819582929,118,2.94269103114547,-5.52011736787088,0.439728342668338,1.24923460525743,1.32495796874833,-6.40509184856235,0.87479903045493,-0.0270294285672244
11.1,142.806468761916,120,4.94269103114547,-4.44629753745864,0.455415822656653,1.24923460525743,1.33475947245976,-5.37868904034642,0.870544697602604,-0.0259452088766245
11.1166666666667,143.83714884933,121,5.94269103114547,-3.26514674126355,0.475213020458031,1.24923460525743,1.3445654846447,-4.33702016704033,0.870045893249851,-0.0247324506629221
11.1333333333333,144.871480383212,122,6.94269103114547,-2.07854604375756,0.505309610007755,1.24923460525743,1.35437329740378,-3.24170313312627,0.878290491028319,-0.0231574696844921
11.15,145.909083883222,123,7.94269103114547,-0.888093204805804,0.542490175386904,1.24923460525743,1.36418028922108,-2.10409594803401,0.892783233833379,-0.0213578276053237
11.1666666666667,146.94958107205,125,9.94269103114547,0.304769079803974,0.584162747886109,1.24923460525743,1.3739839228787,-0.933862905875855,0.91149151221636,-0.0194421824465363
11.1833333333333,147.992595907063,126,10.9426910311455,1.59280275513999,0.628263967147824,1.24923460525743,1.38378174341614,0.260816839430219,0.932777575947436,-0.0174949457224475
11.2,149.037755452534,127,11.9426910311455,2.87492429632833,0.67950750902217,1.24923460525743,1.39357137613375,1.50915433971145,0.960415519446049,-0.0153361368206656
11.2166666666667,150.084690617628,128,12.9426910311455,4.15030263526717,0.733866429346126,1.24923460525743,1.40335052463908,2.79345352554264,0.991216221191516,-0.013129413732422
11.2333333333333,151.133036781025,130,14.9426910311455,5.41823049939182,0.788415136518231,2.03764974177566,1.41311696893556,4.09987310345681,1.02283087230277,-0.0109901006217623
11.25,152.182434113911,131,15.9426910311455,6.79958571319097,0.77674036589962,2.02597497115705,1.43605475937892,5.38006674739015,0.967409087278866,-0.00895371432121723
11.2666666666667,153.23252296216,132,16.9426910311455,8.21766020015435,0.775419540586132,2.02465414584356,1.45886413846724,6.65609001799826,0.921766974604986,-0.00657847307392555
11.2833333333333,154.282931426368,133,17.9426910311455,9.66585888084687,0.786259011800162,2.03549361705759,1.48173015764761,7.95105931359731,0.886920190682712,-0.0037715114266656
11.3,155.33326755511,135,19.9426910311455,11.1389369842941,0.809048247075584,2.05828285233301,1.5048499774083,9.27749212230256,0.862265814384228,-0.000518502654733281
11.3166666666667,156.383117757992,136,20.9426910311455,12.7269932328069,0.84247475497739,2.09170936023482,1.52840726458731,10.640645479275,0.846362947787944,0.00314957626038128
11.3333333333333,157.432047356655,137,21.9426910311455,14.3272558928957,0.8908123621026,2.14004696736003,1.5526143598626,12.0771280891885,0.842172251438453,0.00742406089300114
11.35,158.479602017469,138,22.9426910311455,15.9381860714855,0.949076048707952,2.19831065396538,1.57767122347098,13.5724784144109,0.845318845608874,0.0121302770045947
11.3666666666667,159.525309102265,140,24.9426910311455,17.5592200300634,1.01349545748854,2.26273006274597,1.60370506359277,15.1138411102271,0.852553382328168,0.0171330683918463
11.3833333333333,160.568678735321,141,25.9426910311455,19.2844218212096,1.08137742635684,2.33061203161427,1.63078946354904,16.6905850430548,0.861599458506883,0.0223336247000573
11.4,161.609204716425,142,26.9426910311455,21.0141567986195,1.1569764503629,2.40621105562033,1.6590157434485,18.3303933800303,0.875680832141235,0.027908142025397
11.4166666666667,162.646365050972,143,27.9426910311455,22.7492213134543,1.23604927088803,2.48528387614546,1.68846934334311,20.0146980677923,0.891270729569293,0.033697772376409
11.4333333333333,163.679621929081,144,28.9426910311455,24.4906859874619,1.31591311741324,2.56514772267067,1.71917848667131,21.7296511718478,0.906204600193936,0.0395987581958334
11.45,164.708421642918,146,30.9426910311455,26.2396207228278,1.3950401450176,2.64427475027503,1.75113670153331,23.4654632041426,0.919308295822202,0.04554903138774
11.4666666666667,165.732194358125,147,31.9426910311455,28.0910030792853,1.47270885897144,2.72194346422887,1.78431905547959,25.2156055151808,0.93008571228136,0.0515163230783099
11.4833333333333,166.750354020365,148,32.9426910311455,29.9456117355187,1.55478573066354,2.80402033592097,1.81874818218175,27.0120025978281,0.943188285196816,0.057732664058081
11.5,167.762298205705,149,33.9426910311455,31.8043327815005,1.63826849370202,2.88750309895945,1.85446453548138,28.8399526099724,0.956169564268767,0.0640831552678667
11.5166666666667,168.767408132676,150,34.9426910311455,33.6681366232193,1.72137749790993,2.97061210316736,1.89146913232464,30.6888531503098,0.967637767603616,0.0704967093956361
11.5333333333333,169.765048330238,151,35.9426910311455,35.5378984425238,1.80320447959612,3.05243908485355,1.92974089858984,32.5514695892613,0.976938771753015,0.0769341874473215
11.55,170.754566285156,152,36.9426910311455,37.4143112097634,1.88342436829705,3.13265897355448,1.96924869319265,34.4231726647281,0.983901104522838,0.0833784010050384
11.5666666666667,171.735292516562,154,38.9426910311455,39.2978594445055,1.96207282412439,3.21130742938182,2.00995909107772,36.3012398956843,0.988642567991382,0.0898262158498901
11.5833333333333,172.706540428325,155,39.9426910311455,41.2828889017388,2.03938402391914,3.28861862917657,2.051840977595,38.1842667074997,0.991431737154511,0.0962826650081684
11.6,173.667606190805,156,40.9426910311455,43.2695954345262,2.12174065699443,3.37097526225186,2.09492289693793,40.1076820939553,0.997310288501507,0.103001092451932
11.6166666666667,174.617769080254,157,41.9426910311455,45.258379780245,2.2063576943858,3.45559229964323,2.13925719983839,42.0590219513187,1.00397245860791,0.109876766653102
11.6333333333333,175.556291897466,158,42.9426910311455,47.2498416224399,2.29148374465639,3.54071834991382,2.18485876134171,44.0289865397998,1.0100136457879,0.116841504844239
11.65,176.482421591853,159,43.9426910311455,49.2445978765617,2.37613116301801,3.62536576827543,2.23171988818713,46.0109934414137,1.0146831790083,0.123854744622635
11.6666666666667,177.395389518129,160,44.9426910311455,51.2431829412659,2.45984458657483,3.70907919183226,2.2798210471152,48.0006432769942,1.01767704282361,0.130895641404094
11.6833333333333,178.294310540036,161,45.9426910311455,53.2460051085402,2.54251546222313,3.79175006748055,2.32913812591318,49.9951934768344,1.01897487998302,0.137956576682851
11.7,179.17808035762,162,46.9426910311455,55.2533387866499,2.62424189690535,3.87347650216278,2.37964699201328,51.9930923378506,1.01871897589132,0.145038141690079
11.7166666666667,180.045913653674,164,48.9426910311455,57.2653373940817,2.70522864215829,3.95446324741572,2.43132606174188,53.9935960607864,1.01712948621548,0.152145475698387
11.7333333333333,180.89701661877,165,49.9426910311455,59.3761156454165,2.78572005908314,4.03495466434057,2.4841574887528,55.9964725933134,1.01444886044312,0.159285747787687
11.75,181.730576883913,166,50.9426910311455,61.4857348468921,2.87201998990704,4.12125459516447,2.53818247492774,58.0377661027077,1.01562398077231,0.166710828870847
11.7666666666667,182.545765141169,167,51.9426910311455,63.5945454444015,2.96122388317284,4.21045848843027,2.59346435877226,60.1052681801224,1.01822620108485,0.174312696707542
11.7833333333333,183.341736505781,169,53.9426910311455,65.7031652756086,3.05145137952336,4.30068598478078,2.65002693084088,62.1897237275192,1.02072550619616,0.182019250724837
11.8,184.117632101847,170,54.9426910311455,67.9063410518199,3.14159479225802,4.39082939751545,2.70786934693366,64.2844889848915,1.022257755446,0.189786112872941
11.8166666666667,184.872580218262,171,55.9426910311455,70.1047932557454,3.23715831430576,4.48639291956319,2.76703210607878,66.4210478766468,1.02713971869654,0.197833405734361
11.8333333333333,185.605697006679,173,57.9426910311455,72.2994779775543,3.3348307994511,4.58406540470853,2.82756796917075,68.5841487101038,1.03264537912712,0.206035771044158
11.85,186.31608697765,174,58.9426910311455,74.5855856110849,3.43258780999496,4.68182241525239,2.88948569219784,70.7626629425199,1.03716464470261,0.214313652906018
11.8666666666667,187.002843428574,175,59.9426910311455,76.8642907868043,3.53540089033815,4.78463549559557,2.95282345517387,72.9849068271194,1.04459871609961,0.222865810626767
11.8833333333333,187.665048870399,177,61.9426910311455,79.1369606456078,3.63969715049713,4.88893175575456,3.01762520403544,75.2335301993275,1.05203460313607,0.231555494000085
11.9,188.301775487047,178,62.9426910311455,81.4991287056425,3.7433694649661,4.99260407022353,3.08388810126087,77.4961239985261,1.05782282563616,0.240298526655745
11.9166666666667,188.912085644777,179,63.9426910311455,83.8522385879144,3.85141554860099,5.10065015385842,3.15163832683412,79.8003154790023,1.065911951788,0.24929331735929
11.9333333333333,189.495032459844,181,65.9426910311455,86.1978570937081,3.96034686181559,5.20958146707302,3.22090879057775,82.1284684151768,1.0734799907953,0.258405188527349
11.95,190.049660427916,182,66.9426910311455,88.6316584762473,4.06816438925124,5.31739899450866,3.29168724952574,84.4681431423757,1.07898341577803,0.267553173744978
11.9666666666667,190.575006115996,183,67.9426910311455,91.0551805637584,4.17997600950948,5.42921061476691,3.36399231268218,86.847082829278,1.08647411913126,0.276939192304563
11.9833333333333,191.070098902138,184,68.9426910311455,93.4700500052401,4.29239308308452,5.54162768834195,3.43785107747705,89.2478377680415,1.09322127164396,0.286431880002068
12,191.533961445907,185,69.9426910311455,95.8779179140076,4.42308866690606,4.34539667209167,3.50927859847431,91.660256083018,1.1239415473572,0.295952816965928
12.0166666666667,191.965610094036,186,70.9426910311455,98.2348113498641,4.63619426157555,4.49457058836031,3.56464553622181,94.1538070571616,1.26545295855007,0.30535101142937
12.0333333333333,192.364063996931,187,71.9426910311455,100.5033784842,4.83153971456327,4.63131240545172,3.62206087158336,96.7050759432374,1.38921443346198,0.314199290953469
12.05,192.728367943754,188,72.9426910311455,102.696807945432,5.00065434582434,4.74969264733446,3.68125806873653,99.2443136733091,1.4890275070982,0.322142889424113
12.0666666666667,193.057606392665,189,73.9426910311455,104.826154362526,5.14086257712837,4.84783840924729,3.74190753652402,101.728704864818,1.56340680541789,0.329050971081405
12.0833333333333,193.350906754257,190,74.9426910311455,106.900246413789,5.25309974844043,4.92640442916573,3.80367093466608,104.134905940461,1.61374280144299,0.334934638582799
12.1,193.607438239209,191,75.9426910311455,108.925843860293,5.34032050601241,4.98745895946611,3.86623359056246,106.452976301079,1.64297730507571,0.339886620569187
12.1166666666667,193.826409054338,191,75.9426910311455,110.907924121655,5.40639395396209,5.03371037303089,3.92932129714954,108.681661925671,1.65469542414387,0.34403895397718
12.1333333333333,194.00706332186,192,76.9426910311455,112.75595814413,5.45538054398682,5.0680009860482,3.99270653991266,110.824887507501,1.65254079038065,0.347534910893835
12.15,194.148678758192,193,77.9426910311455,114.572283688001,5.48495457415641,5.08870280716691,4.05616919500497,112.853250576869,1.6350491232895,0.35026745465777
12.1666666666667,194.250565369566,193,77.9426910311455,116.358149397394,5.50148233584235,5.10027224034707,4.119516978297,114.786651544425,1.60762022533346,0.352473675606908
12.1833333333333,194.31206507166,194,78.9426910311455,118.019971909021,5.50978550528312,5.10608445895561,4.1826227769525,116.64205431167,1.57430162704295,0.354334779023708
12.2,194.33255159526,195,79.9426910311455,119.657729626378,5.507223202468,5.10429084698502,4.24536910739909,118.397247396879,1.53317663400885,0.355739312751735
12.2166666666667,194.311431011323,195,79.9426910311455,121.270953449679,5.49924944539239,5.0987092170321,4.30765892948513,120.075312604385,1.48873494299811,0.356895775677946
12.2333333333333,194.248142746036,196,80.9426910311455,122.764892635251,5.4895081612714,5.0918903181474,4.36944803989444,121.693810250564,1.44392863073411,0.357945315376891
12.25,194.142160758625,196,80.9426910311455,124.238803649922,5.47413136918297,5.08112656368551,4.43068775908243,123.229596558188,1.39573480110501,0.358733353277893
12.2666666666667,193.992994720655,196,80.9426910311455,125.597778240536,5.45742633475364,5.06943303958498,4.4913359694648,124.704039931695,1.34762840959188,0.359427334432159
12.2833333333333,193.80019113605,197,81.9426910311455,126.846856998416,5.53528849836235,3.74011442952049,4.53103126245307,126.149774784561,1.42987599999073,0.359833437305764
12.3,193.563335034935,197,81.9426910311455,128.039288894845,5.60496613181116,3.77146936457245,4.56884493917284,127.59519433986,1.50898502021942,0.359597606560663
12.3166666666667,193.282060437939,197,81.9426910311455,129.041330843509,5.65313374886115,3.79314479224495,4.60670164698597,129.005273072906,1.56904891450807,0.358595735448884
12.3333333333333,192.956073475295,198,82.9426910311455,129.870618761234,5.67028933918137,3.80086480788905,4.64440342284431,130.305517801077,1.60280394106236,0.356451782372727
12.35,192.585166584862,198,82.9426910311455,130.636959133042,5.65327628552714,3.79320893374464,4.68170631174702,131.450977920331,1.60809573797103,0.353039064947222
12.3666666666667,192.169221117459,198,82.9426910311455,131.25421936329,5.60923184622795,3.77338893606001,4.71838427737212,132.454295897358,1.59094123951578,0.348635746969415
12.3833333333333,191.708204913813,198,82.9426910311455,131.734642653357,5.5385568548452,3.74158518993776,4.75423791417832,133.295037558431,1.55195510419626,0.343255114956621
12.4,191.202168199446,198,82.9426910311455,132.088976504868,5.44378753267192,3.69893899495979,4.78907962591042,133.965778263228,1.49343448235434,0.336994446468217
12.4166666666667,190.651239196833,198,82.9426910311455,132.326628568254,5.32857689842636,3.64709420954929,4.82274564767875,134.467878942337,1.41853255585658,0.329994997683623
12.4333333333333,190.055619555933,198,82.9426910311455,132.455862782835,5.19699513930934,3.58788241794663,4.8551016701011,134.808284912929,1.33069443794021,0.322414517191191
12.45,189.415580292077,198,82.9426910311455,132.48400367425,5.05307464028428,3.52311819338535,4.88604416909042,134.997179105221,1.23329348655242,0.314409368628764
12.4666666666667,188.731458296454,198,82.9426910311455,132.417628920827,4.90053658608581,3.45447606899604,4.91549903099965,135.046324393968,1.1294157018989,0.306123785038474
12.4833333333333,188.003653489465,198,82.9426910311455,132.262739168362,4.74264753088681,3.38342599415649,4.94341863420195,134.967943940583,1.0217495901734,0.297684228439848
12.5,187.232626676344,198,82.9426910311455,132.024900241113,4.58216511048983,3.31120890497785,4.96977820299119,134.774008319785,0.912547916761715,0.289197251333818
12.5166666666667,186.418897262724,198,82.9426910311455,131.70935697622,4.42134162317613,3.23883833568669,4.99457198060852,134.475819995882,0.8036357333527,0.280749631863144
12.5333333333333,185.563041000781,197,81.9426910311455,131.321120423791,4.26196230151116,3.16711764093745,5.01780956512417,134.083807033495,0.696445777888157,0.272409872263351
12.55,184.665688148072,197,81.9426910311455,130.770972184265,4.10540171085446,3.09666537514193,5.03951260380034,133.607457367866,0.592067807078552,0.264230409945341
12.5666666666667,183.72752164026,197,81.9426910311455,130.163548997754,3.94647887921572,3.0251501009045,5.05968679521055,133.019299580619,0.486391068063506,0.256005862551202
12.5833333333333,182.749275393469,196,80.9426910311455,129.503166542822,3.78888032330953,2.95423075074672,5.07833490812915,132.339223531616,0.382370026289556,0.247879616439147
12.6,181.731732190322,196,80.9426910311455,128.699856185929,3.63515642635599,2.88505499711762,5.09548312985682,131.583493791902,0.282023745674821,0.239950495040108
12.6166666666667,180.675721461303,196,80.9426910311455,127.857507194477,3.48077156033475,2.81558180740806,5.11114838631119,130.729268415908,0.181739786738407,0.232038660687715
12.6333333333333,179.582117406378,195,79.9426910311455,126.979722293025,3.32968458868843,2.74759267016722,5.12534799596931,129.79940154846,0.084669739931244,0.224298387195241
12.65,178.451837097768,194,78.9426910311455,125.975868459628,3.18446832874789,2.68224535319398,5.13812370091831,128.811869280599,-0.00717036101424369,0.216829562068511
12.6666666666667,177.285807639531,194,78.9426910311455,124.855162354344,3.04045282133601,2.61743837485863,5.14950747659396,127.744628332415,-0.0975200112405316,0.209447246736176
12.6833333333333,176.084620468064,193,77.9426910311455,123.720562258019,2.89516591121181,2.55205926530274,5.15950513436652,126.584647458898,-0.188334930731257,0.202052892122144
12.7,174.849204537978,192,76.9426910311455,122.480606855136,2.75386106262433,2.48847208343838,5.16813527814414,125.361789466828,-0.275435175412791,0.194851856298273
12.7166666666667,173.580654026098,191,75.9426910311455,121.143572021998,2.61363152137625,2.42536878987674,5.17542321637849,124.062741888777,-0.361148373837244,0.187728635030544
12.7333333333333,172.280089690509,190,74.9426910311455,119.717389555876,2.47307889338623,2.36212010728123,5.181378571149,122.680618061506,-0.446580968881082,0.180627029657166
12.75,170.948657434109,189,73.9426910311455,118.209578483631,2.33182217535398,2.29855458416672,5.18600465888693,121.213331589331,-0.532021437087637,0.173530863843319
12.7666666666667,169.587536393392,188,72.9426910311455,116.627225250601,2.19012407900451,2.23479044080945,5.18930464493944,119.662247532023,-0.617245849554906,0.166449305699792
12.7833333333333,168.197984473388,186,70.9426910311455,114.97699408516,2.04861610039186,2.17111185043377,5.19128527991719,118.031100480397,-0.701741620268624,0.15940606731293
12.8,166.781289011775,185,69.9426910311455,113.171094736826,1.90810376670649,2.10788130027535,5.19195888644838,116.325153712642,-0.784865114705865,0.152431752831226
12.8166666666667,165.338739875897,184,68.9426910311455,111.315357702404,1.76322681423564,2.04268667166346,5.19131898850855,114.514523694205,-0.870859164683316,0.145314447028743
12.8333333333333,163.871631202637,182,66.9426910311455,109.41506602302,1.61773572999331,1.97721568375442,5.18935568394452,112.617965419894,-0.956707052168735,0.138200550397191
12.85,162.381262170366,180,64.9426910311455,107.381010140587,1.47438182481537,1.91270642642434,5.18608340424239,110.651463784288,-1.04021960622946,0.131197271913854
12.8666666666667,160.868936910177,179,63.9426910311455,105.223593841822,1.32889322819331,1.84723655794442,5.18150897415428,108.592430368101,-1.12479127818405,0.124135618935571
12.8833333333333,159.33596415756,177,61.9426910311455,103.046755091722,1.17929815299712,1.77991877410613,5.17561640404346,106.428226486871,-1.21195576809289,0.116937004364293
12.9,157.783656990354,175,59.9426910311455,100.759836599596,1.03137429005731,1.71335303578322,5.16840630784012,104.189667425641,-1.29709714322735,0.109827683425366
12.9166666666667,156.213332053757,173,57.9426910311455,98.3717737571966,0.882713865161699,1.64645584458019,5.15988980247152,101.864682299592,-1.3821321223084,0.102712054759354
12.9333333333333,154.626308536149,172,56.9426910311455,95.8910418128255,0.738801911838217,1.49858025050283,5.14875044883326,99.4512601244566,-1.4591910219969,0.095548351222474
12.95,153.023907320492,170,54.9426910311455,93.4168821658023,0.591878486942658,1.44899359460057,5.13646833035021,96.9504970622652,-1.5384331178455,0.088317238710228
12.9666666666667,151.407450264249,169,53.9426910311455,90.8550423331237,0.447571126848836,1.40028986056891,5.12320104794928,94.3958991034015,-1.61574468517207,0.0812671496878293
12.9833333333333,149.77825989466,167,51.9426910311455,88.3086661604051,0.303643871626992,1.35171441193154,5.10896532436296,91.7760699622271,-1.69288102735072,0.0743074589736114
13,148.137658341378,165,49.9426910311455,85.6863490737725,0.165499798063174,1.30509078710375,5.09378837760687,89.12211418027,-1.7655238301547,0.0676474057657728
13.0166666666667,146.487140841941,164,48.9426910311455,82.9963021883103,0.030305519392826,1.25946271805251,5.07770297806126,86.4216279987358,-1.83592037249534,0.0611720721760924
13.0333333333333,144.829644188419,163,47.9426910311455,80.3403375096266,-0.100285899195779,1.14894870606165,5.06010602987171,83.6695518050156,-1.90107922177065,0.0548222192396325
13.05,143.169819785709,161,45.9426910311455,77.7175746930102,-0.217390913268565,1.03184369198886,5.04035341455145,80.9054092642645,-1.95215741084411,0.0488097801768823
13.0666666666667,141.512815695162,160,44.9426910311455,75.030535990016,-0.319147376317435,0.930087228939992,5.01866849913591,78.157437387908,-1.9881886623391,0.0432328729665612
13.0833333333333,139.862762259988,158,42.9426910311455,72.3762564968988,-0.41202994147621,0.837204663781217,4.99525973047782,75.4063540207657,-2.01481815219611,0.0378620655761849
13.1,138.222374770214,157,41.9426910311455,69.6586067752036,-0.494524283875294,0.754710321382133,4.97029949611192,72.6730664382175,-2.03124269880379,0.032777704073847
13.1166666666667,136.594396583916,156,40.9426910311455,66.9761805446114,-0.572740834175682,0.676493771081745,4.94391644187713,69.9343166541799,-2.04263105644685,0.0277550879373572
13.1333333333333,134.982584878393,155,39.9426910311455,64.3279532711112,-0.644482174733325,0.604752430524102,4.91621209871729,67.2095188924315,-2.04747308244298,0.0228930173792803
13.15,133.391430427,154,38.9426910311455,61.7132162461306,-0.709009721852092,0.540224883405335,4.88731164202972,64.511414953235,-2.04546142774992,0.0182351608462738
13.1666666666667,131.825627651851,152,36.9426910311455,59.1316472495874,-0.76648654236302,0.482748062894407,4.85734442633101,61.8478310572894,-2.03700738794875,0.0137898407918051
13.1833333333333,130.289755786334,151,35.9426910311455,56.4892305197597,-0.817571201798742,0.431663403458685,4.8264325054737,59.2231589136311,-2.02289429418736,0.009544781133269
13.2,128.788142034709,150,34.9426910311455,53.8862288385187,-0.869200290188426,0.380034315069001,4.79462980250787,56.6035456615037,-2.00875989134863,0.00523319680593767
13.2166666666667,127.324818271538,149,33.9426910311455,51.3227785527614,-0.919165092035848,0.330069513221579,4.76195674664707,54.0021479396833,-1.99288868213287,0.00094428906330921
13.2333333333333,125.903519134743,148,32.9426910311455,48.7988451489904,-0.966250833129319,0.282983772128108,4.72846173252946,51.4284472323912,-1.97441210259759,-0.00326888851926493
13.25,124.527698179864,147,31.9426910311455,46.3143605582651,-1.0107431768436,0.249234605257427,4.69437099229033,48.8886356129621,-1.95411725414623,-0.00737902141164434
13.2666666666667,123.200553720742,146,30.9426910311455,43.8696326948334,-1.05476573815233,0.249234605257427,4.66021163300676,46.3848289445729,-1.93503644817649,-0.0113724271820525
13.2833333333333,121.925064279042,145,29.9426910311455,41.466373874693,-1.09828551441145,0.249234605257427,4.62606296389463,43.9172055314743,-1.91727157943664,-0.0152372697165702
13.3,120.704037920198,145,29.9426910311455,39.1070709820665,-1.14081569027013,0.249234605257427,4.59193356854072,41.486798442949,-1.90037207576812,-0.0189580440124237
13.3166666666667,119.540186018214,144,28.9426910311455,36.8877825392158,-1.18177243274549,0.249234605257427,4.55783175018072,39.0955650568324,-1.88380655674404,-0.0225161099734332
13.3333333333333,118.436239656979,143,27.9426910311455,34.7101412973915,-1.21423835243392,0.249234605257427,4.52376553852081,36.7820045812297,-1.86196157710987,-0.0256492836418328
13.35,117.395137428419,142,26.9426910311455,32.5755019859161,-1.24046852138297,0.249234605257427,4.48974269641199,34.5366913015318,-1.83651333736963,-0.0284586995391533
13.3666666666667,116.420325129571,142,26.9426910311455,30.4848596619016,-1.26202133135476,0.249234605257427,4.45577072638006,32.3529543625193,-1.80860791159727,-0.0310151059141447
13.3833333333333,115.516214515546,141,25.9426910311455,28.5329433403278,-1.27996015799341,0.249234605257427,4.42185687701424,30.2261189953494,-1.7790145718915,-0.0333677083717986
13.4,114.688830000174,141,25.9426910311455,26.6202074587083,-1.28867251598747,0.249234605257427,4.38800814921724,28.1890193183848,-1.74316394033569,-0.0353065460541241
13.4166666666667,113.946572271446,140,24.9426910311455,24.8410283206829,-1.29142645338526,0.249234605257427,4.35423130231958,26.227430112841,-1.70355567586045,-0.036971839348873
13.4333333333333,113.300851544823,139,23.9426910311455,23.0955715722232,-1.28421505171493,0.249234605257427,4.32053286006099,24.366743672718,-1.65689450120475,-0.0382182937454062
13.45,112.766200126473,139,23.9426910311455,21.383923751645,-1.27144343910294,0.249234605257427,4.28691911644153,22.5869926356454,-1.60659533777912,-0.0392304082999707
13.4666666666667,112.359237027781,138,22.9426910311455,19.8000545783272,-1.25620997659105,0.249234605257427,4.25339614144506,20.8730988238944,-1.55507479284167,-0.0401357428147171
13.4833333333333,112.096306852846,138,22.9426910311455,18.2437959055791,-1.23430091895338,0.249234605257427,4.21996978663776,19.2498446298036,-1.49892030850162,-0.0407753059240968
13.5,111.990520677368,137,21.9426910311455,16.8090263412325,-1.20988905783699,0.249234605257427,4.18664569064409,17.6968582865756,-1.44140444875068,-0.0413193540789876
13.5166666666667,112.04947079594,137,21.9426910311455,15.3955275729169,-1.17949306879828,0.249234605257427,4.15342928450284,16.2349231201369,-1.37970737450676,-0.0416368656180729
13.5333333333333,112.274496926269,136,20.9426910311455,14.0971647753518,-1.14775683896379,0.249234605257427,4.12032579690565,14.8406983099448,-1.31749181061365,-0.0419149703683479
13.55,112.661438298461,136,20.9426910311455,12.8137390001614,-1.11147300397009,0.249234605257427,4.08734025932036,13.5328135007866,-1.2521739942083,-0.0420312917422079
13.5666666666667,113.202194680195,135,19.9426910311455,11.6391639146885,-1.07541307872065,0.249234605257427,4.05447751100159,12.2864158383622,-1.18753718249795,-0.0421756280025909
13.5833333333333,113.886421903913,135,19.9426910311455,10.4733147793177,-1.03639096235647,0.249234605257427,4.02174220389091,11.1191243690279,-1.12103307982029,-0.0422240494138993
13.6,114.699805936804,134,18.9426910311455,9.41020201872916,-0.999124861765068,0.250109743492359,3.98913888753575,10.0054637484152,-1.05641995403356,-0.0423619438944492
13.6166666666667,115.620124158689,134,18.9426910311455,8.34984769270239,-0.961373378765028,0.287861226492399,3.9568851056166,8.96240806724281,-0.992484445890594,-0.0424589147267824
13.6333333333333,116.626240715737,134,18.9426910311455,7.38773482232835,-0.929457978945168,0.319776626312259,3.92535654955851,7.9620114442926,-0.935245626762372,-0.0426884341841679
13.65,117.699107320665,134,18.9426910311455,6.52031946480915,-0.899256608804977,0.34997799645245,3.89449618183179,7.02040299947066,-0.881245253963626,-0.0428969967751971
13.6666666666667,118.821319394604,134,18.9426910311455,5.74371555059995,-0.868220123503376,0.381014481754051,3.86430157971002,6.14882086142008,-0.828393252181342,-0.042986899937484
13.6833333333333,119.976786025475,134,18.9426910311455,5.05398231955808,-0.834959434577305,0.414275170680122,3.83480229582738,5.35431019427338,-0.775589957093393,-0.0429025643447799
13.7,121.150533217844,134,18.9426910311455,4.44728605421522,-0.798891743692371,1.24923460525743,3.8060435928477,4.64055111490165,-0.722409666631765,-0.0426184382629273
13.7166666666667,122.328637999389,134,18.9426910311455,3.94775176631023,-0.799243036333224,1.24923460525743,3.78616052528902,3.98250377023049,-0.721516219965401,-0.0420950610604628
13.7333333333333,123.498280651996,134,18.9426910311455,3.57500675836528,-0.788704821422068,1.24923460525743,3.7664628722151,3.38611004535743,-0.71176626827646,-0.0411615788494873
13.75,124.647888736724,135,19.9426910311455,3.31707675616728,-0.786981212265875,1.24923460525743,3.75186603335533,2.87255407051373,-0.721771582108952,-0.0396533783890694
13.7666666666667,125.767344320233,135,19.9426910311455,3.25678507120037,-0.766661984311341,1.24923460525743,3.73742443188309,2.44975143853411,-0.716197818633801,-0.0374682473055479
13.7833333333333,126.848210451606,136,20.9426910311455,3.28368691071589,-0.72047737267677,1.24923460525743,3.72313686369716,2.17144786679412,-0.689055669594291,-0.0343508682821556
13.8,127.88392713206,136,20.9426910311455,3.4822099293273,-0.6521847001401,1.24923460525743,3.7090021230528,2.03327620343919,-0.643137893877685,-0.0304807025959223
13.8166666666667,128.869892888328,137,21.9426910311455,3.74346721392641,-0.559620593417478,1.24923460525743,3.69501900292956,2.06263542066663,-0.576541736433018,-0.0258026872983563
13.8333333333333,129.803450030132,137,21.9426910311455,4.15339521363098,-0.449806841385047,1.24923460525743,3.68118629538779,2.23617032916381,-0.494720671388687,-0.0206182681472707
13.85,130.683767349338,138,22.9426910311455,4.6045646307485,-0.322482333388202,1.24923460525743,3.66750279191382,2.56798014791715,-0.397370322415371,-0.014937365175523
13.8666666666667,131.511630483434,139,23.9426910311455,5.18431673730568,-0.18558213434001,1.06365247091742,3.65396728375431,3.02576858501063,-0.290764223109954,-0.00908582291270538
13.8833333333333,132.289168831719,139,23.9426910311455,5.87418004626103,-0.0306856440636892,1.21854896119374,3.63885498858365,3.62403013369866,-0.163638801065751,-0.00307748871839503
13.9,133.019552338292,140,24.9426910311455,6.56852118942096,0.120164185935317,1.33334953541215,3.62618239309838,4.35468142121308,-0.0442676397593892,0.00299543577064039
13.9166666666667,133.706687512411,140,24.9426910311455,7.36682849093921,0.261391917175108,1.43220894728,3.61537786298004,5.16433875722312,0.0644513121792092,0.00880948107155694
13.9333333333333,134.35493203022,141,25.9426910311455,8.17202955455647,0.395322498396738,1.52596035413514,3.60632745963833,6.0543288394846,0.164647161217635,0.0144440504801814
13.95,134.968843424249,142,26.9426910311455,9.08013548014924,0.517665019394305,1.61160011883344,3.59891593306295,6.98988828667748,0.253163999001759,0.0197202008933373
13.9666666666667,135.55297135251,143,27.9426910311455,10.0865206913583,0.632860008946076,1.69223661151968,3.59303255099425,7.98386954216703,0.333784705897355,0.0248029419591396
13.9833333333333,136.111695928659,143,27.9426910311455,11.1861246993657,0.743978193140702,1.77001934045592,3.58860974791664,9.04537897013467,0.40911907172482,0.0298066767541734
14,136.649109928992,144,28.9426910311455,12.2796471796051,0.853007602840908,1.84633992724606,3.58560888198946,10.1801310814284,0.480859477938022,0.0348054187693851
14.0166666666667,137.168939649217,145,29.9426910311455,13.4617567887302,0.954977919159345,1.91771914866897,3.58397038054124,11.3549495166146,0.545191041778405,0.0395981396892917
14.0333333333333,137.674498423971,145,29.9426910311455,14.7269385175561,1.05349842644355,1.98668350376791,3.58363035458662,12.5826386377838,0.605135203518334,0.0443210660035937
14.05,138.168666252573,146,30.9426910311455,15.9755544787519,1.15079943687377,2.05479421106907,3.58455835356894,13.8713414246021,0.662552589979666,0.0490586834521356
14.0666666666667,138.653889661842,147,31.9426910311455,17.3020605643057,1.24196192864236,2.11860795530708,3.58670469393429,15.1893817999727,0.713642140792727,0.0536130210583457
14.0833333333333,139.13219626546,148,32.9426910311455,18.7008483581316,1.33053363123237,2.18060814712009,3.59001532108111,16.5504191640815,0.761350053487119,0.0581188951865467
14.1,139.605219857161,148,32.9426910311455,20.166352477838,1.41862579433261,2.24227266129025,3.59446858501038,17.9630297089143,0.807418421974915,0.0626570223858431
14.1166666666667,140.074232044125,149,33.9426910311455,21.5991511366327,1.50732080777423,2.30435917069939,3.60006096184589,19.4317315423882,0.852736419953028,0.0672689925344172
14.1333333333333,140.54017711937,150,34.9426910311455,23.0940885492172,1.59086127294846,2.36283749632135,3.60675822905831,20.9219378529085,0.892799658091316,0.0717252533927238
14.15,141.003708457466,151,35.9426910311455,24.646048009627,1.67221451047194,2.41978476258779,3.61451363086714,22.445112769116,0.930071725479373,0.0761385774760683
14.1666666666667,141.465224823922,151,35.9426910311455,26.2500111495131,1.75311602079053,2.4764158198108,3.62330734271729,24.0082902098254,0.965985278665508,0.0805752809276611
14.1833333333333,141.924905247359,152,36.9426910311455,27.8071265999144,1.83442760031119,2.53333392547526,3.63313428102177,25.6150050137693,1.00124988363511,0.0850684056435841
14.2,142.382741358377,153,37.9426910311455,29.4128125810237,1.91028357902371,2.58643311057402,3.6439568282949,27.2301421287543,1.03127438379078,0.0893841338530158
14.2166666666667,142.838566555644,154,38.9426910311455,31.0625187898535,1.9836202241203,2.63776876214164,3.65572409480417,28.864991912329,1.05849847454362,0.0936339545977818
14.2333333333333,143.292082408017,155,39.9426910311455,32.7517803198235,2.05619174385332,2.68856882595475,3.66841211562522,30.5266793037404,1.08437060317715,0.0978848556314487
14.25,143.742882326226,156,40.9426910311455,34.4763440615971,2.12890785717376,2.73947010527906,3.68201211426025,32.2190195100051,1.10963864648188,0.10217172957695
14.2666666666667,144.190472409856,157,41.9426910311455,36.2322311575568,2.20210618103755,2.79070893198371,3.69652231425656,33.9433208352982,1.13458191632538,0.106507485219215
14.2833333333333,144.634289542932,158,42.9426910311455,38.0157569589959,2.27576224461485,2.84226817648782,3.71194255312933,35.6990847064395,1.15918820376243,0.110890916088905
14.3,145.073716908746,159,43.9426910311455,39.823524714075,2.34964438326316,2.89398567354164,3.72827101329667,37.4845831777525,1.18328296947092,0.115312558774551
14.3166666666667,145.508097144402,161,45.9426910311455,41.6524047267465,2.4234226866757,2.94563048593042,3.74550248154236,39.2973134994974,1.20661911637949,0.119758856934282
14.3333333333333,145.93674337684,162,46.9426910311455,43.5935664230187,2.49674146211217,2.99695362873595,3.76362765769928,41.134340559888,1.22893578943355,0.124214966905305
14.35,146.358948385725,163,47.9426910311455,45.5444091685377,2.57540482254305,3.05201798103756,3.78267197666049,43.0285577257277,1.25481564784533,0.128910779353863
14.3666666666667,146.773992131156,164,48.9426910311455,47.5027921228035,2.65609188576968,3.10849892529621,3.80267123786895,44.9645471093955,1.2815572195341,0.133718007429332
14.3833333333333,147.181147870067,166,50.9426910311455,49.4669489514265,2.73651269907744,3.16479349461163,3.8236287123582,46.9298710412187,1.30733859223196,0.138546569146253
14.4,147.579687067223,167,51.9426910311455,51.5293790718935,2.81518491024802,3.21986404243104,3.84552583817202,48.9147593419215,1.33101936324275,0.143336607329637
14.4166666666667,147.968883286933,168,52.9426910311455,53.5887007390505,2.89737265772218,3.27739546566295,3.86836927027282,50.9477118922301,1.35678622360731,0.14829541564827
14.4333333333333,148.348015219961,169,53.9426910311455,55.6438466106226,2.97960577244093,3.33495864596608,3.89217216377561,53.0107580512123,1.38185889212959,0.153287230767815
14.45,148.716368735973,170,54.9426910311455,57.6939723159708,3.05968676542707,3.39101534105638,3.91691493158244,55.0902346090401,1.40452863321546,0.158224019588338
14.4666666666667,149.073237935996,171,55.9426910311455,59.738298949909,3.136359268597,3.44468609327533,3.94255809883178,57.1760563332742,1.42387023095987,0.163053394302379
14.4833333333333,149.417925985113,171,55.9426910311455,61.7760260768301,3.20903121287024,3.49555645426659,3.96905161438321,59.2609811868254,1.4395043585448,0.167748410086919
14.5,149.749745907121,172,56.9426910311455,63.7122338850355,3.27755466558544,3.54352287116724,3.99634127203329,61.3399385127032,1.45141056265606,0.172299372832304
14.5166666666667,150.06802124343,172,56.9426910311455,65.645916736555,3.33591749714599,3.58437685325962,4.02433404311672,63.3734398905316,1.45496467089785,0.176463292235371
14.5333333333333,150.372086552554,172,56.9426910311455,67.4816788060213,3.38743091251322,3.62043624401668,4.05292532169484,65.3714206052281,1.45298383609035,0.180363173707954
14.55,150.661287773925,172,56.9426910311455,69.2237985320879,3.42835890381761,3.64908583792975,4.08200486123934,67.3056798030397,1.44267905799532,0.183844607928059
14.5666666666667,150.934982739951,172,56.9426910311455,70.876126873114,3.45725659479512,3.66931422161401,4.11143313811582,69.1582817279651,1.42313335369972,0.186841375554694
14.5833333333333,151.192542029407,172,56.9426910311455,72.4419893949078,3.47415848297668,3.6811455433411,4.14106315051511,70.9189192710786,1.39461583539568,0.18934509795534
14.6,151.43334976779,171,55.9426910311455,73.924193013418,3.47997394292001,3.68521636530144,4.1707539967442,72.5827153439547,1.35807624364724,0.191382426387375
14.6166666666667,151.656804474495,171,55.9426910311455,75.2310322656087,3.476057341679,3.68247474443273,4.2003784571079,74.1484750532477,1.31478965546071,0.192998655477967
14.6333333333333,151.862319745668,170,54.9426910311455,76.4644226834017,3.45777726530107,3.66967869096818,4.22978757200611,75.5813413882825,1.26129852071392,0.194002278786762
14.65,152.04932522986,169,53.9426910311455,77.5316838892068,3.42964324666765,3.64998487792478,4.25883608047975,76.8961346436453,1.20141321889835,0.194561735007387
14.6666666666667,152.217268137686,169,53.9426910311455,78.4396756124908,3.38891563098369,3.62147554694601,4.28738609327675,78.0694816199469,1.13315362541945,0.19456104400617
14.6833333333333,152.365615228784,168,52.9426910311455,79.2888104050157,3.33494999944458,3.58369960486863,4.31528112200804,79.0880438533908,1.056236778957,0.193965466463637
14.7,152.493854748488,168,52.9426910311455,79.9849548877651,3.27454666734617,3.54141727239974,4.34240454033224,79.9818170905141,0.976233240619144,0.193036046063177
14.7166666666667,152.601498350803,167,51.9426910311455,80.627778988738,3.20606366548054,3.4934791710938,4.368666511963,80.7376069298846,0.891940289147502,0.191703798525026
14.7333333333333,152.688082764023,167,51.9426910311455,81.1227346745525,3.13530115845773,3.44394541617784,4.39400535802318,81.384497196874,0.808030218623514,0.190194489116369
14.75,152.753171633152,166,50.9426910311455,81.5693230446439,3.05970360400885,3.39102712806362,4.4183750051937,81.9078722950587,0.722493070054438,0.188406385858279
14.7666666666667,152.796357513754,166,50.9426910311455,81.8730006999811,2.98428805277868,3.3382362422025,4.44174763683889,82.3352456427772,0.639317086039914,0.186536872266906
14.7833333333333,152.817263793258,165,49.9426910311455,82.1333867704676,2.90585998462913,3.28333659449782,4.46410275173084,82.6505015426409,0.55593903802488,0.184460868507791
14.8,152.815546439693,165,49.9426910311455,82.2561218634225,2.82893655145121,3.22949019127327,4.48543146998221,82.879841989253,0.475917359047291,0.182357375581815
14.8166666666667,152.790895542565,164,48.9426910311455,82.3410393810354,2.77588589461792,2.49838325783549,4.50046871647078,83.0128841621694,0.431020662270837,0.180084829825418
14.8333333333333,152.743036804016,164,48.9426910311455,82.2705018813308,2.75087562951269,2.48712863853814,4.50882877266343,83.1177840293752,0.425144514050055,0.177715548150593
14.85,152.671736646778,163,47.9426910311455,82.1253614396802,2.7136238544442,2.47036533975732,4.51683756431447,83.1502850159301,0.409175066082843,0.174899509980329
14.8666666666667,152.576812839632,163,47.9426910311455,81.8194303656385,2.66437339752496,2.44820263414366,4.52440530109823,83.1015507493024,0.383439403470572,0.171645066085037
14.8833333333333,152.458140822557,163,47.9426910311455,81.4595958728528,2.59825028390799,2.41844723301602,4.53142337292856,82.9333645291557,0.344212550868906,0.167759261095986
14.9,152.315654953051,162,46.9426910311455,81.0517049922953,2.5200933317964,2.38327660456581,4.53778585058273,82.6601575929636,0.295499693507299,0.163431113446474
14.9166666666667,152.149347194088,162,46.9426910311455,80.5066949115023,2.43402990205477,2.34454806118207,4.54342053734884,82.2962485021422,0.240694611799739,0.158821761137157
14.9333333333333,151.959264822794,161,45.9426910311455,79.9288414489879,2.33724099225445,2.30099305177193,4.548258365574,81.8190331019385,0.177654046985686,0.153819166376951
14.95,151.745507650944,161,45.9426910311455,79.2276612874885,2.23535974411037,2.25514649010709,4.55224339062462,81.2528261723994,0.110948006387744,0.148643737657009
14.9666666666667,151.508225541787,161,45.9426910311455,78.5061608326423,2.1262765504851,2.20605905297572,4.55533094948225,80.5815777759316,0.0389649575884284,0.143211421496974
14.9833333333333,151.247616358582,160,44.9426910311455,77.766822103312,2.01579803291118,2.15634372006746,4.55749269632685,79.8335805558894,-0.0336239785956522,0.137749553943518
15,150.963924189405,160,44.9426910311455,76.9177515817367,1.90785743150333,2.10777044943393,4.55873665302338,79.0309412293561,-0.10368691070871,0.132411931734795
15.0166666666667,150.657437770463,159,43.9426910311455,76.0608964452615,1.79874948543307,2.05867187370231,4.55906972348187,78.1545666429013,-0.17417382635859,0.127051969097681
15.0333333333333,150.328489070409,159,43.9426910311455,75.1038867053958,1.69286421889149,2.0110235037586,4.55850380565305,77.2294046974661,-0.241594350138318,0.121841489922062
15.05,149.977452015298,158,42.9426910311455,74.1482119985948,1.58672117091073,1.96325913216726,4.55705216963239,76.2382164454617,-0.308727893339203,0.116642820637144
15.0666666666667,149.60474134067,157,41.9426910311455,73.1010745362599,1.48477636943735,1.91738397150423,4.55473411530246,75.2070534279886,-0.372041231525069,0.111630456611097
15.0833333333333,149.21081155933,157,41.9426910311455,71.9695099376199,1.38351268966624,1.87181531560724,4.55157037877295,74.1192274727618,-0.434352695944846,0.106665359449171
15.1,148.796156033423,156,40.9426910311455,70.854339004598,1.28108041763791,1.82572079319449,4.54756204060915,72.9649054989258,-0.497127455565742,0.101674025933815
15.1166666666667,148.361306126903,156,40.9426910311455,69.6620399571593,1.19302042762684,1.65187899958148,4.54067614407868,71.7809253087186,-0.54256943524692,0.0968671448871859
15.1333333333333,147.90683020067,155,39.9426910311455,68.4884705407936,1.10552391472108,1.62234892647579,4.53300956648102,70.5579290516762,-0.587292917032591,0.0921008478957982
15.15,147.433333058556,154,38.9426910311455,67.2362881055063,1.02141053909355,1.5939606622015,4.52479425414071,69.317519733023,-0.629618083604986,0.0875263171044537
15.1666666666667,146.941456940413,153,37.9426910311455,65.9133774510277,0.936604396867523,1.56533858920022,4.51604120242629,68.0381813885982,-0.672771231796468,0.0829812544871247
15.1833333333333,146.431881823453,153,37.9426910311455,64.5271445313076,0.849059041322346,1.53579203170372,4.5067445202306,66.7070871448242,-0.718349140267606,0.0783842285889203
15.2,145.905324414805,152,36.9426910311455,63.1785199239364,0.752716286255365,1.64441065554149,4.49798420764516,65.3164720421031,-0.774047767565125,0.0737091164129366
15.2166666666667,145.362536652507,151,35.9426910311455,61.7787545865841,0.654830627700907,1.5930206848004,4.48968694779501,63.892183170547,-0.833777470183423,0.0692282477998148
15.2333333333333,144.804303087254,150,34.9426910311455,60.337439995357,0.56101751706083,1.54376880171436,4.48050384305312,62.4300916396209,-0.889400849040878,0.0648942346643691
15.25,144.231437274115,149,33.9426910311455,58.8578755594261,0.470855796841152,1.49643389859903,4.47047263267908,60.932003603698,-0.941314735910181,0.0606916338575375
15.2666666666667,143.644779198462,148,32.9426910311455,57.3433303887524,0.384039673750364,1.45085543397637,4.45962799028398,59.3999841706949,-0.98981853843102,0.0566094317907103
15.2833333333333,143.045193727946,147,31.9426910311455,55.7970172532444,0.300355446355988,1.40692121459432,4.44800241703497,57.8363234371663,-1.03513419277645,0.0526401578306478
15.3,142.433569381366,146,30.9426910311455,54.2220734295618,0.219659623200204,1.36455590743753,4.43562693751903,56.2434898207508,-1.07742469470755,0.0487790460238491
15.3166666666667,141.810817018282,145,29.9426910311455,52.6215469582696,0.141859658661665,1.3237109260548,4.42253161611427,54.6240793165419,-1.11681026305358,0.0450232940420642
15.3333333333333,141.17786821442,144,28.9426910311455,50.998387041298,0.0668978277328321,1.28435596481716,4.408745919228,52.9807661792367,-1.1533817625344,0.0413714406886489
15.35,140.53567585408,142,26.9426910311455,49.3554375323669,-0.00524165094069695,1.24399295431673,4.39429483738584,51.3162633271806,-1.18718447398908,0.0378228532230948
15.3666666666667,139.885226015802,141,25.9426910311455,47.6012871329402,-0.072688278448776,1.17654632680865,4.37882054196799,49.6341868866385,-1.21574572181714,0.0343764855263628
15.3833333333333,139.227519509474,140,24.9426910311455,45.8373254593645,-0.141198078971739,1.10803652628569,4.36220010882104,47.9033958366195,-1.2433446231269,0.0307810865411556
15.4,138.563558801322,139,23.9426910311455,44.0637614879763,-0.208312460500812,1.04092214475662,4.34444284317784,46.1395271168382,-1.26808825015341,0.027136359967601
15.4166666666667,137.894343911175,138,22.9426910311455,42.2808405837906,-0.272738715056422,0.976495890201005,4.32558887155803,44.3537560733133,-1.28907242500249,0.0234993680640083
15.4333333333333,137.220867680225,137,21.9426910311455,40.4889691869295,-0.333973029053623,0.915261576203804,4.30569297353291,42.5537633544539,-1.3060471671554,0.0198975591192714
15.45,136.544109637723,136,20.9426910311455,38.6887574248871,-0.392006876476076,0.857227728781351,4.28481398476921,40.7446348862262,-1.31916076463312,0.0163391520543065
15.4666666666667,135.865028586788,135,19.9426910311455,36.8810116105749,-0.447111040364961,0.802123564892466,4.26300842545765,38.9296290774939,-1.32877482110522,0.0128209459254115
15.4833333333333,135.184554247866,134,18.9426910311455,35.0666997725684,-0.499685810213932,0.749548795043495,4.24032715573269,37.1107886924207,-1.33533847907907,0.00933386567281201
15.5,134.503577494472,133,17.9426910311455,33.2469059933956,-0.550163945068161,0.699070660189266,4.21681406917021,35.2894013381405,-1.33930895957358,0.00586665807925086
15.5166666666667,133.822939337261,132,16.9426910311455,31.4227835480785,-0.598953326043296,0.650281279214131,4.19250605720643,33.4663268652935,-1.3411063344012,0.00240816509661081
15.5333333333333,133.143419152288,132,16.9426910311455,29.5955125501144,-0.646407797197433,0.602826808059994,4.16743368235914,31.6422160282765,-1.34109216307165,-0.00105143633285911
15.55,132.465722670503,131,15.9426910311455,27.8603241715976,-0.692816793122118,0.556417812135309,4.14162217207196,29.8176455344728,-1.33956368372598,-0.00452010136378067
15.5666666666667,131.790470315232,131,15.9426910311455,26.1184328013913,-0.732345104815396,0.516889500442031,4.1151475007882,28.0291732923321,-1.33204172967901,-0.00775954825238509
15.5833333333333,131.118186559074,131,15.9426910311455,24.4653935404868,-0.768285299917672,0.480949305339755,4.08810070317756,26.2649915967493,-1.32134143304344,-0.0108890902440132
15.6,130.449291027139,130,14.9426910311455,22.8970646493124,-0.796763767970738,0.452470837286689,4.06058255254157,24.5522163117686,-1.3045857605548,-0.0137453722214043
15.6166666666667,129.78409186391,130,14.9426910311455,21.3156618105179,-0.816184427078219,0.433050178179208,4.03273808416178,22.9081936759991,-1.28079502745398,-0.0162501284083869
15.6333333333333,129.122781927092,130,14.9426910311455,19.8179610588262,-0.832465680029371,0.416768925228056,4.00467079028976,21.3069701513983,-1.25488138958421,-0.018625431243432
15.65,128.465438786786,130,14.9426910311455,18.4009935706632,-0.843181479553325,0.406053125704102,3.97646044055871,19.7657973917719,-1.2250588591656,-0.0207679234441734
15.6666666666667,127.812028826178,130,14.9426910311455,17.0620177064521,-0.847372517763943,0.401862087493484,3.94821406168205,18.2955497863612,-1.19076059518725,-0.0226291895384982
15.6833333333333,127.162415741578,130,14.9426910311455,15.798624927533,-0.845012587634378,0.404222017623049,3.92004613445227,16.9023218715038,-1.15217253074617,-0.0241969444540657
15.7,126.516372809907,129,13.9426910311455,14.6087494304333,-0.836611809261098,0.412622795996329,3.89206650867795,15.5888109212881,-1.10989274669005,-0.0254807306400997
15.7166666666667,125.873598400058,129,13.9426910311455,13.3965648119362,-0.82293824293426,0.426296362323167,3.86437390779846,14.3554340615407,-1.0646971035242,-0.0265016445747355
15.7333333333333,125.233734093704,129,13.9426910311455,12.2604565962665,-0.810896434580466,0.438338170676961,3.83699822630315,13.1651989473907,-1.02210453398694,-0.0275296836499225
15.75,124.596384239942,129,13.9426910311455,11.1986311048112,-0.798172233931194,0.451062371326233,3.80993693472067,12.0286976379998,-0.980227178987748,-0.0284757441256086
15.7666666666667,123.961135715558,128,12.9426910311455,10.2090910707592,-0.783417437310042,0.465817167947385,3.78321736859321,10.9532225229859,-0.938008242727998,-0.0292854580040578
15.7833333333333,123.327577409761,128,12.9426910311455,9.19573511607856,-0.765977343990207,0.48325726126722,3.75688298155777,9.94331696752917,-0.894975527793867,-0.0299300208830601
15.8,122.695318499156,128,12.9426910311455,8.25648270799242,-0.751726310857781,0.497508294399646,3.73092873000298,8.96538327017357,-0.855756828157878,-0.0306426589987715
15.8166666666667,122.064004307185,128,12.9426910311455,7.38899110181475,-0.737646889310269,0.511587715947158,3.70533148902055,8.03261086301624,-0.817864408325285,-0.0313087372652076
15.8333333333333,121.433328970564,127,11.9426910311455,6.59070274021375,-0.721943127633991,0.527291477623436,3.68010750373658,7.15414322546861,-0.779865400299813,-0.0318573445016857
15.85,120.8030451768,127,11.9426910311455,5.76498857452144,-0.70370121743819,0.545533387819237,3.65529496058023,6.33573899910315,-0.741074045425576,-0.0322499075431111
15.8666666666667,120.172970733606,127,11.9426910311455,5.00929654319836,-0.688667719202729,0.560566886054699,3.63088672555576,5.54451172051591,-0.70601574205253,-0.0327147010637604
15.8833333333333,119.542991805219,126,10.9426910311455,4.32087811645075,-0.673782802219464,1.24923460525743,3.60685897207868,4.79398756768428,-0.672171177785629,-0.033135349466609
15.9,118.913063494262,126,10.9426910311455,3.62620342836792,-0.711768164933908,1.24923460525743,3.59439746112938,4.06147371161228,-0.711104049449,-0.0334051987860797
15.9166666666667,118.28320498145,125,9.94269103114547,3.04237662176943,-0.746342413460988,1.24923460525743,3.58206386062567,3.31227845320724,-0.74713763828684,-0.0335221016839251
15.9333333333333,117.653487661397,125,9.94269103114547,2.46614180838661,-0.768887199333437,1.24923460525743,3.5698572919284,2.59771954297942,-0.773321051224552,-0.0331591155862911
15.95,117.024025164303,124,8.94269103114547,1.98872496990529,-0.781137222662222,1.24923460525743,3.55777687137409,1.91549079195459,-0.790923259534161,-0.0324004927659012
15.9666666666667,116.3949666674,124,8.94269103114547,1.50765596373492,-0.778558825630619,1.24923460525743,3.54582171066705,1.29812769389915,-0.79621176485981,-0.0310858449082679
15.9833333333333,115.766491561795,123,7.94269103114547,1.11491637289829,-0.765689439488971,1.24923460525743,3.53399091726014,0.729409183014225,-0.792689752780927,-0.0294105849599092
16,115.13880463803,123,7.94269103114547,0.708761069153126,-0.739831774826085,1.24923460525743,3.52228359472447,0.231753605298833,-0.778112669091559,-0.0272842128615721
16.0166666666667,114.512130441085,122,6.94269103114547,0.381865819312216,-0.706640835310127,1.24923460525743,3.51069884310821,-0.218234929042581,-0.756912686192669,-0.0249417623910624
16.0333333333333,113.886692157823,122,6.94269103114547,0.0331487833866526,-0.664011130979599,1.24923460525743,3.49923575928483,-0.603052128241054,-0.727361923347983,-0.0223106038539016
16.05,113.262690280999,121,5.94269103114547,-0.244081784616735,-0.617813133101812,1.24923460525743,3.48789343729104,-0.949287968968213,-0.694110972873957,-0.0196284289426827
16.0666666666667,112.640304362051,121,5.94269103114547,-0.550305802456536,-0.565895237310915,1.24923460525743,3.47667096865456,-1.24133940998898,-0.655440165816629,-0.01681502413756
16.0833333333333,112.019696834024,120,4.94269103114547,-0.791643297737934,-0.513907470906078,1.24923460525743,3.46556744271207,-1.5067404203003,-0.61586545618652,-0.0140939909358669
16.1,111.401015811908,120,4.94269103114547,-1.06803220292834,-0.459369017064306,1.24923460525743,3.45458194691756,-1.73013675172511,-0.573440666243912,-0.0113672862421292
16.1166666666667,110.784397145313,119,3.94269103114547,-1.28507972733325,-0.407540464698056,1.24923460525743,3.44371356714123,-1.93881918179265,-0.532401448225859,-0.00883895521741719
16.1333333333333,110.1699659338,118,2.94269103114547,-1.54223950382747,-0.35552660597289,1.24923460525743,3.43296138795927,-2.11685457395653,-0.490495501546325,-0.00639110089192579
16.15,109.55783766312,118,2.94269103114547,-1.83872159687963,-0.308173688206129,1.24923460525743,3.42232449293462,-2.29073813672015,-0.45164664343162,-0.00420859890494809
16.1666666666667,108.948119079293,117,1.94269103114547,-2.07956883590169,-0.268520807019627,1.24923460525743,3.41180196488904,-2.47970752118004,-0.418375761653805,-0.00239989885660372
16.1833333333333,108.340908885391,116,0.942691031145472,-2.36371367784579,-0.231931514532861,1.24923460525743,3.40139288616667,-2.66123979506327,-0.38707485103815,-0.00077340022419593
16.2,107.736298321298,116,0.942691031145472,-2.68988607895026,-0.201901855984864,1.24923460525743,3.39109633888916,-2.85645487771791,-0.360605741915037,0.000542033707646731
16.2166666666667,107.13437166818,115,-0.0573089688545281,-2.96268772199486,-0.180437831918281,1.24923460525743,3.3809114052028,-3.08022149303249,-0.340666752894899,0.00147974123194539
16.2333333333333,106.535206705691,115,-0.0573089688545281,-3.28064681008632,-0.162125864595005,1.24923460525743,3.3708371675176,-3.3064802128811,-0.323021683601812,0.0022617403334533
16.25,105.938875139976,114,-1.05730896885453,-3.54806455865587,-0.149890381658,1.24923460525743,3.36087270873876,-3.55350171544875,-0.31006125025266,0.00278055808321722
16.2666666666667,105.345443013394,114,-1.05730896885453,-3.86318748222224,-0.138998270786345,1.24923460525743,3.35101711249043,-3.79777821897094,-0.298062231088847,0.00322800365331143
16.2833333333333,104.754971102007,113,-2.05730896885453,-4.13005322988547,-0.132872026461054,1.24923460525743,3.34126946333226,-4.05946741103078,-0.289790493040829,0.00347448478507685
16.3,104.167515303564,113,-2.05730896885453,-4.44666219772793,-0.127137947270293,1.24923460525743,3.33162884696868,-4.31643234461451,-0.281792958563605,0.00369581113210735
16.3166666666667,103.583127016593,112,-3.05730896885453,-4.7168226773593,-0.125473546195587,1.24923460525743,3.32209435045115,-4.58980365613925,-0.277026406698833,0.0037509752016817
16.3333333333333,103.001853509983,112,-3.05730896885453,-5.0383217735412,-0.12368243404827,1.24923460525743,3.3126650623736,-4.85811333664882,-0.272169568839389,0.00380776592442104
16.35,102.423738281746,112,-3.05730896885453,-5.31476985440768,-0.125562379903863,1.24923460525743,3.30334007306124,-5.14293112006264,-0.270267551204827,0.00371963413340281
16.3666666666667,101.848821405439,111,-4.05730896885453,-5.5497114166857,-0.12699605517947,1.24923460525743,3.29411847475279,-5.42305656250016,-0.268055966419365,0.00365060738317582
16.3833333333333,101.277139862695,111,-4.05730896885453,-5.84056887777916,-0.125499694001071,1.24923460525743,3.28499936177639,-5.68410751910239,-0.263537853723206,0.00369581643850638
16.4,100.708727860503,111,-4.05730896885453,-6.09060507300322,-0.12609971266347,1.24923460525743,3.27598183071932,-5.95296927255255,-0.260714193578768,0.00365728830247554
16.4166666666667,100.143617132138,110,-5.05730896885453,-6.30303396599062,-0.125538138544889,1.24923460525743,3.26706498059173,-6.21236919678247,-0.256994129954123,0.00366369373672203
16.4333333333333,99.5818372209262,110,-5.05730896885453,-6.57496421898445,-0.121911660729711,1.24923460525743,3.25824791298441,-6.4507719144694,-0.250839953654705,0.00378682328660352
16.45,99.0234157463377,110,-5.05730896885453,-6.80936140969487,-0.120619116654202,1.24923460525743,3.24952973222088,-6.69707342816084,-0.246551160426616,0.00381422398476836
16.4666666666667,98.4683786521752,110,-5.05730896885453,-7.00915841050669,-0.118622148470476,1.24923460525743,3.24090954550385,-6.93537077542579,-0.241716556915902,0.00386650392536556
16.4833333333333,97.9167504368846,110,-5.05730896885453,-7.17713922956014,-0.114126995430036,1.24923460525743,3.23238646305627,-7.15501172085617,-0.234891794762861,0.00401193232652125
16.5,97.3685543662248,110,-5.05730896885453,-7.31594149755995,-0.106233316019012,1.24923460525743,3.22395959825705,-7.34931728839879,-0.22533183833156,0.00428183833890523
16.5166666666667,96.823812668717,111,-4.05730896885453,-7.42805940560048,-0.0946650907167147,1.24923460525743,3.21562806777157,-7.51457520720787,-0.212784994913055,0.00468230441205692
16.5333333333333,96.2825467144303,111,-4.05730896885453,-7.42178767602109,-0.0795664576823615,1.24923460525743,3.20739099167719,-7.64925123703006,-0.19733580067484,0.005202944474308
16.55,95.7447771777742,111,-4.05730896885453,-7.39926589826174,-0.0550171854280019,1.24923460525743,3.19924749358383,-7.71728169130095,-0.174209801516747,0.00606759082869442
16.5666666666667,95.2105241850413,112,-3.05730896885453,-7.3623754593121,-0.0243649286042838,1.24923460525743,3.19119670074975,-7.73172719505862,-0.146008086949786,0.00713448155324273
16.5833333333333,94.6798074474965,112,-3.05730896885453,-7.21880429635544,0.00976140797147654,1.24923460525743,3.18323774419264,-7.70349645875844,-0.114793613967976,0.00829459263846244
16.6,94.152646380839,113,-2.05730896885453,-7.07009356957395,0.051656825640166,1.24923460525743,3.17536975879625,-7.60558331446641,-0.0771065435900977,0.0097098185517966
16.6166666666667,93.6290602118699,113,-2.05730896885453,-6.8234772793827,0.0969885309257918,1.24923460525743,3.16759188341247,-7.45747695052264,-0.0363647804041361,0.0112034005562841
16.6333333333333,93.1090680731971,114,-1.05730896885453,-6.58004882278712,0.148942705654638,1.24923460525743,3.15990326095918,-7.23839592505879,0.00999624611981413,0.0128948851924076
16.65,92.5926890867928,114,-1.05730896885453,-6.24660214642311,0.202520030237467,1.24923460525743,3.15230303851391,-6.97222677803386,0.0580074226441785,0.0145837640098577
16.6666666666667,92.0799424371898,115,-0.0573089688545281,-5.92379963338436,0.260563280531988,1.24923460525743,3.14479036740331,-6.64117949748441,0.109935603929019,0.0163791765879063
16.6833333333333,91.5708474350775,115,-0.0573089688545281,-5.51801439720401,0.317960545925353,1.24923460525743,3.13736440328877,-6.27106094733667,0.161696974352834,0.0180795150095613
16.7,91.0654235720172,115,-0.0573089688545281,-5.12949913511547,0.377601923464981,1.24923460525743,3.13002430624805,-5.8451951207205,0.215572269826016,0.0197990586478363
16.7166666666667,90.5636905669605,115,-0.0573089688545281,-4.75828858256641,0.434528810136108,1.24923460525743,3.12276924085322,-5.38990490008583,0.267578482432426,0.0213452731103914
16.7333333333333,90.0656684052141,114,-1.05730896885453,-4.40432834402102,0.485518597084594,1.24923460525743,3.11559837624486,-4.92468875076145,0.315075848944013,0.0225995484157003
16.75,89.5713773704523,114,-1.05730896885453,-4.16154422569104,0.528649259597772,1.24923460525743,3.10851088620273,-4.46370090116738,0.356438729344877,0.0234977944096505
16.7666666666667,89.0808380703407,113,-2.05730896885453,-3.92981083537497,0.556626077826481,1.24923460525743,3.10150594921293,-4.05303199545182,0.385719430907184,0.0237711344542208
16.7833333333333,88.5940714562932,112,-3.05730896885453,-3.80312655045408,0.571960329692857,1.24923460525743,3.09458274853172,-3.68752979006702,0.404767559605973,0.0235387548525314
16.8,88.1110988378487,111,-4.05730896885453,-3.77552021666631,0.570526706079329,1.24923460525743,3.08774047224598,-3.39856104034784,0.410145826628911,0.0226597842040732
16.8166666666667,87.6319418921178,110,-5.05730896885453,-3.84118253553344,0.550702984292076,1.24923460525743,3.08097831333056,-3.20596995587488,0.400391972525581,0.0210951719151361
16.8333333333333,87.156622668714,109,-6.05730896885453,-3.99447708296468,0.512604843266917,1.24923460525743,3.07429546970238,-3.12094104701152,0.375431902287108,0.0188745358787119
16.85,86.6851635905564,108,-7.05730896885453,-4.22994927485718,0.457504164109335,1.24923460525743,3.06769114427165,-3.14825050018626,0.336130865611965,0.0160712526574452
16.8666666666667,86.2175874508973,106,-9.05730896885453,-4.54233345913276,0.38739211737498,1.24923460525743,3.06116454499004,-3.28802616157504,0.283953964635413,0.0127840105209901
16.8833333333333,85.7539174069039,104,-11.0573089688545,-5.02061765770462,0.304655878017381,1.24923460525743,3.05471488489603,-3.53711389576378,0.22071281006048,0.0091233980875258
16.9,85.2941769700961,102,-13.0573089688545,-5.65406608127515,0.205512479770201,1.24923460525743,3.04834138215746,-3.9262232450632,0.143302972907453,0.00495819852019782
16.9166666666667,84.8383899939213,101,-14.0573089688545,-6.43234724671965,0.0889565740698914,1.24923460525743,3.04204326011137,-4.47269513356258,0.0508166924306489,0.000269207824965087
16.9333333333333,84.3865806587244,99,-16.0573089688545,-7.25148153176334,-0.044143859300175,1.24923460525743,3.03581974730126,-5.18398478744315,-0.0561530222721903,-0.00488965518782711
16.95,83.9387734543517,98,-17.0573089688545,-8.20188598507255,-0.185396087537556,1.24923460525743,3.0296700775117,-6.02428970676289,-0.170962391034656,-0.0101760309841676
16.9666666666667,83.4949931606128,97,-18.0573089688545,-9.18020960341629,-0.334832020544373,1.24923460525743,3.02359348980058,-7.00078954893812,-0.293633001932713,-0.0155847211922551
16.9833333333333,83.0552648258037,95,-20.0573089688545,-10.1834340075241,-0.485038914639677,1.24923460525743,3.0175892285288,-8.07826492808172,-0.418214964024235,-0.0208235488504438
17,82.6196137434843,94,-21.0573089688545,-11.3028061894753,-0.630718089736139,1.24923460525743,3.0116565433878,-9.22897644595914,-0.540378907929412,-0.0256924176360724
17.0166666666667,82.1880654276885,93,-22.0573089688545,-12.4357892575609,-0.774550585611125,1.24923460525743,3.00579468942461,-10.4673005038075,-0.6621444569201,-0.0303063006278256
17.0333333333333,81.7606455867316,92,-23.0573089688545,-13.5801608216974,-0.849950661632697,0.39928394362473,2.98744675146492,-11.7321105716561,-0.697076002641585,-0.0345067244383312
17.05,81.3373803139822,92,-23.0573089688545,-14.763435873041,-0.908585988540813,0.340648616716614,2.9669291938,-12.9710143568908,-0.71414054331805,-0.0383571085697568
17.0666666666667,80.9183014708866,91,-24.0573089688545,-15.917723651449,-0.961336315474402,0.287898289783025,2.94556054756702,-14.2011764261803,-0.725467673236852,-0.042040327297729
17.0833333333333,80.5034608490972,90,-25.0573089688545,-17.1384076943684,-1.0075668594484,0.249234605257427,2.92348583428985,-15.4105027334699,-0.730894434403267,-0.0455116325605937
17.1,80.0929407524593,90,-25.0573089688545,-18.4202487139033,-1.05622849976817,0.249234605257427,2.9013371062941,-16.6293159695982,-0.739204636096923,-0.049004113945354
17.1166666666667,79.6868588822442,89,-26.0573089688545,-19.6623864163007,-1.11148814536281,0.249234605257427,2.87927360536384,-17.8804558183218,-0.754134450492979,-0.052646878625509
17.1333333333333,79.2853697956745,89,-26.0573089688545,-20.9570792827847,-1.16842748978702,0.249234605257427,2.85729836529889,-19.1416322473194,-0.771753836359187,-0.0562435752435376
17.15,78.8886641522226,89,-26.0573089688545,-22.2030053561599,-1.22980107725325,0.249234605257427,2.83541429952053,-20.4312885226018,-0.794234395654419,-0.059900838943074
17.1666666666667,78.4969666607814,89,-26.0573089688545,-23.3993324704625,-1.2903211445366,0.249234605257427,2.81362420417097,-21.7236901291059,-0.817326473026049,-0.063411283863262
17.1833333333333,78.1105335206704,88,-27.0573089688545,-24.5455637394952,-1.34633894226382,0.249234605257427,2.79193076114409,-22.9991758931062,-0.838041857068129,-0.0666382318775383
17.2,77.7296497548989,88,-27.0573089688545,-25.7355628358501,-1.39547630784409,0.0624617302628714,2.77033654104888,-24.2429937690299,-0.854377659609712,-0.0694990131627088
17.2166666666667,77.3546266951029,88,-27.0573089688545,-26.8759752574118,-1.4274687023399,0.0624617302628714,2.74573126158249,-25.4715780551143,-0.84982868354636,-0.0722057517120269
17.2333333333333,76.9858009892984,87,-28.0573089688545,-27.9730293549013,-1.45565159718096,0.0624617302628714,2.72123083543308,-26.6638630540447,-0.843331937192426,-0.0746886497566255
17.25,76.6235360757346,87,-28.0573089688545,-29.1200973450462,-1.47943752048429,0.0624617302628714,2.69683830391387,-27.8154883295261,-0.834341046487883,-0.0769322203801994
17.2666666666667,76.2682229331147,87,-28.0573089688545,-30.2168622073523,-1.50482121448464,0.0624617302628714,2.67255658258627,-28.9591535739187,-0.827585038226985,-0.0791754758328661
17.2833333333333,75.9202795767886,86,-29.0573089688545,-31.263394810144,-1.52889112691312,0.0624617302628714,2.64838846453116,-30.0803946873679,-0.820713672339853,-0.0813053554008305
17.3,75.5801501160971,86,-29.0573089688545,-32.3540654011281,-1.54969471119486,0.0624617302628714,2.62433662354726,-31.1683998422059,-0.812117133957502,-0.0832498825684369
17.3166666666667,75.2483038420399,86,-29.0573089688545,-33.3894752434604,-1.57235036397238,0.0624617302628714,2.60040361727808,-32.2514024763175,-0.805837857225536,-0.0852124378347308
17.3333333333333,74.9252346347078,85,-30.0573089688545,-34.3705379006271,-1.59342584142461,0.0624617302628714,2.57659189026962,-33.31197734282,-0.799114764841534,-0.0870593239641871
17.35,74.6114608911239,85,-30.0573089688545,-35.3923948055827,-1.61069754462869,0.0624617302628714,2.55290377695639,-34.3374668434556,-0.790122182051395,-0.0887082796348714
17.3666666666667,74.3075262611427,85,-30.0573089688545,-36.3563508837485,-1.62918964209289,0.0624617302628714,2.52934150458664,-35.3550934234585,-0.782825739101796,-0.0903596115604289
17.3833333333333,74.0140014015407,84,-31.0573089688545,-37.2639597235074,-1.64548932322549,0.0624617302628714,2.50590719607561,-36.3470112591704,-0.774478101572473,-0.0918810363439529
17.4,73.7314872675772,84,-31.0573089688545,-38.2109429215077,-1.65746686064557,0.0624617302628714,2.48260287279767,-37.3005680975152,-0.763327344703321,-0.0931945494828544
17.4166666666667,73.4606206186526,84,-31.0573089688545,-39.0991293656815,-1.67027774503181,0.0624617302628714,2.45943045731476,-38.2432656700767,-0.753444198708324,-0.0945059918680251
17.4333333333333,73.2020829536614,84,-31.0573089688545,-39.9305439442143,-1.68065897076566,0.0624617302628714,2.43639177604319,-39.1577200815831,-0.742202666254835,-0.0956891359574058
17.45,72.9566150531125,83,-32.0573089688545,-40.7072709492057,-1.68663240941107,0.0624617302628714,2.41348856186,-40.0318440934494,-0.727975157623838,-0.0966718843908265
17.4666666666667,72.7250413439852,83,-32.0573089688545,-41.5254966797324,-1.6871650217455,0.0624617302628714,2.39072245665024,-40.8576579232444,-0.70987458254332,-0.0974212475146241
17.4833333333333,72.5083130830999,83,-32.0573089688545,-42.2874536232528,-1.68823540586969,0.0624617302628714,2.36809501379624,-41.666431039069,-0.692628994380045,-0.0981759229383349
17.5,72.307592431587,82,-33.0573089688545,-42.9955138306835,-1.68718354954797,0.0624617302628714,2.34560770061025,-42.4437953504736,-0.674101695675842,-0.0988328686868422
17.5166666666667,72.124445314358,82,-33.0573089688545,-43.7461161105424,-1.68245845897964,0.0624617302628714,2.32326190071152,-43.1800560505988,-0.653019188020122,-0.0993355476488751
17.5333333333333,71.9613613424914,82,-33.0573089688545,-44.4417128051074,-1.6796464639106,0.0624617302628714,2.30105891634904,-43.9052042120868,-0.633817228332211,-0.0999047757331261
17.55,71.8221389942152,81,-34.0573089688545,-45.0848656386222,-1.67579069396466,0.0624617302628714,2.27899997067099,-44.6039265762198,-0.614138273325245,-0.100423927758919
17.5666666666667,71.7110417377885,81,-34.0573089688545,-45.7721752639966,-1.66911579433997,0.0624617302628714,2.25708620994213,-45.2658368049669,-0.592542244852254,-0.100826151277066
17.5833333333333,71.6319395415904,81,-34.0573089688545,-46.4062302724825,-1.66503788070275,0.0624617302628714,2.23531870571018,-45.9204238019713,-0.573338814913378,-0.101324390577583
17.6,71.5879291154116,81,-34.0573089688545,-46.9897051583115,-1.66047088144723,0.0624617302628714,2.21369845692218,-46.5520142898688,-0.554074964818326,-0.101796006216702
17.6166666666667,71.5812340714545,80,-35.0573089688545,-47.5252325126936,-1.6535400080057,0.0624617302628714,2.19222639199203,-47.1499638615714,-0.533237300528009,-0.102169485445517
17.6333333333333,71.6132470668568,80,-35.0573089688545,-48.1094539592282,-1.64325265951831,0.0624617302628714,2.17090337082004,-47.7074837355065,-0.510001928076937,-0.102409940532298
17.65,71.6846384392065,80,-35.0573089688545,-48.6449722184681,-1.635575221565,0.0624617302628714,2.14973018676574,-48.2568017182061,-0.489116686311649,-0.102752173429575
17.6666666666667,71.7954822370708,80,-35.0573089688545,-49.1344519270192,-1.62779246088672,0.0624617302628714,2.12870756857472,-48.7842965010795,-0.468428493055996,-0.103087693865528
17.6833333333333,71.9453783205904,80,-35.0573089688545,-49.580494493337,-1.61826400810815,0.0624617302628714,2.10783618226061,-49.2808303389039,-0.446618029686399,-0.103353362897396
17.7,72.1335622825063,80,-35.0573089688545,-49.985632155767,-1.6061290536939,0.0624617302628714,2.08711663294302,-49.7406895591065,-0.422975161846537,-0.10351839803158
17.7166666666667,72.3589992572852,80,-35.0573089688545,-50.3523230290594,-1.59107848846387,0.0624617302628714,2.06654946664256,-50.1607444370315,-0.397224842560781,-0.103574434627098
17.7333333333333,72.6204611553211,80,-35.0573089688545,-50.6829470561036,-1.5731806696863,0.0624617302628714,2.04613517203363,-50.5397862632959,-0.369393279442937,-0.103528004393655
17.75,72.916588594562,79,-36.0573089688545,-50.9798027862312,-1.55274963355517,0.0624617302628714,2.02587418215602,-50.878007146644,-0.339706081680639,-0.103394915703174
17.7666666666667,73.2459395236483,79,-36.0573089688545,-51.3391642602927,-1.53024673426405,0.0624617302628714,2.0057668760862,-51.1765944509887,-0.308511687012698,-0.103196121546773
17.7833333333333,73.6070267023704,79,-36.0573089688545,-51.6632385421417,-1.51253992994325,0.0624617302628714,1.98581358056903,-51.4735104804139,-0.281301362633235,-0.103198932685462
17.8,73.9983460975257,79,-36.0573089688545,-51.9542715475413,-1.49740664574218,0.0624617302628714,1.96601457161085,-51.7591236845203,-0.2563453096059,-0.103310395048539
17.8166666666667,74.4183980193862,80,-35.0573089688545,-52.2144274777414,-1.48340234456956,0.0624617302628714,1.94637007603476,-52.026939066227,-0.232512712048036,-0.103470860011317
17.8333333333333,74.8657025510229,80,-35.0573089688545,-52.3517276934008,-1.46965215754432,0.0624617302628714,1.92688027299883,-52.2728558376607,-0.209113715664612,-0.10364477350731
17.85,75.3388105542029,80,-35.0573089688545,-52.4680902294883,-1.44935877988744,0.0624617302628714,1.90754529547873,-52.4584868561775,-0.180700410439679,-0.103569441989946
17.8666666666667,75.8363112900051,80,-35.0573089688545,-52.5652221744682,-1.42512278607414,0.0624617302628714,1.88836523171174,-52.5948177105038,-0.14929398571182,-0.103354133118689
17.8833333333333,76.356837490858,80,-35.0573089688545,-52.6447394887981,-1.39894691721934,0.0624617302628714,1.86934012661237,-52.6909381112385,-0.116465521882641,-0.103081192702142
17.9,76.8990685248051,80,-35.0573089688545,-52.7081689626608,-1.3723484133177,0.0624617302628714,1.85046998314768,-52.754358530922,-0.0834185924780852,-0.102811303738053
17.9166666666667,77.4617321732344,80,-35.0573089688545,-52.756950400204,-1.34645372211416,0.0624617302628714,1.83175476368259,-52.791280449003,-0.0510591392632722,-0.102587898124548
17.9333333333333,78.0436054078736,80,-35.0573089688545,-52.7924389948408,-1.32207613171125,0.0624617302628714,1.81319439129197,-52.8068201982236,-0.0200529423226918,-0.102440754759332
17.95,78.6435144670647,81,-34.0573089688545,-52.815907863081,-1.29977958569505,0.0624617302628714,1.79478875104097,-52.8051952627764,0.00912696046855374,-0.102388940359913
17.9666666666667,79.2603344562033,81,-34.0573089688545,-52.7344913527631,-1.27993100751559,0.0624617302628714,1.77653769123419,-52.7898791894033,0.0361612299638054,-0.102443205305028
17.9833333333333,79.8929886392773,81,-34.0573089688545,-52.6492284891012,-1.25641160474766,0.0624617302628714,1.75844102463443,-52.727636794367,0.0659288525477622,-0.102363738961857
18,80.5404475433079,81,-34.0573089688545,-52.5609588172786,-1.23209703229936,0.0624617302628714,1.74049852965157,-52.6327591501069,0.0961581370070334,-0.102266278889728
18.0166666666667,81.2017279626208,81,-34.0573089688545,-52.4704452504919,-1.20898099479213,0.0624617302628714,1.72270995150237,-52.516239245203,0.125254422177978,-0.102228400012491
18.0333333333333,81.8758919231616,81,-34.0573089688545,-52.3783786556897,-1.18838237102043,0.0624617302628714,1.70507500334174,-52.3864511411546,0.152144438983622,-0.102298845543804
18.05,82.562045646818,81,-34.0573089688545,-52.285382295064,-1.17110957834941,0.0624617302628714,1.68759336736602,-52.2496985642142,0.176152337082606,-0.102504883927797
18.0666666666667,83.25933854055,81,-34.0573089688545,-52.1920161171053,-1.15759036155027,0.0624617302628714,1.67026469588909,-52.1106568457163,0.196901376958917,-0.102858075731481
18.0833333333333,83.9669622239791,81,-34.0573089688545,-52.0987808924447,-1.14797370046043,0.0624617302628714,1.65308861239168,-51.9727279010847,0.214236372405477,-0.103358763730511
18.1,84.684149601053,81,-34.0573089688545,-52.0061221909955,-1.14220930246493,0.0624617302628714,1.63606471254464,-51.8383244395025,0.228162863147928,-0.103999541256982
18.1166666666667,85.4101739758162,81,-34.0573089688545,-51.9144341980679,-1.14010913439692,0.0624617302628714,1.61919256520655,-51.7090967013872,0.2387997350276,-0.104767906072794
18.1333333333333,86.1443482085973,81,-34.0573089688545,-51.8240633681782,-1.14139461680098,0.0624617302628714,1.60247171339645,-51.58611262766,0.246342612558202,-0.105648267802657
18.15,86.886023906648,81,-34.0573089688545,-51.7353119162135,-1.14573242059713,0.0624617302628714,1.58590167524209,-51.4700003885073,0.251035848144979,-0.106623444817537
18.1666666666667,87.6345906420796,81,-34.0573089688545,-51.6484411464526,-1.1527612462491,0.0624617302628714,1.56948194490423,-51.3610605691026,0.253151342412952,-0.10767576016502
18.1833333333333,88.3894751895555,81,-34.0573089688545,-51.5636746206888,-1.16211150716159,0.0624617302628714,1.55321199347762,-51.2593539666103,0.252972766404842,-0.10878782467092
18.2,89.1501407763945,81,-34.0573089688545,-51.4812011673572,-1.17341946442504,0.0624617302628714,1.53709126986905,-51.1647698475515,0.250784031736431,-0.109943077835185
18.2166666666667,89.9160863383468,81,-34.0573089688545,-51.4011777341474,-1.18633705444318,0.0624617302628714,1.52111920165312,-51.077078606365,0.246861079812824,-0.111126142909325
18.2333333333333,90.6868457751732,81,-34.0573089688545,-51.3237320870835,-1.20053840219158,0.0624617302628714,1.50529519590605,-50.9959720207021,0.241466244769741,-0.112323040988569
18.25,91.4619872011886,81,-34.0573089688545,-51.2489653594852,-1.21572381074307,0.0624617302628714,1.48961864001815,-50.921093688332,0.234844594250192,-0.113521299597061
18.2666666666667,92.2411121870369,82,-33.0573089688545,-51.1769544545927,-1.23162185388249,0.0624617302628714,1.47408890248536,-50.8520617310252,0.227221773537483,-0.11470998369003
18.2833333333333,93.0238549900759,82,-33.0573089688545,-51.0136949515869,-1.2479900662004,0.0624617302628714,1.45870533368038,-50.7884854428878,0.218802976969341,-0.115879670914073
18.3,93.8098817718344,82,-33.0573089688545,-50.8591439099242,-1.25828314162495,0.0624617302628714,1.44346726660375,-50.6938837401114,0.214849447707817,-0.116778198723556
18.3166666666667,94.5988898020043,83,-32.0573089688545,-50.7131148599756,-1.265097192851,0.0624617302628714,1.4283740176154,-50.5798216333907,0.213356148374144,-0.117515112480605
18.3333333333333,95.3906066493483,83,-32.0573089688545,-50.4813402616179,-1.27026352436321,0.0624617302628714,1.41342488714712,-50.4550028364057,0.212901745707062,-0.118166585266856
18.35,96.1847893607052,83,-32.0573089688545,-50.26351557865,-1.2686995677241,0.0624617302628714,1.39861916039627,-50.2897854782754,0.217588233024868,-0.118539434906173
18.3666666666667,96.9812236299625,84,-31.0573089688545,-50.0591953936322,-1.26399813505957,0.0624617302628714,1.3839561080013,-50.1007999902015,0.224609655797091,-0.118782098800826
18.3833333333333,97.7797229594358,84,-31.0573089688545,-49.7738568551482,-1.25863570591747,0.0624617302628714,1.36943498669936,-49.9004286248943,0.232015757947443,-0.118994677691311
18.4,98.5801278165489,85,-30.0573089688545,-49.5069446152466,-1.24791332872553,0.0624617302628714,1.35505503996644,-49.6616311338567,0.243583515416972,-0.118996951202137
18.4166666666667,99.3823047890486,85,-30.0573089688545,-49.1637083367352,-1.23561613022189,0.0624617302628714,1.34081549864051,-49.4028100950225,0.256332463333901,-0.118942451341333
18.4333333333333,100.186145742233,86,-29.0573089688545,-48.8433668162335,-1.21794460819252,0.0624617302628714,1.32671558152793,-49.1013936917202,0.273323430398266,-0.118686698751796
18.45,100.991566981815,87,-28.0573089688545,-48.4509464277724,-1.19927421321015,0.0624617302628714,1.31275449599352,-48.7790387925612,0.291098463298233,-0.118405758213244
18.4666666666667,101.79850842611,88,-27.0573089688545,-47.9913867131296,-1.17616529561055,0.0624617302628714,1.29893143853477,-48.4154843720876,0.312420077172073,-0.117967974599114
18.4833333333333,102.60693279123,88,-27.0573089688545,-47.4694202227002,-1.1468526650131,0.0624617302628714,1.28524559534044,-47.997877208544,0.338741209424738,-0.11731105314884
18.5,103.416824792892,89,-26.0573089688545,-46.9836310789318,-1.11074852234099,0.0624617302628714,1.27169614283391,-47.5189253603721,0.370585357789951,-0.116420420985943
18.5166666666667,104.228190368339,90,-25.0573089688545,-46.4384146144946,-1.07439549612437,0.0624617302628714,1.25828224820172,-47.0115405529362,0.402760847630055,-0.115557113157601
18.5333333333333,105.041055921694,91,-24.0573089688545,-45.8380856791488,-1.03573649882219,0.0624617302628714,1.24500306990748,-46.4635765181118,0.43690392855096,-0.114641115842449
18.55,105.855467598607,93,-22.0573089688545,-45.1867608698876,-0.993807675074762,0.0624617302628714,1.23185775819179,-45.8678616125818,0.47379462758237,-0.113637466208882
18.5666666666667,106.671490576382,94,-21.0573089688545,-44.3943004715301,-0.948401559858692,0.300833045398735,1.21884545555765,-45.2209212384066,0.513615002757822,-0.11254166776205
18.5833333333333,107.48920836082,95,-20.0573089688545,-43.5560634708145,-0.914661218426142,0.334573386831285,1.21030409918674,-44.4979804653074,0.532863030330046,-0.111110994370369
18.6,108.3087207883,96,-19.0573089688545,-42.666916740415,-0.875623044470321,0.373611560787106,1.20250634776802,-43.7165194289805,0.555184546640941,-0.109406781870687
18.6166666666667,109.130139781761,98,-17.0573089688545,-41.7294208456805,-0.832078921447658,0.417155683809769,1.19553163758546,-42.8771245359453,0.579818040992548,-0.107452958044822
18.6333333333333,109.953585898754,99,-16.0573089688545,-40.6516968606546,-0.784882801515293,0.464351803742134,1.18944538752526,-41.9817190381455,0.605984404086287,-0.105277540235376
18.65,110.779186489363,101,-14.0573089688545,-39.5355547496686,-0.728776231035043,0.520458374222384,1.1843539930222,-40.9969382195996,0.637691648802118,-0.102663866789164
18.6666666666667,111.607074292662,102,-13.0573089688545,-38.2881962274247,-0.667575403033359,0.581659202224068,1.18036952776258,-39.938077125263,0.671714898060487,-0.0997517918557004
18.6833333333333,112.43738609123,103,-12.0573089688545,-37.0103653411828,-0.597846025898471,0.651388579358956,1.17760559962174,-38.7815394707482,0.71060475972967,-0.0963960470885981
18.7,113.270261198115,105,-10.0573089688545,-35.7022976423438,-0.524399648183666,0.724834957073761,1.17615835574446,-37.5493539292592,0.750385788982331,-0.0927777596889583
18.7166666666667,114.105839627593,106,-9.05730896885453,-34.2698689993507,-0.45029029661385,0.798944308643577,1.17605887919995,-36.2582414338894,0.788617327924319,-0.0890160487678877
18.7333333333333,114.944260580977,107,-8.05730896885453,-32.8129416833839,-0.371209887216657,0.87802471804077,1.17735357386278,-34.8843791267654,0.828690221415658,-0.0849388337754669
18.75,115.785659482767,108,-7.05730896885453,-31.3312128068093,-0.291125551471352,0.958109053786075,1.18008577764542,-33.4486765045424,0.867412709410223,-0.0806998731348953
18.7666666666667,116.63014044766,109,-6.05730896885453,-29.8243282039843,-0.212351724689295,1.03688288056813,1.18424699148297,-31.9663590850435,0.903014488095497,-0.0763934930362251
18.7833333333333,117.477744864596,110,-5.05730896885453,-28.2921072512571,-0.136037889294402,1.11319671596303,1.18980021335003,-30.4480392191418,0.934708215548381,-0.0720711511278632
18.8,118.328453649111,111,-4.05730896885453,-26.7346447539994,-0.062563782465533,1.18667082279189,1.19669592703009,-28.9007979187933,0.962340959578147,-0.0677552058960148
18.8166666666667,119.182193167159,112,-3.05730896885453,-25.1523333772361,0.00815892390390114,1.25739352916133,1.20488230537605,-27.3291577283658,0.986132765783354,-0.0634496664368051
18.8333333333333,120.038840164009,112,-3.05730896885453,-23.5458393040738,0.0764690876017411,1.24923460525743,1.21431111145528,-25.7358913963329,1.00649151895861,-0.0591481179267176
18.85,120.898225747679,113,-2.05730896885453,-22.0127723836928,0.152659534132512,1.24923460525743,1.22292564703996,-24.1173909360804,1.03707492675126,-0.0548448008894152
18.8666666666667,121.760139325993,114,-1.05730896885453,-20.4589168572725,0.225445608113845,1.24923460525743,1.23161199570459,-22.5053999131548,1.06642465054467,-0.0508082423870196
18.8833333333333,122.624334363173,114,-1.05730896885453,-18.8893528119494,0.29650129614533,1.24923460525743,1.24036558347868,-20.8905432452121,1.09578557316631,-0.0469657145035187
18.9,123.491015288321,115,-0.0573089688545281,-17.4027437297925,0.366547323734356,1.24923460525743,1.24918196552255,-19.2679674393007,1.12565844356433,-0.0432837971738274
18.9166666666667,124.361234500939,115,-0.0573089688545281,-15.9033249502719,0.429347344952307,1.24923460525743,1.25805682314742,-17.6721274511071,1.15097548278142,-0.0399985310296478
18.9333333333333,125.235866602586,116,0.942691031145472,-14.4890981961024,0.487394476799424,1.24923460525743,1.26698596089811,-16.0916569649093,1.17360993320831,-0.0370006718774542
18.95,126.115552452503,117,1.94269103114547,-13.0636981074649,0.535849480735407,1.24923460525743,1.2759653036971,-14.5556148180743,1.18958614860514,-0.0344675871814754
18.9666666666667,127.000741485127,117,1.94269103114547,-11.630523724144,0.578293333416773,1.24923460525743,1.28499089404869,-13.0481814402732,1.2016372347474,-0.0322453686009818
18.9833333333333,127.891726496156,118,2.94269103114547,-10.2867014855879,0.617052477211554,1.24923460525743,1.2940588893022,-11.5586634893346,1.21153246690088,-0.0302339078490431
19,128.788672248017,118,2.94269103114547,-8.9350655859372,0.64722130264705,1.24923460525743,1.30316555897277,-10.1162856113773,1.21526975319628,-0.0286155386514523
19.0166666666667,129.691639003833,118,2.94269103114547,-7.67234460542178,0.672376507871692,1.24923460525743,1.31230728211895,-8.70504651909705,1.21560375250596,-0.0272387709321423
19.0333333333333,130.600601899519,119,3.94269103114547,-6.49507973322413,0.688543297596684,1.24923460525743,1.32148054477561,-7.34993815367418,1.2092751616887,-0.0262487101469901
19.05,131.515466899711,119,3.94269103114547,-5.3057081436609,0.693643743246103,1.24923460525743,1.33068193744135,-6.06769990490122,1.19451070631141,-0.025711960538204
19.0666666666667,132.43608394871,120,4.94269103114547,-4.20062582255108,0.69329320686683,1.24923460525743,1.33990815261909,-4.83265441124216,1.17569164392464,-0.0253958658061417
19.0833333333333,133.362257817393,120,4.94269103114547,-3.08204105745198,0.684942194210401,1.24923460525743,1.34915598240898,-3.66236920431703,1.15071436392002,-0.0253909417006783
19.1,134.29375705673,120,4.94269103114547,-2.04615276648453,0.673796997563178,1.24923460525743,1.35842231615237,-2.53186350918212,1.1236727034619,-0.0254852245548025
19.1166666666667,135.230321394571,121,5.94269103114547,-1.08906084844348,0.656951759237109,1.24923460525743,1.36770413812606,-1.45929692757066,1.09221167720006,-0.0257871897409302
19.1333333333333,136.171667851793,121,5.94269103114547,-0.112842108048908,0.632969664553943,1.24923460525743,1.37699852528554,-0.456291126977677,1.05512753680283,-0.0263446888916172
19.15,137.117495804252,121,5.94269103114547,0.786393955999451,0.60778526263446,1.24923460525743,1.38630264505653,0.50658624399183,1.01711641736642,-0.026919471278541
19.1666666666667,138.067491176347,122,6.94269103114547,1.61259894235979,0.578930303691112,1.24923460525743,1.3956137531736,1.41444549091299,0.976198826201777,-0.0276059070166626
19.1833333333333,139.021329918681,122,6.94269103114547,2.46371349909887,0.545189110163037,1.24923460525743,1.4049291915651,2.25800573563953,0.931375922337149,-0.028446631109472
19.2,139.978680895014,122,6.94269103114547,3.24361515844786,0.512559235740682,1.24923460525743,1.41424638628336,3.06831443576218,0.887422598266893,-0.0292044976527419
19.2166666666667,140.939208281312,123,7.94269103114547,3.95621550631526,0.478522875162145,1.24923460525743,1.42356284547928,3.8315346659444,0.842346878176402,-0.0299793181391852
19.2333333333333,141.902573561382,123,7.94269103114547,4.6993912778678,0.441737553854739,1.24923460525743,1.43287615742049,4.5390066699289,0.795073430067562,-0.0308219858028369
19.25,142.868437188517,123,7.94269103114547,5.37693511123026,0.408023899615045,1.65725850487247,1.44218398855203,5.22207152493662,0.750257714299644,-0.031505280162614
19.2666666666667,143.836459870017,124,8.94269103114547,6.00684176607917,0.343777613213167,1.59301221847059,1.45781481607131,5.8484511570587,0.664409553984988,-0.0321186440011875
19.2833333333333,144.806301265929,124,8.94269103114547,6.69711225712035,0.286628680462906,1.53586328572033,1.47241566112398,6.41032656123524,0.587276168891235,-0.0326055549741149
19.3,145.777615029696,124,8.94269103114547,7.34434901730434,0.24392712817661,1.49316173343404,1.48616930513976,6.96214944250527,0.52425178407768,-0.0326536196661968
19.3166666666667,146.750046605889,125,9.94269103114547,7.94658955856921,0.21235481078506,1.46158941604249,1.4992853237833,7.50208866140681,0.472194470307813,-0.0323677293429722
19.3333333333333,147.723234380261,125,9.94269103114547,8.59725239836047,0.188853522303949,1.43808812756138,1.51192016541335,8.02586270538821,0.428290913009631,-0.0318488350025198
19.35,148.696812294417,125,9.94269103114547,9.19673462348899,0.176903228545158,1.42613783380259,1.52423846573691,8.56441563148052,0.394928431135561,-0.0309403139503314
19.3666666666667,149.670412677151,125,9.94269103114547,9.74642811002598,0.171346931629583,1.42058153688701,1.536384985707,9.10056453823108,0.36766771815717,-0.0298278326665009
19.3833333333333,150.643668377169,126,10.9426910311455,10.2484399186657,0.168613876778762,1.41784848203619,1.54843241550868,9.62084672159542,0.343487698596829,-0.0286427736172952
19.4,151.616214544179,126,10.9426910311455,10.7992610805106,0.166402763982735,1.41563736924016,1.5604051181778,10.1154523739123,0.320480914298801,-0.0274719709609449
19.4166666666667,152.587690516801,126,10.9426910311455,11.3014752178399,0.169431489296248,1.41866609455367,1.57235262719009,10.6137817977498,0.302280647833771,-0.0261235847600905
19.4333333333333,153.557741208054,127,11.9426910311455,11.7579296831351,0.173916491698451,1.42315109695588,1.5843265496409,11.099488014125,0.285749726287385,-0.0247400750155159
19.45,154.526017956349,127,11.9426910311455,12.2656782814263,0.177589089329495,1.42682369458692,1.59632878722078,11.5611759140168,0.269061278306488,-0.0234097829791859
19.4666666666667,155.49217906416,128,12.9426910311455,12.7277002387056,0.185332458211368,1.4345670634688,1.60838813657231,12.0275444319885,0.256029764988819,-0.0219369075028534
19.4833333333333,156.455889856083,129,13.9426910311455,13.2411538291179,0.193584084515967,1.44281868977339,1.62053872681761,12.4821035795904,0.243735598698597,-0.0204573456360633
19.5,157.416822140079,130,14.9426910311455,13.8033062602522,0.206364773722538,1.45559937897997,1.63282375610361,12.9496134161715,0.235281856248335,-0.0188078615962957
19.5166666666667,158.374653870292,131,15.9426910311455,14.4116572949643,0.225642807550027,1.47487741280745,1.64533528470349,13.4466782039922,0.232041174525818,-0.0169008404928001
19.5333333333333,159.329069138929,132,16.9426910311455,15.0641335530867,0.252027234431816,1.50126183968924,1.65818604318975,13.9836362451804,0.234267463613485,-0.0147001478141455
19.55,160.27975829966,133,17.9426910311455,15.7591413913813,0.285298588023992,1.53453319328142,1.67149140358399,14.5662677870823,0.241555947854559,-0.0122022253262885
19.5666666666667,161.226417820767,134,18.9426910311455,16.4955359049382,0.324792665227183,1.57402727048461,1.68535892889477,15.1972206676022,0.253169832902074,-0.0094221115357674
19.5833333333333,162.168749346264,135,19.9426910311455,17.2725470142168,0.36966168177747,1.6188962870349,1.69988325627146,15.8771277862549,0.268257961211045,-0.00638368984194539
19.6,163.106458521685,136,20.9426910311455,18.0896900124135,0.41903937957021,1.66827398482764,1.71514449677955,16.6054346967342,0.28598860898723,-0.00311332702532276
19.6166666666667,164.03925414638,138,22.9426910311455,18.9466774676286,0.472135093719423,1.72136969897685,1.73120876614123,17.3809783027648,0.305622345953638,0.00036392458676679
19.6333333333333,164.966847061688,139,23.9426910311455,19.9374010941738,0.528278258085371,1.7775128633428,1.74812984828477,18.2023659232946,0.326543200969442,0.00402629415604687
19.65,165.888948738873,141,25.9426910311455,20.9618282244992,0.592991995220619,1.84222660047805,1.76600633310472,19.1041842893724,0.352978829912621,0.00810031727306009
19.6666666666667,166.805269504916,142,26.9426910311455,22.1143313743035,0.662741051513978,1.91197565677141,1.78494709280859,20.0727401283341,0.38192740010749,0.0124571570756046
19.6833333333333,167.715516337974,144,28.9426910311455,23.2955709276737,0.74121882039803,1.99045342565546,1.80506706417649,21.1333907495704,0.416136036487599,0.017252724407344
19.7,168.619391051972,146,30.9426910311455,24.6006356031313,0.823831959025127,2.07306656428255,1.82646771216666,22.2658815490301,0.451785457092844,0.0223153414068075
19.7166666666667,169.516588696583,147,31.9426910311455,26.0248784550035,0.913758756434922,2.16299336169235,1.84924369686417,23.491170421636,0.491262982881864,0.0277780898597334
19.7333333333333,170.406795774912,149,33.9426910311455,27.469908755707,1.0123101107325,2.26154471598993,1.87352579788352,24.8222362964777,0.535399615932142,0.0337043078847001
19.75,171.289688641834,151,35.9426910311455,29.0317750112195,1.11354043249968,2.3627750377571,1.89940062386181,26.2300851521125,0.579342856964942,0.0398669636331733
19.7666666666667,172.164931632013,152,36.9426910311455,30.7066657387724,1.21999464650968,2.46922925176711,1.92693175782059,27.7298597597352,0.62505076545904,0.0463703793568489
19.7833333333333,173.032174966536,154,38.9426910311455,32.3968420475017,1.33281935147172,2.58205395672914,1.95621249301725,29.3309423399412,0.673309404668925,0.0532669885752303
19.8,173.891052694733,156,40.9426910311455,34.1988098559196,1.44618473159668,2.69541933685411,1.98729171197971,31.0023344928762,0.719442403447062,0.0603299485337943
19.8166666666667,174.741180492647,158,42.9426910311455,36.1090379452254,1.56289652737026,2.81213113262768,2.02019851740488,32.7582517280763,0.765690511703424,0.0676699232397145
19.8333333333333,175.582153182031,159,43.9426910311455,38.1239808777062,1.68441656838801,2.93365117364543,2.05499658827006,34.6078273142524,0.813153864098883,0.0753484383754644
19.85,176.413542765998,161,45.9426910311455,40.1461864083107,1.81128983581407,3.0605244410715,2.09176548571791,36.5561814400242,0.862171801071356,0.0833925959450426
19.8666666666667,177.234896781742,163,47.9426910311455,42.2724057186231,1.93741892915437,3.1866535344118,2.13053328226382,38.5694540653169,0.907900602816671,0.0915626421592248
19.8833333333333,178.04568805092,165,49.9426910311455,44.4992846865482,2.06555841130554,3.31479301656297,2.17130573880659,40.6600608368897,0.952589822018941,0.0999646258458237
19.9,178.845135845456,167,51.9426910311455,46.8233823361727,2.19724681962127,3.4464814248787,2.21412349614357,42.8360988703076,0.997448226043295,0.108660579138132
19.9166666666667,179.632680262824,169,53.9426910311455,49.241345900897,2.33317082055764,3.58240542581507,2.25904496205202,45.1021719550714,1.04297039087341,0.117680924300679
19.9333333333333,180.407787707502,171,55.9426910311455,51.7499947622578,2.47345913263424,3.72269373789166,2.30613467261503,47.4602162871843,1.08919527531758,0.127034747293863
19.95,181.169888233301,173,57.9426910311455,54.3463455741928,2.61790609460134,3.86714069985876,2.35545594959314,49.9102396925239,1.13589940051808,0.136717792751016
19.9666666666667,181.918375464311,175,59.9426910311455,57.0276027808884,2.76613228313657,4.015366888394,2.40706674103223,52.4509349995796,1.18273304431426,0.146718341383842
19.9833333333333,182.652606923015,177,61.9426910311455,59.7911316511318,2.91769299161261,4.16692759687004,2.46101768692509,55.0801589719855,1.22931018941473,0.157021284400026
20,183.371904106838,179,63.9426910311455,62.6344251859317,3.07214586664402,4.32138047190144,2.51735162010741,57.7952832222127,1.27526296013099,0.16761074873456
20.0166666666667,184.075719897437,181,65.9426910311455,65.5550718283557,3.22908995092137,4.4783245561788,2.57610400976927,60.5934512991093,1.32027133253082,0.178471700655575
20.0333333333333,184.765104543553,183,67.9426910311455,68.5507277409494,3.38818223586616,4.63741684112358,2.63730379085974,63.4717351240215,1.36407423688314,0.189590702617312
20.05,185.44262220276,185,69.9426910311455,71.6190952138427,3.54914092862515,4.79837553388258,2.70097431470223,66.4272241617517,1.40646991421825,0.200956157199363
20.0666666666667,186.110038022875,187,71.9426910311455,74.7579073274355,3.71174317956158,4.96097778481901,2.76713442815219,69.4570928684531,1.44731159743548,0.212558347104759
20.0833333333333,186.769382606838,188,72.9426910311455,77.9649182977451,3.87581655407879,5.12505115933622,2.83579937143635,72.5586183865005,1.48649869823018,0.22438920460297
20.1,187.423928955455,190,74.9426910311455,81.1438392035912,4.04122978046854,5.29046438572597,2.90698154761474,75.7291845940266,1.52396772248172,0.236442036839538
20.1166666666667,188.077414668999,192,76.9426910311455,84.3923773782485,4.20182227424757,5.45105687950499,2.98063612116285,78.9302948647797,1.55496814974979,0.248466954308786
20.1333333333333,188.73356095774,194,78.9426910311455,87.7079199797194,4.36064107771823,5.60987568297566,3.05669816716793,82.1719407666604,1.58211747937104,0.26057426613031
20.15,189.395912382346,196,80.9426910311455,91.0875801798835,4.5196915672953,5.76892617255272,3.13514420247494,85.4612883377236,1.6071142836446,0.272837983031543
20.1666666666667,190.067804071219,198,82.9426910311455,94.5284162140772,4.68018195160498,5.9294165568624,3.21597692577284,88.8029530950489,1.63096626467421,0.285303695220462
20.1833333333333,190.752440599748,200,84.9426910311455,98.0275631444104,4.84274458393394,6.09197918919137,3.29921384766245,92.1994277929568,1.65419104488301,0.297995994223777
20.2,191.453209140609,201,85.9426910311455,101.582302335301,5.00762083421881,6.25685543947623,3.38487930332728,95.6515502116696,1.67698041146803,0.310924852515222
20.2166666666667,192.174576517065,202,86.9426910311455,105.0960298014,5.17480600690241,6.42404061215983,3.47299920557308,99.1589438937465,1.69932672785866,0.324090745026692
20.2333333333333,192.924230838751,203,87.9426910311455,108.572239302056,5.3977764658468,5.02767813135018,3.55144396272728,102.70009032616,1.79613166790223,0.337238270277885
20.25,193.716653838269,204,88.9426910311455,111.959946689747,5.67658290771204,5.22284264065586,3.61852802167075,106.349631434939,1.97097406094475,0.35000666341043
20.2666666666667,194.57481592273,205,89.9426910311455,115.215491323636,5.92734807021665,5.39837825440909,3.6883551006122,110.034862761201,2.11908279146863,0.361854150680601
20.2833333333333,195.523681562054,206,90.9426910311455,118.354906912905,6.14072112940305,5.54773939583956,3.76052942566182,113.670690675915,2.23380010475296,0.372381732307399
20.3,196.579106984449,206,90.9426910311455,121.39146518189,6.31436301843238,5.66928871816009,3.83458948665214,117.205561114063,2.31414933400275,0.381462200745771
20.3166666666667,197.744235164913,207,91.9426910311455,124.241568954609,6.45023118226141,5.76439643284042,3.91007331396466,120.611983459343,2.36255546907391,0.389138034751543
20.3333333333333,199.013794201471,207,91.9426910311455,127.013038403167,6.54647710911313,5.83176858163662,3.98651777746791,123.842873322658,2.37839465561204,0.395302662418719
20.35,200.378514235961,207,91.9426910311455,129.617187401307,6.61140804456343,5.87722023645183,4.06350239119647,126.909978323378,2.36903591961823,0.400252638315455
20.3666666666667,201.82579001561,207,91.9426910311455,132.063307672405,6.64632972345993,5.90166541167938,4.14066008326725,129.792330595315,2.33616134855915,0.404013537109073
20.3833333333333,203.342396320233,207,91.9426910311455,134.358970623528,6.65442438985501,5.90733167815593,4.21765119450983,132.481856029792,2.28288464782713,0.406687187087436
20.4,204.915346736203,207,91.9426910311455,136.510286435159,6.63970921683866,5.89703105704449,4.29417905788938,134.978898845554,2.21289574724074,0.408411750646656
20.4166666666667,206.532035391296,207,91.9426910311455,138.522207820306,6.60635572923603,5.87368361572265,4.36999553508386,137.288885224991,2.12991120039085,0.409335272122929
20.4333333333333,208.180302189817,208,92.9426910311455,140.398830342656,6.55828029662983,5.84003081289831,4.44490028348613,139.419954725622,2.03735165356869,0.409599438607683
20.45,209.84844241639,208,92.9426910311455,142.237721121134,6.56008686591021,4.20127369491702,4.50633822099011,141.39740654324,2.01988544810268,0.409324633486452
20.4666666666667,211.525177870385,208,92.9426910311455,143.886570935419,6.62237742917715,4.22930444838714,4.55295937857589,143.368311511474,2.08846948517927,0.408634147873789
20.4833333333333,213.199613352107,208,92.9426910311455,145.302325882593,6.65881922516847,4.24570325658324,4.59951824894598,145.268967792361,2.13461502619031,0.407013080480919
20.5,214.861197957067,209,93.9426910311455,146.504935526561,6.65952378052512,4.24602030649373,4.64578133343134,147.019206230201,2.1507966350203,0.40406987718948
20.5166666666667,216.499678291168,209,93.9426910311455,147.606325792894,6.62148503897576,4.22890287279652,4.69146848135038,148.571254333839,2.135026431061,0.399683453973454
20.5333333333333,218.105056624651,210,94.9426910311455,148.522296373244,6.55231111001059,4.19777460476219,4.73631997963899,149.936958277844,2.09373931563135,0.394150171063379
20.55,219.667577985452,210,94.9426910311455,149.360915523062,6.45303876458279,4.15310204931968,4.78010705764882,151.096464724211,2.02809352637329,0.387508012887838
20.5666666666667,221.17776558309,211,95.9426910311455,150.034634590691,6.33310680951979,4.09913266954133,4.82264302623491,152.079857289388,1.94588124323671,0.380125505904052
20.5833333333333,222.626517492993,211,95.9426910311455,150.648735319264,6.19390794827142,4.03649318197957,4.86378006271447,152.878324647412,1.84843421318667,0.372054857450889
20.6,224.005266239119,212,96.9426910311455,151.113430933918,6.04431706369205,3.96917728391885,4.90341145126147,153.527830632148,1.74298777717949,0.363642668324136
20.6166666666667,225.306188885138,213,97.9426910311455,151.532261448555,5.88464650666005,3.89732553325445,4.94146304190189,154.021891209306,1.62991459333974,0.354898918014998
20.6333333333333,226.522441412421,213,97.9426910311455,151.908182951983,5.72245632838183,3.82433995302925,4.97789271797966,154.396477261518,1.51531668288589,0.346118753098286
20.65,227.648381172998,214,98.9426910311455,152.149785682513,5.5629052668559,3.75254197534258,5.0127059721573,154.679747711375,1.40332144380055,0.337503077666614
20.6666666666667,228.679739138937,214,98.9426910311455,152.359553244622,5.40310929358998,3.68063378737292,5.04591493537616,154.857317008184,1.2916420928205,0.328936565206527
20.6833333333333,229.613712671133,215,99.9426910311455,152.445728260026,5.2479796230221,3.61082543561737,5.07754185562812,154.957767895044,1.18418638107634,0.320610542785069
20.7,230.448964311739,216,100.942691031145,152.510498755743,5.0943416644098,3.54168835424184,5.10761354884698,154.966668787048,1.07841645069881,0.312398410408853
20.7166666666667,231.18553032269,216,100.942691031145,152.555910564947,4.94680864125825,3.47529849382364,5.13616469455132,154.912261610234,0.977986119849851,0.304479924204519
20.7333333333333,231.824656854272,217,101.942691031145,152.489941467759,4.80813078640906,3.41289345914151,5.16325746093323,154.815647226955,0.88502999116695,0.296961720773415
20.75,232.368588288513,217,101.942691031145,152.414647502809,4.67351294791123,3.35231543181748,5.18894441641846,154.656271251331,0.79568607251092,0.28965372447978
20.7666666666667,232.820334613086,218,102.942691031145,152.237943250063,4.5894293541417,2.16712047608577,5.20455074132136,154.468769291253,0.770148431878927,0.282685362579915
20.7833333333333,233.183441703662,218,102.942691031145,152.022507780274,4.55290191656143,2.15981498856971,5.20918709983466,154.306116472102,0.807832761822621,0.275725929971267
20.8,233.461788221638,218,102.942691031145,151.643223461255,4.50731358722085,2.1506973227016,5.21333282010231,154.15067263858,0.835583503424248,0.26857959921321
20.8166666666667,233.659423642695,219,103.942691031145,151.119241587403,4.44152948171176,2.13754050159978,5.216947785064,153.928912974627,0.844599728687223,0.260816168267238
20.8333333333333,233.78043265956,219,103.942691031145,150.562197054919,4.35070206651777,2.11937501856098,5.21996566665819,153.595746157071,0.831080433560317,0.252258480427814
20.85,233.82882430372,219,103.942691031145,149.888142038649,4.2404931943213,2.09733324412169,5.22232257732162,153.163118213104,0.799600399435985,0.243141654442259
20.8666666666667,233.808449137611,219,103.942691031145,149.111754550507,4.11012278458202,2.07125916217383,5.22396189775206,152.60990127304,0.749611289441801,0.233445370247284
20.8833333333333,233.722943329235,220,104.942691031145,148.246344179968,3.96121254207229,2.04147711367189,5.22482857741656,151.928259393528,0.682481842377491,0.223243041843109
20.9,233.5756955155,220,104.942691031145,147.398000772231,3.7967855994358,2.00859172514459,5.22487540386574,151.119574745089,0.600703260539311,0.212661046860752
20.9166666666667,233.369832230529,220,104.942691031145,146.477665983367,3.62682802709699,1.97460021067683,5.22407768458742,150.227398382716,0.512323228870506,0.202094096972534
20.9333333333333,233.108217329006,220,104.942691031145,145.495404142102,3.45238692839648,1.93971199093672,5.22242806592424,149.250928134838,0.418277123094477,0.191581239537593
20.95,232.793462045513,220,104.942691031145,144.460419194655,3.27522080130417,1.90427876551826,5.21992390174162,148.194282724647,0.320067164932501,0.181188415846881
20.9666666666667,232.427942044983,220,104.942691031145,143.381122503549,3.09740661035022,1.86871592732747,5.21656893487724,147.064742148803,0.219449701182387,0.170992650922296
20.9833333333333,232.013818326545,220,104.942691031145,142.265204297893,2.92107204199532,1.83344901365649,5.21237388525807,145.871436080445,0.11822161733792,0.16107142977193
21,231.553060583873,220,104.942691031145,141.119703448935,2.74822238087921,1.79887908143327,5.20735630903723,144.624390083257,0.0180817940878169,0.151495966209145
21.0166666666667,231.047471191683,220,104.942691031145,139.951072355859,2.58063730773916,1.76536206680526,5.2015400014579,143.333852473684,-0.0794518889300793,0.142327324812893
21.0333333333333,230.498708266739,220,104.942691031145,138.765235241004,2.39715584988021,2.32795473770352,5.199619787586,141.99122683959,-0.20344307848508,0.1336357778206
21.05,229.908307571087,220,104.942691031145,137.58831794675,2.21835624386137,2.24749491499504,5.19807540917078,140.606160884319,-0.327826245444031,0.125532448675718
21.0666666666667,229.277698759159,220,104.942691031145,136.441786781351,2.03944628357641,2.16698543286681,5.19865741435164,139.194687809867,-0.460794907918897,0.118148400607003
21.0833333333333,228.608213402944,220,104.942691031145,135.322407990978,1.88268443281593,2.09644260002459,5.19778044569639,137.779186486075,-0.574711178666122,0.111638004705843
21.1,227.901095913981,220,104.942691031145,134.227511006701,1.74945219796264,2.03648809434061,5.19562383674742,136.386723999953,-0.668705867216379,0.106055621041984
21.1166666666667,227.157517888442,220,104.942691031145,133.155307821656,1.63913467872512,1.98684521068373,5.19236936056071,135.033660048891,-0.743501030949539,0.101377181080471
21.1333333333333,226.378592232792,220,104.942691031145,132.104817512643,1.56296132648225,1.77673405294519,5.18553009014627,133.735851557216,-0.783324885960798,0.0975258202178619
21.15,225.565385850414,220,104.942691031145,131.069835849522,1.50481059645234,1.75710818156009,5.17786711307008,132.502034898463,-0.808248721411032,0.0943700377535973
21.1666666666667,224.718931624079,220,104.942691031145,130.045838595576,1.45979619524585,1.7419158211529,5.16975139030451,131.324108801201,-0.822964474480407,0.0917659463663575
21.1833333333333,223.840240228796,220,104.942691031145,129.035473387622,1.42470974239748,1.73007414331658,5.16125485749974,130.193038145396,-0.830065813022237,0.0895826066132351
21.2,222.930309096151,219,103.942691031145,128.041301814417,1.39717938336541,1.72078264714325,5.1524337075731,129.1021899966,-0.831468701857089,0.0877230548474346
21.2166666666667,221.99012788734,219,103.942691031145,126.971671571646,1.37548852053938,1.71346198093947,5.14333256088779,128.046922197627,-0.82855893173297,0.0861168910877885
21.2333333333333,221.020681923229,219,103.942691031145,125.928714316903,1.3521821715451,1.7055960881539,5.13396877672081,126.988130362848,-0.827270561325288,0.0844697421215283
21.25,220.022954664311,218,102.942691031145,124.914141785301,1.32932097620297,1.69788043472593,5.12434626182743,125.936103095943,-0.825948746274678,0.0828622775773342
21.2666666666667,218.997928938853,218,102.942691031145,123.835266277026,1.30835490267807,1.69080438491128,5.11447857219571,124.89916445766,-0.823433461313079,0.0813505754988586
21.2833333333333,217.946587124266,217,101.942691031145,122.793112657758,1.28400438226824,1.68258608427296,5.10436690775947,123.847845776181,-0.82391422020593,0.0797268125470537
21.3,216.869910697157,217,101.942691031145,121.694230795271,1.25974990827788,1.67440019930121,5.09400903497261,122.799349007548,-0.824601462576613,0.0781278670923624
21.3166666666667,215.768879412908,216,100.942691031145,120.638863073716,1.23166282645175,1.66492080918489,5.08339979437796,121.730691509899,-0.828604038067523,0.0763993981782778
21.3333333333333,214.644470570481,216,100.942691031145,119.532802394831,1.20406559753054,1.65560674442398,5.0725366992236,120.663639413255,-0.832462062808483,0.0747113774537487
21.35,213.497658636197,215,99.9426910311455,118.475586272946,1.17350177834236,1.64529145544797,5.06141798701982,119.578270572446,-0.838911601354984,0.0729278004217966
21.3666666666667,212.3294144923,214,98.9426910311455,117.372367992757,1.14450678428687,1.63550564495425,5.05004646125233,118.498266277467,-0.844328109449856,0.0712266755185896
21.3833333333333,211.140704262241,214,98.9426910311455,116.228055399098,1.1136633116056,1.62509597292432,5.03842633441347,117.404771777908,-0.85142208596248,0.0694731707250989
21.4,209.932487964823,213,97.9426910311455,115.141280295449,1.07919777758416,1.61346385519208,5.02654736341443,116.285873330071,-0.861583174244757,0.0675979566863295
21.4166666666667,208.705718146123,212,96.9426910311455,114.016311103242,1.04670379741337,1.60249713688444,5.01441150480015,115.17092055066,-0.870344141220947,0.0658206821285285
21.4333333333333,207.461338858541,211,95.9426910311455,112.857225778396,1.01336650179771,1.59124579961415,5.00202673765735,114.044888921139,-0.879939625144826,0.0640299576266909
21.45,206.200285194751,211,95.9426910311455,111.667839363717,0.977693545425008,1.57920617683837,4.98938902863161,112.898289035159,-0.891541325445136,0.0621671289081768
21.4666666666667,204.923482605515,210,94.9426910311455,110.545722846051,0.939104395964654,1.5661823388955,4.97648856902414,111.725794388815,-0.905590111601293,0.0602097305240892
21.4833333333333,203.631845929881,209,93.9426910311455,109.39415400122,0.903854619165113,1.55428553922565,4.96333289980769,110.561168858578,-0.917097272417861,0.0584030857930563
21.5,202.326278651235,208,92.9426910311455,108.216309226391,0.869419480715085,1.54266367999877,4.94993821256454,109.392147233981,-0.928074381626169,0.0566467145960122
21.5166666666667,201.007672656365,207,91.9426910311455,107.01519695435,0.834348014869609,1.53082706027592,4.93630958273364,108.210774301826,-0.939669069891526,0.0548830538452767
21.5333333333333,199.676909009414,207,91.9426910311455,105.793614658173,0.797944835170997,1.51854098712764,4.92244607802001,107.012379500225,-0.952422510870957,0.0530846179229209
21.55,198.334875563144,206,90.9426910311455,104.648192317481,0.760023328861677,1.50574247874824,4.90834428558336,105.794722090543,-0.966468827876047,0.0512440712380875
21.5666666666667,196.982458381497,205,89.9426910311455,103.48135347582,0.726957957285834,1.4945829158414,4.89401954429288,104.593353315918,-0.976732857853207,0.0496109812895285
21.5833333333333,195.620523813745,204,88.9426910311455,102.295507819628,0.696165207736012,1.48419036286833,4.87949598347221,103.396851709669,-0.985281447441506,0.0480821321870886
21.6,194.249918697802,204,88.9426910311455,101.092979535373,0.666029614368963,1.47401960010695,4.86478596743622,102.197444109701,-0.993401256712642,0.0465931213311017
21.6166666666667,192.871470897883,203,87.9426910311455,99.9700154440093,0.635637065189535,1.46376211475889,4.8498947602506,100.990198608877,-1.00181484414278,0.045107569540216
21.6333333333333,191.485989866763,202,86.9426910311455,98.8287188676282,0.610802064024541,1.45538030186571,4.83484276879474,99.8083892636199,-1.00589912948346,0.0438528193330285
21.65,190.09426753816,201,85.9426910311455,97.6712218803329,0.588522140864682,1.44786082779926,4.81965644718378,98.6387059708262,-1.00805848542425,0.0427091455264838
21.6666666666667,188.69707886437,200,84.9426910311455,96.4995989492218,0.566878174591009,1.44055598918189,4.80434846021103,97.4718345532733,-1.00982356017567,0.0416002928558003
21.6833333333333,187.295181955518,199,83.9426910311455,95.3158054605598,0.54474423330722,1.43308578399861,4.78892292900953,96.3016020008046,-1.01208650298147,0.0404817246214662
21.7,185.889318055477,198,82.9426910311455,94.1216454660983,0.521555689882344,1.42525965059272,4.77337921495337,95.1242375516419,-1.01528865478274,0.0393312613209692
21.7166666666667,184.480211476653,197,81.9426910311455,92.9187595220227,0.49712874472159,1.41701555660096,4.75771454943541,93.9377544632816,-1.01956640206571,0.0381418176089063
21.7333333333333,183.068569567136,196,80.9426910311455,91.7086256708014,0.47152368838108,1.40837385008604,4.74192577623172,92.7414473992838,-1.02486150084255,0.0369159176442872
21.75,181.655083021986,195,79.9426910311455,90.4925684209985,0.444944257366696,1.39940329211869,4.72601043012431,91.5354945880432,-1.0310021307182,0.0356616728717443
21.7666666666667,180.24042671149,194,78.9426910311455,89.2717720345569,0.417665960678231,1.39019686698633,4.70996733399243,90.3206510819792,-1.03776049135295,0.0343899298721121
21.7833333333333,178.825260288693,192,76.9426910311455,88.0472955725388,0.389987053777635,1.38085523590738,4.69379685886609,89.0980186185426,-1.04489208928338,0.0331123299953638
21.8,177.410227374628,191,75.9426910311455,86.7260286684274,0.362196751557826,1.37147600890819,4.67750095854712,87.8688780443337,-1.05216110974733,0.0318400607441234
21.8166666666667,175.995496149715,190,74.9426910311455,85.4087463915472,0.328317580031412,1.36004178851803,4.66106414603646,86.5985165315706,-1.06430802867009,0.030338894846335
21.8333333333333,174.581510891596,188,72.9426910311455,84.0959417172592,0.291477953192067,1.34760841445975,4.64446468035919,85.3003661770143,-1.07881601697616,0.0287330470993204
21.85,173.168924881222,187,71.9426910311455,82.6938667625797,0.253885772052267,1.33492105332507,4.62769565832972,83.984912341753,-1.09391357170989,0.0271096039239613
21.8666666666667,171.75837028067,185,69.9426910311455,81.3026540803176,0.210791256149848,1.320376654208,4.61074150746226,82.6241022743476,-1.11336302176364,0.0252825272346065
21.8833333333333,170.350460324723,184,68.9426910311455,79.8281302601414,0.166041559200827,1.30527363148771,4.59358581707473,81.2360110622564,-1.13407929821198,0.0234038874887679
21.9,168.945791382,182,66.9426910311455,78.3699790732016,0.115961948420495,1.28837176284934,4.57621107694203,79.7981538919576,-1.15896670021996,0.0213299757408585
21.9166666666667,167.544945196583,180,64.9426910311455,76.8335915431285,0.0650540725602282,1.2711903547465,4.55860375386766,78.3325536111173,-1.18442108701636,0.0192383652841411
21.9333333333333,166.148490692963,179,63.9426910311455,75.2241906562941,0.00994210825538862,1.25259006679362,4.54076245622161,76.8193954401117,-1.21314111755126,0.0169987405448334
21.95,164.756985586964,177,61.9426910311455,73.6407908668061,-0.049173064996568,1.20006154026086,4.52229582030919,75.2470747633078,-1.24396571691139,0.014548938760254
21.9666666666667,163.370978196873,175,59.9426910311455,71.9869925104528,-0.105347472957045,1.14388713230038,4.50293650016148,73.6475469963061,-1.27068973859635,0.0121117366113033
21.9833333333333,161.991009140925,174,58.9426910311455,70.2651575759872,-0.161650557655998,1.08758404760143,4.4826996919131,72.0074854969367,-1.29582965425828,0.00956927499034734
22,160.617613324893,172,56.9426910311455,68.5716552475003,-0.219961577998416,1.02927302725901,4.46156963037068,70.3175963714054,-1.32089523527868,0.00684794734902812
22.0166666666667,159.251322158063,170,54.9426910311455,66.8088716519459,-0.275215863448369,0.974018741809058,4.4395621675303,68.6078555497542,-1.34193017402869,0.00415062309235691
22.0333333333333,157.892665753342,169,53.9426910311455,64.9794168468279,-0.330927882890706,0.918306722366721,4.41670039627559,66.8624425374619,-1.36182219567039,0.00134342377654907
22.05,156.542175249999,167,51.9426910311455,63.1800943816145,-0.38916801654192,0.860066588715507,4.39296163461199,65.0703869377542,-1.38221397728207,-0.00165573367954525
22.0666666666667,155.200385347082,165,49.9426910311455,61.3136391009604,-0.444914235922526,0.804320369334901,4.3683529444864,63.2606947772128,-1.39916064437636,-0.00464679379679887
22.0833333333333,153.867836321266,163,47.9426910311455,59.382923659544,-0.501637039853421,0.747597565404006,4.34288868907096,61.417071731592,-1.41549314399421,-0.00776300915483378
22.1,152.54507543177,162,46.9426910311455,57.3908768721024,-0.561319884223135,0.687914721034292,4.31653857692749,59.5283988609828,-1.43276604741533,-0.0110840019642113
22.1166666666667,151.232657886848,160,44.9426910311455,55.4343336782055,-0.624901151208242,0.624333454049185,4.28924862393643,57.5877475645516,-1.4516544347568,-0.014650796682456
22.1333333333333,149.931147460501,158,42.9426910311455,53.415896333209,-0.686570296980055,0.562664308277372,4.26101048166061,55.6273692895913,-1.46755331232147,-0.0182340117340932
22.15,148.641117036743,156,40.9426910311455,51.338225953867,-0.749285344777121,0.499949260480306,4.23183384166601,53.633426037129,-1.48287591130607,-0.0219472449988069
22.1666666666667,147.363149214345,155,39.9426910311455,49.2040155643652,-0.814726399355252,0.434508205902175,4.201690452375,51.596552842183,-1.49893943257193,-0.0258579610107453
22.1833333333333,146.097836263685,153,37.9426910311455,47.1098721131747,-0.883678102273436,0.365556502983991,4.17053210889603,49.510994599467,-1.51630814717598,-0.0300005169788794
22.2,144.845779329013,152,36.9426910311455,44.9581937612984,-0.95027671044965,0.298957894807777,4.13835791318224,47.4097243337569,-1.53034935369932,-0.0341426544323525
22.2166666666667,143.607587292593,150,34.9426910311455,42.8455263450675,-1.01813322592115,0.249234605257427,4.1053157468086,45.2791164157734,-1.54435806270931,-0.0383975021461248
22.2333333333333,142.383875290122,149,33.9426910311455,40.6751029901559,-1.08681492300123,0.249234605257427,4.07224647240375,43.1430846339818,-1.56022526553783,-0.0425850724848483
22.25,141.175262664379,148,32.9426910311455,38.5465657069504,-1.16047453768551,0.249234605257427,4.03930661858738,40.9793814246792,-1.58163646407618,-0.0468376516368293
22.2666666666667,139.98236928892,146,30.9426910311455,36.4610010210081,-1.23432652190304,0.249234605257427,4.0065006447611,38.8102436417655,-1.60474169340198,-0.050966856258838
22.2833333333333,138.805810542727,145,29.9426910311455,34.3251057945859,-1.30497491144395,0.249234605257427,3.97383283229791,36.6529472471327,-1.62675719633761,-0.0548447004968389
22.3,137.646191008954,144,28.9426910311455,32.2392601632803,-1.37644863379607,0.249234605257427,3.94130728913315,34.4846133894371,-1.65082120418471,-0.0586342397687781
22.3166666666667,136.504097288062,143,27.9426910311455,30.20345074842,-1.44451444305221,0.249234605257427,3.90892795425358,32.3270855534844,-1.67349006956756,-0.062174055758752
22.3333333333333,135.380090094499,142,26.9426910311455,28.2174188501712,-1.5063850753189,0.249234605257427,3.87669860208669,30.1966391710414,-1.69243945176292,-0.0653643791873337
22.35,134.274695744099,141,25.9426910311455,26.2806884491753,-1.56037596371571,0.249234605257427,3.84462284679216,28.1051038513198,-1.7062057481822,-0.0681516722848438
22.3666666666667,133.188397146652,140,24.9426910311455,24.3925922294578,-1.60563127342256,0.249234605257427,3.81270414645761,26.0607788177716,-1.71397878674458,-0.0705164219835339
22.3833333333333,132.121624466025,139,23.9426910311455,22.5522957098298,-1.64190644366345,0.249234605257427,3.78094580720056,24.0691778325679,-1.71543642327514,-0.0724635386836592
22.4,131.074745683257,138,22.9426910311455,20.7588195708297,-1.6693966680017,0.249234605257427,3.74935098717856,22.133633732216,-1.71061331259565,-0.0740148628224315
22.4166666666667,130.048057384592,137,21.9426910311455,19.0110602636705,-1.68860260932377,0.249234605257427,3.71792270050938,20.2557875594038,-1.69979747355473,-0.0752033705330903
22.4333333333333,129.041776184611,136,20.9426910311455,17.3078089867101,-1.70022619397696,0.249234605257427,3.68666382110307,18.4359829917822,-1.68344939166683,-0.0760687434632618
22.45,128.056031270405,135,19.9426910311455,15.6477691136976,-1.70509061314753,0.249234605257427,3.65557708640781,16.6735831989173,-1.6621393358717,-0.076654028872686
22.4666666666667,127.090858600279,134,18.9426910311455,14.0295721565065,-1.70407972265635,0.249234605257427,3.62466510107127,14.9672242872754,-1.63649933968864,-0.0770031665804083
22.4833333333333,126.146197293861,133,17.9426910311455,12.4517923432818,-1.69809291169629,0.249234605257427,3.59393034051924,13.3150170217944,-1.60718693811738,-0.0771592009622947
22.5,125.221888696731,132,16.9426910311455,10.9129598909402,-1.68801223741917,0.249234605257427,3.56337515445323,11.7147064591249,-1.57485828213352,-0.0771630305003895
22.5166666666667,124.317678485308,130,14.9426910311455,9.41157304880435,-1.67467922144203,0.249234605257427,3.53300177026886,10.1637974230128,-1.54014869103788,-0.0770525756000371
22.5333333333333,123.433222000273,129,13.9426910311455,7.85204963348356,-1.65887919779147,0.249234605257427,3.5028122963964,8.65965233876383,-1.50365906471992,-0.0768622685570311
22.55,122.568092773812,127,11.9426910311455,6.33277751763043,-1.64766298417049,0.249234605257427,3.47280872556545,7.16347328480714,-1.4710235736132,-0.076866977902278
22.5666666666667,121.721793972573,125,9.94269103114547,4.75795707118874,-1.63889625406734,0.249234605257427,3.44299293799501,5.68448778534813,-1.44058146666648,-0.0769773894410924
22.5833333333333,120.893772245763,124,8.94269103114547,3.13171028960094,-1.63749376760948,0.249234605257427,3.4133667045107,4.19298569118167,-1.41630018574293,-0.0773792236183329
22.6,120.083433277962,122,6.94269103114547,1.55202309977762,-1.64612186378671,0.249234605257427,3.38393168959062,2.66899150206222,-1.40039045654671,-0.0781647164733856
22.6166666666667,119.290158224816,120,4.94269103114547,-0.0772933978877676,-1.65951427854044,0.249234605257427,3.35468945434125,1.13599029711071,-1.3887237188469,-0.0791167180488899
22.6333333333333,118.513320170933,118,2.94269103114547,-1.75249326240093,-1.68041265642048,0.249234605257427,3.32564145940496,-0.425065472015503,-1.3835348343823,-0.0803346596065627
22.65,117.752299793982,116,0.942691031145472,-3.47001234553555,-1.71003679928359,0.249234605257427,3.29678906780054,-2.02630403332187,-1.38586233725479,-0.0818556164609607
22.6666666666667,117.006499535101,115,-0.0573089688545281,-5.2264660653831,-1.74854924192094,0.249234605257427,3.26813354769807,-3.67467714438797,-1.3959045116364,-0.0836744507167426
22.6833333333333,116.275355742076,113,-2.05730896885453,-6.92458718247274,-1.79540752689917,0.249234605257427,3.2396760751297,-5.37332628965167,-1.41329094291245,-0.0857589146172252
22.7,115.558348443242,111,-4.05730896885453,-8.66126305324414,-1.84329659538554,0.249234605257427,3.21141773663744,-7.08655336234052,-1.43221059050291,-0.0878166222525849
22.7166666666667,114.855008605417,109,-6.05730896885453,-10.4334247220986,-1.89376874684451,0.249234605257427,3.18335953185949,-8.82477164107493,-1.4538868038733,-0.0899076838820006
22.7333333333333,114.164916635166,107,-8.05730896885453,-12.2381625550125,-1.94747977001574,0.249234605257427,3.15550237605636,-10.5942235274788,-1.47883944078392,-0.0920554640790525
22.75,113.487677277617,106,-9.05730896885453,-14.0727232330748,-2.00447247172213,0.249234605257427,3.1278471025779,-12.3980646465956,-1.50710251492086,-0.0942588275059508
22.7666666666667,112.822915864542,104,-11.0573089688545,-15.8404469482457,-2.06439013765636,0.249234605257427,3.10039446527278,-14.2372098466176,-1.53838900837405,-0.0965012513644777
22.7833333333333,112.17028899972,102,-13.0573089688545,-17.6388042572309,-2.12030357256023,0.249234605257427,3.07314514084131,-16.0748952702779,-1.56713740192094,-0.0985133077396269
22.8,111.529491790624,101,-14.0573089688545,-19.4652849369752,-2.17427209548204,0.249234605257427,3.04609973113307,-17.9213103225999,-1.59492509074754,-0.100381984815071
22.8166666666667,110.90026182851,99,-16.0573089688545,-21.2234541738028,-2.22752139704978,0.249234605257427,3.01925876539039,-19.7830681105694,-1.62268460610069,-0.10215904744843
22.8333333333333,110.282380695702,97,-18.0573089688545,-23.0109902796281,-2.27435343935276,0.249234605257427,2.99262270243879,-21.6280059399712,-1.64581096284809,-0.103627403301569
22.85,109.675673652975,96,-19.0573089688545,-24.8255744008652,-2.31777553001153,0.249234605257427,2.96619193282565,-23.4700147810196,-1.66662515952552,-0.104913603955867
22.8666666666667,109.08000804289,94,-21.0573089688545,-26.5709475488257,-2.35973400449037,0.0624617302628714,2.93996678090809,-25.3186731071211,-1.68663157289775,-0.106098803118214
22.8833333333333,108.495290879349,92,-23.0573089688545,-28.3514429392074,-2.37987852307718,0.0624617302628714,2.91083476236691,-27.1353243404944,-1.68131844188836,-0.106997205792953
22.9,107.921466865604,91,-24.0573089688545,-30.1706002463564,-2.39839869452209,0.0624617302628714,2.8819096312661,-28.9342466512073,-1.675096735595,-0.107808756295902
22.9166666666667,107.358517635977,90,-25.0573089688545,-31.9308726872624,-2.41905099133113,0.0624617302628714,2.85319231285946,-30.7363160721248,-1.67095030186083,-0.108681167882757
22.9333333333333,106.806460040297,89,-26.0573089688545,-33.634841898205,-2.4376481260199,0.0624617302628714,2.82468364840161,-32.5194122096197,-1.66553140225765,-0.109450459229959
22.95,106.265343307382,88,-27.0573089688545,-35.2850859549252,-2.45163579647294,0.0624617302628714,2.7963843976223,-34.2681499729932,-1.65675986137543,-0.110021551230912
22.9666666666667,105.735245813526,87,-28.0573089688545,-36.8841670454447,-2.45965538908104,0.0624617302628714,2.76829524114267,-35.9723354297844,-1.64349096525062,-0.110348961660793
22.9833333333333,105.216271836236,86,-29.0573089688545,-38.4346205641902,-2.4612045916537,0.0624617302628714,2.74041678283472,-37.6257359839606,-1.62525651285447,-0.11042195156585
23,104.708548479744,86,-29.0573089688545,-39.9389455263678,-2.45637614686843,0.0624617302628714,2.71274955212511,-39.2251051338295,-1.60206442752945,-0.110253206333399
23.0166666666667,104.212222860534,86,-29.0573089688545,-41.3055368516745,-2.44565871231845,0.0624617302628714,2.68529400624454,-40.7694129060972,-1.57424506778289,-0.109870310139942
23.0333333333333,103.727459590198,85,-30.0573089688545,-42.5426594614844,-2.42345537780673,0.0624617302628714,2.65805053242391,-42.2231485137433,-1.53725792206068,-0.109065226809779
23.05,103.254438566604,85,-30.0573089688545,-43.7523757758967,-2.38708614597308,0.0624617302628714,2.63101945003828,-43.563884295427,-1.48885033530004,-0.107750033475605
23.0666666666667,102.793353071725,86,-29.0573089688545,-44.8424940877854,-2.34224742456206,0.0624617302628714,2.6042010126998,-44.8151267981128,-1.43346679258511,-0.106163199125115
23.0833333333333,102.344408170289,86,-29.0573089688545,-45.7266078005613,-2.2869024664586,0.0624617302628714,2.57759541030072,-45.9596369852166,-1.36941492516803,-0.104236479743691
23.1,101.907819405283,86,-29.0573089688545,-46.5120100539203,-2.21435437579561,0.0624617302628714,2.55120277100755,-46.9522534254663,-1.29125046003039,-0.101724469697257
23.1166666666667,101.483811793587,87,-28.0573089688545,-47.2055810477916,-2.12813579547159,0.0624617302628714,2.52502316320735,-47.8018635585685,-1.20167183927927,-0.0987853051402397
23.1333333333333,101.072619138162,88,-27.0573089688545,-47.7198449981948,-2.03168746696209,0.0624617302628714,2.49905659740726,-48.518807278425,-1.10334781630141,-0.0955680514987272
23.15,100.674483694422,89,-26.0573089688545,-48.0669513099102,-1.92190312047441,0.0624617302628714,2.47330302808818,-49.0780846522478,-0.993738231002607,-0.0919640192995395
23.1666666666667,100.289656262121,89,-26.0573089688545,-48.2585502312502,-1.79816616754366,0.0624617302628714,2.4477623555137,-49.4668761006308,-0.872273733036051,-0.0879645770127583
23.1833333333333,99.9183968290929,90,-25.0573089688545,-48.3998491283936,-1.66151634366802,0.0624617302628714,2.42243442749517,-49.6812935680009,-0.739713584070757,-0.0836254220818445
23.2,99.5609759871481,90,-25.0573089688545,-48.4015715360832,-1.52035743558364,0.0624617302628714,2.3973190411138,-49.7599425220761,-0.602738510759471,-0.0792843853072535
23.2166666666667,99.217677510539,91,-24.0573089688545,-48.3681257505276,-1.37455232829381,0.0624617302628714,2.3724159444009,-49.6978359113853,-0.461268596603284,-0.0749377709792376
23.2333333333333,98.8888028178488,91,-24.0573089688545,-48.2094486584214,-1.23132715532744,0.0624617302628714,2.34772483797695,-49.5318996672075,-0.321127006045021,-0.0708660006552193
23.25,98.5746787387846,92,-23.0573089688545,-48.029176856329,-1.08940822936454,0.0624617302628714,2.32324537665055,-49.2551003761841,-0.18139237549221,-0.0670115175046715
23.2666666666667,98.2756717089258,92,-23.0573089688545,-47.7364926572218,-0.95495428659807,0.0624617302628714,2.2989771709786,-48.9021124480151,-0.0470863531680856,-0.0636054061316894
23.2833333333333,97.9922159110484,92,-23.0573089688545,-47.4342970656919,-0.82570978577863,0.0624617302628714,2.27491978878513,-48.4635618355231,0.0834593366630041,-0.0605457789148978
23.3,97.7248809517557,92,-23.0573089688545,-47.1251166988854,-0.706947699815558,0.0624617302628714,2.2510727566484,-47.9717842909765,0.205905326790552,-0.0580246436147982
23.3166666666667,97.4745826137188,92,-23.0573089688545,-46.8112373686353,-0.601957660467637,0.0624617302628714,2.22743556134523,-47.451223566939,0.317456507663925,-0.0561504341168044
23.3333333333333,97.2428642603315,92,-23.0573089688545,-46.4947190416017,-0.512541589925428,0.0624617302628714,2.20400765126238,-46.9200991746965,0.416487058123107,-0.0549700885336526
23.35,97.0315939338815,92,-23.0573089688545,-46.1774102834946,-0.439403945931383,0.0624617302628714,2.18078843777203,-46.3917480472692,0.502243814121209,-0.0544862908331761
23.3666666666667,96.8425459223144,92,-23.0573089688545,-45.8609621723473,-0.3824572724361,0.0624617302628714,2.15777729657293,-45.8757011801394,0.574612766645689,-0.0546708426317906
23.3833333333333,96.6771999384121,92,-23.0573089688545,-45.5468416700624,-0.34105972279003,0.0624617302628714,2.13497356899773,-45.3785446705647,0.63393642191427,-0.0554749421838084
23.4,96.5366749275591,92,-23.0573089688545,-45.2363444452974,-0.314198134490669,0.0624617302628714,2.11237656328747,-44.9046057371716,0.680872009805172,-0.0568370016921261
23.4166666666667,96.4217329215302,92,-23.0573089688545,-44.9306071442215,-0.300627695441008,0.948606909816419,2.08998555583376,-44.4564969940224,0.716282381481525,-0.0586885143479085
23.4333333333333,96.3328158529008,91,-24.0573089688545,-44.5998092445921,-0.368465814730832,0.880768790526595,2.08204176741736,-44.0765737141419,0.648104940728035,-0.0609119011464307
23.45,96.2700902585234,91,-24.0573089688545,-44.3141244840171,-0.433933186344378,0.815301418913049,2.07317999179881,-43.76769336474,0.584353056373985,-0.0631697781663036
23.4666666666667,96.2334864378173,91,-24.0573089688545,-43.9854552817855,-0.49568642677868,0.753548178478747,2.06344841933206,-43.5165264195495,0.525922114556423,-0.0654008662695905
23.4833333333333,96.2227389112843,91,-24.0573089688545,-43.6245136265462,-0.547649184584967,0.70158542067246,2.0529610827962,-43.2804632145094,0.477348622851621,-0.0673509169582717
23.5,96.2374276560913,91,-24.0573089688545,-43.2405350122678,-0.587596218563684,0.661638386693743,2.04189931657834,-43.0338421669493,0.43997521138454,-0.0689103292887226
23.5166666666667,96.2770170378559,91,-24.0573089688545,-42.8411065062535,-0.615682890086594,0.633551715170833,2.03046039720657,-42.7633354501525,0.413228914635842,-0.0700619532817682
23.5333333333333,96.3408879910434,91,-24.0573089688545,-42.4322374580785,-0.633372785492638,0.615861819764789,2.01882726121174,-42.4640591186787,0.395536813342728,-0.0708421709751275
23.55,96.4283625441392,91,-24.0573089688545,-42.0185579933732,-0.642701088790826,0.606533516466601,2.00715318677997,-42.1365001895773,0.384942350944332,-0.0713135098659495
23.5666666666667,96.5387231421546,91,-24.0573089688545,-41.6035677429852,-0.645803282070757,0.60343132318667,1.99555644318999,-41.7842254434276,0.379489398826596,-0.0715465912794886
23.5833333333333,96.6712279801036,92,-23.0573089688545,-41.1898862799147,-0.644641751518003,0.604592853739424,1.98412106539956,-41.4122692830641,0.377436113609465,-0.0716091977074113
23.6,96.8251226782023,92,-23.0573089688545,-40.6854187051287,-0.640871711214725,0.608362894042702,1.97290096195191,-41.0260713280832,0.37735123557227,-0.0715604682682306
23.6166666666667,96.999648970668,92,-23.0573089688545,-40.1915833369267,-0.62973758758411,0.619497017673317,1.96198046405689,-40.5948523921816,0.382850197252666,-0.0712042824246896
23.6333333333333,97.194051170892,92,-23.0573089688545,-39.7091401536222,-0.615331445042222,0.633903160215205,1.95144338980644,-40.1356531177421,0.390508844076854,-0.0706927694060522
23.65,97.4075809552195,92,-23.0573089688545,-39.2383420485622,-0.600393356047649,0.648841249209778,1.94131711366183,-39.6618958674156,0.398098350063731,-0.0701311160955012
23.6666666666667,97.6395006267734,93,-22.0573089688545,-38.779225426235,-0.58661600947096,0.662618595786467,1.93159250083678,-39.1836629304675,0.404299035662088,-0.0695872747517321
23.6833333333333,97.8890850211323,93,-22.0573089688545,-38.237727742402,-0.574925593480423,0.674309011777004,1.92223894887349,-38.7081980388148,0.408444198317911,-0.0691013129890879
23.7,98.1556229410214,93,-22.0573089688545,-37.7138231797282,-0.559658218681794,0.689576386575633,1.9132701248085,-38.2044983345688,0.415023417405643,-0.0684492858269559
23.7166666666667,98.4384183737422,94,-21.0573089688545,-37.2072444209008,-0.543993463390915,0.705241141866512,1.90471446426919,-37.6882460406599,0.42145487474591,-0.0677535196282068
23.7333333333333,98.7367912092177,94,-21.0573089688545,-36.6234711072925,-0.529852804868572,0.719381800388855,1.89655843139115,-37.1709886546933,0.426244818604472,-0.0670914058116032
23.75,99.0500773280545,94,-21.0573089688545,-36.0619705188074,-0.512187523406221,0.737047081851206,1.88881949585799,-36.6248358554281,0.433386237255882,-0.0662628314414829
23.7666666666667,99.3776287341982,95,-20.0573089688545,-35.5219829588158,-0.494514764328444,0.754719840928983,1.88152208380053,-36.067576047684,0.440037747903691,-0.0654038793186223
23.7833333333333,99.7188136075701,95,-20.0573089688545,-34.9085440425629,-0.478902600576169,0.770332004681258,1.87464471370345,-35.5120663632876,0.444605795966111,-0.064598595652479
23.8,100.073015991203,96,-19.0573089688545,-34.3207390551333,-0.460326514330212,0.788908090927215,1.86819555928672,-34.931131013307,0.451083280625223,-0.0636488323613819
23.8166666666667,100.439635687998,96,-19.0573089688545,-33.6634300128362,-0.442256692561415,0.806977912696012,1.86218999231469,-34.3428532546364,0.45668436827862,-0.0626897894648235
23.8333333333333,100.818088182875,96,-19.0573089688545,-33.0353718939233,-0.420617801885256,0.828616803372171,1.85665360475706,-33.7241267953316,0.464611745803662,-0.0615588262177459
23.85,101.207804255852,97,-18.0573089688545,-32.4350991836218,-0.399475700756783,0.849758904500644,1.85160645169241,-33.0960234983641,0.471597562885022,-0.0604141479014627
23.8666666666667,101.608229598967,97,-18.0573089688545,-31.7670036342377,-0.38115158461672,0.868083020640707,1.84701614761274,-32.4734824704002,0.475870078399594,-0.0593509827304867
23.8833333333333,102.018824334637,98,-17.0573089688545,-31.1296128013876,-0.360681820730368,0.888552784527059,1.84287745685642,-31.830502487724,0.481401487024607,-0.0581750433268387
23.9,102.439062879666,98,-17.0573089688545,-30.4273213318507,-0.341483282296473,0.907751322960954,1.83919235862327,-31.1856940562188,0.485475372926355,-0.0570208637105374
23.9166666666667,102.868433898641,99,-16.0573089688545,-29.7584999046062,-0.319368767489266,0.929865837768161,1.8359744840939,-30.5160443991622,0.491406819858138,-0.0557226488206457
23.9333333333333,103.306439974314,100,-15.0573089688545,-29.0273095361936,-0.298270967457072,0.950963637800355,1.83323400647071,-29.8424501897536,0.496052483796669,-0.0544343619006426
23.95,103.752597284479,100,-15.0573089688545,-28.237805432048,-0.274318248922518,0.974916356334909,1.83098590492965,-29.1435462167921,0.502474264369524,-0.0530025120038195
23.9666666666667,104.20643517125,101,-14.0573089688545,-27.4878838284929,-0.245552121414627,1.0036824838428,1.82929273628929,-28.4053603798144,0.512115007125944,-0.0513437920932492
23.9833333333333,104.667496039018,101,-14.0573089688545,-26.6810443589811,-0.217355422143045,1.03187918311438,1.82818322916669,-27.655617159959,0.52064319618491,-0.0496673936904845
24,105.135335312584,102,-13.0573089688545,-25.9147042823808,-0.186718335275429,1.062516269982,1.82767189193951,-26.8778194465955,0.530440412932028,-0.0478539873339906
