Tiempo_h,V_mgdL,g_mgdL,g1_mgdL,Kalman_mgdL,u,u_insu,IOB_U,z1,z2,z3
0,119.408256245904,113,-6.40825624590403,-9.40825624590403,-0,1.49969735131815,0,0,0,0
0.0166666666666667,119.408256245897,113,-6.40825624590403,-9.12419106651415,-0.817899175058844,0.681798176259306,0.0246551930477874,-3.61022098196276,-0.50606805799176,-0.0244249758781803
0.0333333333333333,119.408256264861,113,-6.40825624590403,-8.88562942301973,-1.22496424346645,0.49969735131815,0.0335160830860337,-6.10602659231043,-0.73177964995245,-0.0380567824516627
0.05,119.408256816643,113,-6.40825624590403,-8.72338523507615,-1.39631085223722,0.49969735131815,0.0418289362116484,-7.73668032339247,-0.814198560100357,-0.0442698454304468
0.0666666666666667,119.408260392102,114,-5.40825624590403,-8.63624114782955,-1.41450649568001,0.49969735131815,0.0501313444347163,-8.74782798062135,-0.803620288072382,-0.0457097723448501
0.0833333333333333,119.408273008636,114,-5.40825624590403,-8.52188105188017,-1.33877983058925,0.49969735131815,0.0584214725179576,-9.32970190800201,-0.7354945799708,-0.0443125335195877
0.1,119.408305237997,114,-5.40825624590403,-8.47354982872634,-1.20347438659437,0.49969735131815,0.0666975472981613,-9.58941333636836,-0.63037450654268,-0.0412039718166651
0.116666666666667,119.408372772145,114,-5.40825624590403,-8.48429710983214,-1.04207648200614,0.49969735131815,0.0749578561587049,-9.64564811907377,-0.508585922848804,-0.0374445716270581
0.133333333333333,119.408496670986,114,-5.40825624590403,-8.54763815228729,-0.881103491070803,0.618593860247347,0.0839478480803839,-9.5864450343302,-0.387936298467115,-0.0337391204251235
0.15,119.408703386719,114,-5.40825624590403,-8.65340043459982,-0.781581879398096,1.49969735131815,0.103107981270003,-9.49230765579647,-0.325427752581217,-0.0305102840569331
0.166666666666667,119.409024557932,114,-5.40825624590403,-8.76169585730391,-0.726193574162125,1.49969735131815,0.12797451044851,-9.44337840940648,-0.300959562714117,-0.0278613583451986
0.183333333333333,119.409496076046,114,-5.40825624590403,-8.84127135288378,-0.68283166188637,1.49969735131815,0.152811688523516,-9.43410294263491,-0.283061228460959,-0.0256561939961921
0.2,119.410156105963,114,-5.40825624590403,-8.89486159025586,-0.645732360452782,1.49969735131815,0.177613964470563,-9.44368103594011,-0.268292042546379,-0.0237078590341904
0.216666666666667,119.411043292144,114,-5.40825624590403,-8.92503153559297,-0.611124816603856,1.49969735131815,0.2023759744341,-9.4575157801311,-0.254395828205876,-0.0218954351289238
0.233333333333333,119.412195534947,114,-5.40825624590403,-8.9341822912697,-0.57669723356312,1.49969735131815,0.227092537126281,-9.46574227885448,-0.239988121410749,-0.0201457798574279
0.25,119.413649169245,114,-5.40825624590403,-8.92455710640834,-0.541185281908558,1.49969735131815,0.251758649325608,-9.46206554818057,-0.224314055013966,-0.0184195711797086
0.266666666666667,119.415438427907,114,-5.40825624590403,-8.8982475107322,-0.504057472080836,1.49969735131815,0.276369481473416,-9.44284732735818,-0.207062463859138,-0.0167007306657231
0.283333333333333,119.417595111013,114,-5.40825624590403,-8.85719952808364,-0.465277061734743,1.49969735131815,0.300920373366195,-9.40639267831337,-0.188224504766772,-0.0149884991346234
0.3,119.420148404349,114,-5.40825624590403,-8.80321993032269,-0.425124065291044,1.49969735131815,0.325406829941815,-9.35239642487935,-0.167987353143681,-0.0132915825448728
0.316666666666667,119.423124805645,114,-5.40825624590403,-8.73798249640012,-0.384064186251591,1.49969735131815,0.349824517157732,-9.28151701057097,-0.146655388171042,-0.0116239030983067
0.333333333333333,119.426548127557,114,-5.40825624590403,-8.66303424520621,-0.342654137305412,1.49969735131815,0.374169257959309,-9.19505152220734,-0.124592785191188,-0.0100015854624637
0.35,119.430439554162,114,-5.40825624590403,-8.57980161434388,-0.3014749582864,1.49969735131815,0.398437028336416,-9.09469067349457,-0.102182658342857,-0.00844088479424653
0.366666666666667,119.434817733632,114,-5.40825624590403,-8.4895965602736,-0.261086677931243,1.49969735131815,0.422623953466501,-8.98233666495697,-0.079798889383653,-0.00695682518000496
0.383333333333333,119.43969889415,114,-5.40825624590403,-8.39362255833756,-0.221999066624182,1.49969735131815,0.446726303942377,-8.85997019775487,-0.0577875818599431,-0.0055623669238176
0.4,119.445096973593,114,-5.40825624590403,-8.29298048400399,-0.184654355297434,1.49969735131815,0.470740492082987,-8.72955565426797,-0.036455727887631,-0.00426796106421978
0.416666666666667,119.451023756033,114,-5.40825624590403,-8.18867435928894,-0.149418700919225,1.49969735131815,0.49466306832545,-8.59297567980405,-0.0160651962657409,-0.00308138142621288
0.433333333333333,119.457489010101,114,-5.40825624590403,-8.08161695072348,-0.116579903090828,1.49969735131815,0.518490717696727,-8.4519881999394,0.0031694311037674,-0.00200774993501461
0.45,119.464500625737,114,-5.40825624590403,-7.97263520745006,-0.0863494532971627,1.49969735131815,0.542220256363275,-8.30820036320058,0.0210803132046392,-0.00104969107181283
0.466666666666667,119.472064746944,114,-5.40825624590403,-7.86247553006187,-0.0588674562726589,1.49969735131815,0.565848628257086,-8.16305507205771,0.0375439668283523,-0.000207567255004272
0.483333333333333,119.480185899019,114,-5.40825624590403,-7.75180886265499,-0.0342093246405754,1.49969735131815,0.589372901776551,-8.01782670841284,0.0524777079208077,0.000520240587923419
0.5,119.488867109307,114,-5.40825624590403,-7.64123560225389,-0.0123934321601615,1.49969735131815,0.612790266560597,-7.87362341562916,0.0658354123553583,0.00113703325681529
0.516666666666667,119.49811002101,114,-5.40825624590403,-7.53129032130605,0.0066108671745129,1.49969735131815,0.636098030334609,-7.73139390273762,0.0776029605175525,0.00164749278268022
0.533333333333333,119.50791499986,114,-5.40825624590403,-7.42244630033131,0.0228752748796972,1.49969735131815,0.659293615826646,-7.59193721656001,0.0877936282721655,0.00205739386796308
0.55,119.518281233726,114,-5.40825624590403,-7.31511986906375,0.0365049269666033,1.49969735131815,0.682374557752498,-7.45591430768087,0.09644360811332,0.00237333553056311
0.566666666666667,119.529206825338,114,-5.40825624590403,-7.20967455554876,0.0476313038439083,1.49969735131815,0.705338499868186,-7.3238605157727,0.103607783897888,0.00260249791351487
0.583333333333333,119.540688878452,114,-5.40825624590403,-7.10642504366215,0.0564057830700025,1.49969735131815,0.728183192088484,-7.19619833447818,0.109355836741461,0.00275242677794534
0.6,119.552723577796,113,-6.40825624590403,-7.00564094041141,0.0629938907788734,1.49969735131815,0.750906487670125,-7.07324999871497,0.113768725351568,0.00283084642473967
0.616666666666667,119.565306263209,113,-6.40825624590403,-7.00211973622803,0.0675702668467003,1.49969735131815,0.773506340458326,-6.95524957833394,0.116935558814867,0.002845500539012
0.633333333333333,119.578431498359,113,-6.40825624590403,-6.99557138493117,0.0620762250182887,1.49969735131815,0.795980802195353,-6.87864357111533,0.113846636216721,0.00255850614882471
0.65,119.592093134454,113,-6.40825624590403,-6.98635770849246,0.0503139159924758,1.49969735131815,0.818328019889803,-6.83151087953594,0.106781517403489,0.00209410330658701
0.666666666666667,119.606284369329,113,-6.40825624590403,-6.97481426860042,0.0350538002853816,1.49969735131815,0.840546233245375,-6.80477011050745,0.0974139965541508,0.00154138811937602
0.683333333333333,119.620997802281,113,-6.40825624590403,-6.96125157242974,0.0182720937375668,1.49969735131815,0.862633772147878,-6.79157862899296,0.0869494842994824,0.000962619416115779
0.7,119.636225484991,113,-6.40825624590403,-6.94595627057184,0.00133885028969466,1.49969735131815,0.884589054209263,-6.786849404798,0.0762341469654717,0.000399765528214469
0.716666666666667,119.651958968865,113,-6.40825624590403,-6.92919234207822,-0.0148337416888125,1.49969735131815,0.906410582367504,-6.78686375733856,0.0658412341553437,-0.000120362543007158
0.733333333333333,119.668189349092,112,-7.40825624590403,-6.91120226218165,-0.0296750407831225,1.49969735131815,0.928096942541153,-6.78896201738349,0.056139030408871,-0.000582109910282499
0.75,119.684907305677,112,-7.40825624590403,-6.98677752988799,-0.0428652561576968,1.49969735131815,0.949646801337431,-6.79129735987408,0.0473440472054173,-0.000977879898426669
0.766666666666667,119.702103141718,112,-7.40825624590403,-7.05564097593576,-0.0625033162245776,1.49969735131815,0.971058903812743,-6.8289299340997,0.0344581724060984,-0.00155126772328024
0.783333333333333,119.719766819141,112,-7.40825624590403,-7.11818404995156,-0.0849550771002165,1.49969735131815,0.992332071284514,-6.88908243022889,0.0196910437288717,-0.00218739160870006
0.8,119.737887992099,112,-7.40825624590403,-7.1747867224234,-0.107701735093256,1.49969735131815,1.01346519919327,-6.96221702978312,0.0045914752170965,-0.00280871090617155
0.816666666666667,119.756456038224,112,-7.40825624590403,-7.22581686248612,-0.129068998706368,1.49969735131815,1.03445725501393,-7.04133162782053,-0.00979496618325744,-0.00336564165408776
0.833333333333333,119.775460087901,111,-8.40825624590403,-7.271629743064,-0.148014104566069,1.49969735131815,1.05530727621525,-7.12139601792798,-0.0228015944548531,-0.00382922307433645
0.85,119.79488905171,111,-8.40825624590403,-7.40713704300318,-0.163959284427587,1.49969735131815,1.0760143682664,-7.19890178123532,-0.0340429729858944,-0.00418542442358198
0.866666666666667,119.814731646181,111,-8.40825624590403,-7.53218775927819,-0.184900517912122,1.49969735131815,1.09657770268975,-7.30779354624254,-0.0484429645112526,-0.0046762724870582
0.883333333333333,119.834976417979,111,-8.40825624590403,-7.64730422085596,-0.207210001949694,1.49969735131815,1.11699651515882,-7.43459499702596,-0.0637852909427733,-0.00518864547845912
0.9,119.855611766631,111,-8.40825624590403,-7.75300083278008,-0.228449485308278,1.49969735131815,1.13727010364047,-7.5693832187291,-0.0785612237716692,-0.0056489256766369
0.916666666666667,119.876625965903,111,-8.40825624590403,-7.84978240460997,-0.247072822898036,1.49969735131815,1.15739782658037,-7.70500406696695,-0.0917960488876363,-0.00601274271249265
0.933333333333333,119.898007183913,111,-8.40825624590403,-7.93814270811309,-0.2621930553245,1.49969735131815,1.17737910113091,-7.83644500519926,-0.102912646255011,-0.00625699776817149
0.95,119.919743502061,111,-8.40825624590403,-8.01856324635704,-0.273401186838513,1.49969735131815,1.19721340142056,-7.96033568969306,-0.111624884321718,-0.00637370733972672
0.966666666666667,119.941822932859,111,-8.40825624590403,-8.09151221725102,-0.280626238885783,1.49969735131815,1.21690025686388,-8.07455195193367,-0.117854886204422,-0.00636529278368063
0.983333333333333,119.964233436725,111,-8.40825624590403,-8.1574436554732,-0.284028128596733,1.49969735131815,1.23643925051125,-8.17790325955998,-0.121669339571391,-0.00624101355261608
1,119.986962937799,112,-7.40825624590403,-8.21679673759083,-0.283916536942406,1.49969735131815,1.25583001743752,-8.2698873891185,-0.123230936683882,-0.0060143006102399
1.01666666666667,120.009999338856,112,-7.40825624590403,-8.17542585496984,-0.280690252320471,1.49969735131815,1.27507224316878,-8.35049905046799,-0.122761780116874,-0.00570079431180127
1.03333333333333,120.03333053534,113,-6.40825624590403,-8.13421901712045,-0.266554448790664,1.49969735131815,1.29416566214635,-8.38379247339606,-0.115411976762928,-0.00507141650325484
1.05,120.056944428602,113,-6.40825624590403,-7.99879199002343,-0.245586383423499,1.49969735131815,1.31311005622728,-8.38235818671734,-0.103630245381801,-0.00425923618272006
1.06666666666667,120.080828938351,114,-5.40825624590403,-7.86978809563455,-0.212585318380157,1.49969735131815,1.33190525322053,-8.31974968907384,-0.0841525607783654,-0.00311610559569712
1.08333333333333,120.104972014391,114,-5.40825624590403,-7.65257421564942,-0.173395163178917,1.49969735131815,1.35055112545813,-8.21561881590721,-0.0605219309953506,-0.00182846515243021
1.1,120.129361647662,115,-4.40825624590403,-7.44754227403413,-0.123957413850517,1.49969735131815,1.3690475884005,-8.04867194888971,-0.0301953088631507,-0.000281000389535868
1.11666666666667,120.153985880621,116,-3.40825624590403,-7.15980675297124,-0.0707933670308259,1.49969735131815,1.38739459927518,-7.84222982210157,0.00284331737254458,0.00132207182905906
1.13333333333333,120.178832817014,117,-2.40825624590403,-6.79493814681669,-0.0101817351725286,1.49969735131815,1.40559215574845,-7.57752274785501,0.0409027934089283,0.00308909651247329
1.15,120.203890631046,118,-1.40825624590403,-6.35828049560117,0.0595005046400916,1.49969735131815,1.42364029462882,-7.24323095860191,0.0850188460109196,0.00506193927981413
1.16666666666667,120.229147575993,118,-1.40825624590403,-5.85494971127583,0.13842820729991,1.49969735131815,1.44153909060197,-6.83358410162035,0.135339344330142,0.00723773219990526
1.18333333333333,120.254591992283,119,-0.408256245904028,-5.38440259111503,0.225819934257662,1.49969735131815,1.45928865499636,-6.34687239474736,0.191417480491131,0.0095851393848283
1.2,120.280212315058,120,0.591743754095972,-4.85081880173303,0.312067259076531,1.49969735131815,1.4768891345788,-5.82057706107915,0.247328025223054,0.0118108259640701
1.21666666666667,120.30599708126,121,1.59174375409597,-4.25883890455827,0.39910266908907,1.49969735131815,1.49434071037944,-5.24588473180823,0.304221146791892,0.0139759728430606
1.23333333333333,120.331934936249,121,1.59174375409597,-3.61288593910289,0.487704538493944,1.49969735131815,1.5116435965455,-4.61820002235493,0.362548222437229,0.0161051907964714
1.25,120.358014639981,122,2.59174375409597,-3.01173669513783,0.577873223324749,1.49969735131815,1.52879803922304,-3.93601719332596,0.422285207886702,0.0181990329584234
1.26666666666667,120.384225072761,122,2.59174375409597,-2.3589056461932,0.660874671541423,1.49969735131815,1.5458043154663,-3.23633097749738,0.477996717618147,0.0199977404337321
1.28333333333333,120.410555240599,123,3.59174375409597,-1.75295402035467,0.739546123422869,1.49969735131815,1.56266273217391,-2.50936736030077,0.531351507141218,0.0215958310308713
1.3,120.436994280179,123,3.59174375409597,-1.09719397138525,0.79764178859962,1.49969735131815,1.58133423216909,-1.78619795055094,0.568219004021737,0.0228042656882036
1.31666666666667,120.463531463459,123,3.59174375409597,-0.489997204624793,0.804157956540026,2.30385530785818,1.60922729982627,-1.0859203510582,0.554424300018601,0.0238161085885223
1.33333333333333,120.490156182578,124,4.59174375409597,0.0988967485489407,0.801556573160425,2.30125392447858,1.63748202571778,-0.433446132420821,0.534445114672986,0.0246076254590003
1.35,120.516857476985,124,4.59174375409597,0.790843365600425,0.802395858600088,2.30209320991824,1.66405802253864,0.181310408638097,0.520151908862427,0.0252605095106438
1.36666666666667,120.543622659596,124,4.59174375409597,1.48143534313996,0.802467737514987,2.30216508883314,1.69222852170253,0.812178006578903,0.502184823176007,0.0261346800237514
1.38333333333333,120.570436094299,124,4.59174375409597,2.167449441209,0.802302826481419,2.30200017779957,1.72164227460627,1.45160106057777,0.481684307336361,0.0271887655892083
1.4,120.597278463983,124,4.59174375409597,2.84600113284667,0.807712045781171,2.30740939709932,1.75094053944569,2.09292342889381,0.465108846811544,0.0283920912825859
1.41666666666667,120.624126380058,125,5.59174375409597,3.51474234972417,0.817481042825452,2.3171783941436,1.78020338501779,2.73556173631873,0.451570701574137,0.0297149924608463
1.43333333333333,120.650952227914,125,5.59174375409597,4.26654257617133,0.830346539789843,2.33004389110799,1.80949013079765,3.3775801463024,0.44018844100718,0.0311244331428126
1.45,120.677724175142,125,5.59174375409597,4.99972195516859,0.853050359365263,2.35274771068341,1.83891160919439,4.05263634411007,0.4349289210405,0.0328348011037688
1.46666666666667,120.704406264872,125,5.59174375409597,5.71392974762907,0.880581350623644,2.38027870194179,1.86858513097056,4.74563438560313,0.432522042717953,0.0347036015684711
1.48333333333333,120.730958528842,125,5.59174375409597,6.40945466151557,0.909531271432697,2.40922862275085,1.8985584318711,5.44462617348537,0.430797919295147,0.0366310852203598
1.5,120.757337130847,124,4.59174375409597,7.08686214660454,0.937761743569973,2.43745909488812,1.92883355759691,6.140691348963,0.428441442923627,0.038552235448287
1.51666666666667,120.78349451381,124,4.59174375409597,7.65219997540051,0.964078088985999,2.46377544030415,1.95938522727892,6.82753688538713,0.424760852281142,0.0404284599876176
1.53333333333333,120.809379564218,124,4.59174375409597,8.20649295761858,0.980056893245294,2.47975424456344,1.99010250667379,7.4648110637696,0.414748909900069,0.0419944427183001
1.55,120.83493776993,124,4.59174375409597,8.74967774055991,0.989651759784109,2.48934911110226,2.0208454967669,8.06243362721959,0.40105467176304,0.0433588491028575
1.56666666666667,120.860111387752,124,4.59174375409597,9.28117340888798,0.995683452612254,2.4953808039304,2.05153047238693,8.62852567389007,0.385536399239754,0.0446008111059929
1.58333333333333,120.884839600161,123,3.59174375409597,9.80017539008715,1.00003534413453,2.49973269545268,2.08211264780956,9.16929616621067,0.369411379048193,0.0457743313280319
1.6,120.909058706892,123,3.59174375409597,10.2112773438569,1.00386645347157,2.50356380478972,2.11257237639658,9.68919881222684,0.35341036813701,0.0469135409594315
1.61666666666667,120.932702359382,123,3.59174375409597,10.6142030045922,0.999923500511273,2.49962085182942,2.14283320786084,10.1550440375142,0.333176107689208,0.0477922260793963
1.63333333333333,120.955701819374,122,2.59174375409597,11.0078527469262,0.992546549844912,2.49224390116306,2.17280232342998,10.5811700336023,0.311507769901453,0.0485352915357899
1.65,120.977986228744,122,2.59174375409597,11.2963349505797,0.984467486702729,2.48416483802088,2.20244530288378,10.9781426509712,0.290120276386676,0.0492237393973025
1.66666666666667,120.999482881797,122,2.59174375409597,11.5788605235066,0.96934198342527,2.46903933474342,2.23169133824314,11.3171102821654,0.265199699506129,0.0496597536020644
1.68333333333333,121.020117495252,121,1.59174375409597,11.853880947365,0.951950886339934,2.45164823765808,2.26046429497257,11.6153069158123,0.239783697518179,0.0499833001016222
1.7,121.039814499491,121,1.59174375409597,12.0251616278091,0.935159117752267,2.43485646907042,2.28875106945845,11.8850958054819,0.215630022868791,0.050281431706042
1.71666666666667,121.058497375711,121,1.59174375409597,12.1916864322882,0.91257058067469,2.41226793199284,2.31650274602419,12.0986359805578,0.188854077381381,0.0503567666707195
1.73333333333333,121.076088973087,120,0.591743754095972,12.3517870288953,0.888818014375441,2.38851536569359,2.343663353008,12.2736442014768,0.162367373531823,0.0503465876178835
1.75,121.092511811007,120,0.591743754095972,12.4091982140812,0.866581433028336,2.36627878434649,2.37023713853675,12.4226393958655,0.137784255521845,0.0503338711754899
1.76666666666667,121.107688403931,119,-0.408256245904028,12.4629413420859,0.839279938044742,2.33897728936289,2.39618944082589,12.5177553606827,0.111082457900918,0.0501168711391506
1.78333333333333,121.121541577665,119,-0.408256245904028,12.416863869082,0.81138186822594,2.31107921954409,2.42147562718503,12.5766024295371,0.0850536068993289,0.0498288561820034
1.8,121.133994788664,118,-1.40825624590403,12.369865162978,0.799683335005367,1.49969735131815,2.44153194363546,12.5829969281573,0.0793375238652243,0.0492982946991814
1.81666666666667,121.144972440685,118,-1.40825624590403,12.1985277141508,0.795886469276866,1.49969735131815,2.4587187766033,12.5725462381884,0.0837301085794954,0.0486244853344327
1.83333333333333,121.154400653489,118,-1.40825624590403,11.9789159676666,0.783382792930679,1.49969735131815,2.4744501170973,12.5046760399737,0.0849891806558776,0.0475236918289365
1.85,121.162208877081,117,-2.40825624590403,11.7173674024676,0.780053238269458,1.49969735131815,2.4851807443371,12.3912733671236,0.101209125836924,0.0460165534379242
1.86666666666667,121.168331285503,117,-2.40825624590403,11.3251667663829,0.761802836897693,1.49969735131815,2.4957192462538,12.233323132661,0.107472651210322,0.0441028019059335
1.88333333333333,121.172707628405,116,-3.40825624590403,10.90818867134,0.721093843060336,1.49969735131815,2.50606903037586,11.9896597343639,0.0990173613741276,0.0415730574643022
1.9,121.175283703985,116,-3.40825624590403,10.3766154759851,0.663165329124898,1.49969735131815,2.51623344426834,11.671648463667,0.0789472550829571,0.0386064480536766
1.91666666666667,121.176011567104,115,-4.40825624590403,9.8352603136596,0.584503866206281,1.49969735131815,2.52621577658116,11.2543832551799,0.044992900063909,0.0351149819314058
1.93333333333333,121.174849552872,115,-4.40825624590403,9.19328575053643,0.49289212388788,1.49969735131815,2.53601925807907,10.7608854010121,0.00186465335340745,0.0313506581788707
1.95,121.171762170808,115,-4.40825624590403,8.55452729931625,0.38626895175636,1.49969735131815,2.54564706265378,10.1743546069763,-0.0517589776045169,0.0272631592179511
1.96666666666667,121.166719910636,114,-5.40825624590403,7.92178168350268,0.273080565889736,1.49969735131815,2.55510230831847,9.52320546305595,-0.110700028318322,0.0231172295154544
1.98333333333333,121.15969898984,114,-5.40825624590403,7.20294214770258,0.159611843706944,1.49969735131815,2.56438805818503,8.83027057063314,-0.171050612922429,0.0191037190015712
2,121.150681065227,114,-5.40825624590403,6.50064151226543,0.0421795631309049,1.49969735131815,2.57350732142421,8.07747919266276,-0.23503039084889,0.0151095101580993
2.01666666666667,121.139652924747,114,-5.40825624590403,5.81653910881667,-0.0724145699746703,1.49969735131815,2.58246305420925,7.29125727570902,-0.298392149474895,0.0113380130163863
2.03333333333333,121.126606171386,114,-5.40825624590403,5.15202396582981,-0.179481820526725,1.49969735131815,2.59125816064292,6.49200584586083,-0.358146659847363,0.00792228760881539
2.05,121.111536907514,114,-5.40825624590403,4.50823739308344,-0.275967974065462,1.49969735131815,2.59989549366854,5.69527449189473,-0.412285408136683,0.00494178135590194
2.06666666666667,121.094445425539,114,-5.40825624590403,3.8860943277706,-0.360068929632344,1.49969735131815,2.60837785596513,4.91272180846874,-0.459556879853613,0.00243568175664663
2.08333333333333,121.075335908796,114,-5.40825624590403,3.28630347191579,-0.430923230844092,1.49969735131815,2.61670800082699,4.15289985680946,-0.499286769941911,0.000413510962784774
2.1,121.054216145175,114,-5.40825624590403,2.70938625348079,-0.488367396644031,1.49969735131815,2.62488863302795,3.42189344817272,-0.531234147991203,-0.00113652111106762
2.11666666666667,121.03109725497,114,-5.40825624590403,2.15569464581048,-0.532742381298362,1.49969735131815,2.63292240967061,2.72383983367885,-0.555476987364449,-0.00224097980444151
2.13333333333333,121.005993433631,115,-4.40825624590403,1.62542788192164,-0.564741544832195,1.49969735131815,2.64081194102081,2.06135002619263,-0.572321615204063,-0.00293613529305216
2.15,120.978921709603,115,-4.40825624590403,1.21321748266833,-0.585292218856694,1.49969735131815,2.64855979132757,1.43584934556855,-0.582231595007299,-0.00326407198353609
2.16666666666667,120.949901717038,115,-4.40825624590403,0.818523061719383,-0.587226261116665,1.49969735131815,2.65616847962872,0.884140951158258,-0.580668121127277,-0.00302422951898574
2.18333333333333,120.918955482899,115,-4.40825624590403,0.441382148938591,-0.575308309725298,1.49969735131815,2.66364048054256,0.39403541362085,-0.570437765384365,-0.00237906815662321
2.2,120.886107227845,115,-4.40825624590403,0.0817417106298844,-0.553294128884934,1.49969735131815,2.67097822504575,-0.0442757258515792,-0.553766977447011,-0.00145529212233412
2.21666666666667,120.85138318016,115,-4.40825624590403,-0.260531729659775,-0.524132202596047,1.49969735131815,2.67818410123759,-0.438689757279558,-0.53241683178825,-0.000351096635598861
2.23333333333333,120.814811401953,115,-4.40825624590403,-0.585642675872517,-0.49012639951283,1.49969735131815,2.68526045509104,-0.795573184323723,-0.507775733369108,0.000857995382847348
2.25,120.776421626843,116,-3.40825624590403,-0.893857919280621,-0.453066989569732,1.49969735131815,2.69220959119069,-1.12006906464639,-0.480934186516323,0.00211444136160633
2.26666666666667,120.736245108352,116,-3.40825624590403,-1.09092906193705,-0.414335972710227,1.49969735131815,2.6990337734578,-1.41634478094582,-0.452744990290219,0.00337491480767132
2.28333333333333,120.694314478257,116,-3.40825624590403,-1.27770384959514,-0.366753487578523,1.49969735131815,2.70573522586278,-1.65150211164994,-0.418767387194142,0.0048528049618865
2.3,120.650663614178,116,-3.40825624590403,-1.45438308238289,-0.314743319774245,1.49969735131815,2.71231613312527,-1.84032767483579,-0.381696291579736,0.00640795142738357
2.31666666666667,120.605327515749,116,-3.40825624590403,-1.62119543555994,-0.261497505494637,1.49969735131815,2.71877864140196,-1.99422318568834,-0.343500326105916,0.00794190636699315
2.33333333333333,120.558342188731,116,-3.40825624590403,-1.77839329821644,-0.209259386333105,1.49969735131815,2.72512485896245,-2.12191716858358,-0.305585693974812,0.00938803608971503
2.35,120.509744536495,116,-3.40825624590403,-1.92624894818037,-0.159547981531088,1.49969735131815,2.73135685685341,-2.23003707439128,-0.268926481418285,0.0107037156666798
2.36666666666667,120.459572258341,116,-3.40825624590403,-2.06505104537523,-0.113335051284573,1.49969735131815,2.73747666955108,-2.32356779338813,-0.234167840056375,0.0118642052217775
2.38333333333333,120.407863754168,115,-4.40825624590403,-2.19510142623431,-0.0711841247037559,1.49969735131815,2.74348629560239,-2.40621790095828,-0.201707316039927,0.0128578733037581
2.4,120.354658035046,115,-4.40825624590403,-2.41128156324821,-0.033359039761889,1.49969735131815,2.74938769825503,-2.48071112836289,-0.17175861950095,0.0136824957316995
2.41666666666667,120.299994639272,115,-4.40825624590403,-2.61343109695046,-0.00814623042625029,1.49969735131815,2.75518280607639,-2.58530657829954,-0.149505553178466,0.014096896461286
2.43333333333333,120.243913553555,115,-4.40825624590403,-2.80208162597451,0.00817831202898209,1.49969735131815,2.76087351356181,-2.7093903980042,-0.13275005965907,0.0142266372030665
2.45,120.186455138972,115,-4.40825624590403,-2.97777337767176,0.0184101389627375,1.49969735131815,2.76646168173218,-2.84481646143401,-0.119834792444118,0.014165202344
2.46666666666667,120.127660061401,115,-4.40825624590403,-3.14105160727318,0.0246189815885391,1.49969735131815,2.77194913872117,-2.9854082864877,-0.109526536050308,0.0139811566511339
2.48333333333333,120.067569226133,115,-4.40825624590403,-3.29246336429932,0.0283110407792083,1.49969735131815,2.77733768035216,-3.12655453347131,-0.100922594559268,0.0137238523337859
2.5,120.006223716407,115,-4.40825624590403,-3.43255460216726,0.0305584733717583,1.49969735131815,2.78262907070515,-3.26488127982671,-0.0933758905692864,0.0134279603624171
2.51666666666667,119.943664735647,115,-4.40825624590403,-3.56186760787063,0.0321022695888475,1.49969735131815,2.78782504267381,-3.39798718723339,-0.0864352730077823,0.0131170512743096
2.53333333333333,119.879933553156,115,-4.40825624590403,-3.68093872954966,0.0334336004906174,1.49969735131815,2.79292729851272,-3.52423010316008,-0.0797981584882073,0.0128064096938394
2.55,119.815071453089,115,-4.40825624590403,-3.7902963807154,0.0348577928201359,1.49969735131815,2.79793751037519,-3.64255565202508,-0.0732731487464414,0.0125052329862648
2.56666666666667,119.749119686517,115,-4.40825624590403,-3.89045930084149,0.0365443282915281,1.49969735131815,2.80285732084161,-3.75236004013257,-0.0667506944616183,0.0122183366212171
2.58333333333333,119.682119426402,115,-4.40825624590403,-3.98193505298225,0.0385656378435105,1.49969735131815,2.80768834343859,-3.85338068102261,-0.0601802287198999,0.0119474659230231
2.6,119.614111725338,115,-4.40825624590403,-4.06521874001394,0.0409269457675509,1.49969735131815,2.81243216314912,-3.94560939189002,-0.0535524842479166,0.0116922950784595
2.61666666666667,119.545137475907,115,-4.40825624590403,-4.14079192202243,0.0435889948691443,1.49969735131815,2.81709033691373,-4.02922385745647,-0.0468859479359324,0.0114511788504742
2.63333333333333,119.475237373514,115,-4.40825624590403,-4.20912171827218,0.0464851360792062,1.49969735131815,2.82166439412295,-4.10453383864608,-0.040216602926453,0.0112217098202558
2.65,119.404451881582,115,-4.40825624590403,-4.27066007808572,0.049533981016961,1.49969735131815,2.82615583710121,-4.1719392475897,-0.0335902700169511,0.0110011236609536
2.66666666666667,119.332821197112,115,-4.40825624590403,-4.32584320583649,0.0526485829615687,1.49969735131815,2.83056614158221,-4.23189774118456,-0.0270569924324417,0.0107865865286805
2.68333333333333,119.260385203222,115,-4.40825624590403,-4.3750911261098,0.055742921422391,1.49969735131815,2.83489675717609,-4.28489992209309,-0.02066701624784,0.0105753918038238
2.7,119.187183427266,115,-4.40825624590403,-4.41880737591411,0.0587363104630265,1.49969735131815,2.83914910782836,-4.33145059485422,-0.0144680071019484,0.0103650878495331
2.71666666666667,119.113255387829,115,-4.40825624590403,-4.45737881162735,0.0615562248797126,1.49969735131815,2.84332459227088,-4.37205481915869,-0.0085032158458984,0.0101535539439811
2.73333333333333,119.038642172037,115,-4.40825624590403,-4.49117551913817,0.0641399360836846,1.49969735131815,2.84742458446495,-4.40720774349683,-0.00281036431100772,0.00993903789800972
2.75,118.963384879664,115,-4.40825624590403,-4.52055081639013,0.0664352668078448,1.49969735131815,2.85145043403663,-4.43738739961527,0.0025789301326304,0.00972016593268504
2.76666666666667,118.887523819188,115,-4.40825624590403,-4.54584133825661,0.0684007070128674,1.49969735131815,2.85540346670449,-4.46304979923255,0.00763933413708866,0.00949593303228388
2.78333333333333,118.811098537775,115,-4.40825624590403,-4.56736719436499,0.0700050796869802,1.49969735131815,2.85928498469991,-4.48462580565864,0.0123516939742602,0.00926568010037072
2.8,118.734147845986,115,-4.40825624590403,-4.58543219115067,0.0712269022104381,1.49969735131815,2.86309626717997,-4.50251935964016,0.0167027341638855,0.0090290627419385
2.81666666666667,118.656709838157,115,-4.40825624590403,-4.60032411005446,0.072053554608857,1.49969735131815,2.86683857063322,-4.5171067252964,0.0206846261539612,0.00878601530079294
2.83333333333333,118.578821909175,115,-4.40825624590403,-4.6123150343804,0.0724803387203055,1.49969735131815,2.87051312927827,-4.5287364920493,0.024294478135531,0.00853671283918067
2.85,118.500520768304,114,-5.40825624590403,-4.62166171790631,0.0725094907122398,1.49969735131815,2.87412115545548,-4.53773012497743,0.0275337844088739,0.00828153300754479
2.86666666666667,118.421842450578,114,-5.40825624590403,-4.72317536994522,0.0721491924101233,1.49969735131815,2.87766384001178,-4.54438290151109,0.0304078627069595,0.00802101917654587
2.88333333333333,118.342822326216,114,-5.40825624590403,-4.81660327485312,0.0631745086368141,1.49969735131815,2.88114235267878,-4.58525430997957,0.0278210745736285,0.0075103323072188
2.9,118.26349510845,114,-5.40825624590403,-4.90236544231548,0.0492243139408675,1.49969735131815,2.88455784244424,-4.64857882444174,0.0219667204123008,0.00686707665876478
2.91666666666667,118.183894860082,113,-6.40825624590403,-4.98087392155607,0.0329109757095786,1.49969735131815,2.8879114379171,-4.72546498723579,0.0144335119491323,0.00617408951251995
2.93333333333333,118.104054999047,113,-6.40825624590403,-5.14710101907211,0.0160595181483511,1.49969735131815,2.89120424768606,-4.80928719605897,0.00634416061455633,0.00548778771035883
2.95,118.024008303202,113,-6.40825624590403,-5.30095949286599,-0.00834111259432966,1.49969735131815,2.89443736067196,-4.93148538432765,-0.00663876207902397,0.0045992264302822
2.96666666666667,117.943786914544,112,-7.40825624590403,-5.44303791106271,-0.0358910063686815,1.49969735131815,2.89761184647397,-5.07658164793902,-0.0218353516802137,0.00364710322390361
2.98333333333333,117.863422343008,112,-7.40825624590403,-5.66848818093469,-0.0635518539720079,1.49969735131815,2.90072875570972,-5.23306377364187,-0.0373729261886861,0.00272458087931173
3,117.782945469972,112,-7.40825624590403,-5.87740452280697,-0.0975541021723481,1.49969735131815,2.90378912034947,-5.42881450520173,-0.0570976580072744,0.00164523880865363
3.01666666666667,117.702386551596,111,-8.40825624590403,-6.07055773203253,-0.13303872806519,1.49969735131815,2.90679395404449,-5.64583144114258,-0.0780320584115623,0.000559893184079427
3.03333333333333,117.621775222062,111,-8.40825624590403,-6.34328172699651,-0.166743021310594,1.49969735131815,2.90974425244964,-5.870873700145,-0.0981485464274222,-0.000433624633400771
3.05,117.541140496796,110,-9.40825624590403,-6.59585164986794,-0.204840478872878,1.49969735131815,2.91264099354033,-6.13070285605918,-0.121241371618364,-0.00152224643057267
3.06666666666667,117.460510775745,110,-9.40825624590403,-6.92378673690677,-0.242530880292845,1.49969735131815,2.91548513792394,-6.40665375416598,-0.144353405988627,-0.0025591201638614
3.08333333333333,117.379913846724,109,-10.408256245904,-7.22754799193746,-0.284924827935768,1.49969735131815,2.91827762914577,-6.72145295651091,-0.170630427002723,-0.00369804703307672
3.1,117.299376888894,109,-10.408256245904,-7.60284008180391,-0.326518117059758,1.49969735131815,2.92101939398968,-7.05348793344346,-0.196680572065745,-0.00477092747440736
3.11666666666667,117.218926476397,108,-11.408256245904,-7.95030814324547,-0.371985307241434,1.49969735131815,2.92371134277343,-7.42338376112995,-0.225375488318895,-0.00591906807345047
3.13333333333333,117.13858858215,108,-11.408256245904,-8.36583891249255,-0.415582990367745,1.49969735131815,2.92635436963882,-7.80807922619452,-0.253168090196804,-0.00696819876063098
3.15,117.058388581828,107,-12.408256245904,-8.75025685982743,-0.461888163396358,1.49969735131815,2.92894935283688,-8.22724989667416,-0.282861191822128,-0.00805790984880435
3.16666666666667,116.978351258048,106,-13.408256245904,-9.19962473353691,-0.505158982092946,1.49969735131815,2.9314971550079,-8.65726252435719,-0.310900090240722,-0.00901524293444857
3.18333333333333,116.898500804741,106,-13.408256245904,-9.70950857001144,-0.550040695384098,1.49969735131815,2.93399862345668,-9.11750217479981,-0.340121875337973,-0.00998305205851635
3.2,116.818860831736,105,-14.408256245904,-10.1810896109641,-0.59914003283758,1.49969735131815,2.93645459042293,-9.62054061987529,-0.372137559745548,-0.0110383075545135
3.21666666666667,116.739454369532,105,-14.408256245904,-10.7107839564527,-0.645376998400569,1.49969735131815,2.93886587334688,-10.137525098908,-0.402575725592061,-0.0119665007466006
3.23333333333333,116.660303874276,105,-14.408256245904,-11.1999368254174,-0.692533264836986,1.49969735131815,2.94123327513033,-10.6840896425543,-0.433739978689812,-0.0128845683464998
3.25,116.581431232927,104,-15.408256245904,-11.6505520910165,-0.734465063597388,1.49969735131815,2.94355758439306,-11.2339018063436,-0.461814635399393,-0.0136094534270324
3.26666666666667,116.502857768605,104,-15.408256245904,-12.1591747048596,-0.767456780157934,1.49969735131815,2.94583957572479,-11.7683771921732,-0.484442355274992,-0.0140371015967262
3.28333333333333,116.424604246115,103,-16.408256245904,-12.6272652315424,-0.797805784669083,1.49969735131815,2.94808000993268,-12.31118328579,-0.505444814018672,-0.0143657068059594
3.3,116.346690877638,103,-16.408256245904,-13.1514996671569,-0.798558960453154,1.49969735131815,2.94562354015178,-12.8290873543408,-0.498685437960939,-0.0144853543698835
3.31666666666667,116.269137328584,103,-16.408256245904,-13.6334645344207,-0.803716979861766,0.695980371456384,2.94384917228422,-13.345658520135,-0.496209474144145,-0.0146285091615354
3.33333333333333,116.191962742335,102,-17.408256245904,-14.1033367364637,-0.799496261668399,1.49969735131815,2.94066111241508,-13.8429800664305,-0.485219478071982,-0.0146931033907828
3.35,116.11518619125,102,-17.408256245904,-14.6545077677207,-0.799565302335706,1.49969735131815,2.93872271713737,-14.324069220609,-0.479588836618444,-0.014697344802488
3.36666666666667,116.038827568164,102,-17.408256245904,-15.157922945305,-0.792197848548353,0.707499502769797,2.93398222457081,-14.8245236803867,-0.463753551102239,-0.0148898314968974
3.38333333333333,115.96290747987,101,-18.408256245904,-15.6438502003159,-0.755822900861096,0.743874450457054,2.9230404779814,-15.3004307297865,-0.41763366846527,-0.0151304536766528
3.4,115.887447242462,101,-18.408256245904,-16.2324758326049,-0.72493624092969,0.77476111038846,2.91263611995627,-15.7447368797449,-0.376474976878738,-0.0154601773549469
3.41666666666667,115.812469872996,101,-18.408256245904,-16.817669904282,-0.710220039177259,0.789477312140891,2.90258342454647,-16.212619370118,-0.346512794755112,-0.016221020265342
3.43333333333333,115.738000997158,101,-18.408256245904,-17.3953440817953,-0.708169020862882,0.791528330455269,2.89264600268725,-16.7022928964208,-0.3251829549651,-0.0173275896544309
3.45,115.664069338884,101,-18.408256245904,-17.9628913245907,-0.715369579253891,0.78432777206426,2.88264539193653,-17.2091325108253,-0.310079658485666,-0.0186920054337661
3.46666666666667,115.590706900646,101,-18.408256245904,-18.5187976394964,-0.728845217786013,0.770852133532138,2.87245641634858,-17.7274486925144,-0.299157894490608,-0.0202349051369178
3.48333333333333,115.517948977956,100,-19.408256245904,-19.0623090858865,-0.746197732224965,0.753499619093185,2.86199858900978,-18.2515888342355,-0.290804288998716,-0.0218905553572498
3.5,115.445834110959,100,-19.408256245904,-19.6877358834319,-0.765619989758643,0.734077361559507,2.85122630051239,-18.7765436830343,-0.283827505964687,-0.0236081415706651
3.51666666666667,115.374404032171,100,-19.408256245904,-20.2946353029045,-0.79372324749158,0.705974103826571,2.84004785584503,-19.3343887584245,-0.282146524866605,-0.0255964178935262
3.53333333333333,115.30370357243,100,-19.408256245904,-20.883682865541,-0.825607578568466,0.674089772749684,2.82836512137077,-19.9094884827954,-0.282591246326834,-0.0277146425367306
3.55,115.233780549471,100,-19.408256245904,-21.4559999296836,-0.85809602961474,0.641601321703411,2.81614661872704,-20.4900307652011,-0.283160167528027,-0.029868749485248
3.56666666666667,115.164685717492,100,-19.408256245904,-22.012819847655,-0.889320959806305,0.610376391511845,2.80340235189024,-21.0676263569146,-0.282723490960854,-0.0320009852824914
3.58333333333333,115.096472763621,101,-18.408256245904,-22.5552949795952,-0.918348974717443,0.581348376600707,2.79016522244412,-21.6367070569192,-0.280761465206035,-0.034080123766592
3.6,115.029198308964,101,-18.408256245904,-22.989833463258,-0.944869278677081,0.554828072641069,2.77647816326884,-22.1938806002817,-0.277151548548455,-0.0360930988897567
3.61666666666667,114.962921944352,101,-18.408256245904,-23.4176891884984,-0.961065273270458,0.538632078047692,2.76245745415982,-22.7011580297118,-0.267265277885819,-0.0377927484894525
3.63333333333333,114.897706295208,101,-18.408256245904,-23.8389614038912,-0.971275662904968,0.528421688413182,2.74824018222094,-23.1702941235844,-0.253981138215769,-0.0392998353419064
3.65,114.833617152032,101,-18.408256245904,-24.2532061115315,-0.978539965093634,0.521157386224517,2.73390232414649,-23.6107798249256,-0.239276936165528,-0.040700933314839
3.66666666666667,114.77072364714,101,-18.408256245904,-24.6597530073024,-0.984843115114782,0.514854236203368,2.71947832902941,-24.0298130988107,-0.224413745301492,-0.0420541225146136
3.68333333333333,114.709098532684,102,-17.408256245904,-25.0579074684678,-0.99136871807342,0.50832863324473,2.70497652328607,-24.4325427497643,-0.210117702633892,-0.0433953325428119
3.7,114.648818675682,102,-17.408256245904,-25.3524969856351,-0.998728592270642,0.500968759047508,2.69039048313026,-24.822435056838,-0.196740186368587,-0.0447443294500731
3.71666666666667,114.58996584055,102,-17.408256245904,-25.6435451591664,-0.999266725923444,0.500430625394706,2.67577849346797,-25.1654906920481,-0.17964696300801,-0.0458642225815422
3.73333333333333,114.532627967869,103,-16.408256245904,-25.9302766863632,-0.997044185094074,0.502653166224077,2.66122087798598,-25.4754512415053,-0.161446003808746,-0.0468724990220004
3.75,114.476901434174,103,-16.408256245904,-26.1171208485833,-0.99461222631068,0.50508512500747,2.6467433864249,-25.7624923742249,-0.14372804277187,-0.0478453951826352
3.76666666666667,114.422895442743,104,-15.408256245904,-26.3035889045675,-0.985519205866027,0.514178145452124,2.63241055755107,-25.99754957627,-0.122604154664863,-0.0485823452114985
3.78333333333333,114.370741298379,104,-15.408256245904,-26.3938335395054,-0.9744898989157,0.52520745240245,2.61829362775173,-26.1977830458579,-0.101070888141779,-0.0492220003934282
3.8,114.320598963999,105,-14.408256245904,-26.4869066601329,-0.956479746388693,0.543217604929457,2.60447306151224,-26.3394065795809,-0.0761254659428659,-0.049605438716509
3.81666666666667,114.272640384293,106,-13.408256245904,-26.4864650340668,-0.937039919961996,0.562657431356154,2.59101764188333,-26.4433388374413,-0.0512640240801419,-0.0498968484163549
3.83333333333333,114.227031390535,106,-13.408256245904,-26.3965424834027,-0.911539152380594,0.588158198937557,2.57799523205996,-26.4883048649326,-0.0237136033445745,-0.0499511160053184
3.85,114.183922892174,107,-12.408256245904,-26.3154837154556,-0.877780824302303,0.621916527015847,2.56552913188533,-26.4606008661138,0.00771605248557066,-0.0496926281949701
3.86666666666667,114.143447693605,108,-11.408256245904,-26.1460986446113,-0.843055851616869,0.656641499701281,2.5536931597154,-26.3884814510877,0.0384588646568085,-0.0493383940348459
3.88333333333333,114.105720247871,108,-11.408256245904,-25.8916128636039,-0.803666058857955,0.696031292460196,2.54253828629459,-26.2556920285761,0.0707483928824926,-0.0487734140169989
3.9,114.070837873159,109,-10.408256245904,-25.6496938110216,-0.757798030410547,0.741899320907604,2.53216021047761,-26.0517296738345,0.105589568710873,-0.0479363182613715
3.91666666666667,114.038882550467,110,-9.40825624590403,-25.3226397383098,-0.712779232583366,0.786918118734785,2.5226018364201,-25.8067066652145,0.138448024652339,-0.047048036011493
3.93333333333333,114.009922838458,110,-9.40825624590403,-24.9133291839444,-0.664752288828175,0.834945062489975,2.51388436548997,-25.5052947458198,0.171706153971005,-0.0459913785256554
3.95,113.984015686934,111,-8.40825624590403,-24.5192266566088,-0.611653941978058,0.888043409340093,2.50607721129979,-25.1373161062277,0.206566612892165,-0.0446996827882611
3.96666666666667,113.961208049959,112,-7.40825624590403,-24.042542722309,-0.560539248105351,0.939158103212799,2.49920138654935,-24.732854924142,0.238698541213264,-0.0433874831311045
3.98333333333333,113.941538265155,112,-7.40825624590403,-23.4861532583895,-0.50729586912839,0.992401482189761,2.49326061519694,-24.2763765524288,0.270669198397449,-0.0419313185042166
4,113.925037200461,112,-7.40825624590403,-22.9475776147004,-0.449643101384967,1.05005424993318,2.48831077592095,-23.7574335449404,0.30383608000029,-0.0402590345636473
4.01666666666667,113.911729186659,113,-6.40825624590403,-22.4236851802395,-0.392462942553824,1.10723440876433,2.48437949178457,-23.205872225277,0.333904505304796,-0.0385807063146623
4.03333333333333,113.901632761075,113,-6.40825624590403,-21.8169085336551,-0.341550725409855,1.1581466259083,2.48140628424925,-22.6422162375934,0.358719476087499,-0.0370148823028449
4.05,113.894761249556,113,-6.40825624590403,-21.2252328108476,-0.290435542088693,1.20926180922946,2.47934343435063,-22.0434054260053,0.382376495255768,-0.0353705460510958
4.06666666666667,113.891123212744,113,-6.40825624590403,-20.6463922411489,-0.243212295378413,1.25648505593974,2.47815573433652,-21.4295633961842,0.402446705592102,-0.0337766247627804
4.08333333333333,113.890722780506,114,-5.40825624590403,-20.0784328229229,-0.201823591335185,1.29787375998297,2.47775861408318,-20.814096890034,0.417900008892709,-0.0323005960121579
4.1,113.893559912155,114,-5.40825624590403,-19.4253276682622,-0.166805770499115,1.33289158081904,2.47804753204241,-20.2053183511524,0.428598049646129,-0.0309686454671541
4.11666666666667,113.899630625662,114,-5.40825624590403,-18.7866347168116,-0.129971081365958,1.36972626995219,2.47898803506875,-19.5717292231634,0.439655709001974,-0.0295357895034012
4.13333333333333,113.908927118384,114,-5.40825624590403,-18.1614405985683,-0.0946521310973732,1.40504522022078,2.48057841392088,-18.928068808454,0.449045655768458,-0.0281043742145292
4.15,113.921437839301,114,-5.40825624590403,-17.5488548126414,-0.0626400030714591,1.43705734824669,2.48277491319641,-18.284631923028,0.455754017298725,-0.026733337055414
4.16666666666667,113.93714758334,114,-5.40825624590403,-16.9481890578116,-0.0346722753019251,1.46502507601623,2.48551319890553,-17.6482051889914,0.459444755286469,-0.0254511884562024
4.18333333333333,113.956037554989,113,-6.40825624590403,-16.3590261450108,-0.0112157624333115,1.49969735131815,2.4888026999786,-17.0230468832117,0.459790144703737,-0.024266549136179
4.2,113.978085413617,113,-6.40825624590403,-15.8754136050875,0.00923615522923638,1.49969735131815,2.49233636646278,-16.4115945915304,0.458328496307217,-0.0231754857578019
4.21666666666667,114.003265342365,114,-5.40825624590403,-15.397326334408,0.0196474267346217,1.49969735131815,2.49590687496396,-15.8498949783672,0.451089322891446,-0.0224147898743465
4.23333333333333,114.031548116178,114,-5.40825624590403,-14.8319487305853,0.0237589025348968,1.49969735131815,2.49951211046702,-15.3257319969372,0.440299463648125,-0.021861381979401
4.25,114.062901209995,114,-5.40825624590403,-14.2812878323358,0.0323716518392502,1.49969735131815,2.50315001671696,-14.7941300159055,0.432593542839128,-0.0211861179977513
4.26666666666667,114.097288953167,114,-5.40825624590403,-13.7464542947268,0.0435632310096816,1.49969735131815,2.50681859487165,-14.2610760224328,0.426807341819786,-0.0204508993224101
4.28333333333333,114.134672711217,114,-5.40825624590403,-13.2283598834909,0.055817907176171,1.49969735131815,2.51051590218292,-13.7316420384433,0.422012163711067,-0.0197033056418919
4.3,114.175011082,114,-5.40825624590403,-12.7277346360033,0.0679696576797002,1.49969735131815,2.51424005070513,-13.2100656789667,0.417483563213023,-0.0189787910876178
4.31666666666667,114.218260097617,114,-5.40825624590403,-12.2451430492553,0.0791496961710871,1.49969735131815,2.51798920603099,-12.6998322968359,0.412672226774865,-0.0183026708907246
4.33333333333333,114.264373426226,114,-5.40825624590403,-11.7809993210041,0.0887388727553099,1.49969735131815,2.52176158605385,-12.2037559244042,0.407177286576439,-0.0176918950201121
4.35,114.313302569821,114,-5.40825624590403,-11.3355816720908,0.0963250436620173,1.49969735131815,2.52555545975601,-11.7240570755108,0.400722195121846,-0.0171566129820672
4.36666666666667,114.364997055458,114,-5.40825624590403,-10.9090457794011,0.101665326285763,1.49969735131815,2.5293691460226,-11.2624361254215,0.39313317340094,-0.0167015392383059
4.38333333333333,114.419404618314,114,-5.40825624590403,-10.501437350113,0.104653031664068,1.49969735131815,2.5332010124804,-10.8201414835654,0.384320165038367,-0.0163271321182977
4.4,114.476471375754,114,-5.40825624590403,-10.112703868772,0.105288985461674,1.49969735131815,2.53704947436118,-10.398032146453,0.374260174020501,-0.0160306011187288
4.41666666666667,114.536141991984,115,-4.40825624590403,-9.74270554937284,0.103656899915035,1.49969735131815,2.54091299338909,-9.99663449275415,0.362982828407889,-0.0158067584572036
4.43333333333333,114.598359833287,115,-4.40825624590403,-9.29665614398507,0.0999024347525894,1.49969735131815,2.54479007669152,-9.61619338049345,0.350557992095458,-0.0156487309605261
4.45,114.663067114005,115,-4.40825624590403,-8.87475121688226,0.102453683399843,1.49969735131815,2.54867927573309,-9.22042854371447,0.342189462818939,-0.0153030345880946
4.46666666666667,114.730205033634,115,-4.40825624590403,-8.47644071531659,0.107908680305732,1.49969735131815,2.55257918527215,-8.8211655689209,0.335815690701339,-0.0148779111545129
4.48333333333333,114.799713905436,115,-4.40825624590403,-8.10111823158898,0.113912828493546,1.49969735131815,2.55648844233959,-8.42717379564879,0.329995440239165,-0.0144465312092313
4.5,114.871533277065,115,-4.40825624590403,-7.74813012581634,0.118909203535793,1.49969735131815,2.56040572523915,-8.04480707013707,0.323762687645307,-0.0140556687558131
4.51666666666667,114.945602043678,116,-3.40825624590403,-7.41678388820593,0.121940708959231,1.49969735131815,2.5643297525692,-7.67852171689901,0.316511210664997,-0.0137325285522235
4.53333333333333,115.021858554038,116,-3.40825624590403,-7.01178640137397,0.122494171644679,1.49969735131815,2.5682592822652,-7.33129404782434,0.307903256657258,-0.0134900852973093
4.55,115.100240710065,116,-3.40825624590403,-6.63286971947967,0.128616366130555,1.49969735131815,2.57219311066273,-6.96866661601961,0.302901908968735,-0.013085714675759
4.56666666666667,115.180686060291,116,-3.40825624590403,-6.27906120202015,0.136721292359916,1.49969735131815,2.57613007158044,-6.60360736717652,0.299324502807554,-0.0126322399140974
4.58333333333333,115.263131887629,117,-2.40825624590403,-5.94937040262675,0.144406541903484,1.49969735131815,2.58006903542261,-6.24552615829876,0.295692114384335,-0.0122031781687773
4.6,115.347515291849,117,-2.40825624590403,-5.5482265059608,0.150157630466348,1.49969735131815,2.58400890830104,-5.90105444000888,0.29105707539014,-0.0118429371759554
4.61666666666667,115.433773267097,117,-2.40825624590403,-5.17510327158156,0.161354101650542,1.49969735131815,2.58794863117564,-5.53838127944445,0.289971312087742,-0.0113292452451319
4.63333333333333,115.521842774804,118,-1.40825624590403,-4.82878832781821,0.173990827546294,1.49969735131815,2.59188717901355,-5.17234352594413,0.289989506343757,-0.0107871507166082
4.65,115.611660812252,118,-1.40825624590403,-4.41349983957155,0.185427546049039,1.49969735131815,2.59582355996634,-4.81362577249397,0.289479371398556,-0.0102965474442592
4.66666666666667,115.703164477079,118,-1.40825624590403,-4.02851130450383,0.202279728089983,1.49969735131815,2.59975681456487,-4.43339585639637,0.292523000582657,-0.00965860258928981
4.68333333333333,115.796291027956,118,-1.40825624590403,-3.67242066231137,0.220049285399901,1.49969735131815,2.6036860149316,-4.04863473785756,0.296367185997773,-0.00901288016019647
4.7,115.890977941658,119,-0.408256245904028,-3.34383612699434,0.235803291583854,1.49969735131815,2.60761026400981,-3.67152765603558,0.29919223276098,-0.00844729217949327
4.71666666666667,115.987162966725,119,-0.408256245904028,-2.94681254391111,0.247771746913653,1.49969735131815,2.61152869480959,-3.3105407249262,0.299876747453937,-0.00801190938436646
4.73333333333333,116.084784173891,119,-0.408256245904028,-2.58047523834783,0.263271832363286,1.49969735131815,2.61544046967003,-2.93499116099665,0.302917567926951,-0.0074841419549274
4.75,116.183780003459,120,0.591743754095972,-2.2432882057141,0.278366937098935,1.49969735131815,2.61934477953754,-2.56032119904394,0.305895889363151,-0.00698480963918356
4.76666666666667,116.28408930975,120,0.591743754095972,-1.83916967363965,0.290569353506398,1.49969735131815,2.62324084325971,-2.19744133221798,0.307259501532349,-0.00658720507628287
4.78333333333333,116.385651402792,120,0.591743754095972,-1.46711579609863,0.306696399380728,1.49969735131815,2.62712790689467,-1.81747673634356,0.311203178930178,-0.00608464453826547
4.8,116.488406087355,121,1.59174375409597,-1.12546866928929,0.322475805801225,1.49969735131815,2.63100524303534,-1.43718230251257,0.31510358066128,-0.00560839365897861
4.81666666666667,116.592293699472,121,1.59174375409597,-0.718031702566059,0.335206408962139,1.49969735131815,2.63487215014852,-1.06839850801388,0.317276951936501,-0.00523817487621381
4.83333333333333,116.697255140538,121,1.59174375409597,-0.343693107326713,0.35158158282556,1.49969735131815,2.63872795192838,-0.682887390924824,0.321840346527431,-0.00477083429518609
4.85,116.803231909113,122,2.59174375409597,-0.000693696125462856,0.367269365834468,1.49969735131815,2.6425719966641,-0.297818476251611,0.326131651795035,-0.00433912311026126
4.86666666666667,116.91016613051,122,2.59174375409597,0.40725797236778,0.379553793181523,1.49969735131815,2.64640365662136,0.0747195013791422,0.32845583570689,-0.00402285486065228
4.88333333333333,117.018000584274,123,3.59174375409597,0.781362337543844,0.39514363807147,1.49969735131815,2.65022232743736,0.462838864377561,0.332937428899693,-0.00361806014952545
4.9,117.126678729638,123,3.59174375409597,1.21803065703523,0.40974152141628,1.49969735131815,2.65402742752923,0.849332999401368,0.336933953067061,-0.00325612922339973
4.91666666666667,117.236144729043,123,3.59174375409597,1.61858190832359,0.428915208068901,1.49969735131815,2.65781839751538,1.25842751031126,0.343881481232287,-0.00276971845130257
4.93333333333333,117.346343469799,123,3.59174375409597,1.98497478303754,0.447564507222324,1.49969735131815,2.66159469964964,1.67000053069865,0.350648871539905,-0.00231546279426031
4.95,117.457220583974,124,4.59174375409597,2.31912301469438,0.462473514721366,1.49969735131815,2.66535581726784,2.06983566142132,0.355232074867895,-0.00198820786490092
4.96666666666667,117.568722466579,124,4.59174375409597,2.71746022623893,0.471811541409018,1.49969735131815,2.66910125424675,2.44826515180393,0.356461601696624,-0.00183806800524346
4.98333333333333,117.680796292127,124,4.59174375409597,3.08131731986074,0.482983965424008,1.49969735131815,2.67283053447488,2.83538027423681,0.358878759935562,-0.00163804183735937
5,117.793390029638,124,4.59174375409597,3.41265554919896,0.492236292708113,1.49969735131815,2.67654320133506,3.21558674077156,0.360168848433503,-0.00150188197935409
5.01666666666667,117.906452456158,124,4.59174375409597,3.71338285376632,0.497316304399544,1.49969735131815,2.68023881719858,3.57812970020597,0.358918910511726,-0.00149446456730692
5.03333333333333,118.019933168848,124,4.59174375409597,3.98535026368041,0.478488749542363,1.97818610086051,2.68768239769132,3.91217506654246,0.335201398407134,-0.00164433612525422
5.05,118.133782584033,124,4.59174375409597,4.24698855648071,0.43615429898379,1.93585165030194,2.69900103594738,4.19009675411927,0.289178726925766,-0.00190411504842219
5.06666666666667,118.247951650642,124,4.59174375409597,4.51319376835894,0.397116824471981,1.89681417579013,2.70961450869395,4.42643508143948,0.246801702558119,-0.00214324689564797
5.08333333333333,118.362391034684,123,3.59174375409597,4.77933696606945,0.364860817636382,1.86455816895453,2.71960795448816,4.64164671835414,0.210035189030247,-0.00224686047831176
5.1,118.477050476855,123,3.59174375409597,4.94707383057845,0.340544378607877,1.84024172992603,2.72910407443929,4.84808538202749,0.179359066810457,-0.00216790418810573
5.11666666666667,118.591878528217,123,3.59174375409597,5.11404976405631,0.316030059738973,1.81572741105712,2.73816078332259,5.0161207044136,0.149641231613803,-0.00214747381862789
5.13333333333333,118.706822513623,123,3.59174375409597,5.27783232689887,0.294385712191424,1.79408306350957,2.7468012813671,5.16090000239489,0.122702363138416,-0.00208913021343538
5.15,118.821828608312,122,2.59174375409597,5.4363625950331,0.276999328983154,1.7766966803013,2.75508515424973,5.29223085546903,0.0992746323833665,-0.00194456593534709
5.16666666666667,118.93684200553,122,2.59174375409597,5.49350952588737,0.264180018678871,1.76387736999702,2.76308560525158,5.4159370102301,0.0794085756939374,-0.00169728599660769
5.18333333333333,119.051807100677,122,2.59174375409597,5.5487010367784,0.247723530129004,1.74742088144715,2.77080384148678,5.49887728358515,0.0580326450928792,-0.00159565314595434
5.2,119.16666768942,121,1.59174375409597,5.60086289937872,0.231068805098394,1.73076615641654,2.77820916671392,5.55476075150952,0.0372902452641123,-0.00153683177266339
5.21666666666667,119.281367209574,121,1.59174375409597,5.55435081468324,0.216173905203958,1.71587125652211,2.78531527662519,5.59327367982829,0.018343531282528,-0.00145929570147776
5.23333333333333,119.395848964276,121,1.59174375409597,5.50876151172543,0.196076262623206,1.69577361394136,2.79208785799964,5.58469392231007,-0.00305821097776115,-0.00157665716760721
5.25,119.510056329706,121,1.59174375409597,5.46300557748474,0.175092093040514,1.67478944435866,2.79847823808354,5.54553211639049,-0.0242039593879305,-0.00176088853082428
5.26666666666667,119.623932942809,121,1.59174375409597,5.41590242907917,0.155756883434393,1.65545423475254,2.80449414974469,5.48763119202477,-0.0435679799913011,-0.00193335942820484
5.28333333333333,119.737422881392,121,1.59174375409597,5.36643336103919,0.139341621135191,1.63903897245334,2.81017451035242,5.41901321879409,-0.0604502843209767,-0.0020513375082619
5.3,119.85047091305,120,0.591743754095972,5.31386074535141,0.126279188827276,1.62597654014543,2.81557204819393,5.34477350189347,-0.0746857992120676,-0.00209652099434776
5.31666666666667,119.96302270487,120,0.591743754095972,5.16319065241801,0.116493341648742,1.61619069296689,2.82074220243729,5.26790012656694,-0.0864240775994519,-0.00206597973826382
5.33333333333333,120.075024974338,120,0.591743754095972,5.0147719775776,0.101750321137196,1.60144767245535,2.82566513899597,5.15378422217231,-0.100713744353547,-0.00221105204379241
5.35,120.186425625356,120,0.591743754095972,4.86823998786779,0.0856575467310291,1.58535489804918,2.83029039024761,5.01559903383444,-0.115269805160262,-0.00242570605668743
5.36666666666667,120.297173908535,120,0.591743754095972,4.72304214586161,0.0704303085830973,1.57012765990125,2.83461548746742,4.8630797873213,-0.128740620532939,-0.00264217828648134
5.38333333333333,120.407220549796,120,0.591743754095972,4.57866295817343,0.0572685741927744,1.55696592551092,2.83866600213664,4.70305518660094,-0.140442728281565,-0.00282126179924295
5.4,120.516517859347,120,0.591743754095972,4.43474075372468,0.046678571436873,1.54637592275502,2.84248140827272,4.54006402486971,-0.150139676137959,-0.00294375199823483
5.41666666666667,120.625019697188,120,0.591743754095972,4.29111178442976,0.0387278043851012,1.53842515570325,2.84610573823698,4.37694934537764,-0.157869955956309,-0.00300349169693907
5.43333333333333,120.732698038635,120,0.591743754095972,4.14780932288796,0.0332347359364062,1.53293208725456,2.84958192720214,4.21537342704884,-0.163821324787568,-0.00300207902045198
5.45,120.839562931872,120,0.591743754095972,4.0050380684799,0.029901161515706,1.52959851283386,2.85294882309165,4.05623125298961,-0.168244802963271,-0.00294508619912966
5.46666666666667,120.945623370711,120,0.591743754095972,3.86313783331881,0.0283981366890524,1.5280954880072,2.85623999879292,3.89996157263227,-0.171400192707322,-0.00283953569682547
5.48333333333333,121.050883255153,120,0.591743754095972,3.72254541596104,0.0284166641707428,1.52811401548889,2.85948368862066,3.74676658603023,-0.173525080774332,-0.00269235263778476
5.5,121.155342270163,120,0.591743754095972,3.58375977961616,0.0296932747662535,1.5293906260844,2.86270334923681,3.5967566041494,-0.174820258132406,-0.00250952895195319
5.51666666666667,121.258996630859,120,0.591743754095972,3.44731298756566,0.032018907542293,1.53171625886044,2.86591849960295,3.45003713395739,-0.175445818243873,-0.00229577346718345
5.53333333333333,121.361839714848,120,0.591743754095972,3.31374760487768,0.0352375969918173,1.53493494830997,2.86914561841236,3.30675447849931,-0.175523572464704,-0.00205446893698837
5.55,121.463862599061,120,0.591743754095972,3.1836002349442,0.039239698049853,1.538937049368,2.87239897059301,3.16711338461302,-0.175142669939124,-0.00178780287648471
5.56666666666667,121.565054515647,120,0.591743754095972,3.05739032309554,0.0439528691002157,1.54365022041837,2.87569130021927,3.03137734043251,-0.174366347255341,-0.00149697932242957
5.58333333333333,121.665403239182,120,0.591743754095972,2.93561316137523,0.0493328388707965,1.54903019018895,2.87903437043217,2.8998593182941,-0.173238538123152,-0.00118245124510525
5.6,121.764895415524,120,0.591743754095972,2.81873603892492,0.0553550974669835,1.55505244878513,2.88243935697997,2.77290833592302,-0.171789659535123,-0.000844138081499213
5.61666666666667,121.863516841028,119,-0.408256245904028,2.70719660651867,0.0620080357078255,1.56170538702598,2.88591711557547,2.65089526982739,-0.170041290643866,-0.000481610483945676
5.63333333333333,121.96125269949,119,-0.408256245904028,2.50683331552081,0.0692876586027658,1.56898500992092,2.88947834847838,2.53419990036455,-0.168009712715163,-9.42361011285418e-05
5.65,122.058087763059,119,-0.408256245904028,2.31850492896973,0.0693070465297238,1.56900439784787,2.89306211034144,2.38702412568472,-0.170449537425859,7.31020947027334e-05
5.66666666666667,122.1540065624,119,-0.408256245904028,2.14208122583092,0.0661308591841826,1.56582821050233,2.89658357840549,2.22222707125029,-0.174726693364043,0.000136902832320597
5.68333333333333,122.248993530608,119,-0.408256245904028,1.9770255316993,0.0624392486719198,1.56213659999007,2.90001361426106,2.04970658387974,-0.179149725568719,0.000176345440548484
5.7,122.343033124669,118,-1.40825624590403,1.82267525737194,0.0598472695614063,1.55954462087956,2.90335841891582,1.87665744888169,-0.182738934920445,0.000241208468438019
5.71666666666667,122.436109927728,118,-1.40825624590403,1.58383825844733,0.0592005186685845,1.55889786998673,2.9066443290665,1.70801445084984,-0.185019141564203,0.000359531748411796
5.73333333333333,122.528208734924,118,-1.40825624590403,1.3604955906493,0.0529377324459748,1.55263508376413,2.90983556830107,1.51077150992028,-0.19058987291944,0.000298665428654154
5.75,122.61931462514,118,-1.40825624590403,1.15182057312875,0.0451236441626488,1.5448209954808,2.9128750144262,1.29929335240792,-0.196864975541725,0.000177600445012859
5.76666666666667,122.709413020694,117,-2.40825624590403,0.956756272705138,0.0382587733126809,1.53795612463083,2.91575961248173,1.08410383715265,-0.202307605328362,7.2355258820515e-05
5.78333333333333,122.798489736684,117,-2.40825624590403,0.679703797446139,0.0336994046226026,1.53339675594075,2.91851791983338,0.872466876246103,-0.206134303336915,2.67815298267255e-05
5.8,122.886531021458,117,-2.40825624590403,0.420276759978994,0.0241308135920949,1.52382816491025,2.92112256751209,0.632893576781268,-0.212808339442815,-0.000183483330065149
5.81666666666667,122.973523590674,117,-2.40825624590403,0.177344090672244,0.0136907628085346,1.51338811412668,2.9235274128042,0.380648422153421,-0.219717642616627,-0.000436240795598379
5.83333333333333,123.059454684189,116,-3.40825624590403,-0.0503867851834747,0.00484873003368005,1.50454608135183,2.92574066669581,0.126713841773566,-0.225363396513868,-0.000655427070457714
5.85,123.144312174625,116,-3.40825624590403,-0.358686533508255,-0.00112415871912806,1.49857319259902,2.92780114256894,-0.121482485632311,-0.229031357606723,-0.000798896090807484
5.86666666666667,123.22808466188,116,-3.40825624590403,-0.648059589013306,-0.0116482986000115,1.48804905271814,2.92969011182995,-0.395446998537131,-0.235263636115875,-0.00109349307772385
5.88333333333333,123.31076153216,115,-4.40825624590403,-0.919713226722258,-0.0226912883704487,1.4770060629477,2.93136829940597,-0.680031442310447,-0.241523654800129,-0.00141965571070221
5.9,123.392332991685,115,-4.40825624590403,-1.26955526078671,-0.0318772637674625,1.46782008755069,2.9328491189365,-0.964411946658378,-0.246377964160548,-0.00170374961196165
5.91666666666667,123.472790083513,115,-4.40825624590403,-1.59833240929951,-0.0458986988758757,1.45379865244227,2.93410357767155,-1.27750218343728,-0.253906069578119,-0.00215128696139644
5.93333333333333,123.552124720655,114,-5.40825624590403,-1.90752324185631,-0.0602849061505519,1.4394124451676,2.93509173744922,-1.60229319022908,-0.261302406340553,-0.00262936474756963
5.95,123.630329767067,114,-5.40825624590403,-2.29329099086487,-0.0724307842907677,1.42726656702738,2.93583181765575,-1.92671116219582,-0.267001683848314,-0.00305691078261129
5.96666666666667,123.707399102469,114,-5.40825624590403,-2.65659927107651,-0.0889407267954969,1.41075662452265,2.93630220488191,-2.27889544661595,-0.275042177649752,-0.00363608817531672
5.98333333333333,123.783327652074,114,-5.40825624590403,-2.99909716880134,-0.105343853116412,1.39435349820174,2.93647102554146,-2.64141074060943,-0.282631874119514,-0.00423327502822924
6,123.858111420622,114,-5.40825624590403,-3.32250383136456,-0.119083479635324,1.38061387168283,2.9363641319307,-3.00199524412888,-0.288247886056447,-0.00476820970303519
6.01666666666667,123.93183695116,114,-5.40825624590403,-3.62834898359611,-0.1309473837237,1.36874996759445,2.93602121953698,-3.35255175232973,-0.29115549413078,-0.00519903687325108
6.03333333333333,124.005504822903,114,-5.40825624590403,-3.91792507077051,-0.138451659109671,1.36124569220848,2.93549611225324,-3.68808479442979,-0.291191164154729,-0.00550994099042218
6.05,124.081009409926,114,-5.40825624590403,-4.19224756428959,-0.141821733846011,1.35787561747214,2.93486085388423,-4.00592897851688,-0.288611085951289,-0.00570159292863088
6.06666666666667,124.159409598331,115,-4.40825624590403,-4.45200212843987,-0.141564260472089,1.35813309084606,2.93418112158695,-4.30502487418007,-0.283831263225856,-0.00578387650339153
6.08333333333333,124.241172632343,115,-4.40825624590403,-4.60303317498733,-0.138286508437057,1.36141084288109,2.9335131528493,-4.58529784908957,-0.277311973199551,-0.00577063667484514
6.1,124.327651386481,115,-4.40825624590403,-4.74602886069002,-0.12469921653647,1.37499813478168,2.93297461776102,-4.81103627993023,-0.264748085664673,-0.00543075055812206
6.11666666666667,124.420820557236,115,-4.40825624590403,-4.88057375868538,-0.105393727623192,1.39430362369496,2.93269759254367,-4.99543085805224,-0.249162472593715,-0.00489319670896439
6.13333333333333,124.522789381516,116,-3.40825624590403,-5.00578423632858,-0.0834823648283998,1.41621498648975,2.93275039540587,-5.14877202316495,-0.232562892539963,-0.00424750267961361
6.15,124.635644297454,116,-3.40825624590403,-5.02606127165691,-0.0609155253553749,1.43878182596278,2.93315953347596,-5.27860579072575,-0.216174335469451,-0.00355144359936352
6.16666666666667,124.761549170637,117,-2.40825624590403,-5.04090559787494,-0.0309002259249006,1.46879712539325,2.93399802584739,-5.35395468392689,-0.195913785224856,-0.00259324570037591
6.18333333333333,124.9036626208,117,-2.40825624590403,-4.95444263784279,0.00199838832684937,1.501695739645,2.93534965886625,-5.39064614738024,-0.174701434571069,-0.00150555691547489
6.2,125.070561974267,117,-2.40825624590403,-4.86566491049611,0.0428660495610894,1.54256340087924,2.93730903706887,-5.36400281208834,-0.149532928025461,-0.000126945889424922
6.21666666666667,125.28427395161,118,-1.40825624590403,-4.77270389395237,0.0861224279917272,1.58581977930988,2.93995911873281,-5.29436951063218,-0.123945508983889,0.00137874649449488
6.23333333333333,125.569421679167,118,-1.40825624590403,-4.57898730402311,0.128446968492571,1.62814431981072,2.94330952064837,-5.19628841717038,-0.0999686270978978,0.00291018238213736
6.25,125.933443642587,119,-0.408256245904028,-4.38319068953607,0.176021790233387,1.67571914155154,2.94740020981345,-5.04334168984697,-0.0738324053350268,0.00465736235561811
6.26666666666667,126.372610436828,119,-0.408256245904028,-4.08881889555959,0.224158553768024,1.72385590508617,2.95227604645006,-4.85409368019997,-0.0484627266404811,0.00648027787369935
6.28333333333333,126.880311605727,119,-0.408256245904028,-3.79445464248301,0.278102861294501,1.77780021261265,2.95799318029333,-4.60532268177894,-0.0206894835724697,0.00854172649303153
6.3,127.450174993975,120,0.591743754095972,-3.49800815782299,0.332572769667669,1.83227012098582,2.96460003572095,-4.31798880312787,0.00619302975722852,0.0106838485407556
6.31666666666667,128.07638476317,120,0.591743754095972,-3.10283911748702,0.384589738945281,1.88428709026343,2.97207708627496,-4.0067433890942,0.0304150593958197,0.0128131301227452
6.33333333333333,128.753619255792,121,1.59174375409597,-2.70766969296741,0.440664252908198,1.94036160422635,2.98044076480046,-3.64501132640531,0.0559876274024723,0.0151275034550639
6.35,129.476992995794,122,2.59174375409597,-2.21613006548711,0.49639256291586,1.99608991423401,2.98971751361101,-3.25109377377238,0.0801899689713157,0.0174940307787056
6.36666666666667,130.242002823384,122,2.59174375409597,-1.63240719478419,0.557249647243669,2.05694699856182,2.99994934099245,-2.80149795741286,0.106355813385186,0.0200812914940529
6.38333333333333,131.04447788761,123,3.59174375409597,-1.05508934321399,0.626014436042243,2.12571178736039,3.01124546750702,-2.28078162587749,0.13605576009431,0.0229814438051061
6.4,131.880533070817,123,3.59174375409597,-0.387259952292552,0.695769639112468,2.19546699043062,3.02367350025681,-1.71592918930963,0.164962738535022,0.0259883584212467
6.41666666666667,132.746525312393,124,4.59174375409597,0.273020228386504,0.77043089079007,2.27012824210822,3.03728304101598,-1.08982426362195,0.195445387000658,0.0292235801544267
6.43333333333333,133.639012277401,125,5.59174375409597,1.02289610587757,0.844032684214214,2.34373003553236,3.05209947717556,-0.427606613079527,0.223830940214233,0.0325063014766812
6.45,134.554712944235,126,6.59174375409597,1.85890931444036,0.921234011403326,2.42093136272148,3.06814427951121,0.289565736502489,0.252990162473017,0.0359783002736306
6.46666666666667,135.490469705972,127,7.59174375409597,2.77764220702367,1.00450150457426,2.50419885589241,3.08549697918199,1.07419015200299,0.284353790238644,0.0397195331646499
6.48333333333333,136.443211711763,128,8.59174375409597,3.77597701407509,1.09480602887603,2.59450338019418,3.10426466768483,1.933764185851,0.318391336139576,0.0437666788810126
6.5,137.409919499675,129,9.59174375409597,4.85119754489436,1.19217485939081,2.69187221070896,3.12456187852884,2.8720804049766,0.354983406247351,0.0481282101324852
6.51666666666667,138.387591260062,130,10.591743754096,6.00099334336266,1.29610223944105,2.7957995907592,3.14649845479762,3.89034878552321,0.393693491105809,0.0527958598972208
6.53333333333333,139.373211583179,131,11.591743754096,7.22341025325844,1.40583577998095,2.9055331312991,3.17017318525546,4.98809857460133,0.433953814189337,0.0577528135630886
6.55,140.363724159005,132,12.591743754096,8.51677761619007,1.52056227474198,3.02025962606013,3.19567133922187,6.16385789755454,0.475182932548692,0.0629791775274894
6.56666666666667,141.356010545445,134,14.591743754096,9.87963136218813,1.63951722433919,3.13921457565734,3.22306463208115,7.41563513103574,0.516852509166678,0.0684553337098463
6.58333333333333,142.346877741223,135,15.591743754096,11.4052134290646,1.76204002749493,3.26173737881308,3.25241253957467,8.74123754243559,0.558518566749857,0.0741637533372596
6.6,143.333057702753,136,16.591743754096,12.9917952262106,1.89547976147146,3.39517711278961,3.28383579880181,10.1746410475563,0.604570765872715,0.0803353695688459
6.61666666666667,144.311221960241,138,18.591743754096,14.6386441290736,2.0353551209528,3.53505247227095,3.31747071417798,11.7012505089612,0.652098241715226,0.0868427038451589
6.63333333333333,145.278013918404,139,19.591743754096,16.4399807477992,2.17867412377079,3.67837147508894,3.35339148197095,13.3095552780542,0.699207496284675,0.0935982412021992
6.65,146.230099875784,140,20.591743754096,18.2950611573232,2.33148092511365,3.8311782764318,3.39170369581408,15.0270482886396,0.749517296355279,0.100791641681659
6.66666666666667,147.164237527854,141,21.591743754096,20.2040119558135,2.48870264634181,3.98839999765996,3.43251305112381,16.834921606166,0.799808045884063,0.108274595884141
6.68333333333333,148.077357894924,143,23.591743754096,22.1671619164434,2.64721642687532,4.14691377819347,3.47585736178896,18.7191577976404,0.848168433770752,0.115952349631785
6.7,148.966653791927,144,24.591743754096,24.2793038624606,2.83656759498301,3.48529466780626,3.51539950186228,20.6761112388802,0.925881819598997,0.123767589086676
6.71666666666667,149.829665938123,145,25.591743754096,26.4114130361813,3.06696388485283,3.64657207071513,3.55008031227679,22.7760685165877,1.04112272972976,0.131847967721847
6.73333333333333,150.664357682223,146,26.591743754096,28.5384109110778,3.2908376561005,3.8032837105885,3.5872943056826,24.9779830412095,1.14934005931823,0.139852965903596
6.75,151.469170477693,147,27.591743754096,30.6662482394973,3.49967771653512,3.94947175289273,3.62690509092721,27.2353830662628,1.24554451799627,0.147514240902268
6.76666666666667,152.24305329173,148,28.591743754096,32.799700071229,3.68979678239888,4.08255509899737,3.66870645967584,29.5179852137287,1.32780420089287,0.154706463963461
6.78333333333333,152.985463484583,148,28.591743754096,34.9421746135354,3.8606242315388,4.20213431339531,3.7124682928839,31.8074265878103,1.39612949855732,0.161398011036979
6.8,153.696340883025,149,29.591743754096,37.0011727935168,4.0134306601209,4.30909881340278,3.75796515435166,34.0936894644878,1.4516487977945,0.167613778506982
6.81666666666667,154.376059682229,150,30.591743754096,39.0780596564812,4.14243154379583,4.39939943197523,3.80494170710474,36.3360546569021,1.49118157867638,0.173162914001354
6.83333333333333,155.025364582176,150,30.591743754096,41.1723427771745,4.25410000916175,4.47756735773138,3.85315211613066,38.5457303056479,1.51906837532368,0.17822792114627
6.85,155.645298020167,151,31.591743754096,43.1879305699504,4.35358131303661,4.54720427044378,3.9024180817129,40.732825024995,1.53873227932425,0.182954930620056
6.86666666666667,156.237124855103,151,31.591743754096,45.2231525230943,4.436780213088,4.60544350047975,3.95256324797098,42.8694505408534,1.54790156089295,0.187209565381775
6.88333333333333,156.802259757065,151,31.591743754096,47.1805573841237,4.51044604253963,4.65700958109589,4.00343180534463,44.9742779291052,1.55094413102804,0.191188348628336
6.9,157.342201153135,152,32.591743754096,49.0627792955535,4.57117459612484,4.69951956860554,4.05488302636091,47.0249177587077,1.54595439741862,0.194780226564436
6.91666666666667,157.858474064996,152,32.591743754096,50.9665598979418,4.61782719454288,4.73217638749817,4.10675065368307,49.0070787836249,1.53245143279934,0.197941755506427
6.93333333333333,158.352582891375,152,32.591743754096,52.7930590450686,4.65868551529159,4.76077721202226,4.1589147881081,50.9486091285123,1.51568315748075,0.200918489258126
6.95,158.825974218595,153,33.591743754096,54.5438149319922,4.6909152179428,4.78333800387811,4.21128260930891,52.8329357582421,1.49401693038667,0.203619752947388
6.96666666666667,159.280009092017,153,33.591743754096,56.3147906384345,4.7133414058374,4.79903633540433,4.2637387022816,54.6491494176789,1.46686969927026,0.206004155347612
6.98333333333333,159.7159437633,153,33.591743754096,58.0066670274041,4.73386548097292,4.81340318799919,4.31621147164339,56.4268074242398,1.43918091160054,0.208308639589144
7,160.134917645641,154,34.591743754096,59.6207624863319,4.74911170498887,4.82407554481036,4.36865096629311,58.1499676999294,1.40891948325096,0.210428663529249
7.01666666666667,160.537947240424,154,34.591743754096,61.2530299598829,4.7573228114641,4.82982331934302,4.42097806242317,59.807715777073,1.37508921747237,0.212307309204416
7.03333333333333,160.925924811424,155,35.591743754096,62.8042998008778,4.76584955977633,4.83579204316158,4.47315084695648,61.4292800427314,1.34224624046134,0.214166550299321
7.05,161.299620639867,155,35.591743754096,64.3707232883828,4.81567456842599,3.66675090710985,4.51605319747604,63.0073622305788,1.35431734455479,0.215885198888306
7.06666666666667,161.659687883157,155,35.591743754096,65.8127676298919,4.91452908006397,3.71123543734694,4.54859315391734,64.6247044425251,1.41773796354338,0.217511370348197
7.08333333333333,162.006670076243,156,36.591743754096,67.0980239623398,4.99416859919656,3.7470732209566,4.58154403399364,66.2245994236373,1.46810405222433,0.218594488840395
7.1,162.341011382758,156,36.591743754096,68.334582413043,5.04332831460161,3.76919509288887,4.61471486187856,67.7433112892987,1.4986977421582,0.218790953637393
7.11666666666667,162.663067161418,157,37.591743754096,69.4339417644863,5.06573661389288,3.77927882756994,4.64789040299421,69.1776183699488,1.51204982939586,0.218212701198134
7.13333333333333,162.973113870549,158,38.591743754096,70.5013070757537,5.05772052966391,3.77567158966691,4.68085359093499,70.493628865165,1.506136041577,0.216746698995094
7.15,163.271358341884,158,38.591743754096,71.5399769321632,5.02758444996574,3.76211035380273,4.71340825276399,71.7091462423485,1.48627988968366,0.214643916186385
7.16666666666667,163.557946377215,159,39.591743754096,72.4576435925673,4.98214505515638,3.74166262613852,4.7454149458299,72.8406383820039,1.45683104898312,0.212110227497649
7.18333333333333,163.832970737104,159,39.591743754096,73.3563493450355,4.91872445672361,3.71312335684378,4.77674734018553,73.8663417580003,1.41628188379974,0.209062990738395
7.2,164.096478563557,160,40.591743754096,74.1423134621083,4.84529078435384,3.68007820427738,4.80730221527902,74.8107380694641,1.36965189504645,0.205743140277777
7.21666666666667,164.348478184313,160,40.591743754096,74.9163720444651,4.75947543381478,3.6414612965348,4.83699478268058,75.6569734343509,1.31558007766589,0.20207752551887
7.23333333333333,164.588945318026,160,40.591743754096,75.5838046155281,4.66902611907502,3.60075910490191,4.86576358463704,76.4322117847494,1.25890675409993,0.198300487697216
7.25,164.817828672979,161,41.591743754096,76.1501815665913,4.57105244553492,3.55667095180886,4.89356273489662,77.1207512855288,1.19790949491719,0.19432312861073
7.26666666666667,165.035055021517,161,41.591743754096,76.7153442835815,4.46456153648709,3.50875004273734,4.92033246844988,77.7136751691597,1.13204678161127,0.190114189574149
7.28333333333333,165.240533794232,161,41.591743754096,77.1837323670547,4.35787519681188,3.4607411898835,4.94604349931624,78.2433117285965,1.06647824865981,0.185925567748762
7.3,165.434161209845,162,42.591743754096,77.5602487373984,4.2481489725732,3.41136438897609,4.97068431419845,78.6970758305649,0.999473870073988,0.181669884675646
7.31666666666667,165.615823964849,162,42.591743754096,77.9442339203716,4.13411275018915,3.36004808890327,4.99422855999806,79.0677112001799,0.930286912020051,0.177307586246999
7.33333333333333,165.78540251183,162,42.591743754096,78.2397739717716,4.02363583378351,3.31033347652073,5.01667755476371,79.3882155396738,0.863767019196587,0.173076948655448
7.35,165.942773957496,163,43.591743754096,78.451539894653,3.91334819825746,3.26070404053401,5.03804666590764,79.6460351837444,0.797833170486938,0.168874749103814
7.36666666666667,166.087814611882,163,43.591743754096,78.6787345657685,3.8014479368767,3.21034892291267,5.05833241106916,79.8335659405458,0.73138801853736,0.164645395274748
7.38333333333333,166.220402219607,163,43.591743754096,78.8253745817785,3.69530682318815,3.16258542175282,5.07755508102442,79.9832600312345,0.668955741669104,0.160612160605238
7.4,166.340417902802,163,43.591743754096,78.8961065406297,3.59111312531892,3.11569825771166,5.09574545970475,80.0819425416187,0.608167893303455,0.156658509926582
7.41666666666667,166.447747843648,163,43.591743754096,78.8955651542085,3.48668762522101,3.0687067826676,5.11291237788866,80.1213887469727,0.547682534932319,0.152717489540614
7.43333333333333,166.542284732582,164,44.591743754096,78.8282583409403,3.38101181062334,3.02115266609865,5.12905310661825,80.0972369130988,0.486883388244051,0.14875740983142
7.45,166.623929006252,164,44.591743754096,78.7930783805307,3.27385313767611,2.9729312632724,5.14416058840657,80.0080350241447,0.425641951426974,0.144770472497352
7.46666666666667,166.692589897288,164,44.591743754096,78.6936624706979,3.17355536110051,2.92779726381338,5.15826091163235,79.8906794553691,0.369074288726815,0.14100961145093
7.48333333333333,166.748186314622,164,44.591743754096,78.5342579794358,3.07683897278522,2.8842748890715,5.17139616327607,79.7350605535966,0.315127797060553,0.137374601046769
7.5,166.790647539926,164,44.591743754096,78.3191081248537,2.98174621601188,2.8414831485235,5.18358918685898,79.5349417907324,0.262582541137657,0.133805360409752
7.51666666666667,166.819913724622,164,44.591743754096,78.0523498950678,2.88727101415105,2.79896930768613,5.19485204199863,79.2871345052573,0.210814953958198,0.130270723401803
7.53333333333333,166.835936281011,164,44.591743754096,77.7379590485212,2.81944755591815,2.76844875148132,5.1998308679189,78.9984474852255,0.186853854576385,0.126754651206531
7.55,166.838678201653,164,44.591743754096,77.3801398431516,2.76203758164831,2.05210486764781,5.20145784282327,78.6898042852444,0.174454121466852,0.123192395732925
7.56666666666667,166.828114335808,164,44.591743754096,76.9594174678092,2.70398505157417,2.04049436163299,5.20149767232405,78.3561585365539,0.163115586794183,0.119512414044741
7.58333333333333,166.804232035808,164,44.591743754096,76.4595580273869,2.63354011489414,2.02640537429698,5.20168175859808,77.9799439647022,0.142013898433243,0.115622934974179
7.6,166.767032568113,164,44.591743754096,75.8907485214019,2.54922893457498,2.00954313823315,5.20169647907111,77.5386764520583,0.110878304174348,0.111442657279121
7.61666666666667,166.716532212648,164,44.591743754096,75.262224511951,2.46086666867742,2.60708735222299,5.19950532338323,77.0232853419032,0.0799142385979887,0.106975515476451
7.63333333333333,166.652762757792,164,44.591743754096,74.6037806183682,2.34393602265192,1.96848455584853,5.20035413095749,76.4295271588946,0.0231917681876499,0.102273654236758
7.65,166.575771243137,164,44.591743754096,73.9203566910649,2.22351493157258,1.94440033763267,5.20004654371017,75.7676813848501,-0.0351865297379397,0.0974770036110461
7.66666666666667,166.48561903835,164,44.591743754096,73.1951367223046,2.09910668753503,2.44429536070891,5.19949714739304,75.0463217009848,-0.0973551884627531,0.0927105698382333
7.68333333333333,166.382381665102,164,44.591743754096,72.4527956366986,1.96832951082132,2.38544563118774,5.1995630846358,74.269791441339,-0.166492907875341,0.0880290670252242
7.7,166.26614840474,164,44.591743754096,71.7140803353519,1.83842333286299,2.3269878511065,5.19947831758281,73.4505365269653,-0.236486984587673,0.0835332701811477
7.71666666666667,166.137021004692,165,45.591743754096,70.9781691273183,1.73404285698291,2.08493681554988,5.19509544260727,72.6120129376579,-0.283545127318162,0.0793399224366055
7.73333333333333,165.995112423303,165,45.591743754096,70.3325143803517,1.63167447260866,2.05038748582357,5.19149358377713,71.7719568530587,-0.332571982317783,0.0754809543083265
7.75,165.840546047456,165,45.591743754096,69.6711875371522,1.54684110708696,2.02175622496,5.1872293301342,70.9668777275657,-0.3708625080028,0.0721959204528468
7.76666666666667,165.673455402377,165,45.591743754096,68.9969634344854,1.47488578421388,1.99747130349033,5.18239322280756,70.1859638068493,-0.401321118528064,0.0693382262597575
7.78333333333333,165.493983974895,165,45.591743754096,68.3127339805298,1.41240729746716,1.97638481421332,5.17705325087658,69.4212866758446,-0.426066543766946,0.0668006323746892
7.8,165.302284966271,166,46.591743754096,67.6213869374462,1.35699836293326,1.95768429880813,5.1712611411822,68.6673696710642,-0.446596682494701,0.0645069690801958
7.81666666666667,165.098520923289,166,46.591743754096,67.020293611387,1.30701546279772,1.94081507001238,5.16505726839141,67.9207433006677,-0.463933158258106,0.0624048880309758
7.83333333333333,164.882863299068,166,46.591743754096,66.4116382183205,1.26950157843123,1.92815413403869,5.15849898807417,67.215774523262,-0.473763894778877,0.0607053057560501
7.85,164.655492015257,167,47.591743754096,65.7982194331296,1.24001106888622,1.91820108706725,5.15164856302658,66.5396087668871,-0.478851213179676,0.0592698806990892
7.86666666666667,164.41659497843,167,47.591743754096,65.2773636627536,1.21552853716509,1.90993823261137,5.14454736384098,65.8831813869839,-0.481064856253657,0.0580047923084257
7.88333333333333,164.166367576958,167,47.591743754096,64.7512099514396,1.20222922842601,1.90544971591193,5.13724747918053,65.2767136029587,-0.476626458724136,0.0570950860066658
7.9,163.90501221421,168,48.591743754096,64.2224855998947,1.19516952572005,1.90306706624867,5.12980208774034,64.7043503590449,-0.468601848110722,0.056387944834337
7.91666666666667,163.632737819678,168,48.591743754096,63.788406679213,1.19109793697448,1.90169290504704,5.12224142587195,64.1549068897453,-0.459001558813603,0.0557831037716469
7.93333333333333,163.349759325559,168,48.591743754096,63.3509591434115,1.19613136728278,1.90339168777609,5.11460562736555,63.6571424068369,-0.444077851550879,0.0554645793432431
7.95,163.05629712858,168,48.591743754096,62.9126764195139,1.20538189176822,1.90651373978992,5.10693591119226,63.1942174036813,-0.426856756516984,0.0552819668818299
7.96666666666667,162.752576550832,168,48.591743754096,62.4759759089001,1.21572094224006,1.91000316932417,5.09925105578341,62.7542978345531,-0.409267726287538,0.0551394101838892
7.98333333333333,162.438827308883,168,48.591743754096,62.0430659912139,1.22530510510637,1.91323782429155,5.09155590873736,62.3294692848792,-0.392440654023817,0.0549807644218776
8,162.115282997479,168,48.591743754096,61.6158997821025,1.233196389165,1.91590113266134,5.08384750527136,61.9147940235679,-0.376943332372504,0.0547777539155357
8.01666666666667,161.782180592049,168,48.591743754096,61.1961607959979,1.23906689248638,1.9178824275323,5.0761192973541,61.5075217684148,-0.362965838490659,0.0545207915323516
8.03333333333333,161.43975997274,168,48.591743754096,60.7852692167376,1.24297577897952,1.91920167672374,5.06836393293263,61.1064499544972,-0.350459540692241,0.0542120689239953
8.05,161.088263471623,167,47.591743754096,60.3844004400795,1.24520609525379,1.9199544084663,5.06057495556848,60.7114204152868,-0.339238618399625,0.0538605192138717
8.06666666666667,160.72793544391,167,47.591743754096,59.8999405637207,1.24614960481105,1.92027284294188,5.05274772655433,60.3229348898617,-0.32905155094431,0.053478277178678
8.08333333333333,160.359021863437,166,46.591743754096,59.433132334889,1.2381117618031,1.9175600709267,5.04485519555404,59.9056198067299,-0.324608612300126,0.0528327561007688
8.1,159.981769942277,166,46.591743754096,58.8897010675855,1.22527834678506,1.91322879335811,5.03686273335905,59.4727033810727,-0.323303766422783,0.052052698679894
8.11666666666667,159.596427774045,165,45.591743754096,58.3701399948824,1.20252451658619,1.90554937566599,5.02873106198138,58.9982902648918,-0.328257353659104,0.0509840618684582
8.13333333333333,159.20324400026,164,44.591743754096,57.779423941344,1.17567666858347,1.89648822696507,5.02042506228017,58.5024379907699,-0.335852650412231,0.0498053447036785
8.15,158.80246749901,164,44.591743754096,57.1227783190574,1.14056707045426,1.88463873759646,5.01191219460784,57.9639831978541,-0.348624664556651,0.0483911615129421
8.16666666666667,158.394347095094,163,43.591743754096,56.4996091344065,1.09537644073724,1.86938690006697,5.00314342636043,57.3698512435058,-0.367652196677774,0.0466882010201932
8.18333333333333,157.979131292091,162,42.591743754096,55.8138327197077,1.0479769483749,1.85338957139468,4.9940887905442,56.7492218251852,-0.3880618559773,0.0449367175423864
8.2,157.557068056068,162,42.591743754096,55.0697093731613,0.995331614585434,1.83562177124073,4.98472972599627,56.087156027753,-0.411700943224161,0.0430448836640666
8.21666666666667,157.128404679618,161,41.591743754096,54.365805081833,0.936111744280481,1.81563506501281,4.97503565977268,55.3745973470425,-0.439357663805276,0.0409733142256657
8.23333333333333,156.693387653267,160,40.591743754096,53.6053307166371,0.878252768067643,1.79610766054098,4.96499658564021,54.6431133574006,-0.466132277299477,0.0389631682730208
8.25,156.252262550285,159,39.591743754096,52.7919709619536,0.818513671982294,1.77594571561217,4.95461346737,53.8789879293392,-0.494010250394641,0.0369154548570409
8.26666666666667,155.805273964489,159,39.591743754096,51.9292637000148,0.755210969891577,1.75458105365656,4.94387365750187,53.073587096151,-0.524009976777633,0.0347791501257786
8.28333333333333,155.352665436423,158,38.591743754096,51.1151103918749,0.687739070271986,1.73180928753495,4.93275825334222,52.2221282795505,-0.556482526319022,0.0325362631113337
8.3,154.894679379244,157,37.591743754096,50.2521365140341,0.624317905062973,1.7104046442769,4.92127168902051,51.3589092910973,-0.586362905123366,0.0304359113571869
8.31666666666667,154.431557048704,156,36.591743754096,49.343526528454,0.561700380973404,1.68927122989667,4.90943010347932,50.4718051524725,-0.615650825531505,0.0283782218957952
8.33333333333333,153.963538524614,156,36.591743754096,48.3923997050332,0.498017253013425,1.66777817421018,4.89723544829475,49.5529597029357,-0.645489328069753,0.0263058789802622
8.35,153.490862717327,155,35.591743754096,47.4963114290199,0.432377939223493,1.64562490580608,4.88468206775304,48.5978096173304,-0.676414502825197,0.0241916684948223
8.36666666666667,153.013767372557,154,34.591743754096,46.5576019346171,0.372674355726865,1.62547494637597,4.87178589683989,47.6405070739786,-0.70357187794224,0.0222742768674789
8.38333333333333,152.532489091032,154,34.591743754096,45.5792188842342,0.315325828391031,1.60611981840012,4.85857269669619,46.6685594107929,-0.729174019679584,0.0204433331558934
8.4,152.047263310761,153,33.591743754096,44.6586507245246,0.258147353249432,1.58682208303983,4.84505219962415,45.6736225962143,-0.754564754806232,0.0186316623312095
8.41666666666667,151.558324271364,152,32.591743754096,43.698229205008,0.208080847457658,1.56992463733511,4.83124944122308,44.6868454930668,-0.775481484623175,0.0170487663565266
8.43333333333333,151.065905009842,152,32.591743754096,42.700919390928,0.160871627823423,1.55399152570856,4.81719473390312,43.6934066777977,-0.794555933307659,0.0155636965149107
8.45,150.570237359745,151,31.591743754096,41.7642311264232,0.113875587728415,1.53813036217649,4.80289918652544,42.6831974691044,-0.813416787305745,0.0140953799814102
8.46666666666667,150.071551968742,150,30.591743754096,40.7905077647208,0.0737381476654037,1.52458397615522,4.78838709325767,41.6860589423869,-0.827984836376326,0.0128444580480704
8.48333333333333,149.57007828229,149,29.591743754096,39.7827083564706,0.0360274720948266,1.51185662315015,4.77368669603026,40.6862210523364,-0.841000828978317,0.0116748043572996
8.5,149.066044512215,149,29.591743754096,38.7437461428694,-0.00192964176956468,1.49776770954859,4.75879337346782,39.6729163235789,-0.854084288903005,0.0105027557377167
8.51666666666667,148.559677637371,148,28.591743754096,37.7709210602729,-0.0401464793216723,1.45955087199648,4.74339800824694,38.6398736860469,-0.866611057865523,0.00928191926243481
8.53333333333333,148.051203380453,147,27.591743754096,36.765440312542,-0.0710466668074544,1.4286506845107,4.72746857603654,37.6207123004002,-0.87384099810156,0.00823407579972821
8.55,147.540846176585,147,27.591743754096,35.7285667074515,-0.0991063518339651,1.40059099948419,4.71109028443665,36.6016720980227,-0.878682183664907,0.00723114930106299
8.56666666666667,147.028829179726,146,26.591743754096,34.7565011944302,-0.12721663688288,1.37248071443527,4.69428760382453,35.5725231723154,-0.882968211126132,0.00618803752694458
8.58333333333333,146.51537427901,145,25.591743754096,33.750460667956,-0.149181870715098,1.35051548060305,4.67711896931445,34.5623520734837,-0.882992872976199,0.00529854914622738
8.6,146.000702167261,145,25.591743754096,32.712514244965,-0.169903847755839,1.32979350356231,4.6596460514288,33.5541511228678,-0.881880659865921,0.00441935862232348
8.61666666666667,145.485032435935,144,24.591743754096,31.7394879041767,-0.192334542029946,1.3073628092882,4.64186591942303,32.5358295087363,-0.881452393215331,0.00346093632138678
8.63333333333333,144.968583617357,143,23.591743754096,30.7330421222453,-0.210131611578527,1.28956573973962,4.62381044745473,31.5355743462463,-0.877864109263616,0.00261910158853262
8.65,144.451573198747,143,23.591743754096,29.6955287177371,-0.227952517854564,1.27174483346359,4.60551807849102,30.5360979005825,-0.874049009365182,0.00175583941081055
8.66666666666667,143.934217659733,142,22.591743754096,28.7239251777512,-0.248478770186508,1.25121858113164,4.58696698295955,29.5253908628058,-0.871628460998333,0.000788131399475733
8.68333333333333,143.416732508752,141,21.591743754096,27.7199436781371,-0.26511374292869,1.23458360838946,4.56817452353252,28.5319010078314,-0.866576783863057,-8.17818454568088e-05
8.7,142.899332334387,141,21.591743754096,26.6859167267105,-0.282298266735546,1.2173990845826,4.54916855538881,27.5386600771352,-0.86167546738699,-0.000986284331131862
8.71666666666667,142.382230822226,140,20.591743754096,25.7187556351372,-0.302542450665453,1.1971549006527,4.52991988597669,26.5339644400528,-0.858427549384839,-0.00200384994671425
8.73333333333333,141.865640756029,139,19.591743754096,24.7200784127494,-0.319122571507063,1.18057477981109,4.51044099021676,25.5465155995425,-0.852720503686354,-0.00292882048635527
8.75,141.349774049049,139,19.591743754096,23.6921092630788,-0.336391156553466,1.16330619476468,4.49075661784474,24.5595322031349,-0.847275866762114,-0.00389118413322556
8.76666666666667,140.834841751673,138,18.591743754096,22.731646590695,-0.356801393611933,1.14289595770622,4.47083566967715,23.5614303348863,-0.843558059084213,-0.00496786728314909
8.78333333333333,140.321054050378,138,18.591743754096,21.7401969828614,-0.373596393425444,1.12610095789271,4.4506894554924,22.580971687223,-0.837431808489728,-0.00595232096781663
8.8,139.808620301083,137,17.591743754096,20.8144475944719,-0.391112385221685,1.10858496609647,4.43034196526086,21.6013868065935,-0.831606978738675,-0.00697411928190315
8.81666666666667,139.297749041743,136,16.591743754096,19.856047653322,-0.403910703159959,1.09578664815819,4.40983309951562,20.647243344193,-0.822802383378581,-0.0078644872097484
8.83333333333333,138.788647997803,136,16.591743754096,18.8673722164029,-0.417186437886478,1.08251091343167,4.38919746284097,19.6985857920941,-0.814270046294326,-0.00877834766308351
8.85,138.281524122239,135,15.591743754096,17.9454027075539,-0.433896859958277,1.06580049135987,4.3684027250444,18.7415239273989,-0.807778955105925,-0.00980820466825003
8.86666666666667,137.776583614681,135,15.591743754096,16.9918098538686,-0.447546003902444,1.05215134741571,4.34745269830889,17.8032335899805,-0.799339158639641,-0.0107562076958864
8.88333333333333,137.274031932475,134,14.591743754096,16.1034008266755,-0.462567683054659,1.03712966826349,4.32636096888799,16.8659185021715,-0.791701226457225,-0.0117558869577018
8.9,136.774073834552,134,14.591743754096,15.1818925502818,-0.473519783736518,1.02617756758163,4.30515630704063,15.9535275075117,-0.781561919082714,-0.0126393900338871
8.91666666666667,136.276913401348,133,13.591743754096,14.3242469500041,-0.485538574670132,1.01415877664802,4.28386274500248,15.0457660037604,-0.772118563342221,-0.013560809820781
8.93333333333333,135.782754016845,133,13.591743754096,13.4323708394582,-0.493611766077053,1.0060855852411,4.262510170992,14.1647590299363,-0.760331951482561,-0.0143653583953018
8.95,135.291798353892,132,12.591743754096,12.6034071895721,-0.503106845822364,0.996590505495786,4.24111831339172,13.2889574674072,-0.749532786859831,-0.0152146042716861
8.96666666666667,134.804248398174,131,11.591743754096,11.7394121948246,-0.509107234084626,0.990590117233524,4.21971009811374,12.439679579977,-0.736727958663549,-0.015957325572105
8.98333333333333,134.320305450639,131,11.591743754096,10.8430685551752,-0.516990601063664,0.982706750254487,4.19829745612531,11.5949003382837,-0.725240697787216,-0.0167561111216679
9,133.840170090621,130,10.591743754096,10.0115509230437,-0.529688879577887,0.970008471740264,4.17682419615893,10.739515770279,-0.716782564538141,-0.0177048609148203
9.01666666666667,133.364042112341,130,10.591743754096,9.14661491657325,-0.54056867230267,0.959128679015481,4.1552717084636,9.90007055745574,-0.707240625317681,-0.018603545089358
9.03333333333333,132.892120469011,129,9.59174375409597,8.34506129165014,-0.553879617482533,0.945817733835617,4.1336338902096,9.05850540821817,-0.699219044435015,-0.0195818227452071
9.05,132.424603274189,129,9.59174375409597,7.50853037593312,-0.563989903422289,0.935707447895861,4.11192297014697,8.23871629021379,-0.689270612581442,-0.0204675035881221
9.06666666666667,131.96168841784,128,8.59174375409597,6.73385829516628,-0.57586387385752,0.92383347746063,4.09014947112459,7.42045668560145,-0.680465109972203,-0.0214106004917844
9.08333333333333,131.50357368864,128,8.59174375409597,5.92279537003793,-0.584345892509871,0.915351458808279,4.06833241017274,6.62593064504855,-0.669658083032098,-0.0222528709280444
9.1,131.050455596514,127,7.59174375409597,5.17231242294668,-0.594691391717466,0.905005959600684,4.04648278020549,5.83365836342614,-0.660098040490228,-0.0231531838527305
9.11666666666667,130.602529236571,127,7.59174375409597,4.38428924638829,-0.601900978893484,0.897796372424666,4.02461640211068,5.06499783058528,-0.648730570964643,-0.0239583569358657
9.13333333333333,130.15998820262,126,6.59174375409597,3.65580534962611,-0.611294316154615,0.888403035163535,4.002739282731,4.29792789290224,-0.638834983663011,-0.0248296633969314
9.15,129.723024433661,126,6.59174375409597,2.88882252233875,-0.617878160939876,0.881819190378275,3.98086170507279,3.55349053576237,-0.62735131260673,-0.0256145952018775
9.16666666666667,129.291828001973,125,5.59174375409597,2.18047564987145,-0.626945464490699,0.872751886827452,3.95898433375885,2.80950522269707,-0.617533658681238,-0.0264740739130199
9.18333333333333,128.866586848277,125,5.59174375409597,1.43275861865854,-0.633460995727978,0.866236355590172,3.93711269847013,2.08695603603672,-0.606288610519045,-0.0272547165091118
9.2,128.447486491515,124,4.59174375409597,0.742819890810962,-0.642671840540038,0.857025510778113,3.91524345334973,1.36366454460608,-0.596835808705963,-0.0281163814329639
9.21666666666667,128.0347097375,124,4.59174375409597,0.0126534046607134,-0.649499739523671,0.85019761179448,3.89337886533129,0.660647655847234,-0.586050466395087,-0.0289046397168439
9.23333333333333,127.628436320529,123,3.59174375409597,-0.660601297417945,-0.659154964918791,0.840542386399359,3.8715129958118,-0.0442288112536242,-0.577125852403597,-0.0297784317215346
9.25,127.228842454263,123,3.59174375409597,-1.37496438087743,-0.666529818905061,0.83316753241309,3.84964607451345,-0.729903904624186,-0.566916313726145,-0.0305825844099472
9.26666666666667,126.836100297359,123,3.59174375409597,-2.03331266160339,-0.676812319733542,0.822885031584609,3.82777055935104,-1.41847407759717,-0.558599423608561,-0.0314754735124326
9.28333333333333,126.450377337163,122,2.59174375409597,-2.63911341965196,-0.684878786680045,0.814818564638105,3.80588539815952,-2.08884936182086,-0.549018245733247,-0.0323015232052899
9.3,126.07183571748,122,2.59174375409597,-3.29030811600587,-0.688019599218339,0.811677752099811,3.78405357975487,-2.72692997574622,-0.536601459623883,-0.0329732294551214
9.31666666666667,125.700631534452,122,2.59174375409597,-3.8894160696834,-0.693054348186049,0.806643003132101,3.76229700481654,-3.36028074082907,-0.525574529579854,-0.0336962108927138
9.33333333333333,125.336914036676,121,1.59174375409597,-4.43943998087482,-0.695884915605239,0.803812435712912,3.74062215690651,-3.97184998482092,-0.513420084169381,-0.034345578273048
9.35,124.980824708947,121,1.59174375409597,-5.03785563254754,-0.694377764691281,0.805319586626869,3.71908640792089,-4.55034079989076,-0.498909024831519,-0.0348519496811672
9.36666666666667,124.632496249708,121,1.59174375409597,-5.58677344986026,-0.695615842860896,0.804081508457255,3.69769919685447,-5.12513091889104,-0.486406273274879,-0.0354301118187653
9.38333333333333,124.29205145112,120,0.591743754095972,-6.08886891877619,-0.695562145466849,0.804135205851302,3.67645195199685,-5.68023749549577,-0.473406060568189,-0.0359583839184733
9.4,123.959601990954,120,0.591743754095972,-6.64137623203989,-0.69202559995488,0.807671751363271,3.65538703677906,-6.20490684802415,-0.458618689312572,-0.0363669514990392
9.41666666666667,123.635247147235,120,0.591743754095972,-7.14624182777928,-0.691972353461463,1.49969735131815,3.6345003848618,-6.72871319061501,-0.446315070634134,-0.0368682132540968
9.43333333333333,123.319072433956,119,-0.408256245904028,-7.58197758528058,-0.747844586176814,1.49969735131815,3.62537284131469,-7.26117843909164,-0.492465124554545,-0.0373085879225328
9.45,123.011147814679,119,-0.408256245904028,-8.02462152064813,-0.794080426907692,1.49969735131815,3.61639206393685,-7.79356297577219,-0.532497829460154,-0.0374329292462961
9.46666666666667,122.71152516868,119,-0.408256245904028,-8.38152234085345,-0.799222353797562,1.49969735131815,3.6010531155461,-8.31353921770265,-0.5336279429302,-0.0372749281818479
9.48333333333333,122.420235894875,118,-1.40825624590403,-8.66025650237316,-0.792645399079632,1.49969735131815,3.58635231625634,-8.76591780251919,-0.528487814398309,-0.0367016549052967
9.5,122.137288967826,118,-1.40825624590403,-8.96253009398026,-0.781983622043504,1.49969735131815,3.57414639834265,-9.15449264718111,-0.525371955353966,-0.0356763474792778
9.51666666666667,121.862669342904,118,-1.40825624590403,-9.19457273840694,-0.780826687742555,1.49969735131815,3.56573833025284,-9.51568464191313,-0.535163047871677,-0.0344241572409222
9.53333333333333,121.59633666408,117,-2.40825624590403,-9.36288722003714,-0.766874982501625,1.49969735131815,3.55746954009626,-9.83459563121156,-0.536461077899359,-0.0328235609836113
9.55,121.338224254328,117,-2.40825624590403,-9.56815171320791,-0.738227069184165,1.49969735131815,3.54933772208701,-10.0960643561021,-0.528008757764218,-0.0308309548627075
9.56666666666667,121.088238396167,117,-2.40825624590403,-9.71561376634107,-0.703075211128094,1.49969735131815,3.54134060859124,-10.3283580823218,-0.514794173642285,-0.0287052518511375
9.58333333333333,120.846257915991,116,-3.40825624590403,-9.810839777294,-0.658966619106884,1.49969735131815,3.53347596949619,-10.5166318609561,-0.495277938815723,-0.0263788725243217
9.6,120.612134095886,116,-3.40825624590403,-9.95361686082257,-0.605216326864341,1.49969735131815,3.52574161158968,-10.6526149816967,-0.468999875968752,-0.0238394186302708
9.61666666666667,120.385690938132,116,-3.40825624590403,-10.0483462878542,-0.550556879741053,1.49969735131815,3.51813537794988,-10.7691291048917,-0.441333061779203,-0.0213556741293075
9.63333333333333,120.166725805536,115,-4.40825624590403,-10.0997922546784,-0.492601143655266,1.49969735131815,3.5106551473451,-10.8541229143744,-0.410830264356424,-0.0188553652803223
9.65,119.955010454888,115,-4.40825624590403,-10.2069829039863,-0.430408818231252,1.49969735131815,3.50329883364356,-10.9008110546377,-0.376922073536667,-0.0163119373819572
9.66666666666667,119.750292471802,114,-5.40825624590403,-10.2736027968997,-0.372251922898715,1.49969735131815,3.49606438523291,-10.9425460048517,-0.344740337673832,-0.0139743514058077
9.68333333333333,119.552297103518,114,-5.40825624590403,-10.3983099930724,-0.315163682799548,1.49969735131815,3.48894978444932,-10.9671274019477,-0.312516602652985,-0.0117476196854361
9.7,119.360729473098,114,-5.40825624590403,-10.4844477200523,-0.265806021191906,1.49969735131815,3.48195304701601,-11.0034417552763,-0.284422833079968,-0.00982708160854411
9.71666666666667,119.175277008224,114,-5.40825624590403,-10.5357906239962,-0.219943995440558,1.49969735131815,3.4750722214911,-11.0356159648928,-0.257927938834154,-0.00807620766045321
9.73333333333333,118.995611646667,113,-6.40825624590403,-10.5558738279235,-0.175013048576949,1.49969735131815,3.46830538872455,-11.0532366198006,-0.231499195190881,-0.00641309082988977
9.75,118.821392799902,113,-6.40825624590403,-10.6425709734738,-0.129639514194115,1.49969735131815,3.46165066132408,-11.0499837078776,-0.204319889810469,-0.0047942246521989
9.76666666666667,118.652270921171,113,-6.40825624590403,-10.6984842620337,-0.0915134599093415,1.49969735131815,3.4551061831299,-11.0588487052486,-0.181177497881956,-0.00344776794477764
9.78333333333333,118.487891135021,113,-6.40825624590403,-10.7266896321205,-0.0570155893928719,1.49969735131815,3.44867012869822,-11.066709512589,-0.159909606245018,-0.00225655103091947
9.8,118.327896838379,112,-7.40825624590403,-10.7300646526748,-0.0239019735122744,1.49969735131815,3.44234070279315,-11.0648826688832,-0.139174496992669,-0.00114854463656207
9.81666666666667,118.171933201852,112,-7.40825624590403,-10.8058653239401,0.00908570658832826,1.49969735131815,3.43611613988711,-11.0480187168458,-0.118221867410969,-8.36492208248843e-05
9.83333333333333,118.019650502117,112,-7.40825624590403,-10.856114816174,0.0342794739833013,1.49969735131815,3.42999470366947,-11.0495247395944,-0.101821337590667,0.00071078737617878
9.85,117.870707222097,112,-7.40825624590403,-10.8833472961938,0.0554075051676303,1.49969735131815,3.42397468656331,-11.0562979656616,-0.0877386679658466,0.00135530258355396
9.86666666666667,117.724772864382,112,-7.40825624590403,-10.8899344333359,0.074872171152484,1.49969735131815,3.41805440925014,-11.0594001503332,-0.0745287694585918,0.00192664778140778
9.88333333333333,117.581530434379,112,-7.40825624590403,-10.8780914062549,0.0941129719549907,1.49969735131815,3.41223222020251,-11.0530461212233,-0.0613227242092048,0.00247014933557195
9.9,117.440678562006,111,-8.40825624590403,-10.8498830267255,0.113885137108718,1.49969735131815,3.40650649522437,-11.0338073769986,-0.0476636335434258,0.00300912360622996
9.91666666666667,117.301933243662,111,-8.40825624590403,-10.9017993186,0.134471522789789,1.49969735131815,3.40087563699896,-10.9999885168466,-0.0333811992455115,0.00355197381111827
9.93333333333333,117.165029198818,111,-8.40825624590403,-10.9351429371592,0.147603900786475,1.49969735131815,3.39533807464425,-10.9874313349753,-0.0236011160321526,0.00385195921402437
9.95,117.02972084723,111,-8.40825624590403,-10.9517715959688,0.156679084762421,1.49969735131815,3.38989226327564,-10.9845496744973,-0.0162838396156097,0.00401892428629513
9.96666666666667,116.895782923016,112,-7.40825624590403,-10.9534231084596,0.163955775820322,1.49969735131815,3.38453668357601,-10.9832404177959,-0.0100655739881687,0.00412489905032289
9.98333333333333,116.763010750281,112,-7.40825624590403,-10.8471504988568,0.170856125832325,1.49969735131815,3.37926984137275,-10.9780567676388,-0.00408173558906658,0.00421441842637372
10,116.631220211395,112,-7.40825624590403,-10.734945387735,0.186436631079129,1.49969735131815,3.37409026722188,-10.9292658880656,0.00727406417076077,0.00455794461402064
10.0166666666667,116.50024744355,112,-7.40825624590403,-10.6180064193333,0.207468525548983,1.49969735131815,3.36899651599899,-10.8469260958462,0.0220647652964485,0.00505001526097309
10.0333333333333,116.369948301741,112,-7.40825624590403,-10.4974250645767,0.231462388410328,1.49969735131815,3.36398716649696,-10.7392880514789,0.0387830110090214,0.00561093553663423
10.05,116.240197627212,112,-7.40825624590403,-10.3741919117334,0.256529477664665,1.49969735131815,3.35906082103035,-10.6130930900892,0.0562724710175589,0.00618174856806757
10.0666666666667,116.110888359789,113,-6.40825624590403,-10.2492027692178,0.281266472597537,1.49969735131815,3.3542161050463,-10.473824473705,0.0736622193454607,0.00672007678522324
10.0833333333333,115.981930530771,113,-6.40825624590403,-10.0286951898647,0.304659912146788,1.49969735131815,3.34945166674188,-10.3259187597227,0.0903121211701312,0.00719669371753479
10.1,115.853250170368,113,-6.40825624590403,-9.81387298524162,0.334245286815962,1.49969735131815,3.34476617668774,-10.1366542084854,0.110871717426415,0.00783822087487719
10.1166666666667,115.724788160421,114,-5.40825624590403,-9.60517552255666,0.365944077147047,1.49969735131815,3.34015832745805,-9.92089042808493,0.132852256719887,0.0085169647928649
10.1333333333333,115.596499059469,114,-5.40825624590403,-9.30839478097649,0.396899730535646,1.49969735131815,3.33562683326648,-9.68999567920966,0.154488732803456,0.00914621963863618
10.15,115.468349923466,115,-4.40825624590403,-9.02430087793299,0.433432058797279,1.49969735131815,3.33117042960824,-9.41627194771714,0.17967956324038,0.00991588471047718
10.1666666666667,115.340319141619,115,-4.40825624590403,-8.6583428282661,0.470713683975315,1.49969735131815,3.32678787290802,-9.11812393751242,0.205464759332903,0.0106767832717763
10.1833333333333,115.212395303248,116,-3.40825624590403,-8.31095448445089,0.513718893212495,1.49969735131815,3.32247794017378,-8.77303941309024,0.234918701727466,0.0115772071099911
10.2,115.084576108121,116,-3.40825624590403,-7.88725622300568,0.556745136537749,1.49969735131815,3.31823942865624,-8.40316575165532,0.264538007438985,0.0124418832768645
10.2166666666667,114.95686732971,117,-2.40825624590403,-7.4873616734615,0.604240427187829,1.49969735131815,3.31407115551399,-7.98861621561468,0.297063258375593,0.0134043514121447
10.2333333333333,114.829281838042,117,-2.40825624590403,-7.01608006618476,0.650230232554045,1.49969735131815,3.30997195748418,-7.55330619063264,0.328811295859863,0.0142827089774713
10.25,114.701838686497,118,-1.40825624590403,-6.5732235060369,0.6990717137303,2.19876906504845,3.3059406905586,-7.07846550796407,0.362453772200246,0.015209519003048
10.2666666666667,114.574562249601,118,-1.40825624590403,-6.03899934350541,0.6880882402984,2.18778559161655,3.3136022205134,-6.61426842037092,0.335613016968635,0.0160345521823478
10.2833333333333,114.447481054492,119,-0.408256245904028,-5.49193274833399,0.685486409359565,2.18518376067771,3.32121469062747,-6.14398154132163,0.314706095063411,0.0170782510602949
10.3,114.320625946827,120,0.591743754095972,-4.84201759179962,0.691171033885802,2.19086838520395,3.32891403406551,-5.66048994971823,0.299436069752994,0.0183500686122646
10.3166666666667,114.194028433488,120,0.591743754095972,-4.09869402441714,0.71198609343076,2.21168344474891,3.3368976363359,-5.12519978728988,0.293686640064244,0.0200751463981322
10.3333333333333,114.06771948445,121,1.59174375409597,-3.36459154238728,0.750308140730718,2.25000549204887,3.34543718951312,-4.51493978332138,0.298485699079026,0.0223485991015643
10.35,113.941728671087,122,2.59174375409597,-2.54570159025415,0.7978887754949,2.29758612681305,3.35474773536405,-3.85388568396125,0.30842389791579,0.0249374280575827
10.3666666666667,113.816083525964,122,2.59174375409597,-1.64745954833295,0.856952371198724,2.35664972251687,3.36500080815016,-3.12512740893029,0.324613305702289,0.027922938043101
10.3833333333333,113.690809010064,123,3.59174375409597,-0.768950140688048,0.927722410262238,2.42741976158039,3.37638694817917,-2.31945985007121,0.34691216210471,0.0313268914811981
10.4,113.565927049064,124,4.59174375409597,0.186718088549701,1.00139885736146,2.50109620867961,3.38901832910898,-1.4692145092865,0.369756332021464,0.0348900036619668
10.4166666666667,113.441456107257,124,4.59174375409597,1.21629506630022,1.08059929838008,2.58029664969823,3.40296285422049,-0.561529375776916,0.394680423840991,0.0386961695468307
10.4333333333333,113.31741076611,124,4.59174375409597,2.22224357666408,1.16641736426668,2.66611471558483,3.41831831009627,0.411461585750963,0.422236581470494,0.0427853529863847
10.45,113.193801336318,125,5.59174375409597,3.2079010619088,1.25108873195552,2.75078608327367,3.43512019514166,1.41772279733185,0.447626859561389,0.0469230212128838
10.4666666666667,113.070633491562,125,5.59174375409597,4.27109974126911,1.33035540953312,2.83005276085127,3.45330530008227,2.43509674249013,0.468365404757973,0.0509730349572204
10.4833333333333,112.947907944587,125,5.59174375409597,5.31412349981034,1.41025926805734,2.90995661937549,3.47283226688656,3.48543550981735,0.488266110451846,0.055114263766499
10.5,112.825620124315,124,4.59174375409597,6.33954776526727,1.48643160985598,2.98612896117413,3.49366647770742,4.54775776340831,0.504723563811883,0.0592098529827188
10.5166666666667,112.703759871383,124,4.59174375409597,7.25507715653977,1.57242978582546,2.60039820139597,3.51249624981843,5.61827939900768,0.532815255445474,0.063176126982677
10.5333333333333,112.582311205221,124,4.59174375409597,8.14710191899201,1.6639489946797,2.66446164759394,3.52801377412479,6.65762573814721,0.572432188365271,0.0666941640124245
10.55,112.461252372209,123,3.59174375409597,9.00268649779596,1.73985199569378,2.7175937483038,3.54449565335577,7.67138567262267,0.601523046642415,0.0697750095800994
10.5666666666667,112.340556446769,123,3.59174375409597,9.7310748443886,1.80004513596428,2.75972894649315,3.56175387799168,8.64720669058737,0.620302250220401,0.0724050020049962
10.5833333333333,112.220191940635,122,2.59174375409597,10.4355458090306,1.83779549124288,2.78615419518816,3.57955728876256,9.54288269911767,0.624951166906795,0.0743665778467665
10.6,112.100123215633,121,1.59174375409597,11.0230380671682,1.85896496102207,2.8009728240336,3.59767537964272,10.3689407315141,0.619393185464721,0.0758252427955987
10.6166666666667,111.980310757341,120,0.591743754095972,11.4999701346375,1.86035659428444,2.80194696731726,3.61588924824937,11.0993006537431,0.601954241254941,0.0766720870833729
10.6333333333333,111.860711381858,119,-0.408256245904028,11.8717239531425,1.84165300583939,2.78885445540573,3.63396081466242,11.7190232128146,0.572751784047214,0.0768849029207497
10.65,111.741278457571,118,-1.40825624590403,12.1426461779726,1.80424655164723,2.76266993747121,3.65165928587117,12.2210422786504,0.53293847052763,0.0764940903775367
10.6666666666667,111.621962155862,117,-2.40825624590403,12.3161656916552,1.75040500958396,2.72498085802692,3.66877600215259,12.6035598241348,0.484168976670136,0.0755580958039385
10.6833333333333,111.502709743939,116,-3.40825624590403,12.394965507935,1.68270913776244,2.67759374775186,3.68513119944584,12.8680681542288,0.428245573707115,0.0741466557652508
10.7,111.383465962118,115,-4.40825624590403,12.3811684273442,1.60369971270904,2.62228715021448,3.70057548431216,13.0179192568184,0.366899995216173,0.0723301122468559
10.7166666666667,111.264173446392,114,-5.40825624590403,12.2765118371827,1.51567830195999,2.56067216269014,3.71498812865133,13.0573431875131,0.301674250918197,0.0701732260314193
10.7333333333333,111.144773163001,113,-6.40825624590403,12.0824985900101,1.42061515340239,2.49412795869983,3.72827369519312,12.9908164511168,0.233869542690605,0.0677321574898741
10.75,111.025204918481,112,-7.40825624590403,11.8005187608479,1.32012726118561,2.42378643414808,3.74035801893142,12.8226902389498,0.164539105461108,0.0650535498351264
10.7666666666667,110.905407889753,111,-8.40825624590403,11.4319420918949,1.21549873847671,2.35054646825185,3.75118419337787,12.557002076163,0.0945069233102981,0.0621749038201253
10.7833333333333,110.785321159662,110,-9.40825624590403,10.9781838259603,1.10772348517934,2.27510379094369,3.76070893291416,12.1974095747144,0.024399505380119,0.0591256557833394
10.8,110.664884278563,109,-10.408256245904,10.4407480328062,0.997556552270338,2.19798693790739,3.76889948797925,11.7471995155914,-0.0453178707500649,0.0559285548356845
10.8166666666667,110.544037789058,108,-11.408256245904,9.82125294758858,0.885565578401299,2.11959325619906,3.77573116145546,11.2093382751563,-0.114305799886505,0.0526010789645041
10.8333333333333,110.422723718494,107,-12.408256245904,9.12144264930538,0.772177348794683,2.04022149547443,3.78118539642685,10.5865401866612,-0.182319257481553,0.0491567372017796
10.85,110.30088609874,107,-12.408256245904,8.34318888629045,0.658942248100641,1.9609569249886,3.78500002377422,9.88133872569991,-0.247914783371199,0.0456061811466847
10.8666666666667,110.178471485417,106,-13.408256245904,7.58308539977866,0.551018277293127,1.78898194689704,3.78614850721187,9.10029093824969,-0.305881588546178,0.041953066048558
10.8833333333333,110.055429427949,105,-14.408256245904,6.73961226227656,0.448789670635705,1.7353119284019,3.78615174609922,8.28217852601435,-0.35915435529752,0.0384338961799187
10.9,109.93171296009,104,-15.408256245904,5.81334188970416,0.347238104243286,1.68199735604588,3.78520955594639,7.4122540757035,-0.41122001399826,0.0349230588466333
10.9166666666667,109.807279119839,103,-16.408256245904,4.8092922998448,0.24366303151573,1.62762044286391,3.78331702838973,6.4796018808,-0.463743140966452,0.031338414119778
10.9333333333333,109.682089369634,103,-16.408256245904,3.73229372483876,0.136814460559401,1.57152494311184,3.78045254182925,5.47809748629899,-0.517476388220519,0.0276415118355922
10.95,109.556109895721,102,-17.408256245904,2.68148283165527,0.0264175275954728,1.51356655330577,3.77658827804462,4.40521949049231,-0.572565346867972,0.0238233943311565
10.9666666666667,109.429311843906,102,-17.408256245904,1.56066234110843,-0.0776721803203554,1.42202517099779,3.77143660756519,3.29769884085128,-0.62235296727739,0.020138957779282
10.9833333333333,109.301671541444,101,-18.408256245904,0.467508415445281,-0.176493939633271,1.32320341168488,3.76456779583007,2.1474189259066,-0.666592956224341,0.016487451169922
11,109.173170687336,101,-18.408256245904,-0.696774381089711,-0.264663315527803,1.23503403579035,3.75610421519174,0.985651798670797,-0.702217112670946,0.0130440775316213
11.0166666666667,109.043796554387,100,-19.408256245904,-1.83546855761556,-0.3480920435292,1.15160530778895,3.74617469405482,-0.203829173315178,-0.733119531736714,0.00964219066258655
11.0333333333333,108.913542186673,100,-19.408256245904,-3.04626716575539,-0.422829878016635,1.07686747330152,3.734898591721,-1.39701469728584,-0.757103741988656,0.00641377674950405
11.05,108.782406549928,100,-19.408256245904,-4.23111840197209,-0.495339061730234,1.00435828958792,3.7223672485104,-2.61478209429694,-0.778329859665499,0.00317176052485749
11.0666666666667,108.650394659525,99,-20.408256245904,-5.39211378490777,-0.561687333425861,0.938010017892289,3.70865807097778,-3.83568468719994,-0.794534876974097,4.36034703465574e-05
11.0833333333333,108.517517672864,99,-20.408256245904,-6.62551278837462,-0.620173460058858,0.879523891259292,3.69389436047448,-5.04555939278347,-0.804895749031607,-0.00290743956525799
11.1,108.383792967294,99,-20.408256245904,-7.83196437591172,-0.678408147546765,1.49969735131815,3.67814354954955,-6.2718603401386,-0.814225692867347,-0.00590601255529347
11.1166666666667,108.249244147829,99,-20.408256245904,-8.98891276520563,-0.791178487403735,1.49969735131815,3.67339043943049,-7.52316849462907,-0.88076727446338,-0.00881189838191848
11.1333333333333,108.113900643113,99,-20.408256245904,-10.0746194216429,-0.83461952412054,0.665077827197611,3.65605129587698,-8.76750172030146,-0.879537285499913,-0.01140385831025
11.15,107.977796560265,99,-20.408256245904,-11.1205157061466,-0.858586058446437,0.641111292871714,3.63700656519255,-9.94496355624272,-0.86384953205248,-0.0135938131917873
11.1666666666667,107.84097000187,99,-20.408256245904,-12.155454192606,-0.872262274414315,0.627435076903835,3.61766177116692,-11.0596328332604,-0.8421504544877,-0.0154639946193073
11.1833333333333,107.703463563733,99,-20.408256245904,-13.1768328775667,-0.880688145321231,0.619009205996919,3.59814875805595,-12.1267700516399,-0.81773446476122,-0.017157189287638
11.2,107.565324900711,99,-20.408256245904,-14.1818617048914,-0.887037943829049,0.612659407489101,3.57853157217068,-13.1573139034944,-0.792636748899104,-0.0187653092898419
11.2166666666667,107.426606980712,99,-20.408256245904,-15.1678813107653,-0.893107373623346,0.606589977694804,3.55883335786663,-14.1585021018816,-0.767978142444782,-0.0203418423439037
11.2333333333333,107.287368162573,99,-20.408256245904,-16.1325340199512,-0.89973700937094,0.59996034194721,3.53905565964722,-15.1346399337208,-0.744257682600913,-0.0219130477053939
11.25,107.147672115209,99,-20.408256245904,-17.0738338926322,-0.907153030069085,0.592544321249065,3.51919136872762,-16.0878634661191,-0.721583442507985,-0.0234872017615287
11.2666666666667,107.007587609292,99,-20.408256245904,-17.9901729467186,-0.915224068748041,0.58447328257011,3.49923271106395,-17.0188136759338,-0.699843411053904,-0.0250617291269464
11.2833333333333,106.867188226338,99,-20.408256245904,-18.8802911784467,-0.923642960567506,0.576054390750645,3.47917560419921,-17.9271853849522,-0.678824130188874,-0.0266283664979946
11.3,106.726552017399,99,-20.408256245904,-19.7432296651715,-0.932046670504198,0.567650680813952,3.45902152267933,-18.812145173603,-0.658287211783076,-0.0281766615381324
11.3166666666667,106.585761135472,99,-20.408256245904,-20.5782792734659,-0.940088667377375,0.559608683940775,3.43877778030772,-19.6726297889235,-0.638014045856045,-0.0296961604856319
11.3333333333333,106.44490148416,99,-20.408256245904,-21.3849323642151,-0.947476950094897,0.552220401223253,3.41845690786752,-20.5075448228676,-0.617827957330223,-0.0311776267420548
11.35,106.304062420521,99,-20.408256245904,-22.162841229382,-0.953988863038855,0.545708488279295,3.39807560213346,-21.31588576533,-0.597601446777541,-0.0326135879280721
11.3666666666667,106.163336459127,99,-20.408256245904,-22.9117845614266,-0.959471445772587,0.540225905545564,3.37765355676722,-22.0968023348281,-0.577254398885389,-0.0339984507879138
11.3833333333333,106.022818962149,99,-20.408256245904,-23.6316417701237,-0.963833761565826,0.535863589752325,3.35721235973958,-22.8496239788885,-0.556747515899596,-0.0353283644050303
11.4,105.882607827646,99,-20.408256245904,-24.3223741642782,-0.967035657340043,0.532661693978107,3.33677455176762,-23.5738607668897,-0.536073858685236,-0.0366009594480006
11.4166666666667,105.742803184456,99,-20.408256245904,-24.9840116877339,-0.969075809769472,0.530621541548679,3.31636287995475,-24.2691902785619,-0.515250296700448,-0.0378150477531315
11.4333333333333,105.603507099084,99,-20.408256245904,-25.6166438662692,-0.969980711097248,0.529716640220902,3.295999743747,-24.9354379060584,-0.494309869953475,-0.0389703331581133
11.45,105.464823298092,99,-20.408256245904,-26.2204137554936,-0.96979540061327,0.52990195070488,3.27570681020648,-25.5725553994863,-0.473295513490075,-0.0400671603829463
11.4666666666667,105.326856908174,99,-20.408256245904,-26.7955138899725,-0.968576190186413,0.531121161131737,3.25550476709647,-26.1806005176926,-0.452255239902901,-0.0411063124563315
11.4833333333333,105.189714215199,99,-20.408256245904,-27.3421834624469,-0.966385297157881,0.533312054160269,3.2354131811163,-26.7597192407284,-0.431238668996302,-0.0420888570278148
11.5,105.053502442909,99,-20.408256245904,-27.8607061751391,-0.963287123040397,0.536410228277754,3.21545043164637,-27.3101310629922,-0.410294692496254,-0.0430160362724639
11.5166666666667,104.918329551532,99,-20.408256245904,-28.3514083857068,-0.95934584952852,0.540351501789631,3.19563369534922,-27.8321173117671,-0.389470029739839,-0.0438891925870298
11.5333333333333,104.784304056379,99,-20.408256245904,-28.8146573127247,-0.954624023363966,0.545073327954185,3.17597896247887,-28.3260121261567,-0.368808440086585,-0.0447097217724882
11.55,104.651534866361,99,-20.408256245904,-29.2508591707797,-0.949181838531194,0.550515512786957,3.15650107092523,-28.7921956022451,-0.348350389506821,-0.0454790460542743
11.5666666666667,104.520131142413,99,-20.408256245904,-29.6604571781726,-0.943076877361611,0.55662047395654,3.13721374843074,-29.2310885950812,-0.328133009017708,-0.0461986005133795
11.5833333333333,104.390202175929,98,-21.408256245904,-30.0439294271057,-0.936364128166593,0.563333223151557,3.11812965691037,-29.6431487173014,-0.308190223016916,-0.0468698278974332
11.6,104.261857287528,98,-21.408256245904,-30.4963560145479,-0.929096148379908,0.570601202938243,3.09926043540236,-30.0288671533755,-0.28855296149469,-0.0474941781157653
11.6166666666667,104.135205746846,98,-21.408256245904,-30.9177978880901,-0.929210003887526,0.570487347430624,3.08054515460573,-30.4249420133917,-0.273990516007517,-0.0483187204169715
11.6333333333333,104.010356714456,98,-21.408256245904,-31.3093049059533,-0.932690410710871,0.567006940607279,3.06189808503355,-30.8194325701088,-0.26188209842942,-0.0492291739238452
11.65,103.88741920773,98,-21.408256245904,-31.6723322333711,-0.936904419497547,0.562792931820603,3.04328828774648,-31.2033696273863,-0.250547346221888,-0.0501485626940269
11.6666666666667,103.766502093228,98,-21.408256245904,-32.0084587513667,-0.940281286829257,0.559416064488893,3.0247193158432,-31.5704912643415,-0.239015113511572,-0.0510292704861384
11.6833333333333,103.647714109426,98,-21.408256245904,-32.3192202132412,-0.942016576298482,0.557680775019668,3.00621406514568,-31.916795379468,-0.226816178686323,-0.0518453655044332
11.7,103.531163925125,98,-21.408256245904,-32.6060241272935,-0.941822867891721,0.55787448342643,2.9878041670433,-32.2400413595961,-0.213812435129459,-0.0525859362552744
11.7166666666667,103.416960241183,97,-22.408256245904,-32.8701189946695,-0.939734164827632,0.559963186490518,2.96952307854189,-32.5392794970189,-0.200065386868671,-0.0532497331532713
11.7333333333333,103.305211946339,97,-22.408256245904,-33.2071661021211,-0.935961867238803,0.563735484079348,2.95140198847389,-32.8144483560206,-0.185741085321311,-0.0538411314220227
11.75,103.196028342663,96,-23.408256245904,-33.5176409033739,-0.938682061172353,0.561015290145798,2.93339615259592,-33.1022306227173,-0.175786949542598,-0.0546128858800666
11.7666666666667,103.089519463181,96,-23.408256245904,-33.8974403650484,-0.944134750739691,0.555562600578459,2.91543189194085,-33.3909707291632,-0.167762978650703,-0.0554572750287118
11.7833333333333,102.985796515198,96,-23.408256245904,-34.2477112079991,-0.957808227705343,0.541889123612807,2.89741465843194,-33.7082958448017,-0.164890888740938,-0.0565492272755683
11.8,102.8849725004,95,-24.408256245904,-34.5706064554366,-0.974263798176741,0.52543355314141,2.87925697886862,-34.0359007016067,-0.163684112626379,-0.0577308044571543
11.8166666666667,102.787163092026,94,-25.408256245904,-34.963129773001,-0.990168792127194,0.509528559190957,2.86094356469071,-34.3606492163902,-0.162068637660507,-0.0589019451501401
11.8333333333333,102.692487903917,94,-25.408256245904,-35.4217396111354,-1.01205212107908,0.49969735131815,2.84251815646769,-34.7100679695804,-0.16417509206425,-0.0602513948062408
11.85,102.601072396324,93,-26.408256245904,-35.8481547851746,-1.04456153978548,0.49969735131815,2.82418712331608,-35.1035702221184,-0.173343646263454,-0.061880828833202
11.8666666666667,102.513050922026,92,-27.408256245904,-36.3386886084101,-1.08117304430262,0.49969735131815,2.80597292169715,-35.5177249803045,-0.185637071587589,-0.0635820620481723
11.8833333333333,102.428571684603,92,-27.408256245904,-36.8887948123112,-1.12563135563639,0.49969735131815,2.78787656551069,-35.9717376671915,-0.203382282108995,-0.0654635248898393
11.9,102.347805490081,91,-28.408256245904,-37.3995592087311,-1.17963356155989,0.49969735131815,2.76989900533145,-36.4776038964454,-0.227664355490291,-0.0675686680807584
11.9166666666667,102.270963341344,90,-29.408256245904,-37.9673179759008,-1.23521841971765,0.49969735131815,2.75204113019186,-37.0056448459284,-0.253593884992047,-0.0696514649380622
11.9333333333333,102.198336330426,90,-29.408256245904,-38.5879200054257,-1.29533950690795,0.49969735131815,2.73430376932351,-37.5705276355067,-0.282980511052058,-0.0718000126991689
11.95,102.130324374278,89,-30.408256245904,-39.1628363998951,-1.36133143552455,0.49969735131815,2.71668769385848,-38.1811810999898,-0.316653161084702,-0.0740509745301359
11.9666666666667,102.067371371081,89,-30.408256245904,-39.7887779352026,-1.42517376421654,0.49969735131815,2.69919361849126,-38.80597686027,-0.349653273834957,-0.0761608605711671
11.9833333333333,102.009896176895,89,-30.408256245904,-40.3673873451581,-1.48996820420473,0.49969735131815,2.68182220310217,-39.4584702081949,-0.383851285959874,-0.078226434384831
12,101.958259925019,89,-30.408256245904,-40.9009670820285,-1.54909403504254,0.49969735131815,2.66457405434293,-40.1108072502759,-0.415119133793885,-0.0800512519857496
12.0166666666667,101.912754793747,89,-30.408256245904,-41.3917907728929,-1.59851546954614,0.49969735131815,2.6474497271854,-40.7433253555474,-0.44088109558345,-0.0815230413591901
12.0333333333333,101.873604113195,89,-30.408256245904,-41.8420951567293,-1.63609125206383,0.49969735131815,2.6304497264341,-41.342674578466,-0.459708638492542,-0.0825901450475341
12.05,101.840968035465,89,-30.408256245904,-42.2540730810287,-1.6610389817364,0.49969735131815,2.61357450820332,-41.9003232134539,-0.471004598753542,-0.0832433982328359
12.0666666666667,101.814951529542,89,-30.408256245904,-42.6298674770917,-1.67352283370803,0.49969735131815,2.59682448135962,-42.4113741541193,-0.474758821317433,-0.0835023199402627
12.0833333333333,101.795612938283,90,-29.408256245904,-42.9715662371387,-1.67433928972939,0.49969735131815,2.58020000893038,-42.8736320822451,-0.471360743565365,-0.0834047107446817
12.1,101.782972185765,90,-29.408256245904,-43.1866285392343,-1.66468035303818,0.49969735131815,2.5637014094792,-43.2868725159418,-0.46145716205831,-0.082998926654338
12.1166666666667,101.777018206882,91,-28.408256245904,-43.3775001271014,-1.63771959389441,0.49969735131815,2.5473289584487,-43.6159836035738,-0.440741451554649,-0.082092729180474
12.1333333333333,101.777715441261,91,-28.408256245904,-43.4513048967772,-1.59858176418885,0.49969735131815,2.53108288947168,-43.8751171871631,-0.412265452402957,-0.0808571266133962
12.15,101.785009434037,92,-27.408256245904,-43.5101426666187,-1.5431239700534,0.49969735131815,2.514963395651,-44.0398655777149,-0.373385537981104,-0.0791809084925379
12.1666666666667,101.798831600761,93,-26.408256245904,-43.4607836268931,-1.47821065085765,0.49969735131815,2.49897063080914,-44.1322072399613,-0.328252341939608,-0.0772850530968468
12.1833333333333,101.819103060109,93,-26.408256245904,-43.3103993183046,-1.40073496840858,0.49969735131815,2.48310471070784,-44.1333209148806,-0.274897257832938,-0.0750855181877305
12.2,101.845737733839,94,-25.408256245904,-43.1604476099157,-1.30984353843106,0.49969735131815,2.4673657142386,-44.0327515591631,-0.212728232451462,-0.0725685425351017
12.2166666666667,101.878644853106,94,-25.408256245904,-42.9170507643828,-1.21443966956161,0.49969735131815,2.45175368458472,-43.8625099354456,-0.147196996864178,-0.0700117409297565
12.2333333333333,101.917730962244,95,-24.408256245904,-42.6812996404241,-1.11253321787513,0.49969735131815,2.43626863035522,-43.6107720016224,-0.0770781000353336,-0.0673581289991389
12.25,101.962901501031,96,-23.408256245904,-42.3589539106704,-1.01195904957701,0.49969735131815,2.42091052669166,-43.3080396567992,-0.00721945131735902,-0.0648456086100005
12.2666666666667,102.014062036301,96,-23.408256245904,-41.9561781881462,-0.913157208574813,0.586540142743338,2.40637418167601,-42.941911337816,0.0606398354744355,-0.0623805659613902
12.2833333333333,102.071119200794,97,-22.408256245904,-41.5704115916081,-0.819047009537901,0.680650341780249,2.39357172862364,-42.5100206910593,0.122842631077346,-0.0599127307082118
12.3,102.133981337274,97,-22.408256245904,-41.1008601781827,-0.736011026371297,0.763686324946853,2.38237491822511,-42.0484176667691,0.175733724522575,-0.057649268394479
12.3166666666667,102.202558782184,98,-21.408256245904,-40.6425379736261,-0.65854137652592,0.84115597479223,2.3726463493264,-41.5435442439521,0.222985261463948,-0.0554370340477852
12.3333333333333,102.276763871884,98,-21.408256245904,-40.0963479456024,-0.590601084849836,0.909096266468314,2.36425479596089,-41.0205759032734,0.262423820111707,-0.0534098690868468
12.35,102.356510789681,99,-20.408256245904,-39.5592261119042,-0.525527712584387,0.974169638733764,2.35709870645582,-40.4587996472184,0.298360124250722,-0.0513759061813965
12.3666666666667,102.441715284438,99,-20.408256245904,-38.9336515832758,-0.466962995150541,1.03273435616761,2.35109458490526,-39.8792216394172,0.328730113975461,-0.0494546954623357
12.3833333333333,102.532294343194,100,-19.408256245904,-38.3177694938363,-0.408418220388466,1.09127913092968,2.34618956172352,-39.2590761220268,0.357650315812153,-0.0474551513940259
12.4,102.628165828542,100,-19.408256245904,-37.6149299851093,-0.353961330556243,1.14573602076191,2.34234365273652,-38.6187135021115,0.382717672659552,-0.0455058118541079
12.4166666666667,102.729248059106,100,-19.408256245904,-36.923864476247,-0.297620428603521,1.49969735131815,2.33953955042302,-37.9355556198107,0.407668553308444,-0.043428082012865
12.4333333333333,102.835459394381,101,-18.408256245904,-36.232505005507,-0.265458079488202,1.49969735131815,2.34216978471435,-37.2405683616235,0.407505864245842,-0.0413520593577494
12.45,102.946717690042,101,-18.408256245904,-35.4374901684728,-0.23161947809999,1.49969735131815,2.3449050915871,-36.5462080080351,0.409207440355505,-0.0392862338789001
12.4666666666667,103.062939487974,101,-18.408256245904,-34.6437399554633,-0.187096075965306,1.49969735131815,2.34774138589714,-35.8109741352128,0.418337819958123,-0.0369624848892871
12.4833333333333,103.184039371757,102,-17.408256245904,-33.8550271160477,-0.135574421094258,1.49969735131815,2.35067468713058,-35.0449938804667,0.432663526426704,-0.0345007477164249
12.5,103.309929601712,102,-17.408256245904,-32.9801194679052,-0.0802233261337616,1.49969735131815,2.35370111708827,-34.257790987804,0.450239797440625,-0.0320012716146167
12.5166666666667,103.440519943001,102,-17.408256245904,-32.1224296879104,-0.0154617537068424,1.49969735131815,2.3568168976179,-33.4218220076983,0.474516905364763,-0.0292999563547171
12.5333333333333,103.575717626318,102,-17.408256245904,-31.284308717348,0.0529185662538774,1.49969735131815,2.3600183483927,-32.5569698646563,0.501939828148772,-0.0265775960995855
12.55,103.715427400039,103,-16.408256245904,-30.467755147571,0.120605823535767,1.49969735131815,2.36330188473574,-31.6793062993717,0.529823454866362,-0.0239643983464173
12.5666666666667,103.859551644675,103,-16.408256245904,-29.5798743526943,0.184484475115251,1.49969735131815,2.36666401548911,-30.8017027579058,0.556190866677561,-0.0215502075535951
12.5833333333333,104.007990528609,103,-16.408256245904,-28.7225243085223,0.250636363624811,1.49969735131815,2.3701013409269,-29.8980621333209,0.584741823502203,-0.0191474717240779
12.6,104.16064218985,103,-16.408256245904,-27.8966049272534,0.314045611387128,1.49969735131815,2.37361055071129,-28.9883527899811,0.612348782016118,-0.016906103320022
12.6166666666667,104.31740293276,103,-16.408256245904,-27.1027633050365,0.371324543010979,1.49969735131815,2.37718842189084,-28.0877876917145,0.636855269935299,-0.0149220535490802
12.6333333333333,104.478167431823,103,-16.408256245904,-26.3414180577767,0.42033876279306,1.49969735131815,2.38083181694002,-27.2077535865013,0.656858252415976,-0.0132503891473864
12.65,104.642828936843,103,-16.408256245904,-25.6127821331475,0.459906235888999,1.49969735131815,2.38453768183949,-26.3565723756031,0.671532673387332,-0.0119157086194105
12.6666666666667,104.811279475662,103,-16.408256245904,-24.9168841523196,0.489556942154266,1.49969735131815,2.38830304419593,-25.5401236576622,0.680490612820013,-0.0109203900642638
12.6833333333333,104.98341005175,103,-16.408256245904,-24.253588336333,0.509341988623809,1.49969735131815,2.39212501140096,-24.7623525817692,0.68366879378419,-0.0102510767582778
12.7,105.159110834931,103,-16.408256245904,-23.6226130730329,0.51968299703204,1.49969735131815,2.3960007688282,-24.0256830818051,0.68123925157716,-0.00988373516989554
12.7166666666667,105.338271344187,104,-15.408256245904,-23.0235481810994,0.521254189586683,1.49969735131815,2.39992757806783,-23.3313531697762,0.673538875994194,-0.00978756068289532
12.7333333333333,105.520780621937,104,-15.408256245904,-22.361301546904,0.514890932325343,1.49969735131815,2.40390277519775,-22.6796861308845,0.661014286217504,-0.00992795700712569
12.75,105.706527399525,104,-15.408256245904,-21.735732767106,0.509757710236407,1.49969735131815,2.40792376909086,-22.034019896156,0.649283345811069,-0.0100232609413206
12.7666666666667,105.895400253885,104,-15.408256245904,-21.1459306517327,0.503197282728834,1.49969735131815,2.41198803975746,-21.4054730860006,0.636712040015575,-0.0101542482876502
12.7833333333333,106.087287755484,105,-14.408256245904,-20.5909070055811,0.493580819652097,1.49969735131815,2.41609313672234,-20.8018875807818,0.622282851120697,-0.0103681340871907
12.8,106.282078607767,105,-14.408256245904,-19.9750404989778,0.48003948617919,1.49969735131815,2.42023667743567,-20.228549659481,0.605437484366843,-0.010687760070755
12.8166666666667,106.479661778342,105,-14.408256245904,-19.3977076050143,0.470492566575135,1.49969735131815,2.42441634571716,-19.6524798324779,0.591057471354895,-0.0108732059576403
12.8333333333333,106.679926622232,106,-13.408256245904,-18.8575574647217,0.461386588828899,1.49969735131815,2.42862989023274,-19.0874866963741,0.57697723531284,-0.0110351232834314
12.85,106.882762997472,106,-13.408256245904,-18.258633722611,0.450459324379561,1.49969735131815,2.43287512300315,-18.5433384612492,0.561802383614897,-0.0112417181920137
12.8666666666667,107.088061373379,107,-12.408256245904,-17.7000041055151,0.444642426518122,1.49969735131815,2.43714991794384,-17.9903762764547,0.549817565456761,-0.011284735275252
12.8833333333333,107.295712931774,107,-12.408256245904,-17.0854645667286,0.439701755713952,1.49969735131815,2.44145220943545,-17.4448268904145,0.538442096106953,-0.0112962164842029
12.9,107.505609661461,108,-11.408256245904,-16.5138479996914,0.44116209996628,1.49969735131815,2.44577999092443,-16.8818912953549,0.531107342274832,-0.0111126379967257
12.9166666666667,107.71764444623,108,-11.408256245904,-15.8887281392263,0.443813622893214,1.49969735131815,2.45013131355305,-16.3214016687745,0.524634664363007,-0.010896329032268
12.9333333333333,107.931711146639,109,-10.408256245904,-15.308727996618,0.452531006204433,1.49969735131815,2.45450428481824,-15.7411861277558,0.522051344406784,-0.0105032630320231
12.95,108.147704675833,110,-9.40825624590403,-14.677223451801,0.461697072454812,1.49969735131815,2.45889706725878,-15.1629463662449,0.519920145042352,-0.0101073253187102
12.9666666666667,108.365521069623,110,-9.40825624590403,-13.9980819727231,0.475957338729611,1.49969735131815,2.46330787717018,-14.565798157649,0.521117359037549,-0.00957031015548071
12.9833333333333,108.585057551055,111,-8.40825624590403,-13.3695540468094,0.49783172281481,1.49969735131815,2.46773498334673,-13.9359991650885,0.527237128837182,-0.00882236952820123
13,108.806212589679,112,-7.40825624590403,-12.694656520802,0.520094732564131,1.49969735131815,2.47217670585015,-13.3014792401563,0.533852095027704,-0.00808667090199479
13.0166666666667,109.028958245205,112,-7.40825624590403,-11.9769116201977,0.546345376424432,1.49969735131815,2.47663141480438,-12.6458660779947,0.543183836459009,-0.007255772549115
13.0333333333333,109.253876200626,113,-6.40825624590403,-11.3142385801766,0.578473462140309,1.49969735131815,2.48109752921593,-11.9586023960524,0.556422143984767,-0.00627706329506421
13.05,109.482300682649,114,-5.40825624590403,-10.6093370942693,0.608927926941027,1.49969735131815,2.48557351581925,-11.2697830879848,0.568919945226177,-0.00538122802471197
13.0666666666667,109.715932204363,115,-4.40825624590403,-9.86542636131304,0.641198728944087,1.49969735131815,2.49005788794666,-10.5644277056894,0.582811819810593,-0.00446159689385636
13.0833333333333,109.956392489655,116,-3.40825624590403,-9.08556729025053,0.677217032182462,1.49969735131815,2.49454920442243,-9.83278926892205,0.599294026856892,-0.00346179276446464
13.1,110.204710299273,117,-2.40825624590403,-8.27266465330094,0.717809939240177,1.49969735131815,2.49904606848034,-9.0690561466126,0.618892816649241,-0.00236039371429722
13.1166666666667,110.460940435122,118,-1.40825624590403,-7.4294697739295,0.763047145793853,1.49969735131815,2.50354712670439,-8.27033205224855,0.641670000027782,-0.00115935479803315
13.1333333333333,110.724349400905,119,-0.408256245904028,-6.55858367815005,0.789421212171223,2.28911856348937,2.51274574983527,-7.44432301429777,0.643549525555958,0.000130219825008673
13.15,110.994174833774,120,0.591743754095972,-5.6350082993927,0.779563909785696,2.27926126110385,2.53044425333244,-6.61962852657154,0.606281723867321,0.00156017781065806
13.1666666666667,111.270277157604,121,1.59174375409597,-4.637245811051,0.781322107403671,2.28101945872182,2.54807314804405,-5.78592031069861,0.577170267503689,0.00329811584338709
13.1833333333333,111.553244968885,121,1.59174375409597,-3.57371694047469,0.799225532901897,2.29892288422005,2.56586418518626,-4.91203839378376,0.55860846414549,0.00550218633005369
13.2,111.844150620081,122,2.59174375409597,-2.54585625046083,0.83421204976536,2.33390940108351,2.58409256935132,-3.98014756744293,0.550722641144571,0.00822449717556214
13.2166666666667,112.144266432386,123,3.59174375409597,-1.45843972886829,0.877243165192122,2.37694051651027,2.60295864191082,-3.01794807229059,0.547629906879531,0.0112072312149017
13.2333333333333,112.454870572586,123,3.59174375409597,-0.315752183444864,0.930203686292931,2.42990103761108,2.62261011849358,-2.0106015548481,0.550259921166769,0.014519828862851
13.25,112.7771463522,123,3.59174375409597,0.784169638035054,0.993268165482844,2.49296551680099,2.64321071934503,-0.949880541550176,0.558471324717459,0.018180804625283
13.2666666666667,113.112143991256,124,4.59174375409597,1.8445857628268,1.05775738858383,2.55745473990198,2.66484658301801,0.131681398646089,0.566802789659246,0.0219328856883058
13.2833333333333,113.460776881854,124,4.59174375409597,2.96356396664372,1.11860698398289,2.61830433530104,2.68749085181604,1.21108292842692,0.572197040960391,0.025619188951607
13.3,113.823834844226,124,4.59174375409597,4.04384177599351,1.18120608378039,2.68090343509854,2.71112645309962,2.30930891052191,0.578012095036711,0.0294014218545188
13.3166666666667,114.202005947173,124,4.59174375409597,5.08858980642813,1.24069433821953,2.74039168953768,2.73573362881973,3.40466805793257,0.581302069872311,0.0331296190491662
13.3333333333333,114.595905553479,124,4.59174375409597,6.10076079924609,1.2946281747587,2.79432552607685,2.76123289736332,4.48273732919708,0.58070012103024,0.0367223902806798
13.35,115.00611834208,123,3.59174375409597,7.08284588435704,1.34217628817292,2.84187363949107,2.78751835112134,5.53470189312238,0.575868846966082,0.0401453290490125
13.3666666666667,115.433269441496,123,3.59174375409597,7.9422298427605,1.38349519157205,2.8831925428902,2.81447908334322,6.55581758145063,0.567081562339022,0.0433938479037307
13.3833333333333,115.878159247203,123,3.59174375409597,8.78083547196576,1.41138742821427,2.91108477953242,2.8419400814842,7.50793731848166,0.550181619439217,0.0462347707104243
13.4,116.342030267491,122,2.59174375409597,9.59919107719204,1.43082803900861,2.93052539032676,2.86971610526052,8.40333472619265,0.52851084201016,0.0488043510560215
13.4166666666667,116.827088504823,122,2.59174375409597,10.3025400048836,1.44543394638715,2.9451312977053,2.89769321077464,9.25233908956993,0.504456213976943,0.0512037891674139
13.4333333333333,117.337454934797,122,2.59174375409597,10.9908359597524,1.4497864998414,2.94948385115956,2.92573627846508,10.0269005380062,0.474873507083369,0.0532581131266655
13.45,117.880650564514,122,2.59174375409597,11.6629828562228,1.44951290595184,2.94921025726999,2.95371968073891,10.7455436689037,0.44339529894991,0.055129067565624
13.4666666666667,118.469200318368,122,2.59174375409597,12.3175683486805,1.44818793989738,2.94788529121553,2.981593798167,11.4220557919998,0.412267904624015,0.056922496865583
13.4833333333333,119.120793315536,122,2.59174375409597,12.9532239645097,1.44785938151555,2.9475567328337,3.00935532974477,12.0661207444845,0.382724520464901,0.0587017144236321
13.5,119.85497583057,122,2.59174375409597,13.5688217967731,1.44950900624455,2.9492063575627,3.03702583261454,12.6841328904083,0.355304455980867,0.0604996528471923
13.5166666666667,120.687018223621,122,2.59174375409597,14.1635587669397,1.45342624636597,2.95312359768412,3.06463720554771,13.2800185870107,0.330106783869468,0.0623289761943432
13.5333333333333,121.623227883062,122,2.59174375409597,14.7369692049028,1.45949173328182,2.95918908459997,3.0922226272175,13.8559691367229,0.306979352102883,0.0641899322572128
13.55,122.660752336269,122,2.59174375409597,15.2888962592672,1.46737931546852,2.96707666678667,3.11981151570703,14.4130423069963,0.285650944516642,0.0660760766591959
13.5666666666667,123.790621473504,123,3.59174375409597,15.8194435829909,1.4766904518835,2.97638780320165,3.14742726738735,14.9516235572097,0.265817270572971,0.0679781806152831
13.5833333333333,125.001285682634,123,3.59174375409597,16.4234907145232,1.48703624060099,2.98673359191914,3.17508677851435,15.4717578700253,0.247191858683265,0.0698866983523563
13.6,126.279935147236,124,4.59174375409597,17.0010229594005,1.50596805955314,3.00566541087129,3.20287257974371,16.0095482693659,0.234273004853122,0.0720387721778882
13.6166666666667,127.612318352787,125,5.59174375409597,17.647666938831,1.52915865917881,3.02885601049696,3.23088617774345,16.5524515927452,0.224224297051201,0.0743119149924189
13.6333333333333,128.986619316122,126,6.59174375409597,18.3590243030923,1.56162500464757,3.06132235596572,3.25924129654637,17.1271415900882,0.21994489354074,0.0768684345881104
13.65,130.393397063994,127,7.59174375409597,19.1313264483911,1.60544998398773,3.10514733530588,3.28810919578634,17.7506088368134,0.222443925031189,0.0797859955697036
13.6666666666667,131.825108274566,128,8.59174375409597,19.961630301905,1.66085918948112,3.16055654079927,3.31767916722474,18.4326677476921,0.231567087880493,0.0830869826258788
13.6833333333333,133.275378099108,129,9.59174375409597,20.8478227591613,1.72702256149186,3.22671991281001,3.34813458074222,19.1781306806312,0.246527869340405,0.0867608621884981
13.7,134.738604372711,130,10.591743754096,21.7885196658475,1.80261475885874,3.30231211017689,3.37964021127701,19.988557814997,0.266271629500704,0.0907801884206473
13.7166666666667,136.209693949441,131,11.591743754096,22.7829185078487,1.88617955774752,3.38587690906567,3.4123372011811,20.8635764994901,0.289706637098666,0.0951113067386693
13.7333333333333,137.683866886438,132,12.591743754096,23.8306426088757,1.97634534460213,3.47604269592029,3.44634279523707,21.8018155625937,0.315835840654624,0.0997209339278013
13.75,139.156514816992,133,13.591743754096,24.9315986122917,2.0719343697159,3.57163172103405,3.48175273507858,22.80152293083,0.343819142990888,0.104579727908461
13.7666666666667,140.62310507511,134,14.591743754096,26.0858577480301,2.19620438079684,3.03704041787594,3.51373825003374,23.8658490774617,0.397976326496034,0.109661928251538
13.7833333333333,142.079125990277,136,16.591743754096,27.271493577832,2.35039900922833,3.14497665777798,3.54158747555394,25.0247857892462,0.480317148696842,0.114879033632806
13.8,143.520071393544,137,17.591743754096,28.5639517381,2.50030750402374,3.24991260413477,3.5710554229578,26.2580257713591,0.557892077733081,0.120051924834668
13.8166666666667,144.941462918346,138,18.591743754096,29.867746232264,2.64903904087985,3.35402467993405,3.6021087159558,27.5743034778973,0.632705648202021,0.125271629583609
13.8333333333333,146.338906528259,139,19.591743754096,31.1873168435134,2.79074028103585,3.45321554804325,3.63469346862951,28.9440096234198,0.701272692521235,0.13035576618625
13.85,147.70817785245,141,21.591743754096,32.526342677877,2.92271004572188,3.54559438332347,3.66870672453055,30.3478589356033,0.762111598578791,0.135215179799285
13.8666666666667,149.045328041822,142,22.591743754096,33.9821689093622,3.04430543322705,3.63071115457709,3.70402658429831,31.7742060311902,0.815028700876038,0.139822393406648
13.8833333333333,150.346798669121,143,23.591743754096,35.456191651879,3.16410877699024,3.71457349521132,3.7405817362673,33.2529865876687,0.865433348033332,0.144433227609553
13.9,151.609532202565,144,24.591743754096,36.9498762177055,3.27941728042475,3.79528944761547,3.77833004926527,34.7691319720906,0.91174752905789,0.148962244144633
13.9166666666667,152.831064663279,145,25.591743754096,38.4642787687271,3.38905002035272,3.87203236556506,3.81720711125695,36.3126759382873,0.953357929550913,0.153369117082744
13.9333333333333,154.009589441897,147,27.591743754096,39.999991539361,3.49280650060657,3.94466190174275,3.8571406956413,37.8773954784838,0.990262413410774,0.157642989483391
13.95,155.143985409788,148,28.591743754096,41.6517263643253,3.59106310837926,4.01344152718363,3.89805974292058,39.4596758057807,1.02280930600582,0.161790704995147
13.9666666666667,156.233807626895,149,29.591743754096,43.3187484428328,3.69247716361302,4.08443136584727,3.93994987828724,41.093821781673,1.05636263566128,0.166073965058225
13.9833333333333,157.279243756894,150,30.591743754096,45.0008768749785,3.79387456540973,4.15540954710496,3.98282341766428,42.7666095578601,1.08896850327095,0.170396395378353
14,158.281043000574,151,31.591743754096,46.6979519950061,3.89333710798319,4.22503332690638,4.02666324986893,44.4682880778252,1.11948582908327,0.174698187234757
14.0166666666667,159.240426312132,152,32.591743754096,48.4097103820983,3.98984712687905,4.29259034013349,4.07143534412376,46.1918904646613,1.14734973032442,0.178946013023722
14.0333333333333,160.158987067884,153,33.591743754096,50.1357262867911,4.08299827300501,4.35779614242166,4.11709750658332,47.9325769329611,1.17238111905358,0.183124731892839
14.05,161.038590397222,154,34.591743754096,51.8753968957598,4.17277176178885,4.42063758457034,4.16360515619775,49.6870585870413,1.19464093939932,0.187230912299552
14.0666666666667,161.881277772711,155,35.591743754096,53.6279542929436,4.25937148270706,4.48125738921309,4.21091484558934,51.4531226883743,1.21432388335365,0.191268013696995
14.0833333333333,162.689181433029,155,35.591743754096,55.3924917260999,4.34310856571739,4.53987334732033,4.25898615784897,53.2292615091732,1.23168486310936,0.195242978707058
14.1,163.464451247023,156,36.591743754096,57.0734263128598,4.42432529808463,4.59672505997739,4.30778249567796,55.0143960977337,1.24699126327068,0.199163958741516
14.1166666666667,164.20919502575,157,37.591743754096,58.77015032671,4.49535878944495,4.64644850392962,4.35722063236838,56.7714714547672,1.25564661308351,0.202793324410939
14.1333333333333,164.925432184839,157,37.591743754096,60.481130193117,4.56043718387001,4.69200338002716,4.40720260386804,58.5120983461229,1.26038906869386,0.206254118086865
14.15,165.615059786709,158,38.591743754096,62.1099684248043,4.6224633853527,4.73542172106504,4.4576717345884,60.2449869559202,1.26308192360455,0.209631470995275
14.1666666666667,166.279829497576,159,39.591743754096,63.7552364349531,4.68920066546632,3.60983765077799,4.50573487109465,61.9409673032006,1.27441013849427,0.212734889647216
14.1833333333333,166.921333668183,159,39.591743754096,65.3742486378664,4.83094828312686,3.67362407872524,4.5377529908746,63.6680024131509,1.36529224786298,0.215643099215626
14.2,167.540999838968,160,40.591743754096,66.8354960176851,4.9579298650592,3.73076579059479,4.57051813745518,65.4251452196313,1.44550216028874,0.218144612299131
14.2166666666667,168.140092719015,160,40.591743754096,68.2477157890884,5.05462029762991,3.77427648525161,4.60385582284231,67.1319505136103,1.50568707093007,0.219766489093974
14.2333333333333,168.719720143032,161,41.591743754096,69.5230571249274,5.12209381586349,3.80463956845672,4.63754158623223,68.7730488841716,1.54675684388129,0.220540070868697
14.25,169.280841431302,161,41.591743754096,70.7672674387694,5.15519277598452,3.81953410051118,4.67133376316993,70.3060194366531,1.56580107700847,0.220307223764868
14.2666666666667,169.824277334706,162,42.591743754096,71.8894548420903,5.16155368198585,3.82239650821178,4.70500361202807,71.7429099907331,1.56776744569705,0.21929860709972
14.2833333333333,170.350720946176,162,42.591743754096,72.9925588783774,5.13978984886068,3.81260278330546,4.73834349556534,73.0602479093536,1.55202763814098,0.217470681517554
14.3,170.860749092915,162,42.591743754096,73.9832624697845,5.09934281742703,3.79440161916032,4.77117928528412,74.2825022721917,1.52458154069551,0.215109024050692
14.3166666666667,171.354833805517,163,43.591743754096,74.8679504349317,5.03931278575495,3.76738810490788,4.80336632202853,75.3937669355308,1.48503409694825,0.212184994616754
14.3333333333333,171.833353540262,163,43.591743754096,75.7468072106174,4.96072314693192,3.73202276743751,4.83476113335524,76.3863643452332,1.43417111983071,0.208728384606227
14.35,172.296603961314,163,43.591743754096,76.5242562026452,4.87377391703952,3.69289561398594,4.86526534450081,77.2945716530933,1.37837935664599,0.205047961163533
14.3666666666667,172.744808168966,164,44.591743754096,77.2049248229316,4.77727403535882,3.64947066722962,4.89481159767811,78.1079730891917,1.31700378348246,0.201106400225349
14.3833333333333,173.178126241302,164,44.591743754096,77.8877034402849,4.67134797531252,3.60180394020879,4.92332912071589,78.8213976845786,1.25020156798958,0.196906352997259
14.4,173.596664088141,164,44.591743754096,78.4761220677595,4.5650009933725,3.55394779833577,4.95078429782355,79.4696739244228,1.18355729070241,0.192720455564926
14.4166666666667,174.000481607669,164,44.591743754096,78.9742435067622,4.45576090966998,3.50478976066964,4.97716518863898,80.0417473102527,1.11557046419206,0.188472621450768
14.4333333333333,174.389600130018,165,45.591743754096,79.3860812796605,4.3425165942289,3.45382981872116,5.00244696514427,80.5311657957713,1.04559069388043,0.184128112277062
14.45,174.764009156859,165,45.591743754096,79.8100987768548,4.22508085550178,3.40098373629395,5.02660040472667,80.9349715539243,0.973540149827995,0.179680272505507
14.4666666666667,175.1236724229,165,45.591743754096,80.1495640644733,4.11193245631978,3.35006695666205,5.04963021282166,81.2890080200949,0.904639785096654,0.175385904377249
14.4833333333333,175.468533315688,166,46.591743754096,80.4084132673072,3.99998041816551,3.29968853949263,5.07155840851309,81.5824578299617,0.836973346449782,0.171150279716232
14.5,175.798519696137,166,46.591743754096,80.6852059102546,3.88748299971456,3.2490647011897,5.09238938326445,81.8086368121111,0.769472402654469,0.166919654247569
14.5166666666667,176.113548165143,167,47.591743754096,80.883405249894,3.78173716956557,3.20147907762266,5.11215121077652,82.0003410424669,0.706607146940681,0.162915049699053
14.5333333333333,176.413527822413,167,47.591743754096,81.1017566283642,3.67878221864868,3.15514934971006,5.13088159330637,82.1443528210434,0.645910427273076,0.159015424940745
14.55,176.698363562851,168,48.591743754096,81.2440165923743,3.58433549743261,3.11264832516282,5.14862773889137,82.2684000486572,0.590861510543175,0.155393904694375
14.5666666666667,176.967958954121,168,48.591743754096,81.4092588812453,3.49336103757405,3.07170981822647,5.16543657924592,82.3554653577804,0.538322679213703,0.151896855540918
14.5833333333333,177.222218736582,169,49.591743754096,81.5015567189706,3.41088499168168,3.03459559757491,5.18135796253062,82.4305269807107,0.491345590366164,0.148676464785442
14.6,177.461050982611,169,49.591743754096,81.620260983104,3.33146222214775,2.99885535128464,5.19643735513842,82.474653754336,0.446542561425455,0.145566720467066
14.6166666666667,177.684368919221,170,50.591743754096,81.6696682860377,3.29899731663547,2.15949681464524,5.20278206205888,82.5220735049392,0.447201366705539,0.1427072415055
14.6333333333333,177.892092422041,170,50.591743754096,81.7212250479778,3.29186844529102,2.15807104037635,5.20310909074645,82.5893981068691,0.474091228771371,0.139825327424782
14.65,178.084149869379,171,51.591743754096,81.6556737665334,3.27981190175302,2.15565973166875,5.20318808142279,82.670962955267,0.496659856649762,0.136866110787422
14.6666666666667,178.260480855789,172,52.591743754096,81.5805230384593,3.25164370278237,2.15002609187462,5.2029893555661,82.7129500484298,0.508051465040767,0.133494623311758
14.6833333333333,178.421038462997,172,52.591743754096,81.5017598142667,3.21021442667365,2.14174023665288,5.20247079069203,82.7178719242087,0.510045415021294,0.129804434756946
14.7,178.565790670936,173,53.591743754096,81.3299641002272,3.15865488443125,2.1314283282044,5.20160018065945,82.6910136090326,0.504599097234978,0.125895619265787
14.7166666666667,178.694721151074,174,54.591743754096,81.1700350617337,3.09189354688955,2.11807606069606,5.20034097792404,82.6029249304059,0.488622570122675,0.121619598942184
14.7333333333333,178.807829615242,174,54.591743754096,81.0254989261223,2.98893253556873,2.0974838584319,5.20433796675892,82.4556833765265,0.437653332228545,0.117200909102418
14.75,178.905131873854,175,55.591743754096,80.804495989808,2.91304307291343,2.08230596590084,5.20213346207865,82.2851379453831,0.414216239566313,0.112842051440228
14.7666666666667,178.986659725581,176,56.591743754096,80.6097699314399,2.82439458853611,2.06457626902537,5.20077131742083,82.0741517358102,0.379236135522183,0.10838682289908
14.7833333333333,179.052460660998,177,57.591743754096,80.4431292323795,2.72537269457796,2.04477189023374,5.2010491153202,81.834818480466,0.332651652946923,0.10403136725876
14.8,179.102597446682,177,57.591743754096,80.3058868067209,2.630233966244,2.02574414456695,5.20111646829886,81.5888225670995,0.287130698185786,0.0999249692480317
14.8166666666667,179.13714766464,178,58.591743754096,80.1044537446129,2.54679080259261,2.00905551183667,5.2001260419933,81.3427015715017,0.249416517336247,0.0961709247286407
14.8333333333333,179.156203166646,179,59.591743754096,79.9401423425149,2.45784420906125,1.9912661931304,5.20041559955388,81.0849904378507,0.204115647554701,0.0925840757637926
14.85,179.15986948439,180,60.591743754096,79.8133763144401,2.37748616993036,1.97519458530422,5.20009655760125,80.8241390288188,0.163983604037102,0.0893052941254631
14.8666666666667,179.148265249346,181,61.591743754096,79.7243699802683,2.30639471332728,2.53757497231543,5.19981653869091,80.5764278290654,0.128244778828193,0.0864402622451314
14.8833333333333,179.121521562026,181,61.591743754096,79.693303483504,2.24794713342153,2.51127356135784,5.19934079116226,80.3617830406402,0.0995581052443563,0.084038183859407
14.9,179.079780926633,182,62.591743754096,79.6428201804219,2.19874908811602,2.48913444097036,5.19981874518416,80.1937534773162,0.0736258923674144,0.0821508214109406
14.9166666666667,179.023195442451,183,63.591743754096,79.6681733834897,2.16621602646526,2.47449456322752,5.19873610266617,80.0443056125957,0.0604234841937999,0.0806153652758245
14.9333333333333,178.951925194964,183,63.591743754096,79.7645587856463,2.14706115663267,2.46587487180285,5.19770035432707,79.9527550711719,0.0546273733196369,0.0795521814044707
14.95,178.866137090895,184,64.591743754096,79.8332442619555,2.12665941014558,2.45669408588366,5.19995677287295,79.9231659960501,0.0407435583595287,0.0789881654326217
14.9666666666667,178.766004028706,184,64.591743754096,79.9708593753486,2.13392568197244,2.45996390820575,5.19820531060793,79.9238735679375,0.051798931461957,0.0786961178871945
14.9833333333333,178.651704249207,184,64.591743754096,80.0792998678616,2.13610696577219,2.46094548591564,5.19966267227068,79.9822625518091,0.0527509343570452,0.0787468645984071
15,178.523420788351,184,64.591743754096,80.1613548193701,2.15415057194331,2.46906510869264,5.19866110512471,80.0647034081905,0.0683140425295487,0.0789213241178049
15.0166666666667,178.381341012766,184,64.591743754096,80.2198088197605,2.16780456744382,2.47520940666787,5.19838422732096,80.156049394234,0.0794517114510719,0.0790779364385987
15.0333333333333,178.225656216106,184,64.591743754096,80.2574375152988,2.17687566405036,2.47929140014081,5.19830536948709,80.2433044701307,0.0871254028206866,0.0791337689037542
15.05,178.056561229288,183,63.591743754096,80.2766769993668,2.18203014845392,2.48161091812242,5.19800234640487,80.3177250030836,0.092597868386675,0.0790500734097109
15.0666666666667,177.87425400117,183,63.591743754096,80.1850868179228,2.17114092719268,2.47671076855486,5.1998255178454,80.3740576597091,0.08352850495546,0.0788157920082705
15.0833333333333,177.678935221358,182,62.591743754096,80.0848123203904,2.16699994736414,2.47484732763201,5.19758733081403,80.3702382412646,0.0866915203645987,0.0782074270039977
15.1,177.470808006728,182,62.591743754096,79.8824894688417,2.13519254108668,2.46053399480715,5.19903133202873,80.3280984748506,0.0647690500633743,0.07734700633929
15.1166666666667,177.250077666344,181,61.591743754096,79.679381255055,2.09658739745546,2.44316168017311,5.19892641677437,80.2075792798002,0.0414271033637231,0.076101182022945
15.1333333333333,177.016951568248,180,60.591743754096,79.38090573682,2.04617826249278,2.4204775694399,5.1995940130389,80.0365185965261,0.0086870575867157,0.0746735592752579
15.15,176.771639020146,179,59.591743754096,78.9926759096285,1.98650122801388,2.39362290392439,5.19976279876455,79.790704150519,-0.0292875409551812,0.0729607518199835
15.1666666666667,176.514351166777,178,58.591743754096,78.5198073016682,1.91652322032908,2.36213280046623,5.19936128461797,79.4602376882632,-0.0730635470663794,0.0709311152624316
15.1833333333333,176.245300943651,177,57.591743754096,77.9669701962225,1.83652074649862,2.32613168724253,5.1983155662825,79.0405246696192,-0.122400034230917,0.0685927801662223
15.2,175.96470304791,177,57.591743754096,77.3384033610708,1.74755093353815,2.28609527141032,5.19655707501543,78.5307120460036,-0.176581518154499,0.0659775974135604
15.2166666666667,175.672773936617,176,56.591743754096,76.7325303677471,1.65107273522488,2.24268008216935,5.19402694511936,77.9324655472347,-0.234655346495776,0.0631296402769731
15.2333333333333,175.369731822342,175,55.591743754096,76.0524029257092,1.5698744357153,2.02952997337206,5.18803027448865,77.2907227167604,-0.277098489647985,0.0603372895555549
15.25,175.055796720744,175,55.591743754096,75.2956923807209,1.4877409249287,2.00180991348159,5.18122986970578,76.6013231007473,-0.319440276777646,0.0575031346232279
15.2666666666667,174.731190654339,174,54.591743754096,74.5558539893083,1.40086349074755,1.97248877944545,5.17389129196288,75.8521082552633,-0.364582883921044,0.0545537998006776
15.2833333333333,174.396138082802,174,54.591743754096,73.7381489213773,1.31594247319788,1.94382793602243,5.16601187379805,75.0702465963937,-0.408388023747325,0.0516923180950069
15.3,174.050866306738,173,53.591743754096,72.9427915829627,1.22907950874465,1.91451168551947,5.15759471403575,74.2394858889184,-0.453243902900644,0.0487993871514789
15.3166666666667,173.695605725132,173,53.591743754096,72.0746882047694,1.14644974222252,1.88662413931825,5.14865143204074,73.3863078977554,-0.495345440763183,0.046061458485794
15.3333333333333,173.33058994107,173,53.591743754096,71.2337710648131,1.06366834121377,1.8586854164778,5.13919655603571,72.4936341802611,-0.537388542254437,0.043343977397995
15.35,172.956055780792,172,52.591743754096,70.419288087123,0.986480247815919,1.83263443495602,5.12925054672723,71.5870826039922,-0.575839650695366,0.0408199877440098
15.3666666666667,172.572243232005,172,52.591743754096,69.5359333421715,0.918250831917357,1.80960700709026,5.11885913565156,70.6849878952548,-0.608646605589419,0.0385891068045672
15.3833333333333,172.179395345141,172,52.591743754096,68.683574290501,0.852522156969034,1.7874235792952,5.10805728734697,69.7637638349838,-0.639796424858631,0.0364530088104032
15.4,171.777758089686,172,52.591743754096,67.8614685629352,0.793560302310436,1.76752395334792,5.09687595196932,68.8439574636241,-0.666674724501077,0.0345395076335656
15.4166666666667,171.367580199844,172,52.591743754096,67.0689141489922,0.743717441604614,1.75070198785971,5.08536437200285,67.940045010949,-0.68785748262363,0.0329174720024446
15.4333333333333,170.949112995055,172,52.591743754096,66.3053258160491,0.703994316887555,1.7372954332677,5.07358095382753,67.061822222307,-0.702759195205119,0.0316143637339205
15.45,170.522610203242,171,51.591743754096,65.5702644537182,0.674478920560679,1.72733398700738,5.06158694239989,66.2155725785324,-0.711358898576225,0.030629870504684
15.4666666666667,170.088327736645,171,51.591743754096,64.768866650589,0.654678805138158,1.72065144805228,5.04944225359645,65.4050181759519,-0.71399296329836,0.0299461969610693
15.4833333333333,169.646523415687,171,51.591743754096,64.0014444085658,0.635647853419584,1.71422850184726,5.03717830564966,64.5958210320857,-0.716182563624395,0.0292900467684533
15.5,169.197456697207,171,51.591743754096,63.2676253228554,0.620175395225958,1.70900654720691,5.02481143328242,63.8008416671313,-0.716217616318913,0.028745486630551
15.5166666666667,168.741388454953,171,51.591743754096,62.5669627194276,0.609858780079832,1.70552468959509,5.01237004157094,63.0292353488689,-0.713129709410477,0.0283598249713403
15.5333333333333,168.278580747677,170,50.591743754096,61.8989972157822,0.605438626922253,1.70403288790441,4.9998888779495,62.2872506155684,-0.706482227862031,0.028154080688515
15.55,167.809296558362,170,50.591743754096,61.1687183060903,0.607064261505952,1.70458153957641,4.9874049866814,61.5789132512835,-0.696204448941633,0.0281312437652596
15.5666666666667,167.333799521539,170,50.591743754096,60.4761937498827,0.606380613599641,1.70435080840803,4.97493036496759,60.870342239984,-0.68744350365389,0.0280370608968
15.5833333333333,166.852353650374,170,50.591743754096,59.820735952466,0.606696726515627,1.70445749651717,4.9624650335986,60.1748858404937,-0.67816083716891,0.0279722957568418
15.6,166.365223071235,170,50.591743754096,59.2015343711802,0.610050913907955,1.70558953476209,4.95002376982122,59.5021423236699,-0.667109483755356,0.0279984076004649
15.6166666666667,165.872671770822,169,49.591743754096,58.6177354043158,0.617547150520128,1.70811951461869,4.93762994151095,58.8587170024443,-0.653623253826668,0.0281480798993544
15.6333333333333,165.374963359221,169,49.591743754096,57.9739186293876,0.62962677800256,1.71219638889401,4.92531104509975,58.2488884059941,-0.637446741238848,0.0284336948298564
15.65,164.872360850924,169,49.591743754096,57.3697375847214,0.638164345011806,1.71507781775963,4.91307098811597,57.6389221519766,-0.623581571407274,0.0286084112946735
15.6666666666667,164.365126464991,169,49.591743754096,56.8040947593989,0.646646049723379,1.71794039309979,4.90090283937217,57.0422146820671,-0.609876567198847,0.0287787445443523
15.6833333333333,163.853521444818,168,48.591743754096,56.2757803071501,0.657244722816083,1.72151744526858,4.88881529684242,56.4683270642861,-0.594998825650759,0.0290105577579529
15.7,163.33780589754,168,48.591743754096,55.6889870106349,0.671165276381345,1.72621563209685,4.87682630979139,55.9237574603667,-0.578217209376083,0.0293398774058632
15.7166666666667,162.818238651416,167,47.591743754096,55.142977720517,0.680807069163313,1.72946973716077,4.86493383915626,55.376372629869,-0.564206745633586,0.0295360713889631
15.7333333333333,162.295077099752,167,47.591743754096,54.5417083765901,0.68999977896966,1.73257227672041,4.85312743315149,54.8406679229915,-0.550602742014674,0.0297162338030569
15.75,161.768577000954,166,46.591743754096,53.984096073243,0.693008934091551,1.73358786657405,4.84138920240435,54.2906578461925,-0.54092126646022,0.0297071278311235
15.7666666666667,161.238992307917,166,46.591743754096,53.3737081518678,0.694936021391928,1.73423825853793,4.82970160794292,53.745423461828,-0.532009921331774,0.0296647560124149
15.7833333333333,160.706575049579,165,45.591743754096,52.8090735335919,0.690866078931925,1.73286465295768,4.81804550774434,53.1822882374298,-0.526879126180592,0.0294407688410574
15.8,160.171575252513,164,44.591743754096,52.1933981269392,0.686386332680564,1.73135273859784,4.80640574649737,52.6226293485835,-0.522078605343994,0.0292057471158675
15.8166666666667,159.634240893756,164,44.591743754096,51.5303209063839,0.676829614012771,1.72812734604746,4.79476760435584,52.0452858089186,-0.520468712423184,0.0288186014341129
15.8333333333333,159.094817878681,163,43.591743754096,50.9178232178142,0.659750940282696,1.72236329366356,4.78309665467338,51.4363159524332,-0.523529295981428,0.0282066482650632
15.85,158.553550040569,162,42.591743754096,50.2585347486416,0.642361635165018,1.71649440318634,4.77137388140173,50.8234978595897,-0.526807302744422,0.0275898847137858
15.8666666666667,158.010679188567,161,41.591743754096,49.5555434282905,0.6209872560469,1.70928055023398,4.75958799559993,50.1901988802138,-0.532553574007777,0.0268571145888914
15.8833333333333,157.466445230302,160,40.591743754096,48.8117659167557,0.593719524388591,1.7000776907993,4.74771225321474,49.5255459417665,-0.541921928222812,0.0259515039278612
15.9,156.92108629417,160,40.591743754096,48.0298866360635,0.559872277211084,1.68865424487689,4.73571279998638,48.8230296670431,-0.555309179810378,0.0248536419885056
15.9166666666667,156.374838826159,159,39.591743754096,47.3069089037186,0.51956266574159,1.67504975100594,4.72355432143909,48.0793481231403,-0.572616454148509,0.0235685456318909
15.9333333333333,155.827937670673,158,38.591743754096,46.5445447712894,0.481515552352651,1.66220885023717,4.71122825914058,47.3297281729918,-0.588464700974784,0.0223615318850128
15.95,155.280616142993,157,37.591743754096,45.7450705123762,0.442821232331733,1.64914951723011,4.6987401031488,46.5625191315731,-0.604643889253769,0.0211437022149236
15.9666666666667,154.733106127211,156,36.591743754096,44.9107161971343,0.401823053233894,1.63531263178459,4.68608268499955,45.7699772276319,-0.62216483685485,0.0198648310651098
15.9833333333333,154.185638230871,156,36.591743754096,44.0436063615231,0.357753354385289,1.62043910842319,4.67324216105496,44.9473735966178,-0.641486958440675,0.0185020080677634
16,153.638441927556,155,35.591743754096,43.2403020827431,0.310448001979548,1.60447355198625,4.66020217728454,44.0922392119857,-0.662696554285608,0.0170507620045323
16.0166666666667,153.091745695086,154,34.591743754096,42.4021759368817,0.268246276467445,1.59023046962591,4.64697123995768,43.2399965863662,-0.680662983026032,0.0157638712305676
16.0333333333333,152.545777189104,154,34.591743754096,41.5312501658698,0.227814275437073,1.57658466927816,4.63356961274235,42.3787865771588,-0.697447142250889,0.0145388580708597
16.05,152.000763388502,153,33.591743754096,40.724138107374,0.187075406341777,1.5628353009585,4.6200025173205,41.5004225506364,-0.714326812510334,0.01331218000026
16.0666666666667,151.456930695998,152,32.591743754096,39.8823496973735,0.152989550574482,1.55133132463704,4.60629082930879,40.6358679458301,-0.727029090846685,0.0122941977679474
16.0833333333333,150.914505036987,152,32.591743754096,39.0080812045507,0.12126532800201,1.54062439951883,4.59246064958676,39.7698803481443,-0.738208864201676,0.0113531544647454
16.1,150.3737119941,151,31.591743754096,38.1981244878547,0.0891931244569142,1.52980003082236,4.57851859396307,38.8917783732195,-0.749535394120554,0.0104062983618823
16.1166666666667,149.83477691284,151,31.591743754096,37.3541525353278,0.0633419945345851,1.52107527447357,4.564484074326,38.0307423904922,-0.75697633988293,0.00965227141428245
16.1333333333333,149.297924960614,150,30.591743754096,36.5730674915625,0.0392047318064278,1.51292894830282,4.55038003648643,37.170300603098,-0.763318301769559,0.00895298846347278
16.15,148.76338118091,150,30.591743754096,35.756716848357,0.0220949059953996,1.5071543820916,4.53623369215403,36.3352110418286,-0.765307333814899,0.00846864727767165
16.1666666666667,148.231370578751,149,29.591743754096,35.0021979237621,0.00659647693969308,1.5019236622853,4.52208469948744,35.5057089048783,-0.766321768697622,0.00803574545990289
16.1833333333333,147.702118172411,148,28.591743754096,34.2115455337299,-0.00205332474360996,1.49764402657454,4.50786870798509,34.704271240183,-0.762969554471389,0.00779883933359183
16.2,147.175848991601,148,28.591743754096,33.3874082219057,-0.00949077352294299,1.49020657779521,4.49360262953211,33.9098190574458,-0.758727228038673,0.00758505027551038
16.2166666666667,146.652788033537,147,27.591743754096,32.6268035817398,-0.0191659342831897,1.48053141703496,4.47927041144579,33.1075746109592,-0.75569427482483,0.00728801809194397
16.2333333333333,146.133160183773,146,26.591743754096,31.8313992177818,-0.0249905992859215,1.47470675203223,4.46489104427061,32.3239011502113,-0.750159381043107,0.00709462881374884
16.25,145.6171901064,146,26.591743754096,31.003514589197,-0.0317074524707233,1.46798989884743,4.45048735317935,31.5402868676291,-0.745080848525625,0.00686286942862372
16.2666666666667,145.105102133169,145,25.591743754096,30.240048050288,-0.0419799936517316,1.45771735766642,4.43602140018459,30.7439355678302,-0.742041612239827,0.00650885225140367
16.2833333333333,144.597120178204,144,24.591743754096,29.4425890344074,-0.0491380946809928,1.45055925663716,4.4214952524135,29.9628085655137,-0.736945434453357,0.00623573398368298
16.3,144.093467607485,143,23.591743754096,28.6133122279283,-0.0575260833381414,1.44217126798001,4.40692292235701,29.1796443889525,-0.732492055882973,0.00591289495988322
16.3166666666667,143.594367037858,143,23.591743754096,27.7543771531385,-0.0695550097825814,1.43014234153557,4.39226303099485,28.3825605722767,-0.730104386522993,0.00546386571210934
16.3333333333333,143.100040071681,142,22.591743754096,26.9622546116928,-0.086297766804091,1.41339958451406,4.37744587835659,27.5639636993347,-0.73033940948421,0.00485057975327352
16.35,142.610706970415,141,21.591743754096,26.1380059859354,-0.100080672700845,1.3996166786173,4.36246317143248,26.755645933054,-0.728470885903587,0.00430599626924975
16.3666666666667,142.126586294336,140,20.591743754096,25.2832808127389,-0.114680737240071,1.38501661407808,4.34733147686732,25.942989079508,-0.726857474639655,0.00371712048675756
16.3833333333333,141.647894532369,139,19.591743754096,24.3997730409644,-0.13224580272766,1.36745154859049,4.33201875699583,25.1158014827623,-0.726778481220892,0.00301641530109204
16.4,141.174845651027,138,18.591743754096,23.4890026565673,-0.153782689428138,1.34591466189001,4.31646730246664,24.2674646955868,-0.728772187501534,0.00216895119716628
16.4166666666667,140.707650563273,137,17.591743754096,22.552217909045,-0.179554403223293,1.32014294809486,4.300609297821,23.3940648566245,-0.732905651425492,0.00116166596934017
16.4333333333333,140.246516549455,136,16.591743754096,21.5903748118666,-0.209382599522194,1.29031475179596,4.2843765786235,22.4936131309704,-0.738976424460232,-5.00622969766594e-06
16.45,139.791646591508,136,16.591743754096,20.6041613626293,-0.242863857055053,1.2568334942631,4.26770609161489,21.5654026925761,-0.746654086502938,-0.00132325988066373
16.4666666666667,139.343238625124,135,15.591743754096,19.6886129044318,-0.27951416245806,1.22018318886009,4.25054237348862,20.6095130559047,-0.755572715403716,-0.00278211756758832
16.4833333333333,138.901484679229,134,14.591743754096,18.743545959626,-0.310970890214358,1.18872646110379,4.23290969348463,19.662627166028,-0.760644814478573,-0.00412448636100235
16.5,138.466569939858,134,14.591743754096,17.7696189385042,-0.340877884319337,1.15881946699881,4.21486375704865,18.7129445897401,-0.764218224274695,-0.00545565257887448
16.5166666666667,138.038671712129,133,13.591743754096,16.8623634721847,-0.37157115757809,1.12812619374006,4.19641102840437,17.7516415284283,-0.767756120392645,-0.00684535056104904
16.5333333333333,137.617958229486,133,13.591743754096,15.9223206423014,-0.396515058099662,1.10318229321849,4.17759934426941,16.8086992025737,-0.767326534372762,-0.0080902981391689
16.55,137.204587334964,132,12.591743754096,15.0454816789307,-0.420427987055552,1.0792693642626,4.15848410497031,15.8675759908324,-0.765931716020609,-0.00932873341175299
16.5666666666667,136.798705021915,132,12.591743754096,14.1330226111558,-0.438298517704111,1.06139883361404,4.13912984684811,14.9524904923453,-0.760598348360015,-0.0104025458922456
16.5833333333333,136.400443863646,131,11.591743754096,13.2815874256446,-0.455725147107893,1.04397220421026,4.11958889854992,14.0428555431773,-0.754859547657579,-0.0114772260032128
16.6,136.009921326268,131,11.591743754096,12.392934292136,-0.468122722074347,1.0315746292438,4.0999120436024,13.1602374418981,-0.745977254928377,-0.0124089917311746
16.6166666666667,135.627238002016,131,11.591743754096,11.5641783092136,-0.481218034072881,1.01847931724527,4.08013338597225,12.2824553121873,-0.737530282542148,-0.0133689422298074
16.6333333333333,135.252475742064,131,11.591743754096,10.7919976874373,-0.490375584132196,1.00932176718595,4.06028493705471,11.4302373330178,-0.726716436797511,-0.0142134800158481
16.65,134.885695739194,130,10.591743754096,10.0732663849817,-0.493292273285706,1.00640507803244,4.04045529137299,10.6172446224533,-0.712255719640104,-0.0148652785913966
16.6666666666667,134.526936643157,130,10.591743754096,9.3107190723561,-0.48921794902426,1.01047940229389,4.02075752034721,9.85168920239931,-0.6938581478884,-0.0152923484572657
16.6833333333333,134.176212701094,130,10.591743754096,8.60264206753885,-0.486238052583224,1.01345929873493,4.00123697345797,9.10165266849626,-0.67656003147111,-0.0157370317154493
16.7,133.833511962023,130,10.591743754096,7.94683802119037,-0.480996974301658,1.01870037701649,3.98190704688065,8.38118885186525,-0.658306125634227,-0.0160966602109737
16.7166666666667,133.498794618051,130,10.591743754096,7.34113210125581,-0.471733004970627,1.02796434634752,3.96282289032788,7.69969975476483,-0.63808698351429,-0.016313567199606
16.7333333333333,133.171991553247,129,9.59174375409597,6.78355746239671,-0.457769312817228,1.04192803850092,3.94405925469583,7.0629263962626,-0.615589331557528,-0.0163615241675311
16.75,132.853003143909,129,9.59174375409597,6.17785731875871,-0.439111435589521,1.06058591572863,3.92569591717414,6.47389833449396,-0.590924843900747,-0.0162347453914645
16.7666666666667,132.541698352384,129,9.59174375409597,5.62310484196107,-0.424035405396156,1.07566194592199,3.90773733620135,5.89757814911942,-0.569173716448746,-0.01618515274131
16.7833333333333,132.23791424129,129,9.59174375409597,5.11765536658726,-0.40904287340325,1.0906544779149,3.89015581450007,5.3463625113997,-0.548121253283732,-0.0161094553314553
16.8,131.94145595769,128,8.59174375409597,4.65967372424124,-0.392061174072847,1.1076361772453,3.87296931324296,4.82896411802745,-0.526503173545519,-0.0159438424803798
16.8166666666667,131.652097196318,128,8.59174375409597,4.15278759528255,-0.372044136472549,1.1276532148456,3.856221135221,4.35102330586115,-0.503726201825188,-0.0156536169910096
16.8333333333333,131.36958122895,128,8.59174375409597,3.69581969161321,-0.356523332873167,1.14317401844498,3.83989414292367,3.87960814788008,-0.484379492101684,-0.0154698294938524
16.85,131.093622503081,128,8.59174375409597,3.28681811256066,-0.341508331377005,1.15818901994115,3.82394926433667,3.42869394790144,-0.465929476365194,-0.01527510491052
16.8666666666667,130.82390876579,128,8.59174375409597,2.92363420841229,-0.324628144825158,1.17506920649299,3.808399603263,3.00809364974099,-0.446922844792265,-0.0149968801188754
16.8833333333333,130.56010374083,127,7.59174375409597,2.60417491418806,-0.304677955885144,1.19501939543301,3.79328736054387,2.62415103689931,-0.426669243967372,-0.0145956342702275
16.9,130.301850300342,127,7.59174375409597,2.23196144856305,-0.281238137831138,1.21845921348701,3.77866770521732,2.2805074678725,-0.404980395511713,-0.0140546962429583
16.9166666666667,130.048774025495,127,7.59174375409597,1.9057937606053,-0.262262641587397,1.23743470973075,3.76452670537973,1.94264732490294,-0.386710745913393,-0.013617676533122
16.9333333333333,129.800487125959,127,7.59174375409597,1.6237355490143,-0.244022642332319,1.25567470898583,3.75082286798683,1.62335725015863,-0.369484149879228,-0.0131753451199903
16.95,129.556592608974,127,7.59174375409597,1.38366418093446,-0.224289952894749,1.2754073984234,3.73756356851058,1.33160238518364,-0.351926544614768,-0.0126599422854365
16.9666666666667,129.316688551271,126,6.59174375409597,1.18350775849608,-0.201920210827729,1.29777714049042,3.72478363734827,1.07315276434782,-0.333373825615629,-0.012034373528999
16.9833333333333,129.080372391191,126,6.59174375409597,0.92679720510151,-0.176501233349046,1.3231961179691,3.71253034885138,0.851283747243459,-0.313630825081175,-0.0112828134803394
17,128.847245120475,126,6.59174375409597,0.712329564552293,-0.155963516523448,1.3437338347947,3.70078204307288,0.63126284930527,-0.297526660041155,-0.0106487521871325
17.0166666666667,128.616915321356,126,6.59174375409597,0.538154965880491,-0.136539531864039,1.36315781945411,3.68949004371713,0.425761136490079,-0.282651618750898,-0.0100223181126411
17.0333333333333,128.389002941156,126,6.59174375409597,0.402129926372154,-0.115957472546832,1.38373987877132,3.67865525126162,0.243692891318738,-0.267596415027491,-0.00933489089863514
17.05,128.163142683562,126,6.59174375409597,0.302158167579423,-0.0930306845141684,1.40666666680398,3.66830675625786,0.0908157048017506,-0.251663908824346,-0.00854848549680329
17.0666666666667,127.938986980966,126,6.59174375409597,0.236315565005576,-0.0673093129175088,1.43238803840064,3.65848677702448,-0.0295868244562628,-0.234629990591212,-0.00764646202260494
17.0833333333333,127.716208490623,125,5.59174375409597,0.2028975301181,-0.0388053793595659,1.46089197195858,3.64924077811342,-0.1160533082463,-0.216558436672791,-0.00662600975149937
17.1,127.494502111587,125,5.59174375409597,0.105849251668862,-0.00778921428658633,1.49190813703156,3.64061155720935,-0.168382778110032,-0.19766631705645,-0.0054924528712143
17.1166666666667,127.273586498192,125,5.59174375409597,0.044358152083595,0.0175986057223267,1.51201637532378,3.63253755387698,-0.223336223527198,-0.182835767278258,-0.00450082003346242
17.1333333333333,127.053205098656,125,5.59174375409597,0.0166270429533796,0.0414124378103702,1.52868605778541,3.62486913998856,-0.269188203684448,-0.169283316797804,-0.00354667734818409
17.15,126.83312672301,125,5.59174375409597,0.0203916080549663,0.0658558966323697,1.54579647896081,3.61759504611936,-0.297475218418224,-0.155630193485306,-0.00256425653484166
17.1666666666667,126.613145692882,125,5.59174375409597,0.053375398367363,0.0920939318592565,1.56416310361963,3.61072834011162,-0.3027868589391,-0.141173950314523,-0.00151751849354671
17.1833333333333,126.393081597344,125,5.59174375409597,0.113464762802401,0.120586682364525,1.58410802897332,3.60429125210165,-0.282109046627936,-0.125658057520665,-0.000391354582534253
17.2,126.172778746127,125,5.59174375409597,0.198740914412052,0.151340725647035,1.60563585927107,3.59830848460668,-0.23419138247396,-0.10910790224493,0.000815674154377628
17.2166666666667,125.952105352164,125,5.59174375409597,0.307479457913488,0.184096734945217,1.6285650657798,3.59280307027679,-0.159016740295333,-0.0917096079639087,0.0020968118894444
17.2333333333333,125.730952450013,125,5.59174375409597,0.438131568176788,0.218462779422747,1.65262129691407,3.58779408992047,-0.0573797637807378,-0.0737249681102977,0.00344103713191137
17.25,125.509232624247,125,5.59174375409597,0.589296693652656,0.254003743584107,1.67749997182703,3.5832956792639,0.0694322796667996,-0.0554352066746407,0.00483573104853464
17.2666666666667,125.286878580382,124,4.59174375409597,0.759693242634128,0.290297055259974,1.70290529000013,3.57931687380526,0.21986978534118,-0.0371066395039248,0.00626836854892912
17.2833333333333,125.063841623296,124,4.59174375409597,0.853561754607999,0.326963775960453,1.72857199449047,3.57586195339981,0.392278434331154,-0.0189721770787801,0.00772748786518854
17.3,124.840090065438,124,4.59174375409597,0.970260169590301,0.355692537637221,1.74868212766421,3.57288051278189,0.548790889386811,-0.00607158632583224,0.00895757228111449
17.3166666666667,124.615607619163,124,4.59174375409597,1.10831427793014,0.380163392926307,1.76581172636657,3.57030037658082,0.700158220996921,0.00396231643233132,0.0100664087903194
17.3333333333333,124.390391785911,124,4.59174375409597,1.26600951707009,0.402837837734723,1.78168383773246,3.56808483941795,0.854293910948745,0.0126961484725526,0.0111267716906439
17.35,124.164452311069,124,4.59174375409597,1.44157451159091,0.425240936636793,1.79736600696391,3.56622015103091,1.0166448569916,0.0210877983232666,0.0121842716431827
17.3666666666667,123.937809706484,124,4.59174375409597,1.63329264374361,0.448212631146417,1.81344619312064,3.56470611396438,1.19064001384949,0.029654633123891,0.0132644532370256
17.3833333333333,123.710493813128,124,4.59174375409597,1.83956188112869,0.472117418412818,1.83017954420712,3.56354936582721,1.3781409757444,0.038612115400637,0.0143787851686036
17.4,123.482542464591,124,4.59174375409597,2.0589193823174,0.497010166638469,1.84760446796508,3.56275884474094,1.57985089467593,0.0479822311861268,0.0155294444562475
17.4166666666667,123.254000245238,124,4.59174375409597,2.29004370151943,0.522760966245155,1.86563002768976,3.56234294230369,1.7956606873451,0.057674263599653,0.0167129530717789
17.4333333333333,123.0249173075,124,4.59174375409597,2.53174406987329,0.549144583112031,1.88409855949657,3.56230789889738,2.02492642672435,0.0675420007847874,0.017922809823159
17.45,122.795348301521,124,4.59174375409597,2.78294341033722,0.575901079405181,1.90282810690178,3.56265706755221,2.2666809658423,0.0774219690759145,0.019151295142632
17.4666666666667,122.565351404563,124,4.59174375409597,3.04265949129014,0.60277411484805,1.92163923171179,3.56339074914136,2.51978779936188,0.0871571326273156,0.0203906294734257
17.4833333333333,122.334987409264,124,4.59174375409597,3.30998691287596,0.629532790398521,1.94037030459711,3.56450637390778,2.78304724908203,0.0966099916686501,0.0216336504706059
17.5,122.104318919442,124,4.59174375409597,3.58408138227663,0.655981964378366,1.95888472638301,3.56599886718798,3.05526529158637,0.105668344867077,0.022874149610557
17.5166666666667,121.873409637356,124,4.59174375409597,3.8641468856297,0.681964966825665,1.97707282809612,3.56786108869828,3.33529449618269,0.114246287740449,0.0241069812851539
17.5333333333333,121.642323697811,124,4.59174375409597,4.14942582001822,0.707361687782695,1.99485053276604,3.57008427482522,3.62205515161711,0.122282376227365,0.02532803089938
17.55,121.411125070821,124,4.59174375409597,4.43919183100281,0.732084186811018,2.01215628208586,3.57265844306819,3.91454309339869,0.12973633202036,0.026534105016038
17.5666666666667,121.179877016139,124,4.59174375409597,4.73274494331982,0.756071291314178,2.02894725523807,3.57557273870935,4.21182922474387,0.136585218232463,0.0277227871210007
17.5833333333333,120.948641631793,124,4.59174375409597,5.02940852139943,0.779283121599219,2.0451955364376,3.57881571768562,4.51305437751215,0.142819668539162,0.0288922872645949
17.6,120.717479476141,124,4.59174375409597,5.32852761154633,0.801696087495257,2.06088461256483,3.58237556818151,4.81742203996636,0.148440499274043,0.0300413023580537
17.6166666666667,120.486449461819,124,4.59174375409597,5.62946826931627,0.823298624000868,2.07600638811876,3.58624027812067,5.12419059559804,0.153455857093061,0.0311688957239434
17.6333333333333,120.255610837062,124,4.59174375409597,5.93161754332606,0.844087748907991,2.09055877555374,3.59039775772168,5.43266605467499,0.157878938858236,0.0322743989896156
17.65,120.025021436058,124,4.59174375409597,6.23438385717617,0.864066411643454,2.10454383946857,3.59483592654933,5.74219578691157,0.161726250403486,0.0333573359592811
17.6666666666667,119.794736076464,124,4.59174375409597,6.53719759646765,0.883241540311577,2.11796642953625,3.59954277374682,6.05216344409188,0.165016333893295,0.0344173661552841
17.6833333333333,119.564806454829,124,4.59174375409597,6.83951176403108,0.901622667101313,2.13083321828907,3.60450639887851,6.36198506050462,0.167768878999581,0.0354542448245579
17.7,119.33528110161,124,4.59174375409597,7.14080261201739,0.919221008279696,2.14315205711394,3.60971503938604,6.67110620524947,0.170004132900828,0.0364677959992868
17.7166666666667,119.106205168595,124,4.59174375409597,7.44057019461364,0.936048884546607,2.15493157050077,3.61515708927011,6.97900000751635,0.171742532086866,0.0374578954078906
17.7333333333333,118.877619581395,124,4.59174375409597,7.73833881094074,0.952119383906916,2.16618092005299,3.62082111237529,7.2851658629217,0.173004490873611,0.038424460457244
17.75,118.649560815176,123,3.59174375409597,8.03365732568065,0.967446187950512,2.17690968288351,3.62669585262549,7.5891286401158,0.173810294576667,0.0393674450161681
17.7666666666667,118.422061144935,123,3.59174375409597,8.23152998572252,0.982043500728381,2.18712780182802,3.63277024274557,7.89043823079251,0.174180057737708,0.0402868372391742
17.7833333333333,118.195148881622,123,3.59174375409597,8.43203531546429,0.98793598001011,2.19125253732523,3.63898288033649,8.15245985041575,0.169285816633369,0.0409370773904384
17.8,117.968848547868,122,2.59174375409597,8.63439539982629,0.989079754168591,2.19205317923616,3.64525425363964,8.38714598890844,0.161664671092825,0.0414342877991238
17.8166666666667,117.743181052046,122,2.59174375409597,8.74301236169091,0.98815628781657,2.19140675278975,3.65154330051914,8.60355040786926,0.153014673758646,0.0418580320196441
17.8333333333333,117.518163879221,121,1.59174375409597,8.85728048146717,0.978871757054985,2.18490758125664,3.65778374679974,8.77197920259899,0.139544187424361,0.0420137674527658
17.85,117.293811289274,121,1.59174375409597,8.88120385414489,0.966137956040531,2.17599392054652,3.66390640042368,8.90921300878718,0.124359289299311,0.0420474028631888
17.8666666666667,117.070134515731,121,1.59174375409597,8.91368431087156,0.945094281722955,2.16126334852422,3.6698380313304,8.99127019877332,0.104556223216569,0.0418076994889237
17.8833333333333,116.84714196236,120,0.591743754095972,8.95280999454409,0.921491629149154,2.14474149172256,3.67551558999351,9.0389592473162,0.0837454001196441,0.0414665325198152
17.9,116.624839420786,119,-0.408256245904028,8.90201179286189,0.898877430031153,2.12891155233996,3.68092973473106,9.06720040008406,0.0641066360365763,0.0411317957560889
17.9166666666667,116.40323033281,119,-0.408256245904028,8.76535763671887,0.871207803610353,2.1095428138454,3.68605223269196,9.04992306506886,0.0419436046261624,0.0406188560378804
17.9333333333333,116.182316036412,118,-1.40825624590403,8.64136578348826,0.835276419733536,2.08439084513163,3.69080198341129,8.96971858258341,0.0153777781641728,0.0398264436810553
17.95,115.962096000653,118,-1.40825624590403,8.43315528020289,0.797820000108381,2.05817135139402,3.69512329038775,8.85210303307903,-0.0113874146591723,0.0389569237395048
17.9666666666667,115.742568084737,117,-2.40825624590403,8.23885832659297,0.754903432505705,2.02812975407214,3.69897220693415,8.67900092095351,-0.0407327171964073,0.0378890173053737
17.9833333333333,115.523728792235,117,-2.40825624590403,7.96139736317851,0.712597550590828,1.99851563673173,3.70232204344833,8.4749778240805,-0.0689058612452216,0.0368065022733149
18,115.305573531286,116,-3.40825624590403,7.69884394155123,0.666400289309589,1.96617755383486,3.70515067278831,8.22094501806519,-0.0986671172058126,0.03557209278418
18.0166666666667,115.088096858799,116,-3.40825624590403,7.3541514031169,0.621925686974407,1.93504533220024,3.70744726512878,7.94052400499412,-0.12656713093029,0.0343565570943963
18.0333333333333,114.871292748477,115,-4.40825624590403,7.02547879820159,0.574320962370923,1.9017220249778,3.70920085741706,7.61381938865268,-0.155596913243402,0.0330125494698385
18.05,114.655154863235,115,-4.40825624590403,6.61589738643034,0.528943054864994,1.86995748972365,3.71040825255812,7.26380867680939,-0.182475093420912,0.0317034186363306
18.0666666666667,114.43967678859,114,-5.40825624590403,6.22369592216937,0.48075962148855,1.83622908636014,3.71106358484736,6.87011339264144,-0.210309281091195,0.0302766096374824
18.0833333333333,114.224852274547,114,-5.40825624590403,5.75207464351808,0.435008956774128,1.80420362106004,3.71116702351363,6.45537179518122,-0.235894728729481,0.0288920141327111
18.1,114.010675472261,113,-6.40825624590403,5.2994427702569,0.389159190868738,1.70400592652424,3.71019324702726,5.99950832015469,-0.259729289708043,0.027394744896972
18.1166666666667,113.797141126956,113,-6.40825624590403,4.76680252886696,0.348017110652738,1.68240633441084,3.70818379485891,5.52817669474648,-0.278986761145753,0.0259362281640217
18.1333333333333,113.584244802961,112,-7.40825624590403,4.2509937501339,0.302681219183252,1.65860499138936,3.70579204863959,5.01814081712866,-0.300515105784854,0.0243453306614208
18.15,113.371983154385,112,-7.40825624590403,3.65658177308349,0.258010098979596,1.63515265328244,3.70300476680372,4.48888613707567,-0.321312734030176,0.0227694173121236
18.1666666666667,113.16035414116,111,-8.40825624590403,3.08313297597077,0.208908813144002,1.60937447821875,3.69980446055952,3.91823997114451,-0.34449849471913,0.0210532694653594
18.1833333333333,112.949357196769,111,-8.40825624590403,2.43491408746677,0.160823090152154,1.58412947364803,3.69617875495278,3.32820759390424,-0.366710745013278,0.019362121661544
18.2,112.738993344516,111,-8.40825624590403,1.81120861789565,0.108984821189422,1.5569143824426,3.69211496545552,2.69834038545895,-0.390872946936137,0.017550805559659
18.2166666666667,112.529265291332,110,-9.40825624590403,1.21060184875587,0.0589846363226644,1.53066428538755,3.68760753743948,2.05175293024009,-0.413542237140219,0.0157891229369405
18.2333333333333,112.3201774885,110,-9.40825624590403,0.537115390492547,0.0141300691524257,1.50711563762317,3.68268939650469,1.40487807879693,-0.432724603391774,0.014178392722716
18.25,112.111736183166,110,-9.40825624590403,-0.110005885363927,-0.031339594104116,1.46835775721403,3.67725176967781,0.732833886952276,-0.451729978291781,0.0125251329132146
18.2666666666667,111.903949447751,109,-10.408256245904,-0.732605729245137,-0.0720881605891324,1.42760919072902,3.67111177725705,0.0560325848468578,-0.46689820950714,0.0109622618206039
18.2833333333333,111.696827233295,109,-10.408256245904,-1.42761208541642,-0.106047145769374,1.39365020554878,3.66435916822602,-0.611351474085542,-0.477117800278091,0.00956052263213408
18.3,111.490381431847,109,-10.408256245904,-2.09658854977323,-0.140593209710864,1.35910414160729,3.65704257569893,-1.29684103643261,-0.487024827943263,0.00810066671719352
18.3166666666667,111.284625907425,109,-10.408256245904,-2.74144792953035,-0.172063964484771,1.32763338683338,3.64918711253769,-1.98330663566551,-0.494423181137551,0.00669688585678255
18.3333333333333,111.07957654482,108,-11.408256245904,-3.36392694045226,-0.198641917427944,1.30105543389021,3.64086269082408,-2.65923192602002,-0.498320250398789,0.00541093096213854
18.35,110.875251303764,108,-11.408256245904,-4.05997645663427,-0.219734266965483,1.27996308435267,3.63215865596605,-3.3174164810566,-0.498503788431705,0.00426878522461473
18.3666666666667,110.67167023831,108,-11.408256245904,-4.73009115051927,-0.243380370670864,1.25631698064729,3.62309596745466,-3.98995949819762,-0.49996204720321,0.00302824681408973
18.3833333333333,110.468855507044,108,-11.408256245904,-5.3753442563018,-0.2660669248074,1.23363042651075,3.61366555065202,-4.66241567094447,-0.500526482122309,0.00179569406730526
18.4,110.266831361396,108,-11.408256245904,-5.99686951614291,-0.285826240982558,1.21387111033559,3.60390330313001,-5.32462484362907,-0.499050002723565,0.00063425244263528
18.4166666666667,110.065624134076,108,-11.408256245904,-6.5956591892363,-0.301767730563289,1.19792962075486,3.5938683849213,-5.9698747390282,-0.495082814059549,-0.000423843255622784
18.4333333333333,109.865262212138,107,-12.408256245904,-7.17247560870829,-0.313698780574142,1.49969735131815,3.58362856075479,-6.59405933968939,-0.488615285373078,-0.00136697799433897
18.45,109.665776007218,107,-12.408256245904,-7.81149540612328,-0.348120061152838,1.49969735131815,3.57863598638364,-7.20672935736837,-0.507079524162822,-0.00218295671252224
18.4666666666667,109.46719772602,107,-12.408256245904,-8.40265328784719,-0.384964767228485,1.49969735131815,3.57366976876386,-7.84460478986825,-0.527240676924777,-0.00304106152863474
18.4833333333333,109.269560779651,107,-12.408256245904,-8.94824756338311,-0.417848195585406,1.49969735131815,3.56873036068986,-8.4810204663853,-0.545147766348728,-0.00374920153109966
18.5,109.07289921421,107,-12.408256245904,-9.45055079849645,-0.442864568682591,1.49969735131815,3.56381819342493,-9.09718800686222,-0.558336970711655,-0.00419611058591101
18.5166666666667,108.877247297572,107,-12.408256245904,-9.91180142205649,-0.45792339712954,1.49969735131815,3.55893367727912,-9.68038561011842,-0.565442178574269,-0.00432870733863776
18.5333333333333,108.682639219121,107,-12.408256245904,-10.3341964148059,-0.462234905533066,1.49969735131815,3.55407720217407,-10.2225185500589,-0.565891623646845,-0.00413468990496996
18.55,108.489108871375,107,-12.408256245904,-10.7198849982888,-0.455914288825562,1.49969735131815,3.54924913819498,-10.7189795287798,-0.559673347017789,-0.0036292824397376
18.5666666666667,108.296689692375,107,-12.408256245904,-11.0709632461438,-0.43968030482848,1.49969735131815,3.54444983613015,-11.1677509498132,-0.547155479715937,-0.00284525921242117
18.5833333333333,108.105414553571,107,-12.408256245904,-11.389469543892,-0.414628407502783,1.49969735131815,3.5396796279982,-11.5687018164294,-0.528950000181617,-0.00182554208677305
18.6,107.915315681791,107,-12.408256245904,-11.6773808272137,-0.382062466198719,1.49969735131815,3.53493882756331,-11.9230407180696,-0.505810800395784,-0.000617806140959323
18.6166666666667,107.72642460665,107,-12.408256245904,-11.9366095324928,-0.343372250290699,1.49969735131815,3.53022773083871,-12.2328935666175,-0.478558675628911,0.0007293588461351
18.6333333333333,107.538772126804,107,-12.408256245904,-12.1690011971083,-0.299946411048903,1.49969735131815,3.52554661657863,-12.500980652857,-0.448027306088446,0.00216909155817209
18.65,107.352388290046,107,-12.408256245904,-12.3763326505581,-0.253112767100572,1.49969735131815,3.52089574675904,-12.7303724361228,-0.415025482234656,0.00365799312316702
18.6666666666667,107.167302383419,107,-12.408256245904,-12.5603107410038,-0.204099382099177,1.49969735131815,3.51627536704729,-12.924307442906,-0.3803117872809,0.00515717799402952
18.6833333333333,106.983542930503,107,-12.408256245904,-12.7225715452194,-0.154011284086151,1.49969735131815,3.51168570726098,-13.0860588874352,-0.344578730168402,0.00663281937537729
18.7,106.801137693689,107,-12.408256245904,-12.8646800132082,-0.103818773966602,1.49969735131815,3.50712698181628,-13.2188392670562,-0.308443952972885,0.00805632792367874
18.7166666666667,106.62011367988,107,-12.408256245904,-12.9881300019173,-0.0543541537323909,1.49969735131815,3.50259939016586,-13.3257343336438,-0.272446645389508,0.00940427127504077
18.7333333333333,106.440497148396,106,-13.408256245904,-13.0943446555241,-0.00631441324738498,1.49969735131815,3.49810311722671,-13.4096595870838,-0.237047708020307,0.0106581170797942
18.75,106.262313620263,106,-13.408256245904,-13.2792464737479,0.0397320197958184,1.49969735131815,3.49363833379797,-13.4733338506467,-0.202632534073575,0.0118038624552444
18.7666666666667,106.085587888251,106,-13.408256245904,-13.4436394552231,0.0750978069158254,1.49969735131815,3.4892051969692,-13.5555548318896,-0.174619766366774,0.0125860836806774
18.7833333333333,105.910344027232,105,-14.408256245904,-13.5889464834889,0.103063632875266,1.49969735131815,3.48480385051895,-13.6466043035842,-0.151076492103181,0.0131153256207185
18.8,105.736605404565,105,-14.408256245904,-13.8110989431114,0.125977107175829,1.49969735131815,3.48043442530418,-13.7394482731963,-0.1306174868458,0.0134704460795854
18.8166666666667,105.564394690322,104,-15.408256245904,-14.0109178236293,0.137242831799552,1.49969735131815,3.47609703964046,-13.8654237504678,-0.117376834935053,0.0134610121794179
18.8333333333333,105.393733867213,104,-15.408256245904,-14.2844195204015,0.141598814440368,1.49969735131815,3.47179179967334,-14.0091675819263,-0.108513406726206,0.0132413142848317
18.85,105.224644240164,103,-16.408256245904,-14.5325163594413,0.134127793143396,1.49969735131815,3.46751879974094,-14.1957214353777,-0.107126877686813,0.0126724302348202
18.8666666666667,105.057146445506,103,-16.408256245904,-14.8513212596247,0.12070227830941,1.49969735131815,3.46327812272797,-14.4050294711307,-0.109665288710356,0.0119421053887755
18.8833333333333,104.89126045977,102,-17.408256245904,-15.1418472172935,0.0971291975546081,1.49969735131815,3.45906984041146,-14.6586964681115,-0.118763377625802,0.0109314264676438
18.9,104.727005608112,101,-18.408256245904,-15.5003110210513,0.0696997975677276,1.49969735131815,3.45489401379828,-14.9342073224064,-0.130588796267646,0.00983830227646228
18.9166666666667,104.564400572375,101,-18.408256245904,-15.9224012573954,0.0344162760721897,1.49969735131815,3.45075069345459,-15.2514628499745,-0.147632267871937,0.00854693076740633
18.9333333333333,104.403463398837,101,-18.408256245904,-16.3093930524865,-0.0106327565410094,1.49969735131815,3.44663991982755,-15.6231114773582,-0.171120434127948,0.00700791569633159
18.95,104.24421150566,100,-19.408256245904,-16.6632010023781,-0.0576606681836963,1.49969735131815,3.44256172355927,-16.0200649287342,-0.196282234638341,0.00546274286700726
18.9666666666667,104.086661690091,100,-19.408256245904,-17.0802641256478,-0.101519133723306,1.49969735131815,3.43851612579334,-16.4212182221851,-0.219918612778541,0.00406560515390863
18.9833333333333,103.930830135438,100,-19.408256245904,-17.4619227331203,-0.147264840688028,1.49969735131815,3.43450313847389,-16.847950951049,-0.245114464334154,0.00266097751508106
19,103.77673241785,100,-19.408256245904,-17.8101510168308,-0.189537406116018,1.49969735131815,3.43052276463759,-17.2781100414936,-0.268540669151249,0.00140937147895507
19.0166666666667,103.624383512942,100,-19.408256245904,-18.1268729364272,-0.225042315535884,1.49969735131815,3.42657499869856,-17.6960735292253,-0.288107545857097,0.000403916297761302
19.0333333333333,103.473797802286,101,-18.408256245904,-18.4139582094731,-0.251998271196506,1.49969735131815,3.42265982672636,-18.0912437501724,-0.302640559485768,-0.000310784827151101
19.05,103.324989079785,101,-18.408256245904,-18.578649624446,-0.26970887294154,1.49969735131815,3.41877722671727,-18.456850147705,-0.311627835132209,-0.000724163744874644
19.0666666666667,103.177970557956,102,-17.408256245904,-18.7231791922622,-0.269995255322671,1.49969735131815,3.41492716885905,-18.7527131699475,-0.309920827624176,-0.000603143369867181
19.0833333333333,103.032754874153,102,-17.408256245904,-18.7544604966507,-0.257043257861454,1.49969735131815,3.41110961578911,-18.9890897557119,-0.299975319323335,-9.16949864514708e-05
19.1,102.889354096718,103,-16.408256245904,-18.7743871278833,-0.226087246048964,1.49969735131815,3.40732452284651,-19.138603637632,-0.278740937727877,0.000938014495031331
19.1166666666667,102.747779731098,104,-15.408256245904,-18.6895277037068,-0.183608025147774,1.49969735131815,3.40357183831768,-19.2209927770059,-0.250105950921549,0.00227387974618384
19.1333333333333,102.608042725933,105,-14.408256245904,-18.5068573340773,-0.126293522481597,1.49969735131815,3.39985150367618,-19.2157645065629,-0.211948225619476,0.00400315052905285
19.15,102.470153479114,106,-13.408256245904,-18.2330736259635,-0.053215965440973,1.49969735131815,3.3961634538165,-19.1112344061534,-0.163603048528819,0.00613874959149454
19.1666666666667,102.334121843835,107,-12.408256245904,-17.8745938988142,0.0349399944550606,1.49969735131815,3.39250761728208,-18.9022355111052,-0.1054042443987,0.0086449395959999
19.1833333333333,102.199957134634,108,-11.408256245904,-17.4375540840161,0.136458183099885,1.49969735131815,3.38888391648774,-18.5883280489336,-0.0383366235337083,0.0114563943440934
19.2,102.067668133432,108,-11.408256245904,-16.927809130431,0.249021910534427,1.49969735131815,3.38529226793649,-18.1724100147576,0.0362238499410185,0.0144921286298909
19.2166666666667,101.937263095579,109,-10.408256245904,-16.4455041311086,0.370028050842258,1.49969735131815,3.38173258243101,-17.6596476045977,0.116701164986833,0.0176654489091448
19.2333333333333,101.808749755898,110,-9.40825624590403,-15.8954584405177,0.488572458775426,1.49969735131815,3.37820476527975,-17.0929490700394,0.196352656504691,0.0206453365191164
19.25,101.682135334745,110,-9.40825624590403,-15.2829058404621,0.605701775448788,1.49969735131815,3.37470871649797,-16.4677599314877,0.275755739277415,0.0234688813376724
19.2666666666667,101.557426544073,111,-8.40825624590403,-14.7073876407487,0.721625047347033,1.49969735131815,3.3712443310036,-15.7828047525679,0.354979571664514,0.0261469342648777
19.2833333333333,101.434629593519,112,-7.40825624590403,-14.0731378784171,0.802503319471527,2.30220067078968,3.37293663907801,-15.0802872518188,0.402564757629576,0.0284306019808186
19.3,101.31375017775,112,-7.40825624590403,-13.3569170791403,0.836061264777506,2.33575861609566,3.38329173275187,-14.3902049912223,0.403973034009978,0.0305008188301792
19.3166666666667,101.194793015228,113,-6.40825624590403,-12.6320013366139,0.871032054933422,2.37072940625157,3.39424598305741,-13.6893261157001,0.405908893218956,0.0326373220985709
19.3333333333333,101.077760451238,113,-6.40825624590403,-11.8059635807627,0.907172701501,2.40687005281915,3.40581711535107,-12.9780567626341,0.408201021887917,0.0348339357440908
19.35,100.962651109503,114,-5.40825624590403,-10.9811357271934,0.952001442855843,2.45169879417399,3.41808918597185,-12.2214209874886,0.41535077578697,0.0373258220590992
19.3666666666667,100.849458987714,114,-5.40825624590403,-10.0640725478056,1.00105924387892,2.50075659519707,3.43116363011504,-11.4335422907375,0.424465828752756,0.0399854156984864
19.3833333333333,100.738172844847,114,-5.40825624590403,-9.15579710710122,1.05918866838875,2.5588860197069,3.44515136298084,-10.5895998808548,0.438366663420024,0.0429684586384563
19.4,100.628775783018,115,-4.40825624590403,-8.25611082890257,1.12040502298893,2.62010237430708,3.46014615505358,-9.71076734731217,0.453242561050504,0.0461000251751026
19.4166666666667,100.521244978568,115,-4.40825624590403,-7.26980426963418,1.18094406406141,2.68064141537956,3.47616133489539,-8.81294604216611,0.466778215062547,0.0492658802913598
19.4333333333333,100.41555152695,115,-4.40825624590403,-6.29666483460204,1.24657662625798,2.74627397757613,3.49323347001681,-7.87129642132921,0.482489085302401,0.0526435083040678
19.45,100.311660347445,115,-4.40825624590403,-5.33567910179243,1.32691246816947,2.42853607903678,3.50842963692831,-6.90300608426861,0.512361354780221,0.0560808062660082
19.4666666666667,100.209530106393,115,-4.40825624590403,-4.39903992810771,1.42025895612619,2.49387862060649,3.52124558295029,-5.90341644007445,0.556223259876351,0.059443524270485
19.4833333333333,100.109113395911,115,-4.40825624590403,-3.49741724141204,1.5047245842263,2.55300456027656,3.53508708813094,-4.89383011098882,0.593510190559136,0.0625823243314183
19.5,100.010357376762,115,-4.40825624590403,-2.62712688029064,1.57701791277308,2.6036098902593,3.54982574269549,-3.8966038343388,0.622393412572344,0.0653893867143647
19.5166666666667,99.9132044223143,114,-5.40825624590403,-1.78524251535776,1.63619307747487,2.64503250555056,3.56530922582934,-2.92554673504439,0.642515491858664,0.0678270375379877
19.5333333333333,99.8175925865206,114,-5.40825624590403,-1.06419957545282,1.6827478966613,2.67762087898106,3.58138318250028,-1.98833770117618,0.654404904072059,0.069901554469364
19.55,99.7234559405871,114,-5.40825624590403,-0.362111440260631,1.70997913411895,2.69668274520142,3.59785354046842,-1.1246957207198,0.65420786417001,0.0713983860832884
19.5666666666667,99.6307248151463,113,-6.40825624590403,0.321415492486678,1.72345296015889,2.70611442342937,3.61452517697257,-0.323120261244132,0.645615923800379,0.0724760231379515
19.5833333333333,99.5393260021438,113,-6.40825624590403,0.891451776690523,1.72750823861188,2.70895311834647,3.6312606349552,0.426511394064047,0.631480780733946,0.0732590205582597
19.6,99.4491829923597,112,-7.40825624590403,1.44768780126413,1.71738474367411,2.70186667189003,3.64791595666168,1.09631951730003,0.609059715479719,0.0735951952753536
19.6166666666667,99.3602162559399,111,-8.40825624590403,1.89416794092162,1.69931768888831,2.68921973353997,3.66436099456225,1.70513461953807,0.582353221641705,0.0736674262203096
19.6333333333333,99.2723435466263,110,-9.40825624590403,2.23510605765384,1.66953017063224,2.66836847076072,3.68047564889518,2.23095207813982,0.549183474016309,0.0733549922190384
19.65,99.1854802168618,110,-9.40825624590403,2.47429977804242,1.62663286105303,2.63834035405527,3.69611078521915,2.6601108677873,0.508878294916487,0.0726082608874272
19.6666666666667,99.099539561138,109,-10.408256245904,2.70960131088356,1.57076557258202,2.59923325212557,3.71111086912853,2.985111863327,0.461711265511231,0.0714238637839777
19.6833333333333,99.0144332097074,108,-11.408256245904,2.84330830637762,1.51094875111747,2.55736147710038,3.72537844384639,3.23900721116048,0.413337607197993,0.0700716352687099
19.7,98.9300715322894,107,-12.408256245904,2.87816432011802,1.44471082094095,2.51099492597682,3.73884953912564,3.40918792321301,0.362293092021851,0.068474060062928
19.7166666666667,98.8463640820876,107,-12.408256245904,2.81684938031773,1.37099288422679,2.4593923702769,3.75144038911138,3.48778344913452,0.308008797326603,0.0665955105777306
19.7333333333333,98.7632200787073,106,-13.408256245904,2.75645752707969,1.28967268042215,2.40246822761366,3.76306102039512,3.47052018522824,0.250499071759005,0.0644285419351484
19.75,98.6805489048579,105,-14.408256245904,2.59885388842063,1.20919172472469,2.34613155862543,3.77367449858603,3.39194835074289,0.194974095367938,0.062228924975704
19.7666666666667,98.5982605990621,105,-14.408256245904,2.34662139108705,1.12637081905174,2.28815692465437,3.78326979134552,3.23987105682338,0.139457818844248,0.0599006816419938
19.7833333333333,98.5162663323788,104,-15.408256245904,2.09706067189551,1.03943482666417,2.22730172998307,3.79180772145006,3.00621183932974,0.0828773481178355,0.0573889405393332
19.8,98.4344788612608,103,-16.408256245904,1.75242155505512,0.955596279567114,2.16861474701513,3.79928541507874,2.72240653459445,0.0296408739397973,0.0549139578588069
19.8166666666667,98.35281295283,103,-16.408256245904,1.31575858459015,0.870805477132571,2.10926118531095,3.8057137211018,2.37385909413752,-0.022791419382405,0.0523544338354298
19.8333333333333,98.2711858070768,102,-17.408256245904,0.884868234326393,0.78270354048547,2.04758982965798,3.81106691535048,1.95075407385143,-0.0758676251235602,0.0496384080495157
19.85,98.1895175024061,101,-18.408256245904,0.36248004159537,0.698137523893111,1.98839361804333,3.81535008035601,1.48335185665868,-0.125412609845641,0.0469753687175536
19.8666666666667,98.1077314003507,101,-18.408256245904,-0.247911483553354,0.612850400662225,1.92869263178171,3.8185787061095,0.956333216064346,-0.174097249440099,0.0442378677974828
19.8833333333333,98.0257544879981,100,-19.408256245904,-0.848121375087033,0.52438454755809,1.86676653460881,3.82072993739631,0.35950284092326,-0.223431414146495,0.0413509978784198
19.9,97.9435176693329,100,-19.408256245904,-1.53508680547172,0.442517644407716,1.7320191146322,3.82121102061398,-0.276410794607433,-0.266202547144555,0.0385231546103873
19.9166666666667,97.8609560420033,99,-20.408256245904,-2.21308549466213,0.3622361267017,1.68987131783654,3.82015025421715,-0.963197192478823,-0.305809034290211,0.035618993045173
19.9333333333333,97.7780092205643,99,-20.408256245904,-2.98044432151876,0.284720589045768,1.64917566056718,3.81834529738083,-1.6779554715026,-0.343176453702595,0.0327928512854491
19.95,97.694621674577,98,-21.408256245904,-3.73680733353535,0.204624065793703,1.60712498585984,3.81579736756794,-2.44243459110196,-0.381600350819304,0.029882207430935
19.9666666666667,97.6107429994975,98,-21.408256245904,-4.5770832073455,0.127181264222335,1.56646751503488,3.81251081216716,-3.23420481753934,-0.417867938836943,0.0270461885911811
19.9833333333333,97.5263281107575,98,-21.408256245904,-5.40114511684881,0.0474554150542167,1.52461144422161,3.80848804684064,-4.07325447993855,-0.455023320318365,0.0241347651132977
20,97.4413373798063,97,-22.408256245904,-6.20955884354659,-0.028729256276415,1.47096809504174,3.80366373128307,-4.93588657589113,-0.489343594582488,0.0213140066440791
20.0166666666667,97.3558228380514,97,-22.408256245904,-7.09792636501938,-0.0962401922207851,1.49969735131815,3.79768637568759,-5.8039421759256,-0.516915289055822,0.0186808699683082
20.0333333333333,97.2705699716165,96,-23.408256245904,-7.96430255450228,-0.172811814191159,1.49969735131815,3.79284584294015,-6.70514959345518,-0.553335566349856,0.0160371400472533
20.05,97.1870325374418,96,-23.408256245904,-8.90039008912297,-0.247591446632532,1.49969735131815,3.7879707958206,-7.62321003400849,-0.589441724177007,0.0135361767085417
20.0666666666667,97.1061635774606,96,-23.408256245904,-9.80426942018702,-0.325058163894893,1.49969735131815,3.78306361569294,-8.57809451690776,-0.627954426192207,0.0110402437861686
20.0833333333333,97.0278050207009,96,-23.408256245904,-10.6749940299701,-0.399108555525618,1.49969735131815,3.77812661594003,-9.54523251562699,-0.665073304905676,0.0087319285924591
20.1,96.9519940615409,95,-24.408256245904,-11.5118837842878,-0.465656775502961,1.49969735131815,3.77316204353936,-10.5060057224591,-0.698202019677859,0.00672707132244318
20.1166666666667,96.8798974585222,95,-24.408256245904,-12.4090686634387,-0.522160543736767,1.49969735131815,3.76817208060554,-11.4465563250917,-0.725672691468316,0.00509124648398716
20.1333333333333,96.8133486679305,95,-24.408256245904,-13.2658459045601,-0.575480802204381,1.49969735131815,3.76315884590042,-12.3931048175432,-0.751629139043776,0.0036073092966254
20.15,96.7543067544128,95,-24.408256245904,-14.0823937006352,-0.621483275298701,1.49969735131815,3.75812439631113,-13.3265694743896,-0.773460045742342,0.00239353758282891
20.1666666666667,96.704628720361,95,-24.408256245904,-14.8590690362445,-0.657690589760055,1.49969735131815,3.75307072829712,-14.2331232517823,-0.789551914524466,0.00151448989213917
20.1833333333333,96.6660190549974,95,-24.408256245904,-15.5963864640764,-0.682856233258256,1.49969735131815,3.74799977930636,-15.103065860184,-0.799039479251525,0.000995608035745028
20.2,96.6400632711821,95,-24.408256245904,-16.2949984157474,-0.696629770386737,1.49969735131815,3.74291342916171,-15.9299149389224,-0.801608597772781,0.000834589499983147
20.2166666666667,96.6283700803711,95,-24.408256245904,-16.9556769768924,-0.699295598901685,1.49969735131815,3.7378135014178,-16.7096761408225,-0.797341566613717,0.00101016971196477
20.2333333333333,96.6330679904853,95,-24.408256245904,-17.5792970568991,-0.691570767377792,1.49969735131815,3.73270176468912,-17.4402590228363,-0.786596619430572,0.00148883555580294
20.25,96.6584818581795,95,-24.408256245904,-18.1668208843656,-0.674450045446658,1.49969735131815,3.72757993394987,-18.1210115128021,-0.769914876021912,0.00222989397484772
20.2666666666667,96.715388217158,95,-24.408256245904,-18.7192837603378,-0.649088636291905,1.49969735131815,3.72244967180616,-18.7523505862434,-0.747949249449346,0.00318923933728569
20.2833333333333,96.824841709018,95,-24.408256245904,-19.2377810025786,-0.616714728814752,1.49969735131815,3.71731258974106,-19.3354708100954,-0.721410840654447,0.00432209748714483
20.3,97.0094316267953,95,-24.408256245904,-19.7234560155232,-0.578565571075254,1.49969735131815,3.71217024933308,-19.8721157341678,-0.691029190321612,0.0055849705528854
20.3166666666667,97.2786603603108,96,-23.408256245904,-20.1774894221423,-0.535841963195435,1.49969735131815,3.70702416344868,-20.3643998542975,-0.657523447821754,0.00693696256578359
20.3333333333333,97.6295466952489,96,-23.408256245904,-20.5065198145865,-0.489677063393798,1.49969735131815,3.70187579740916,-20.8146711322291,-0.621582082841245,0.0083406300266075
20.35,98.0541179093255,96,-23.408256245904,-20.8122536395389,-0.432878198935162,1.49969735131815,3.69672657013265,-21.1891169250791,-0.578745054098793,0.0100079825252676
20.3666666666667,98.5431903328564,97,-22.408256245904,-21.0957209582839,-0.370012535458771,1.49969735131815,3.69157785525152,-21.5022744067929,-0.531785462628619,0.0117928601545115
20.3833333333333,99.0888393059652,97,-22.408256245904,-21.2633800060994,-0.30451270418455,1.49969735131815,3.68643098220582,-21.7657754171224,-0.48281217496901,0.0135881178964349
20.4,99.6843602821407,98,-21.408256245904,-21.4167312099024,-0.230677361546819,1.49969735131815,3.68128723731327,-21.952623193336,-0.428302623777654,0.0155626656914848
20.4166666666667,100.323988189335,99,-20.408256245904,-21.4620073761033,-0.153961682412164,1.49969735131815,3.67614786481603,-22.0822439804287,-0.371604144662595,0.0175467990982551
20.4333333333333,101.00268217308,99,-20.408256245904,-21.4059005658853,-0.0700044149453571,1.49969735131815,3.67101406790512,-22.1333739715671,-0.310026011065445,0.0196694524103662
20.45,101.715958799421,100,-19.408256245904,-21.3494431313253,0.0231486606348298,1.49969735131815,3.66588700972248,-22.0932729490349,-0.242336407905057,0.0219831484254965
20.4666666666667,102.459761137242,100,-19.408256245904,-21.1983820021206,0.117547546711624,1.49969735131815,3.66076781434157,-21.9918525928698,-0.173427772696126,0.0242432903330206
20.4833333333333,103.230354353102,101,-18.408256245904,-21.0534792736763,0.215997361663854,1.49969735131815,3.65565756772655,-21.8153904427219,-0.101591856792861,0.0265346053269425
20.5,104.024240891304,101,-18.408256245904,-20.8202089746414,0.311350957191721,1.49969735131815,3.65055731867081,-21.5926948638464,-0.0312649648283146,0.0286421690512236
20.5166666666667,104.838090207969,102,-17.408256245904,-20.5990592873385,0.407156230144854,1.49969735131815,3.64546807971501,-21.3088817536682,0.0396886715027126,0.0306775714480599
20.5333333333333,105.668679557664,102,-17.408256245904,-20.2952307749178,0.496942069964513,1.49969735131815,3.64039082804516,-20.9915855585031,0.107226604916911,0.03244983388178
20.55,106.512843630263,103,-16.408256245904,-20.0089399002923,0.584862960839658,1.49969735131815,3.63532650637122,-20.624768997467,0.173842195935999,0.0340915905600033
20.5666666666667,107.367432001167,103,-16.408256245904,-19.6451184018287,0.664985089478052,1.49969735131815,3.63027602378643,-20.234956996495,0.235813524079604,0.0354301072177072
20.5833333333333,108.229274445145,104,-15.408256245904,-19.3037178215204,0.741933129379762,1.49969735131815,3.62524025660791,-19.8050615713796,0.295917909568265,0.0366136216855232
20.6,109.095155175967,104,-15.408256245904,-18.8894097608083,0.789274308276374,1.49969735131815,3.62445815175673,-19.3648604328465,0.329100475279786,0.0374841725223581
20.6166666666667,109.961797927119,105,-14.408256245904,-18.5018911694966,0.812323179810543,2.06832357718553,3.62816521708073,-18.9212479348448,0.338315039285503,0.0382572852240302
20.6333333333333,110.825864515182,105,-14.408256245904,-18.0258111158819,0.826625535562718,2.07833522621205,3.63277906287537,-18.4947788551854,0.340557066494035,0.0388767970638435
20.65,111.683969043516,106,-13.408256245904,-17.5428798443921,0.844826294136698,2.09107575721384,3.63759687983444,-18.0476218828347,0.345056228966261,0.0396221080349224
20.6666666666667,112.532709895804,106,-13.408256245904,-16.9608640513172,0.865579257551805,2.10560283160441,3.64265425390105,-17.5833169873112,0.350937294894708,0.0404541733844662
20.6833333333333,113.368720449306,107,-12.408256245904,-16.3821913688035,0.895698576797822,2.12668635507663,3.64802255468457,-17.0694159299336,0.362298884875628,0.0415838627798425
20.7,114.18873778757,107,-12.408256245904,-15.7135441763568,0.930279521594155,2.15089301643406,3.65377898974016,-16.5219218011288,0.376022456796219,0.0428661418974089
20.7166666666667,114.989684637225,108,-11.408256245904,-15.0561602267339,0.97389863542442,2.18142639611524,3.66000309676757,-15.9174083850214,0.394822935221374,0.0444441669546777
20.7333333333333,115.768757741274,108,-11.408256245904,-14.3155843490157,1.02038529437161,2.21396705737828,3.66676008786696,-15.2780683675268,0.41482362492233,0.0461336170351596
20.75,116.523513780035,109,-10.408256245904,-13.5920539164043,1.0737290688623,2.25130769952176,3.67410690755271,-14.5844498454443,0.438413003189676,0.0480584348862225
20.7666666666667,117.251943457059,109,-10.408256245904,-12.7902854498782,1.1276186239374,2.28903038807433,3.682082083684,-13.8610691117723,0.461667286618447,0.0500284547696285
20.7833333333333,117.952525575795,110,-9.40825624590403,-12.0098630554779,1.18617310748243,2.33001852655585,3.69071591938732,-13.0896275743669,0.487093203158719,0.0521700244446768
20.8,118.62425552458,111,-8.40825624590403,-11.1550094388431,1.24335435471681,2.37004539961992,3.70002272296548,-12.2950109336745,0.510969384784093,0.0542999113352201
20.8166666666667,119.266646122593,111,-8.40825624590403,-10.2303802512289,1.30361191406358,2.41222569116266,3.71001214542216,-11.4588017882996,0.536034538341387,0.0565533586909879
20.8333333333333,119.879702466514,112,-7.40825624590403,-9.33499574917626,1.36923030508262,2.45815856487598,3.72073227128564,-10.569284873038,0.563642581934821,0.0590019150121946
20.85,120.463877221728,112,-7.40825624590403,-8.37245911729512,1.43303120897543,2.50281919760095,3.7321980352102,-9.65609024718454,0.589370603850727,0.0614276987700523
20.8666666666667,121.020010783964,113,-6.40825624590403,-7.44140143561108,1.49883245465735,2.5488800695783,3.74440953784086,-8.70403729264409,0.615582494396658,0.0639462010874194
20.8833333333333,121.549258549725,113,-6.40825624590403,-6.44526824048767,1.5606500529682,2.59215238839589,3.75734959584606,-7.73968202138579,0.638633579865456,0.0663741013691285
20.9,122.053014959983,114,-5.40825624590403,-5.48267390417226,1.62318876775937,2.63592948874971,3.77099828407123,-6.74528038837878,0.661459372953252,0.0688528046266258
20.9166666666667,122.532840184855,114,-5.40825624590403,-4.45712245722447,1.68109153209101,2.67646142378186,3.785327179749,-5.74535497009945,0.68081427435016,0.0712175021679299
20.9333333333333,122.990393162941,115,-4.40825624590403,-3.46731678009685,1.73948194422571,2.71733471227615,3.80031118186276,-4.72061852178147,0.69989627643561,0.0736221279886553
20.95,123.427373314136,115,-4.40825624590403,-2.41685036345064,1.79326326472973,2.75498163662896,3.8159206260572,-3.69447081587126,0.715619273369421,0.0759098030282416
20.9666666666667,123.845472045498,116,-3.40825624590403,-1.40449948824744,1.84770442329726,2.79309044762624,3.83213151761929,-2.64684179666649,0.731266825934853,0.0782390228641058
20.9833333333333,124.246334208544,116,-3.40825624590403,-0.333906538722464,1.89777489835868,2.82813978016923,3.84891652217065,-1.6006096549005,0.743788155711146,0.0804551285603836
21,124.631528900479,117,-2.40825624590403,0.696130517314116,1.94875881156354,2.86382851941263,3.86625444623167,-0.535373697438278,0.756470253610625,0.0827173056791634
21.0166666666667,125.002528621364,117,-2.40825624590403,1.7819739317642,1.99561074767913,2.89662487469354,3.88412076003755,0.526186270441912,0.766247407403186,0.0848706656320976
21.0333333333333,125.360696251944,117,-2.40825624590403,2.82485381223815,2.04358469458532,2.93020663752787,3.90249681760203,1.60458349518039,0.776382795728822,0.0870736818153451
21.05,125.707283450188,118,-1.40825624590403,3.82661076040513,2.08759979850111,2.96101721026892,3.92136026239038,2.67719982079257,0.783784276306515,0.0891705669663519
21.0666666666667,126.0434232255,118,-1.40825624590403,4.88358773659237,2.12488542081472,2.98711714588845,3.94064369116229,3.72837475470672,0.78684189316428,0.0910733143994561
21.0833333333333,126.370126802412,118,-1.40825624590403,5.8968194729117,2.16226137821635,3.0132803160696,3.96030784049885,4.78407941435211,0.789806747466166,0.0929869930731828
21.1,126.688287388451,118,-1.40825624590403,6.86788837908424,2.19565736648257,3.03665750785595,3.98032464314937,5.82575817611384,0.790212091113778,0.0947863679242091
21.1166666666667,126.998685838372,119,-0.408256245904028,7.79831760782314,2.22289900502635,3.05572665483659,4.00063026337594,6.84064563449904,0.786805740183263,0.096401901581873
21.1333333333333,127.301997580748,119,-0.408256245904028,8.78398800737331,2.24311830152618,3.06988016238648,4.02114364543942,7.82047266020025,0.779160942977773,0.0978028887231842
21.15,127.598800272174,119,-0.408256245904028,9.72546217290793,2.26428107723892,3.0846941053854,4.04182947745441,8.79651595100383,0.772222186432663,0.0992296733427014
21.1666666666667,127.889581825491,119,-0.408256245904028,10.6239176845627,2.28292017539704,3.09774147409608,4.06267371243787,9.7538530377833,0.763868664557545,0.10057633522126
21.1833333333333,128.174748495819,119,-0.408256245904028,11.4805772394117,2.29709576400585,3.10766438612224,4.0836313265768,10.6820748217624,0.752961415502485,0.101781688747439
21.2,128.454632764386,119,-0.408256245904028,12.2965666375525,2.30594078640314,3.11385590180035,4.10464138756618,11.5743392831985,0.739042124936041,0.102816325110332
21.2166666666667,128.729500921788,120,0.591743754095972,13.0728517610048,2.30929793307284,3.11620590446914,4.12563736742787,12.4264985722407,0.722095225273156,0.103672158607858
21.2333333333333,128.999560265484,120,0.591743754095972,13.9047958061597,2.30744367361149,3.11490792284619,4.14655374389588,13.2363509318288,0.70236895960964,0.104354404307718
21.25,129.264965838362,120,0.591743754095972,14.6925582169354,2.30887855036085,3.11591233657074,4.16738037459162,14.0392445236377,0.685095210074187,0.105121295386313
21.2666666666667,129.52582666953,120,0.591743754095972,15.4370581402781,2.31026913345268,3.11688574473503,4.18813217086557,14.8228386795904,0.668189662918014,0.105872784675799
21.2833333333333,129.78221150377,120,0.591743754095972,16.1394062642572,2.30956614380265,3.11639365198001,4.20879313737572,15.5782468709704,0.650401213795584,0.106546133811606
21.3,130.034154023788,120,0.591743754095972,16.8007479850855,2.30566348337364,3.1136617896797,4.22932929538072,16.2994363325041,0.631083553308899,0.107106291335843
21.3166666666667,130.281657581578,120,0.591743754095972,17.4221774957755,2.29811259683168,3.10837616910033,4.24969795605057,16.9826196215267,0.610006206777969,0.107537737743277
21.3333333333333,130.524699463142,120,0.591743754095972,18.0047002985252,2.28689576946778,3.1005243899456,4.26985401414371,17.6256990898774,0.587206206182012,0.107837948144373
21.35,130.763234715667,121,1.59174375409597,18.5492266266186,2.27225481322518,3.09027572057578,4.28975393021954,18.2277941980769,0.562877198328512,0.10801240482612
21.3666666666667,130.997199568827,121,1.59174375409597,19.1511521708992,2.25456782862732,3.07789483135728,4.3093580046435,18.7888609441855,0.537290589485422,0.108070973199491
21.3833333333333,131.226514482768,121,1.59174375409597,19.7107593840569,2.24225532433761,3.06927607835448,4.32868198399757,19.3456094151429,0.515590479510316,0.10827098601162
21.4,131.451086856299,121,1.59174375409597,20.2291709857937,2.23180580409494,3.06196141418461,4.34776512384398,19.8865180357765,0.495547458001634,0.1085083996172
21.4166666666667,131.670813454119,121,1.59174375409597,20.7077657567871,2.22095109680463,3.05436311908139,4.3666134327134,20.4031706172276,0.475744219657317,0.108715081032525
21.4333333333333,131.885582610043,121,1.59174375409597,21.148003725569,2.20836199595759,3.04555074848847,4.3852123420142,20.8897978011348,0.455369923741317,0.108850288338078
21.45,132.095276168869,121,1.59174375409597,21.5513229151724,2.19338393704957,3.03506610725285,4.4035360598774,21.3427669846635,0.434044137155909,0.108893171633674
21.4666666666667,132.299771171256,121,1.59174375409597,21.9190865719301,2.17582081732282,3.02277192344413,4.42155412811946,21.7600909002189,0.411674524324744,0.108836573338312
21.4833333333333,132.498941316032,121,1.59174375409597,22.2525639850834,2.15576701857213,3.00873426431864,4.43923574648825,22.1409933231592,0.388347455911757,0.108682163921765
21.5,132.692658256067,121,1.59174375409597,22.5529320170873,2.13348307503659,2.99313550384376,4.45655240040279,22.4855485349146,0.364247924889488,0.108436806527005
21.5166666666667,132.880792779271,122,2.59174375409597,22.8212879930042,2.1093082139815,2.9762131011052,4.47347926127736,22.794397056498,0.339603906313506,0.108109972300628
21.5333333333333,133.063215830197,122,2.59174375409597,23.1532368937619,2.08360237204029,2.95821901174636,4.48999574533655,23.0685318349599,0.314650042553418,0.107712004144051
21.55,133.239799370274,122,2.59174375409597,23.4492911266269,2.08411487346903,2.43754904437922,4.5022003648247,23.3492891787218,0.314495768125767,0.107497122374801
21.5666666666667,133.410417142095,122,2.59174375409597,23.6931718043053,2.10775421949902,2.44818675009271,4.50973851080943,23.6505615655874,0.337761950823234,0.10730252885698
21.5833333333333,133.574945664007,122,2.59174375409597,23.8717373183556,2.12464573657813,2.45578793277831,4.51731426471957,23.9479527200738,0.35630064253166,0.106926822824121
21.6,133.733265679694,123,3.59174375409597,23.9918506205615,2.12977976955552,2.45809824761813,4.52485808864247,24.2141798543252,0.367113313842034,0.106217076503938
21.6166666666667,133.885263395958,123,3.59174375409597,24.1541959406977,2.12120437945407,2.45423932207248,4.53227501010281,24.4326664736539,0.369107479593434,0.105113209668846
21.6333333333333,134.030831313223,123,3.59174375409597,24.2636028550482,2.10703519768982,2.44786319027857,4.53949609816033,24.6309026064185,0.367359133068687,0.103861144243887
21.65,134.169868761691,123,3.59174375409597,24.3249406353109,2.08467288002064,2.43780014732744,4.54647023203508,24.7934022688232,0.360331857889064,0.102381218451793
21.6666666666667,134.302282223866,124,4.59174375409597,24.3425700682975,2.05332899215534,2.42369539778805,4.55313404017364,24.9112608998263,0.347615125152801,0.100648769168407
21.6833333333333,134.427985500744,124,4.59174375409597,24.4148939579442,2.01336765929204,2.40571279799957,4.55942290708355,24.9803315631125,0.329508135875787,0.0986741507862898
21.7,134.546899790571,124,4.59174375409597,24.4447702785286,1.97389833696875,2.38795160295409,4.56531043139688,25.0360003451378,0.311653103039565,0.0967335791647459
21.7166666666667,134.658953738256,124,4.59174375409597,24.4354340697975,1.93244561969017,2.36929788017873,4.57079204144826,25.0673450149871,0.29254092579441,0.0947512741309102
21.7333333333333,134.764083413695,124,4.59174375409597,24.389937970544,1.88781385707463,2.34921358700173,4.57584973226754,25.0676712291518,0.271463127673732,0.0926903226825009
21.75,134.862232242919,124,4.59174375409597,24.3110998384315,1.83967298528892,2.32755019469816,4.58046004290661,25.0334575827717,0.248248955962,0.0905401097047931
21.7666666666667,134.953350942617,125,5.59174375409597,24.201490672554,1.78824225932748,2.30440636801552,4.58459930778757,24.9634762961628,0.223065501776308,0.0883067189441107
21.7833333333333,135.037397409938,125,5.59174375409597,24.1580165027191,1.73405739557932,2.28002317932884,4.58824686042871,24.8580876719278,0.196271226499782,0.0860058648554711
21.8,135.11433658607,125,5.59174375409597,24.082325369669,1.68588341330393,2.25834488730492,4.5914194698994,24.7549311890275,0.173251224983896,0.083903450922864
21.8166666666667,135.18414034092,125,5.59174375409597,23.976701230945,1.64061633542054,2.23797470225739,4.59415199228075,24.6438068185148,0.152068532581274,0.0819047508658133
21.8333333333333,135.246787353917,125,5.59174375409597,23.8434658073492,1.59630876858756,2.21803629718255,4.59646060655419,24.5177617568513,0.131516571279848,0.0799501581429232
21.85,135.302263007265,125,5.59174375409597,23.6848842974978,1.55186166323732,2.19803509977495,4.59835028358059,24.3724399419371,0.110921891684871,0.078005832723986
21.8666666666667,135.350559269719,125,5.59174375409597,23.5031128941424,1.50677276780666,2.17774509683115,4.59982016285009,24.2054882220186,0.0899839451896237,0.076056067454283
21.8833333333333,135.391674588262,125,5.59174375409597,23.3001750808925,1.4609387920036,2.15711980771977,4.60086725108148,24.0160428645025,0.0686496198871082,0.0740972837501508
21.9,135.42561374034,125,5.59174375409597,23.0779566857889,1.41450526027922,2.1362247184438,4.60148882241165,23.8043042259699,0.047018444709289,0.072133474214327
21.9166666666667,135.452387665484,124,4.59174375409597,22.8382122484069,1.36775670060889,2.11518786659215,4.60168384946282,23.5711973168417,0.0252735975504902,0.0701728691426567
21.9333333333333,135.472013323302,124,4.59174375409597,22.4880080034226,1.32103959638256,2.0941651696903,4.60145373848375,23.3181101511582,0.00363377799668875,0.0682255972432215
21.95,135.484513552363,124,4.59174375409597,22.1293554298475,1.26663347862722,2.0696824167004,4.60076987300126,23.0104612564197,-0.0226169325656527,0.0660565675124852
21.9666666666667,135.489916945721,124,4.59174375409597,21.763363427333,1.20870626401058,2.04361517012291,4.59959360704192,22.6622696103532,-0.0508689255545001,0.0637919468332837
21.9833333333333,135.48825772071,124,4.59174375409597,21.3908816763954,1.15020067535342,2.01728765522719,4.59791281629601,22.2846768644012,-0.0792933805270446,0.0615207373999001
22,135.479575601139,124,4.59174375409597,21.0126355277653,1.09309427857229,1.99158977667568,4.59573371179233,21.8863312293626,-0.106673888394086,0.059302664823871
22.0166666666667,135.463915690948,124,4.59174375409597,20.6293126656821,1.03863043034979,1.96708104497556,4.59307449241958,21.4738095230685,-0.132257872620229,0.0571751846327042
22.0333333333333,135.4413283584,124,4.59174375409597,20.241614025702,0.987513667184887,1.94407850155135,4.5899605924216,21.0520285668978,-0.155631531077323,0.0551594104921677
22.05,135.411869110546,125,5.59174375409597,19.8502792562064,0.940068479685626,1.92272816717668,4.58642125267212,20.6246176538948,-0.176618665166848,0.0532649318319325
22.0666666666667,135.375598477497,125,5.59174375409597,19.5506642732417,0.896363730474804,1.90306103003181,4.58248714962353,20.1942383000577,-0.195201730650087,0.0514935892054826
22.0833333333333,135.332581886611,125,5.59174375409597,19.2431195900274,0.8643842925383,1.88867028296039,4.57822155358281,19.7990848936184,-0.206524080373501,0.0500878879281427
22.1,135.282889545171,125,5.59174375409597,18.9288436491858,0.840112350528167,1.87774790905583,4.57369933472881,19.428383259951,-0.213126547097475,0.0489256313010905
22.1166666666667,135.226596284059,125,5.59174375409597,18.6092405049722,0.820671142096918,1.86899936526176,4.56896966125247,19.0739314928346,-0.216821808523405,0.0479192575472879
22.1333333333333,135.1637813552,125,5.59174375409597,18.2857830330619,0.804088885683915,1.86153734987591,4.56406363752178,18.7297706863143,-0.21884746545462,0.0470086780762531
22.15,135.094528229456,125,5.59174375409597,17.9599225968603,0.789086256402216,1.85478616669915,4.55900026198476,18.3918079825456,-0.220002893912243,0.0461548292446517
22.1666666666667,135.018924435305,125,5.59174375409597,17.6330335614177,0.774894707628762,1.84839996975109,4.55379091033401,18.057440885888,-0.220765599382781,0.0453341593985665
22.1833333333333,134.937061381195,125,5.59174375409597,17.3063829870279,0.761107560063664,1.8421957533468,4.54844258314312,17.7252119747467,-0.221386141086736,0.0445341097748453
22.2,134.849034146423,125,5.59174375409597,16.9811177554536,0.747562419403053,1.83610044004952,4.54296015841483,17.3945090132101,-0.221962761266429,0.0437495457933059
22.2166666666667,134.754941254841,125,5.59174375409597,16.6582631389863,0.734251591242363,1.83011056737721,4.53734787123922,17.0653158460085,-0.222497998851213,0.0429800377872218
22.2333333333333,134.654884441379,126,6.59174375409597,16.3387283435064,0.721256294966041,1.82426268405287,4.53161021433448,16.7380132934079,-0.222940070113617,0.0422278638705374
22.25,134.548968419277,126,6.59174375409597,16.11788519767,0.708700292162605,1.81861248279132,4.52575242098088,16.4132256426713,-0.223211879785591,0.0414966019557799
22.2666666666667,134.437300680289,126,6.59174375409597,15.8959602077771,0.704796298106643,1.81685568546614,4.51981337357885,16.1279441860395,-0.218292065772676,0.0410357425618938
22.2833333333333,134.319991357912,126,6.59174375409597,15.6739081528348,0.705839123794519,1.81732495702568,4.51384556505055,15.8707359345595,-0.210506769479708,0.0407326460502211
22.3,134.197153089824,127,7.59174375409597,15.4527924288841,0.709290329765096,1.81887799971244,4.50787820443395,15.6330696582823,-0.201440746361049,0.0405100858454659
22.3166666666667,134.068900859506,127,7.59174375409597,15.3282400329686,0.713505071202045,1.82077463335907,4.50192490513751,15.4088336727525,-0.192113290358677,0.0403179608443293
22.3333333333333,133.935351827659,127,7.59174375409597,15.2007529595023,0.718839140770062,2.00288474985719,4.49738792578572,15.2287267090722,-0.185144342178827,0.0403722848077215
22.35,133.796625156017,127,7.59174375409597,15.077677233178,0.720680874246358,2.0041739632906,4.49446905047309,15.0691547246578,-0.183653544061801,0.0405603551132795
22.3666666666667,133.652841718271,128,8.59174375409597,14.9654760086451,0.725627293886188,2.00763645703848,4.49158065624286,14.9247803691801,-0.180258462246126,0.0408410728570475
22.3833333333333,133.504123594389,128,8.59174375409597,14.9582524904406,0.73316133164175,2.01291028346738,4.48875701742463,14.795430114305,-0.175323122378646,0.0412005858300225
22.4,133.350593613049,128,8.59174375409597,14.9551980057722,0.750759629575375,2.02522909202091,4.48607683645396,14.7167443013574,-0.164352089761346,0.0418703658693794
22.4166666666667,133.192375027505,129,9.59174375409597,14.9564843361814,0.77401573884906,2.04150836851249,4.48363134395965,14.6756182388336,-0.150177052831606,0.042721347824924
22.4333333333333,133.029591259191,129,9.59174375409597,15.0571937011771,0.799867130109583,2.05960434239486,4.48146843855305,14.6618256573166,-0.134741007977264,0.0436628497567168
22.45,132.862365655531,130,10.591743754096,15.1574791613469,0.834301317310786,2.0837082734357,4.4796571962781,14.7039487379001,-0.114445550151028,0.0448803394948338
22.4666666666667,132.690821307964,130,10.591743754096,15.3529256598072,0.872171105180243,2.11021712494432,4.47826643061993,14.7841970313986,-0.0925419382415979,0.0462208115234438
22.4833333333333,132.515080911006,131,11.591743754096,15.5442464469273,0.91816376314001,2.14241198551616,4.47736659072517,14.925658630716,-0.0662301480792906,0.0478301632137439
22.5,132.335266615337,131,11.591743754096,15.8275530339056,0.9664062636628,2.17618173588211,4.47701620483274,15.1067455356963,-0.0391905343002084,0.0495326418335936
22.5166666666667,132.151499897709,132,12.591743754096,16.104003566869,1.02125930437161,2.21457886437828,4.47726941890811,15.3480699259786,-0.00879870948168467,0.0514632184003156
22.5333333333333,131.96390140517,132,12.591743754096,16.470053975376,1.0767840746105,2.2534462035455,4.47816625698723,15.626549570424,0.0212522102871283,0.0534430408793566
22.55,131.77259079411,133,13.591743754096,16.8271060886654,1.13743203539529,2.29589977609485,4.4797425675547,15.9619965678863,0.0536692500699708,0.0556087731691126
22.5666666666667,131.577686609728,134,14.591743754096,17.2717691689337,1.19743700601451,2.33790325552831,4.48202165433857,16.3309926741096,0.0848895353015049,0.0577858525228309
22.5833333333333,131.379306154033,135,15.591743754096,17.8000928870887,1.26145433211254,2.38271538379693,4.48502486793459,16.753302815163,0.11776598155792,0.0601163231452632
22.6,131.17756533001,135,15.591743754096,18.4082269450453,1.33191103971416,2.43203507911806,4.488813936757,17.2418327897013,0.153725329129179,0.0626767092783748
22.6166666666667,130.972578477405,136,16.591743754096,18.9980314489692,1.4097057386704,2.48649136838743,4.49346921957808,17.8041833210063,0.193229719015548,0.0654980544320036
22.6333333333333,130.764458210598,137,17.591743754096,19.666763429059,1.48676622441725,2.54043370841023,4.49902467795428,18.4078279017991,0.231286085277162,0.0683361732532719
22.65,130.553315265379,138,18.591743754096,20.4111439292426,1.58087349805512,2.21109042544295,4.50254782214285,19.0688820602651,0.284897095900553,0.0712888908206854
22.6666666666667,130.339258368258,138,18.591743754096,21.2145316620494,1.69572278070012,2.2627726026332,4.5034628493257,19.8153168445261,0.357391674023244,0.0743695776496338
22.6833333333333,130.122394346596,139,19.591743754096,21.9672440071116,1.81166878010914,2.31494830236727,4.5052394492712,20.6409040388789,0.429520206320283,0.0774971445120091
22.7,129.902828689981,140,20.591743754096,22.7692591924739,1.91763985931239,2.36263528800872,4.50784081251061,21.4956052511513,0.494518481090768,0.080334993180934
22.7166666666667,129.680666048413,140,20.591743754096,23.6195705028821,2.0156960175287,2.40676055920606,4.51119961315788,22.3815020796697,0.553733038984423,0.0829454978125541
22.7333333333333,129.456010501147,140,20.591743754096,24.4221945567845,2.10757095653271,2.44810428175787,4.51526255778083,23.3005609568252,0.608294845084294,0.0853811335988918
22.75,129.228965673109,141,21.591743754096,25.1813312060565,2.18657957540668,2.48365816025116,4.51995516927864,24.2181125060499,0.6541744010004,0.0874384617144747
22.7666666666667,128.999634752298,141,21.591743754096,25.9952092419785,2.24954674424732,2.51199338622945,4.52516663723584,25.1111861610444,0.689537461417223,0.0890205946674371
22.7833333333333,128.768120444775,141,21.591743754096,26.7663547607481,2.30373663045807,2.53637883502428,4.5308043862923,26.0017990550099,0.718954753762968,0.0903479092332713
22.8,128.53452491855,141,21.591743754096,27.4974479739824,2.34599340365155,2.55539438296135,4.53678834668273,26.8698063157877,0.740571314009569,0.0913241331265026
22.8166666666667,128.298949780795,141,21.591743754096,28.1907514088855,2.37519863162882,2.56853673555112,4.5430228508292,27.7023385251423,0.753800652447108,0.091914850177641
22.8333333333333,128.061496064629,140,20.591743754096,28.8480776644651,2.39155472332805,2.57589697681577,4.54940912328408,28.4918598591456,0.758871280483035,0.0921257538244597
22.85,127.822264265914,140,20.591743754096,29.376245861443,2.3960526553867,2.57792104624216,4.55585311253836,29.2345982750894,0.756491372311227,0.0919864921111642
22.8666666666667,127.581354408649,140,20.591743754096,29.8767584414934,2.3820141464883,2.57160371723789,4.56223720804221,29.8930834791808,0.742672102809202,0.0912935664957762
22.8833333333333,127.338866094155,139,19.591743754096,30.3500106964369,2.35481937113355,2.55936606832825,4.56844233383568,30.4799345965563,0.720845697121095,0.0902099002618333
22.9,127.094898609541,139,19.591743754096,30.70142570908,2.31864412841676,2.54308720910569,4.57438519786366,31.0058091591199,0.693666657033557,0.0888618852492901
22.9166666666667,126.849551131309,139,19.591743754096,31.0312660590525,2.2685516181061,2.52054557946589,4.57997719838912,31.4431457766431,0.658186291955339,0.0870989575437374
22.9333333333333,126.602922944832,139,19.591743754096,31.3389092284758,2.21066201785996,2.49449525935513,4.58513741151952,31.811025159526,0.618251873209644,0.0851065746834023
22.95,126.355113673396,139,19.591743754096,31.6235714209426,2.14923235234147,2.46685190987181,4.58982366346894,32.1240293860566,0.576524956051399,0.0830136627700064
22.9666666666667,126.1062235442,139,19.591743754096,31.8844907573283,2.08708226739745,2.438884371647,4.59402020880485,32.392963384708,0.534755958950763,0.0809055340150063
22.9833333333333,125.856353654711,139,19.591743754096,32.1210389570508,2.02596106118252,2.41137982885028,4.59772837527816,32.6255879723449,0.494019540771469,0.0788350232507573
23,125.60560624513,140,20.591743754096,32.3327811039763,1.96685068539791,2.38478015974721,4.60095971331569,32.8273015120435,0.454908007267105,0.0768316824425409
23.0166666666667,125.354084949028,141,21.591743754096,32.6140686839006,1.91020661504601,2.35929032808886,4.60373117677647,33.0017366875113,0.41768440715388,0.0749090904094852
23.0333333333333,125.101895034116,142,22.591743754096,32.9589899936559,1.86422014245732,2.33859641542395,4.60609460581793,33.1874967720921,0.387337773270223,0.0733160182030152
23.05,124.849143956519,143,23.591743754096,33.3621685625805,1.83304527522295,2.32456772516848,4.60814736293965,33.4100838251984,0.366327810642661,0.0721786865518924
23.0666666666667,124.595942936024,144,24.591743754096,33.8189237363231,1.81808186800649,2.31783419192107,4.61000705236929,33.6851178701185,0.355399986876931,0.0715397047421884
23.0833333333333,124.342405684902,145,25.591743754096,34.3253044776843,1.81895947913474,2.31822911692878,4.61179470088323,34.021030600247,0.354207837720364,0.0713879297517857
23.1,124.088647861278,146,26.591743754096,34.8780453674805,1.83426497102739,2.32511658828048,4.61362432140743,34.421233453339,0.361771098170991,0.071680550005751
23.1166666666667,123.834787161791,148,28.591743754096,35.4744801756358,1.86205975011736,2.33762423887096,4.61559711512875,34.8858014248434,0.376799689374529,0.0723587857775354
23.1333333333333,123.580943298109,150,30.591743754096,36.2070068358276,1.90023063776741,2.35480113831348,4.61779890505359,35.4127355165718,0.397912069680654,0.0733585407529937
23.15,123.327237848458,151,31.591743754096,37.0679316330895,1.95479127430258,2.37935342475431,4.62033241996265,36.0351122690558,0.428711583126831,0.0748627571771219
23.1666666666667,123.073794055443,152,32.591743754096,37.9556143318761,2.02810273009793,2.41234357986222,4.62333084752504,36.7732428859968,0.470524229332983,0.0769434847360186
23.1833333333333,122.820736570218,153,33.591743754096,38.8696150840051,2.11204623132776,2.45011815541564,4.62690260585842,37.6017595281894,0.518252359999776,0.0793542655116501
23.2,122.568191110623,154,34.591743754096,39.8098701941657,2.20087065798813,2.49008914741281,4.63110432333419,38.500803184409,0.568307494721034,0.0819204851122518
23.2166666666667,122.316284062393,154,34.591743754096,40.7764352504537,2.29068378394448,2.53050505409317,4.63595662610624,39.455254015333,0.618281126296719,0.0845239384569276
23.2333333333333,122.06514198633,154,34.591743754096,41.6747521539058,2.37900260954662,2.57024852561413,4.64145633705375,40.4538970394509,0.666655591057531,0.0870891866348344
23.25,121.814891027851,154,34.591743754096,42.5106039456294,2.45629691682307,2.60503096388853,4.64755286194589,41.4523778057484,0.707623371785146,0.0893265014689892
23.2666666666667,121.56565627224,153,33.591743754096,43.2892560554366,2.51759226925588,2.6326138724833,4.65414205869431,42.4209483469058,0.738233157627901,0.0910844469958886
23.2833333333333,121.317561080632,152,32.591743754096,43.9206913087678,2.56104454102639,2.65216739478002,4.66109485473059,43.3409372289939,0.757483785772841,0.0923066214763569
23.3,121.070726351665,151,31.591743754096,44.4146083780586,2.57876399382094,2.66014114853757,4.66824372930386,44.1655409072208,0.760690768715119,0.0927527646113128
23.3166666666667,120.825269717419,150,30.591743754096,44.7796474208265,2.56790855813556,2.65525620247915,4.67538209874528,44.8658922887261,0.746313291981063,0.0923358668206608
23.3333333333333,120.581304733492,148,28.591743754096,45.0232956053064,2.52891406214912,2.63770867928525,4.68229527093575,45.426275420956,0.714834089478333,0.0910684590416813
23.35,120.338940058052,146,26.591743754096,45.057368998828,2.4641774282968,2.60857719405171,4.68877988663831,45.8402491680617,0.667929759027597,0.089022646329193
23.3666666666667,120.098278593701,144,24.591743754096,44.8931947710328,2.36903660621152,2.56576382411333,4.69462222671294,46.0713801372042,0.602941626725501,0.0860559404408483
23.3833333333333,119.859416599632,141,21.591743754096,44.5409675503532,2.2430355859483,2.50906336499489,4.69959065469488,46.0994284001519,0.519815555283697,0.0821535776486622
23.4,119.62244281258,138,18.591743754096,43.9151734939314,2.08832229426371,2.43944238373682,4.70346090191698,45.9157740374072,0.420090803286269,0.0773798947774177
23.4166666666667,119.387437559867,136,16.591743754096,43.0297456419411,1.90040629730521,2.3548801851055,4.70599832314661,45.4835539741684,0.301230176940656,0.0715974175704801
23.4333333333333,119.154471686397,134,14.591743754096,41.9919826228504,1.67925677486962,2.25536290000948,4.70695283498482,44.7833581244262,0.163454564965906,0.0648041087944354
23.45,118.923604419198,132,12.591743754096,40.8074972637181,1.43565703281291,2.14574301608396,4.70611833691047,43.8445054296043,0.0135942854951847,0.0573266320208908
23.4666666666667,118.694881705902,130,10.591743754096,39.4811461147097,1.17804610107655,2.0298180968026,4.70336100845963,42.6926485163477,-0.143036154557412,0.0494205613194391
23.4833333333333,118.46833560229,129,9.59174375409597,38.0173875818612,0.916878987460759,1.80914400958616,4.69778371268539,41.35050928068,-0.298253031103958,0.0412797456910541
23.5,118.243983678075,128,8.59174375409597,36.5115804797236,0.655375266776378,1.72088650385518,4.68959705684738,39.8410971598007,-0.450605222169272,0.0330363141592932
23.5166666666667,118.021828447771,126,6.59174375409597,34.9601762223237,0.398823352394331,1.63430023275124,4.67992515042895,38.2110988498357,-0.599137909922825,0.0250161889733945
23.5333333333333,117.801856919033,125,5.59174375409597,33.270301165115,0.153602612283752,1.55153823296392,4.66881859798503,36.4923437702934,-0.739932500722669,0.0174086830578778
23.55,117.584040085252,125,5.59174375409597,31.5443534996707,-0.0834914324956437,1.41620591882251,4.65607766322576,34.6722243938017,-0.874449949730683,0.0100737138532622
23.5666666666667,117.368332320833,124,4.59174375409597,29.8769160336364,-0.29839457640463,1.20130277491352,4.63999981434345,32.7845656890495,-0.990454127996165,0.0031679921263188
23.5833333333333,117.154670837718,123,3.59174375409597,28.1631148260107,-0.480493167682484,1.01920418363567,4.62060854281783,30.8932699820246,-1.08137126197017,-0.00300854288106774
23.6,116.94297536581,123,3.59174375409597,26.3978318119818,-0.636107675999559,0.863589675318591,4.59840316543569,29.0011642834503,-1.15200307969532,-0.00860105240318838
23.6166666666667,116.733148150673,123,3.59174375409597,24.6733835806143,-0.771695309171511,0.72800204214664,4.57377609368437,27.1043660118409,-1.20704251199669,-0.013768786469228
23.6333333333333,116.525074255889,123,3.59174375409597,22.9837281667293,-0.885170807726037,0.614526543592113,4.54708922945284,25.2322075767261,-1.24585794285608,-0.0184147573936431
23.65,116.318622096043,123,3.59174375409597,21.3247708996443,-0.977494516579832,0.522202834738319,4.51871205275205,23.4009602497204,-1.26968517500272,-0.0225346973196288
23.6666666666667,116.113644190264,123,3.59174375409597,19.6942112296978,-1.05381818218107,0.49969735131815,4.48951586558778,21.6173423496591,-1.2833657395317,-0.0261749111734973
23.6833333333333,115.909978227524,123,3.59174375409597,18.0930179456767,-1.11968686582699,0.49969735131815,4.46032514720324,19.8800636109976,-1.29186806414771,-0.0293969679809296
23.7,115.707448333839,124,4.59174375409597,16.5251046758641,-1.17648359008019,0.49969735131815,4.4311718909532,18.1868271277603,-1.29596997424561,-0.032252251990371
23.7166666666667,115.505866527624,124,4.59174375409597,15.0891420099328,-1.22495001375556,0.49969735131815,4.40206251592953,16.5371757059926,-1.29601601411852,-0.0347750334885019
23.7333333333333,115.305034324795,124,4.59174375409597,13.6881204521879,-1.25721402924413,0.49969735131815,4.37300322386539,14.9683988127292,-1.2870249148343,-0.0367417650083758
23.75,115.104744603473,124,4.59174375409597,12.3251381746045,-1.27706438199371,0.49969735131815,4.34400000448571,13.4703256248221,-1.27118627476033,-0.0382846342400286
23.7666666666667,114.904783699464,124,4.59174375409597,11.0027686540687,-1.28718301383327,0.49969735131815,4.31505864074145,12.036071812482,-1.25004117091283,-0.0394982472203717
23.7833333333333,114.704933732032,124,4.59174375409597,9.72310511692841,-1.28946402747157,0.49969735131815,4.28618471393017,10.6611110696552,-1.22466937902064,-0.0404504500367845
23.8,114.504975115509,124,4.59174375409597,8.48780251088905,-1.28525163526339,0.49969735131815,4.25738360870489,9.34256583404118,-1.19582939045356,-0.0411903570129969
23.8166666666667,114.304689199583,124,4.59174375409597,7.29811706667695,-1.27551539728312,0.49969735131815,4.22866051797383,8.07867103082972,-1.16406178707649,-0.041754228368982
23.8333333333333,114.103860970601,124,4.59174375409597,6.1549435169653,-1.26097726862807,0.49969735131815,4.20002044769308,6.86837370400161,-1.12976437164944,-0.0421697052146615
23.85,113.902281741153,124,4.59174375409597,5.05885004425459,-1.24220192409005,0.49969735131815,4.17146822155438,5.71103875136553,-1.09324570372467,-0.0424588011329829
23.8666666666667,113.699751755099,125,5.59174375409597,4.01011103278132,-1.21965937451953,0.49969735131815,4.14300848557026,4.60623695433918,-1.05476228286426,-0.0426399625830914
23.8833333333333,113.496082639452,125,5.59174375409597,3.10330708323438,-1.19376692208447,0.49969735131815,4.11464571255845,3.55359633869795,-1.01454348967202,-0.0427294408483764
23.9,113.291099642432,125,5.59174375409597,2.23773479381162,-1.15667782482665,0.49969735131815,4.08638420652787,2.58899102384913,-0.967703263582961,-0.0424966494883546
23.9166666666667,113.084643607483,125,5.59174375409597,1.41316959036238,-1.11239493600514,0.49969735131815,4.05822810696794,1.6998866919377,-0.916639875781768,-0.0420725353721854
23.9333333333333,112.876572645385,125,5.59174375409597,0.629209325528232,-1.06388930296656,0.49969735131815,4.0301813930434,0.876501348630011,-0.863147596442343,-0.041552662108374
23.95,112.666763479612,125,5.59174375409597,-0.114704407916345,-1.01334289049943,0.49969735131815,4.00224788769645,0.111178538266678,-0.808557239584047,-0.0410056803293132
23.9666666666667,112.45511242258,125,5.59174375409597,-0.819266514260192,-0.963101036902847,0.536596314415304,3.97458559135628,-0.602240732074275,-0.754633139288656,-0.0404799285423081
23.9833333333333,112.241536168734,125,5.59174375409597,-1.48400693936688,-0.917144927808677,0.582552423509473,3.94779209551229,-1.27056537841908,-0.705048136245484,-0.0400052429886191
24,112.025971917748,125,5.59174375409597,-2.10711309286546,-0.875753167372063,0.623944183946087,3.92185545398944,-1.89935955891056,-0.659933503288579,-0.0395891381339087
