Tiempo_h,V_mgdL,g_mgdL,g1_mgdL,Kalman_mgdL,u,u_insu,IOB_U,z1,z2,z3
0,119.589741863356,113,-6.58974186335645,-9.58974186335645,-0,1.1835806037112,0,0,0,0
0.0166666666666667,119.589741862378,113,-6.58974186335645,-9.30747636564606,-0.797834512986473,1.1835806037112,0.0197254769642876,-3.67988190519882,-0.517590630302021,-0.0248961341502225
0.0333333333333333,119.589741834856,114,-5.58974186335645,-9.0419958131231,-1.19740981499195,0.183580603711198,0.0243429549944215,-6.23131409639958,-0.75103404286406,-0.0388001653681149
0.05,119.589741725224,114,-5.58974186335645,-8.73359648738982,-1.36001514692809,0.183580603711198,0.0273909788786639,-7.887863617673,-0.831350389376702,-0.0450685108666116
0.0666666666666667,119.589742833745,114,-5.58974186335645,-8.51211518530996,-1.36216001804847,0.183580603711198,0.0304322143416505,-8.85723055121499,-0.809498749010874,-0.0461199709289924
0.0833333333333333,119.589751755265,114,-5.58974186335645,-8.36917411122469,-1.26692902735897,0.183580603711198,0.0334660841381711,-9.3526384818322,-0.725044988740822,-0.0441099699694686
0.1,119.589783489184,114,-5.58974186335645,-8.29692084277436,-1.11960394136678,0.183580603711198,0.0364920314631699,-9.53479484848899,-0.606585809100494,-0.0405621047311361
0.116666666666667,119.589862888231,114,-5.58974186335645,-8.28800982480046,-0.952430743211036,0.231149860500162,0.0396230075807842,-9.52327291622534,-0.474909201407435,-0.036521560198753
0.133333333333333,119.590025075804,114,-5.58974186335645,-8.33392954087997,-0.799171923699422,1.1835806037112,0.0453834637225021,-9.40985464549021,-0.357186175800815,-0.0326705027895971
0.15,119.590315135539,114,-5.58974186335645,-8.39372328138031,-0.727455807707237,1.1835806037112,0.0650478037028122,-9.29626250816824,-0.321147079955339,-0.0293606796729489
0.166666666666667,119.590786002942,114,-5.58974186335645,-8.43269188072533,-0.668356822424151,1.1835806037112,0.0846971148885499,-9.21900222223913,-0.292229888865178,-0.0265531164508453
0.183333333333333,119.59149379354,114,-5.58974186335645,-8.45291216293635,-0.617338244297858,1.1835806037112,0.104326742985678,-9.16204375686222,-0.267641274252953,-0.0240891986896246
0.2,119.592493915009,114,-5.58974186335645,-8.45632715462756,-0.571319138337835,1.1835806037112,0.123932188128788,-9.1140065876936,-0.245488814164148,-0.0218613125593439
0.216666666666667,119.593838771664,114,-5.58974186335645,-8.44475107797549,-0.528292592017338,1.1835806037112,0.143509101104147,-9.06706548776528,-0.224547301344613,-0.0197991389803759
0.233333333333333,119.595576477031,114,-5.58974186335645,-8.41987443508149,-0.487030766091232,1.1835806037112,0.163053279654527,-9.01608562654474,-0.204077558669424,-0.017859135784681
0.25,119.597750189695,114,-5.58974186335645,-8.38326914868695,-0.446858830573781,1.1835806037112,0.182560664864143,-8.95794231156158,-0.183687028866388,-0.0160165375704621
0.266666666666667,119.600397844171,114,-5.58974186335645,-8.33639372774135,-0.407483319364554,1.1835806037112,0.20202733762207,-8.89098898045608,-0.163223462263981,-0.0142593342569925
0.283333333333333,119.603552134755,114,-5.58974186335645,-8.28059842963222,-0.368863262456502,1.1835806037112,0.22144951516255,-8.81464384423956,-0.142694705684601,-0.0125837961678473
0.3,119.607240660723,114,-5.58974186335645,-8.21713039397467,-0.331114756152796,1.1835806037112,0.240823547680625,-8.72907115703166,-0.122208965804781,-0.0109912002593425
0.316666666666667,119.611486171989,115,-4.58974186335645,-8.14713872573332,-0.294441502742868,1.1835806037112,0.260145915021565,-8.63493765552835,-0.101931036160604,-0.00948548247256715
0.333333333333333,119.616306873937,115,-4.58974186335645,-7.9777280202026,-0.259085368937342,1.1835806037112,0.279413223442592,-8.53322844893565,-0.082050883881417,-0.00807159809893123
0.35,119.621716763138,115,-4.58974186335645,-7.80967023954388,-0.21747579440388,1.1835806037112,0.298622202445423,-8.38905759668919,-0.0576908520344056,-0.00651050863882944
0.366666666666667,119.627725974523,114,-5.58974186335645,-7.64364703236478,-0.173274730870528,1.1835806037112,0.317769701678191,-8.21559777494756,-0.0311993699266951,-0.00492231378140131
0.383333333333333,119.634341126845,114,-5.58974186335645,-7.57420722726734,-0.129135385023067,1.1835806037112,0.336852687905332,-8.02315530013684,-0.00430178120794983,-0.00339133445648941
0.4,119.641565657661,114,-5.58974186335645,-7.50206612112878,-0.0947384621417934,1.1835806037112,0.355868242044042,-7.85577686924454,0.0166960557903093,-0.00221813556974579
0.416666666666667,119.649400142254,114,-5.58974186335645,-7.42787392756744,-0.0679017534772936,1.1835806037112,0.374813556265951,-7.70767284801834,0.0331088565506182,-0.00132219045816108
0.433333333333333,119.65784259318,114,-5.58974186335645,-7.35222013269642,-0.0469496211016587,1.1835806037112,0.393685931162677,-7.5744403455483,0.0459455211942216,-0.000641573256258384
0.45,119.666888738734,114,-5.58974186335645,-7.27563720381916,-0.0305992468293342,1.1835806037112,0.412482772973951,-7.45275996638901,0.0559776736154496,-0.000128763338417313
0.466666666666667,119.676532279783,114,-5.58974186335645,-7.19860417531782,-0.0178708987489716,1.1835806037112,0.431201590877031,-7.34015381889408,0.0637938079788667,0.000252655221558481
0.483333333333333,119.686765125172,114,-5.58974186335645,-7.12155010742536,-0.00801744083678302,1.1835806037112,0.449839994336151,-7.23479310411478,0.0698418848665518,0.000530579132324243
0.5,119.697577606462,114,-5.58974186335645,-7.04485741466904,-0.000469213641818325,1.1835806037112,0.468395690510768,-7.13534574131548,0.0744626855224998,0.000726401894887034
0.516666666666667,119.708958673047,114,-5.58974186335645,-6.96886506176563,0.0052088473177184,1.1835806037112,0.486866481721398,-7.04085624133398,0.0779157951804219,0.000856577851310723
0.533333333333333,119.720896068943,114,-5.58974186335645,-6.89387162564472,0.00935038521352011,1.1835806037112,0.505250262971863,-6.95065148244192,0.0803997285142764,0.000933828888246612
0.55,119.733376492579,114,-5.58974186335645,-6.82013822308093,0.0122131249696038,1.1835806037112,0.523545019526782,-6.86426722891021,0.0820674178304317,0.000968069774416425
0.566666666666667,119.746385740992,114,-5.58974186335645,-6.74789130413544,0.0139983420656427,1.1835806037112,0.541748824543164,-6.78139120492244,0.0830380461363654,0.000967112969015946
0.583333333333333,119.759908839763,114,-5.58974186335645,-6.67732531224739,0.0148656074658345,1.1835806037112,0.559859836754993,-6.7018193329803,0.0834060130781364,0.000937201460226947
0.6,119.773930160016,114,-5.58974186335645,-6.60860521238202,0.0149438546524018,1.1835806037112,0.577876298209717,-6.625422397352,0.0832476640014549,0.000883408259521378
0.616666666666667,119.788433523684,114,-5.58974186335645,-6.54186888913992,0.0143396007327285,1.1835806037112,0.595796532055541,-6.55212092499887,0.0826262845016075,0.000809933159551453
0.633333333333333,119.803402298193,113,-6.58974186335645,-6.47722941716586,0.0131429807791739,1.1835806037112,0.613618940378512,-6.48186650995775,0.0815957593731729,0.000720320908252196
0.65,119.818819481609,113,-6.58974186335645,-6.50872869448948,0.0114321153774929,1.1835806037112,0.63134200208833,-6.41462815988601,0.0802032113886069,0.00061761976918213
0.666666666666667,119.834667779202,113,-6.58974186335645,-6.53663251505561,0.00145977310012191,1.1835806037112,0.648964270851891,-6.38643462625576,0.0734199924652752,0.000260585962996526
0.683333333333333,119.850929672287,113,-6.58974186335645,-6.56119497747782,-0.0132769426184723,1.1835806037112,0.666484373073574,-6.38533723749588,0.0634513872706181,-0.000232400619798149
0.7,119.867587480143,113,-6.58974186335645,-6.58265897786556,-0.0302624300012325,1.1835806037112,0.683901005921291,-6.40225810075324,0.0518975834721586,-0.000777788986695285
0.716666666666667,119.884623415687,113,-6.58974186335645,-6.60125623217348,-0.0477342172705399,1.1835806037112,0.701212935397352,-6.43038233976333,0.0398922109273291,-0.00131850988548783
0.733333333333333,119.902019635557,113,-6.58974186335645,-6.61720735126935,-0.0645022058254567,1.1835806037112,0.718418994453212,-6.46466934589736,0.0282123406807653,-0.00181740479705732
0.75,119.919758285143,112,-7.58974186335645,-6.63072196260626,-0.0798062907275747,1.1835806037112,0.735518081147194,-6.50146094667219,0.017365430045045,-0.00225208137056042
0.766666666666667,119.937821539088,112,-7.58974186335645,-6.73595036073943,-0.0932048243915992,1.1835806037112,0.752509156844269,-6.53816834129536,0.00765769561092125,-0.0026109108010947
0.783333333333333,119.956191637696,112,-7.58974186335645,-6.83327675464993,-0.112304236754659,1.1835806037112,0.769391244457041,-6.60907501079381,-0.00582330672267265,-0.00313384550387268
0.8,119.974850919645,112,-7.58974186335645,-6.92308200073882,-0.133624418507436,1.1835806037112,0.786163426727054,-6.70110882964976,-0.0208587543753864,-0.00370621610952932
0.816666666666667,119.993781851366,112,-7.58974186335645,-7.00574256132597,-0.154774623459018,1.1835806037112,0.802824844545594,-6.80453898678486,-0.0359064643733562,-0.00425144502525249
0.833333333333333,120.012967053401,112,-7.58974186335645,-7.08162912626086,-0.174187082706254,1.1835806037112,0.819374695313139,-6.91224880536432,-0.0499384899592437,-0.00472139350607803
0.85,120.032389324021,111,-8.58974186335645,-7.15110541319642,-0.19090766469444,1.1835806037112,0.835812231336669,-7.01915324583498,-0.0623130234534787,-0.0050888253527718
0.866666666666667,120.052031660357,111,-8.58974186335645,-7.30847862089635,-0.204432334932773,1.1835806037112,0.852136758264018,-7.12173394499955,-0.0726739109905744,-0.00534156296394858
0.883333333333333,120.07187727727,111,-8.58974186335645,-7.45429159591248,-0.222396711318666,1.1835806037112,0.868347633554509,-7.2537216244144,-0.0859431981732874,-0.0057219008298653
0.9,120.091909624163,111,-8.58974186335645,-7.5890845941267,-0.241410874538065,1.1835806037112,0.88444426498509,-7.40177306008192,-0.0999521019431244,-0.006119343931599
0.916666666666667,120.112112399905,111,-8.58974186335645,-7.71339336988622,-0.259212209738475,1.1835806037112,0.90042610919124,-7.55609329061871,-0.113234402254397,-0.00646253447505879
0.933333333333333,120.13246956605,111,-8.58974186335645,-7.82774702350492,-0.274381874526159,1.1835806037112,0.916292670241898,-7.70965013213813,-0.124853149740691,-0.00670902457153559
0.95,120.152965358471,111,-8.58974186335645,-7.93266611612203,-0.286122941945039,1.1835806037112,0.932043498247701,-7.85754651102708,-0.134264530491278,-0.00683733044571449
0.966666666666667,120.173584297562,111,-8.58974186335645,-8.02866103208718,-0.294087941265994,1.1835806037112,0.947678188001828,-7.99652080858299,-0.141211570372234,-0.00684080595325766
0.983333333333333,120.194311197117,112,-7.58974186335645,-8.11623056998048,-0.298245822179102,1.1835806037112,0.963196377652761,-8.12455079952522,-0.145641722654184,-0.00672296100143313
1,120.215131171994,112,-7.58974186335645,-8.1019092563883,-0.298780256842296,1.1835806037112,0.978597747408273,-8.24054121202649,-0.147643500906498,-0.00649392234099163
1.01666666666667,120.236029644667,112,-7.58974186335645,-8.08597329216806,-0.288196294774203,1.1835806037112,0.993882018270004,-8.30802650439063,-0.14232736060876,-0.00592388360393
1.03333333333333,120.256992350744,113,-6.58974186335645,-8.06867722133289,-0.270330507819639,1.1835806037112,1.00904895079795,-8.33901014364267,-0.132097825472738,-0.00514500257597489
1.05,120.278005343555,113,-6.58974186335645,-7.95630307505928,-0.248081589127797,1.1835806037112,1.02409834390426,-8.34296399184691,-0.118786705902387,-0.00425550038703879
1.06666666666667,120.299054997853,114,-5.58974186335645,-7.84886846146383,-0.215791101036485,1.1835806037112,1.03903003367564,-8.29126769448608,-0.0987006650615471,-0.00308308930814933
1.08333333333333,120.320128012724,115,-4.58974186335645,-7.65241368660787,-0.178470098437885,1.1835806037112,1.0538438922239,-8.20164012013688,-0.0750254536356775,-0.00179470249828469
1.1,120.341211413757,115,-4.58974186335645,-7.37275959860937,-0.131883352829612,1.1835806037112,1.06853982656387,-8.05156118155695,-0.0449924449283266,-0.000262795053659926
1.11666666666667,120.362292554526,116,-3.58974186335645,-7.1094547439484,-0.0741304227579641,1.1835806037112,1.08311777751822,-7.82712054423537,-0.00731633193638704,0.00156265821735154
1.13333333333333,120.383359117451,117,-2.58974186335645,-6.76806518882921,-0.0127479415375468,1.1835806037112,1.09757771864858,-7.55689776667905,0.0331768533016128,0.00343530349238107
1.15,120.404399114082,118,-1.58974186335645,-6.35393526701394,0.0548995689589921,1.1835806037112,1.11191965521235,-7.22622777789392,0.0781959707500288,0.0054350299074197
1.16666666666667,120.425400884837,119,-0.589741863356451,-5.87218584676845,0.12979818447882,1.1835806037112,1.12614362314471,-6.82672488822807,0.128399659042306,0.00758734535732099
1.18333333333333,120.446353098268,119,-0.589741863356451,-5.32771341699058,0.211811354164101,1.1835806037112,1.14024968806527,-6.35464941898646,0.183723799486723,0.00988175736523093
1.2,120.467244749859,120,0.410258136643549,-4.81914186773596,0.300076603146449,1.1835806037112,1.15423794430879,-5.80963137458097,0.243629613823464,0.0122854479065449
1.21666666666667,120.48806516042,121,1.41025813664355,-4.2511169054658,0.38548369873931,1.1835806037112,1.16810851397951,-5.22973210557841,0.302218358085114,0.014509370201112
1.23333333333333,120.508803974093,121,1.41025813664355,-3.62807087302987,0.469957145557553,1.1835806037112,1.18186154602855,-4.6066515962366,0.360676324233644,0.0166192502196235
1.25,120.529451156017,122,2.41025813664355,-3.04817609170252,0.554382171660522,1.1835806037112,1.19549721535387,-3.93600012383473,0.419533415660567,0.018646064241415
1.26666666666667,120.549996989665,122,2.41025813664355,-2.41564013371124,0.631121606840601,1.1835806037112,1.20901572192232,-3.2523077535816,0.473799287392655,0.0203537672779571
1.28333333333333,120.570432073893,123,3.41025813664355,-1.82842282773641,0.703333445323062,1.1835806037112,1.2224172899133,-2.54418197864951,0.52542792827744,0.0218517576927642
1.3,120.590747319727,123,3.41025813664355,-1.19053171396206,0.765111940483493,1.1835806037112,1.23570216688358,-1.84058488285147,0.570523107247468,0.0229627496839831
1.31666666666667,120.610933946899,124,4.41025813664355,-0.599738678695874,0.799128256608338,1.1835806037112,1.25329536671682,-1.13262026840097,0.588319630701521,0.0238432461203164
1.33333333333333,120.63098348017,124,4.41025813664355,0.0401249806902373,0.799683230307705,1.1835806037112,1.27573705196562,-0.474627101833507,0.574171643464244,0.0244204894870208
1.35,120.650887745457,124,4.41025813664355,0.631452326460836,0.797491074781035,1.1835806037112,1.29851024099792,0.165238145214182,0.557604292780749,0.0249696700402736
1.36666666666667,120.670638865773,124,4.41025813664355,1.17661464453212,0.796812665803083,1.1835806037112,1.32023979347028,0.778268150166217,0.544288220118802,0.0254121616986719
1.38333333333333,120.690229257014,124,4.41025813664355,1.67795259122474,0.795839112358729,1.1835806037112,1.34093301035131,1.35355391343134,0.533011890059911,0.0256971231875172
1.4,120.709651623601,125,5.41025813664355,2.13776798370472,0.796601692708741,1.1835806037112,1.35994012979547,1.90533436160799,0.526277682279835,0.0257858364310157
1.41666666666667,120.728898953995,125,5.41025813664355,2.65226816444001,0.798754723045244,1.1835806037112,1.3771071958243,2.41239968997898,0.524235706037747,0.0256556756985606
1.43333333333333,120.747964516103,125,5.41025813664355,3.12385292969862,0.792195808396521,1.1835806037112,1.39598377854975,2.92193864728145,0.512559653634988,0.0255398982140019
1.45,120.766841852582,125,5.41025813664355,3.55487183673625,0.792483108145142,1.1835806037112,1.41277779994472,3.40859559280832,0.509539431264028,0.0253438295367107
1.46666666666667,120.785524776064,125,5.41025813664355,3.94761855897239,0.790612133039321,1.1835806037112,1.4289764990505,3.86779271135165,0.506097607145712,0.0250168575618912
1.48333333333333,120.804007364305,125,5.41025813664355,4.30432565985543,0.797114493325824,1.1835806037112,1.44211536647936,4.31004463167118,0.514159273672504,0.0245056339600087
1.5,120.822283955281,124,4.41025813664355,4.62716023762325,0.791408934858757,1.1835806037112,1.45603486367748,4.72196647657234,0.512131391325087,0.023766780668091
1.51666666666667,120.840349142224,124,4.41025813664355,4.82426887963509,0.787950169647912,1.1835806037112,1.46770934952401,5.10473385726259,0.515757543656568,0.0227911593342094
1.53333333333333,120.858197768631,124,4.41025813664355,4.99748178370933,0.768031189688647,1.1835806037112,1.47925842000284,5.4187328091009,0.508292456263244,0.0213289353801964
1.55,120.875824923233,124,4.41025813664355,5.14854808736103,0.735315030675383,1.1835806037112,1.49068307880137,5.672117010449,0.491996542708553,0.0195123886967665
1.56666666666667,120.893225934953,124,4.41025813664355,5.27913559909457,0.692976461381192,1.1835806037112,1.50198432993561,5.8724443306923,0.468850239312353,0.017453939146342
1.58333333333333,120.910396367838,123,3.41025813664355,5.39083143222981,0.643736089876138,1.1835806037112,1.51316317747719,6.02664214758269,0.440570194900066,0.0152478843526002
1.6,120.927332016004,123,3.41025813664355,5.39119147983372,0.589898449474185,1.1835806037112,1.52422062528911,6.14099989222305,0.408628619743158,0.0129722056362204
1.61666666666667,120.944028898566,123,3.41025813664355,5.3814486169344,0.52557533567378,1.1835806037112,1.53515767677003,6.18512895525995,0.369203442448251,0.0104464584759937
1.63333333333333,120.960483254587,122,2.41025813664355,5.36275169869069,0.455793147614364,1.1835806037112,1.54597533460688,6.17601851797232,0.325508351188035,0.0078373492503487
1.65,120.976691538041,122,2.41025813664355,5.24221708753932,0.384304268101526,1.1835806037112,1.55667460053557,6.12721711433988,0.279974335369565,0.00526587477112221
1.66666666666667,120.99265041279,122,2.41025813664355,5.12063916234126,0.306034781365722,1.1835806037112,1.56725647510965,6.01342509666392,0.229337485725412,0.00257325444081868
1.68333333333333,121.008356747593,121,1.41025813664355,4.99873136702192,0.22636646233395,1.1835806037112,1.57772195747666,5.85505454415021,0.177076649327736,-6.7284385592893e-05
1.7,121.023807611145,121,1.41025813664355,4.78317954955548,0.149083078069777,1.1835806037112,1.58807204516211,5.66781085794007,0.125678528601222,-0.00253861544595589
1.71666666666667,121.039000267152,121,1.41025813664355,4.57435406137771,0.0689214173625594,1.1835806037112,1.59830773386071,5.4276012130761,0.0717898369692917,-0.00501018326755103
1.73333333333333,121.053932169435,120,0.410258136643549,4.37255219101886,-0.0090684494357208,1.1835806037112,1.60843001723479,5.15534274458356,0.0187040445782609,-0.00732352783545512
1.75,121.068600957096,120,0.410258136643549,4.08405269834055,-0.0815183381762195,1.1835806037112,1.61843988671983,4.86673803491322,-0.0313365118188675,-0.00937841475633372
1.76666666666667,121.083004449711,119,-0.589741863356451,3.80882893423834,-0.154147863426831,1.1835806037112,1.62833833133662,4.53733391818847,-0.0819609723040906,-0.0113618791844907
1.78333333333333,121.097140642584,119,-0.589741863356451,3.45284064571339,-0.222373170190503,1.1835806037112,1.63812633751027,4.18744528749716,-0.130163149573803,-0.0131327516489359
1.8,121.111007702053,118,-1.58974186335645,3.11574766068751,-0.291096851915923,1.1835806037112,1.64780488889554,3.79596651542673,-0.179056020584401,-0.0148510252430569
1.81666666666667,121.124603960846,118,-1.58974186335645,2.7032026415758,-0.355215334541384,1.1835806037112,1.65737496620864,3.38557894951538,-0.225302965173995,-0.016358729723332
1.83333333333333,121.137927913495,117,-2.58974186335645,2.31456558349423,-0.419329724443365,1.1835806037112,1.66683754706504,2.93678856780224,-0.271823734492404,-0.0178064696267052
1.85,121.15097821182,117,-2.58974186335645,1.85519725682492,-0.478191929600384,1.1835806037112,1.67619360582347,2.4733131701207,-0.315187933286665,-0.0190321239162755
1.86666666666667,121.163753660457,117,-2.58974186335645,1.42417428017183,-0.53636842501097,1.1835806037112,1.68544411343559,1.97626212227855,-0.358291830940205,-0.0201857283548216
1.88333333333333,121.176253212465,116,-3.58974186335645,1.02053452096073,-0.588650536098478,1.1835806037112,1.69459003730153,1.4696353266951,-0.397729526956949,-0.0211069284729755
1.9,121.188475964986,116,-3.58974186335645,0.549334104102379,-0.631874794620483,1.1835806037112,1.70363234113089,0.970642485378586,-0.431381987340691,-0.0217050268014774
1.91666666666667,121.200421154984,115,-4.58974186335645,0.109362555040285,-0.672197189927313,1.1835806037112,1.7125719848092,0.455187500316547,-0.463154870732744,-0.0221835047025736
1.93333333333333,121.212088155034,115,-4.58974186335645,-0.394563783746525,-0.705604132645331,1.1835806037112,1.72140992426968,-0.0568768272019011,-0.490409974006433,-0.0224212436239588
1.95,121.223476469197,115,-4.58974186335645,-0.863886831479316,-0.737631064585208,1.1835806037112,1.73014711137009,-0.587682111295833,-0.516674257365763,-0.0225995307386787
1.96666666666667,121.234585728953,114,-5.58974186335645,-1.30006163136393,-0.763819045902468,1.1835806037112,1.73878449377469,-1.11594177983558,-0.539038301911995,-0.0225812958677487
1.98333333333333,121.245415689203,114,-5.58974186335645,-1.79849970259219,-0.781574127913995,1.1835806037112,1.74732301484095,-1.62671386149636,-0.555768429119841,-0.0222926540373816
2,121.255966224351,114,-5.58974186335645,-2.26085434330605,-0.79747449998347,1.1835806037112,1.75576361351116,-2.14598657135206,-0.571064067008127,-0.0219486808103272
2.01666666666667,121.266237324447,114,-5.58974186335645,-2.68877624603583,-0.797461867871721,1.1835806037112,1.76197162031385,-2.64844736004415,-0.571281147047045,-0.0214444781260825
2.03333333333333,121.276229091403,114,-5.58974186335645,-3.08390611047187,-0.791176879396224,1.1835806037112,1.76814348027094,-3.1211724639553,-0.567365434719239,-0.0207505590403438
2.05,121.285941735288,114,-5.58974186335645,-3.44786763838508,-0.787883879149538,1.1835806037112,1.77629786945162,-3.56881966299442,-0.569516170042214,-0.0198483479945442
2.06666666666667,121.295375570681,114,-5.58974186335645,-3.78226137565997,-0.776731382373212,1.1835806037112,1.78435908298466,-3.9856822942121,-0.56619477377522,-0.0187263014328455
2.08333333333333,121.304531013108,114,-5.58974186335645,-4.08865933951913,-0.757804474284636,1.1835806037112,1.79232800221578,-4.36776338360253,-0.557407272188633,-0.0173953563498198
2.1,121.313408575544,114,-5.58974186335645,-4.36860037189121,-0.731661353028647,1.1835806037112,1.80020550434786,-4.71321247868716,-0.543470922812617,-0.0158808937550996
2.11666666666667,121.322008864984,114,-5.58974186335645,-4.62358616272601,-0.699154678198816,1.1835806037112,1.8079924623445,-5.02174395484231,-0.524901882809799,-0.0142166365931263
2.13333333333333,121.330332579092,115,-4.58974186335645,-4.85507788987845,-0.661299199563671,1.1835806037112,1.81568974483783,-5.29418468981601,-0.502331260729195,-0.0124402079247628
2.15,121.338380502915,115,-4.58974186335645,-4.97054193703878,-0.619175513265429,1.1835806037112,1.82329821604034,-5.53212507837934,-0.47644342669559,-0.0105899745197004
2.16666666666667,121.346153505667,115,-4.58974186335645,-5.0711545686034,-0.566045371749963,1.1835806037112,1.83081873566077,-5.70160017908968,-0.442860788222,-0.00845896789081409
2.18333333333333,121.35365253759,115,-4.58974186335645,-5.15803762253757,-0.506372476484146,1.1835806037112,1.83825215882382,-5.81691848747454,-0.404421263420848,-0.00619729972858731
2.2,121.360878626874,116,-3.58974186335645,-5.23225843428347,-0.443564810509059,1.1835806037112,1.84559933599363,-5.88965896618001,-0.363317719308212,-0.0039167962456973
2.21666666666667,121.367832876651,116,-3.58974186335645,-5.20087902195619,-0.380183982559038,1.1835806037112,1.852861112901,-5.92916600283291,-0.321223072596689,-0.0016988657544212
2.23333333333333,121.374516462061,116,-3.58974186335645,-5.16466390260707,-0.310299968111027,1.1835806037112,1.86003833047408,-5.90690587534562,-0.274322013779058,0.000643005502261398
2.25,121.380930627378,116,-3.58974186335645,-5.12431862061506,-0.238698285250234,1.1835806037112,1.86713182477263,-5.84083393320107,-0.225703395502701,0.00295421834030867
2.26666666666667,121.387076683206,116,-3.58974186335645,-5.08049222059774,-0.168766322141423,1.1835806037112,1.87414242692563,-5.74481912551984,-0.177588915082039,0.00512936143693515
2.28333333333333,121.392956003746,116,-3.58974186335645,-5.03378020164756,-0.10281293725266,1.1835806037112,1.88107096307215,-5.62947682963409,-0.131526961234592,0.0071005096880302
2.3,121.398570024117,116,-3.58974186335645,-4.98472741383091,-0.0423231658572619,1.1835806037112,1.88791825430544,-5.50284304915014,-0.0885476578678882,0.00882795445160207
2.31666666666667,121.403920237757,116,-3.58974186335645,-4.93383088895178,0.0118396868092248,1.1835806037112,1.89468511662017,-5.37091880088537,-0.049286376314805,0.0102928984252428
2.33333333333333,121.409008193872,116,-3.58974186335645,-4.88154259877791,0.0592745021940736,1.1835806037112,1.90137236086263,-5.23810845525378,-0.0140816841555976,0.0114917331654854
2.35,121.413835494958,116,-3.58974186335645,-4.82827213502593,0.0999171214379121,1.1835806037112,1.90798079268393,-5.10757160269073,0.01694737838655,0.0124315875223836
2.36666666666667,121.418403794385,116,-3.58974186335645,-4.77438930640979,0.133942710416421,1.1835806037112,1.91451121249604,-4.98150454541494,0.0438406927913192,0.0131268930982006
2.38333333333333,121.422714794038,116,-3.58974186335645,-4.72022664897719,0.161690235360258,1.1835806037112,1.92096441543054,-4.86136463875059,0.0667498590081022,0.0135967603801697
2.4,121.426770242019,116,-3.58974186335645,-4.66608184679811,0.183604589894605,1.1835806037112,1.92734119130025,-4.7480483287286,0.085901730354424,0.013862998220758
2.41666666666667,121.430571930412,116,-3.58974186335645,-4.61222006083155,0.200192754032785,1.1835806037112,1.93364232456324,-4.64203176872567,0.101570519114766,0.0139486413221467
2.43333333333333,121.434121693104,116,-3.58974186335645,-4.55887616448647,0.211991054346555,1.1835806037112,1.93986859428965,-4.54348127736865,0.114056713543205,0.0138768765521902
2.45,121.437421403662,116,-3.58974186335645,-4.50625688501484,0.219541158480526,1.1835806037112,1.94602077413074,-4.45233956436362,0.123671381730969,0.0136702802959297
2.46666666666667,121.440472973275,116,-3.58974186335645,-4.45454285043328,0.223372898189949,1.1835806037112,1.95209963229055,-4.36839255158136,0.130724711937458,0.0133502964749576
2.48333333333333,121.443278348736,116,-3.58974186335645,-4.40389054216893,0.223992391257546,1.1835806037112,1.95810593149976,-4.29132071307069,0.13551786309569,0.0129368990469506
2.5,121.445839510499,116,-3.58974186335645,-4.35443415406864,0.22187423899069,1.1835806037112,1.9640404289919,-4.22073811591274,0.138337382082966,0.0124483943093341
2.51666666666667,121.448158470769,116,-3.58974186335645,-4.30628735880338,0.217456824942733,1.1835806037112,1.96990387648168,-4.15622173589764,0.139451593285021,0.0119013276538783
2.53333333333333,121.450237271667,116,-3.58974186335645,-4.25954498304368,0.211139942325715,1.1835806037112,1.97569702014554,-4.09733312457017,0.139108487015722,0.0113104669492589
2.55,121.452077983424,116,-3.58974186335645,-4.21428459308237,0.203284140786741,1.1835806037112,1.98142060060426,-4.04363409788622,0.1375347314821,0.0106888407932227
2.56666666666667,121.453682702646,116,-3.58974186335645,-4.17056799283982,0.194211314826492,1.1835806037112,1.98707535290747,-3.99469778548105,0.134935512337238,0.0100478147445024
2.58333333333333,121.455053550615,117,-2.58974186335645,-4.12844263640852,0.184206161934841,1.1835806037112,1.99266200652029,-3.95011611005998,0.131494967853065,0.00939719253890802
2.6,121.456192671648,117,-2.58974186335645,-3.9939914695615,0.173518223274354,1.1835806037112,1.99818128531172,-3.90950454765812,0.127377039185236,0.00874533239650426
2.61666666666667,121.4571022315,117,-2.58974186335645,-3.86704112949922,0.170180733854428,1.1835806037112,2.00363390754493,-3.83645274599051,0.127797472096105,0.00834318031405472
2.63333333333333,121.457784415815,117,-2.58974186335645,-3.74740061173069,0.170945705614694,1.1835806037112,2.00902058586928,-3.74255610928173,0.130716697986043,0.00808056097344017
2.65,121.458241428623,117,-2.58974186335645,-3.63486366249125,0.173513915176534,1.1835806037112,2.01434202731413,-3.63656318395681,0.134681110934367,0.0078808107306836
2.66666666666667,121.458475490883,117,-2.58974186335645,-3.52921145775955,0.176310165273262,1.1835806037112,2.01959893328427,-3.52497993652118,0.138686495652698,0.00769258869544957
2.68333333333333,121.458488839069,117,-2.58974186335645,-3.43021505238604,0.178305724586183,1.1835806037112,2.02479199955696,-3.41255575302872,0.142069761636691,0.00748344506790831
2.7,121.458283723806,117,-2.58974186335645,-3.33763761229887,0.178878774964066,1.1835806037112,2.02992191628056,-3.3026731008874,0.144423534511395,0.00723479972956827
2.71666666666667,121.457862408536,117,-2.58974186335645,-3.25123644241101,0.177705386177214,1.1835806037112,2.03498936797469,-3.19765887963531,0.145529152863387,0.00693804881919837
2.73333333333333,121.457227168237,117,-2.58974186335645,-3.1707648224843,0.174674929405741,1.1835806037112,2.0399950335318,-3.09903225085779,0.145304440205887,0.0065915701693236
2.75,121.456380288179,117,-2.58974186335645,-3.09597366281844,0.16982498331411,1.1835806037112,2.04493958622023,-3.00770106403847,0.14376329731346,0.00619844204460498
2.76666666666667,121.455324062718,117,-2.58974186335645,-3.02661299122868,0.16329172383659,1.1835806037112,2.04982369368857,-2.92411678927466,0.14098471510867,0.00576472528158779
2.78333333333333,121.454060794135,117,-2.58974186335645,-2.96243328235893,0.155272556434814,1.1835806037112,2.05464801797143,-2.84839604976818,0.137089263472877,0.0052981880665565
2.8,121.4525927915,117,-2.58974186335645,-2.90318663995149,0.145998377266005,1.1835806037112,2.0594132154964,-2.78041535045533,0.132221484145511,0.0048073763545052
2.81666666666667,121.450922369593,117,-2.58974186335645,-2.84862784226252,0.135713362038558,1.1835806037112,2.06411993709235,-2.71988436880513,0.126536920683479,0.00430095228023975
2.83333333333333,121.449051847843,117,-2.58974186335645,-2.79851526037735,0.124660598736418,1.1835806037112,2.06876882799883,-2.66640216372367,0.120192767232357,0.00378723863096224
2.85,121.446983549313,117,-2.58974186335645,-2.75261165874397,0.113072219763616,1.1835806037112,2.07336052787673,-2.61949983043727,0.113341320525196,0.00327392019044002
2.86666666666667,121.444719799717,117,-2.58974186335645,-2.71068488680888,0.101162964375209,1.1835806037112,2.07789567081996,-2.57867245144295,0.106125584281382,0.00276786306669103
2.88333333333333,121.442262926469,117,-2.58974186335645,-2.67250847020843,0.089126325074396,1.1835806037112,2.08237488536828,-2.5434026397625,0.098676508817943,0.0022750214224927
2.9,121.439615257772,116,-3.58974186335645,-2.63786210954354,0.0771326115062686,1.1835806037112,2.08679879452113,-2.51317751896581,0.0911114568216899,0.00180040770726756
2.91666666666667,121.436779121727,116,-3.58974186335645,-2.70048358226532,0.0653284101318495,1.1835806037112,2.09116801575249,-2.48750061663457,0.083533573496453,0.00134810784156087
2.93333333333333,121.433756845489,116,-3.58974186335645,-2.76036212809328,0.0460205876266799,1.1835806037112,2.0954831610267,-2.50195194550369,0.0709609338320328,0.000677417752468009
2.95,121.43055075444,116,-3.58974186335645,-2.81750121849093,0.0227449360603315,1.1835806037112,2.0997448368152,-2.54416263006406,0.0556354374581545,-9.3255738197968e-05
2.96666666666667,121.4271631714,115,-4.58974186335645,-2.87191746092411,-0.00195957400219342,1.1835806037112,2.1039536441142,-2.60467039934807,0.0391837038276772,-0.000880826292354243
2.98333333333333,121.423596415866,115,-4.58974186335645,-3.0175905735808,-0.0263215715703437,1.1835806037112,2.10811017846317,-2.67631575924935,0.0227560387470225,-0.00162913656109802
3,121.419852803276,115,-4.58974186335645,-3.15475502877046,-0.0569716434311459,1.1835806037112,2.11221502996418,-2.78980681506531,0.00206631182015982,-0.00254623858731218
3.01666666666667,121.415934644307,114,-5.58974186335645,-3.28366125394795,-0.089730831955446,1.1835806037112,2.11626878330209,-2.92929676865336,-0.0202117348891165,-0.0034953495112698
3.03333333333333,121.411844244195,114,-5.58974186335645,-3.49852461783233,-0.121724685231107,1.1835806037112,2.12027201776544,-3.08292205949638,-0.0422149593439728,-0.00438529150825274
3.05,121.407583902083,114,-5.58974186335645,-3.699815711846,-0.158883739999358,1.1835806037112,2.12422530726809,-3.27799800087295,-0.0677691789445536,-0.00540293656563411
3.06666666666667,121.403155910395,113,-6.58974186335645,-3.88802033526331,-0.196627087343469,1.1835806037112,2.12812922037163,-3.49630086933255,-0.0939285247247431,-0.0064003984498222
3.08333333333333,121.398562554235,113,-6.58974186335645,-4.15758740161964,-0.23189469908854,1.1835806037112,2.13198432030839,-3.72437053722778,-0.118695586573872,-0.0072825646832885
3.1,121.393806110812,112,-7.58974186335645,-4.40921826709674,-0.270584732371308,1.1835806037112,2.13579116500516,-3.98851912144844,-0.145860672396093,-0.00823731393149697
3.11666666666667,121.388888848885,112,-7.58974186335645,-4.73757736809335,-0.308188678975345,1.1835806037112,2.13955030710753,-4.2699652935113,-0.172511026694718,-0.00912101944291631
3.13333333333333,121.383813028235,111,-8.58974186335645,-5.04358096214993,-0.349603421448905,1.1835806037112,2.1432622940048,-4.59107282685099,-0.20179884531936,-0.0100887263765169
3.15,121.378580899155,111,-8.58974186335645,-5.42210677308853,-0.38965708370114,1.1835806037112,2.14692766785549,-4.93018597234839,-0.2303838827991,-0.0109756932621431
3.16666666666667,121.373194701969,110,-9.58974186335645,-5.77428185560173,-0.432835204391984,1.1835806037112,2.15054696561341,-5.30762850813686,-0.261148937525212,-0.0119244761470052
3.18333333333333,121.367656666566,110,-9.58974186335645,-6.19519147182549,-0.473739504041751,1.1835806037112,2.15412071905421,-5.70034790923106,-0.290601263019055,-0.0127640715065459
3.2,121.361969011956,109,-10.5897418633565,-6.58616628717896,-0.516762017600135,1.1835806037112,2.15764945480248,-6.12776234187824,-0.321555950387148,-0.0136351551564149
3.21666666666667,121.356133945849,109,-10.5897418633565,-7.04249067042909,-0.556503813164196,1.1835806037112,2.1611336943593,-6.56628444218601,-0.350512507757566,-0.0143678188472136
3.23333333333333,121.350153664248,109,-10.5897418633565,-7.46568939805705,-0.597418597513899,1.1835806037112,2.16457395413025,-7.03507346322295,-0.38031920235548,-0.0151057494074114
3.25,121.34403035107,108,-11.5897418633565,-7.8572840531247,-0.634208432240378,1.1835806037112,2.16797074545387,-7.51048475432388,-0.407535192798358,-0.0156831777349936
3.26666666666667,121.337766177775,108,-11.5897418633565,-8.31273782693233,-0.66363380529399,1.1835806037112,2.17132457463051,-7.9757119902724,-0.430013173598118,-0.0160045734631775
3.28333333333333,121.331363303021,108,-11.5897418633565,-8.73374218703309,-0.691780845822841,1.1835806037112,2.17463594295156,-8.45527447893001,-0.451632821026014,-0.0162689280279365
3.3,121.324823872332,107,-12.5897418633565,-9.12197377559965,-0.714567685597906,1.1835806037112,2.1779053467291,-8.92974212112452,-0.469729373282688,-0.0163508215657637
3.31666666666667,121.318150017786,107,-12.5897418633565,-9.57303971354035,-0.729643818143217,1.1835806037112,2.18113327732587,-9.38560243098834,-0.482730039565542,-0.0161834264498981
3.33333333333333,121.311343857717,107,-12.5897418633565,-9.98876477112901,-0.743729149743978,1.1835806037112,2.18432022118555,-9.84993092201916,-0.494930828454751,-0.0159854399696293
3.35,121.304407496431,107,-12.5897418633565,-10.3709487666476,-0.753177964046645,1.1835806037112,2.18746665986341,-10.305264865638,-0.503960027012582,-0.0156442647472799
3.36666666666667,121.297343023947,106,-13.5897418633565,-10.7213608783073,-0.755924299643692,1.1835806037112,2.19057307005721,-10.7395909790636,-0.508442589449264,-0.0151006908427061
3.38333333333333,121.29015251574,106,-13.5897418633565,-11.1356857429574,-0.751041164504299,1.1835806037112,2.19363992363837,-11.1450613323227,-0.50772843734086,-0.0143332456543719
3.4,121.282838032507,106,-13.5897418633565,-11.5158118808729,-0.746217451845346,1.1835806037112,2.19666768768347,-11.5530283494162,-0.50675300204271,-0.0135901613069258
3.41666666666667,121.275401619948,106,-13.5897418633565,-11.8635902798144,-0.738431313860457,1.1835806037112,2.19965682450592,-11.9492127595347,-0.503567373492186,-0.0127765266457424
3.43333333333333,121.267845308552,106,-13.5897418633565,-12.1808298252669,-0.725981949786679,1.1835806037112,2.20260779168787,-12.3239279849925,-0.497055551058439,-0.0118420848453112
3.45,121.260171113406,106,-13.5897418633565,-12.4692929642456,-0.708116693614406,1.1835806037112,2.2055210421124,-12.6709858982251,-0.486704448988835,-0.0107680115962346
3.46666666666667,121.252381034014,106,-13.5897418633565,-12.7306920706521,-0.68474446055524,1.1835806037112,2.20839702399581,-12.9868314749346,-0.472426278303379,-0.00955685166725108
3.48333333333333,121.244477054121,106,-13.5897418633565,-12.9666864536752,-0.65621768522993,1.1835806037112,2.21123618092016,-13.2698619586455,-0.454422603360488,-0.00822494646239919
3.5,121.236461141565,106,-13.5897418633565,-13.178879953927,-0.623168323751525,1.1835806037112,2.21403895186596,-13.5198943289328,-0.433081412012316,-0.0067968155963454
3.51666666666667,121.22833524812,106,-13.5897418633565,-13.368819075137,-0.586386301331931,1.1835806037112,2.21680577124498,-13.7377515916169,-0.408900207978646,-0.00530106176951799
3.53333333333333,121.220101309371,106,-13.5897418633565,-13.5379916022652,-0.546731077902978,1.1835806037112,2.21953706893331,-13.9249439344256,-0.382429497912057,-0.00376745463750182
3.55,121.211761244585,106,-13.5897418633565,-13.6878256598546,-0.505068868604185,1.1835806037112,2.22223327030437,-14.08342532399,-0.354232157595155,-0.0022249194918595
3.56666666666667,121.203316956599,106,-13.5897418633565,-13.819689167298,-0.462229570058608,1.1835806037112,2.22489479626221,-14.2154098323977,-0.324855066529447,-0.000700213340452063
3.58333333333333,121.194770331717,106,-13.5897418633565,-13.9348896504631,-0.418978670142441,1.1835806037112,2.22752206327483,-14.3232350173383,-0.294810134861076,0.000782883180064978
3.6,121.186123239617,106,-13.5897418633565,-14.034674371773,-0.376000410489581,1.1835806037112,2.23011548340756,-14.4092621581799,-0.264562441745649,0.00220399270866713
3.61666666666667,121.177377533268,107,-12.5897418633565,-14.1202307434058,-0.333889270187724,1.1835806037112,2.23267546435658,-14.4758051697393,-0.234523685159421,0.00354629189149854
3.63333333333333,121.168535048856,107,-12.5897418633565,-14.0987355028058,-0.293147481390618,1.1835806037112,2.23520240948251,-14.5250816577522,-0.205049530670458,0.00479646723640619
3.65,121.159597605718,107,-12.5897418633565,-14.0710625467468,-0.24637035552962,1.1835806037112,2.237696717844,-14.5231288163,-0.171368882289868,0.00618844781071691
3.66666666666667,121.150567006284,107,-12.5897418633565,-14.0380215019251,-0.197318466597879,1.1835806037112,2.24015878423141,-14.4838146205478,-0.135894389142139,0.00759930829452469
3.68333333333333,121.141445036031,108,-11.5897418633565,-14.0003602616071,-0.148696858382815,1.1835806037112,2.24258899920051,-14.4179754805359,-0.100385937739189,0.00894346636165827
3.7,121.132233463442,108,-11.5897418633565,-13.8648165345573,-0.102390036747368,1.1835806037112,2.24498774910621,-14.3340185727077,-0.0660928199561211,0.010164039408985
3.71666666666667,121.122934039974,109,-10.5897418633565,-13.7318277914979,-0.0518337550176505,1.1835806037112,2.24735541613632,-14.2023593446859,-0.0287971317428205,0.0114698699533928
3.73333333333333,121.113548500029,109,-10.5897418633565,-13.507820217177,-0.00123271256883408,1.1835806037112,2.24969237834529,-14.0398489838763,0.00878628595289991,0.0127262333065207
3.75,121.104078560941,110,-9.58974186335645,-13.2929198416041,0.0543639179633203,1.1835806037112,2.25199900968797,-13.8231908770218,0.0498476018574784,0.0140889526522144
3.76666666666667,121.094525922961,110,-9.58974186335645,-12.993243019437,0.109673310310372,1.1835806037112,2.25427568005334,-13.5738351969002,0.0909776130165922,0.0153888832656384
3.78333333333333,121.084892269258,111,-8.58974186335645,-12.7086089141765,0.16896854990029,1.1835806037112,2.25652275529822,-13.2717698898597,0.13492304257333,0.0167611622999953
3.8,121.075179265914,111,-8.58974186335645,-12.3448311684784,0.226583930640519,1.1835806037112,2.25874059728102,-12.9407145253104,0.178017406975521,0.0180259144795518
3.81666666666667,121.065388561938,112,-7.58974186335645,-12.0014314290164,0.286622529068693,1.1835806037112,2.26092956389531,-12.5621494951674,0.222885778934171,0.0193145897994369
3.83333333333333,121.055521789275,113,-6.58974186335645,-11.5839319184447,0.343398286720593,1.1835806037112,2.26309000910352,-12.1606986692991,0.265836496750402,0.020448445114796
3.85,121.045580562832,113,-6.58974186335645,-11.0976182456747,0.401095292399268,1.1835806037112,2.26522228297045,-11.7183075199261,0.309535839875356,0.0215632015336845
3.86666666666667,121.035566480498,114,-5.58974186335645,-10.6414910718753,0.461989825096588,1.1835806037112,2.26732673169678,-11.2236905023953,0.355447727908055,0.0227301826405614
3.88333333333333,121.025481123179,115,-4.58974186335645,-10.1205600125481,0.519198478577014,1.1835806037112,2.26940369765256,-10.7066827190406,0.399111910580884,0.0237323089198102
3.9,121.015326054829,116,-3.58974186335645,-9.539608063704,0.576175113151117,1.1835806037112,2.2714535194105,-10.1528746519149,0.442719250605139,0.0246829209739831
3.91666666666667,121.005102822497,117,-2.58974186335645,-8.90319317047511,0.634806446011686,1.1835806037112,2.27347653177935,-9.55342343061579,0.487473681126149,0.025642406957663
3.93333333333333,120.994812956363,117,-2.58974186335645,-8.21565026298816,0.695878830671475,1.1835806037112,2.27547306583703,-8.90364120159489,0.533880873777193,0.0266346477976869
3.95,120.9844579698,118,-1.58974186335645,-7.57504565850659,0.759432706728796,1.1835806037112,2.27744344896382,-8.20188839387954,0.581968553102966,0.027659379700371
3.96666666666667,120.974039359415,118,-1.58974186335645,-6.88547379298527,0.79852055395836,1.1835806037112,2.28318306031611,-7.48965181371711,0.606172980974484,0.0284602447992025
3.98333333333333,120.963558605118,119,-0.589741863356451,-6.24477556180885,0.800475778670725,1.98405638238192,2.29615295413921,-6.78961447290017,0.59110113332995,0.0291974700316321
4,120.953017122126,119,-0.589741863356451,-5.52900488660423,0.799675335639719,1.1835806037112,2.30889770619056,-6.12380273766239,0.575057794625308,0.0298023708766996
4.01666666666667,120.942415151076,120,0.410258136643549,-4.83916168555166,0.801191944158208,1.98477254786941,2.32234831065559,-5.452306245101,0.558828857304295,0.0305588794037408
4.03333333333333,120.931749676676,120,0.410258136643549,-4.08166228090143,0.801651595832238,1.98523219954344,2.33654623946615,-4.7883754522936,0.540671521024872,0.0313871822643465
4.05,120.921013949285,120,0.410258136643549,-3.32903356826966,0.805759111392085,1.98933971510328,2.35182382755795,-4.1030113868084,0.522950270175096,0.0324835908480765
4.06666666666667,120.91019564529,120,0.410258136643549,-2.58429902542152,0.816449378039474,2.00002998175067,2.3671874789004,-3.40576152063521,0.509792145817067,0.0337791956838107
4.08333333333333,120.899275184698,121,1.41025813664355,-1.84975891256004,0.831657309762939,2.01523791347414,2.38272621492474,-2.70071099943611,0.499710200339568,0.0352164093049545
4.1,120.888225065154,121,1.41025813664355,-1.03307667651776,0.849619751662628,2.03320035537383,2.39849716398671,-1.99239608885721,0.491468573628947,0.0367443067913023
4.11666666666667,120.877009819207,121,1.41025813664355,-0.235185224486294,0.876422991447648,2.06000359515885,2.41459912083693,-1.24923842473768,0.488823353344605,0.0385652384448851
4.13333333333333,120.865586270739,121,1.41025813664355,0.54357890589191,0.907177584595677,2.09075818830687,2.43113337449848,-0.487492341612121,0.488459645533502,0.0405322985661211
4.15,120.853903874422,121,1.41025813664355,1.30345290043758,0.938624037949589,2.12220464166079,2.44813389630806,0.28015046858114,0.488227373117049,0.0425444328281074
4.16666666666667,120.841905142202,120,0.410258136643549,2.04490180543169,0.9687693200672,2.1523499237784,2.46559140640106,1.0443062321029,0.48686451377846,0.0445370896826685
4.18333333333333,120.829526079017,120,0.410258136643549,2.67445805904142,0.996545413174404,2.1801260168856,2.48347154453852,1.79839812391993,0.483745381105818,0.0464730121574478
4.2,120.816696653143,120,0.410258136643549,3.29231803613729,1.01403495338708,2.19761555709828,2.50165984545567,2.50213519566391,0.473960585079233,0.048090125052552
4.21666666666667,120.803341174414,120,0.410258136643549,3.89827543410626,1.02506016658492,2.20864077029612,2.52001556546986,3.16523255400288,0.460202007553051,0.0494978920221054
4.23333333333333,120.78937863008,120,0.410258136643549,4.49162515183247,1.03236193937096,2.21594254308216,2.53845237663461,3.79566306558312,0.444369470158823,0.0507763449686834
4.25,120.774723150396,120,0.410258136643549,5.0714484102317,1.03778356992518,2.22136417363638,2.55692189229911,4.39952847743714,0.427718749767615,0.0519803921689013
4.26666666666667,120.759284590965,120,0.410258136643549,5.63679930994418,1.04247204743166,2.22605265114286,2.5754004298363,4.98120206305788,0.411014755625575,0.0531449998237183
4.28333333333333,120.742969161494,121,1.41025813664355,6.18681598883002,1.0470666108111,2.2306472145223,2.59387903296137,5.54360505696662,0.394670517108803,0.0542902789489194
4.3,120.725679993062,121,1.41025813664355,6.81472904113551,1.05185930311657,2.23543990682776,2.61235640328092,6.08852595914759,0.378862878107321,0.0554259537126381
4.31666666666667,120.707317563643,121,1.41025813664355,7.42017499300387,1.06440524514328,2.24798584885448,2.63090214526052,6.65286740303238,0.368332602683173,0.056798996598414
4.33333333333333,120.687780135695,121,1.41025813664355,8.00321673562688,1.08079712258237,2.26437772629357,2.64960865564779,7.22463071011436,0.360401684365877,0.058293435477077
4.35,120.666964241098,121,1.41025813664355,8.56442230434301,1.09837989627689,2.28196049998809,2.6685141277708,7.79438965344819,0.353292094215781,0.0598282683223863
4.36666666666667,120.644765173875,121,1.41025813664355,9.10457978896384,1.11548938779843,2.29906999150963,2.68762119957737,8.35518630810225,0.3459242443525,0.0613508686817888
4.38333333333333,120.621077401723,121,1.41025813664355,9.62451991824355,1.13119772112399,2.31477832483518,2.70691128091072,8.90220372622131,0.337727869171696,0.0628301958520815
4.4,120.595794828043,121,1.41025813664355,10.1250175835175,1.14509085600755,2.32867145971875,2.72635490138469,9.4323515771182,0.328480797662848,0.0642506519978374
4.41666666666667,120.56881106267,121,1.41025813664355,10.6067476605241,1.15708857522073,2.34066917893193,2.74591870978717,9.94384959106618,0.318181056947529,0.0656069792181307
4.43333333333333,120.540019674578,121,1.41025813664355,11.070275489681,1.16730792443033,2.35088852814152,2.76556984562631,10.4358558884178,0.306951603190801,0.0669002978567827
4.45,120.509314336773,121,1.41025813664355,11.5160673208852,1.17596582334073,2.35954642705193,2.78527837279945,10.9081611955841,0.294973662548134,0.0681352150471105
4.46666666666667,120.476589010235,121,1.41025813664355,11.9445103939579,1.18331412804591,2.36689473175711,2.80501837171628,11.3609532163705,0.282443282431754,0.0693178452608081
4.48333333333333,120.44173819838,122,2.41025813664355,12.3559358847515,1.18959982572189,2.37318042943309,2.82476816818799,11.7946457153117,0.269545530826697,0.0704545540804712
4.5,120.404657232975,122,2.41025813664355,12.8445921528531,1.19504352627585,2.37862412998705,2.84451005904798,12.2097621140292,0.256441310315047,0.0715512405483444
4.51666666666667,120.365242564593,122,2.41025813664355,13.3109562635505,1.20731348824287,2.39089409195407,2.86429771046731,12.6428015640031,0.247972744462577,0.0728570020482953
4.53333333333333,120.323391977261,122,2.41025813664355,13.7557710511276,1.2227043088067,2.4062849125179,2.88421027985706,13.0819154013551,0.24161516464704,0.0742610839252721
4.55,120.279004663628,122,2.41025813664355,14.1801489689794,1.23878882673276,2.42236943044396,2.90427634289923,13.5181472401288,0.235754032413941,0.07568886900865
4.56666666666667,120.231981323406,122,2.41025813664355,14.5853139764458,1.25411910224274,2.43769970595393,2.92449263769274,13.9451622638383,0.229459203275635,0.0770940867780438
4.58333333333333,120.18222432271,122,2.41025813664355,14.9724491880717,1.26795235193694,2.45153295564814,2.94483802023017,14.3588089510095,0.222284032552374,0.0784513627800469
4.6,120.12963781419,123,3.41025813664355,15.3426196580525,1.28002114013895,2.46360174385015,2.96528322271153,14.7566368427644,0.214100543022115,0.0797497842349841
4.61666666666667,120.074127741401,123,3.41025813664355,15.7906965274548,1.29035355971013,2.47393416342133,2.98579720800332,15.1374434836508,0.204972837312247,0.0809877419660265
4.63333333333333,120.01560188225,123,3.41025813664355,16.2176531197722,1.30662405282457,2.49020465653576,3.00641885808493,15.5368273202395,0.199775845556793,0.0824130560885066
4.65,119.95396996431,123,3.41025813664355,16.6246069081416,1.32524198101522,2.50882258472642,3.02721361771298,15.9425988032046,0.196085084936048,0.083917277670406
4.66666666666667,119.889143749102,123,3.41025813664355,17.0129389722438,1.34394169776472,2.52752230147592,3.04819868641542,16.3458110674385,0.19241175275925,0.0854298168826795
4.68333333333333,119.821037004037,123,3.41025813664355,17.3840556896585,1.36144419365148,2.54502479736268,3.06936219302658,16.7403340096633,0.18795107450915,0.0869089321162603
4.7,119.749565449008,124,4.41025813664355,17.739256329426,1.37716049137849,2.56074109508969,3.0906770729163,17.1223080101772,0.182367161703076,0.0883335491488074
4.71666666666667,119.67464665679,124,4.41025813664355,18.1736251527921,1.39095107684344,2.57453168055464,3.11211047594742,17.4895917974496,0.17562195764669,0.0896964481709171
4.73333333333333,119.596200036133,124,4.41025813664355,18.5883118241029,1.41042606586883,2.59400666958003,3.13369758069106,17.8772079730918,0.172557690020304,0.0912429692182377
4.75,119.514146910765,124,4.41025813664355,18.9845684907036,1.43199432824166,2.61557493195286,3.1554996153421,18.2726541234762,0.170758883368458,0.0928641811229281
4.76666666666667,119.428411159757,124,4.41025813664355,19.3638708767478,1.45342468970568,2.63700529341688,3.1775298606471,18.6668487274767,0.168767510161265,0.0944901617232525
4.78333333333333,119.338926678701,125,5.41025813664355,19.7276850507219,1.47348772550758,2.65706832921878,3.19977322914663,19.0536379510037,0.165817910648556,0.0960803892595467
4.8,119.245632294113,125,5.41025813664355,20.1712929353445,1.49164665344714,2.67522725715834,3.222200291976,19.429200875056,0.161613387894529,0.0976151750834929
4.81666666666667,119.14846635833,125,5.41025813664355,20.5960324508344,1.51529246398042,2.69887306769161,3.24484458435882,19.8274019343857,0.160860645112946,0.0993326186451339
4.83333333333333,119.047366989916,125,5.41025813664355,21.0033133528157,1.54073728754265,2.72431789125385,3.26776309893081,20.2349914855606,0.161091604240798,0.10112022568225
4.85,118.942272277222,125,5.41025813664355,21.3947299570144,1.56573147608449,2.74931207979569,3.29096395887345,20.6424474779305,0.160847281472243,0.102906933914854
4.86666666666667,118.833120518621,126,6.41025813664355,21.7718275897236,1.58907216846491,2.7726527721761,3.3144270099089,21.0433892394472,0.159389610319189,0.104652536024328
4.88333333333333,118.719850456034,126,6.41025813664355,22.229932277971,1.61027076190386,2.79385136561506,3.33811838359082,21.4339066609788,0.156462087152553,0.106338412679238
4.9,118.602401401505,126,6.41025813664355,22.6703970978971,1.63677287904619,2.82035348275739,3.362068030887,21.847856423304,0.156814103652808,0.108204023141894
4.91666666666667,118.480713331242,126,6.41025813664355,23.0946246553363,1.66494270490801,2.8485233086192,3.3863302563972,22.2720235408564,0.158016922890975,0.110138237822984
4.93333333333333,118.354726917967,126,6.41025813664355,23.5041859726877,1.6925751164048,2.87615572011599,3.41091128958511,22.6969342140273,0.158644584550265,0.112071195303395
4.95,118.224383558404,126,6.41025813664355,23.9005921589751,1.71850256769492,2.90208317140612,3.43578974005151,23.1162538686321,0.157984909081558,0.113963658327501
4.96666666666667,118.089625293944,126,6.41025813664355,24.2851767366365,1.74226261485986,2.92584321857106,3.46093100708928,23.5261075326673,0.155800463061773,0.115797733775677
4.98333333333333,117.950394685417,126,6.41025813664355,24.6590520131219,1.76383589457555,2.94741649828674,3.48629674807103,23.9244327976878,0.152143694762027,0.11756937757981
5,117.806634754591,126,6.41025813664355,25.0231110529351,1.80342071710532,2.44597510568492,3.50780244357332,24.3146660114354,0.168806961803367,0.119281104779102
5.01666666666667,117.658288959195,125,5.41025813664355,25.3599388903877,1.86183770536696,2.48686699746807,3.5250095153561,24.7236439092303,0.206996491845112,0.120880855686264
5.03333333333333,117.505301948712,125,5.41025813664355,25.5609937011825,1.91135373022924,2.52152821487167,3.54269261983499,25.1346305536734,0.238445779235042,0.122240678720442
5.05,117.347621580727,125,5.41025813664355,25.7317982056647,1.94135410113151,2.54252847450325,3.56068033354543,25.4896215372341,0.256584897375871,0.123012075616723
5.06666666666667,117.185200450882,125,5.41025813664355,25.8767329543887,1.95491526890947,2.55202129194783,3.57876316058786,25.7881107982253,0.263713415240916,0.123280263535379
5.08333333333333,117.017996585439,124,4.41025813664355,25.9989569583206,1.95533712519399,2.55231659134699,3.59676913402206,26.0332546273278,0.262214002892165,0.123139976353977
5.1,116.845973586763,124,4.41025813664355,26.0067283947,1.94574224414136,2.54560017461015,3.61456394350695,26.2300661838286,0.254295483634741,0.122682667571542
5.11666666666667,116.66910055671,123,3.41025813664355,26.0013598636694,1.92128101948289,2.52847731734922,3.63199958442201,26.3482326066859,0.237045137548932,0.121745485860009
5.13333333333333,116.487351935727,122,2.41025813664355,25.8895308010954,1.88794529040548,2.50514230699504,3.64893979965364,26.4055717401572,0.214514067965106,0.120511407381663
5.15,116.300707289087,122,2.41025813664355,25.6771422157876,1.84245546959499,2.47329943242769,3.66526017099894,26.3805024502823,0.184758506463563,0.118869210864702
5.16666666666667,116.109151126436,121,1.41025813664355,25.463389390651,1.78389674886928,2.43230832791969,3.68081290475785,26.26045333534,0.147388001948607,0.116781722421365
5.18333333333333,115.912672886686,121,1.41025813664355,25.1529991250543,1.72040351129539,2.38786306161797,3.69549690247982,26.075343678918,0.107771691591371,0.114502546509937
5.2,115.711266992968,120,0.410258136643549,24.8441749149106,1.64960509748727,2.33830417195229,3.70924032940066,25.8113386011717,0.0644656681265914,0.111952776141754
5.21666666666667,115.504932849182,120,0.410258136643549,24.4410601821773,1.5782804185808,2.28837689671776,3.72200161165365,25.4963773946405,0.0218764231752915,0.109346441719689
5.23333333333333,115.293674894657,119,-0.589741863356451,24.0415736506491,1.50288784347313,2.23560209414239,3.73375370125595,25.1144301807531,-0.0222606245036329,0.10657001713472
5.25,115.077502731836,119,-0.589741863356451,23.5497801789372,1.42925073568383,2.18405611868988,3.74448742493758,24.6913335090957,-0.0642016603187918,0.103809006462288
5.26666666666667,114.856431279997,118,-1.58974186335645,23.0636524927958,1.35308478289167,2.13073995173537,3.75419825519997,24.2092137161209,-0.106721619668284,0.10092752797288
5.28333333333333,114.63048092646,118,-1.58974186335645,22.4873861330229,1.27966198128255,2.07934399060898,3.76289201748239,23.6923927704404,-0.146452325512851,0.0980943624441381
5.3,114.399677659172,118,-1.58974186335645,21.9191208155196,1.20430753362095,2.02659587724586,3.77057371215474,23.1218198639897,-0.186432434879549,0.0951616955436109
5.31666666666667,114.16405317196,117,-2.58974186335645,21.3571792549402,1.1320311732814,1.97600242500818,3.77725490249967,22.5209491177491,-0.223469210056642,0.092290229756155
5.33333333333333,113.923644938353,117,-2.58974186335645,20.7061124492049,1.07261529319275,1.93441130894612,3.7815644302615,21.9075934187212,-0.24828341001273,0.0895704362144791
5.35,113.67849625279,117,-2.58974186335645,20.0647536122354,1.01802847861808,1.71804555498569,3.78376296919897,21.2647294423927,-0.266683587518103,0.0867815506579019
5.36666666666667,113.428656250673,116,-3.58974186335645,19.426250185711,0.96513225733602,1.69027503881261,3.78511263897618,20.6087241975127,-0.28344025222991,0.084020685237993
5.38333333333333,113.174180157939,116,-3.58974186335645,18.691051660507,0.913958990816459,1.66340907388984,3.78588320866055,19.9459201276,-0.29909221864283,0.0813288977120944
5.4,112.915129927707,116,-3.58974186335645,17.9605312295552,0.857152270061371,1.63358554549342,3.78605879415357,19.2427558496664,-0.318350326677364,0.0784712138501069
5.41666666666667,112.65157456086,115,-4.58974186335645,17.235818273209,0.798581364308208,1.60283581997301,3.78561191257761,18.5136471334309,-0.338678944171814,0.0755695919013316
5.43333333333333,112.383590059005,115,-4.58974186335645,16.4238046381693,0.740898092849019,1.57255210245693,3.78454341497305,17.7699195454044,-0.358361462341691,0.0727079632212165
5.45,112.111259122314,115,-4.58974186335645,15.6249971516727,0.678169938342926,1.53961982134123,3.78283692013175,16.9842442526759,-0.381192076422109,0.0696966925603357
5.46666666666667,111.834670802279,114,-5.58974186335645,14.8397067530188,0.615063321698859,1.5064888476031,3.78047402513981,16.1752732360312,-0.404133761211773,0.0666833680804912
5.48333333333333,111.553920118162,114,-5.58974186335645,13.9740939550297,0.554589121851447,1.47473989268321,3.77746960729767,15.3570272926799,-0.425256508444792,0.0637637284640758
5.5,111.269107573879,113,-6.58974186335645,13.1280364820162,0.490883712889787,1.44129455297834,3.7738230983532,14.5037284091725,-0.448329936062452,0.0607507513628645
5.51666666666667,110.980338725535,113,-6.58974186335645,12.2073666455784,0.428503799401986,1.40854509839724,3.76953166506775,13.6347636337047,-0.47040693158561,0.0577889431505903
5.53333333333333,110.687723774893,113,-6.58974186335645,11.3115659821736,0.362613681954332,1.37395278673722,3.76458818150302,12.728341893208,-0.494587357232599,0.0547238479175802
5.55,110.391377104317,112,-7.58974186335645,10.4400102688056,0.298405447149115,1.34024346346448,3.75899044592795,11.8066862613176,-0.517515976688731,0.0517202254200778
5.56666666666667,110.091416889163,112,-7.58974186335645,9.49803925885565,0.239032024329986,1.30907241648444,3.75277233913631,10.8859132575372,-0.537194785012559,0.0488788421365803
5.58333333333333,109.787964753462,111,-8.58974186335645,8.58482802758012,0.178530996668484,1.1835806037112,3.74595239338893,9.9412769105505,-0.557480349403378,0.0460100358386724
5.6,109.481145380688,111,-8.58974186335645,7.60235705329539,0.127272591986047,1.1835806037112,3.73730433270866,8.99549463071093,-0.569043475489308,0.0432477513600211
5.61666666666667,109.171086273724,110,-9.58974186335645,6.64778928259203,0.0708278166836433,1.1835806037112,3.72858941662358,8.02521046220971,-0.584987747922239,0.0404077691165727
5.63333333333333,108.857917676679,110,-9.58974186335645,5.6288420146475,0.0136335128791942,1.1835806037112,3.71981206755751,7.04700233028946,-0.60243511314417,0.0376323186883211
5.65,108.541772341624,109,-10.5897418633565,4.64666029998436,-0.0488975052089813,1.1835806037112,3.7109765824079,6.03803420866372,-0.624325374978011,0.0347769106417268
5.66666666666667,108.222785113805,108,-11.5897418633565,3.60813203961759,-0.111070405377334,1.1835806037112,3.7020871354488,5.02063593041124,-0.646964833029794,0.0320231167245216
5.68333333333333,107.901092430759,108,-11.5897418633565,2.5196721394097,-0.176753510570792,1.1835806037112,3.69314778117276,3.97586612435357,-0.672817459401655,0.0292475412606037
5.7,107.57683179401,107,-12.5897418633565,1.48119436065713,-0.247735164423317,1.1835806037112,3.68416245707293,2.89249290007208,-0.703029687077965,0.0263961306431457
5.71666666666667,107.250141247635,107,-12.5897418633565,0.398424274021701,-0.316567459013501,1.1835806037112,3.67513498636644,1.80099574654858,-0.732769460882711,0.0237050121236642
5.73333333333333,106.921158883594,106,-13.5897418633565,-0.629366877816116,-0.386128944678785,1.1835806037112,3.66606908066034,0.687942067703938,-0.763843853003151,0.0210795481577152
5.75,106.590022384992,105,-14.5897418633565,-1.69705068555307,-0.449947067890681,1.1835806037112,3.65696834256124,-0.418336399635419,-0.792018451945697,0.0187202731456147
5.76666666666667,106.256868613008,105,-14.5897418633565,-2.79986119465078,-0.511759078720886,1.1835806037112,3.64783626822968,-1.53331751576491,-0.819632265539199,0.0165018373219409
5.78333333333333,105.921833239698,104,-15.5897418633565,-3.83942696441138,-0.573653592537978,1.1835806037112,3.63867624988043,-2.66663253781284,-0.847988242009835,0.0143547861845907
5.8,105.585050426682,103,-16.5897418633565,-4.91146212374901,-0.628753246443466,1.1835806037112,3.62949157822975,-3.78753899867408,-0.872591205644591,0.01249191349644
5.81666666666667,105.246652548235,102,-17.5897418633565,-6.01198807551796,-0.680658742736378,1.1835806037112,3.6202854448907,-4.91013892099474,-0.895690381673717,0.0107913114637731
5.83333333333333,104.906769956439,102,-17.5897418633565,-7.1373191717118,-0.731502005334347,1.1835806037112,3.61106094471752,-6.04344464019278,-0.91861487522376,0.00918122410540941
5.85,104.56553078551,101,-18.5897418633565,-8.19009748841568,-0.782379230372834,1.1835806037112,3.60182107810013,-7.19268801545385,-0.942041104656193,0.00762475902627151
5.86666666666667,104.223060792057,100,-19.5897418633565,-9.26698615898017,-0.792408318751212,1.1835806037112,3.58572539464642,-8.30810026831099,-0.924908699300325,0.00633628609426843
5.88333333333333,103.879483228444,99,-20.5897418633565,-10.3648934258621,-0.800896993598526,0.382683610112672,3.56960627004987,-9.39576534781924,-0.907373048695937,0.00512495862190207
5.9,103.534918790954,99,-20.5897418633565,-11.5088054651783,-0.792146925921133,1.1835806037112,3.54938859551568,-10.4621612269846,-0.870594351053396,0.00384513334053316
5.91666666666667,103.189486608677,98,-21.5897418633565,-12.5987773119242,-0.804233562374484,0.379347041336714,3.53164720843559,-11.5353818479985,-0.853341179016578,0.00232286419409105
5.93333333333333,102.843306188449,97,-22.5897418633565,-13.7295621421094,-0.801071887788976,0.382508715922222,3.51008993977489,-12.5929245132008,-0.818815508948605,0.000722371255650842
5.95,102.496497857139,97,-22.5897418633565,-14.9236469826331,-0.800742208332163,0.382838395379035,3.48735157619648,-13.6514565048722,-0.784452128325106,-0.0011158700515256
5.96666666666667,102.149184533485,96,-23.5897418633565,-16.0790197637864,-0.81397998378845,0.369600619922748,3.46451871285876,-14.7351825476798,-0.75962184210778,-0.00335345258162537
5.98333333333333,101.80149338171,96,-23.5897418633565,-17.28859913942,-0.834672046890729,0.348908556820469,3.44142442318365,-15.8269305065818,-0.740085732955645,-0.00581142089298918
6,101.453556584693,95,-24.5897418633565,-18.452584624162,-0.865933728982182,0.317646874729016,3.41792055567116,-16.9484094636951,-0.72758985768194,-0.00860251020328693
6.01666666666667,101.105717027971,95,-24.5897418633565,-19.6659548427556,-0.901695092601033,0.281885511110165,3.39389046052391,-18.0761633936244,-0.717552122436949,-0.0115215172223119
6.03333333333333,100.76028784453,95,-24.5897418633565,-20.8305623638754,-0.944375121304955,0.239205482406243,3.36924147382542,-19.2285425831769,-0.711837082710233,-0.0146770830304236
6.05,100.420207763448,94,-25.5897418633565,-21.9486939265845,-0.987653371301662,0.195927232409536,3.34392009595076,-20.380765148169,-0.706284031290577,-0.0178727227483608
6.06666666666667,100.086405859388,94,-25.5897418633565,-23.1168276108917,-1.02931448213896,0.183580603711198,3.3182585919666,-21.5157325420553,-0.700166204410214,-0.0209875376045308
6.08333333333333,99.7612983447279,94,-25.5897418633565,-24.2365728135208,-1.07672496090267,0.183580603711198,3.29263816809046,-22.659831545556,-0.699030348161656,-0.0241955990554805
6.1,99.4487385177062,94,-25.5897418633565,-25.3081043237376,-1.12507951395328,0.0591790301855599,3.26707694146177,-23.7950617144523,-0.699789032475519,-0.0273404744735883
6.11666666666667,99.1529556410722,94,-25.5897418633565,-26.3357144025292,-1.16086446993309,0.0591790301855599,3.23950642658421,-24.9030362106148,-0.689239625317887,-0.0303227531411547
6.13333333333333,98.8783064777533,94,-25.5897418633565,-27.3234154927843,-1.19304501477949,0.0591790301855599,3.21200504531284,-25.9730352636136,-0.677609896562127,-0.0331097387906585
6.15,98.6295672586328,94,-25.5897418633565,-28.2706834795255,-1.22131828433637,0.0591790301855599,3.18457776909742,-27.0033701512117,-0.66463332898755,-0.0356980209603037
6.16666666666667,98.4136367727531,94,-25.5897418633565,-29.1772508182939,-1.24548418758511,0.0591790301855599,3.1572293905606,-27.99258478166,-0.650110581957374,-0.0380875879367571
6.18333333333333,98.2457052084506,94,-25.5897418633565,-30.043079899614,-1.26544823632722,0.0591790301855599,3.12996452798093,-28.9395199813161,-0.63391220883577,-0.0402817930818708
6.2,98.1607570830259,94,-25.5897418633565,-30.868338181298,-1.28121668784528,0.0591790301855599,3.10278762967762,-29.8433450473767,-0.615976355177972,-0.0422870813187505
6.21666666666667,98.2092194096805,94,-25.5897418633565,-31.6533750186464,-1.29288682133182,0.183580603711198,3.07570297829905,-30.7035656945867,-0.596303207390293,-0.0441125725032462
6.23333333333333,98.4263184285711,94,-25.5897418633565,-32.3943750577494,-1.31075270731157,0.183580603711198,3.05078796350867,-31.524789074339,-0.585909114191984,-0.0457642010837857
6.25,98.8212336277926,94,-25.5897418633565,-33.0881847143955,-1.32380478013082,0.183580603711198,3.02597274010813,-32.3076418315428,-0.573120512845965,-0.0472213368316518
6.26666666666667,99.3885057838187,94,-25.5897418633565,-33.7365230602887,-1.33121219603356,0.183580603711198,3.00126059405669,-33.0467434361836,-0.557337849463334,-0.0484645273181727
6.28333333333333,100.115145999657,94,-25.5897418633565,-34.3411461791853,-1.33273726719125,0.183580603711198,2.97665467897419,-33.7389506727716,-0.538342828110225,-0.0494936025268547
6.3,100.986315568688,95,-24.5897418633565,-34.9038344710499,-1.32855742517553,0.183580603711198,2.95215801956139,-34.3828266925082,-0.516187897063628,-0.0503214290278377
6.31666666666667,101.986673286704,95,-24.5897418633565,-35.3324297316476,-1.31912759932837,0.183580603711198,2.92777351494429,-34.9782162569881,-0.491110282783463,-0.050969140160581
6.33333333333333,103.100624698158,95,-24.5897418633565,-35.7285318530975,-1.29725968681844,0.183580603711198,2.90350394194403,-35.489858259827,-0.458395577769524,-0.0512186757119937
6.35,104.31243724729,96,-23.5897418633565,-36.093727173425,-1.26711185023443,0.183580603711198,2.87935195827391,-35.9311512643644,-0.420636451828069,-0.0512139980005119
6.36666666666667,105.606253992777,96,-23.5897418633565,-36.3356301677226,-1.23190354245411,0.183580603711198,2.8553201056649,-36.3130932487113,-0.379855699428245,-0.0510646988575351
6.38333333333333,106.966040428202,97,-22.5897418633565,-36.555584893919,-1.18628491590871,0.183580603711198,2.83141081292136,-36.6086730460563,-0.332546257815735,-0.0506090852005131
6.4,108.375507835342,98,-21.5897418633565,-36.6609462232642,-1.13555548577931,0.183580603711198,2.80762639890816,-36.8372635118644,-0.282070002257735,-0.0500236845338356
6.41666666666667,109.818070443041,99,-20.5897418633565,-36.6588324943691,-1.07574306666953,0.183580603711198,2.78396907547078,-36.9780130586971,-0.225820524429521,-0.0491894135541256
6.43333333333333,111.276905664815,100,-19.5897418633565,-36.5561166412516,-1.0051816493898,0.183580603711198,2.76044095028968,-37.0186706521151,-0.162658404649386,-0.0480635139647277
6.45,112.735184190237,101,-18.5897418633565,-36.3594190266352,-0.926674269187605,0.256906334523593,2.73762981208831,-36.9542858642603,-0.095580876748079,-0.0466537973366829
6.46666666666667,114.176506465503,102,-17.5897418633565,-36.0725529896021,-0.844720289296493,0.338860314414705,2.71630069338499,-36.7880455688029,-0.0290365532670763,-0.0449918546043621
6.48333333333333,115.585519416482,103,-16.5897418633565,-35.6965288874665,-0.760292663421224,0.423287940289974,2.69650606166437,-36.5248800225049,0.0363388600553779,-0.0431072483282693
6.5,116.948616345478,104,-15.5897418633565,-35.2323028439948,-0.673969305015774,0.509611298695424,2.67828260535742,-36.1686928828917,0.100191084238487,-0.041018513413481
6.51666666666667,118.254574072742,106,-13.5897418633565,-34.6810105853658,-0.58605282432191,0.597527779389288,2.66165937672487,-35.7225294131864,0.162354801190723,-0.0387360485203272
6.53333333333333,119.494990649034,107,-12.5897418633565,-33.9500212596699,-0.496673787735337,0.686906815975861,2.64666148332577,-35.1888295066915,0.222780768797066,-0.0362650690412095
6.55,120.664447328229,109,-10.5897418633565,-33.14063271566,-0.398383327729338,0.78519727598186,2.63338021820935,-34.5337018897372,0.286193463195406,-0.0333638117146293
6.56666666666667,121.760412864117,110,-9.58974186335645,-32.1600768004364,-0.295025321394241,0.888555282316957,2.62192893889791,-33.7713733102005,0.350007209931631,-0.0301480428399184
6.58333333333333,122.78292428713,111,-8.58974186335645,-31.109108868733,-0.181637938920526,1.00194266479067,2.61243594979823,-32.8771113665289,0.417287918593504,-0.0264521297031014
6.6,123.734110296402,113,-6.58974186335645,-29.9882261008542,-0.0635973437200274,1.11998325999117,2.6050185023862,-31.8718542418985,0.484462178815082,-0.0224405169681461
6.61666666666667,124.617671674571,114,-5.58974186335645,-28.703756774593,0.0557416517851288,1.23932225549633,2.59972146461892,-30.7714428424706,0.549379903128196,-0.0182197003058077
6.63333333333333,125.43838528105,116,-3.58974186335645,-27.3558918292485,0.181986065803488,1.36556666951469,2.59661426504228,-29.5514623060127,0.615624054739887,-0.013608831882414
6.65,126.201669585486,117,-2.58974186335645,-25.8508782052771,0.310421101300848,1.49400170501205,2.59576625620912,-28.2324357481072,0.680127898276834,-0.00875555553161268
6.66666666666667,126.913228675913,119,-0.589741863356451,-24.2886938072432,0.44577349551995,1.62935409923115,2.59725286915475,-26.7935068472218,0.745898164064631,-0.00350655277196162
6.68333333333333,127.578778370981,120,0.410258136643549,-22.5753338160839,0.582812139585129,1.1835806037112,2.60113798079637,-25.2577533844648,0.80954540089512,0.00197358227905694
6.7,128.203877200344,121,1.41025813664355,-20.8308020691049,0.780451059131356,1.1835806037112,2.59633708665105,-23.581210812408,0.932903812211507,0.0078015954396146
6.71666666666667,128.793793349591,122,2.41025813664355,-19.0776482609673,0.919882837218704,2.1034634409299,2.60493399879623,-21.805006952267,0.991738685123883,0.0136581981751127
6.73333333333333,129.35337580494,123,3.41025813664355,-17.2886311932734,1.0445853597837,2.2281659634949,2.61697552473187,-19.9982852782859,1.03586809932901,0.0193835414132494
6.75,129.887007046375,124,4.41025813664355,-15.4355322757795,1.16170958692575,2.34529019063695,2.63113117264128,-18.1653465828103,1.07276725099319,0.0250035866654267
6.76666666666667,130.39858588893,125,5.41025813664355,-13.5212489707098,1.27500899007308,2.45858959378428,2.64730066368026,-16.297241809924,1.10507788208854,0.0306265408322785
6.78333333333333,130.891531190871,125,5.41025813664355,-11.5490595693454,1.38700828852201,2.57058889223321,2.66543528671715,-14.3875385673441,1.13455918697517,0.0363262472588685
6.8,131.36880080761,126,6.41025813664355,-9.61629960901942,1.4992684429447,2.6828490466559,2.6855196895867,-12.4321774666051,1.16229088298751,0.0421489345087974
6.81666666666667,131.832920291673,126,6.41025813664355,-7.62648524298721,1.60515760773157,2.78873821144277,2.70749009231486,-10.4650627310879,1.1841510419767,0.0478760239421591
6.83333333333333,132.286017108503,127,7.41025813664355,-5.6771944789651,1.70889097727299,2.89247158098419,2.73126964578765,-8.47335669376783,1.20302324250083,0.0536331762048859
6.85,132.729857302559,127,7.41025813664355,-3.67241326810909,1.80557545153778,2.98915605524898,2.75676937772667,-6.48426119765213,1.21593763502732,0.0592553620176025
6.86666666666667,133.165882663138,127,7.41025813664355,-1.71023754110438,1.90046697147236,3.08404757518355,2.78391015578621,-4.48010216396834,1.22644186260523,0.0649015970575776
6.88333333333333,133.595246995896,128,8.41025813664355,0.210933245291961,1.98921283813748,3.17279344184867,2.81261370568657,-2.48478776039245,1.23188677721297,0.070425398228215
6.9,134.018850540979,128,8.41025813664355,2.18640342954134,2.06979072203251,3.25337132574371,2.84274974281337,-0.514482839538202,1.23120523145783,0.0757501319364111
6.91666666666667,134.437372027856,128,8.41025813664355,4.11727387646876,2.14918242927449,3.33276303298569,2.87423570971512,1.45647961373544,1.22904656056897,0.0810901134501844
6.93333333333333,134.851298124677,128,8.41025813664355,6.00442172607792,2.22393798350161,3.40751858721281,2.90701148773417,3.40965815372161,1.22329804331319,0.0863298165310773
6.95,135.260950010967,128,8.41025813664355,7.84864208886569,2.29238374271383,3.47596434642503,2.94097514329098,5.3323944069278,1.21305666515262,0.091406759175982
6.96666666666667,135.666507125074,129,9.41025813664355,9.65047572765369,2.35402322895677,3.53760383266797,2.97600734033354,7.21649151283352,1.19820135925073,0.096294624992347
6.98333333333333,136.068028295051,129,9.41025813664355,11.5041105302067,2.40907556533342,3.59265616904462,3.01198694290609,9.05700585646346,1.1790694832586,0.100989951721436
7,136.465470344165,129,9.41025813664355,13.3096970270505,2.46562423347139,3.64920483718259,3.04886794318521,10.8871747974987,1.16093695409066,0.105746274082612
7.01666666666667,136.858704468933,130,10.4102581366435,15.0674304399757,2.52057001708596,3.70415062079716,3.0866385530577,12.6933435148594,1.14181699807926,0.110464305321293
7.03333333333333,137.247530602711,130,10.4102581366435,16.8716682248356,2.57213718499905,3.75571778871025,3.12524703413018,14.465642659066,1.12064062694463,0.115083430848944
7.05,137.631689919965,130,10.4102581366435,18.6230293862186,2.62697216034697,3.81055276405816,3.16468836456826,16.2332603334323,1.10168666431169,0.119815180798206
7.06666666666667,138.010875653043,131,11.4102581366435,20.322322791623,2.68100671097364,3.86458731468483,3.20497187399082,17.9794603684649,1.08230729296488,0.124531354149473
7.08333333333333,138.384742397415,131,11.4102581366435,22.0645625504114,2.73186246785626,3.91544307156746,3.24605400543734,19.6922016462205,1.06103072356724,0.129152918034873
7.1,138.752914076493,132,12.4102581366435,23.7510049858856,2.78585266442894,3.96943326814014,3.28793025249777,21.3992755528866,1.04191952912622,0.133880878128609
7.11666666666667,139.114990727325,132,12.4102581366435,25.4769950037588,2.83876179461805,4.02234239832925,3.33060655992668,23.0831626099866,1.02223585281176,0.138582085736141
7.13333333333333,139.470554256136,133,13.4102581366435,27.1443092710106,2.89566633401644,4.07924693772764,3.3741025222407,24.7674328108072,1.00520685748731,0.143420240988646
7.15,139.819173296194,133,13.4102581366435,28.8488729202943,2.95158305758313,4.13516366129433,3.41843166921016,26.4315224999182,0.987589551350095,0.14823834130478
7.16666666666667,140.16040721952,134,14.4102581366435,30.4930239385813,3.01116506174595,4.19474566545715,3.46361140731198,28.0969591911227,0.972344081859291,0.153186333105545
7.18333333333333,140.493809351358,135,15.4102581366435,32.1731879295024,3.10363912914197,3.35612799411058,3.50267513803592,29.7492410122724,0.993300753277976,0.158097801802111
7.2,140.818929715047,135,15.4102581366435,33.8549016812916,3.2349449519527,3.44804207007809,3.53482814072517,31.4556380486615,1.05556440514435,0.163016685592637
7.21666666666667,141.135318709614,135,15.4102581366435,35.4148300247828,3.35929573923016,3.53508762117231,3.56834492983082,33.2009262180097,1.11166519383449,0.167785738108469
7.23333333333333,141.442532767716,136,16.4102581366435,36.8647476143954,3.46418256925491,3.60850840218964,3.60306001344278,34.9187828909984,1.1538132678932,0.171996212404728
7.25,141.740138715228,136,16.4102581366435,38.3089985267079,3.54398598638755,3.66437079418248,3.63870449772208,36.566723980802,1.17879893839991,0.175452911841749
7.26666666666667,142.027716163493,137,17.4102581366435,39.6564494681501,3.60517843687772,3.7072055095256,3.6750199519802,38.1559864917059,1.19117909175305,0.178346355162173
7.28333333333333,142.304858816479,137,17.4102581366435,41.0083702783864,3.64563177102995,3.73552284343216,3.71176955009185,39.6621600778883,1.18992937695372,0.180594934686907
7.3,142.571175135864,138,18.4102581366435,42.2709647312135,3.67343844545652,3.75498751553076,3.74875620303233,41.1081593579144,1.1805461693951,0.182444826060563
7.31666666666667,142.826288579827,138,18.4102581366435,43.5433431871993,3.68686176966506,3.76438384247674,3.78581577438196,42.4764918735482,1.1621393633902,0.183831542876615
7.33333333333333,143.069837630195,138,18.4102581366435,44.7300578826637,3.69364228282779,3.76913020169065,3.82282383584544,43.793618647823,1.13986346216554,0.184994624831111
7.35,143.301475840028,139,19.4102581366435,45.8350777963463,3.69129687295476,3.76748841477953,3.85968234146488,45.0433368584319,1.11224439714121,0.185849923321259
7.36666666666667,143.52087192632,139,19.4102581366435,46.9559112744352,3.67908170813535,3.75893779940594,3.89627529145665,46.216019922694,1.07895169999974,0.186367705599409
7.38333333333333,143.7277098667,139,19.4102581366435,47.9958483056573,3.66492356156978,3.74902709681004,3.9325330120178,47.3428050424773,1.04517226918991,0.186796906766889
7.4,143.921688980173,140,20.4102581366435,48.957933129018,3.64604333901173,3.73581094101941,3.96841139517951,48.4099167594564,1.00915697144321,0.187047308108994
7.41666666666667,144.102523984309,140,20.4102581366435,49.9390519454758,3.62115085587337,3.71838620282256,4.00384335286994,49.4086579507176,0.970148109689931,0.187074781601921
7.43333333333333,144.269945030509,140,20.4102581366435,50.8421248403282,3.59753295740947,3.70185367389782,4.03880113628746,50.3701683262525,0.932856786039932,0.187110427370052
7.45,144.42369779074,140,20.4102581366435,51.6700239502499,3.57177593189776,3.68382375603963,4.07327509217705,51.2801617096154,0.895073624243537,0.18704588114778
7.46666666666667,144.563543659,141,21.4102581366435,52.4256580693836,3.5420165757251,3.66299220671877,4.1072255270572,52.1292014262634,0.855631630271715,0.186820383713367
7.48333333333333,144.689259893049,141,21.4102581366435,53.2057779234143,3.50747572657586,3.6388136123143,4.14059796556842,52.9116692104019,0.814082877687232,0.186406844723283
7.5,144.800639725253,141,21.4102581366435,53.9132033416833,3.4756684567705,3.61654852345055,4.17338148451598,53.6607940124376,0.775260470455872,0.186044627654109
7.51666666666667,144.897492544684,141,21.4102581366435,54.5507559895427,3.44322326915965,3.59383689212295,4.2055847564861,54.3636354722487,0.73695561676329,0.185627777620155
7.53333333333333,144.979644066928,141,21.4102581366435,55.1213453437005,3.40820629076438,3.56932500724627,4.23718618808711,55.0115684835303,0.697930100498417,0.185094318127302
7.55,145.046936525011,141,21.4102581366435,55.6278162020438,3.36970745143511,3.54237581971577,4.26814818167326,55.5994203425026,0.657628282330195,0.184413934146183
7.56666666666667,145.099228818632,142,22.4102581366435,56.0728727978728,3.32750550016092,3.51283445382384,4.29842703993003,56.124655594766,0.615946609121921,0.183577897210504
7.58333333333333,145.136396669125,142,22.4102581366435,56.5530048776949,3.28180991172094,3.48084754191585,4.32797942444772,56.5866644430678,0.57305791984166,0.182591228256704
7.6,145.15833272559,142,22.4102581366435,56.9707860621131,3.24065240760866,3.45203728903726,4.35681416239389,57.022149950134,0.534100049316716,0.181710861916487
7.61666666666667,145.164946674676,142,22.4102581366435,57.3288426570749,3.20085484536642,3.42417899546769,4.38496368379026,57.4204585673644,0.496955547782694,0.180838333136762
7.63333333333333,145.156165305688,142,22.4102581366435,57.6299522480281,3.16046933806201,3.39590914035461,4.41243109147581,57.7743726223171,0.460343332908179,0.179912583569512
7.65,145.131932654335,142,22.4102581366435,57.8768892782746,3.11845060474293,3.36649602703125,4.43920252760418,58.0795039825144,0.423588923646852,0.178900278188263
7.66666666666667,145.092210166109,142,22.4102581366435,58.0723391759792,3.0743819421544,3.33564796321928,4.46525603578784,58.3336818071136,0.38643465664817,0.177787612451605
7.68333333333333,145.036976761698,142,22.4102581366435,58.2188593947152,3.02825785583981,3.30336110279907,4.4905675656624,58.536394042658,0.348890792392772,0.176573748206706
7.7,144.966228881095,142,22.4102581366435,58.3188705335032,3.00836321182747,2.53734404903356,4.5094297152111,58.6942636097331,0.341436845000768,0.175263549349767
7.71666666666667,144.879980517884,143,23.4102581366435,58.3491996309517,3.01548226552608,2.54054762319793,4.52130426988706,58.8463772584277,0.365353015044397,0.173783807349661
7.73333333333333,144.778264381285,143,23.4102581366435,58.3848976927893,3.0102846571527,2.53820869942991,4.53297901812257,58.9701707154102,0.380513295538821,0.17195516011314
7.75,144.661134964752,143,23.4102581366435,58.3361292028871,2.99594053182253,2.53175384303134,4.54437738716308,59.0716230112271,0.38906657261859,0.169877290373821
7.76666666666667,144.528670799621,143,23.4102581366435,58.2120328512291,2.96770773263674,2.51904908339773,4.55541463181522,59.1217026673456,0.388070714857338,0.167398090637646
7.78333333333333,144.380975271548,144,24.4102581366435,58.0207637666636,2.92409001646684,2.49942111112128,4.56598338143494,59.1036712648572,0.376697327968703,0.164468672084337
7.8,144.21817664937,144,24.4102581366435,57.8634148344988,2.86565939515859,2.47312733153256,4.57597337817664,59.0096724637135,0.355452242258354,0.161105940194601
7.81666666666667,144.040427756868,144,24.4102581366435,57.6463706659934,2.80185311817406,2.44441450688953,4.58531463004859,58.8739991005859,0.330510225697848,0.157608990212771
7.83333333333333,143.847905399978,145,25.4102581366435,57.3752999256883,2.73139735993679,2.41270941568275,4.59396499530532,58.6868283910773,0.301114350640884,0.153936173861901
7.85,143.640809704092,145,25.4102581366435,57.149284068987,2.65431569233568,2.37802266526225,4.60187805057867,58.443673233469,0.267347293596515,0.150087124416864
7.86666666666667,143.419363376367,146,26.4102581366435,56.8731243518152,2.57907634026794,2.34416495683177,4.6090418311051,58.1797980119342,0.234696309761023,0.146330284534221
7.88333333333333,143.183810989599,146,26.4102581366435,56.6452231309915,2.50325831720131,2.31004684645179,4.61546420943412,57.8848269745822,0.201611052803464,0.142587679263639
7.9,142.934418268668,147,27.4102581366435,56.3699873329582,2.43338300654141,2.27860295665483,4.62117109042389,57.5888367417315,0.172284024262399,0.139065949748897
7.91666666666667,142.67147151904,147,27.4102581366435,56.1456122223937,2.36553135258493,2.24806971237442,4.62619533635849,57.2770735873903,0.144173019666845,0.135639573501659
7.93333333333333,142.395277149378,147,27.4102581366435,55.87641179843,2.30511120434797,2.22088064566778,4.63057808076535,56.9760476752056,0.120736827970783,0.132479858734413
7.95,142.106161181486,147,27.4102581366435,55.5665983918857,2.24740614021397,2.19491336680748,4.63436027375252,56.6681878990863,0.0989108145599745,0.129435993522004
7.96666666666667,141.80446889293,147,27.4102581366435,55.2202836884545,2.18961323603316,2.16890655992612,4.63755507460319,56.341839338668,0.07689213561304,0.126418006672153
7.98333333333333,141.490564548359,147,27.4102581366435,54.8413522615336,2.13029593141777,2.1422137728492,4.64016006319632,55.9899585194836,0.0537742613892318,0.123379383128847
8,141.164831111332,147,27.4102581366435,54.4334011194426,2.06894928203206,2.11460778062563,4.64216578401727,55.6089702624233,0.029257836727902,0.120303249066263
8.01666666666667,140.827670014242,147,27.4102581366435,53.9997230678347,2.00566641628378,2.0861304910389,4.64356142285924,55.1978100588827,0.00342980873339922,0.117191771931378
8.03333333333333,140.479500951299,147,27.4102581366435,53.5433172206697,1.94089160434869,2.05698182566811,4.64433831895457,54.7571518251292,-0.0233993372233725,0.114058312167387
8.05,140.120761754186,147,27.4102581366435,53.0669146030146,1.87524444780024,2.0274406052213,4.64449190216031,54.2888064987576,-0.0508108476567208,0.11092183463806
8.06666666666667,139.751908303009,146,26.4102581366435,52.5730104868908,1.80940037020774,1.99781077030468,4.64402253112248,53.7952694695093,-0.0783555350703615,0.107803109032965
8.08333333333333,139.373414523946,146,26.4102581366435,51.9699464771205,1.74401414856259,1.96838697056437,4.64293560317438,53.2793920878625,-0.10560311528834,0.104722278015662
8.1,138.985772423653,145,25.4102581366435,51.3596489197981,1.67201111457034,1.93598560526785,4.64121017556262,52.7081518848799,-0.137076637288057,0.101453481257241
8.11666666666667,138.589492272675,145,25.4102581366435,50.6498225335835,1.59752765913787,1.90246805032324,4.63881739184018,52.0966496745277,-0.170067630122791,0.0981275780949476
8.13333333333333,138.185102870752,144,24.4102581366435,49.9416329197333,1.51581767103946,1.86569855567896,4.63572365416689,51.4209815047122,-0.207586659781657,0.094592784256113
8.15,137.773151771534,143,23.4102581366435,49.1420079796532,1.43419809589172,1.82896974686247,4.63155169968725,50.7027806742679,-0.244122504379781,0.0910262715739235
8.16666666666667,137.354205589544,143,23.4102581366435,48.2574604684719,1.3565047296211,1.64140094995832,4.62467102284918,49.9290087197096,-0.27374734894667,0.0872946190942861
8.18333333333333,136.928850333284,142,22.4102581366435,47.3829211098983,1.27059884456165,1.61240771375076,4.6169881860102,49.0895633813352,-0.30848488029397,0.083315850121214
8.2,136.49769177584,141,21.4102581366435,46.4201764585812,1.1817190416939,1.58241078028289,4.60871972512874,48.2083310799601,-0.345442951547298,0.0792953341283879
8.21666666666667,136.061362456853,140,20.4102581366435,45.3766946344943,1.08617736077002,1.55016546297108,4.59984273340457,47.2657659269381,-0.386955715320406,0.0751156374593422
8.23333333333333,135.620529155902,140,20.4102581366435,44.2594155061166,0.98257252174309,1.51519882979949,4.59032038256252,46.2508104428917,-0.433874749237746,0.0707327430737012
8.25,135.175877712771,139,19.4102581366435,43.1686660717843,0.871005385139149,1.47754492119566,4.58011248320823,45.1586251180863,-0.486081559684222,0.0661505582956826
8.26666666666667,134.728111419403,138,18.4102581366435,42.0104683990498,0.760194809203623,1.44014635181742,4.56920556512411,44.0247779953329,-0.537922837704789,0.0616458855956804
8.28333333333333,134.27795081759,138,18.4102581366435,40.7904367378547,0.648064051788535,1.40230222118983,4.55760274112014,42.8396998529857,-0.590713269567076,0.0571512324080118
8.3,133.826132785178,137,17.4102581366435,39.607823475279,0.53382047686449,1.36374501465296,4.54529929367723,41.598589672938,-0.644935506685363,0.0526403751720402
8.31666666666667,133.373408929727,136,16.4102581366435,38.3677866698164,0.425215361985099,1.32709078838117,4.53231194934511,40.3361459004554,-0.695582029491012,0.048357939690982
8.33333333333333,132.920543138752,135,15.4102581366435,37.0752467123471,0.31922366338182,1.29131859010256,4.51866859892869,39.041414874079,-0.744597604317996,0.0442051781006104
8.35,132.468307953854,135,15.4102581366435,35.7349432716885,0.21417965810184,1.25586623832057,4.50438415654674,37.7079715556147,-0.793043301064254,0.0401272892838739
8.36666666666667,132.017479419379,134,14.4102581366435,34.445328287676,0.107409056263691,1.23997035824964,4.48986683593344,36.3318951421466,-0.843483100525368,0.0361008639847241
8.38333333333333,131.56883024858,133,13.4102581366435,33.1115122670113,0.00993081731178339,1.18879428279988,4.47448054988125,34.9488188399073,-0.887373338513049,0.032369699321239
8.4,131.123120942791,133,13.4102581366435,31.7377152704417,-0.0795071566886277,1.10407344702257,4.457863139911,33.5505545592848,-0.924674679448665,0.0288270316094673
8.41666666666667,130.681088447934,132,12.4102581366435,30.4194616090331,-0.161923261556398,1.0216573421548,4.43979352749576,32.1336828270569,-0.95554072085697,0.0253981549586805
8.43333333333333,130.243432284741,131,11.4102581366435,29.0574598831399,-0.232040592808237,0.951540010902961,4.42043639878948,30.7315234826393,-0.976885745933144,0.0222668221913078
8.45,129.810798139499,131,11.4102581366435,27.6530640164167,-0.295528430459217,0.888052173251981,4.39995265034907,29.3289828257416,-0.992664764747779,0.0192682331866054
8.46666666666667,129.383758805129,130,10.4102581366435,26.3022962674834,-0.356317617248016,0.827262986463182,4.37842387481718,27.9142428684497,-1.00557452459088,0.0162856882029082
8.48333333333333,128.962792592882,129,9.41025813664355,24.9077195034669,-0.409456326994779,0.774124276716419,4.35594638034152,26.5146822958321,-1.01260822873266,0.0134862344886446
8.5,128.548259960895,129,9.41025813664355,23.4721921755128,-0.460273237947954,0.723307365763244,4.33260629712725,25.1122200059942,-1.01736086759374,0.0107086688176234
8.51666666666667,128.140379728491,128,8.41025813664355,22.0927597222772,-0.512036121479611,0.671544482231587,4.30841904013345,23.6940452398526,-1.02197944611456,0.00785106248769787
8.53333333333333,127.739206728958,128,8.41025813664355,20.6726090582989,-0.559026444748728,0.62455415896247,4.28342677100792,22.2877355626377,-1.02286380254942,0.0050997197900864
8.55,127.34461296118,127,7.41025813664355,19.3088650029793,-0.605834840594385,0.577745763116813,4.25767405536553,20.8760247261406,-1.02305741591688,0.00231299013751744
8.56666666666667,126.956274646281,126,6.41025813664355,17.9049075161023,-0.647606459778285,0.535974143932913,4.23121414060085,19.483086322291,-1.01952999751772,-0.000349546552202662
8.58333333333333,126.57366750368,126,6.41025813664355,16.464127588819,-0.68944635201884,0.494134251692358,4.2040913247057,18.0891920280081,-1.01565095053069,-0.00304614811830291
8.6,126.196072045573,125,5.41025813664355,15.0838514500294,-0.734247357972829,0.449333245738369,4.17628427530728,16.6808907427964,-1.01325484750788,-0.00587044493270445
8.61666666666667,125.822589975142,125,5.41025813664355,13.6673418579706,-0.775874938716159,0.407705664995039,4.14780504002549,15.2857110556041,-1.00841549182591,-0.0086258681782489
8.63333333333333,125.452171440613,124,4.41025813664355,12.3116438972083,-0.818528000719595,0.365052602991603,4.118674807084,13.8866346454629,-1.00387863391324,-0.0114439241266587
8.65,125.083651544726,123,3.41025813664355,10.9199475450528,-0.8570175642046,0.326563039506598,4.08892947839428,12.5081850951179,-0.99636451515354,-0.0141561452013971
8.66666666666667,124.715793422126,123,3.41025813664355,9.49538165721203,-0.896184069318079,0.287396534393119,4.05860096710269,11.1309680019653,-0.989046942407003,-0.0169136438229549
8.68333333333333,124.347334448384,122,2.41025813664355,8.13496806794921,-0.938724059814115,0.244856543897083,4.02765936329412,9.74178750174224,-0.983615843650643,-0.0198047194205852
8.7,123.977031978561,122,2.41025813664355,6.74164495080302,-0.978366690196868,0.20521391351433,3.99611087509176,8.36832376687504,-0.976044022506845,-0.0226291227016224
8.71666666666667,123.603705505955,121,1.41025813664355,5.41212793482523,-1.02027045361375,0.183580603711198,3.96418557639716,6.99328236509575,-0.970143288279233,-0.0255158427798133
8.73333333333333,123.226273001217,121,1.41025813664355,4.04995091443866,-1.0610450445696,0.183580603711198,3.93231005722997,5.63932517195129,-0.964619208302673,-0.0282914583156535
8.75,122.843779103857,120,0.410258136643549,2.75374895429496,-1.10522634919443,0.183580603711198,3.90052715308602,4.28542823648935,-0.962446139445702,-0.0310948019783221
8.76666666666667,122.455415129268,120,0.410258136643549,1.42877646977622,-1.14724292492796,0.183580603711198,3.86884220145464,2.95419701782246,-0.959997282402032,-0.0337500491160771
8.78333333333333,122.06053051787,119,-0.589741863356451,0.173808312508281,-1.19124806194059,0.183580603711198,3.83726034302385,1.62617788637731,-0.959910162672534,-0.036391192850734
8.8,121.65863669697,119,-0.589741863356451,-1.10654353660857,-1.2315922424659,0.183580603711198,3.80578652664888,0.32512149597679,-0.95849762438089,-0.0388415284104354
8.81666666666667,121.249404544655,118,-1.58974186335645,-2.31409337000369,-1.27250088712152,0.183580603711198,3.77442551421146,-0.967918581545506,-0.958434339197965,-0.0412389040938234
8.83333333333333,120.832656792517,118,-1.58974186335645,-3.54476796045991,-1.30849008982982,0.183580603711198,3.74318188537207,-2.22913651341432,-0.95613221511986,-0.0434132626042809
8.85,120.408356724507,118,-1.58974186335645,-4.70087279637356,-1.34400302637451,0.183580603711198,3.71206004221752,-3.47773342070537,-0.954400765213837,-0.0455104995323874
8.86666666666667,119.976594427266,117,-2.58974186335645,-5.78482955948655,-1.37379602368788,0.183580603711198,3.68106421380573,-4.69036004794635,-0.949803577585504,-0.0473690259240934
8.88333333333333,119.537571678244,117,-2.58974186335645,-6.89310347805924,-1.39473781496114,0.183580603711198,3.65019846061009,-5.85074284749166,-0.940234424772182,-0.0488990532057818
8.9,119.091585249826,116,-3.58974186335645,-7.92847394466947,-1.41306567577559,0.183580603711198,3.61946667886527,-6.98414924760377,-0.929643887164132,-0.0503064724870573
8.91666666666667,118.639003366976,116,-3.58974186335645,-8.98772817737828,-1.42488106646744,0.183580603711198,3.58887260481661,-8.07208724976753,-0.915461231237057,-0.0514735430031391
8.93333333333333,118.180246244012,115,-4.58974186335645,-9.9739346132261,-1.43585548408732,0.183580603711198,3.55841981887499,-9.13819775055508,-0.901295385325627,-0.0525854637177785
8.95,117.715774383202,115,-4.58974186335645,-10.9841387331427,-1.44167660501887,0.183580603711198,3.52811174967921,-10.1628155794122,-0.884326732389799,-0.0535092637899569
8.96666666666667,117.246078252557,114,-5.58974186335645,-11.9216385352816,-1.44771571753925,0.183580603711198,3.49795167806777,-11.1687524645744,-0.867984684219817,-0.0544189845850038
8.98333333333333,116.771669058633,114,-5.58974186335645,-12.8836823547452,-1.44944423631048,0.183580603711198,3.46794274096179,-12.1357721926592,-0.849321387119993,-0.0551735033312151
9,116.293070681026,113,-6.58974186335645,-13.7737462461333,-1.45207845329086,0.183580603711198,3.43808793516114,-13.0863065147815,-0.831675417876521,-0.0559409023237852
9.01666666666667,115.810812767696,113,-6.58974186335645,-14.6892336267901,-1.45097883433122,0.183580603711198,3.40839012105532,-13.9998782806664,-0.812034929688417,-0.0565756786764481
9.03333333333333,115.32542494326,112,-7.58974186335645,-15.5337543975245,-1.45128182774141,0.183580603711198,3.37885202625107,-14.8987772869194,-0.793693391895438,-0.0572426545205577
9.05,114.837432052028,112,-7.58974186335645,-16.4048262394012,-1.44828954498153,0.183580603711198,3.34947624911826,-15.7624528413296,-0.773606810828025,-0.0577938476359654
9.06666666666667,114.347350339819,111,-8.58974186335645,-17.2061553044441,-1.44709452433139,0.183580603711198,3.32026526225588,-16.6131665294622,-0.755045118988815,-0.0583921346559861
9.08333333333333,113.855684470381,111,-8.58974186335645,-18.0353390002064,-1.44296433878478,0.183580603711198,3.29122141587974,-17.4303675767968,-0.734946256968436,-0.0588879449217315
9.1,113.362925270819,111,-8.58974186335645,-18.7961480876672,-1.44096278629009,0.183580603711198,3.26234694113343,-18.2363330026327,-0.71656534806663,-0.0594427999181344
9.11666666666667,112.869548103748,110,-9.58974186335645,-19.4922793063302,-1.43633205228299,0.183580603711198,3.23364395332433,-19.0105339278714,-0.696827263752559,-0.0599059229212935
9.13333333333333,112.376011770189,110,-9.58974186335645,-20.2212971627037,-1.4262958461513,0.183580603711198,3.20511445508598,-19.7392173153103,-0.673903926956758,-0.0601938140224639
9.15,111.882757855367,109,-10.5897418633565,-20.8869182777191,-1.4173245337738,0.183580603711198,3.17676033946858,-20.449850527435,-0.651945554651601,-0.0605145703136447
9.16666666666667,111.390210438569,109,-10.5897418633565,-21.5867180809882,-1.40564288853378,0.183580603711198,3.14858339295891,-21.1258173072619,-0.628509317204254,-0.0607490979333672
9.18333333333333,110.898776097458,108,-11.5897418633565,-22.2244165524607,-1.39694968667375,0.183580603711198,3.12058529843135,-21.7923185126781,-0.607268316501107,-0.0610782407367324
9.2,110.408844146254,108,-11.5897418633565,-22.8975857242779,-1.38687815965322,0.183580603711198,3.09276763803123,-22.4309497064351,-0.585411913954243,-0.0613622265579054
9.21666666666667,109.920787055717,107,-12.5897418633565,-23.509936175363,-1.38067755059701,0.183580603711198,3.06513189599209,-23.065505857895,-0.566331880634224,-0.0617663801249806
9.23333333333333,109.434961010694,107,-12.5897418633565,-24.1590252337864,-1.37364305689002,0.183580603711198,3.03767946138818,-23.6764812031067,-0.547004378582897,-0.0621394375237799
9.25,108.951706568108,106,-13.5897418633565,-24.7485441217032,-1.37077298712347,0.183580603711198,3.01041163082349,-24.2868111763162,-0.530661406604144,-0.0626383571983248
9.26666666666667,108.471349384521,106,-13.5897418633565,-25.3760267601563,-1.36717925278907,0.183580603711198,2.98332961105878,-24.8763217070179,-0.514161031883551,-0.0631059181994063
9.28333333333333,107.994200987985,105,-14.5897418633565,-25.9451374707933,-1.36772907329035,0.183580603711198,2.95643452157777,-25.4674305321243,-0.500649477825053,-0.0636949646209908
9.3,107.520559573649,105,-14.5897418633565,-26.5533802940169,-1.3674432395985,0.183580603711198,2.92972739709384,-26.0395639582949,-0.486923929401121,-0.0642455575767458
9.31666666666667,107.050710806747,104,-15.5897418633565,-27.1043871628175,-1.37112818360825,0.183580603711198,2.90320918999858,-26.6148321991946,-0.476088751026809,-0.0649088697886244
9.33333333333333,106.584928620117,104,-15.5897418633565,-27.6956276539715,-1.37376668491124,0.183580603711198,2.87688077275317,-27.1724254738697,-0.464913672502401,-0.0655240647741124
9.35,106.123475996366,104,-15.5897418633565,-28.230697557973,-1.38014404513759,0.183580603711198,2.8507429402241,-27.7342729697457,-0.456486389459796,-0.0662419800242127
9.36666666666667,105.666605727355,103,-16.5897418633565,-28.713077503538,-1.38523422388427,0.183580603711198,2.82479641196415,-28.2794260226416,-0.447567932171312,-0.0669018434918347
9.38333333333333,105.214561145743,103,-16.5897418633565,-29.2400802947594,-1.38600604698283,0.183580603711198,2.79904183443995,-28.7936548413943,-0.436172210182109,-0.067410923247786
9.4,104.767576825168,103,-16.5897418633565,-29.7151403782094,-1.38869061835636,0.183580603711198,2.77347978320719,-29.3039062509567,-0.426298996130825,-0.0679688946239013
9.41666666666667,104.325879247076,102,-17.5897418633565,-30.1415737614559,-1.38929066344226,0.183580603711198,2.74811076503459,-29.7930111740179,-0.415363887228268,-0.0684490758132048
9.43333333333333,103.889687433531,102,-17.5897418633565,-30.616526519404,-1.38548468325582,0.183580603711198,2.7229352199777,-30.2495432145645,-0.401837329142063,-0.0687816513065739
9.45,103.459213546365,101,-18.5897418633565,-31.0432653135923,-1.38397188133581,0.183580603711198,2.69795352340371,-30.702487255966,-0.390024829608973,-0.0691808509163056
9.46666666666667,103.034663454046,101,-18.5897418633565,-31.5188897413853,-1.38104254246654,0.183580603711198,2.6731659879681,-31.1361162117194,-0.377534246151525,-0.0695283850074055
9.48333333333333,102.616237268443,100,-19.5897418633565,-31.946623244052,-1.38234641427643,0.183580603711198,2.6485728655444,-31.5760371331783,-0.368015026747555,-0.0700022865015958
9.5,102.204129854535,100,-19.5897418633565,-32.4235253142668,-1.3833908251158,0.183580603711198,2.62417434910786,-32.0038852723693,-0.358582055438097,-0.0704576632230871
9.51666666666667,101.79853131693,100,-19.5897418633565,-32.8527822625647,-1.38925100694833,0.183580603711198,2.59997057457415,-32.4432217082815,-0.352519901661325,-0.0710533931325167
9.53333333333333,101.39962746793,99,-20.5897418633565,-33.2374677960607,-1.39502171542105,0.183580603711198,2.57596162259397,-32.8741069871565,-0.34667856583936,-0.0716311651068089
9.55,101.007600282931,99,-20.5897418633565,-33.674492084272,-1.39767400008193,0.183580603711198,2.55214752030454,-33.2828492118729,-0.339084361824913,-0.0720969057700578
9.56666666666667,100.622628350137,98,-21.5897418633565,-34.0668927453866,-1.40336129503004,0.183580603711198,2.52852824303897,-33.6965815170418,-0.333697016829759,-0.0726464905433069
9.58333333333333,100.244887323102,98,-21.5897418633565,-34.5115475776964,-1.40795802015635,0.183580603711198,2.50510371599422,-34.0980637551201,-0.327858002883369,-0.0731479817960638
9.6,99.8745503866064,97,-22.5897418633565,-34.9114657725309,-1.4168020082217,0.183580603711198,2.48187381585878,-34.5116668394659,-0.325014255532334,-0.0737694967953907
9.61666666666667,99.5117887489904,97,-22.5897418633565,-35.3635003561551,-1.4251714660902,0.183580603711198,2.4588383724008,-34.9180160473309,-0.32212933139126,-0.0743591693696639
9.63333333333333,99.1567721776605,96,-23.5897418633565,-35.7706391266859,-1.43797808932375,0.183580603711198,2.43599717001747,-35.3398469829753,-0.322377305284416,-0.0750712050187264
9.65,98.809669599423,96,-23.5897418633565,-36.2297168333781,-1.45020471889828,0.183580603711198,2.41334994924667,-35.756545066167,-0.322530086692649,-0.0757444049984918
9.66666666666667,98.4706497943089,95,-24.5897418633565,-36.6437058641695,-1.46656725762386,0.183580603711198,2.39089640824153,-36.1899177616316,-0.325632329937372,-0.0765270868055681
9.68333333333333,98.1398822216084,95,-24.5897418633565,-37.1094281886249,-1.48192767844582,0.183580603711198,2.3686362042088,-36.6186667204692,-0.328373694483544,-0.0772547175400402
9.7,97.8175380316239,94,-25.5897418633565,-37.5298458219131,-1.50093657016671,0.183580603711198,2.34656895481181,-37.0641060096982,-0.333751874037865,-0.0780741394352937
9.71666666666667,97.5037913388944,94,-25.5897418633565,-38.0017725566683,-1.51843101509674,0.183580603711198,2.32469423953869,-37.5045911035819,-0.338435533265403,-0.0788206648691925
9.73333333333333,97.1988208669954,93,-26.5897418633565,-38.4281642280519,-1.53906539931038,0.183580603711198,2.30301160103678,-37.9612027637797,-0.345420067074506,-0.0796418883491222
9.75,96.9028121297244,93,-26.5897418633565,-38.9058302585207,-1.55770026355745,0.183580603711198,2.28152054641382,-38.4121488031489,-0.351384911211848,-0.0803744670293767
9.76666666666667,96.615960403763,93,-26.5897418633565,-39.3377237472517,-1.57902623899893,0.183580603711198,2.26022054850667,-38.878426486971,-0.35934498597054,-0.0811676964425077
9.78333333333333,96.3384749033574,92,-27.5897418633565,-39.726701362431,-1.59794772575905,0.183580603711198,2.23911104711837,-39.3382074450188,-0.366004731721737,-0.0818601162335788
9.8,96.0705848493106,92,-27.5897418633565,-40.1694717156557,-1.61138654899069,0.183580603711198,2.2181914502241,-39.7764348378004,-0.369336224056202,-0.0823590497795946
9.81666666666667,95.812548668727,92,-27.5897418633565,-40.5688856557478,-1.62554681578807,0.183580603711198,2.19746113514676,-40.2192805810478,-0.373310692594996,-0.0828648648997858
9.83333333333333,95.5646687015893,91,-28.5897418633565,-40.9276968223067,-1.63642176778781,0.183580603711198,2.17691944970294,-40.6488516093756,-0.37532702699599,-0.0832521086209887
9.85,95.3273164493338,91,-28.5897418633565,-41.3425106131657,-1.64169555556445,0.183580603711198,2.15656571331978,-41.0530467473664,-0.373849387572238,-0.0834526366794939
9.86666666666667,95.1009806361303,91,-28.5897418633565,-41.7160750075544,-1.64808592861439,0.183580603711198,2.13639921812341,-41.460223260362,-0.373186070759922,-0.0836827062795415
9.88333333333333,94.8863755251975,90,-29.5897418633565,-42.0510415896267,-1.65191253940671,0.183580603711198,2.11641922999971,-41.8540713465375,-0.370955529109756,-0.0838263330952613
9.9,94.6847483397404,90,-29.5897418633565,-42.4439149306676,-1.65104697655978,0.183580603711198,2.09662498962779,-42.2236057726541,-0.365753558364898,-0.0838201538187031
9.91666666666667,94.4982214950353,90,-29.5897418633565,-42.7973437757539,-1.65229312134861,0.183580603711198,2.07701571348701,-42.5979399971939,-0.361955349895391,-0.0838818608716942
9.93333333333333,94.329342554686,90,-29.5897418633565,-43.1138823833191,-1.65198464238428,0.183580603711198,2.05759059483796,-42.9612461871451,-0.35719957034413,-0.0838945898770333
9.95,94.1805187275957,90,-29.5897418633565,-43.3959886916281,-1.6479574623194,0.183580603711198,2.03834880467807,-43.3028145448954,-0.35006950812955,-0.0837925656458894
9.96666666666667,94.0537479287734,90,-29.5897418633565,-43.6460226881513,-1.63913073703678,0.183580603711198,2.01928949267241,-43.6158286387798,-0.339834943377953,-0.0835462160245652
9.98333333333333,93.9505277963625,90,-29.5897418633565,-43.8662454398161,-1.62518469866683,0.183580603711198,2.00041178806016,-43.8963975348709,-0.326252744479657,-0.0831508299938863
10,93.8718582276975,90,-29.5897418633565,-44.0588187169156,-1.60631530864613,0.183580603711198,1.98171480053738,-44.1427948581522,-0.309414179851022,-0.0826180110011799
10.0166666666667,93.8182889267808,90,-29.5897418633565,-44.2258051478422,-1.58304953163608,0.183580603711198,1.96319762111659,-44.3548641095932,-0.289629226853562,-0.0819693230059316
10.0333333333333,93.7899847889827,90,-29.5897418633565,-44.3691688460494,-1.55610819727148,0.183580603711198,1.94485932296361,-44.5335571302657,-0.267340035785921,-0.0812316460664685
10.05,93.7867944963115,91,-28.5897418633565,-44.490776454692,-1.52630598959056,0.183580603711198,1.92669896221228,-44.6805788163834,-0.243057238762221,-0.0804338553257663
10.0666666666667,93.8083155611107,91,-28.5897418633565,-44.4984470703661,-1.49448019729053,0.183580603711198,1.90871557875748,-44.7981162843684,-0.217314041918187,-0.0796045159720652
10.0833333333333,93.853953432916,91,-28.5897418633565,-44.4936609257706,-1.45362511097035,0.183580603711198,1.89090819702693,-44.8525827610775,-0.18556317941477,-0.0785264411343585
10.1,93.9229702141591,92,-27.5897418633565,-44.4777988941466,-1.40792718739153,0.183580603711198,1.87327582673231,-44.8584965597532,-0.150463673574853,-0.0773395743113952
10.1166666666667,94.0145240777893,92,-27.5897418633565,-44.3581945432052,-1.36051800720533,0.183580603711198,1.85581746360016,-44.8275181274954,-0.114027250425474,-0.0761459570277496
10.1333333333333,94.1277014245765,92,-27.5897418633565,-44.2358451867315,-1.30587483849915,0.183580603711198,1.83853209008292,-44.7329246710391,-0.0726777059836949,-0.0747739159555404
10.15,94.2615427447885,93,-26.5897418633565,-44.1116534869766,-1.2490646861253,0.183580603711198,1.82141867605071,-44.5940741977089,-0.0296656102699678,-0.0733884512835756
10.1666666666667,94.4150631487792,94,-25.5897418633565,-43.8924813547239,-1.1936601733457,0.183580603711198,1.80447617946415,-44.4259093156392,0.0126850609082771,-0.0721020138538744
10.1833333333333,94.5872684697046,94,-25.5897418633565,-43.5849111256301,-1.13426627618712,0.183580603711198,1.78770354702874,-44.2038027335219,0.0578395779291218,-0.0707431514978992
10.2,94.7771677396025,95,-24.5897418633565,-43.2891955102111,-1.06804481808777,0.183580603711198,1.77109971483121,-43.9122625676122,0.107648414328421,-0.0692263771599443
10.2166666666667,94.9837827263711,96,-23.5897418633565,-42.9115501872797,-1.00177153478978,0.183580603711198,1.75466360895821,-43.5786973915476,0.157746127599633,-0.0677693263009162
10.2333333333333,95.2061551088666,96,-23.5897418633565,-42.457917290927,-0.935071823258749,0.248508780452449,1.73898096034035,-43.1885502226777,0.207101963098288,-0.0662679660853185
10.25,95.4433517637096,97,-22.5897418633565,-42.0256605065851,-0.868831614921992,0.314748988789206,1.72457984608524,-42.7365595829292,0.254044719569973,-0.0646688155725594
10.2666666666667,95.6944684811981,98,-21.5897418633565,-41.5160863675425,-0.809479279587815,0.374101324123383,1.7113926031323,-42.2564300126535,0.294600267684278,-0.0631846892387168
10.2833333333333,95.9586322926038,99,-20.5897418633565,-40.9309341578379,-0.752450465263587,0.431130138447611,1.69934293670764,-41.7342411869462,0.331886287190531,-0.0616791452611207
10.3,96.2350027089236,99,-20.5897418633565,-40.2724451502463,-0.694767504693572,0.488813099017626,1.68841654195809,-41.1596864119637,0.367891661626304,-0.0600606549189051
10.3166666666667,96.5227720961813,100,-19.5897418633565,-39.6369871861284,-0.634669893254834,0.548910710456364,1.67863782308428,-40.5257434092998,0.403755616171766,-0.0582729843860844
10.3333333333333,96.8211653479461,101,-18.5897418633565,-38.9271526856479,-0.578757609514409,0.604822994196789,1.66998461845051,-39.8640724693498,0.435306667715751,-0.0565299685972074
10.35,97.1294391950517,102,-17.5897418633565,-38.1456801660011,-0.522885436589009,0.660695167122189,1.66242133016501,-39.1601357888304,0.465315854036589,-0.0547045633840166
10.3666666666667,97.4468813186592,103,-16.5897418633565,-37.2955091012652,-0.464587704787522,0.718992898923676,1.65596650229094,-38.4038927753137,0.495380594559298,-0.0527183637837897
10.3833333333333,97.7728093227846,104,-15.5897418633565,-36.379514645333,-0.402608958700701,0.780971645010497,1.65066887994971,-37.5890515698457,0.526268786119689,-0.0505288485381385
10.4,98.1065696096504,105,-14.5897418633565,-35.4003716553591,-0.336509905186719,0.847070698524479,1.64659066067603,-36.7122427763563,0.558201460994645,-0.0481183481699365
10.4166666666667,98.4475361268371,106,-13.5897418633565,-34.3605046896505,-0.266358746287296,0.917221857423902,1.6437965854231,-35.7722415967074,0.591070075092332,-0.0454851907199155
10.4333333333333,98.7951089589651,107,-12.5897418633565,-33.2620905189459,-0.192503978656991,0.991076625054207,1.64234747306223,-34.7693026747457,0.624593526341018,-0.0426370336421178
10.45,99.1487129582969,107,-12.5897418633565,-32.107088857957,-0.115417435834688,1.06816316787651,1.64229693345178,-33.7046306313321,0.658424422256953,-0.039586143429375
10.4666666666667,99.5077964061772,108,-11.5897418633565,-30.9912362752766,-0.0355935651962382,1.14798703851496,1.6436902072751,-32.5799839048553,0.692215496393468,-0.0363462747439005
10.4833333333333,99.8718296225954,108,-11.5897418633565,-29.8163829494147,0.0390260021858854,1.22260660589708,1.6464963941138,-31.433335426116,0.720946484108423,-0.0331747847320312
10.5,100.240303614756,108,-11.5897418633565,-28.6785059481789,0.1119012837663,1.2954818874775,1.65065458922106,-30.254407330212,0.746989222265335,-0.0299686749383726
10.5166666666667,100.612728740442,108,-11.5897418633565,-27.5740791063226,0.177771344570284,1.36135194828148,1.6560826190514,-29.071759641668,0.76712738457183,-0.0269041344807087
10.5333333333333,100.98863345068,109,-10.5897418633565,-26.5000992359169,0.234293047393534,1.41787365110473,1.66263635366804,-27.9041244793407,0.780120875168419,-0.0240696494049373
10.55,101.367563072662,108,-11.5897418633565,-25.3603556230766,0.281000618754241,1.46458122246544,1.67014929085938,-26.7628594872419,0.785968100874771,-0.0214955744060652
10.5666666666667,101.749078753456,108,-11.5897418633565,-24.3471156660137,0.326005676132652,1.50958627984385,1.67852493020899,-25.6181703585015,0.790070865879764,-0.0189328964270033
10.5833333333333,102.132756574711,108,-11.5897418633565,-23.3593128063657,0.359140158107975,1.54272076181917,1.68763696016575,-24.5210933069019,0.786097437889364,-0.0167166778337806
10.6,102.518186783432,108,-11.5897418633565,-22.3963422383733,0.383059316483127,1.1835806037112,1.69730482827571,-23.4692977021231,0.776060527854235,-0.0147783414877179
10.6166666666667,102.904973126596,107,-12.5897418633565,-21.4715907018606,0.432617520963448,1.1835806037112,1.70072078633945,-22.4443143029696,0.79693233643764,-0.013073620849317
10.6333333333333,103.292732806009,106,-13.5897418633565,-20.6918104148776,0.474689986380802,1.1835806037112,1.70421530670265,-21.4403933293612,0.813479410276864,-0.0116592015661896
10.65,103.681097556032,106,-13.5897418633565,-20.0499001669101,0.498848633070756,1.1835806037112,1.70778495606268,-20.5086605918636,0.818851434278856,-0.0108505620737159
10.6666666666667,104.069714610676,105,-14.5897418633565,-19.4449008537552,0.499452651957645,1.1835806037112,1.71142639159911,-19.683503896281,0.80922625488325,-0.0108022598944529
10.6833333333333,104.458247169293,105,-14.5897418633565,-18.9697268005121,0.482109440898627,1.1835806037112,1.71513635894539,-18.9504926008873,0.788044183624489,-0.011312042442364
10.7,104.84637453806,104,-15.5897418633565,-18.5234729043073,0.443564337882208,1.1835806037112,1.71891169020244,-18.3335536080982,0.753052671232083,-0.0124612586658634
10.7166666666667,105.233792061938,103,-16.5897418633565,-18.1991410276988,0.390949992268988,1.1835806037112,1.72274930199333,-17.8105454864119,0.708721268825442,-0.0140039813203824
10.7333333333333,105.620210915758,103,-16.5897418633565,-17.9898945434557,0.32189336203203,1.1835806037112,1.72664619355828,-17.3998362034242,0.653419287052429,-0.015999594179303
10.75,106.005357797655,103,-16.5897418633565,-17.7951225031433,0.236119129993658,1.1835806037112,1.7305994448892,-17.1114495354026,0.586864703957263,-0.0184397319741513
10.7666666666667,106.388974553577,102,-17.5897418633565,-17.6142086487963,0.142573581280795,1.1835806037112,1.73460621490289,-16.9131768551375,0.514763248407343,-0.0210284171144583
10.7833333333333,106.770817752885,102,-17.5897418633565,-17.5404869915128,0.0476524670622777,1.1835806037112,1.73866373965225,-16.7802492773748,0.441243790619135,-0.0235598321028415
10.8,107.150658229557,101,-18.5897418633565,-17.4735380394477,-0.0520255348884644,1.1835806037112,1.74276933057471,-16.7298323098811,0.364145346722658,-0.0261406568799702
10.8166666666667,107.528280599893,101,-18.5897418633565,-17.5069056125547,-0.150083602938133,1.1835806037112,1.74692037277704,-16.7357418402111,0.287610165271739,-0.0285692253677756
10.8333333333333,107.903482765076,100,-19.5897418633565,-17.5403910864888,-0.250061431968249,1.1835806037112,1.75111432335607,-16.8143428338659,0.209398435701965,-0.0309606044560578
10.85,108.276075405128,100,-19.5897418633565,-17.6677679128417,-0.345830554081415,1.1835806037112,1.75534870975431,-16.9391091362541,0.133512423484281,-0.0331240521414008
10.8666666666667,108.645881469421,100,-19.5897418633565,-17.7890737753059,-0.441231836253628,1.1835806037112,1.75962112815004,-17.1263995161209,0.0575347062685998,-0.0351868419785492
10.8833333333333,109.01273566789,99,-20.5897418633565,-17.9043717287936,-0.530463316959337,1.1835806037112,1.76392924188095,-17.3499217519948,-0.0147301079591236,-0.0369708132828046
10.9,109.376483966246,99,-20.5897418633565,-18.1076990839435,-0.609881342881821,1.1835806037112,1.76827077990091,-17.5903824360291,-0.0808333587328132,-0.0383716469823129
10.9166666666667,109.736983087857,99,-20.5897418633565,-18.2993575520696,-0.685258333222305,1.1835806037112,1.77264353526898,-17.8699766098184,-0.144410643956983,-0.0395827275524042
10.9333333333333,110.094100024463,99,-20.5897418633565,-18.4796730634144,-0.752279574676312,1.1835806037112,1.7770453636702,-18.1671112117684,-0.202605058387936,-0.0404757991655912
10.95,110.44771155746,99,-20.5897418633565,-18.6489919924754,-0.80051736489127,0.383063238819928,1.77987012759273,-18.4647280806257,-0.245142213826716,-0.0409840525184864
10.9666666666667,110.797703838222,99,-20.5897418633565,-18.8355087741284,-0.799250014420807,1.1835806037112,1.77494615436914,-18.7258028690925,-0.2390084857765,-0.0411234654709902
10.9833333333333,111.143973026677,99,-20.5897418633565,-19.0362440213347,-0.804668962440112,0.378911641271086,1.77263639156083,-18.9600342193255,-0.242793149214497,-0.0410683696814195
11,111.486426905247,99,-20.5897418633565,-19.2489880172159,-0.800257310682079,0.383323293029119,1.76891028708065,-19.1811535087691,-0.237098697935409,-0.040930406790044
11.0166666666667,111.824984936804,99,-20.5897418633565,-19.4990189342802,-0.799797596137167,1.1835806037112,1.76613177722772,-19.3955188871287,-0.235918557040186,-0.0407795119745516
11.0333333333333,112.159579634181,99,-20.5897418633565,-19.7530657501217,-0.804049338582176,0.379531265129022,1.76379669477046,-19.6243244883868,-0.23861661091352,-0.040715118022729
11.05,112.490156752444,99,-20.5897418633565,-20.0097548406829,-0.803135470831645,0.380445132879553,1.75997725816611,-19.8572018830913,-0.234756180013392,-0.0407263057988052
11.0666666666667,112.816673587907,99,-20.5897418633565,-20.2952683487213,-0.804250854145566,0.379329749565632,1.75616498303904,-20.0960990640091,-0.232203646997946,-0.0408047453027423
11.0833333333333,113.139099342209,100,-19.5897418633565,-20.6050643528333,-0.808052938858248,0.37552766485295,1.75214201012081,-20.3574647023927,-0.230881904467289,-0.0409994049681869
11.1,113.457415806803,100,-19.5897418633565,-20.8411880210507,-0.804434045089328,0.37914655862187,1.74573413207358,-20.6249776307653,-0.219765517400806,-0.0413329985108061
11.1166666666667,113.771617342802,100,-19.5897418633565,-21.0996109207684,-0.808653087300819,0.374927516410379,1.74136643318866,-20.8812115885383,-0.21817615863865,-0.0415917270919516
11.1333333333333,114.081710435391,101,-18.5897418633565,-21.3766502299179,-0.803644665108601,0.379935938602597,1.73502599279674,-21.1271974252946,-0.206513785839626,-0.0418673336162915
11.15,114.387713074496,101,-18.5897418633565,-21.5749309476311,-0.809407562102648,0.37417304160855,1.7302655168235,-21.3837986936512,-0.205288615610628,-0.0422331661683819
11.1666666666667,114.689654070539,102,-17.5897418633565,-21.7911874178869,-0.804197621300517,0.379382982410681,1.72419782033901,-21.6122525228731,-0.194280545352803,-0.0424539701002047
11.1833333333333,114.987572211607,102,-17.5897418633565,-21.9284606088864,-0.802602079806053,0.380978523905145,1.71901085044439,-21.8324720515732,-0.187561848845598,-0.042651725645794
11.2,115.281515421998,102,-17.5897418633565,-22.0835475176291,-0.795615816539844,1.1835806037112,1.71413479937666,-22.0217102461359,-0.178019638067983,-0.0426317814456063
11.2166666666667,115.571539749842,103,-16.5897418633565,-22.2257829921794,-0.800673121928297,0.382907481782901,1.71223644984455,-22.1909065413947,-0.182653611259345,-0.0425374720984949
11.2333333333333,115.857707306078,103,-16.5897418633565,-22.2620329776436,-0.800931065038433,0.382649538672765,1.70986461731646,-22.3507572083798,-0.183053513573429,-0.0423731793586665
11.25,116.140083357825,104,-15.5897418633565,-22.3204308165199,-0.799526016824889,1.1835806037112,1.70931985045986,-22.467220046724,-0.186123061701374,-0.0418832760855165
11.2666666666667,116.418736134712,104,-15.5897418633565,-22.2764867227331,-0.799372712811692,1.1835806037112,1.7101792679364,-22.5667093543413,-0.192705124130919,-0.0412323627627871
11.2833333333333,116.693736268871,105,-14.5897418633565,-22.2030117642074,-0.785804001188017,1.1835806037112,1.71094830569773,-22.6191685382271,-0.190003517531997,-0.0401962193543209
11.3,116.965153742622,105,-14.5897418633565,-22.0096345393925,-0.781500638325327,1.1835806037112,1.71594689004834,-22.6285112495962,-0.201852375627573,-0.0388299582995241
11.3166666666667,117.233055214085,105,-14.5897418633565,-21.7994770511486,-0.758683016169557,1.1835806037112,1.72096929488708,-22.5689354767415,-0.201064977933894,-0.0369214642237495
11.3333333333333,117.497502527273,106,-13.5897418633565,-21.575404387717,-0.721619948747318,1.1835806037112,1.72601344332999,-22.4501252993125,-0.190283407752921,-0.0346240716368294
11.35,117.758551971034,106,-13.5897418633565,-21.2460866216159,-0.674063871722932,1.1835806037112,1.73107731942401,-22.281323801646,-0.171857235479257,-0.0320696343076408
11.3666666666667,118.016253995878,107,-12.5897418633565,-20.9137193622071,-0.611441055451233,1.1835806037112,1.73615896671965,-22.0351139012486,-0.142770471095729,-0.0291255485525027
11.3833333333333,118.270653217927,107,-12.5897418633565,-20.4863230177393,-0.539941754108138,1.1835806037112,1.74125648687387,-21.731349695498,-0.106958553185673,-0.0259999932574901
11.4,118.521788601642,108,-11.5897418633565,-20.0654639218275,-0.456509414270738,1.1835806037112,1.74636803828259,-21.3502031545539,-0.0624133593175292,-0.022605195513033
11.4166666666667,118.769693752024,108,-11.5897418633565,-19.5585544783402,-0.368174670284246,1.1835806037112,1.7514918347422,-20.9167878404825,-0.0136499088344221,-0.0191713945232884
11.4333333333333,119.01439727058,109,-10.5897418633565,-19.0665749695955,-0.272233787256881,1.1835806037112,1.75662614413952,-20.4147559237117,0.0410719206917576,-0.0156168218202807
11.45,119.255923144381,109,-10.5897418633565,-18.4963742003875,-0.175728358451992,1.1835806037112,1.76176928716973,-19.8713573875804,0.0971903725728996,-0.0121667859477184
11.4666666666667,119.49429114757,109,-10.5897418633565,-17.9483916401742,-0.0757348912669184,1.1835806037112,1.76691963608148,-19.2713799328975,0.156550792110357,-0.00872751507081463
11.4833333333333,119.729517229142,110,-9.58974186335645,-17.4229097402166,0.0210716618395639,1.1835806037112,1.77207561344887,-18.6424766203046,0.214795969109914,-0.00550811571459679
11.5,119.961613428751,110,-9.58974186335645,-16.8261176886011,0.110249505709008,1.1835806037112,1.77723569096961,-18.0053666379018,0.26896475955101,-0.00264042715294726
11.5166666666667,120.19058723417,110,-9.58974186335645,-16.2578331147304,0.196864846782039,1.1835806037112,1.78239838828897,-17.339241569825,0.322232557936565,4.52601735316822e-05
11.5333333333333,120.416441974459,111,-8.58974186335645,-15.7177533580511,0.275996094724351,1.1835806037112,1.78756227184876,-16.6669724539549,0.37134050365599,0.00240096219513688
11.55,120.639177478438,111,-8.58974186335645,-15.1115181077105,0.344624422515472,1.1835806037112,1.79272595376121,-16.005203633507,0.414228081839367,0.0043434969681257
11.5666666666667,120.858790658539,112,-7.58974186335645,-14.5384299375252,0.408959766722397,1.1835806037112,1.7978880907068,-15.329664565344,0.454803210133277,0.00608079295381259
11.5833333333333,121.075276027623,112,-7.58974186335645,-13.9037528747799,0.464989275907847,1.1835806037112,1.803047382856,-14.6602936971437,0.490397175730991,0.00749438855919146
11.6,121.288626156857,112,-7.58974186335645,-13.3064322348549,0.518222467703844,1.1835806037112,1.80820257281408,-13.9752072007732,0.524490400194537,0.00876732950449514
11.6166666666667,121.498832081728,113,-6.58974186335645,-12.7453444351678,0.564166054839559,1.1835806037112,1.81335244458874,-13.2960293446781,0.554122484278974,0.00976400652265724
11.6333333333333,121.705883662393,113,-6.58974186335645,-12.1253580850299,0.600195316363126,1.1835806037112,1.81849582258002,-12.6380774779573,0.577512024051918,0.0104120825017365
11.65,121.909796467264,113,-6.58974186335645,-11.5450528937948,0.632868531911219,1.1835806037112,1.82363157059202,-11.9757398589507,0.598818721495235,0.010928490964621
11.6666666666667,122.110880509608,113,-6.58974186335645,-11.0029680401569,0.658469478304981,1.1835806037112,1.82875859086608,-11.3276460963749,0.615593920085973,0.0112018127624145
11.6833333333333,122.309542583831,113,-6.58974186335645,-10.4976133227456,0.674934239029681,1.1835806037112,1.83387582313486,-10.7067195946914,0.626433702234436,0.0111762727643559
11.7,122.506114621866,114,-5.58974186335645,-10.0274797127575,0.681394489888411,1.1835806037112,1.83898224369697,-10.1214977868647,0.630697416993864,0.0108355105154877
11.7166666666667,122.70086603824,114,-5.58974186335645,-9.49709736175639,0.677824417341672,1.1835806037112,1.84407686451179,-9.57718153514502,0.62828895486624,0.0101901534535043
11.7333333333333,122.894014038819,114,-5.58974186335645,-9.00475105973237,0.672586628175489,1.1835806037112,1.84915873231388,-9.04041338599194,0.624559037711397,0.00951231183260787
11.75,123.085732240946,113,-6.58974186335645,-8.54872531544179,0.663159557862967,1.1835806037112,1.85422692774683,-8.52396160218938,0.617868123265671,0.0087247036119399
11.7666666666667,123.276157884829,113,-6.58974186335645,-8.22126386576285,0.648211370962911,1.1835806037112,1.85928056451594,-8.03637895924752,0.607329232458848,0.00778998429790328
11.7833333333333,123.465397869247,113,-6.58974186335645,-7.9208703060551,0.619443245587308,1.1835806037112,1.86431878855947,-7.61905733780532,0.58752694291412,0.00645479921055245
11.8,123.653533805761,113,-6.58974186335645,-7.6460772737627,0.580395488756861,1.1835806037112,1.86934077723803,-7.26299101977543,0.560663519979676,0.00484446364386005
11.8166666666667,123.840626253178,113,-6.58974186335645,-7.39545099486845,0.534021409469608,1.1835806037112,1.8743457385418,-6.9602546058744,0.528594839639158,0.00306157424192333
11.8333333333333,124.026718267116,112,-7.58974186335645,-7.16759469723284,0.482765336195468,1.1835806037112,1.8793329103151,-6.70388771519192,0.492874392975042,0.00118922306484122
11.85,124.211838377047,112,-7.58974186335645,-7.05510295740421,0.428632209328879,1.1835806037112,1.8843015594981,-6.48778871873339,0.454792794769545,-0.000706159790166242
11.8666666666667,124.396003084537,112,-7.58974186335645,-6.95685710043154,0.36543291218845,1.1835806037112,1.88925098138516,-6.34266967370748,0.410342200140328,-0.00281621296354228
11.8833333333333,124.579218960861,111,-8.58974186335645,-6.8717895901768,0.297906382659231,1.1835806037112,1.89418049889968,-6.25193770508426,0.362556098800547,-0.00498461509521523
11.9,124.761484409188,111,-8.58974186335645,-6.89283568365633,0.229540341574946,1.1835806037112,1.89908946188481,-6.20246806791434,0.313697203918412,-0.00709967898674057
11.9166666666667,124.942791145793,110,-9.58974186335645,-6.91922590324833,0.155024348115412,1.1835806037112,1.90397724641004,-6.2199797563628,0.26034905899788,-0.00932828822740401
11.9333333333333,125.123125445727,110,-9.58974186335645,-7.04419926428885,0.0795342139842174,1.1835806037112,1.90884325409306,-6.28445396853856,0.205855635645854,-0.0115040766382049
11.95,125.302469190919,110,-9.58974186335645,-7.16729409978871,-0.00113778138692529,1.1835806037112,1.91368691143678,-6.41659078367826,0.147516160648817,-0.0137594775744111
11.9666666666667,125.480800752411,110,-9.58974186335645,-7.28810784009211,-0.0811489519885894,1.1835806037112,1.918507669181,-6.59281023924467,0.0891162307388579,-0.0159085234787799
11.9833333333333,125.658095733269,110,-9.58974186335645,-7.40629303175183,-0.156542754394609,1.1835806037112,1.92330500166868,-6.79532354714423,0.0332652942597499,-0.0178308153753312
12,125.834327594335,110,-9.58974186335645,-7.52155304623636,-0.224791778411576,1.1835806037112,1.92807840622621,-7.01089933110807,-0.0183247110268573,-0.0194549507092889
12.0166666666667,126.009468181381,111,-8.58974186335645,-7.6336380054784,-0.28443728831604,1.1835806037112,1.93282740255771,-7.22987203277252,-0.0646187168444481,-0.0207455417071398
12.0333333333333,126.183488169222,111,-8.58974186335645,-7.64838943281958,-0.334806508255027,1.1835806037112,1.93755153215276,-7.44534749633206,-0.105084701279612,-0.0216931130726704
12.05,126.356357435794,111,-8.58974186335645,-7.66544355193343,-0.367975869137446,1.1835806037112,1.94225035770756,-7.61651667596848,-0.134486675956402,-0.0220623913152237
12.0666666666667,126.528045377132,112,-7.58974186335645,-7.6844653352295,-0.387668145920187,1.1835806037112,1.94692346255901,-7.75218172475936,-0.155087202878828,-0.0219901702341017
12.0833333333333,126.698521172398,112,-7.58974186335645,-7.61119506424233,-0.396894552880991,1.1835806037112,1.95157045013159,-7.85950404981991,-0.168725784079682,-0.0215862841380826
12.1,126.86775400666,113,-6.58974186335645,-7.54515388138045,-0.390266677185765,1.1835806037112,1.95619094339677,-7.90824269698595,-0.171823512856598,-0.0206946338315323
12.1166666666667,127.035713257881,114,-5.58974186335645,-7.39192842604738,-0.37317005358443,1.1835806037112,1.96078458434455,-7.91502564424089,-0.167753966754418,-0.0195010911190754
12.1333333333333,127.202368653564,115,-4.58974186335645,-7.15692625348179,-0.341807914356968,1.1835806037112,1.96535103346709,-7.85664456811453,-0.153984066012434,-0.0178984315482257
12.15,127.367690401627,116,-3.58974186335645,-6.84536914295372,-0.294751770855258,1.1835806037112,1.96988996925398,-7.71880323079241,-0.129492207344365,-0.0158573240907557
12.1666666666667,127.531649299365,116,-3.58974186335645,-6.46228757950867,-0.232204655135414,1.1835806037112,1.97440108769903,-7.49386673881952,-0.094310698404448,-0.0134005552583666
12.1833333333333,127.694216823767,117,-2.58974186335645,-6.10646826857798,-0.155443049359195,1.1835806037112,1.97888410181833,-7.17909591667226,-0.0491770666362153,-0.0105837360575609
12.2,127.855365205928,118,-1.58974186335645,-5.68274460794567,-0.0742159666483425,1.1835806037112,1.98333874117923,-6.81132305432911,-0.000342293034522829,-0.00772498992781086
12.2166666666667,128.015067491887,119,-0.589741863356451,-5.19575787138448,0.012629768234501,1.1835806037112,1.98776475144023,-6.38185649967647,0.052932593516291,-0.00479083770476212
12.2333333333333,128.173297591866,120,0.410258136643549,-4.64995571785588,0.105143722035568,1.1835806037112,1.99216189390131,-5.88651640697564,0.110678750775972,-0.00178346631222389
12.25,128.330030319575,120,0.410258136643549,-4.04959134623813,0.202654631667075,1.1835806037112,1.99652994506463,-5.32440963696238,0.172458616438359,0.00127249666981865
12.2666666666667,128.485241423014,121,1.41025813664355,-3.49267518937982,0.304055342925069,1.1835806037112,2.00086869620538,-4.69697784026368,0.237545114640179,0.00433968852172108
12.2833333333333,128.638907607967,122,2.41025813664355,-2.88326910512649,0.400194908436714,1.1835806037112,2.0051779529525,-4.04331572800063,0.299983032132279,0.00713107980903441
12.3,128.791006555231,122,2.41025813664355,-2.22525085044846,0.493095414680605,1.1835806037112,2.00945753487907,-3.35558028862916,0.360993105539999,0.00971869050345645
12.3166666666667,128.941516932449,123,3.41025813664355,-1.61626697094657,0.583828421471513,1.1835806037112,2.01370727510227,-2.62942040988995,0.421199518656352,0.0121423657528039
12.3333333333333,129.090418401312,124,4.41025813664355,-0.960027528031283,0.66499496726496,1.1835806037112,2.01792701989256,-1.89910909499637,0.475742727123465,0.0141762581758777
12.35,129.23769162076,124,4.41025813664355,-0.260070991138604,0.740016162634367,1.1835806037112,2.02211662829197,-1.15279567577783,0.526726817681498,0.0159403996595322
12.3666666666667,129.383318246738,125,5.41025813664355,0.386282561938698,0.802862768782076,1.98644337249327,2.02793919712438,-0.3832909729849,0.566602976519409,0.0175119255607104
12.3833333333333,129.527280877771,125,5.41025813664355,1.10354959912689,0.798160908828992,1.1835806037112,2.04550999403148,0.340976131315337,0.53804816538025,0.0187418706397746
12.4,129.669561862714,126,6.41025813664355,1.79117541900629,0.801467009042097,1.98504761275329,2.06170671507062,1.04298517960734,0.518219069288556,0.0199885712401381
12.4166666666667,129.810141060588,126,6.41025813664355,2.54308640737882,0.796282275385707,1.1835806037112,2.0797322451057,1.72140992784813,0.4895454516984,0.0212295793488243
12.4333333333333,129.948995352738,127,7.41025813664355,3.25927948831008,0.808427746429876,1.99200835014107,2.09582282953611,2.41156192231908,0.47680925240325,0.0226912406498675
12.45,130.086097833204,127,7.41025813664355,4.03449242996237,0.81701858647598,2.00059919018718,2.11343570977177,3.09597662842548,0.459138563025322,0.0242478050685854
12.4666666666667,130.221418146706,128,8.41025813664355,4.79758453768634,0.834118504590178,2.01769910830138,2.13121905284726,3.80134486228284,0.447267506435012,0.0260645837826524
12.4833333333333,130.354921020283,128,8.41025813664355,5.64095468345134,0.856465962618617,2.04004656632981,2.1492829730547,4.51943779162772,0.438903072403215,0.0280477829293606
12.5,130.486564727597,128,8.41025813664355,6.46395920443366,0.889062157743754,2.07264276145495,2.16775784144191,5.27877127157056,0.437048051652896,0.0303680749867109
12.5166666666667,130.616300429732,129,9.41025813664355,7.26666210824647,0.926281273425878,2.10986187713708,2.18676146159456,6.06073623519529,0.437885063345247,0.0328566067142013
12.5333333333333,130.744071963931,129,9.41025813664355,8.14368673632771,0.964401697779052,2.14798230149025,2.20633443441477,6.85095722959858,0.438955176640008,0.0353982158795105
12.55,130.869815939691,129,9.41025813664355,8.996115590481,1.00865393842404,2.19223454213524,2.22653609982636,7.67488141890211,0.443538189936069,0.0381641708576342
12.5666666666667,130.993461906128,129,9.41025813664355,9.82527840048524,1.05399687890184,2.23757748261304,2.24742027157713,8.51287815563911,0.448307526024283,0.040998288297071
12.5833333333333,131.114932508864,130,10.4102581366435,10.6327244719115,1.09742507355073,2.28100567726193,2.26897454997193,9.35080083322618,0.451358567072831,0.0438033469137285
12.6,131.23414364725,130,10.4102581366435,11.5138640197073,1.13739536447025,2.32097596818145,2.29114930527168,10.1790574022307,0.451788751418254,0.0465254793841069
12.6166666666667,131.351004640413,130,10.4102581366435,12.3701064453777,1.18083078719051,2.3644113909017,2.31394581624957,11.0275369663153,0.454064285090682,0.0493847503855772
12.6333333333333,131.465418475458,130,10.4102581366435,13.2028309873777,1.2239265563949,2.4075071601061,2.33738412574834,11.8803814559211,0.455708680825319,0.0522614705511926
12.65,131.577282198557,130,10.4102581366435,14.013490484111,1.2645244910118,2.448105094723,2.36143530809381,12.7264407005544,0.455387058829047,0.0550840863401004
12.6666666666667,131.686487267873,130,10.4102581366435,14.803389754617,1.3016199422131,2.4852005459243,2.38604465072817,13.5583700915615,0.4525483081594,0.0578155903089089
12.6833333333333,131.79291982062,130,10.4102581366435,15.573585827461,1.33496130876257,2.51854191247377,2.41114740101799,14.3717155697579,0.447140188169539,0.060442186603337
12.7,131.896460891481,130,10.4102581366435,16.3248662816554,1.36474519972378,2.54832580343498,2.43667865772086,15.1640931391265,0.439396383149321,0.0629644616287565
12.7166666666667,131.996986676073,130,10.4102581366435,17.0577728664077,1.391398295572,2.5749788992832,2.46257893013769,15.9345115715974,0.429686962601045,0.0653909192459473
12.7333333333333,132.094368916575,130,10.4102581366435,17.7726472380065,1.41543132461788,2.59901192832908,2.48879668741636,16.6828492408501,0.418420476443753,0.0677335398476485
12.75,132.188475309054,131,11.4102581366435,18.4696835680881,1.4373490833969,2.62092968710809,2.5152889626663,17.4094739799276,0.405985444331313,0.0700049501574569
12.7666666666667,132.279169955002,131,11.4102581366435,19.2429303316951,1.45760139568189,2.64118199939309,2.54202081581097,18.1149839243709,0.392720100255991,0.0722167965173324
12.7833333333333,132.366313786947,131,11.4102581366435,19.9926265392172,1.48404516368518,2.66762576739638,2.56903214711969,18.8359833717973,0.38361124006258,0.0746229687818406
12.8,132.44976501013,131,11.4102581366435,20.7192586075598,1.51312100037618,2.69670160408738,2.59639112249114,19.5607080254393,0.376246207841341,0.0771164162928503
12.8166666666667,132.52937950165,132,12.4102581366435,21.4236790673461,1.54250877467065,2.72608937838185,2.62411742042964,20.280241063816,0.36909342535209,0.0796251881822715
12.8333333333333,132.605011213065,132,12.4102581366435,22.2008103656731,1.57083497161731,2.75441557532851,2.65220038167229,20.9882360478922,0.361281851282104,0.0821047893689125
12.85,132.676512453316,132,12.4102581366435,22.9517923421027,1.60488885161291,2.78846945532411,2.68068040553932,21.7164223191554,0.357115718939607,0.0847749191708805
12.8666666666667,132.743734111973,133,13.4102581366435,23.6779316413193,1.64057927556552,2.82415987927671,2.70961307026339,22.449850460902,0.353866300714858,0.0875102650049968
12.8833333333333,132.806525943326,133,13.4102581366435,24.474721285312,1.67540929236093,2.85898989607213,2.73899973902385,23.1777104807799,0.349923224478961,0.0902314458764496
12.9,132.864736838469,134,14.4102581366435,25.2438724244894,1.71552716172565,2.89910776543685,2.768878329684,23.9286307486265,0.349186349927137,0.0931373551690756
12.9166666666667,132.918215121635,134,14.4102581366435,26.0811512558069,1.75653835628087,2.94011895999207,2.79929422262785,24.6856579073802,0.3487524519466,0.0960919615327633
12.9333333333333,132.966808738948,135,15.4102581366435,26.8887118558632,1.80334569375957,2.98692629747077,2.83030339317962,25.4727460758282,0.351693098641602,0.0992559319435585
12.95,133.0103653242,135,15.4102581366435,27.76280358461,1.85080778231736,3.03438838602856,2.86195287345819,26.2695941035549,0.354625530732993,0.102469425464327
12.9666666666667,133.04873219589,136,16.4102581366435,28.6060281728465,1.90343893334822,3.08701953705942,2.8942909844404,27.0979087122951,0.360387818093566,0.105879901076244
12.9833333333333,133.081756319822,136,16.4102581366435,29.5150094861386,1.95595034621393,3.13953094992513,2.92735275298514,27.9359947884781,0.365525665028661,0.109321626501783
13,133.109284257966,137,17.4102581366435,30.3926381927744,2.01285847783375,3.19643908154494,2.96117336403644,28.8047874847552,0.372903138782515,0.112940859221454
13.0166666666667,133.131336214729,137,17.4102581366435,31.335744409405,2.06895894601526,3.25253954972646,2.9957754713951,29.6822447560431,0.379143004131375,0.116573379150243
13.0333333333333,133.149371403738,138,18.4102581366435,32.24735336993,2.12888922441034,3.31246982812153,3.03118366003911,30.5892291642048,0.387206412864551,0.120368301852216
13.05,133.16656996011,139,19.4102581366435,33.2243723408008,2.18757207989968,3.37115268361088,3.06741204546233,31.5037770431639,0.393813261577743,0.124164661424711
13.0666666666667,133.186608536425,140,20.4102581366435,34.2638122530746,2.24976153369493,3.43334213740613,3.10447868960312,32.4469005948386,0.402011286719258,0.128114682473171
13.0833333333333,133.211893416512,140,20.4102581366435,35.3627806198696,2.31796186803076,3.50154247174196,3.14246092804889,33.4327511024035,0.413302145181898,0.132304110564346
13.1,133.242255321264,141,21.4102581366435,36.4247850421982,2.39315006626157,3.57673066997276,3.18146413740953,34.4701017703523,0.428160634955697,0.136772385930788
13.1166666666667,133.276049053565,142,22.4102581366435,37.5475348406812,2.46786159109487,3.65144219480607,3.22153331353156,35.527817374666,0.441725743279654,0.141284915511494
13.1333333333333,133.312458945732,143,23.4102581366435,38.7289144829614,2.54543133080606,3.72901193451726,3.26268605257431,36.6203482466656,0.45614049447837,0.145948345362609
13.15,133.352275531347,144,24.4102581366435,39.9668326180017,2.62763728468947,3.81121788840067,3.30498164843389,37.7574394269779,0.472476656926086,0.15082338339533
13.1666666666667,133.397367357993,144,24.4102581366435,41.2594067454484,2.71519381996737,3.89877442367857,3.34849941877742,38.945123166892,0.491089882761522,0.155938540399294
13.1833333333333,133.450028430404,145,25.4102581366435,42.5110844986705,2.80814242421195,3.99172302792315,3.39332438009592,40.1866733805494,0.511895738568117,0.161301289431572
13.2,133.512585021934,145,25.4102581366435,43.8203539215363,2.89865937161975,4.08223997533095,3.43947065424516,41.4474937102797,0.529861217939695,0.166662553792481
13.2166666666667,133.587216208163,145,25.4102581366435,45.0917343466755,2.99007906490008,4.17365966861128,3.48692215877034,42.740065217901,0.547191345494,0.17212574025716
13.2333333333333,133.675891777793,146,26.4102581366435,46.3293865389025,3.12251642011078,3.36934209778874,3.52636753879352,44.0508840089248,0.609761772525571,0.177502119157396
13.25,133.780366797074,146,26.4102581366435,47.600024908592,3.27100600572333,3.47328480771753,3.56154773884558,45.4030218923618,0.692946348098763,0.182572303347151
13.2666666666667,133.902205171211,146,26.4102581366435,48.7805197168969,3.40644511694798,3.56809218557478,3.59816105621799,46.7886145208932,0.765579827692657,0.187316222411653
13.2833333333333,134.04282330042,146,26.4102581366435,49.8817550738681,3.51964295996553,3.64733067568707,3.63599361748742,48.1521177831123,0.822092723099991,0.191427470704525
13.3,134.203552858444,146,26.4102581366435,50.9129634070705,3.60719021000035,3.70861375071144,3.67476002154137,49.4590871204242,0.860734345395703,0.19477982718688
13.3166666666667,134.385734407285,145,25.4102581366435,51.8815547228838,3.6693365563832,3.75211619317944,3.71415787475122,50.6904397747984,0.882125406137006,0.197362906268022
13.3333333333333,134.5908673646,145,25.4102581366435,52.6992507879561,3.70842578844193,3.77947865562055,3.75390093091279,51.8377214495691,0.888202212818458,0.199234262061818
13.35,134.820858679526,145,25.4102581366435,53.4700164023945,3.72021773673176,3.78773301942343,3.79368886320869,52.8634230806192,0.876669231004898,0.200241486175177
13.3666666666667,135.078434168501,144,24.4102581366435,54.1963946288607,3.71206342819522,3.78202500344785,3.83324500456943,53.7824183619298,0.852655682923142,0.20060272033405
13.3833333333333,135.367795547387,143,23.4102581366435,54.78577359275,3.68993565902537,3.76653556502895,3.87237045233476,54.6088543083465,0.820282988974329,0.200497009192082
13.4,135.695594444851,143,23.4102581366435,55.2445895301957,3.65088441705994,3.73919969565316,3.91088020939498,55.319210812378,0.777897576348642,0.199820475617303
13.4166666666667,136.072186690289,142,22.4102581366435,55.67242330939,3.59450277088527,3.69973254333089,3.94857099775701,55.9001510013645,0.725505134365265,0.198549314429345
13.4333333333333,136.512839105202,142,22.4102581366435,55.9742724029876,3.5294964837862,3.65422814236154,3.98529270690607,56.3815780280356,0.668901172044795,0.196952941262593
13.45,137.038113843251,141,21.4102581366435,56.2485334368638,3.45405769426956,3.60142098969989,4.02093126017454,56.7500828116211,0.607051770514921,0.194968416787185
13.4666666666667,137.672446583903,141,21.4102581366435,56.3995004255254,3.37547876959139,3.54641574242517,4.05540925973147,57.0342606828123,0.544731524609468,0.192824569196252
13.4833333333333,138.440607112065,141,21.4102581366435,56.5252301411906,3.29066326364701,3.48704488826411,4.08866955712003,57.2188309548985,0.47999110350154,0.190420849756586
13.5,139.363177627742,141,21.4102581366435,56.6238883675211,3.20580683997144,3.4276453916912,4.12067777443138,57.3303908753536,0.416835135393441,0.187953717959472
13.5166666666667,140.453030593752,141,21.4102581366435,56.6938225257625,3.12450972904758,3.37073741404451,4.15145619261898,57.3877694147848,0.357515244539267,0.1855402775098
13.5333333333333,141.714074879043,141,21.4102581366435,56.7337874332039,3.04854953541069,3.31756527849868,4.18105814688538,57.4037061346997,0.303066348706956,0.183241339295826
13.55,143.142127949373,141,21.4102581366435,56.7430373528106,2.97849671279952,3.26852830267086,4.20955049523949,57.3863913356245,0.253729177137906,0.181079970981097
13.5666666666667,144.726961650494,142,22.4102581366435,56.7213321097046,2.91418158517541,3.22350771333398,4.23700237300338,57.3407807808513,0.209267569434709,0.179055703218285
13.5833333333333,146.454591726037,143,23.4102581366435,56.7628443401068,2.8550320184832,3.18210301664944,4.26347861345195,57.2696564560083,0.169195399163696,0.177154899890681
13.6,148.302410465022,143,23.4102581366435,56.8623346467261,2.80788604173535,3.14910083292595,4.28908440825969,57.2104138565194,0.137746421787175,0.175601923726912
13.6166666666667,150.229882749654,144,24.4102581366435,56.9213140071705,2.77582172204514,3.1266558091428,4.31398161141828,57.1874196304458,0.116655100573844,0.174504580246613
13.6333333333333,152.197974050618,145,25.4102581366435,57.035936853918,2.75187163117194,3.10989074553155,4.33830478807474,57.1793501409651,0.101228206664117,0.173649248416159
13.65,154.171654614423,146,26.4102581366435,57.2030646665918,2.73889935994735,3.10081015567434,4.36216897264626,57.2062080436402,0.0931394817052486,0.173133852368462
13.6666666666667,156.119645676792,148,28.4102581366435,57.4201051996059,2.73777420966359,3.10002255047571,4.38571024773516,57.280438085355,0.0927516821019848,0.172993915308506
13.6833333333333,158.014603092313,149,29.4102581366435,57.7790076197724,2.74812351551178,3.10726706456944,4.40906705513301,57.4090093257238,0.0996285316725012,0.173225411599671
13.7,159.833546419626,150,30.4102581366435,58.1785131018897,2.7764633170944,3.12710492567728,4.43241700029433,57.6310883964152,0.117720876079936,0.174045597987783
13.7166666666667,161.558291682971,151,31.4102581366435,58.6180144293702,2.81767977899913,3.15595644901059,4.45594054512063,57.9351499216658,0.143487744632005,0.175301619729969
13.7333333333333,163.17567300078,153,33.4102581366435,59.0975215326465,2.86780480131431,3.19104396463121,4.47976524325298,58.3110913681174,0.174207392486723,0.176873859924917
13.75,164.677437135613,154,34.4102581366435,59.711325488349,2.931804830963,2.50289277764455,4.50237477168683,58.7510607394208,0.216438285067321,0.178672663470814
13.7666666666667,166.059813112166,156,36.4102581366435,60.3347964315042,3.05786394218789,2.55961937769575,4.51502118218117,59.3179237709262,0.319954109532719,0.180833199962921
13.7833333333333,167.32284309673,157,37.4102581366435,61.0408112903373,3.18249258233368,2.61570226576136,4.52838265367838,59.9879071337604,0.420670824854434,0.182996989534224
13.8,168.469595305531,158,38.4102581366435,61.7365462635498,3.3041599731665,2.67045259163612,4.54244600799581,60.7509166365321,0.517652479992981,0.185114496921972
13.8166666666667,169.505365048415,159,39.4102581366435,62.4283773270025,3.41462856220405,2.72016345670302,4.55715905415394,61.5644151620718,0.605681234380356,0.186922680770239
13.8333333333333,170.436940261614,161,41.4102581366435,63.1217837752206,3.50988513557409,2.76302891471954,4.57242430912062,62.4004703897876,0.682307016485746,0.188292789792341
13.85,171.27197583514,162,42.4102581366435,63.9151795732208,3.5887525435376,2.79851924830312,4.58812526895013,63.2420100758387,0.746925319334739,0.189186248344236
13.8666666666667,172.018492407218,163,43.4102581366435,64.7122143960131,3.65950228446231,2.83035663171924,4.60417461622915,64.1157356247418,0.804987711006659,0.189865194020085
13.8833333333333,172.68449659997,164,44.4102581366435,65.5157401293948,3.72012383292689,2.8576363285283,4.62050559219333,65.0055204230806,0.855297717097585,0.190264640416257
13.9,173.277709211475,165,45.4102581366435,66.3279812901117,3.77020872903153,2.88017453177539,4.63704261120105,65.9015613728213,0.89769906781649,0.190370550366129
13.9166666666667,173.805383543832,166,46.4102581366435,67.1505547729311,3.81033696579442,2.89823223831868,4.65371088231987,66.7985403957945,0.932670265740423,0.190200335405469
13.9333333333333,174.274195442903,167,47.4102581366435,67.9845308056379,3.84163305575695,2.91231547880182,4.67044208917432,67.6941764103181,0.961032666971525,0.189788746281796
13.95,174.690187939906,168,48.4102581366435,68.8305138398389,3.86545823435792,2.92303680917226,4.68717727058036,68.5881239901724,0.98374923966387,0.189178089147932
13.9666666666667,175.058756027343,168,48.4102581366435,69.6887290917182,3.88320810661105,2.93102425168617,4.70386780378676,69.4811654281953,1.00179326028972,0.188411792430475
13.9833333333333,175.384659663482,169,49.4102581366435,70.4651542530191,3.89618914515115,2.93686571902922,4.72047517775097,70.3746414153982,1.01606908188866,0.187530479563382
14,175.672055491968,170,50.4102581366435,71.2593011757561,3.89788789869088,2.93763015812209,4.73693902265795,71.2340680238557,1.02246420569284,0.186325893521179
14.0166666666667,175.92454001972,170,50.4102581366435,72.0703973220253,3.89290614769727,2.93538837017497,4.75319484457875,72.0730451716773,1.02403145796037,0.184943449077835
14.0333333333333,176.145199122299,171,51.4102581366435,72.8034393722177,3.88453639634483,2.93162198206637,4.76920754547201,72.9020866036462,1.02294841847042,0.183486980465247
14.05,176.336660093084,171,51.4102581366435,73.5570588235572,3.86736573504085,2.92389518447958,4.78493160319006,73.6930002793062,1.01579345220974,0.181783298399317
14.0666666666667,176.501143531263,171,51.4102581366435,74.2357934104504,3.84648025548186,2.91449671867804,4.80032321303562,74.4634775259914,1.00590729335516,0.179993297824297
14.0833333333333,176.640513340219,172,52.4102581366435,74.8438605014803,3.81758558676163,2.90149411775393,4.81533896131893,75.1905001737167,0.990585208941137,0.177979397679634
14.1,176.756323767556,172,52.4102581366435,75.479135017121,3.77873029529948,2.88400923659596,4.82991257641945,75.8593412284622,0.968655139197812,0.175678511688575
14.1166666666667,176.849862643772,172,52.4102581366435,76.0453578816111,3.73720109579711,2.8653210968199,4.84400054017511,76.4974916947399,0.944872965888777,0.173321570052047
14.1333333333333,176.922190476535,172,52.4102581366435,76.5460059579857,3.68997633221895,2.84406995320973,4.8575725990006,77.0887949548482,0.917337875951445,0.170811537006797
14.15,176.974175465119,172,52.4102581366435,76.9843701075393,3.63572094525994,2.81965502907817,4.8705826119112,77.6231100620473,0.885251731395973,0.168105010131487
14.1666666666667,177.006524638747,172,52.4102581366435,77.3634913753255,3.57423126096154,2.79198467114389,4.88297903165394,78.0948099170928,0.848550299083053,0.165194577961281
14.1833333333333,177.019811227585,172,52.4102581366435,77.6861492730381,3.50601352223427,2.76128668871662,4.89471174100835,78.5015379594724,0.807624538459413,0.162095426306387
14.2,177.014498569113,172,52.4102581366435,77.9548813182436,3.43197532329796,2.72796949919528,4.90573616683978,78.8432157175328,0.763117527050823,0.15883553156972
14.2166666666667,176.990960780842,172,52.4102581366435,78.1720189504006,3.35320866822443,2.69252450441219,4.91601543626372,79.1212770682717,0.715782493754536,0.155448765255636
14.2333333333333,176.949500562373,172,52.4102581366435,78.3397296726436,3.27084477447434,2.65546075222465,4.92552118497791,79.3380970823873,0.666388499278243,0.15197027821664
14.25,176.890364378137,172,52.4102581366435,78.4600588900082,3.18596313211947,2.61726401316496,4.93423348791633,79.4965810717533,0.615661993921074,0.148433609032784
14.2666666666667,176.813755451458,172,52.4102581366435,78.5349675915143,3.09954012461975,2.57837365979009,4.94214026201358,79.599880792942,0.564254413332872,0.144869049673595
14.2833333333333,176.71984485469,172,52.4102581366435,78.5663639259223,3.0124253362568,2.53917200502676,4.94923639158869,79.6512081420514,0.512727895798466,0.141302891132391
14.3,176.608780809627,172,52.4102581366435,78.5561280115739,2.92533628470186,2.49998193182703,4.95552274794043,79.6537210164142,0.461552972783786,0.137757254737346
14.3166666666667,176.480696326451,172,52.4102581366435,78.5061301445115,2.83886460331295,2.46106967520202,4.96100521416985,79.61046059317,0.411113622018403,0.134250287470744
14.3333333333333,176.335715565872,171,51.4102581366435,78.418243049225,2.75348860958098,2.42265047802264,4.9656937813681,79.5243236315804,0.361716351886421,0.13079656036971
14.35,176.173959147373,171,51.4102581366435,78.200397565487,2.66958873479349,2.38489553436827,4.96960175032117,79.398057292297,0.313601011135499,0.127407557971053
14.3666666666667,175.995548517848,171,51.4102581366435,77.9542926524542,2.57979940611642,2.34449033646359,4.9727140117943,79.1982663686853,0.262045793878185,0.123848231631861
14.3833333333333,175.800609417921,170,50.4102581366435,77.6815128343109,2.48798681411491,2.30317467006291,4.97500549544294,78.9395769727227,0.209576057870704,0.120240907255175
14.4,175.589274491004,170,50.4102581366435,77.2895269115899,2.39683977101632,2.26215850066854,4.97647561705931,78.6336205378818,0.157932624954257,0.11667052233866
14.4166666666667,175.361685333615,170,50.4102581366435,76.8795079512305,2.30047148762337,2.21879277314172,4.97710943269756,78.2534952052295,0.103345400060565,0.112949117536873
14.4333333333333,175.117994126877,170,50.4102581366435,76.452519293907,2.20361167163744,2.17520585594804,4.9768906985482,77.8183855417741,0.0488860175653758,0.109226553570961
14.45,174.858364886072,169,49.4102581366435,76.0095033027756,2.1093737130564,2.13279877458658,4.97583238961371,77.342968194715,-0.00344608442002069,0.105601350573208
14.4666666666667,174.582974295022,169,49.4102581366435,75.4574606214512,2.01966037301195,2.09242777156658,4.97396614556515,76.8382424509162,-0.0524510318293519,0.102133575889979
14.4833333333333,174.292012106667,169,49.4102581366435,74.8972295173825,1.92783618643612,2.05110688760745,4.971303452359,76.2763080068185,-0.102409472888325,0.098611581042919
14.5,173.985681350073,169,49.4102581366435,74.3296350813945,1.83795902121455,2.01066216325775,4.96784913775364,75.675200283656,-0.15070501304466,0.0951639735769881
14.5166666666667,173.664198432432,169,49.4102581366435,73.7554464858043,1.75256501031257,1.97223485835185,4.96363253683874,75.0484347198688,-0.195727428177341,0.091871021174557
14.5333333333333,173.327793131534,169,49.4102581366435,73.1754820237529,1.6730776203609,1.9364655328736,4.95869766173101,74.405919269626,-0.236598650740216,0.0887776475256339
14.55,172.976708480861,168,48.4102581366435,72.5906614044131,1.60669423784004,1.72583990898221,4.9517463640521,73.7591620255657,-0.265846847671807,0.0858989558693411
14.5666666666667,172.611200491656,168,48.4102581366435,71.9018891686674,1.55373058904217,1.70796467751293,4.94268058238791,73.1150486676868,-0.283023901942791,0.0832195511221458
14.5833333333333,172.231537893497,168,48.4102581366435,71.2050977541728,1.49670012993152,1.68871689756309,4.93321953378219,72.439636089947,-0.303124379500724,0.0804487964746743
14.6,171.838002289794,168,48.4102581366435,70.5033118023038,1.43763694309569,1.66878307200599,4.92335155223519,71.739526865652,-0.324808890079783,0.0776512214855341
14.6166666666667,171.430888127165,168,48.4102581366435,69.7991797817551,1.37824004275754,1.64873661814187,4.91307539822703,71.0210230227564,-0.346961358390255,0.0748801863210471
14.6333333333333,171.010502238957,168,48.4102581366435,69.0950455547074,1.31987365791469,1.62903796325741,4.90239836705269,70.2899182681788,-0.368687703220425,0.0721779989978016
14.65,170.577163181084,168,48.4102581366435,68.3930058142088,1.26359046869649,1.61004238689626,4.89133446608725,69.5513983909551,-0.389299739890816,0.0695767560237586
14.6666666666667,170.13120033845,168,48.4102581366435,67.6949549248191,1.21016730533676,1.59201206926236,4.87990275950272,68.8100147745832,-0.408291135068111,0.0670995681374904
14.6833333333333,169.672952934569,168,48.4102581366435,67.0026190075425,1.16014602743092,1.57512988796913,4.86812592930698,68.0697045163386,-0.42531014324339,0.0647619374653665
14.7,169.202769110935,169,49.4102581366435,66.3175811685904,1.11387476954001,1.55951333843095,4.85602906781154,67.3338377332389,-0.440132241255067,0.0625731326463017
14.7166666666667,168.721004951595,169,49.4102581366435,65.7352511608266,1.07154658331569,1.54522757558024,4.84363869493341,66.6052783145196,-0.452634574266352,0.0605374682033043
14.7333333333333,168.228023521595,169,49.4102581366435,65.1571711643572,1.04093564784743,1.5348963848597,4.83100533423618,65.9224624138904,-0.457826419341456,0.058899379703617
14.75,167.724194045747,169,49.4102581366435,64.5848773360466,1.01843677114071,1.52730301397119,4.81818887428602,65.275341504994,-0.458056906170641,0.0575408596498389
14.7666666666667,167.2098910755,169,49.4102581366435,64.0199416702081,1.00146434399197,1.52157481980849,4.80523181124677,64.6564278159702,-0.455007551428089,0.0563772778500678
14.7833333333333,166.685493623383,169,49.4102581366435,63.4638879788052,0.988225478805281,1.51710670280798,4.79216431822577,64.0603607310187,-0.449841595106634,0.055349888266694
14.8,166.15138439304,169,49.4102581366435,62.9181384495643,0.977526194890295,1.51349569448667,4.77900813550299,63.4834876597445,-0.443331325686565,0.0544194532234153
14.8166666666667,165.607949198797,170,50.4102581366435,62.3839827955198,0.968611346180596,1.51048693304715,4.76577946949535,62.9234831785566,-0.435963053115994,0.053560995881498
14.8333333333333,165.055576402149,170,50.4102581366435,61.9565150372821,0.961036360792396,1.50793037547863,4.75249108457118,62.3790183303539,-0.428021081965436,0.0527596088793011
14.85,164.494656328155,170,50.4102581366435,61.5369229339562,0.962269199063485,1.50834645839512,4.73917711000687,61.8854974614275,-0.414706138830311,0.0522511435570396
14.8666666666667,163.925580705495,170,50.4102581366435,61.126344471472,0.968624897459687,1.51049150660384,4.72587996249112,61.430713929213,-0.398411759793698,0.0519162280493145
14.8833333333333,163.348742156712,171,51.4102581366435,60.7259119492135,0.977584766313408,1.51351546234197,4.71262463291292,61.0056614527911,-0.38076892485991,0.0516734991996136
14.9,162.764533753366,171,51.4102581366435,60.4306259970363,0.987510715365769,1.51686547014715,4.69942441225776,60.6039153294324,-0.362833751284443,0.0514702076594178
14.9166666666667,162.173348643957,171,51.4102581366435,60.1416039312493,1.005111313688,1.5228056720809,4.68630850999796,60.2570845352487,-0.34029527747737,0.0515184342422075
14.9333333333333,161.575579758435,171,51.4102581366435,59.8599112682503,1.02626305013368,1.52994438313131,4.67331108957622,59.9502045802683,-0.315826205526279,0.0516853932653763
14.95,160.971619587416,171,51.4102581366435,59.586592392423,1.04823795686184,1.53736091415207,4.66044709425456,59.6723176850955,-0.291187545480377,0.0518836717488883
14.9666666666667,160.361859962263,170,50.4102581366435,59.3225876346359,1.06934600293848,1.54448487970293,4.64771905421435,59.4156582732697,-0.267463374499929,0.0520594914400483
14.9833333333333,159.746691774773,170,50.4102581366435,58.9747368560805,1.0873302227856,1.67287920396472,4.63538847000946,59.17493101831,-0.246673874482832,0.0521831999782763
15,159.126504815428,170,50.4102581366435,58.6477054025267,1.08698530373102,1.67272399039016,4.62488938817926,58.9049245895286,-0.241709331263885,0.0520050533556946
15.0166666666667,158.501687627842,169,49.4102581366435,58.3452668952844,1.08167533916128,1.67033450633377,4.6143894204661,58.6169612367828,-0.240023664170449,0.0516719552809389
15.0333333333333,157.872627220082,168,48.4102581366435,57.9721938011827,1.0750202201124,1.66733970276178,4.60386783601398,58.3247459564811,-0.239258931865351,0.0512989658762123
15.05,157.239708977967,167,47.4102581366435,57.532988364338,1.06164809207958,1.66132224514701,4.59329472686202,58.0021124184283,-0.24284172821982,0.050715001247103
15.0666666666667,156.603316855063,166,46.4102581366435,57.0318625236738,1.04324128483005,1.65303918188472,4.58171872595281,57.63286092629,-0.247702427629632,0.0498330414555152
15.0833333333333,155.963833753134,165,45.4102581366435,56.4726916025083,1.01811329310376,1.52719384013372,4.56916422986236,57.2118396123132,-0.25510824594956,0.0486121560288249
15.1,155.3216420441,164,44.4102581366435,55.8550494982891,0.982314772177795,1.5151118393212,4.55629172185382,56.7325075651237,-0.269130737224408,0.0470419421084382
15.1166666666667,154.677124365821,163,43.4102581366435,55.1787401383321,0.935201614581329,1.4992111486324,4.5432172696369,56.1887501825536,-0.290518218956441,0.0451325073681516
15.1333333333333,154.030669463941,162,42.4102581366435,54.4476743201496,0.877493070354204,1.47973451495574,4.52988139101033,55.5768940772662,-0.318756413985313,0.0429091274643833
15.15,153.382677095996,160,40.4102581366435,53.665350648499,0.810516200283048,1.45712982130673,4.51623050939576,54.8965852533886,-0.352942825960185,0.0404160474077261
15.1666666666667,152.733549243078,159,39.4102581366435,52.740955654718,0.735887614929064,1.43194267374976,4.50221943954161,54.149669003337,-0.391993617539884,0.0377062480126255
15.1833333333333,152.083690554998,158,38.4102581366435,51.777128992712,0.638343301663978,1.51871083708479,4.48968124792907,53.2992759996792,-0.449749108595829,0.0345948189584641
15.2,151.433509802508,157,37.4102581366435,50.7802208606396,0.533837993476903,1.46384555028657,4.47650301425954,52.3590387243856,-0.511395672686119,0.0312705572203202
15.2166666666667,150.783421124367,156,36.4102581366435,49.7549949988582,0.428174162131516,1.40837203883024,4.46244753088679,51.3485271477312,-0.572723187167703,0.0278848182991553
15.2333333333333,150.133845081087,155,35.4102581366435,48.7009232936075,0.324746030071425,1.3540722694987,4.44752289432779,50.2840663223021,-0.631569009417064,0.0245461055015394
15.25,149.485209888999,154,34.4102581366435,47.6176972774289,0.22546061342854,1.30194742576118,4.43176019041163,49.1772305521334,-0.686755676248382,0.0213161522434612
15.2666666666667,148.837952869132,153,33.4102581366435,46.5053020676037,0.131195021921299,1.25245799021988,4.41520255525955,48.0359704974005,-0.737782781368796,0.0182241987686577
15.2833333333333,148.192522005762,152,32.4102581366435,45.364035036977,0.0421515133668131,1.20571014822877,4.39789777501342,46.8655798452475,-0.784589169798489,0.015278105576707
15.3,147.549377549865,151,31.4102581366435,44.1944899189136,-0.041274442877861,1.14230616083334,4.37977131022754,45.6696123217521,-0.82672460926519,0.01247261848626
15.3166666666667,146.908993627698,150,30.4102581366435,42.9968508542833,-0.117352635632788,1.06622796807841,4.36041873992046,44.4518705626249,-0.862180503526947,0.00979290281594833
15.3333333333333,146.271859830165,150,30.4102581366435,41.770404644065,-0.187071998529435,0.996508605181763,4.33991457896424,43.2152184890558,-0.891747202721199,0.0072131621100482
15.35,145.63848282994,149,29.4102581366435,40.6083927661798,-0.251823666631549,0.931756937079649,4.31835647309966,41.960378040335,-0.916528659334797,0.00469965759315551
15.3666666666667,145.009388059788,148,28.4102581366435,39.4109165262631,-0.305514379093692,0.878066224617506,4.29588679197295,40.722619174424,-0.932873952606526,0.00246044223657447
15.3833333333333,144.385121248943,148,28.4102581366435,38.1787967889144,-0.353230337807571,0.830350265903627,4.27264877836844,39.4882807552086,-0.944328592548019,0.00034755643123241
15.4,143.766249740416,147,27.4102581366435,37.0074770875536,-0.398520113117075,0.785060490594123,4.24871431415499,38.2465377757884,-0.953323154139124,-0.00174452152840172
15.4166666666667,143.153363579274,147,27.4102581366435,35.7989371558512,-0.436203602827139,0.747377000884059,4.22417499558772,37.02536366149,-0.956692629703836,-0.0036420106286264
15.4333333333333,142.547076332582,147,27.4102581366435,34.6494238865434,-0.471492154595899,0.712088449115299,4.19911504665225,35.8069421280761,-0.957950190056061,-0.0055026547990971
15.45,141.948025571572,146,26.4102581366435,33.5556483357608,-0.500127924140574,0.683452679570624,4.17361716993664,34.6144126151614,-0.954501313570253,-0.00718317913832266
15.4666666666667,141.356872911975,146,26.4102581366435,32.4207674704667,-0.520250294756423,0.663330308954775,4.14781373725604,33.4627780101751,-0.945373081655108,-0.00861247267331624
15.4833333333333,140.774303407556,145,25.4102581366435,31.3422738182263,-0.539021904230666,0.644558699480532,4.12178636802065,32.3249936874339,-0.935316876211857,-0.0100112238192107
15.5,140.201024060493,145,25.4102581366435,30.2240449058433,-0.553164026304556,0.630416577406642,4.09559116268791,31.2180349695908,-0.922311379626426,-0.0112702163435526
15.5166666666667,139.637761324651,144,24.4102581366435,29.1638904124935,-0.568632745355849,0.614947858355349,4.06925533805649,30.1171511046937,-0.910235434966121,-0.0125767126985843
15.5333333333333,139.085257242056,144,24.4102581366435,28.0657349213697,-0.581193861678391,0.602386742032807,4.04279856032148,29.0415209373501,-0.896389012539748,-0.0137943926856209
15.55,138.544263956036,144,24.4102581366435,27.027269157303,-0.596092936650913,0.587487667060285,4.01622542705998,27.9682900538719,-0.884154423470031,-0.0150899394759671
15.5666666666667,138.015536331946,143,23.4102581366435,26.0461606016399,-0.608599548405416,0.574981055305782,3.98954296972291,26.9181413704151,-0.870490588174855,-0.0163123634700456
15.5833333333333,137.499822123679,143,23.4102581366435,25.0260988767827,-0.616153515677029,0.567427088034169,3.96281783103805,25.905269046877,-0.85385207411753,-0.0173745848244691
15.6,136.997849280744,142,22.4102581366435,24.0647695836824,-0.625170553365442,0.558410050345756,3.93607803864575,24.9027706621375,-0.838410531364486,-0.0184786199849941
15.6166666666667,136.510310067181,142,22.4102581366435,23.0659899160777,-0.631682004967338,0.55189859874386,3.90933809812876,23.9282261403073,-0.821624029864473,-0.0194972387064275
15.6333333333333,136.037841511031,142,22.4102581366435,22.1273335038967,-0.641062208445071,0.542518395266127,3.88259421559967,22.9576325459801,-0.806939954364558,-0.0206021256431865
15.65,135.581002005403,141,21.4102581366435,21.2463290154782,-0.648619555896415,0.534961047814783,3.85584367425872,22.0108695692298,-0.791322627835558,-0.0216445257481341
15.6666666666667,135.14024426059,141,21.4102581366435,20.3265027964768,-0.651778512639292,0.531802091071906,3.82914320002975,21.1015785014054,-0.773197400063532,-0.0225378611573816
15.6833333333333,134.715885240281,141,21.4102581366435,19.4653553716865,-0.656911012053308,0.52666959165789,3.8025114135828,20.2024756351557,-0.756689765785649,-0.0234836785445658
15.7,134.308074289502,140,20.4102581366435,18.6604538878169,-0.659993515806184,0.523587087905014,3.77595424571445,19.3308700888193,-0.739206352352093,-0.0243538313876068
15.7166666666667,133.916761335412,140,20.4102581366435,17.8154047256444,-0.658862093922397,0.524718509788801,3.74952817206985,18.4984936915394,-0.719434702064541,-0.0250749726102526
15.7333333333333,133.541667774809,139,19.4102581366435,17.0277876968272,-0.660112653704003,0.523467950007195,3.72324634743843,17.6767147459829,-0.701633176657684,-0.0258563561828255
15.75,133.182263172802,139,19.4102581366435,16.20127468736,-0.659816846109226,0.523763757601972,3.69710663913973,16.8819393795183,-0.683254374551336,-0.0265736555623957
15.7666666666667,132.837750877793,138,18.4102581366435,15.4332518992808,-0.66330698008252,0.520273623628678,3.67108868011525,16.0893889483141,-0.667688150416884,-0.0273987959648273
15.7833333333333,132.507065503984,138,18.4102581366435,14.627072548103,-0.665807951998373,0.517772651712825,3.64517426088535,15.31843674636,-0.651817199346976,-0.0281818138191854
15.8,132.188884464241,137,17.4102581366435,13.8797673808131,-0.672129431098352,0.511451172612846,3.61933822741025,14.5464486355011,-0.638689423179007,-0.029078306492641
15.8166666666667,131.881654367155,136,16.4102581366435,13.0943505483367,-0.677210543314438,0.50637006039676,3.5935642229953,13.7942465262786,-0.625009163498424,-0.0299289404049227
15.8333333333333,131.583631412566,136,16.4102581366435,12.273606507318,-0.685737542955233,0.497843060755965,3.56783228432643,13.0400967483851,-0.61375585377546,-0.0308848282030733
15.85,131.292933240477,135,15.4102581366435,11.5140651229847,-0.70011234552993,0.483468258181268,3.54206447179586,12.2693767503412,-0.606343524234852,-0.0320293545678059
15.8666666666667,131.007598344126,134,14.4102581366435,10.718059103942,-0.713722814205334,0.469857789505864,3.51622432851995,11.5089089805818,-0.598450197185443,-0.0331553045425108
15.8833333333333,130.72564841033,134,14.4102581366435,9.88767102438032,-0.730349085684092,0.453231518027106,3.49029201538236,10.7411860421179,-0.592478431824982,-0.0343846595313184
15.9,130.445148963418,133,13.4102581366435,9.11879919289039,-0.751943679365388,0.43163692434581,3.46420081743042,9.95436556995303,-0.589577565802993,-0.0357852564169016
15.9166666666667,130.164264268603,132,12.4102581366435,8.31325745749438,-0.771746972473602,0.411833631237596,3.43793033587056,9.17694622711981,-0.585362621437399,-0.0371435527242721
15.9333333333333,129.881303278057,131,11.4102581366435,7.47273315604536,-0.793574489752925,0.390006113958273,3.41147763015468,8.39230460219894,-0.582291431267018,-0.0385809883668896
15.95,129.594754834233,131,11.4102581366435,6.59889384020203,-0.819510966318071,0.364069637393127,3.38479143078686,7.58895037537746,-0.581627682493649,-0.0401681053241141
15.9666666666667,129.303311628106,130,10.4102581366435,5.78712844257415,-0.850450604792445,0.333129998918753,3.3577963094537,6.75946558125539,-0.58383072109689,-0.0419395556052056
15.9833333333333,129.005883266912,130,10.4102581366435,4.93875522085582,-0.879044690033827,0.304535913677371,3.33047669736814,5.93541140301376,-0.584150230538335,-0.0436623639826318
16,128.701599654355,129,9.41025813664355,4.14898916919241,-0.908844038512243,0.274736565198955,3.30284146096308,5.1021437803926,-0.58489867786915,-0.0454482750790568
16.0166666666667,128.389806247959,129,9.41025813664355,3.31936561097866,-0.934393993479156,0.249186610232042,3.27492163902258,4.28528237635831,-0.582621973590324,-0.047120568431925
16.0333333333333,128.070053097731,128,8.41025813664355,2.54550633873717,-0.960507657441681,0.223072946269517,3.24674662759199,3.4656093880218,-0.580477009687109,-0.0488294847338761
16.05,127.742079386356,128,8.41025813664355,1.7294112294619,-0.982503354662023,0.201077249049175,3.21835122919174,2.66543255659718,-0.575510593934976,-0.0504227156011093
16.0666666666667,127.405794929982,127,7.41025813664355,0.967145332221203,-1.0059073058793,0.183580603711198,3.18981893443567,1.86320717180172,-0.571455152959269,-0.0520644004023656
16.0833333333333,127.061260402544,127,7.41025813664355,0.161284508259816,-1.0274077457275,0.183580603711198,3.16142257146933,1.07901889357245,-0.566750415438963,-0.0536074778466526
16.1,126.708666500088,127,7.41025813664355,-0.590946282446288,-1.05228013858999,0.183580603711198,3.13320874196165,0.289605688391311,-0.56487888847706,-0.0552126604954314
16.1166666666667,126.348313954038,126,6.41025813664355,-1.29167955997989,-1.07558921829036,0.183580603711198,3.10517896637017,-0.484737272810875,-0.562643755728206,-0.0567231581803697
16.1333333333333,125.980594293275,126,6.41025813664355,-2.03702102431542,-1.09423010462899,0.183580603711198,3.07733466827303,-1.22970058134641,-0.557995671380007,-0.0580449570187217
16.15,125.605972056923,126,6.41025813664355,-2.72932961373731,-1.11426735657747,0.183580603711198,3.04967717710415,-1.97166773550629,-0.554810855718974,-0.0593736125987804
16.1666666666667,125.224968693418,125,5.41025813664355,-3.3709683906358,-1.13149494941604,0.183580603711198,3.02220773082541,-2.69260936739096,-0.550353198118575,-0.0605771688932666
16.1833333333333,124.838148251514,125,5.41025813664355,-4.05824439468777,-1.1433752275961,0.183580603711198,2.99492747853689,-3.38007983409113,-0.542935594163992,-0.0615805108700586
16.2,124.446104874702,125,5.41025813664355,-4.69369088988287,-1.15640670736668,0.183580603711198,2.96783748302668,-4.06198584748393,-0.536715030404988,-0.0625932601118711
16.2166666666667,124.049452038415,124,4.41025813664355,-5.27982033372613,-1.16670847343774,0.183580603711198,2.94093872326151,-4.72153387960259,-0.529169177766247,-0.063493624277867
16.2333333333333,123.64881342172,124,4.41025813664355,-5.91306620980926,-1.17197966159337,0.183580603711198,2.91423209681933,-5.34727229634775,-0.518769964216954,-0.0642135268478004
16.25,123.244815276619,123,3.41025813664355,-6.49606715177962,-1.17888446385908,0.183580603711198,2.88771842226519,-5.96789891756034,-0.509788959936006,-0.0649671492498139
16.2666666666667,122.838080143882,122,2.41025813664355,-7.12537317685974,-1.18365088805022,0.183580603711198,2.86139844147154,-6.5672416370439,-0.499782613907054,-0.06563531588137
16.2833333333333,122.429221760572,122,2.41025813664355,-7.79768224552496,-1.19185863180309,0.183580603711198,2.83527282188419,-7.17038093534121,-0.492343929299843,-0.0663949747452722
16.3,122.018841007916,121,1.41025813664355,-8.41588847153399,-1.20676646095244,0.183580603711198,2.80934215873499,-7.79445108898664,-0.4896054538747,-0.067344266503648
16.3166666666667,121.607522756534,121,1.41025813664355,-9.07678854743126,-1.22214643279707,0.183580603711198,2.78360697720252,-8.41449388586775,-0.487569401712136,-0.0682817134047059
16.3333333333333,121.195833477248,120,0.410258136643549,-9.68336655876167,-1.24185105296429,0.183580603711198,2.75806773452162,-9.04899342815721,-0.488725463737407,-0.0693276303121165
16.35,120.784319498477,119,-0.589741863356451,-10.3325004481826,-1.26014950924203,0.183580603711198,2.73272482204322,-9.67415259822793,-0.48937664020458,-0.0702989315035897
16.3666666666667,120.373505804493,118,-1.58974186335645,-11.0211988670706,-1.28130825096129,0.183580603711198,2.70757856724516,-10.3094503090687,-0.492264649627807,-0.0713310898687853
16.3833333333333,119.963895281922,117,-2.58974186335645,-11.7466012186122,-1.30775551439356,0.183580603711198,2.6826292356953,-10.9679904142388,-0.498973376768549,-0.0724973334351679
16.4,119.555968334389,117,-2.58974186335645,-12.5059775232223,-1.34060479207864,0.183580603711198,2.65787703296782,-11.6580469045234,-0.510251818425773,-0.073827188611288
16.4166666666667,119.150182297676,116,-3.58974186335645,-13.2027761663472,-1.38005577844125,0.183580603711198,2.63332210651375,-12.3842819572568,-0.526262656636574,-0.0753205498276296
16.4333333333333,118.746967659211,115,-4.58974186335645,-13.9343295278114,-1.41788193310454,0.183580603711198,2.60896454748666,-13.1126487268635,-0.541700925170938,-0.0767143203611767
16.45,118.346726374075,115,-4.58974186335645,-14.6980896662238,-1.45672569723482,0.183580603711198,2.58480439252457,-13.8551655747095,-0.558245328683904,-0.0780940444394839
16.4666666666667,117.949834007909,114,-5.58974186335645,-15.3976758885375,-1.49803914355634,0.183580603711198,2.56084162548888,-14.6196385290287,-0.576824602436714,-0.0795050555261815
16.4833333333333,117.556641957193,113,-6.58974186335645,-16.1305807474601,-1.53461643375663,0.183580603711198,2.53707617916143,-15.3746550200338,-0.592762242624098,-0.0807208818677255
16.5,117.167479490604,113,-6.58974186335645,-16.8944061068436,-1.56992712601132,0.183580603711198,2.51350793690036,-16.134435868301,-0.608249995247043,-0.0818563707768842
16.5166666666667,116.782655634294,112,-7.58974186335645,-17.5929111018639,-1.60608909378196,0.183580603711198,2.49013673425584,-16.9086241553644,-0.624633046440781,-0.0829800964123877
16.5333333333333,116.402460922744,112,-7.58974186335645,-18.323718533707,-1.63642827460563,0.183580603711198,2.46696236054649,-17.6673356134876,-0.637570723339752,-0.0838838264140021
16.55,116.02716903655,111,-8.58974186335645,-18.990599848289,-1.66483501907151,0.183580603711198,2.44398456039728,-18.4260588898333,-0.649523506491525,-0.0846965383193884
16.5666666666667,115.657038349288,111,-8.58974186335645,-19.6911819381023,-1.68593998030305,0.183580603711198,2.42120303523982,-19.1594334077577,-0.656978776874841,-0.0852536664706488
16.5833333333333,115.29231340773,111,-8.58974186335645,-20.3292329963246,-1.70457415743714,0.183580603711198,2.39861744477578,-19.8864171639798,-0.663000454217125,-0.0857149396426097
16.6,114.933226373654,111,-8.58974186335645,-20.9084186469845,-1.71602767227705,0.183580603711198,2.37622740840433,-20.5842814479304,-0.664504952463778,-0.0859366672359196
16.6166666666667,114.579998462193,110,-9.58974186335645,-21.4322955095151,-1.71775936186722,0.183580603711198,2.35403250661429,-21.2379018969289,-0.659780049706151,-0.0858480741323488
16.6333333333333,114.232841422707,110,-9.58974186335645,-21.9982570181148,-1.70877538801156,0.183580603711198,2.33203228234182,-21.8379250179895,-0.648101166387137,-0.0854293180022882
16.65,113.89195912635,110,-9.58974186335645,-22.5098219855884,-1.69696922697177,0.183580603711198,2.31022624229438,-22.415372340812,-0.63450648768517,-0.0849387097604588
16.6666666666667,113.557549355155,110,-9.58974186335645,-22.9703936985883,-1.67969251963001,0.183580603711198,2.28861385824167,-22.9564726555248,-0.617262720800412,-0.0842963595772954
16.6833333333333,113.229805940799,110,-9.58974186335645,-23.3832561880953,-1.65571127875876,0.183580603711198,2.26719456827434,-23.4526267833162,-0.595534489578635,-0.0834694333557597
16.7,112.908921498721,109,-10.5897418633565,-23.7515710225263,-1.62477835861062,0.183580603711198,2.24596777803108,-23.8991143563619,-0.569119407434826,-0.0824571342887428
16.7166666666667,112.59509119247,109,-10.5897418633565,-24.1723265423075,-1.5873084689697,0.183580603711198,2.22493286189489,-24.2940776151659,-0.538245557012645,-0.0812794121355391
16.7333333333333,112.288518361373,109,-10.5897418633565,-24.5486295163556,-1.55195051219626,0.183580603711198,2.20408916415909,-24.6737798199704,-0.508489240890949,-0.0802125035521849
16.75,111.989423778313,109,-10.5897418633565,-24.8834670272792,-1.51633939372683,0.183580603711198,2.18343600016386,-25.0279593401086,-0.47835234048568,-0.0791790034845573
16.7666666666667,111.698062862135,109,-10.5897418633565,-25.1797052483533,-1.47919210950967,0.183580603711198,2.16297265740386,-25.3502089724588,-0.447018435896338,-0.0781380399079002
16.7833333333333,111.414764167025,108,-11.5897418633565,-25.4400884781769,-1.43998738189748,0.183580603711198,2.14269839660757,-25.6370105205942,-0.41415473005343,-0.0770739799711788
16.8,111.140036980358,108,-11.5897418633565,-25.7611903696609,-1.39872190141929,0.183580603711198,2.12261245278907,-25.8869764465799,-0.379760565451744,-0.0759879231473461
16.8166666666667,110.874684065853,108,-11.5897418633565,-26.0457073508785,-1.3635434258077,0.183580603711198,2.10271403627281,-26.1363099051497,-0.349123684854514,-0.0751352882941349
16.8333333333333,110.619657060093,108,-11.5897418633565,-26.2962220609501,-1.33154729518391,0.183580603711198,2.08300233369188,-26.3743153939062,-0.320426227606663,-0.0744173579407051
16.85,110.375876340754,108,-11.5897418633565,-26.5152034796501,-1.30090470701419,0.183580603711198,2.06347650896052,-26.5938986503905,-0.292521751846228,-0.0737724826340877
16.8666666666667,110.144142288643,107,-12.5897418633565,-26.7050071315506,-1.27056485553102,0.183580603711198,2.04413570422141,-26.7906931921093,-0.264752041825499,-0.0731654773627469
16.8833333333333,109.925102049045,107,-12.5897418633565,-26.9618273155365,-1.24002625182524,0.183580603711198,2.02497904076818,-26.9623712705072,-0.236805861181599,-0.0725795480809482
16.9,109.719246014152,107,-12.5897418633565,-27.1879913706965,-1.21697926916073,0.183580603711198,2.00600561994382,-27.1441553578551,-0.213681897204804,-0.0722541202634178
16.9166666666667,109.526919100915,107,-12.5897418633565,-27.3857238145358,-1.19810788909731,0.183580603711198,1.98721452401553,-27.3243662709009,-0.193298755362316,-0.0720764838153516
16.9333333333333,109.348338368242,107,-12.5897418633565,-27.5571470442826,-1.18122010511689,0.183580603711198,1.96860481702641,-27.4949496668397,-0.174273979238621,-0.071972996926023
16.95,109.183612340617,107,-12.5897418633565,-27.7042819935154,-1.1649499574387,0.183580603711198,1.95017554562469,-27.6506207896302,-0.155741392640486,-0.0718984116293688
16.9666666666667,109.032759636638,106,-13.5897418633565,-27.8290492177851,-1.14852718863238,0.183580603711198,1.93192573987086,-27.7881872140044,-0.137209343819905,-0.0718276826590305
16.9833333333333,108.895725780289,106,-13.5897418633565,-28.0272218450521,-1.13160063536155,0.183580603711198,1.91385441402321,-27.9060151766625,-0.118451545429833,-0.0717497400623566
17,108.772397786696,106,-13.5897418633565,-28.2007204158809,-1.12192058222448,0.183580603711198,1.89596056730239,-28.0396635088452,-0.104494659420353,-0.0719067164601149
17.0166666666667,108.662616495842,106,-13.5897418633565,-28.3513774624794,-1.11617062341891,0.183580603711198,1.87824318463535,-28.1775277166817,-0.093247027706702,-0.0721866390463086
17.0333333333333,108.566186817067,106,-13.5897418633565,-28.4809385297242,-1.11212055963502,0.183580603711198,1.86070123737907,-28.3114411923898,-0.0832917686326955,-0.0725154057865484
17.05,108.482886127605,106,-13.5897418633565,-28.5910630420173,-1.10834496724477,0.183580603711198,1.84333368402478,-28.4358777000561,-0.0737145384431855,-0.0728466700750119
17.0666666666667,108.412471089127,106,-13.5897418633565,-28.6833255005408,-1.10400476120705,0.183580603711198,1.82613947088283,-28.5473183435383,-0.0639693425170812,-0.0731540444548012
17.0833333333333,108.354683136079,106,-13.5897418633565,-28.7592169690023,-1.09867892948563,0.183580603711198,1.80911753274879,-28.6437514062758,-0.0537747338958952,-0.0734251427767062
17.1,108.309252865033,106,-13.5897418633565,-28.8201468091107,-1.09223606262835,0.183580603711198,1.79226679355129,-28.7242792413797,-0.0430341858905681,-0.0736570731017527
17.1166666666667,108.275903524466,106,-13.5897418633565,-28.8674446300081,-1.08473730267545,0.183580603711198,1.7755861669818,-28.7888111560909,-0.0317756126981711,-0.0738530694867895
17.1333333333333,108.254353774306,106,-13.5897418633565,-28.902362418731,-1.07636396906154,0.183580603711198,1.75907455710698,-28.8378251533569,-0.0201059828506279,-0.0740200125605646
17.15,108.244319856706,106,-13.5897418633565,-28.926076821465,-1.06736445055866,0.183580603711198,1.74273085896383,-28.8721846111384,-0.00817776297866555,-0.0741666390089356
17.1666666666667,108.245517303556,106,-13.5897418633565,-28.939691547909,-1.05801603532408,0.183580603711198,1.72655395913817,-28.8929986186877,0.00383542467333667,-0.0743022808164959
17.1833333333333,108.257662729809,106,-13.5897418633565,-28.9442398734745,-1.04859823023064,0.183580603711198,1.71054273632676,-28.9015168494366,0.0157560221992898,-0.0744360080716274
17.2,108.280475733436,106,-13.5897418633565,-28.9406872163164,-1.03937483261951,0.183580603711198,1.69469606188342,-28.8990516161012,0.0274142983317208,-0.0745760757468514
17.2166666666667,108.313679486789,106,-13.5897418633565,-28.9299337683281,-1.03058259276162,0.183580603711198,1.6790128003496,-28.8869211946639,0.038655972798475,-0.0747295962818435
17.2333333333333,108.357000921939,106,-13.5897418633565,-28.9128171612421,-1.02242476866513,0.183580603711198,1.66349180996969,-28.8664096776227,0.0493467436973691,-0.0749023769820796
17.25,108.410170863205,106,-13.5897418633565,-28.8901151508592,-1.0150682470282,0.183580603711198,1.64813194319143,-28.8387395709668,0.0593745343794006,-0.0750988749906409
17.2666666666667,108.472924123462,106,-13.5897418633565,-28.8625483041893,-1.00864320206146,0.183580603711198,1.63293204715182,-28.8050541231728,0.0686500961264765,-0.0753222335419162
17.2833333333333,108.544999573961,107,-12.5897418633565,-28.8307826759288,-1.00324450151927,0.183580603711198,1.61789096414883,-28.7664070006883,0.0771064587374313,-0.0755743718947997
17.3,108.626140195362,107,-12.5897418633565,-28.7014809743167,-0.99895165875472,0.184628944956478,1.60301106034104,-28.7237597377447,0.0846787847266839,-0.0758561070957615
17.3166666666667,108.716093114478,107,-12.5897418633565,-28.5749756848921,-0.988519328966589,0.195061274744609,1.58840119599046,-28.6421423410891,0.0958280558499375,-0.0759231660386828
17.3333333333333,108.814609633961,107,-12.5897418633565,-28.4511872855624,-0.975752561680933,0.207828042030265,1.57414369160923,-28.5348671415707,0.107969322672221,-0.0758888020407788
17.35,108.921445254162,107,-12.5897418633565,-28.3296262754647,-0.963037353409687,0.220543250301511,1.56025473202331,-28.4120408941467,0.11955118861982,-0.0758280493593507
17.3666666666667,109.036359692267,107,-12.5897418633565,-28.2097666725763,-0.951744107956435,0.231836495754763,1.5467196176209,-28.2808982128857,0.12972746178971,-0.0757863116407752
17.3833333333333,109.15911689647,108,-11.5897418633565,-28.0911826293317,-0.942530058421724,0.241050545289474,1.53350707822782,-28.1463486980706,0.13813748230985,-0.0757876871422093
17.4,109.289484990725,108,-11.5897418633565,-27.87965831239,-0.935585419399549,0.247995184311649,1.5205790218997,-28.0115345656731,0.144730866887127,-0.0758419278779735
17.4166666666667,109.427236095264,108,-11.5897418633565,-27.6749078716493,-0.923338077508709,0.260242526202489,1.50796460293908,-27.842392480477,0.154346387340632,-0.0757058655113638
17.4333333333333,109.572146187428,108,-11.5897418633565,-27.4765376738733,-0.909408386987089,0.274172216724109,1.49571842363819,-27.6523498612512,0.1645711450235,-0.0754903507359356
17.45,109.723995045287,109,-10.5897418633565,-27.2839238796196,-0.896050937389841,0.287529666321357,1.48384666087883,-27.4513854556995,0.173953598134798,-0.0752670564885838
17.4666666666667,109.88256623913,109,-10.5897418633565,-27.002492530956,-0.884514848010124,0.299065755701074,1.47232673041039,-27.2465272994379,0.18173699371738,-0.0750781454572843
17.4833333333333,110.047647084539,109,-10.5897418633565,-26.7315507150145,-0.867871364541976,0.315709239169222,1.46118927834499,-27.0065126145627,0.192345047127044,-0.0747008768820176
17.5,110.219028488897,110,-9.58974186335645,-26.4703150751924,-0.850082729183278,0.33349787452792,1.45048232534129,-26.7466583798907,0.203157242363089,-0.0742576339642535
17.5166666666667,110.396504845052,110,-9.58974186335645,-26.1238720384958,-0.833540459931857,0.350040143779341,1.44020158099322,-26.4781188829496,0.212652462372614,-0.0738254204140697
17.5333333333333,110.579873943645,110,-9.58974186335645,-25.7911289696354,-0.812018681567231,0.371561922143967,1.43038078273167,-26.1726316608407,0.224798874278632,-0.0732036980984813
17.55,110.768936812792,111,-8.58974186335645,-25.4709150933826,-0.789861294112639,0.393719309598559,1.42106214645098,-25.8475602643721,0.236741981145805,-0.0725276029452451
17.5666666666667,110.963497624034,111,-8.58974186335645,-25.0679798357674,-0.769621288204295,0.413959315506903,1.41223115919201,-25.5153524339193,0.246875425771346,-0.0718802519989549
17.5833333333333,111.16336362727,111,-8.58974186335645,-24.6809589418515,-0.745094345281539,0.438486258429659,1.40390988899888,-25.1484800668559,0.259174111382968,-0.0710628703503979
17.6,111.368345015114,112,-7.58974186335645,-24.3084759401944,-0.720565883525819,0.463014720185379,1.39612924390646,-24.7646508080047,0.270840669663988,-0.0702097539915813
17.6166666666667,111.578254789371,112,-7.58974186335645,-23.8551330271402,-0.698492334167279,0.485088269543919,1.38886473000417,-24.376402384755,0.280347686631621,-0.0694018301658972
17.6333333333333,111.792908597457,113,-6.58974186335645,-23.4194661637479,-0.672562145283907,0.511018458427291,1.382130153884,-23.9561455780279,0.291752603984245,-0.0684376257120016
17.65,112.012124595544,113,-6.58974186335645,-22.9060833121214,-0.64695914761278,1.1835806037112,1.37594991428496,-23.5214490784534,0.302333712787312,-0.0674487504108437
17.6666666666667,112.235723257992,113,-6.58974186335645,-22.3908101484954,-0.667610855399549,1.1835806037112,1.38082274950238,-23.0730030967532,0.260039716408038,-0.066242313210647
17.6833333333333,112.463526324098,114,-5.58974186335645,-21.853167422268,-0.680172238563546,1.1835806037112,1.38581104002832,-22.6321620296057,0.223768232623414,-0.0648036773729032
17.7,112.695354107056,114,-5.58974186335645,-21.2042932778887,-0.682140659560829,1.1835806037112,1.39090977876921,-22.1825150821418,0.195193079893138,-0.063063581239963
17.7166666666667,112.93102342745,114,-5.58974186335645,-20.5486120123583,-0.664979013942422,1.1835806037112,1.39611409035956,-21.6784834561969,0.179918745586905,-0.0607670516610627
17.7333333333333,113.170346739364,114,-5.58974186335645,-19.8900999134642,-0.632586158691862,1.1835806037112,1.40141922821131,-21.1274644725903,0.175544162628796,-0.0580565221966436
17.75,113.413131980779,115,-4.58974186335645,-19.232313986103,-0.588625431979402,1.1835806037112,1.4068205716241,-20.537521187114,0.17978121984259,-0.0550621098132952
17.7666666666667,113.659182849756,115,-4.58974186335645,-18.4844686011701,-0.536426941182366,1.1835806037112,1.41231362295537,-19.9168705380017,0.19052225659532,-0.0518989623764381
17.7833333333333,113.908299327279,115,-4.58974186335645,-17.7491694471773,-0.471118184484015,1.1835806037112,1.41789400484906,-19.2374715743744,0.210949965388987,-0.0484221946015962
17.8,114.160278335691,115,-4.58974186335645,-17.0286768814606,-0.398671069316917,1.1835806037112,1.42355745752171,-18.5188128876376,0.237247150611543,-0.0448306276860219
17.8166666666667,114.414914462034,115,-4.58974186335645,-16.324931933926,-0.323676990289895,1.1835806037112,1.42929983610494,-17.77690554263,0.26643985566463,-0.0412729084410495
17.8333333333333,114.672000700516,115,-4.58974186335645,-15.6395815248288,-0.249592197731315,1.1835806037112,1.43511710804306,-17.0248000774706,0.29625223213505,-0.037856914843129
17.85,114.931329184299,115,-4.58974186335645,-14.9740023857743,-0.178945947097957,1.1835806037112,1.44100535054485,-16.2730347232302,0.324982830581986,-0.034657676836204
17.8666666666667,115.192691887367,115,-4.58974186335645,-14.329323707229,-0.113516410018746,1.1835806037112,1.44696074808834,-15.5300229951135,0.351399522090499,-0.0317240183319216
17.8833333333333,115.455881284452,115,-4.58974186335645,-13.7064485395718,-0.0544787454700126,1.1835806037112,1.45297958997759,-14.8023880048067,0.37465057514326,-0.029084101239428
17.9,115.720690961942,115,-4.58974186335645,-13.1060739779247,-0.00252920204118378,1.1835806037112,1.45905826795047,-14.0952500881628,0.394189700031656,-0.0267500297880177
17.9166666666667,115.986916176167,115,-4.58974186335645,-12.528710163702,0.0420113530802106,1.1835806037112,1.46519327383633,-13.4124736386344,0.409713133785646,-0.0247216532212838
17.9333333333333,116.254354357894,115,-4.58974186335645,-11.9746981380687,0.0791115089716396,1.1835806037112,1.47138119726268,-12.7568783872896,0.421107073684139,-0.0229896869662365
17.95,116.522805563503,114,-5.58974186335645,-11.4442265843264,0.10895840071155,1.1835806037112,1.47761872340985,-12.1304197753573,0.42840397831791,-0.0215382564361563
17.9666666666667,116.792072874478,114,-5.58974186335645,-11.0312989856134,0.131899563275515,1.1835806037112,1.48390263081269,-11.5343425240613,0.431746443576501,-0.0203469535338239
17.9833333333333,117.061962747582,114,-5.58974186335645,-10.6360413107078,0.140579152041273,1.1835806037112,1.49022978920838,-11.0053631134171,0.426286652869644,-0.0196363928361742
18,117.332285318554,114,-5.58974186335645,-10.2584781620141,0.138967254125625,1.1835806037112,1.49659715742942,-10.531749767011,0.414470590890443,-0.0192656803389201
18.0166666666667,117.602854662442,114,-5.58974186335645,-9.89854417090564,0.130102041672595,1.1835806037112,1.50300178134092,-10.1042683041272,0.398178578787141,-0.0191279404123951
18.0333333333333,117.873489013776,114,-5.58974186335645,-9.55609412325355,0.116293058538558,1.1835806037112,1.5094407918213,-9.71565551932221,0.378847586684584,-0.0191427886546377
18.05,118.144010949832,114,-5.58974186335645,-9.23091237559282,0.0992826007799668,1.1835806037112,1.51591140278551,-9.36019762488054,0.357568496872117,-0.0192503733242713
18.0666666666667,118.414247540165,114,-5.58974186335645,-8.92272159276342,0.0803734030877081,1.1835806037112,1.52241090925002,-9.03339384446659,0.335163196833312,-0.0194066748778473
18.0833333333333,118.684030465473,114,-5.58974186335645,-8.63119083785332,0.0605293031624937,1.1835806037112,1.52893668543856,-8.73168886931725,0.312245471434698,-0.019579811900289
18.1,118.953196108739,114,-5.58974186335645,-8.35594304510585,0.0404542943172509,1.1835806037112,1.53548618292804,-8.45226087286796,0.289268917371786,-0.0197471497711499
18.1166666666667,119.221585621414,114,-5.58974186335645,-8.09656190615706,0.0206543444810449,1.1835806037112,1.5420569288336,-8.19285423544741,0.266564491816731,-0.0198930476453569
18.1333333333333,119.489044967255,114,-5.58974186335645,-7.85259819955432,0.00148551677936228,1.1835806037112,1.54864652403225,-7.95164814884059,0.244369807419493,-0.0200071113110821
18.15,119.755424923533,114,-5.58974186335645,-7.62357559299036,-0.0168087605501572,1.1835806037112,1.55525264142404,-7.7271539269308,0.222851877736355,-0.0200828455146949
18.1666666666667,120.020580282755,114,-5.58974186335645,-7.40899594708106,-0.0340689867201914,1.1835806037112,1.56187302423038,-7.5181352062713,0.202124684526001,-0.0201166204837671
18.1833333333333,120.28436819384,114,-5.58974186335645,-7.20834414883316,-0.0501976099089491,1.1835806037112,1.56850548432838,-7.32354633157474,0.182262667702477,-0.0201068845173668
18.2,120.546648158743,114,-5.58974186335645,-7.02109250220158,-0.0651423128881843,1.1835806037112,1.57514790062074,-7.1424851290919,0.163311018939007,-0.0200535683769844
18.2166666666667,120.807282457775,115,-4.58974186335645,-6.84670470233538,-0.0788833962555098,1.1835806037112,1.58179821744045,-6.97415701159424,0.145293481788637,-0.0199576384015121
18.2333333333333,121.066136501769,115,-4.58974186335645,-6.59068793134854,-0.0914243336122168,1.1835806037112,1.58845444298947,-6.81784796191263,0.12821821714776,-0.0198207642794849
18.25,121.323079121595,115,-4.58974186335645,-6.35230302726734,-0.094968320517017,1.1835806037112,1.59511464781084,-6.63685233593615,0.117153052376525,-0.0194011653201844
18.2666666666667,121.577982804879,115,-4.58974186335645,-6.13080485639531,-0.0929806520996588,1.1835806037112,1.60177696329348,-6.44248849794912,0.109920297496128,-0.0188172680634289
18.2833333333333,121.830723888136,115,-4.58974186335645,-5.92544616781876,-0.0879576831301583,1.1835806037112,1.60843958020908,-6.24323546430248,0.104938999591642,-0.0181530703810999
18.3,122.081182370198,115,-4.58974186335645,-5.73548151042278,-0.0816515600899703,1.1835806037112,1.61510074728033,-6.04533034076013,0.101088664091163,-0.0174663605431091
18.3166666666667,122.329378570894,116,-3.58974186335645,-5.5601707142386,-0.0752484843970012,1.1835806037112,1.62175876978003,-5.85325036021429,0.0976008079028844,-0.0167952003954319
18.3333333333333,122.575657180225,116,-3.58974186335645,-5.3048304784993,-0.0695094246957062,1.1835806037112,1.62841200816019,-5.67010066581811,0.0939730544286113,-0.0161630109703664
18.35,122.8203495274,116,-3.58974186335645,-5.06854402217452,-0.0570641235514166,1.1835806037112,1.63505887671085,-5.46187315536921,0.0949723135781117,-0.0153386271256949
18.3666666666667,123.063717135431,116,-3.58974186335645,-4.85040093094831,-0.0415647608119925,1.1835806037112,1.64169784224774,-5.2417252847532,0.098273338656642,-0.0144431996774427
18.3833333333333,123.305963487593,117,-2.58974186335645,-4.64950048271485,-0.025525326629577,1.1835806037112,1.6483274228283,-5.01932501028798,0.102257366050932,-0.0135580389998679
18.4,123.547243854846,117,-2.58974186335645,-4.37100354704752,-0.0106001861196445,1.1835806037112,1.65494618649558,-4.80161228337325,0.105842297409785,-0.0127347091013393
18.4166666666667,123.787673506217,117,-2.58974186335645,-4.1138424899194,0.0100133832285587,1.1835806037112,1.66155275004921,-4.55735747902612,0.113419584718164,-0.0117590012695751
18.4333333333333,124.027334570288,118,-1.58974186335645,-3.87696122262041,0.0323365575416376,1.1835806037112,1.66814577784321,-4.30167954276478,0.122440682250337,-0.010760883273141
18.45,124.266281771128,118,-1.58974186335645,-3.56536719372378,0.053703493228701,1.1835806037112,1.67472398060982,-4.0455814262143,0.131174976298591,-0.00982469466544765
18.4666666666667,124.50454722473,119,-0.589741863356451,-3.27784183867208,0.0802481693571379,1.1835806037112,1.68128611430896,-3.76081045766449,0.143579253448439,-0.00875713088263806
18.4833333333333,124.742144450968,119,-0.589741863356451,-2.91922961398794,0.107578819785312,1.1835806037112,1.68783097900279,-3.46461833217031,0.156830979167362,-0.00770032397661586
18.5,124.979071730296,119,-0.589741863356451,-2.58814883513017,0.140620987071618,1.1835806037112,1.6943574177548,-3.13343747816076,0.174115392337913,-0.00650055743472653
18.5166666666667,125.215314912893,120,0.410258136643549,-2.2832330172638,0.174167695280459,1.1835806037112,1.70086431555302,-2.78797737284672,0.192083168656172,-0.00532586395236684
18.5333333333333,125.450849770081,120,0.410258136643549,-1.90918400029415,0.204808136087731,1.1835806037112,1.70735059825677,-2.44322290707365,0.208506843899854,-0.00428218740640505
18.55,125.685643962907,121,1.41025813664355,-1.5644833844463,0.238285064836615,1.1835806037112,1.7138152315665,-2.07366409783717,0.227070723990556,-0.00318598954657358
18.5666666666667,125.919658690427,121,1.41025813664355,-1.15368241455604,0.270068893963247,1.1835806037112,1.72025722001633,-1.69834958534566,0.244842207312243,-0.00218088324963384
18.5833333333333,126.152850069821,121,1.41025813664355,-0.775113542708082,0.305123601524457,1.1835806037112,1.72667560598864,-1.29479520441903,0.265010990376573,-0.00110905150720505
18.6,126.385170291912,122,2.41025813664355,-0.427132378567005,0.338398162571764,1.1835806037112,1.73306946875047,-0.884263080389169,0.28431004156991,-0.000130879968844657
18.6166666666667,126.616568588449,122,2.41025813664355,-0.0141713182979246,0.366711029053945,1.1835806037112,1.73943792351116,-0.481903041180399,0.300644211985223,0.000657371674411153
18.6333333333333,126.846992041551,123,3.41025813664355,0.365548612613216,0.396074738410745,1.1835806037112,1.74578012050076,-0.0620935357886495,0.317859335244986,0.00144986337097162
18.65,127.076386260691,123,3.41025813664355,0.807727555952425,0.422246135308012,1.1835806037112,1.75209524406892,0.356419089996343,0.333198231939862,0.0021137591811885
18.6666666666667,127.304695948484,124,4.41025813664355,1.21427501912009,0.450475320696638,1.1835806037112,1.75838251180378,0.796546469493886,0.350028877745619,0.00281726973322696
18.6833333333333,127.531865373024,124,4.41025813664355,1.68101924624824,0.475985438082242,1.1835806037112,1.7646411736703,1.23752958452083,0.365257650316558,0.00340966642076382
18.7,127.757838761651,124,4.41025813664355,2.10999504941673,0.503666000114617,1.1835806037112,1.77087051116793,1.70081253744441,0.382023626876225,0.00404730525667305
18.7166666666667,127.982560628599,124,4.41025813664355,2.50320137852829,0.52850897518649,1.1835806037112,1.77706983650694,2.16459212927834,0.397085129772487,0.00457206485802443
18.7333333333333,128.205976046969,125,5.41025813664355,2.8625958396267,0.547451535487412,1.1835806037112,1.7832384918032,2.61354236023078,0.40842221405372,0.00489223832918561
18.75,128.428030873761,125,5.41025813664355,3.28404103031841,0.558853181539993,1.1835806037112,1.78937584829093,3.03731716395301,0.414915317640046,0.00496386536176814
18.7666666666667,128.648671935322,125,5.41025813664355,3.66959322711667,0.569907241557883,1.1835806037112,1.79548130555312,3.46541318461713,0.421166117918274,0.00502030692664633
18.7833333333333,128.867847179371,125,5.41025813664355,4.02126125379119,0.577262332249802,1.1835806037112,1.80155429076919,3.88219897460191,0.424996081394278,0.0049575091657156
18.8,129.085505798774,125,5.41025813664355,4.34100221386035,0.579013142825861,1.1835806037112,1.80759425797963,4.27702793828805,0.425138662795857,0.00472031907153124
18.8166666666667,129.301598331437,125,5.41025813664355,4.63071747116304,0.574295307090443,1.1835806037112,1.81360068736712,4.64305488449955,0.42098954625117,0.00428810669184111
18.8333333333333,129.516076739974,125,5.41025813664355,4.8922493433533,0.562973693039627,1.1835806037112,1.81957308455394,4.9762995484354,0.412413520866987,0.00366380638578646
18.85,129.728894474251,124,4.41025813664355,5.1273784469505,0.545404834695521,1.1835806037112,1.82551097991522,5.27490927947802,0.399596449205283,0.00286565676510684
18.8666666666667,129.940006519402,124,4.41025813664355,5.24387014813203,0.522257934252219,1.1835806037112,1.8314139279078,5.53858188579041,0.382932984011893,0.00192105942791347
18.8833333333333,130.149369431527,124,4.41025813664355,5.34317999152951,0.486565442294884,1.1835806037112,1.83728150641427,5.73206476596764,0.357871610884004,0.000618181769418348
18.9,130.356941362923,124,4.41025813664355,5.42669016206557,0.442693549511069,1.1835806037112,1.84311331610195,5.86883907766124,0.327161105077178,-0.000893414489947688
18.9166666666667,130.562682078434,124,4.41025813664355,5.49571018745181,0.394045727018802,1.1835806037112,1.84890897979647,5.96000241268189,0.29296592613229,-0.00249950411000085
18.9333333333333,130.766552964246,124,4.41025813664355,5.55147839462001,0.343242421197405,1.1835806037112,1.85466814186964,6.01467379440975,0.256972831801049,-0.00411436263334771
18.95,130.968517030266,124,4.41025813664355,5.5951635587106,0.292269822657974,1.1835806037112,1.86039046764135,6.04033189487137,0.220479400862927,-0.00567513110814995
18.9666666666667,131.168538907042,124,4.41025813664355,5.62786671550273,0.242602795044298,1.1835806037112,1.86607564279515,6.04309720903227,0.18446741346483,-0.00713718141697059
18.9833333333333,131.36658483805,124,4.41025813664355,5.65062311053673,0.195306236656036,1.1835806037112,1.87172337280726,6.02796723277349,0.149663569190174,-0.00847031457976855
19,131.562622668043,125,5.41025813664355,5.66440426041986,0.151118462480785,1.1835806037112,1.87733338238873,5.99901226188921,0.116589627703491,-0.00965565151262201
19.0166666666667,131.75662182806,125,5.41025813664355,5.76407159184187,0.110519616471969,1.1835806037112,1.88290541494044,5.95953822221464,0.0856037232838469,-0.0106830985538478
19.0333333333333,131.948553317612,126,6.41025813664355,5.85067171112859,0.0816040836438237,1.1835806037112,1.88843923202072,5.94827401805491,0.0620051990119998,-0.0113053799541769
19.05,132.138389684469,127,7.41025813664355,6.01915266746461,0.0610586044546323,1.1835806037112,1.8939346128253,5.95545335160812,0.0437540279651796,-0.0116402088890864
19.0666666666667,132.326105002441,128,8.41025813664355,6.2646094984981,0.0542431013991013,1.1835806037112,1.89939135367931,6.00981249561959,0.0344043275489336,-0.0115305304915284
19.0833333333333,132.511674847463,129,9.41025813664355,6.58229193983977,0.063742190755549,1.1835806037112,1.9048092675411,6.13008396245406,0.0357473568720042,-0.0109116853251918
19.1,132.695076272276,130,10.4102581366435,6.96761100344167,0.0901854133695895,1.1835806037112,1.91018818351765,6.32744726618412,0.048319226838603,-0.00978252061353519
19.1166666666667,132.876287779928,131,11.4102581366435,7.41614404360336,0.132873376579771,1.31645398029097,1.91552794639125,6.60745960141914,0.0717906313413443,-0.00818357264214968
19.1333333333333,133.055289289984,132,12.4102581366435,7.92825805330473,0.177363859554722,1.36094446326592,1.92346657586469,6.96575403387093,0.091305036642507,-0.00617444466999598
19.15,133.232061948214,134,14.4102581366435,8.50548240327287,0.231751459635516,1.41533206334671,1.93220006300977,7.39765638159038,0.116130661106715,-0.00379225715605514
19.1666666666667,133.406587579125,135,15.4102581366435,9.24010187414904,0.29473884932542,1.47831945303662,1.94188156296743,7.90394474295501,0.145210137925383,-0.00106628461345025
19.1833333333333,133.578848005045,136,16.4102581366435,10.0311551938492,0.372427481835536,1.55600808554673,1.95270936255971,8.51959335803564,0.182185198601497,0.00221329618757282
19.2,133.748824297942,137,17.4102581366435,10.8783150717157,0.459679485031011,1.64326008874221,1.9648818240998,9.23034512058963,0.223463945187293,0.00589831663768938
19.2166666666667,133.916495919671,138,18.4102581366435,11.7818532953765,0.552856017681228,1.73643662139243,1.97852433795862,10.024532618354,0.266547202794805,0.00988167487562952
19.2333333333333,134.081839868565,139,19.4102581366435,12.7422701661308,0.649541693224466,1.83312229693566,1.99371197677961,10.8931505979942,0.3098103520082,0.0140906777472389
19.25,134.244829747884,140,20.4102581366435,13.7600574882892,0.748256582873144,1.93183718658434,2.01048741931328,11.8295922165338,0.352286042767405,0.0184795295328867
19.2666666666667,134.405434768477,141,21.4102581366435,14.8355622000401,0.848193406286245,2.03177400999744,2.02887427308567,12.8292295910317,0.393471555943293,0.0230221861425659
19.2833333333333,134.563618756147,142,22.4102581366435,15.9689212697394,0.948997868723311,2.13257847243451,2.04888637922807,13.888955603841,0.433171190582881,0.0277062068751649
19.3,134.719339206173,143,23.4102581366435,17.1600437006493,1.05059725873177,2.23417786244297,2.07053386858573,15.0067558261178,0.471375509579916,0.0325278416981737
19.3166666666667,134.872546408836,144,24.4102581366435,18.4086210547966,1.15307476065083,2.33665536436203,2.09382675522149,16.1813452116592,0.508174355350106,0.0374883479521171
19.3333333333333,135.023182658489,145,25.4102581366435,19.7141530474453,1.25658299084934,2.44016359456054,2.11877677535718,17.4118814724866,0.543698173933399,0.0425913963334675
19.35,135.171181551706,145,25.4102581366435,21.0759790971178,1.36128881061218,2.54486941432338,2.14539805792352,18.6977531683305,0.578081483377313,0.0478413675955938
19.3666666666667,135.316467375605,146,26.4102581366435,22.3993586339579,1.46734154878293,2.65092215249413,2.17370708039359,20.0384330986512,0.611442620074876,0.0532423312453317
19.3833333333333,135.458954584647,147,27.4102581366435,23.7832068988165,1.56737464110858,2.75095524481978,2.20365431859222,21.3974448701488,0.639164574515411,0.0585535093343312
19.4,135.598547362483,147,27.4102581366435,25.22609672562,1.66532129404152,2.84890189775272,2.23516893279508,22.7865907445402,0.663941605486506,0.0638920317718662
19.4166666666667,135.73513926437,148,28.4102581366435,26.6322332687298,1.76376787980484,2.94734848351604,2.26823365234893,24.2146662849017,0.687507900234101,0.069337003024712
19.4333333333333,135.868612935141,148,28.4102581366435,28.0994411497355,1.85678066025281,3.04036126396401,2.3027970596224,25.6517792495824,0.70616197932482,0.0746935313929039
19.45,135.998839897489,148,28.4102581366435,29.5313580711367,1.9490125973836,3.1325932010948,2.33880405501916,27.1140771164927,0.723025639033137,0.0801034557437429
19.4666666666667,136.125680405324,149,29.4102581366435,30.9311841981146,2.03581372969963,3.21939433341083,2.37619302086621,28.5770474800214,0.735233937520608,0.0854121631765727
19.4833333333333,136.248983360307,149,29.4102581366435,32.3956650311812,2.11506318768909,3.29864379140029,2.41484711122073,30.0245996495258,0.741637882634654,0.0905409078766373
19.5,136.368586360519,149,29.4102581366435,33.8271806012615,2.19376165444403,3.37734225815523,2.45469658487339,31.482935155588,0.746882117501902,0.095705554772819
19.5166666666667,136.484315939334,149,29.4102581366435,35.2277338120628,2.26853738075284,3.45211798446404,2.49569495840948,32.934428120469,0.74888656837828,0.100794067894679
19.5333333333333,136.595987808701,149,29.4102581366435,36.5991066678308,2.33781553638362,3.52139614009482,2.53775539406177,34.3673790161754,0.746792205360997,0.105748217008752
19.55,136.703407132072,149,29.4102581366435,37.9427043546107,2.40119525449535,3.58477585820655,2.5807752386358,35.7745937793187,0.740517803331352,0.110545950829343
19.5666666666667,136.806368995697,148,28.4102581366435,39.2595210413202,2.45897521160463,3.64255581531583,2.62465145221217,37.1521086979754,0.730428474810586,0.115187658985732
19.5833333333333,136.904658978835,148,28.4102581366435,40.4562248109741,2.51181395784258,3.69539456155378,2.66928929281409,38.4981372199749,0.717102770405511,0.119686108007978
19.6,136.998053677861,148,28.4102581366435,41.6329355812443,2.5530193545758,3.736599958287,2.71453839172105,39.7763163803905,0.696469955534521,0.123815518350753
19.6166666666667,137.08632131776,147,27.4102581366435,42.7892842025828,2.58722844571115,3.77080904942235,2.76023899281213,40.9993966928871,0.67176718053132,0.127710107974411
19.6333333333333,137.169222470728,146,26.4102581366435,43.8304457077796,2.61768232787359,3.80126293158478,2.806296627284,42.1775784216594,0.645218528265517,0.131465614981732
19.65,137.246510900468,146,26.4102581366435,44.761226859618,2.63901468161925,3.82259528533045,2.85259323259593,43.2825814711255,0.613537323433407,0.134901984960039
19.6666666666667,137.317934563093,145,25.4102581366435,45.6799598858396,2.64886384229608,3.83244444600727,2.8989481280011,44.2962825715871,0.575470499108668,0.137929561460961
19.6833333333333,137.383236632627,145,25.4102581366435,46.4905529002671,2.65429062739504,3.83787123110624,2.94522675233657,45.2441564780715,0.53575298621902,0.140762839563083
19.7,137.442156556487,144,24.4102581366435,47.2904223592883,2.65215414441017,3.83573474812136,2.99132069256424,46.1087823842304,0.492499126224427,0.14329414625389
19.7166666666667,137.494431061723,144,24.4102581366435,47.9829524221762,2.64867297753324,3.83225358124444,3.03715403518177,46.9152348064598,0.449796635776436,0.145716619757403
19.7333333333333,137.539795222726,143,23.4102581366435,48.6653311080283,2.63992250178051,3.82350310549171,3.08266342748322,47.6451509749035,0.405175509522857,0.147901790824265
19.75,137.577983595938,143,23.4102581366435,49.2409222492794,2.63145660654949,3.81503721026069,3.1278059514748,48.3224902500184,0.362237782616242,0.150024650567225
19.7666666666667,137.608731432955,142,22.4102581366435,49.8070288977686,2.61882515777691,3.80240576148811,3.17254136006966,48.9278228390221,0.318135235197183,0.151942087497027
19.7833333333333,137.63177599648,142,22.4102581366435,50.2672087364762,2.60719133447756,3.79077193818876,3.21684224358751,49.484204679778,0.276192075988226,0.15381803544985
19.8,137.646857772839,141,21.4102581366435,50.7189962090299,2.5918316498071,3.7754122535183,3.26067836792112,49.9715103691974,0.233367589857246,0.155501553683369
19.8166666666667,137.653721522017,141,21.4102581366435,51.0661897025722,2.57773058238852,3.76131118609971,3.30402860346844,50.4123080333336,0.192861036360413,0.157151416380026
19.8333333333333,137.652117199227,140,20.4102581366435,51.4065558219756,2.56005751392391,3.74363811763511,3.3468666417899,50.7861678585267,0.151556985641128,0.158613585280062
19.85,137.64180084312,140,20.4102581366435,51.6441064621218,2.54374063806847,3.72732124177966,3.38917393732663,51.1155018481324,0.112615093325249,0.160045232295637
19.8666666666667,137.622535507255,139,19.4102581366435,51.8767984046133,2.52392678609518,3.70750738980638,3.43092612192686,51.3798352623699,0.0729032038739312,0.161291730787009
19.8833333333333,137.594092064343,139,19.4102581366435,52.0088092661433,2.50554212245067,3.68912272616187,3.47210639262287,51.6016123507929,0.0355778504983355,0.16251029765829
19.9,137.556249918042,139,19.4102581366435,52.1382380928906,2.51162892192079,2.94172084905575,3.50703890990112,51.7663673247279,0.0276538091221602,0.163544450161525
19.9166666666667,137.50879777518,138,18.4102581366435,52.2381079123795,2.54699614282958,2.9664779036919,3.53530273058563,51.9338236436739,0.0527374058411242,0.16446799011202
19.9333333333333,137.451535421524,138,18.4102581366435,52.1922442061893,2.57494044688782,2.98603891653267,3.56368408759424,52.0948914522231,0.0724160882268748,0.165181463955892
19.95,137.384277390411,137,17.4102581366435,52.1073908547661,2.58462141941337,2.99281559730056,3.59202785060931,52.1920078233911,0.0799421924763675,0.165330471588831
19.9666666666667,137.306855738737,137,17.4102581366435,51.8951743475949,2.57896584818501,2.9888566974407,3.62013872365796,52.2252682232181,0.0774903936188852,0.164996598317462
19.9833333333333,137.219121195781,137,17.4102581366435,51.6597189439873,2.55360015351291,2.97110071117023,3.6478096691477,52.1625884235197,0.0625417943460774,0.164028688829642
20,137.120943435794,136,16.4102581366435,51.4039642070391,2.51533301070073,2.94431371120171,3.67485315722953,52.0220766718183,0.0397478639545373,0.162632773833853
20.0166666666667,137.012377977934,136,16.4102581366435,51.0358875959894,2.46940093515707,2.91216125832115,3.701151808141,51.8196554238622,0.012641119133494,0.160969075411064
20.0333333333333,136.895122818536,136,16.4102581366435,50.6566040541557,2.41206546459288,2.87202642892621,3.72659313234875,51.5326668202399,-0.021039071512209,0.158912625395396
20.05,136.772345905104,136,16.4102581366435,50.2666999803049,2.34974653182318,2.82840317598742,3.75108520846047,51.1840848877086,-0.0570406033541975,0.156662994149963
20.0666666666667,136.645382365638,135,15.4102581366435,49.8663533176468,2.28673843118851,2.78429750554315,3.77459825269688,50.7916223587614,-0.0925720143293197,0.154355748357027
20.0833333333333,136.514233934273,135,15.4102581366435,49.3616854023611,2.22571068546291,2.74157808353523,3.79714282596377,50.3684514499459,-0.125946584169402,0.152077069160317
20.1,136.380498139807,135,15.4102581366435,48.8526477900688,2.16056756015557,2.6959778958201,3.81870558664453,49.8880689596664,-0.161090095280317,0.149632817056174
20.1166666666667,136.246991874176,135,15.4102581366435,48.3391670624519,2.09571232173201,2.65057922892361,3.83926823497978,49.3693332004513,-0.195156352303763,0.147162650658799
20.1333333333333,136.116862372972,135,15.4102581366435,47.8211072374949,2.03380653160817,2.60724517583692,3.85885333992727,48.8260696642442,-0.226479654634501,0.144753139962186
20.15,135.99325325289,135,15.4102581366435,47.2984484789644,1.97625950810368,2.56696225938377,3.87750697119616,48.26805481411,-0.254233324719576,0.142452301837905
20.1666666666667,135.879238253867,134,14.4102581366435,46.7713731801886,1.92362731776651,2.53011972614776,3.89528650174964,47.7019575568161,-0.278154510923286,0.140281573756862
20.1833333333333,135.777915262996,134,14.4102581366435,46.1463391446598,1.87592216720966,2.49672612075796,3.91225252679895,47.1321675105148,-0.298333012776481,0.138245186542044
20.2,135.692792278356,134,14.4102581366435,45.5237735353555,1.82526005382898,2.46126264139148,3.92841596001379,46.5255071510996,-0.319873023327627,0.136093181805709
20.2166666666667,135.628944147349,134,14.4102581366435,44.9040924139476,1.77492140149656,2.42602558475879,3.94376589166658,45.8959805669346,-0.340653444524431,0.133929592038643
20.2333333333333,135.595986984915,134,14.4102581366435,44.2875886674427,1.72693067594964,2.39243207687595,3.95832209351755,45.2540405480557,-0.359406220848265,0.131820238022088
20.25,135.613683997674,134,14.4102581366435,43.6745725566846,1.68239687644297,2.36125841722128,3.97212241547202,44.6072368977752,-0.375477978199573,0.129802807925576
20.2666666666667,135.716096545537,134,14.4102581366435,43.0654442232437,1.64179525522166,2.33283728236636,3.98521380502849,43.9608559652897,-0.388635140232996,0.127895288971246
20.2833333333333,135.943502681296,135,15.4102581366435,42.4607202981384,1.60518871473396,2.30721270402497,3.99764625169542,43.318494840752,-0.398912393635044,0.126102657760287
20.3,136.324545417756,135,15.4102581366435,41.9549831686148,1.57239368119152,2.28425618054526,4.00946897978921,42.6825438920482,-0.406500340411485,0.124421939552331
20.3166666666667,136.868252441129,135,15.4102581366435,41.449155517468,1.55067954182033,2.26905628298543,4.02077623466813,42.0905440604594,-0.406850023061058,0.123089830886915
20.3333333333333,137.569328722583,135,15.4102581366435,40.9444212848635,1.53594874591735,2.25874472585334,4.03167571692722,41.531268357942,-0.402752495868565,0.121981978411843
20.35,138.414703551294,136,16.4102581366435,40.4422678476426,1.5253141196918,2.25130048749546,4.04223465055919,40.996067630011,-0.396157736583151,0.121010107707805
20.3666666666667,139.385122999586,136,16.4102581366435,40.0382277859632,1.51685250550287,2.24537735756321,4.05249243140362,40.4786554637824,-0.388352854952217,0.120114957597894
20.3833333333333,140.460958261831,137,17.4102581366435,39.6340373212239,1.51695317221298,2.24544782426029,4.06251842224666,40.0107291406286,-0.375310811778297,0.119503450630095
20.4,141.623389795891,138,18.4102581366435,39.3254561687374,1.52121521243042,2.24843125241249,4.0723886800344,39.5773601006438,-0.359964436156702,0.119039466378707
20.4166666666667,142.854239653753,138,18.4102581366435,39.1085431353439,1.53438929122182,2.25765310756647,4.08218540028411,39.203717320392,-0.339356643455175,0.118878370121961
20.4333333333333,144.135770879216,139,19.4102581366435,38.8857002392812,1.55865410149152,2.27463847475526,4.09203017862352,38.9061257969602,-0.312241465419749,0.119095854094747
20.45,145.450492821629,140,20.4102581366435,38.753533408751,1.58690103077782,2.29441132525567,4.10201131463924,38.6582603955196,-0.283305935524873,0.1194700524483
20.4666666666667,146.781027143316,141,21.4102581366435,38.708936560656,1.6222928219199,2.31918557905512,4.11219847543153,38.4772153715257,-0.250590194949858,0.120104797315124
20.4833333333333,148.110101738521,142,22.4102581366435,38.7489801952823,1.66621438725692,2.34993067479104,4.12268705154911,38.3738761650131,-0.213314976006849,0.121048760632781
20.5,149.420735566997,143,23.4102581366435,38.8710167707987,1.71887662280309,2.38679423967336,4.13358108274409,38.3544450316331,-0.17146741116339,0.122313664591154
20.5166666666667,150.696643253647,143,23.4102581366435,39.0727016549699,1.77977463530279,2.42942284842315,4.14498235197312,38.4217454238724,-0.125490025889665,0.12388823249177
20.5333333333333,151.922823197334,144,24.4102581366435,39.258013010189,1.84801912028984,2.47719398791409,4.15698405905821,38.5762771477245,-0.07605835686774,0.125748377698463
20.55,153.086220492311,145,25.4102581366435,39.5249052240478,1.91498252688229,2.5240683725288,4.16961978397033,38.7810568341872,-0.0287466996725437,0.127620294230115
20.5666666666667,154.176314427661,146,26.4102581366435,39.8713000097114,1.98334486341349,2.57192200810064,4.18289311238227,39.046427242455,0.0181991877311783,0.129588277080707
20.5833333333333,155.185496186078,147,27.4102581366435,40.2949564008947,2.05465221446828,2.621837153839,4.19683169588911,39.3793411713552,0.0657676943613699,0.131701945874159
20.6,156.109167508597,147,27.4102581366435,40.7936019475125,2.12963452063022,2.67432476815235,4.2114759473567,39.7840007770987,0.114403045149036,0.133985682112069
20.6166666666667,156.945569825965,148,28.4102581366435,41.2710510092346,2.20846579709829,2.72950666168,4.22687110099863,40.2624749877826,0.16418470899891,0.13644644106
20.6333333333333,157.695411214906,149,29.4102581366435,41.8249404361841,2.28338565445541,2.78195056182999,4.24301401721413,40.7792740707258,0.210149354770757,0.138835916839467
20.65,158.361380769387,149,29.4102581366435,42.4527857958574,2.35774950314241,2.83400525591088,4.25988054112209,41.346016774063,0.254524633071704,0.141258358296466
20.6666666666667,158.947632744708,150,30.4102581366435,43.0579489389043,2.43360773313038,2.88710601690247,4.27747744799722,41.9706565057994,0.298651445883431,0.143778317540325
20.6833333333333,159.459300762623,151,31.4102581366435,43.7375112545185,2.50447045002146,2.93670991872622,4.2957813658176,42.6221439089615,0.338410338746313,0.146186889233854
20.7,159.902077335264,151,31.4102581366435,44.4884201356968,2.57449712215849,2.98572858922214,4.31475990503769,43.3152823378742,0.376554643791374,0.148613585278528
20.7166666666667,160.281873329878,152,32.4102581366435,45.2135110152985,2.64619987859904,3.03592051873053,4.33441891295234,44.0601822005488,0.414719820755814,0.151137750340322
20.7333333333333,160.604557936786,152,32.4102581366435,46.0094093437971,2.71331184701323,3.08289889662046,4.3547380312071,44.8271530046166,0.448921644270654,0.153557896945449
20.75,160.875771571497,153,33.4102581366435,46.7787367266771,2.78005883791939,3.12962179025477,4.37568953982483,45.6317673526231,0.481945590707945,0.156006055610106
20.7666666666667,161.100800412295,153,33.4102581366435,47.6177913566733,2.84134345372414,3.1725210213181,4.39723621585401,46.4485191555933,0.510581953617434,0.158317098540067
20.7833333333333,161.284500390505,153,33.4102581366435,48.4288380138634,2.90213880247042,3.21507776544049,4.41934456193695,47.2960410240774,0.538102442964986,0.16064663145516
20.8,161.431259246877,154,34.4102581366435,49.2138884505237,2.95778252433619,3.25402837074653,4.44197840326194,48.1509571811536,0.561572576891543,0.162843558089225
20.8166666666667,161.544986749261,154,34.4102581366435,50.0686777524137,3.00588200116687,3.28769800452801,4.46506108838009,48.9973280041599,0.579576332028617,0.164826757010952
20.8333333333333,161.629124657611,154,34.4102581366435,50.8948025081198,3.05316316312236,3.32079481789685,4.48854547659018,49.8608707079565,0.596527838867928,0.166807061106168
20.85,161.686669862961,155,35.4102581366435,51.6936239855243,3.12501250500539,2.58983623096362,4.50651738484137,50.7293681524045,0.641508146693716,0.168664558086613
20.8666666666667,161.720205844933,155,35.4102581366435,52.53385764831,3.22127981416111,2.6331565200837,4.51811336600375,51.6296278610386,0.715878568167075,0.170248060675558
20.8833333333333,161.731939917207,155,35.4102581366435,53.2940047639213,3.30812835035508,2.67223836137098,4.53024315383213,52.5653045928368,0.782788249783485,0.171572528633757
20.9,161.723744320389,155,35.4102581366435,53.9818962826627,3.37649113176967,2.70300161300755,4.54280070910963,53.4862318451817,0.836533099629589,0.172348449807328
20.9166666666667,161.697196465991,156,36.4102581366435,54.6044307731666,3.42228886419543,2.72361059259914,4.55563165667459,54.3599435091076,0.87467157401108,0.172444868890573
20.9333333333333,161.653616440961,156,36.4102581366435,55.2613887385985,3.44476404995335,2.7337244261902,4.56856420002622,55.167121680796,0.896918741730269,0.171836451690577
20.95,161.594101435717,156,36.4102581366435,55.8577381993316,3.452888631946,2.7373804880869,4.58146017196885,55.9338599145457,0.909221803912507,0.170807510319523
20.9666666666667,161.519557022165,156,36.4102581366435,56.3976174213977,3.44548783157657,2.73405012792066,4.59420794355054,56.6445551024124,0.910960674037017,0.169319542395943
20.9833333333333,161.430725215314,156,36.4102581366435,56.8845264344511,3.42302564802661,2.72394214532317,4.60669366620438,57.2906772503259,0.902572099986199,0.167386170935819
21,161.328209533178,156,36.4102581366435,57.3213683085709,3.38692839145018,2.70769837986378,4.61881092026538,57.8686527364705,0.885103761813231,0.165051646030341
21.0166666666667,161.212497294035,156,36.4102581366435,57.7105294021,3.3391041672528,2.68617747897496,4.63046605226435,58.3782208172868,0.859899194279871,0.162375572448592
21.0333333333333,161.083979354206,156,36.4102581366435,58.0539759078107,3.28161706102174,2.66030828117098,4.64158051059957,58.8212007465052,0.828385554684497,0.159422552898248
21.05,160.942967290644,156,36.4102581366435,58.3533518802202,3.21647927467387,2.63099627731444,4.65209119708324,59.200599989133,0.791939472302062,0.156255579503402
21.0666666666667,160.789708271736,155,35.4102581366435,58.6100697835697,3.14553002673107,2.59906911574018,4.66194959772338,59.5199953285252,0.751810073239683,0.152932182665391
21.0833333333333,160.624397944233,155,35.4102581366435,58.7314373157801,3.07037579211717,2.56524971016392,4.67112024452212,59.7831247813012,0.709082214364801,0.149502529483253
21.1,160.447191471689,155,35.4102581366435,58.8184285650994,2.98470780970147,2.52669911807686,4.67954785115871,59.9576358448404,0.659760624149162,0.145764883340154
21.1166666666667,160.258213040519,155,35.4102581366435,58.8718517036288,2.89327254104385,2.48555324718093,4.68717446513318,60.0590963314137,0.606975443085712,0.141869278271047
21.1333333333333,160.05756395541,155,35.4102581366435,58.8923388214886,2.79947195043423,2.4433429814066,4.6939726287603,60.0999007521219,0.552958002894803,0.137923054585891
21.15,159.845329378376,154,34.4102581366435,58.880488982567,2.70564802726921,2.40112221598234,4.69993639312133,60.0897058517411,0.499233774723677,0.133999896132635
21.1666666666667,159.6215840249,154,34.4102581366435,58.743006890083,2.61333489005848,2.35958130423752,4.70507434121649,60.0359071365415,0.446792257834763,0.130147838742309
21.1833333333333,159.386396989839,154,34.4102581366435,58.5804607740485,2.5158077453653,2.31569408912558,4.70937331148956,59.9081012179569,0.391323807249473,0.126152085134528
21.2,159.139835784866,154,34.4102581366435,58.3934229740333,2.41721864637223,2.2713289945787,4.7128136164167,59.7226531332963,0.335533669996767,0.122143932798121
21.2166666666667,158.881969673841,153,33.4102581366435,58.1824266459828,2.32030961615602,2.22771993098141,4.71540130553858,59.4920216428385,0.281191367262114,0.118209896317653
21.2333333333333,158.612872388635,153,33.4102581366435,57.8541233394472,2.2267698432283,2.18562703316393,4.71715897134676,59.2254988376988,0.229370637966411,0.114403054838201
21.25,158.332624232244,153,33.4102581366435,57.5090484005549,2.1298666938914,2.14202061596233,4.71808795445205,58.8938975706837,0.17574073058829,0.110508474190871
21.2666666666667,158.041313582109,152,32.4102581366435,57.1477617957113,2.03364334766605,2.09872011016092,4.71818258094894,58.5143036947657,0.122921331250347,0.10665410102011
21.2833333333333,157.739038047057,152,32.4102581366435,56.6768493315454,1.94067690746772,2.05688521207167,4.71746184273442,58.0995479468787,0.0725615320231262,0.102921314745329
21.3,157.425905383443,152,32.4102581366435,56.1967325793016,1.84480289694616,2.01374190733697,4.71592886593253,57.6230570072162,0.0206942759139646,0.0991133192392322
21.3166666666667,157.102034184839,151,31.4102581366435,55.7078381811547,1.75039386070972,1.97125784103057,4.71358306451177,57.1037738245741,-0.029854332807562,0.0953686090709085
21.3333333333333,156.767554366698,151,31.4102581366435,55.1166158405607,1.66018463328429,1.93066368868913,4.71045029077853,56.5557872318098,-0.0773411684658269,0.0917736551697746
21.35,156.422607467921,150,30.4102581366435,54.5233568072184,1.56805049822307,1.88920332791158,4.70654122542788,55.953322332201,-0.125715926830306,0.0881330015192733
21.3666666666667,156.067346721376,150,30.4102581366435,53.8344147817531,1.47832719167095,1.84882783996312,4.7018628077391,55.3157783713221,-0.172184379796446,0.0845840470156254
21.3833333333333,155.701936857032,149,29.4102581366435,53.1498820198797,1.38600293479811,1.80728192437035,4.69641689289321,54.6214529013566,-0.21997018863704,0.0809667581302949
21.4,155.326553844472,149,29.4102581366435,52.3758647319613,1.30167776475438,1.6228968493158,4.68908693394523,53.8939305958484,-0.259825810308822,0.0774414087592078
21.4166666666667,154.941384649509,149,29.4102581366435,51.607189764393,1.22049123054284,1.59549639401941,4.67985118209761,53.1209299715683,-0.294892838573317,0.073845587891564
21.4333333333333,154.546627199308,148,28.4102581366435,50.8397466171645,1.13979068221959,1.56825995896031,4.67009079591155,52.3210926874121,-0.32985991417078,0.0703107177730424
21.45,154.142490653321,148,28.4102581366435,49.9813423146615,1.0619155041615,1.5419770863657,4.6598203326327,51.5052775956551,-0.363206739679389,0.0669095149170694
21.4666666666667,153.72919536417,147,27.4102581366435,49.1333718055905,0.980708552752001,1.514569740265,4.6490417959728,50.6460565728411,-0.398880073505953,0.0634449923042102
21.4833333333333,153.306972505465,147,27.4102581366435,48.2030693973356,0.900694458445643,1.4875649834366,4.63775474833626,49.7622255406689,-0.433942709552685,0.0600601870896692
21.5,152.876063465038,146,26.4102581366435,47.2912134996894,0.817160490608651,1.45937226929162,4.62595630890879,48.8321648464572,-0.471408484232833,0.0566043488123321
21.5166666666667,152.436719152964,146,26.4102581366435,46.3044282944902,0.735520319671212,1.43181871160023,4.61364764051963,47.8787621837397,-0.5077694434461,0.0532487595656988
21.5333333333333,151.989199231116,146,26.4102581366435,45.3429180578945,0.651547084960046,1.40347774488521,4.60083126847324,46.8831437275264,-0.545731051282584,0.0498579045939537
21.55,151.533771354573,145,25.4102581366435,44.4067352921223,0.570858419378328,1.37624532025138,4.58751565398521,45.8699168926655,-0.581659973694678,0.046609248886842
21.5666666666667,151.070710396842,145,25.4102581366435,43.4018616930024,0.496945220218791,1.35129961553504,4.57373455514616,44.8571815728234,-0.613311079136187,0.0436114034145004
21.5833333333333,150.600297727351,145,25.4102581366435,42.4280348701669,0.424035531375958,1.32669259555058,4.55951335522951,43.8218546822839,-0.644403102951294,0.0406787182520936
21.6,150.122820499412,144,24.4102581366435,41.4849590829005,0.356539271216243,1.30391260774668,4.54487564391365,42.7849583158171,-0.672093603516669,0.0379496630949725
21.6166666666667,149.638571007636,144,24.4102581366435,40.4783428421832,0.297029022249198,1.2838278987203,4.52986433705516,41.7616152085537,-0.694737952738208,0.0355033686870461
21.6333333333333,149.147846066905,144,24.4102581366435,39.5076939482952,0.239054576608734,1.26426152331665,4.51450949004382,40.7263213023139,-0.716497707882783,0.0331325684480334
21.65,148.650946467295,143,23.4102581366435,38.5725079721756,0.186188905938622,1.28132977932897,4.49890745110784,39.698163519794,-0.7352274833298,0.0309604261166762
21.6666666666667,148.148176451207,143,23.4102581366435,37.5795005886271,0.139084348922344,1.25659988689543,4.48343006225915,38.6892910052831,-0.751222663567887,0.0290575544979018
21.6833333333333,147.639843194388,142,22.4102581366435,36.6287040009696,0.0940696158753467,1.23296715204576,4.46754957168772,37.6738505066782,-0.765650637918061,0.0272181608061941
21.7,147.126256181494,142,22.4102581366435,35.6245822861887,0.055028031183234,1.2124703200824,4.45130689441141,36.6717659229403,-0.776055939525765,0.0255667263328172
21.7166666666667,146.607726705685,142,22.4102581366435,34.6654741200572,0.016322236503525,1.19214977787555,4.43473203875747,35.660665470562,-0.78610395506681,0.0239245069986477
21.7333333333333,146.084567483948,141,21.4102581366435,33.749792033014,-0.0172681359439329,1.16631246776727,4.41777047939046,34.6616537820988,-0.792568049807168,0.0224312081133962
21.75,145.557092402247,141,21.4102581366435,32.7817700929398,-0.0427475365901932,1.140833067121,4.40034912282178,33.6899347255829,-0.793307784703645,0.0211627594606553
21.7666666666667,145.025617554991,140,20.4102581366435,31.8592121708098,-0.0670315101191094,1.11654909359209,4.38253409244128,32.7194580257236,-0.792891762523193,0.0199044751543111
21.7833333333333,144.490469636603,140,20.4102581366435,30.8860400466906,-0.086720401399395,1.0968602023118,4.36438036703813,31.7680226338709,-0.789226811205356,0.0187696306806718
21.8,143.951978635488,139,19.4102581366435,29.9601499384587,-0.10771969052359,1.07586091318761,4.34591546593213,30.8114578623965,-0.786167375755982,0.0175729011341912
21.8166666666667,143.410472758601,138,18.4102581366435,28.9855961548769,-0.125786937215972,1.05779366649523,4.32715985406022,29.8693522385171,-0.781016892991604,0.0164512295150772
21.8333333333333,142.866278786784,138,18.4102581366435,27.9662875339216,-0.146181743077227,1.03739886063397,4.30811889391328,28.9191511232967,-0.777175183885229,0.0152378332766614
21.85,142.319722370985,137,17.4102581366435,26.9998996236306,-0.171679553879664,1.01190104983153,4.28873217409684,27.9458342574883,-0.776333760424458,0.0138392827809379
21.8666666666667,141.77112839394,137,17.4102581366435,25.9898913568192,-0.195889337754611,0.987691265956587,4.26897588877365,26.9762049078677,-0.774340930741807,0.0124571344453609
21.8833333333333,141.220821333445,136,16.4102581366435,25.0333795383631,-0.222703195600429,0.960877408110769,4.24884013564688,25.9930445384688,-0.773694022764192,0.0109669551929385
21.9,140.669125669968,135,15.4102581366435,24.0335341428427,-0.246629619965859,0.936950983745339,4.22833484478431,25.0209704518167,-0.770877408774922,0.00954465337569956
21.9166666666667,140.116366286057,135,15.4102581366435,22.9934035064199,-0.272240447871986,0.911340155839212,4.20747074047265,24.0408186610596,-0.768859851631633,0.00804594056382961
21.9333333333333,139.562868907383,134,14.4102581366435,22.009895204403,-0.302010128502484,0.881570475208714,4.1862008272127,23.0396613630549,-0.769163800770383,0.00638825441867827
21.95,139.008960536745,133,13.4102581366435,20.9858206496519,-0.329494000153464,0.854086603557734,4.16451753705089,22.0454284091497,-0.767631772460541,0.00477636024319139
21.9666666666667,138.45496993232,133,13.4102581366435,19.9238204215618,-0.358673400800092,0.824907202911106,4.14242681905338,21.0413531621281,-0.766845894092474,0.0030844188593332
21.9833333333333,137.901228085417,132,12.4102581366435,18.9204059627055,-0.391698363957665,0.791882239753533,4.11988441279654,20.0161265920859,-0.768125852231877,0.00124050604940048
22,137.348068813247,132,12.4102581366435,17.8780365369289,-0.421982975083517,0.761597628627681,4.09688927952417,18.9986808368998,-0.767235424303146,-0.000545483378382103
22.0166666666667,136.795829409518,131,11.4102581366435,16.8930091058292,-0.453484321106723,0.730096282604475,4.07345521505472,17.9727931896919,-0.766755179914076,-0.00239788362032742
22.0333333333333,136.244851242736,131,11.4102581366435,15.8678425483816,-0.480912591042793,0.702668012668405,4.04961352806762,16.9633182141092,-0.763335837293206,-0.00414528910126961
22.05,135.695480373861,130,10.4102581366435,14.8990299096357,-0.509094793970519,0.674485809740679,4.02539245768479,15.9508621502555,-0.76013960186328,-0.0059385713932731
22.0666666666667,135.148068162387,130,10.4102581366435,13.8893317778188,-0.533279045153961,0.650301558557237,4.00082615097578,14.9579533867752,-0.754165368782849,-0.00762332607418368
22.0833333333333,134.602971982165,129,9.41025813664355,12.9354736242395,-0.558587192694768,0.62499341101643,3.975938848288,13.9635891784303,-0.748755688380101,-0.0093602832226899
22.1,134.060555994043,129,9.41025813664355,11.9404102171305,-0.580395210711591,0.603185392999607,3.95075725300045,12.9892561741763,-0.740976863288238,-0.010999869447602
22.1166666666667,133.52119186777,128,8.41025813664355,11.0010115432311,-0.603846401299955,0.579734202411243,3.92529697268891,12.0133315836237,-0.734168778514819,-0.0127043446000483
22.1333333333333,132.985259520454,128,8.41025813664355,10.0203267585181,-0.624277051680087,0.559303552031111,3.89957626667823,11.056976768775,-0.72535645491728,-0.0143236833025124
22.15,132.453147773046,127,7.41025813664355,9.09527574483473,-0.646761413517985,0.536819190193213,3.87360322725702,10.0984358688595,-0.717821539407287,-0.0160186598766319
22.1666666666667,131.925254987404,127,7.41025813664355,8.12892143357706,-0.666558158256313,0.517022445454885,3.84738983310503,9.15885172188027,-0.708527701898275,-0.017637367662893
22.1833333333333,131.401989792428,126,6.41025813664355,7.21817031303464,-0.688667780851423,0.494912822859775,3.82093916287254,8.21650918681294,-0.700700114530044,-0.0193386994403383
22.2,130.88377182465,126,6.41025813664355,6.26605302320608,-0.708285475457332,1.1835806037112,3.79425932656705,7.29261425928421,-0.691254717574502,-0.0209690844996812
22.2166666666667,130.371032463735,126,6.41025813664355,5.39405676595937,-0.78951612901772,1.1835806037112,3.77947035673202,6.33773249868582,-0.747462974358117,-0.0226549094140575
22.2333333333333,129.864214514952,125,5.41025813664355,4.62153681052779,-0.803540199307586,0.380040404403612,3.75254344260142,5.39481459160181,-0.734328894660794,-0.0240723829873734
22.25,129.363770110326,125,5.41025813664355,3.81957727937007,-0.801518420800603,0.382062182910595,3.72496667965502,4.53245944039911,-0.70983373804668,-0.0250737089814635
22.2666666666667,128.870160169461,125,5.41025813664355,3.05676556915729,-0.801196924718791,0.382383678992407,3.69852555623934,3.71192920270123,-0.689167470814454,-0.0259519309063967
22.2833333333333,128.383856839182,125,5.41025813664355,2.33268030895579,-0.797384477176331,1.1835806037112,3.67217477096477,2.92899470883421,-0.666642420110063,-0.0267085979112477
22.3,127.905345684821,125,5.41025813664355,1.67454027609526,-0.805390489508329,0.378190114202869,3.64909246817758,2.18001111045336,-0.658901161194813,-0.0273343382298107
22.3166666666667,127.435125669423,124,4.41025813664355,1.07807556757555,-0.802272356830475,0.381308246880723,3.62520675338465,1.47689104544753,-0.642286007004941,-0.0277439517416145
22.3333333333333,126.973707339217,124,4.41025813664355,0.417851138070111,-0.800883973859009,0.382696629852189,3.60345509231576,0.81883429849003,-0.631276307671314,-0.0278901379592109
22.35,126.521612800388,124,4.41025813664355,-0.206669182640882,-0.798024251861322,1.1835806037112,3.58142160919781,0.166714975966968,-0.618534456547878,-0.0280535301819141
22.3666666666667,126.079375399699,124,4.41025813664355,-0.768402516828578,-0.798429459488908,1.1835806037112,3.56052508951962,-0.461792473977469,-0.610225375216485,-0.0281658310959445
22.3833333333333,125.647536817764,124,4.41025813664355,-1.24376007623973,-0.795541427756266,1.1835806037112,3.54016552186259,-1.06211146509267,-0.600701737377968,-0.0281121190183726
22.4,125.226640720922,124,4.41025813664355,-1.63980815520939,-0.796570952956494,1.1835806037112,3.52281563120542,-1.61199795226522,-0.599863666545244,-0.027741625881555
22.4166666666667,124.817225453942,124,4.41025813664355,-1.96323436805439,-0.792658411893297,1.1835806037112,3.50725385546136,-2.10445874418632,-0.599188052840224,-0.0269733876253756
22.4333333333333,124.419816162418,124,4.41025813664355,-2.22035591799709,-0.785329040560006,1.1835806037112,3.4941926551751,-2.5403053169392,-0.600969963261294,-0.0257536610967991
22.45,124.034915534319,124,4.41025813664355,-2.41712879243171,-0.761955414722138,1.1835806037112,3.48126969748543,-2.90846619708944,-0.591846392363463,-0.0240680333354871
22.4666666666667,123.662992552277,124,4.41025813664355,-2.55915773823918,-0.723090461276288,1.1835806037112,3.46848392641427,-3.20284890545042,-0.572067010674625,-0.0219510699160394
22.4833333333333,123.304468777478,125,5.41025813664355,-2.65170688294778,-0.670283350338133,1.1835806037112,3.45583428399276,-3.42206359501761,-0.54253978910069,-0.0194673337773672
22.5,122.959701958579,125,5.41025813664355,-2.60575939105493,-0.605665187078315,1.1835806037112,3.44331971060163,-3.56802654141459,-0.504569539878653,-0.0166973581582247
22.5166666666667,122.628966961209,125,5.41025813664355,-2.52573597031626,-0.523831292095259,1.1835806037112,3.43093914530116,-3.60883669015571,-0.454595168638482,-0.0134837347385079
22.5333333333333,122.312434386558,126,6.41025813664355,-2.41574423247609,-0.430694877809412,1.1835806037112,3.41869152615084,-3.56199272326779,-0.396360301916168,-0.0100280315406266
22.55,122.010147686124,126,6.41025813664355,-2.18564058396796,-0.331112877098673,1.1835806037112,3.40657579051906,-3.44293067947804,-0.332977275506153,-0.00649170574327524
22.5666666666667,121.722000091064,126,6.41025813664355,-1.9387510483736,-0.221200824167848,1.1835806037112,3.39459087538307,-3.22912701261864,-0.261929925722499,-0.00275767559416195
22.5833333333333,121.447713190655,127,7.41025813664355,-1.67812253273164,-0.107522467419427,1.1835806037112,3.38273571761936,-2.9442910978265,-0.187451344829612,0.000960835848171427
22.6,121.186819411846,128,8.41025813664355,-1.31258624856165,0.0050255546812859,1.1835806037112,3.37100925428483,-2.6076752348736,-0.112748279060233,0.00451028563168439
22.6166666666667,120.93865084236,128,8.41025813664355,-0.850528234810733,0.120701215414271,1.1835806037112,3.35941042288887,-2.19878628974558,-0.0351271041216527,0.00802836725147611
22.6333333333333,120.702336681255,129,9.41025813664355,-0.393848452982478,0.241394728416707,1.1835806037112,3.3479381616565,-1.70600292805652,0.0466056473501061,0.0115739573848982
22.65,120.476811023354,130,10.4102581366435,0.149737698910389,0.359565229883547,1.1835806037112,3.33659140978307,-1.16028717000599,0.127540150135872,0.0149095161160692
22.6666666666667,120.260831711464,130,10.4102581366435,0.772927223007479,0.477874247087217,1.1835806037112,3.32536910768036,-0.549330049851844,0.209325199479576,0.0181244649157142
22.6833333333333,120.053009758955,131,11.4102581366435,1.37486865444131,0.597377710105564,1.1835806037112,3.31427019721457,0.133006679804394,0.292591992332567,0.0212549553996745
22.7,119.851847580545,131,11.4102581366435,2.04885913884518,0.71024209334757,1.1835806037112,3.30329362193625,0.852325551992591,0.372214700353543,0.0240584786429212
22.7166666666667,119.655783215892,131,11.4102581366435,2.69461970339088,0.803063961055164,1.98664456476636,3.29570978024734,1.61699067696051,0.432408896731758,0.0266318822366781
22.7333333333333,119.46323709814,132,12.4102581366435,3.33996065278149,0.835305855080205,2.0188864587914,3.29873209399865,2.35574695912736,0.431706924636254,0.028845706805948
22.75,119.272656158521,132,12.4102581366435,4.1045506370758,0.859555404394924,2.04313600810612,3.30233421482014,3.05793426575857,0.425718183151913,0.0308182175189676
22.7666666666667,119.082551443333,132,12.4102581366435,4.88447749620475,0.888809675716478,2.07239027942768,3.30649532254845,3.77913226099463,0.42284913602998,0.032961281542913
22.7833333333333,118.891531238531,132,12.4102581366435,5.67607717979634,0.922432104418676,2.10601270812987,3.3112889925055,4.52031176870452,0.422566993763732,0.0352611142324033
22.8,118.698327567218,132,12.4102581366435,6.47635198769553,0.959472135698288,2.14305273940949,3.31677522956172,5.28026309712084,0.424162268364554,0.0376926200961539
22.8166666666667,118.501814847227,132,12.4102581366435,7.28285772220165,0.998912388123443,2.18249299183464,3.32299743094309,6.05655092280758,0.426912255473755,0.0402270263526525
22.8333333333333,118.301020574197,131,11.4102581366435,8.09358723831658,1.03981278529176,2.22339338900296,3.3299825674662,6.84618526721531,0.430172756870019,0.0428365210529582
22.85,118.095128705244,131,11.4102581366435,8.81291341791181,1.08138176306335,2.26496236677455,3.33774312623714,7.64606107287081,0.43341997406714,0.0454967214381726
22.8666666666667,117.883476954012,131,11.4102581366435,9.53920827959128,1.11551623909304,2.29909684280424,3.34621189294408,8.41728143639981,0.431550083627217,0.0479436638748353
22.8833333333333,117.6655493695,130,10.4102581366435,10.2707519322586,1.1456156335829,2.3291962372941,3.35529005374116,9.16957522270874,0.426918543297702,0.0502768305630194
22.9,117.440965369763,130,10.4102581366435,10.9116374588784,1.17391172039796,2.35749232410916,3.36492527106576,9.91008771422493,0.421047878136044,0.0525627637377934
22.9166666666667,117.20946641537,130,10.4102581366435,11.5597081697124,1.19426231985481,2.37784292356601,3.37502667847999,10.6077037350221,0.410126045548196,0.0545982921466193
22.9333333333333,116.970901466518,130,10.4102581366435,12.2126688713356,1.21122350024404,2.39480410395524,3.38549748822227,11.2777388013885,0.397239384696095,0.0565203499101128
22.95,116.725212150934,130,10.4102581366435,12.8680580867217,1.22761135549039,2.41119195920159,3.39630166497103,11.9311239225593,0.384249668829164,0.0584159341076412
22.9666666666667,116.472418217646,130,10.4102581366435,13.5235335684035,1.24497038166676,2.42855098537796,3.40743896626028,12.5750852521463,0.372139593777533,0.0603347271116392
22.9833333333333,116.212603829747,130,10.4102581366435,14.1770218143704,1.26397357817051,2.44755418188171,3.41892722135171,13.2139366941499,0.361301209056324,0.0623002247212119
23,115.945904944413,131,11.4102581366435,14.8267757529221,1.28474034549591,2.46832094920711,3.43079057911098,13.8498465854997,0.351760763719914,0.0643188013478143
23.0166666666667,115.672497857137,132,12.4102581366435,15.5653266755069,1.30707363430663,2.49065423801783,3.44305235998568,14.4835046657849,0.343343436205542,0.0663866277319283
23.0333333333333,115.392589112506,132,12.4102581366435,16.3856974368908,1.33810917621466,2.52168977992586,3.45579916767258,15.1505993378842,0.340496689554939,0.0687386391717286
23.05,115.10640674727,133,13.4102581366435,17.1876726375616,1.38108686197432,2.56466746568552,3.46920199434776,15.8738820065573,0.345024144483838,0.0714929170627962
23.0666666666667,114.814192723444,135,15.4102581366435,18.0658178392522,1.42924370948848,2.61282431319968,3.48339533880486,16.6304340804874,0.352352297978949,0.0744457322109751
23.0833333333333,114.516196535399,136,16.4102581366435,19.1094594172624,1.48567415483388,2.66925475854508,3.49848957282007,17.438793157146,0.36430408422079,0.0777047018504144
23.1,114.212669796491,137,17.4102581366435,20.2147857939311,1.59215211392822,2.29808708346095,3.50789871518363,18.3602736328712,0.422040669527898,0.0815441302259716
23.1166666666667,113.903861713372,139,19.4102581366435,21.3635153645139,1.71211379603051,2.38206026093255,3.51799658973975,19.3999053309895,0.488202689140481,0.0857767526202446
23.1333333333333,113.590015879377,141,21.4102581366435,22.6341524423421,1.83580422495381,2.46864356117887,3.52953580980951,20.5327730414814,0.554969384540729,0.090201477076343
23.15,113.271368661729,142,22.4102581366435,24.022751729249,1.96548117687873,2.55941742752631,3.54257086441142,21.7703206028596,0.623754775775645,0.0948919304151767
23.1666666666667,112.948147795948,143,23.4102581366435,25.4315002155538,2.10205418498328,2.6550185331995,3.55717393098783,23.1192003726631,0.695079536363336,0.099879825931313
23.1833333333333,112.620570874354,144,24.4102581366435,26.8625592809091,2.23796386555625,2.75015530960058,3.57337400283317,24.5464714286241,0.764070420606336,0.104924878826146
23.2,112.288843815448,144,24.4102581366435,28.3178953103221,2.3688499131903,2.84177554294441,3.59113127824717,26.0288390603997,0.828013277321399,0.109884681312117
23.2166666666667,111.953159404238,145,25.4102581366435,29.7050508896592,2.49259525219633,2.92839728024863,3.61036869815675,27.550567965418,0.885689959950979,0.114686168052996
23.2333333333333,111.613695989471,145,25.4102581366435,31.1247389158758,2.60098466031594,3.00426986593235,3.63094555867566,29.0655989934674,0.932040348520281,0.119058718195133
23.25,111.270616375721,144,24.4102581366435,32.4829367656814,2.69802834924622,3.07220044818355,3.65270186729381,30.5801314116845,0.969903339378088,0.123119833540871
23.2666666666667,110.924066981871,144,24.4102581366435,33.6906745712539,2.77943770670648,3.12918699840573,3.67547209851363,32.0642018105766,0.99677261207628,0.126722838691804
23.2833333333333,110.574177372371,143,23.4102581366435,34.8518191378823,2.83635301305786,3.1690277128517,3.69901140199887,33.4633034394373,1.00730377370558,0.129571283982073
23.3,110.221060047269,141,21.4102581366435,35.8751207249441,2.87309828344347,3.19474940212162,3.72305431187139,34.7794090895339,1.00466798934734,0.131787361382146
23.3166666666667,109.864810403124,140,20.4102581366435,36.674021214667,2.88623927175407,3.20394809393905,3.74733713164528,35.9812678969177,0.987026327757905,0.133246803162465
23.3333333333333,109.505507008586,138,18.4102581366435,37.3544938591168,2.86801959479646,3.19119432006872,3.77152866188831,37.0150219536452,0.949842904468876,0.133684252648502
23.35,109.143212095864,136,16.4102581366435,37.8271604407048,2.82392395004186,3.1603273687405,3.79529063402197,37.8844807151511,0.89711304617559,0.13325566446013
23.3666666666667,108.777972283151,134,14.4102581366435,38.1011222133245,2.75161999451307,3.10971459987035,3.81830004359204,38.5608851694188,0.827763391209647,0.131869487017319
23.3833333333333,108.409819540037,131,11.4102581366435,38.1841569789352,2.65191375753746,3.03992023398742,3.84022674845715,39.0291381271469,0.742743456476808,0.129533964993219
23.4,108.038772423772,128,8.41025813664355,37.9888366632911,2.52738829414151,2.95275240961026,3.86076177417875,39.2836414511029,0.644108182479181,0.126315434667787
23.4166666666667,107.664837492199,126,6.41025813664355,37.5264696222565,2.3738714565238,2.84529062327785,3.87958427561613,39.2890663093224,0.529568589629942,0.122064897155746
23.4333333333333,107.288010842972,124,4.41025813664355,36.9010953990812,2.19112881959685,2.71737077742899,3.8963499362797,39.0261597032969,0.399397868490792,0.116757619034025
23.45,106.908279828988,122,2.41025813664355,36.1157058907706,1.98885656343285,2.57578019811419,3.91077516733174,38.5230897230304,0.260172078951278,0.110688659965341
23.4666666666667,106.525624931634,120,0.410258136643549,35.1725745732835,1.77422663848337,2.42553925064956,3.922674952391,37.8035054990005,0.116693525250798,0.104078629295762
23.4833333333333,106.140021743792,118,-1.58974186335645,34.0737325090398,1.5523258588437,2.27020870490179,3.93193600428616,36.8866109515407,-0.0276846174827234,0.0970860026195722
23.5,105.751442911508,117,-2.58974186335645,32.8212819172679,1.32660332243596,2.11220292941637,3.9384951137142,35.787645433781,-0.170736699199969,0.0898200350173274
23.5166666666667,105.359860141952,115,-4.58974186335645,31.5115364507865,1.10672264642872,1.76460999308628,3.94081381614576,34.5201370877701,-0.303030674090596,0.082352200436409
23.5333333333333,104.965246317389,114,-5.58974186335645,30.0408592909592,0.89960515408725,1.655873309607,3.93922452348212,33.1385932431817,-0.420968421563858,0.0749500130969445
23.55,104.567577741875,113,-6.58974186335645,28.5025116515268,0.691207231028492,1.54646440000116,3.93574009434303,31.6296935944138,-0.537979080688235,0.067480628480583
23.5666666666667,104.166836592844,113,-6.58974186335645,26.8990489009405,0.486344307095993,1.43891136493659,3.93037525880277,30.0170405341151,-0.650996645751099,0.0600977330576117
23.5833333333333,103.763012834836,112,-7.58974186335645,25.3270620005939,0.287954511577302,1.33475672228928,3.92317863066005,28.3185913939996,-0.758204311750167,0.0528960970789797
23.6,103.356105483928,112,-7.58974186335645,23.6895893063982,0.105270968318368,1.23884786207834,3.91425481809228,26.5838604508149,-0.853794607767454,0.0461721491463257
23.6166666666667,102.94612344157,111,-8.58974186335645,22.0840162363098,-0.0639218726738001,1.1196587310374,3.9035748906839,24.8109838365418,-0.939024050339785,0.0398338188415534
23.6333333333333,102.53308604401,111,-8.58974186335645,20.4133800915731,-0.210234485779655,0.973346117931543,3.89041418632419,23.0369995980301,-1.00617402681389,0.034046364579344
23.65,102.117023486347,111,-8.58974186335645,18.7729122269903,-0.33975598689212,0.843824616819078,3.87491087559328,21.2519557480772,-1.05938650446283,0.0286180274969929
23.6666666666667,101.697977302191,111,-8.58974186335645,17.1578622826835,-0.450657974316015,0.732922629395182,3.85736932444798,19.4822780191594,-1.09806390365736,0.0236368815200777
23.6833333333333,101.276000835659,111,-8.58974186335645,15.5650993269762,-0.543680345625364,0.639900258085834,3.83810153664908,17.7429121603104,-1.12325930706973,0.0191092293558049
23.7,100.851159532796,111,-8.58974186335645,13.9929882728514,-0.62090476308913,0.562675840622068,3.81739509092136,16.0410782219097,-1.1368339809499,0.0149958680602562
23.7166666666667,100.423531063888,111,-8.58974186335645,12.4411370343995,-0.684928699726124,0.498651903985074,3.79549804472413,14.3791836740886,-1.14090218423587,0.0112371366935651
23.7333333333333,99.9932053418827,111,-8.58974186335645,10.910100829156,-0.738352460516347,0.445228143194851,3.77261487583609,12.7569485000675,-1.1374963070204,0.00776898615637074
23.75,99.5602844130595,111,-8.58974186335645,9.40109611365588,-0.783496005496886,0.400084598214312,3.74890896169899,11.1728592746162,-1.12839086870407,0.00453230645836568
23.7666666666667,99.1248821238535,111,-8.58974186335645,7.91575207488716,-0.822274099535726,0.361306504175472,3.72450838571574,9.62509147960166,-1.11503377340106,0.00147749536905731
23.7833333333333,98.687123621227,110,-9.58974186335645,6.45591093184247,-0.856172721577317,0.327407882133881,3.69951292854286,8.11203609637599,-1.09854440697891,-0.00143410700437704
23.8,98.2471447777182,110,-9.58974186335645,4.92952635807551,-0.886283967580186,0.297296636131012,3.67400093070003,6.63254960807803,-1.07974883110082,-0.00423067227499873
23.8166666666667,97.8050915328228,110,-9.58974186335645,3.43826488842115,-0.920852378714885,0.262728224996313,3.6479673948101,5.15008430584908,-1.06394166811436,-0.00717533463366772
23.8333333333333,97.3611191284531,110,-9.58974186335645,1.98341451500947,-0.95652663986238,0.227053963848818,3.62137414644702,3.67693311923455,-1.04889276936052,-0.0101650661747363
23.85,96.9153914223117,110,-9.58974186335645,0.565750893628089,-0.99107673653616,0.192503867175038,3.59422903612461,2.22287837966332,-1.03317172030219,-0.013128454331375
23.8666666666667,96.4680802669645,110,-9.58974186335645,-0.814217390065502,-1.02475346055855,0.183580603711198,3.56689645787459,0.794759445832025,-1.01769688997418,-0.0160189140456961
23.8833333333333,96.0193648684169,110,-9.58974186335645,-2.15529333259588,-1.05755788431007,0.183580603711198,3.53960020815057,-0.603746986925464,-1.00289881751286,-0.0188046914834093
23.9,95.5694311994035,110,-9.58974186335645,-3.45540695086121,-1.08862979217894,0.183580603711198,3.51235235078161,-1.96960145680946,-0.988186372861037,-0.0214607667098453
23.9166666666667,95.1184713720975,110,-9.58974186335645,-4.71260770972501,-1.11715636643823,0.183580603711198,3.48515845620835,-3.29962746677787,-0.972980133641722,-0.0239655079064229
23.9333333333333,94.6666829632977,109,-10.5897418633565,-5.92536929739708,-1.14242657953084,0.183580603711198,3.45802390209732,-4.59064700533104,-0.956762160249823,-0.0263012887920617
23.95,94.2142683470802,109,-10.5897418633565,-7.18650242045346,-1.16386819874612,0.183580603711198,3.43095387811829,-5.83969473190023,-0.939101164792641,-0.028455505752974
23.9666666666667,93.76143406593,109,-10.5897418633565,-8.39541147400112,-1.18888027850093,0.183580603711198,3.40395339061758,-7.08020775551475,-0.924735187317124,-0.0306648120188588
23.9833333333333,93.3083902563459,109,-10.5897418633565,-9.55182290805037,-1.21376710544509,0.183580603711198,3.37702726718937,-8.29807570124255,-0.911265568232693,-0.032811138703485
24,92.8553501359058,109,-10.5897418633565,-10.6557519586105,-1.23595722892632,0.183580603711198,3.35018016114711,-9.48253174832957,-0.89699283173039,-0.0348157589646436
