Tiempo_h,V_mgdL,g_mgdL,g1_mgdL,Kalman_mgdL,u,u_insu,IOB_U,z1,z2,z3
0,119.388059951016,113,-6.38805995101613,-9.38805995101613,-0,0.950705550801052,0,0,0,0
0.0166666666666667,119.388059951037,113,-6.38805995101613,-9.09898128794253,-0.910426112802495,0.0402794379985573,0.0125162156751386,-3.60085278468367,-0.491736333871947,-0.0243729375922834
0.0333333333333333,119.388059977899,113,-6.38805995101613,-8.85937100033259,-1.37915915903058,0,0.0118013836159997,-6.08182493585441,-0.724650499281898,-0.0379813049906699
0.05,119.388060733167,113,-6.38805995101613,-8.69964527891955,-1.58419765340162,0,0.0109732674996346,-7.71027670637299,-0.816990144542486,-0.0441942148622368
0.0666666666666667,119.388065471602,114,-5.38805995101613,-8.61500731199424,-1.61573348731836,0,0.0101424933821772,-8.72895481390191,-0.816300808790101,-0.0456323371073604
0.0833333333333333,119.388081689994,114,-5.38805995101613,-8.50143125711859,-1.53992958556455,0,0.00930936368175172,-9.32432552256218,-0.757505412701469,-0.0442063792668478
0.1,119.388122116758,114,-5.38805995101613,-8.45404106305465,-1.39494300968342,0,0.0084741717323708,-9.60009266524362,-0.660731666952087,-0.0410230283964352
0.116666666666667,119.388205207703,114,-5.38805995101613,-8.46587787275199,-1.21847724665803,0,0.007637201998621,-9.67321489006278,-0.546158585140255,-0.0371379349590078
0.133333333333333,119.388355324333,114,-5.38805995101613,-8.53044817211477,-1.03633815944959,0,0.00679873028578596,-9.62966650832383,-0.427739442931374,-0.0332562433974485
0.15,119.388602701013,114,-5.38805995101613,-8.64170510815777,-0.86970380667904,0.0810017441220121,0.00683163049408993,-9.53234046287588,-0.318646336115366,-0.0298225330007638
0.166666666666667,119.388983268596,114,-5.38805995101613,-8.78949560849648,-0.768501973196597,0.950705550801052,0.0158583358737452,-9.43830131008803,-0.260847723690772,-0.027075540060627
0.183333333333333,119.389538289438,114,-5.38805995101613,-8.93435275293571,-0.723359209020574,0.950705550801052,0.0316803520398638,-9.40927646363904,-0.245104044726711,-0.0250123424991481
0.2,119.390313214147,114,-5.38805995101613,-9.04579506749768,-0.693776530280458,0.950705550801052,0.0474948158640247,-9.43351576401901,-0.237157263807499,-0.0234236355316779
0.216666666666667,119.39135539575,114,-5.38805995101613,-9.12690615151044,-0.671398595879868,0.950705550801052,0.0632978356795106,-9.48418764816606,-0.232573671599051,-0.0220732294235607
0.233333333333333,119.392712101069,114,-5.38805995101613,-9.18058346602242,-0.650744986377732,0.950705550801052,0.0790856476337602,-9.54229809236494,-0.228428357600531,-0.020808928009056
0.25,119.394429208291,114,-5.38805995101613,-9.20954433350059,-0.628448691563797,0.950705550801052,0.0948546125726642,-9.59485256170239,-0.222911739077687,-0.0195395423422436
0.266666666666667,119.396550364969,114,-5.38805995101613,-9.2163321700348,-0.602667490744209,0.950705550801052,0.11060121299222,-9.63340150865434,-0.215024222485196,-0.0182172544562199
0.283333333333333,119.399116450376,114,-5.38805995101613,-9.20332289418699,-0.5726326539644,0.950705550801052,0.12632205005616,-9.6528950054366,-0.20434106105464,-0.0168242099753924
0.3,119.402165246309,114,-5.38805995101613,-9.17273146182681,-0.538306235481447,0.950705550801052,0.142013840678216,-9.65078582361215,-0.190832893054142,-0.0153624370308091
0.316666666666667,119.405731254526,114,-5.38805995101613,-9.12661848118066,-0.500123819955502,0.950705550801052,0.157673414667714,-9.6263315635782,-0.174730243491074,-0.0138463671336804
0.333333333333333,119.409845619294,114,-5.38805995101613,-9.06689686690126,-0.458804138075736,0.950705550801052,0.173297711937213,-9.58005570662162,-0.156422556882115,-0.0122973785628467
0.35,119.414536126065,114,-5.38805995101613,-8.99533849624871,-0.415210675428134,0.950705550801052,0.188883779770916,-9.51333506360877,-0.136384190965333,-0.0107399003947745
0.366666666666667,119.419827255361,114,-5.38805995101613,-8.9135808344745,-0.370253408360937,0.950705550801052,0.20442877015264,-9.42808731807916,-0.115121316071802,-0.00919871048678009
0.383333333333333,119.425740276393,114,-5.38805995101613,-8.82313350022649,-0.324821239030549,0.950705550801052,0.219929937152117,-9.32653744905498,-0.0931348945149121,-0.00769713758935077
0.4,119.432293368733,114,-5.38805995101613,-8.72538474525837,-0.279737672421404,0.950705550801052,0.235384634368437,-9.21104597052437,-0.0708959102017714,-0.00625593966926875
0.416666666666667,119.439501763127,114,-5.38805995101613,-8.62160782594204,-0.235733866443848,0.950705550801052,0.25079031242948,-9.08398530621995,-0.0488298231622832,-0.00489268023579051
0.433333333333333,119.447377894619,114,-5.38805995101613,-8.51296724705756,-0.193434462658938,0.950705550801052,0.266144516546191,-8.94765336732375,-0.0273078718238514,-0.00362146424987635
0.45,119.455931562729,114,-5.38805995101613,-8.4005248610838,-0.153352627698,0.950705550801052,0.281444884120566,-8.80421563064356,-0.00664336645726635,-0.00245292692725176
0.466666666666667,119.465170094657,114,-5.38805995101613,-8.28524580874543,-0.115891551636241,0.950705550801052,0.296689142406271,-8.65566881942777,0.0129084660070848,-0.00139439394965566
0.483333333333333,119.475098508462,114,-5.38805995101613,-8.16800428889901,-0.0813502984910917,0.950705550801052,0.311875106220806,-8.50382074572119,0.0311481931657742,-0.000450151527255448
0.5,119.485719673915,114,-5.38805995101613,-8.04958914797343,-0.0499324176315886,0.950705550801052,0.327000675708154,-8.3502820458099,0.0479282876443111,0.000378219567685951
0.516666666666667,119.497034469325,114,-5.38805995101613,-7.93070928112951,-0.0217561293615077,0.950705550801052,0.342063834150899,-8.19646648137959,0.0631482714465512,0.00109147961528741
0.533333333333333,119.509041933131,114,-5.38805995101613,-7.81199883907884,0.00313478537025261,0.950705550801052,0.357062645830774,-8.04359723169885,0.0767493644804676,0.00169235930627616
0.55,119.521739409388,114,-5.38805995101613,-7.6940222361149,0.024760014873355,0.950705550801052,0.371995253936668,-7.89271720188793,0.0887089792274419,0.00218519960005065
0.566666666666667,119.535122686621,114,-5.38805995101613,-7.57727895636838,0.0431920999053265,0.950705550801052,0.386859878519095,-7.7447018482121,0.0990353038836891,0.00257561323549619
0.583333333333333,119.549186129706,114,-5.38805995101613,-7.46220815661407,0.0585464585016989,0.950705550801052,0.401654814490195,-7.60027339713722,0.107762139599385,0.00287017481835093
0.6,119.563922804625,113,-6.38805995101613,-7.34919306513739,0.0709722309441602,0.950705550801052,0.416378429668298,-7.46001563004858,0.114944098977799,0.00307614326158696
0.616666666666667,119.579324596108,113,-6.38805995101613,-7.33484778635135,0.0806440414589672,0.950705550801052,0.431029162866164,-7.32438863592287,0.120652228972734,0.00320121805464066
0.633333333333333,119.595382318219,113,-6.38805995101613,-7.31709961068242,0.0782490529531807,0.950705550801052,0.445605522021974,-7.23068973256409,0.119773394585432,0.00300336799792793
0.65,119.612085818082,113,-6.38805995101613,-7.29640542188168,0.0681763507581616,0.950705550801052,0.460106082372206,-7.1669224665568,0.114624739052167,0.0026096687728005
0.666666666666667,119.629424072948,113,-6.38805995101613,-7.2731869241149,0.0536305159220488,0.950705550801052,0.474529484665515,-7.12396425321571,0.106910164175612,0.00211155562635894
0.683333333333333,119.64738528087,113,-6.38805995101613,-7.24783239404568,0.0369047447106415,0.950705550801052,0.488874433416784,-7.0949550806197,0.0978597621136679,0.0015732526100375
0.7,119.665956945268,113,-6.38805995101613,-7.22069840665965,0.0195969987676822,0.950705550801052,0.503139695200503,-7.07480649855119,0.0883404783748973,0.00103841071167588
0.716666666666667,119.685125953677,113,-6.38805995101613,-7.19211152920995,0.00278027408984244,0.950705550801052,0.517324096982666,-7.05980846728933,0.078943556992036,0.000535308423499569
0.733333333333333,119.704878650993,112,-7.38805995101613,-7.16236997843106,-0.0128639754203803,0.950705550801052,0.531426524490383,-7.04731565975007,0.070053298541104,8.09021314142399e-05
0.75,119.725200907512,112,-7.38805995101613,-7.22802784600417,-0.0269419106572276,0.950705550801052,0.545445920618427,-7.0354981304296,0.0619008221838072,-0.000316040552892851
0.766666666666667,119.746078182068,112,-7.38805995101613,-7.28697498679834,-0.0487725715036661,0.950705550801052,0.559381283871947,-7.06009062433096,0.0494091390030356,-0.000902497036043765
0.783333333333333,119.767495580565,112,-7.38805995101613,-7.33965115681894,-0.0741304593804142,0.950705550801052,0.573231666844592,-7.10809263015716,0.0348432808832824,-0.00156034555711585
0.8,119.789437910184,112,-7.38805995101613,-7.38647911781251,-0.100079638720293,0.950705550801052,0.586996174731307,-7.16980168871786,0.019794410161879,-0.00220958957925604
0.816666666666667,119.811889729539,112,-7.38805995101613,-7.4278644082033,-0.124660800212337,0.950705550801052,0.600673963875088,-7.2380957814789,0.00534045498295496,-0.00279878833076365
0.833333333333333,119.834835395048,111,-8.38805995101613,-7.46419522347909,-0.1466452069655,0.950705550801052,0.614264240346969,-7.30785861919227,-0.0078271387650877,-0.00329757959581343
0.85,119.858259103762,111,-8.38805995101613,-7.59212500384933,-0.165342337774438,0.950705550801052,0.627766258558564,-7.37552099298725,-0.0193039251339038,-0.00369087553666417
0.866666666666667,119.882144932881,111,-8.38805995101613,-7.70965081663549,-0.189956160787989,0.950705550801052,0.641179319906468,-7.47564280279386,-0.0340915495345913,-0.00422435264583405
0.883333333333333,119.906476876195,111,-8.38805995101613,-7.81732611338029,-0.216274286839913,0.950705550801052,0.654502771447866,-7.5944799401292,-0.0499197209875449,-0.00478202287946207
0.9,119.931238877635,111,-8.38805995101613,-7.91569257182106,-0.241461052093893,0.950705550801052,0.667736004606668,-7.72191203934127,-0.0652405533550077,-0.00528825539017581
0.916666666666667,119.956414862157,111,-8.38805995101613,-8.00527871575736,-0.263713418239232,0.950705550801052,0.680878453909569,-7.85064160607719,-0.079051441505573,-0.00569730596393363
0.933333333333333,119.981988764113,111,-8.38805995101613,-8.08659874946003,-0.28199154535461,0.950705550801052,0.693929595751361,-7.9755540002143,-0.0907558365381257,-0.0059851754238919
0.95,120.007944553304,111,-8.38805995101613,-8.16015158903258,-0.295809185245504,0.950705550801052,0.706888947188916,-8.09320789457485,-0.100054461300315,-0.00614332569983034
0.966666666666667,120.03426625886,111,-8.38805995101613,-8.22642007408077,-0.305071828237062,0.950705550801052,0.719756064763217,-8.20143132274125,-0.106860894876127,-0.00617387176786897
0.983333333333333,120.060937991111,111,-8.38805995101613,-8.28587034396878,-0.309952820945443,0.950705550801052,0.732530543348851,-8.29900296056122,-0.111236594341275,-0.006085940927491
1,120.087943961565,112,-7.38805995101613,-8.33895136384125,-0.310799543616695,0.950705550801052,0.745212015030382,-8.38540202026441,-0.113341356819426,-0.00589295075064505
1.01666666666667,120.115268501157,112,-7.38805995101613,-8.28981197733667,-0.308063265573275,0.950705550801052,0.757800148005043,-8.46061320994217,-0.113395990383594,-0.00561060587356227
1.03333333333333,120.142896076851,113,-6.38805995101613,-8.24122237487647,-0.292741885877053,0.950705550801052,0.770294645511172,-8.48802911825235,-0.106457894163068,-0.00500549236617823
1.05,120.170811306748,113,-6.38805995101613,-8.09707876629656,-0.269538486426863,0.950705550801052,0.78269524478187,-8.48047888628716,-0.0950187619115706,-0.00421307958911255
1.06666666666667,120.198998973767,114,-5.38805995101613,-7.95989342901885,-0.232448646102194,0.950705550801052,0.79500171602333,-8.4110385624702,-0.0757529901680492,-0.00308247509874561
1.08333333333333,120.227444038033,114,-5.38805995101613,-7.73330122055726,-0.188216354218984,0.950705550801052,0.807213861417307,-8.29973257134367,-0.0522677126777502,-0.00180355382550433
1.1,120.256131648028,115,-4.38805995101613,-7.51955128353518,-0.132156238770584,0.950705550801052,0.819331514147241,-8.12488495896602,-0.0219719637636241,-0.000258880433028755
1.11666666666667,120.285047150625,116,-3.38805995101613,-7.22201504376159,-0.0717940920081103,0.950705550801052,0.8313545374475,-7.91025433622734,0.0110780267943271,0.00134356672991584
1.13333333333333,120.31417610005,117,-2.38805995101613,-6.84639663173114,-0.00283331268020296,0.950705550801052,0.843282823675266,-7.63673130210903,0.04923493723203,0.0031141362526842
1.15,120.34350426588,118,-1.38805995101613,-6.39816374094955,0.0765983516487515,0.950705550801052,0.855116293404579,-7.29280215358479,0.0935534966368513,0.0050954060412981
1.16666666666667,120.373017640112,119,-0.388059951016132,-5.88254647404437,0.16670055293893,0.950705550801052,0.866854894542061,-6.87260899207191,0.144183591677481,0.00728436896736136
1.18333333333333,120.402702443397,119,-0.388059951016132,-5.3045374807348,0.266568995352512,0.950705550801052,0.87849860146386,-6.37443035127763,0.200669347534599,0.00964902345263954
1.2,120.432545130473,120,0.611940048983868,-4.76517585574244,0.374620080916015,0.950705550801052,0.890047414173353,-5.79949896029821,0.262173985729194,0.0121405918896093
1.21666666666667,120.462532394876,121,1.61194004898387,-4.16662776329064,0.479397290807935,0.950705550801052,0.901501357479169,-5.18803548104667,0.322449713400617,0.0144523841321642
1.23333333333333,120.492651172966,121,1.61194004898387,-3.51340225591906,0.58299149080309,0.950705550801052,0.912860480193095,-4.53240543491582,0.382576758566008,0.0166450237001278
1.25,120.522888647312,122,2.61194004898387,-2.90606950280046,0.686317120858026,0.950705550801052,0.924124854347425,-3.82874556941304,0.443008752435383,0.0187460642562448
1.26666666666667,120.553232249503,122,2.61194004898387,-2.24634212231899,0.779989964288605,0.950705550801052,0.935294574431353,-3.11289289912229,0.498576887049592,0.0205112884618779
1.28333333333333,120.583669662408,123,3.61194004898387,-1.63457416564598,0.808048900571941,1.75875445137299,0.958586871561544,-2.39503584662072,0.496731835453961,0.0220741737416755
1.3,120.614188798965,123,3.61194004898387,-0.94415705367795,0.820386581948324,1.77109213274938,0.983246765217255,-1.72359188768142,0.484326295603195,0.0233710931392275
1.31666666666667,120.644777223389,124,4.61194004898387,-0.250062969405822,0.835389554824033,1.78609510562508,1.00803334348586,-1.05464139445419,0.473572532886726,0.0247345045685451
1.33333333333333,120.675420504151,124,4.61194004898387,0.541132346704062,0.85343754154603,1.80414309234708,1.03299157736671,-0.384560767869307,0.464606845210613,0.0261781811559465
1.35,120.706100753083,124,4.61194004898387,1.32471880957291,0.883377187102659,1.83408273790371,1.05824970809371,0.324728094522657,0.462049779111647,0.0279489374023893
1.36666666666667,120.736795712386,124,4.61194004898387,2.09934229792089,0.9199449342926,1.87065048509365,1.08395636284189,1.06019726028333,0.462837950395382,0.0299164659321115
1.38333333333333,120.767478225618,124,4.61194004898387,2.86448188737588,0.959375703621659,1.91008125442271,1.11018537719129,1.81094885233977,0.464830365539869,0.0319849471783364
1.4,120.798115941643,125,5.61194004898387,3.620048756357,0.99916315065091,1.94986870145196,1.13695876989806,2.56842292829889,0.46664353758087,0.0340884250723165
1.41666666666667,120.828671195418,125,5.61194004898387,4.4624048050691,1.03778271896029,1.98848826976134,1.16426536388095,3.32624632818296,0.467473383698838,0.0361848259605002
1.43333333333333,120.859100957499,125,5.61194004898387,5.28928255295914,1.08352659857128,2.03423214937233,1.19215746877819,4.11673371056415,0.471757517292925,0.0384999871853356
1.45,120.88935680894,125,5.61194004898387,6.10123206785056,1.1313809838702,2.08208653467125,1.22070572571422,4.92409533965623,0.476685729362401,0.0409041832043936
1.46666666666667,120.919384941029,125,5.61194004898387,6.89913686098804,1.17824275995433,2.12894831075538,1.24991389119253,5.73665101537282,0.480579785308926,0.0433139482225837
1.48333333333333,120.949126178226,125,5.61194004898387,7.68389187474873,1.22241730730334,2.17312285810439,1.27974636490896,6.54624891074299,0.48258018319353,0.0456807282071699
1.5,120.97851602313,125,5.61194004898387,8.45623151953607,1.26318044766438,2.21388599846543,1.31014787394275,7.34754441834993,0.482379688508784,0.0479806326149728
1.51666666666667,121.007484754011,124,4.61194004898387,9.21665968256499,1.30042625187882,2.25113180267988,1.34105658377363,8.13728575646153,0.480013349378202,0.0502059752910787
1.53333333333333,121.035957604046,124,4.61194004898387,9.86916095228739,1.33440265842808,2.28510820922913,1.37241209313677,8.91368591290194,0.475703763867408,0.052358774843155
1.55,121.063854939165,124,4.61194004898387,10.516151671076,1.35642558983875,2.3071311406398,1.404077103254,9.63908311354071,0.464927519449729,0.0541960207087576
1.56666666666667,121.091092409108,124,4.61194004898387,11.1569959448588,1.37165249509046,2.32235804589151,1.43589427814456,10.3259589797152,0.450698575345745,0.0558446535543585
1.58333333333333,121.117581117961,124,4.61194004898387,11.790507110256,1.38361260571415,2.3343181565152,1.46777817441591,10.9840752648306,0.435041869752065,0.0573934438381914
1.6,121.143227886888,123,3.61194004898387,12.4153146466817,1.39453802091532,2.34524357171638,1.49969092010247,11.6205489606365,0.419209546848203,0.0588999719988697
1.61666666666667,121.167935565997,123,3.61194004898387,12.9338080459098,1.40569533252466,2.35640088332571,1.53162344888898,12.2402042261689,0.403888791468802,0.0603980718380284
1.63333333333333,121.19160332736,123,3.61194004898387,13.4471816825241,1.40857891290217,2.35928446370323,1.56349935158565,12.8092036132403,0.384553982624731,0.0616546049392028
1.65,121.214126995956,122,2.61194004898387,13.9539577319422,1.40804413815081,2.35874968895186,1.59522087892699,13.3419194538019,0.363960605821137,0.0627932829149522
1.66666666666667,121.235399427712,122,2.61194004898387,14.3561635307544,1.40709022225527,2.35779577305632,1.62675508206204,13.8487606082592,0.343763829903639,0.063892903249888
1.68333333333333,121.25531091104,122,2.61194004898387,14.7545569652018,1.39825576094642,2.34896131174747,1.65802454720756,14.299936867234,0.32000000140517,0.0647485296172659
1.7,121.273749575931,121,1.61194004898387,15.1472558890303,1.38694242191021,2.33764797271126,1.68894356666252,14.712580405427,0.295698419214952,0.0654996667555226
1.71666666666667,121.29060180031,121,1.61194004898387,15.4359691104202,1.37635972705956,2.32706527786061,1.71949738463717,15.0988576392126,0.272597835512909,0.0662323155532672
1.73333333333333,121.305752606867,120,0.611940048983868,15.7212402405636,1.35904816743234,2.30975371823339,1.74962844362151,15.4300048997972,0.246703612686711,0.066743238080198
1.75,121.31908604736,120,0.611940048983868,15.9047915685372,1.34029686151126,2.29100241231231,1.77926990410143,15.7236821563952,0.220954205553635,0.0671704575914142
1.76666666666667,121.330485604913,120,0.611940048983868,16.0869450357228,1.31405281140885,2.2647583622099,1.808340951624,15.9554374935602,0.19214755079984,0.0673468933791081
1.78333333333333,121.339834645745,119,-0.388059951016132,16.2653962499117,1.28647999381014,2.23718554461119,1.83677030135915,16.1461123358112,0.163699310031857,0.0674338737089831
1.8,121.347016872046,119,-0.388059951016132,16.3415213100063,1.26110783800773,2.21181338880879,1.86456643934598,16.3102956442429,0.137483053531825,0.0675279680121101
1.81666666666667,121.35191678402,118,-1.38805995101613,16.4156500649286,1.23051707985403,2.18122263065508,1.89169791150476,16.420694355097,0.10948429602302,0.0674291684655844
1.83333333333333,121.354420117011,118,-1.38805995101613,16.3894105818382,1.19987888037023,2.15058443117128,1.9181232436772,16.4957789529491,0.0825379580997341,0.0672743816088722
1.85,121.354414271401,117,-2.38805995101613,16.3631348819795,1.16294886896776,2.11365441976881,1.94378435601115,16.5114825022324,0.0533033307031448,0.0668932017652867
1.86666666666667,121.351788708688,117,-2.38805995101613,16.2383282227743,1.12568111870119,2.07638666950224,1.96862932781056,16.4887818949009,0.025052998591916,0.0664428477028503
1.88333333333333,121.346435367384,116,-3.38805995101613,16.1151569080493,1.08230856978356,2.03301412058461,1.99260001526734,16.4054442588726,-0.0052966545835517,0.0657658021541947
1.9,121.338249073179,116,-3.38805995101613,15.8949667416442,1.03903969069346,1.98974524149452,2.01565043470428,16.2837112771062,-0.0343451818739077,0.0650266290138606
1.91666666666667,121.327127887886,116,-3.38805995101613,15.6777963057677,0.990209987006334,1.94091553780739,2.03773128079406,16.1021672387685,-0.0651344737187617,0.0640712834817296
1.93333333333333,121.312973462271,115,-4.38805995101613,15.4611875732536,0.942035161406127,1.89274071220718,2.05880627107708,15.8835410916918,-0.0942749070390602,0.0630652914255834
1.95,121.295691407877,115,-4.38805995101613,15.1464946321231,0.897904797501761,1.84861034830281,2.07891804204691,15.6435078464381,-0.120020249401192,0.0621041550461232
1.96666666666667,121.275191668682,115,-4.38805995101613,14.8341396739622,0.850169844483435,1.80087539528449,2.09806613617313,15.3553388744166,-0.146555354915197,0.0609840955461721
1.98333333333333,121.251388880223,114,-5.38805995101613,14.5222143583276,0.803747818407799,1.75445336920885,2.11623600541009,15.0377584981932,-0.171221730702003,0.0598372572386782
2,121.224202708048,114,-5.38805995101613,14.1126539595925,0.78964653868417,0.950705550801052,2.12771156491279,14.7083656098405,-0.166816729667459,0.0587355691213947
2.01666666666667,121.193558184702,114,-5.38805995101613,13.6799251713339,0.804858293676229,1.75556384447728,2.13104530396259,14.3720868027298,-0.132679961712671,0.0573943964371516
2.03333333333333,121.159386511578,114,-5.38805995101613,13.2288701746642,0.795294510497328,0.950705550801052,2.13676417181678,14.0196067731159,-0.117433672057008,0.0557639211197049
2.05,121.121626267765,114,-5.38805995101613,12.7635329101609,0.78240735564049,0.950705550801052,2.14048113478337,13.6464570831856,-0.101512394664086,0.0538486547589114
2.06666666666667,121.080223759331,114,-5.38805995101613,12.2599043111851,0.757703872949842,0.950705550801052,2.14402756626103,13.2498183929617,-0.092922711424411,0.0516726672533152
2.08333333333333,121.035133964897,114,-5.38805995101613,11.7246176067655,0.719733678353051,0.950705550801052,2.14740800889832,12.818044423145,-0.0925099901219631,0.0492079347022901
2.1,120.98632141213,114,-5.38805995101613,11.163740711712,0.668854541708229,0.950705550801052,2.15062690303078,12.3458162596506,-0.100136328526258,0.0464750877269785
2.11666666666667,120.933760543782,114,-5.38805995101613,10.5828078605203,0.606565264659647,0.950705550801052,2.15368858880193,11.8323034674389,-0.115032795577114,0.0435241151866686
2.13333333333333,120.877435742911,115,-4.38805995101613,9.9868504242157,0.535016415195864,0.950705550801052,2.15659730824229,11.2797534217524,-0.136059648130899,0.0404204271617096
2.15,120.817341137473,115,-4.38805995101613,9.47670945674331,0.456658686723856,0.950705550801052,2.15935720730742,10.6924200085525,-0.161895030835262,0.0372350317679993
2.16666666666667,120.753480260706,115,-4.38805995101613,8.95414301751584,0.383502546286992,0.950705550801052,2.16197233787575,10.1127066247587,-0.185971821468607,0.0342878014173381
2.18333333333333,120.68586561774,115,-4.38805995101613,8.42306681869434,0.313756793011225,0.950705550801052,2.16444665970686,9.53442798654109,-0.209186924096994,0.0315241146580763
2.2,120.614518192885,115,-4.38805995101613,7.8870128845051,0.246604163234443,0.950705550801052,2.16678404236104,8.95453521106452,-0.231920239329195,0.0289168573136429
2.21666666666667,120.53946692185,115,-4.38805995101613,7.34915390052955,0.181862920657409,0.950705550801052,2.16898826708088,8.37218969951744,-0.254212349503914,0.0264565457719453
2.23333333333333,120.460748146316,115,-4.38805995101613,6.81232668150226,0.119738690915401,0.950705550801052,2.17106302863559,7.78805561617729,-0.275895552046259,0.0241441716895247
2.25,120.378405063574,115,-4.38805995101613,6.27905473817855,0.0606459544483431,0.950705550801052,2.17301193712876,7.20376516468901,-0.296688739602855,0.0219861315985147
2.26666666666667,120.292487180507,115,-4.38805995101613,5.75156993036911,0.0050828615474933,0.950705550801052,2.17483851977025,6.62151977287671,-0.316264481743706,0.0199907387801395
2.28333333333333,120.203049778719,115,-4.38805995101613,5.23183319912718,-0.0464535362757749,0.950705550801052,2.17654622261299,6.04379756037159,-0.334294929111504,0.0181659224589355
2.3,120.110153395686,115,-4.38805995101613,4.7215543763573,-0.0935217833356299,0.950705550801052,2.17813841225519,5.47314337237028,-0.350481762125654,0.0165178057390775
2.31666666666667,120.013863325368,115,-4.38805995101613,4.2222110748319,-0.135768174087792,0.950705550801052,2.17961837750879,4.91202246047594,-0.364574281099658,0.015049922741685
2.33333333333333,119.914249140609,115,-4.38805995101613,3.73506666579279,-0.172942721094842,0.950705550801052,2.18098933103471,4.36272277821718,-0.376378832211393,0.0137628903854945
2.35,119.811384238766,115,-4.38805995101613,3.26118735501399,-0.204903680372286,0.950705550801052,2.18225441094553,3.82729399988874,-0.385762042515345,0.0126543938656973
2.36666666666667,119.705345411379,115,-4.38805995101613,2.80145837144702,-0.231614256540284,0.950705550801052,2.18341668237632,3.30751390317941,-0.392649762915259,0.0117193793209359
2.38333333333333,119.596212438141,115,-4.38805995101613,2.35659928539222,-0.253134224201926,0.950705550801052,2.18447913902407,2.80487479094158,-0.397023162709625,0.0109503742273687
2.4,119.484067705066,115,-4.38805995101613,1.9271784755723,-0.269608505492378,0.950705550801052,2.1854447046565,2.32058425777106,-0.398913060060337,0.010337877180727
2.41666666666667,119.368996375495,115,-4.38805995101613,1.51362676655757,-0.281254199469789,0.950705550801052,2.18631623459074,1.85557590866244,-0.398393290796343,0.00987077510922327
2.43333333333333,119.25108801876,115,-4.38805995101613,1.11625025973502,-0.288347136573386,0.950705550801052,2.18709651714238,1.41052667210657,-0.395573698086953,0.00953675856518395
2.45,119.130434005511,115,-4.38805995101613,0.735242382452684,-0.291208706088447,0.950705550801052,2.18778827504572,0.985878169556086,-0.390593155285086,0.00932271535121356
2.46666666666667,119.007126219316,114,-5.38805995101613,0.370695181132846,-0.290193456443447,0.950705550801052,2.18839416684549,0.581860248869775,-0.383612903566124,0.00921508997737125
2.48333333333333,118.881256883044,114,-5.38805995101613,-0.0736727240711926,-0.28567778106502,0.950705550801052,2.18891678826073,0.198515295163459,-0.374810386704785,0.00920020182655662
2.5,118.752918393491,114,-5.38805995101613,-0.49558459371129,-0.287555523697322,0.950705550801052,2.18935867352138,-0.201224293638689,-0.36957038492477,0.00901455763643519
2.51666666666667,118.622203162236,114,-5.38805995101613,-0.895408994548411,-0.292033532908958,0.950705550801052,2.18972229667806,-0.60536834761037,-0.365862191695175,0.00876409557630893
2.53333333333333,118.489203463596,114,-5.38805995101613,-1.27358288728701,-0.296505268732974,0.950705550801052,2.19001007288554,-1.00500207718968,-0.362275892734791,0.00851977078860014
2.55,118.354011290278,114,-5.38805995101613,-1.63060204981556,-0.29926699859287,0.950705550801052,2.19022435966049,-1.39364294067147,-0.357876779287618,0.00832624915317879
2.56666666666667,118.216718217158,114,-5.38805995101613,-1.96701225225427,-0.299292946956953,0.950705550801052,2.19036745811393,-1.76672063771693,-0.352089552883051,0.00820874794772489
2.58333333333333,118.077415273424,114,-5.38805995101613,-2.28340114544842,-0.296058133147818,0.950705550801052,2.19044161415886,-2.12115785545023,-0.344606691111513,0.00817838376626082
2.6,117.936192823216,114,-5.38805995101613,-2.58039082521113,-0.289399671586248,0.950705550801052,2.19044901969365,-2.45503331347112,-0.335316355240392,0.00823632200523272
2.61666666666667,117.793140454766,114,-5.38805995101613,-2.85863103539792,-0.279408992796557,0.950705550801052,2.19039181376156,-2.76731190591831,-0.324246056458441,0.00837696779798864
2.63333333333333,117.648346877948,114,-5.38805995101613,-3.11879297377004,-0.266348832117814,0.950705550801052,2.19027208368688,-3.05762943392842,-0.311518987780857,0.00859039348837955
2.65,117.50189983011,114,-5.38805995101613,-3.36156366556048,-0.250589976598654,0.950705550801052,2.19009186618814,-3.32612165356797,-0.297320497883647,0.00886416092829392
2.66666666666667,117.353885989973,114,-5.38805995101613,-3.58764087068185,-0.232563700957748,0.950705550801052,2.18985314846889,-3.57328921039359,-0.281872651973644,0.00918466668525711
2.68333333333333,117.204390899345,114,-5.38805995101613,-3.79772849159608,-0.212726595705847,0.950705550801052,2.18955786928637,-3.79989155722399,-0.265415210415693,0.00953811350944468
2.7,117.053498892386,114,-5.38805995101613,-3.99253244999137,-0.191535123621816,0.950705550801052,2.18920791999865,-4.00686421074719,-0.248191672536177,0.00991119118266353
2.71666666666667,116.901293032114,114,-5.38805995101613,-4.17275700157141,-0.169427758928604,0.950705550801052,2.18880514559048,-4.19525474050745,-0.230439292707077,0.0102915333645514
2.73333333333333,116.747855053829,114,-5.38805995101613,-4.3391014594462,-0.146812986809869,0.950705550801052,2.18835134567841,-4.36617373835662,-0.212382188387379,0.0106680036075623
2.75,116.593265315131,113,-6.38805995101613,-4.49225729781392,-0.124061786016191,0.950705550801052,2.18784827549556,-4.52075771905637,-0.194226833484899,0.0110308527885669
2.76666666666667,116.437602752202,113,-6.38805995101613,-4.72918821796111,-0.101503498058683,0.950705550801052,2.18729764685633,-4.66014147955574,-0.176159372030977,0.0113717813508718
2.78333333333333,116.280944842,113,-6.38805995101613,-4.94820624870878,-0.0889298746241949,0.950705550801052,2.18670112910159,-4.82238453711148,-0.163540996482331,0.0114339713967072
2.8,116.123367570043,113,-6.38805995101613,-5.15018244644815,-0.0823995766770903,0.950705550801052,2.18606035002462,-4.99631222576251,-0.154289725463086,0.0113310467714325
2.81666666666667,115.964945403442,113,-6.38805995101613,-5.33597689057715,-0.0791206932359165,0.950705550801052,2.18537689677818,-5.17366089360475,-0.146921346696164,0.0111423853050645
2.83333333333333,115.80575126886,112,-7.38805995101613,-5.50643565355752,-0.0771754517796343,0.950705550801052,2.1846523167632,-5.3484486855335,-0.140408352849546,0.0109215592844525
2.85,115.645856535087,112,-7.38805995101613,-5.75867077809186,-0.0753032484097398,0.950705550801052,2.18388811849927,-5.51647034466442,-0.134068391356786,0.0107029484139465
2.86666666666667,115.4853309999,112,-7.38805995101613,-5.99113632911678,-0.0822362527888949,0.950705550801052,2.18308577247741,-5.71183956787773,-0.132673207225429,0.0102569272642597
2.88333333333333,115.32424288094,112,-7.38805995101613,-6.20483908160693,-0.0933712514285911,0.950705550801052,2.18224671199544,-5.92052215018751,-0.133762104541162,0.00971286003850623
2.9,115.162658810287,111,-8.38805995101613,-6.40076853612564,-0.105548274163246,0.950705550801052,2.18137233397624,-6.13223511077549,-0.135629171710204,0.00915755031607696
2.91666666666667,115.000643832478,111,-8.38805995101613,-6.67617654685667,-0.116694457733214,0.950705550801052,2.18046399976932,-6.33962159488528,-0.137140226732934,0.00864610331496273
2.93333333333333,114.838261405695,110,-9.38805995101613,-6.92965308014513,-0.135050288915003,0.950705550801052,2.17952303593594,-6.57453702784462,-0.142785360246044,0.00796043074667037
2.95,114.675573405864,110,-9.38805995101613,-7.25861926906016,-0.155756013009967,0.950705550801052,2.17855073501816,-6.82137779626963,-0.149948153545413,0.00723481794343745
2.96666666666667,114.512640133436,110,-9.38805995101613,-7.56183554957267,-0.185069630837611,0.950705550801052,2.17754835629213,-7.10576446222944,-0.162055107616794,0.00630639131126722
2.98333333333333,114.349520322607,109,-10.3880599510161,-7.84061113966662,-0.216764013522483,0.950705550801052,2.17651712650585,-7.40744346734659,-0.175747975789109,0.00534650401984829
3,114.186271152773,109,-10.3880599510161,-8.19251560594247,-0.246689575825807,0.950705550801052,2.17545824060188,-7.71168035885585,-0.188759643305987,0.00446573859275639
3.01666666666667,114.022948262002,108,-11.3880599510161,-8.51645328016694,-0.281755042991176,0.950705550801052,2.17437286242509,-8.04497740794304,-0.204840396331901,0.0034798909132833
3.03333333333333,113.859605762335,108,-11.3880599510161,-8.91015513409311,-0.316321328411571,0.950705550801052,2.17326212541584,-8.38794735959381,-0.220927720541455,0.00254136334637342
3.05,113.696296256727,107,-12.3880599510161,-9.27268588630687,-0.356269462360316,0.950705550801052,2.17212713328897,-8.76363394273706,-0.240217903786881,0.0014941379891938
3.06666666666667,113.533070857465,107,-12.3880599510161,-9.70193520025689,-0.395281577204082,0.950705550801052,2.17096896069865,-9.15012557462314,-0.259277849349123,0.000508617916169968
3.08333333333333,113.369979205889,106,-13.3880599510161,-10.0971241961711,-0.438820134111765,0.950705550801052,2.1697886538896,-9.56866756947208,-0.281070952697658,-0.000560707762626579
3.1,113.207069493272,105,-14.3880599510161,-10.5562961300428,-0.480339625269758,0.950705550801052,2.16858723133483,-9.99610957534577,-0.302033054702517,-0.0015383354893165
3.11666666666667,113.044388482708,105,-14.3880599510161,-11.0751050658211,-0.525212054667436,0.950705550801052,2.16736568436013,-10.45288558654,-0.32507037336521,-0.0025684766207232
3.13333333333333,112.881981531892,104,-15.3880599510161,-11.5531018774551,-0.57640294009079,0.950705550801052,2.16612497775569,-10.9523033551918,-0.351810534206369,-0.00372686662150776
3.15,112.71989261664,103,-16.3880599510161,-12.088656893585,-0.625663883862196,0.950705550801052,2.16486605037503,-11.465350791632,-0.377769310271855,-0.00479159593300639
3.16666666666667,112.558164355061,103,-16.3880599510161,-12.6777472552458,-0.6772615378272,0.950705550801052,2.16358981572146,-12.0082203741261,-0.405247504023297,-0.00587784917168846
3.18333333333333,112.396838032261,102,-17.3880599510161,-13.2202417658687,-0.733499492366876,0.950705550801052,2.16229716252239,-12.5912340185103,-0.435502434455068,-0.00704504811370494
3.2,112.235953625474,102,-17.3880599510161,-13.8148225343795,-0.785790737012176,0.950705550801052,2.16098895529168,-13.1833588590722,-0.4638524241262,-0.0080640735352942
3.21666666666667,112.075549829537,101,-18.3880599510161,-14.3614888612006,-0.806896333464348,0.143809217336704,2.15328728466916,-13.793820205704,-0.46390175638277,-0.00905341060324327
3.23333333333333,111.915664105458,100,-19.3880599510161,-14.9871239553009,-0.798391992746363,0.950705550801052,2.14049933658803,-14.3604309834167,-0.439172341663741,-0.0099017128007646
3.25,111.75633324398,100,-19.3880599510161,-15.6847740607438,-0.803705682214213,0.146999868586838,2.12895657962504,-14.9341908090669,-0.424735189861739,-0.0109332106518057
3.26666666666667,111.597594458467,99,-20.3880599510161,-16.3518182702528,-0.806666661546508,0.144038889254544,2.11408812302278,-15.5398249698852,-0.403571449609774,-0.0123105490420388
3.28333333333333,111.439485758543,99,-20.3880599510161,-17.1124985053645,-0.817462293203257,0.133243257597794,2.09910214568743,-16.152534226542,-0.38717710808886,-0.0138765033286094
3.3,111.28204698703,99,-20.3880599510161,-17.8619620339332,-0.843671998228463,0.107033552572589,2.0838022341796,-16.8090718700326,-0.379379011158737,-0.0158493854290583
3.31666666666667,111.12532084398,98,-21.3880599510161,-18.5990335794001,-0.878977089630181,0.0717284611708708,2.06799091902453,-17.4949322519431,-0.376464815063536,-0.0180745391704442
3.33333333333333,110.969353490625,98,-21.3880599510161,-19.4198587945267,-0.918796343857078,0.0319092069439739,2.05156106821189,-18.1978781734713,-0.375797860319459,-0.0204369823301969
3.35,110.814194942647,97,-22.3880599510161,-20.2224924061616,-0.969134807571831,0,2.03438657415056,-18.9451200752335,-0.380467175808564,-0.0231068292908918
3.36666666666667,110.659899314853,97,-22.3880599510161,-21.1043823261021,-1.02413934342885,0,2.01651002062307,-19.7169685042746,-0.387428319906969,-0.0259144297390113
3.38333333333333,110.506524917794,97,-22.3880599510161,-21.9639806687854,-1.0923593902395,0,1.9985699001631,-20.5375325643889,-0.402527841641768,-0.0289969930150991
3.4,110.354134269222,96,-23.3880599510161,-22.8005570946563,-1.16717114785046,0,1.98065642002879,-21.3864602367543,-0.422350092467719,-0.0321582303971658
3.41666666666667,110.202793993513,96,-23.3880599510161,-23.7087884200494,-1.24339759470442,0,1.96277340833539,-22.2478379844765,-0.444063151881341,-0.035258079870542
3.43333333333333,110.05257462232,96,-23.3880599510161,-24.5850077792972,-1.32674149484544,0,1.94492456244937,-23.1458677405897,-0.470747129879049,-0.0384476232871731
3.45,109.903550331766,96,-23.3880599510161,-25.428391575219,-1.41032199034334,0,1.92711345221567,-24.0582086062413,-0.498641274563967,-0.0415415884305407
3.46666666666667,109.755798642339,95,-24.3880599510161,-26.2383669100391,-1.48933230919235,0,1.90934352311466,-24.9676939652235,-0.525071352816836,-0.0444159267019661
3.48333333333333,109.609400099279,95,-24.3880599510161,-27.110869767102,-1.56057653957214,0,1.89161809935041,-25.8613360569895,-0.54821315068864,-0.0469934780037161
3.5,109.464437945958,95,-24.3880599510161,-27.9434004430233,-1.63160185742485,0,1.87394038687164,-26.7664547633949,-0.572097712101447,-0.0494824561562591
3.51666666666667,109.320997799195,95,-24.3880599510161,-28.7362147647662,-1.69463311505662,0,1.85579321637088,-27.6636023126843,-0.591497865353237,-0.0517482955944008
3.53333333333333,109.179167332902,95,-24.3880599510161,-29.4897357543149,-1.75866894645121,0.0475352775400526,1.83966155976248,-28.5400090181489,-0.615726566355708,-0.0537124937051882
3.55,109.0390359737,95,-24.3880599510161,-30.2011639125365,-1.81255264687862,0.0475352775400526,1.82375869532411,-29.3900152098819,-0.635322339643179,-0.0553217067518789
3.56666666666667,108.900694578073,95,-24.3880599510161,-30.8682300533291,-1.85371503081735,0.0475352775400526,1.80791458458713,-30.2031843609057,-0.648465993738834,-0.0565429024076203
3.58333333333333,108.764235062103,95,-24.3880599510161,-31.4924793562955,-1.8812508969594,0.0475352775400526,1.79213148471775,-30.9713100530632,-0.654553520360976,-0.0573657784683976
3.6,108.629750063036,95,-24.3880599510161,-32.0754993216975,-1.89523081427213,0.0475352775400526,1.77641156453678,-31.6894411590463,-0.653514477853374,-0.0578062008118367
3.61666666666667,108.49733265975,95,-24.3880599510161,-32.6189073780147,-1.89639091701805,0.0475352775400526,1.76075690678637,-32.3550862235073,-0.645649078108322,-0.057897101433196
3.63333333333333,108.367076141174,95,-24.3880599510161,-33.1243396890856,-1.88589668150347,0.0475352775400526,1.74516951034644,-32.9675843936186,-0.631503239341241,-0.0576816426364621
3.65,108.239073815293,95,-24.3880599510161,-33.5934410854432,-1.86516529657054,0.0475352775400526,1.72965129240202,-33.5276107392989,-0.611773827624843,-0.0572081637883329
3.66666666666667,108.113418854553,95,-24.3880599510161,-34.0278560471258,-1.83208549610034,0,1.71346403574792,-34.0360954299501,-0.583913849836115,-0.0565268410938607
3.68333333333333,107.990204176708,96,-23.3880599510161,-34.4325901404168,-1.78784339038378,0,1.696475992039,-34.4911824421621,-0.548319909486473,-0.0556958155765871
3.7,107.869522395327,96,-23.3880599510161,-34.7159486876084,-1.73915498376719,0,1.67956301880655,-34.8981699610271,-0.510213228696546,-0.05478437058551
3.71666666666667,107.751465874134,96,-23.3880599510161,-34.9811507706735,-1.67879943854535,0,1.66272712926766,-35.226898778229,-0.465631787053026,-0.0536058343575242
3.73333333333333,107.636126812355,96,-23.3880599510161,-35.2288671657435,-1.61268021079856,0,1.64597025191712,-35.4951471927387,-0.417742019961725,-0.0523254461251266
3.75,107.52359733883,97,-22.3880599510161,-35.4597816128724,-1.5450641199316,0,1.62929423274071,-35.7167282330668,-0.368859181039595,-0.0510595127155941
3.76666666666667,107.413969635345,97,-22.3880599510161,-35.5783034413877,-1.47895514381518,0,1.61270083737908,-35.9023155237837,-0.320638191949693,-0.0498869535444262
3.78333333333333,107.307336111204,98,-21.3880599510161,-35.68748496565,-1.40688542180666,0,1.59619175324323,-36.0231611506298,-0.269028885747963,-0.0486084548360807
3.8,107.203789655574,98,-21.3880599510161,-35.6915224214256,-1.33434541201632,0,1.5797685915826,-36.0977733261232,-0.217014406921287,-0.0473726466797523
3.81666666666667,107.103424003863,99,-20.3880599510161,-35.6932425958763,-1.25558159644265,0,1.56343288950669,-36.103241126325,-0.161469117428456,-0.0460271373578975
3.83333333333333,107.006334272093,99,-20.3880599510161,-35.596606222181,-1.1772140875029,0,1.54718611196128,-36.0623417792082,-0.105993236937697,-0.0447504211242973
3.85,106.912617744778,100,-19.3880599510161,-35.5041968496449,-1.09418196878703,0,1.53102965366007,-35.9552104196758,-0.0478468284633438,-0.0434073965842062
3.86666666666667,106.822375059781,101,-18.3880599510161,-35.3197262730152,-1.01347651051516,0,1.51496484097277,-35.8067235390326,0.00915573994533762,-0.0421847597987119
3.88333333333333,106.735712049533,102,-17.3880599510161,-35.0492426350595,-0.932663465127326,0.018042085673726,1.4994986004907,-35.5989940746951,0.0653983441036906,-0.0409487789750705
3.9,106.652742708461,102,-17.3880599510161,-34.6962160291503,-0.853070579608042,0.0976349711930095,1.48545851859134,-35.3243118258557,0.11869153997672,-0.0396264599737612
3.91666666666667,106.573594389709,103,-16.3880599510161,-34.3576712371767,-0.772995070946257,0.177710479854794,1.47285534713764,-34.979047992528,0.170003190059049,-0.0381731782296108
3.93333333333333,106.498417553642,103,-16.3880599510161,-33.9318741101609,-0.700300602602232,0.25040494819882,1.46162563640052,-34.5972849760534,0.215214308767122,-0.0368071227594468
3.95,106.427407116372,104,-15.3880599510161,-33.5165177313744,-0.629466129039218,0.321239421761834,1.45169511264213,-34.1642843876356,0.257483418404377,-0.0353881488278219
3.96666666666667,106.360840977887,104,-15.3880599510161,-33.0112443880273,-0.56600583642952,0.384699714371532,1.44298169183179,-33.7059091341387,0.293983623614635,-0.0340724108035824
3.98333333333333,106.299068068541,105,-14.3880599510161,-32.5150679316425,-0.503125562031207,0.447579988769845,1.43542219362638,-33.2018880948423,0.328539756195849,-0.032684408603109
4,106.242435631407,105,-14.3880599510161,-31.928769727631,-0.445802792599418,0.504902758201634,1.4289603633763,-32.6746662294648,0.358571831119462,-0.031363646388382
4.01666666666667,106.191242795734,105,-14.3880599510161,-31.3522724431705,-0.386141326567993,0.564564224233059,1.42357238060766,-32.1021221561649,0.387854824380667,-0.0299301342554304
4.03333333333333,106.145722066666,106,-13.3880599510161,-30.783282246736,-0.330417360628767,0.620288190172285,1.41923930256176,-31.5059550763142,0.413625596619794,-0.0285259649017509
4.05,106.106036083012,106,-13.3880599510161,-30.1234911857104,-0.281158926784443,0.669546624016608,1.41587008692629,-30.9007666998891,0.434674623527707,-0.0272271899855532
4.06666666666667,106.072282151507,106,-13.3880599510161,-29.4737847476537,-0.230056818579583,0.720648732221469,1.41342946560863,-30.2588852679821,0.455594758374976,-0.025814976420908
4.08333333333333,106.044500264176,106,-13.3880599510161,-28.8327745524538,-0.181553070675827,0.769152480125225,1.41190571821468,-29.5983181846646,0.474020864987612,-0.0244106201891465
4.1,106.022682205506,106,-13.3880599510161,-28.1992070134771,-0.137943463119791,0.812762087681261,1.41123189269983,-28.9314533064032,0.488827779855065,-0.0230818283167069
4.11666666666667,106.006780474578,106,-13.3880599510161,-27.5721884147578,-0.100081678139269,0.850623872661783,1.41131547155742,-28.2663149379916,0.499705043307399,-0.021859351163828
4.13333333333333,105.996716397005,106,-13.3880599510161,-26.9512593296207,-0.0679317226680914,0.88277382813296,1.41205759519075,-27.6077499227035,0.506829610021125,-0.0207503582294845
4.15,105.992387171495,106,-13.3880599510161,-26.3363779701608,-0.0409732731180371,0.909732277683015,1.41336434451823,-26.9584380944905,0.510630122525498,-0.0197484812529296
4.16666666666667,105.99367180363,106,-13.3880599510161,-25.7278556618106,-0.0184795305234935,0.932226020277558,1.41515237267684,-26.3196895469705,0.511628627246032,-0.0188408689630982
4.18333333333333,106.000436083248,106,-13.3880599510161,-25.1262736541431,0.000306917840353175,0.951012468641405,1.41735079422194,-25.6920328647481,0.510343029290586,-0.018012788256937
4.2,106.012536705455,106,-13.3880599510161,-24.5323994368057,0.0160744524105078,0.96678000321156,1.41990081023947,-25.0756208133952,0.50723410248071,-0.0172503489225227
4.21666666666667,106.029824443208,106,-13.3880599510161,-23.9471125769449,0.0293960447982631,0.980101595599315,1.42275414104668,-24.4704891545978,0.502683030830153,-0.0165418853504034
4.23333333333333,106.052146662477,106,-13.3880599510161,-23.3713444689052,0.0407174137493181,0.99142296455037,1.42587099126532,-23.8767051426059,0.496988264986687,-0.0158784429622727
4.25,106.079349288853,106,-13.3880599510161,-22.8060327969795,0.0503654522348842,1.00107100303594,1.42921799811963,-23.2944385099251,0.490373313916554,-0.0152537182774056
4.26666666666667,106.111278267344,106,-13.3880599510161,-22.2520894526342,0.0585667674690412,1.00927231827009,1.43276641157007,-22.7239818963433,0.48299961637774,-0.0146637070040506
4.28333333333333,106.14778066603,106,-13.3880599510161,-21.710379665101,0.0654695994942791,1.01617515029533,1.43649061534149,-22.1657413465422,0.474980697436788,-0.0141062333023031
4.3,106.188705512461,106,-13.3880599510161,-21.1817098252458,0.0711650391679921,1.02187058996904,1.44036700885036,-21.6202116457436,0.466395383406514,-0.0135804688151893
4.31666666666667,106.233904406262,106,-13.3880599510161,-20.6668216212561,0.075705393035812,1.02641094383686,1.44437321895262,-21.087946344468,0.457298965285504,-0.0130865021332528
4.33333333333333,106.28323194636,106,-13.3880599510161,-20.1663904559853,0.0791188470603873,1.02982439786144,1.44848758606349,-20.5695284882681,0.447731940903784,-0.0126249860800257
4.35,106.336545975219,106,-13.3880599510161,-19.681026542859,0.0814203938126575,1.03212594461371,1.45268886228289,-20.0655452705571,0.43772641413204,-0.0121968688078124
4.36666666666667,106.393707639312,106,-13.3880599510161,-19.211277496358,0.0826194368762451,1.0333249876773,1.45695606260121,-19.5765679211958,0.427310465853328,-0.0118032022800886
4.38333333333333,106.45458137241,106,-13.3880599510161,-18.757631599301,0.0827246842626163,1.03343023506367,1.46126841897607,-19.1031369474441,0.416510904361764,-0.011445015662165
4.4,106.51903484806,106,-13.3880599510161,-18.320521223977,0.0817469802272718,1.03245253102832,1.46560539766611,-18.6457521748878,0.405354806529825,-0.0111232392707141
4.41666666666667,106.586938905945,107,-12.3880599510161,-17.9003261057771,0.0797006702425837,1.03040622104364,1.46994675060427,-18.2048667331184,0.393870215438642,-0.0108386653695888
4.43333333333333,106.658167457741,107,-12.3880599510161,-17.401093714681,0.0766039950690795,1.02730954587013,1.47427258067751,-17.7808840637189,0.382086292794181,-0.0105919340358799
4.45,106.732597378614,107,-12.3880599510161,-16.9254635828491,0.0815791062549435,0.950705550801052,1.47864600795305,-17.3373257112713,0.37486015997399,-0.0101334746963195
4.46666666666667,106.810108392888,107,-12.3880599510161,-16.4759791295794,0.0973053093186449,0.950705550801052,1.48165288325477,-16.8843514838174,0.376233410173338,-0.00958483681872725
4.48333333333333,106.89058302535,107,-12.3880599510161,-16.0546565119196,0.11322694202747,0.950705550801052,1.4846842204667,-16.4313834012433,0.377921834923587,-0.00904745013556369
4.5,106.973906685413,108,-11.3880599510161,-15.6605042977548,0.12653945775091,0.950705550801052,1.48773844259704,-15.9889788809315,0.378385537957513,-0.0085948465850021
4.51666666666667,107.059967726505,108,-11.3880599510161,-15.1962227749892,0.135560442880817,0.950705550801052,1.49081401725287,-15.5645248896961,0.376679615234778,-0.00826838143619277
4.53333333333333,107.148657433819,108,-11.3880599510161,-14.7631334181674,0.148935859451465,0.950705550801052,1.49390945561019,-15.1260091415007,0.377495791641459,-0.00783628605376827
4.55,107.239869968397,108,-11.3880599510161,-14.3599733002823,0.162211442178536,0.950705550801052,1.49702331140571,-14.6887377095802,0.378423318564544,-0.00741963205226727
4.56666666666667,107.333502286416,108,-11.3880599510161,-13.9854697783237,0.172534017358574,0.950705550801052,1.50015417994974,-14.26363563955,0.377895471999151,-0.00709303754317216
4.58333333333333,107.429454045338,109,-10.3880599510161,-13.6383477971813,0.178236498977788,0.950705550801052,1.50330069716,-13.8582304351237,0.374975239433901,-0.0068972213677143
4.6,107.527627504289,109,-10.3880599510161,-13.2210538026457,0.178514231875678,0.950705550801052,1.50646153861567,-13.4774374791466,0.369187453222581,-0.00684871650622714
4.61666666666667,107.627927423423,109,-10.3880599510161,-12.8346832184119,0.1826800850549,0.950705550801052,1.5096354186315,-13.087238164684,0.365584887984924,-0.0066973601291754
4.63333333333333,107.730260965346,110,-9.38805995101613,-12.4777729480094,0.186776422365762,0.950705550801052,1.51282108935149,-12.7013191856905,0.362029544045832,-0.00655096653479609
4.65,107.834537600554,110,-9.38805995101613,-12.0525916217975,0.188310034707001,0.950705550801052,1.5160173398617,-12.3293073167865,0.357156096973639,-0.0064749697585417
4.66666666666667,107.940669018102,110,-9.38805995101613,-11.6600668358621,0.195370565148676,0.950705550801052,1.51922299532193,-11.9407510130327,0.355368339080416,-0.00625414341353621
4.68333333333333,108.048569042195,111,-8.38805995101613,-11.2985773926734,0.203133999108987,0.950705550801052,1.52243691611572,-11.5520040665336,0.354065022550635,-0.00602061525499985
4.7,108.158153555007,111,-8.38805995101613,-10.8702432674451,0.208511864626572,0.950705550801052,1.52565799701855,-11.1746565869921,0.351559364404937,-0.00585613699140147
4.71666666666667,108.269340425789,111,-8.38805995101613,-10.4758525505112,0.219202235050902,0.950705550801052,1.52888516638356,-10.7796736255905,0.35204081596527,-0.00555585835638018
4.73333333333333,108.382049446119,112,-7.38805995101613,-10.1136533787637,0.23014048992822,0.950705550801052,1.53211738534476,-10.3844040557344,0.352773692385791,-0.0052579378777438
4.75,108.496202271041,112,-7.38805995101613,-9.68564358298715,0.238107538764358,0.950705550801052,1.53535364703715,-10.0011110230327,0.351995444908482,-0.00504704406811822
4.76666666666667,108.611722365718,112,-7.38805995101613,-9.29249730404076,0.250749214292073,0.950705550801052,1.53859297583349,-9.60118923039881,0.353861977475519,-0.00471907144983463
4.78333333333333,108.728534957214,113,-6.38805995101613,-8.93235659330909,0.263002859770701,0.950705550801052,1.54183442659739,-9.20223571265184,0.355633629096249,-0.00441146469367972
4.8,108.846566990943,113,-6.38805995101613,-8.50712072640577,0.271687255501253,0.950705550801052,1.54507708395244,-8.81662870818199,0.355563816320185,-0.00420725355986386
4.81666666666667,108.965747091352,113,-6.38805995101613,-8.11737248500348,0.284508335282162,0.950705550801052,1.5483200615669,-8.41578257563411,0.357837101162068,-0.00390016233953691
4.83333333333333,109.086005526363,114,-5.38805995101613,-7.76116942393357,0.296475708921445,0.950705550801052,1.55156250145385,-8.01724758856814,0.359749793724112,-0.00362521849317512
4.85,109.207274175165,114,-5.38805995101613,-7.34033285406587,0.304485328939806,0.950705550801052,1.55480357328628,-7.63331098137617,0.359594672890238,-0.00346298820626632
4.86666666666667,109.329486498916,114,-5.38805995101613,-6.95537379719256,0.316320108632991,0.950705550801052,1.55804247372701,-7.23526862207871,0.361596261764146,-0.00320482242435852
4.88333333333333,109.452577513958,115,-4.38805995101613,-6.60428393124278,0.327062996494999,0.950705550801052,1.56127842577297,-6.84053729629326,0.363089505229409,-0.0029835537542244
4.9,109.576483767202,115,-4.38805995101613,-6.18882425736926,0.333677441048976,0.950705550801052,1.56451067811365,-6.46126490148734,0.362403225243581,-0.00287778428134485
4.91666666666667,109.701143313317,116,-3.38805995101613,-5.80945074601913,0.344006735421931,0.950705550801052,1.56773850450346,-6.06860866929558,0.363794626481856,-0.00267715749740866
4.93333333333333,109.82649569343,116,-3.38805995101613,-5.36782237194524,0.353186498143432,0.950705550801052,1.5709612031476,-5.67985199304352,0.364627570861965,-0.0025130621971259
4.95,109.952481915065,116,-3.38805995101613,-4.96429378144637,0.367730691497495,0.950705550801052,1.57417809610127,-5.27007101153901,0.36845259007958,-0.00221295294872563
4.96666666666667,110.079044433057,116,-3.38805995101613,-4.59670635766588,0.381829815462574,0.950705550801052,1.57738852868192,-4.85950586826856,0.372126827798522,-0.00193458358468145
4.98333333333333,110.206127131241,116,-3.38805995101613,-4.2629595739886,0.391840565902402,0.950705550801052,1.58059186889426,-4.46237897095193,0.373650925358104,-0.00177307553228271
5,110.333675304706,116,-3.38805995101613,-3.96101499494941,0.395708096636024,0.950705550801052,1.58378750686779,-4.08828646878685,0.371870081347943,-0.00177832485376563
5.01666666666667,110.461635642459,116,-3.38805995101613,-3.68889953757289,0.392518362213574,0.950705550801052,1.58697485430654,-3.74330349972966,0.366241395589685,-0.00196837969886903
5.03333333333333,110.589956210359,116,-3.38805995101613,-3.44470805749117,0.382154070130662,0.950705550801052,1.59015334395094,-3.43085809858445,0.356654164273297,-0.0023396242168413
5.05,110.718586434185,116,-3.38805995101613,-3.22660532051032,0.365032811580028,0.950705550801052,1.5933224290513,-3.15241862418952,0.34329230941262,-0.00287444354132371
5.06666666666667,110.847477082752,116,-3.38805995101613,-3.03282741672074,0.341910064342713,0.950705550801052,1.59648158285294,-2.90803130108863,0.326530188082887,-0.00354691267002836
5.08333333333333,110.976580250979,116,-3.38805995101613,-2.86168267077987,0.313733130805677,0.950705550801052,1.59963029809251,-2.69673767411245,0.306854714351448,-0.00432694466691843
5.1,111.105849342858,116,-3.38805995101613,-2.71155209864243,0.281534821635685,0.950705550801052,1.60276808650547,-2.51689619059731,0.284808105196717,-0.00518324627486921
5.11666666666667,111.235239054253,115,-4.38805995101613,-2.58088945777705,0.24635793174503,0.950705550801052,1.60589447834431,-2.36642754442382,0.260946685575932,-0.00608535814904551
5.13333333333333,111.364705355506,115,-4.38805995101613,-2.56450354392154,0.209203371224492,0.950705550801052,1.60900902190742,-2.24299966408235,0.235812102337611,-0.00700499953667584
5.15,111.494205473806,115,-4.38805995101613,-2.55863587332637,0.161490625146803,0.950705550801052,1.61211128307837,-2.18111177841147,0.204715345194525,-0.00816685208375406
5.16666666666667,111.623697875326,114,-5.38805995101613,-2.56217237837768,0.108233108129164,0.950705550801052,1.61520084487537,-2.16605006106075,0.170342577609744,-0.00942998126014525
5.18333333333333,111.753142247088,114,-5.38805995101613,-2.67035648034657,0.0531467926034192,0.950705550801052,1.61827730701064,-2.18611386029433,0.134707911368001,-0.0106925932750236
5.2,111.882499478586,114,-5.38805995101613,-2.77986437151015,-0.0105808842703792,0.950705550801052,1.62134028545964,-2.26898826496308,0.0940959554053107,-0.0121334069628852
5.21666666666667,112.011731643144,114,-5.38805995101613,-2.8900145711931,-0.0768733705309484,0.950705550801052,1.6243894120398,-2.39512972154575,0.0517926430629104,-0.0135857310036611
5.23333333333333,112.140801979042,114,-5.38805995101613,-3.00019649254341,-0.141467184783414,0.950705550801052,1.62742433399864,-2.54953718553408,0.0101360142462532,-0.0149365297348023
5.25,112.269674870407,113,-6.38805995101613,-3.10986573720724,-0.201490658634245,0.950705550801052,1.63044471361109,-2.72081618320302,-0.0292681891608528,-0.0161134594095349
5.26666666666667,112.398315827895,113,-6.38805995101613,-3.31482218543573,-0.255129195799727,0.950705550801052,1.63345022778574,-2.90042248938941,-0.0653745799151106,-0.0170746305821329
5.28333333333333,112.526691469183,113,-6.38805995101613,-3.51228398158582,-0.310866201143349,0.950705550801052,1.63644056767998,-3.11899921674666,-0.102758282336641,-0.0180505294773636
5.3,112.654769499301,113,-6.38805995101613,-3.70209600565112,-0.364079128533107,0.950705550801052,1.63941543832366,-3.35974246929243,-0.138889121513604,-0.0189187293698769
5.31666666666667,112.78251869081,113,-6.38805995101613,-3.88415754991412,-0.411757714739382,0.950705550801052,1.6423745582513,-3.61016405345508,-0.172087359570144,-0.0196036322274013
5.33333333333333,112.909908863875,113,-6.38805995101613,-4.05841690113329,-0.452099987563091,0.950705550801052,1.64531765914244,-3.86115549264199,-0.201315507085803,-0.020064190935257
5.35,113.036910866247,113,-6.38805995101613,-4.22486627086656,-0.484195172107956,0.950705550801052,1.64824448547024,-4.10623761211025,-0.226014215919163,-0.0202843452042281
5.36666666666667,113.163496553177,113,-6.38805995101613,-4.38353706099394,-0.507776385593972,0.950705550801052,1.65115479415786,-4.34096098452417,-0.245973670266293,-0.0202656271881351
5.38333333333333,113.289638767298,113,-6.38805995101613,-4.53449545126237,-0.523029190562488,0.950705550801052,1.65404835424274,-4.56242875319048,-0.261233474746819,-0.0200214952109286
5.4,113.415311318502,113,-6.38805995101613,-4.67783829552635,-0.530444688659687,0.950705550801052,1.65692494654834,-4.76891849435711,-0.272005339866708,-0.0195730379435261
5.41666666666667,113.540488963827,113,-6.38805995101613,-4.81368931329045,-0.530707980501278,0.950705550801052,1.65978436336347,-4.95958402562658,-0.278613934619431,-0.0189457600897726
5.43333333333333,113.665147387393,113,-6.38805995101613,-4.94219556316543,-0.52461457294753,0.950705550801052,1.66262640812881,-5.13422156745866,-0.281452153400852,-0.0181672168050777
5.45,113.789263180398,113,-6.38805995101613,-5.0635241849201,-0.513008751163127,0.950705550801052,1.66545089513061,-5.29308754640172,-0.280947763195777,-0.0172653098919373
5.46666666666667,113.912813821211,113,-6.38805995101613,-5.17785939693952,-0.496739105284297,0.950705550801052,1.66825764920138,-5.43675769825182,-0.277538984858312,-0.01626709612635
5.48333333333333,114.035777655576,113,-6.38805995101613,-5.28539973607952,-0.476627356945855,0.950705550801052,1.67104650542737,-5.56601907512814,-0.271657042250974,-0.0151979883853695
5.5,114.158133876945,113,-6.38805995101613,-5.38635552713056,-0.453447407915195,0.950705550801052,1.67381730886286,-5.68178815592285,-0.263714104096127,-0.0140812548236924
5.51666666666667,114.279862506973,113,-6.38805995101613,-5.48094656936666,-0.427912163566019,0.950705550801052,1.67656991425092,-5.78504956576093,-0.25409536142209,-0.0129377412231865
5.53333333333333,114.400944376174,113,-6.38805995101613,-5.56940002794965,-0.400666194294526,0.950705550801052,1.67930418575059,-5.87681097765531,-0.243154241526054,-0.0117857576694726
5.55,114.521361104781,113,-6.38805995101613,-5.6519485182824,-0.372282710030043,0.950705550801052,1.6820199966704,-5.95807064049197,-0.231209968232503,-0.0106410835996296
5.56666666666667,114.641095083795,113,-6.38805995101613,-5.72882837175092,-0.343263654698156,0.950705550801052,1.68471722920806,-6.02979468665711,-0.218546846823118,-0.00951705559575311
5.58333333333333,114.760129456268,113,-6.38805995101613,-5.80027807166078,-0.314041993668243,0.950705550801052,1.68739577419606,-6.09290194886231,-0.205414787713219,-0.00842471054816885
5.6,114.878448098809,113,-6.38805995101613,-5.86653684855416,-0.284985480045683,0.950705550801052,1.69005553085333,-6.14825448288831,-0.19203069181569,-0.00737296337189557
5.61666666666667,114.996035603343,112,-7.38805995101613,-5.92784342448619,-0.25640135516548,0.950705550801052,1.69269640654253,-6.19665237076244,-0.178580407556522,-0.00636880365210509
5.63333333333333,115.112877259118,112,-7.38805995101613,-6.08071750536853,-0.228541573024959,0.950705550801052,1.69531831653312,-6.23883168357939,-0.165221038787406,-0.00541749968218925
5.65,115.22895903499,112,-7.38805995101613,-6.22303710978505,-0.211113904679625,0.950705550801052,1.69792118376984,-6.31241134797405,-0.157280131829701,-0.00477276275378941
5.66666666666667,115.344267561964,112,-7.38805995101613,-6.35525031490356,-0.200091659146867,0.950705550801052,1.70050493864673,-6.40575042900001,-0.152640310127338,-0.00431792817486007
5.68333333333333,115.458790116037,112,-7.38805995101613,-6.47780612998888,-0.192599967768149,0.950705550801052,1.70306951878636,-6.5101060457946,-0.149782314112892,-0.00397074075019307
5.7,115.572514601312,112,-7.38805995101613,-6.59115219065867,-0.186643113207802,0.950705550801052,1.7056148688243,-6.61901404560233,-0.147645431130638,-0.00367497830529775
5.71666666666667,115.685429533413,111,-8.38805995101613,-6.69573271041741,-0.180889282712988,0.950705550801052,1.70814094019865,-6.72779139928901,-0.145516964775533,-0.00339387679733109
5.73333333333333,115.7975240232,111,-8.38805995101613,-6.88826928069918,-0.174501544166073,0.950705550801052,1.71064769094454,-6.83313767142621,-0.142945133005142,-0.00310500009273127
5.75,115.908787760779,111,-8.38805995101613,-7.06683760030909,-0.176511575562518,0.950705550801052,1.71313508549351,-6.96976358768995,-0.144867508460942,-0.00304622547462014
5.76666666666667,116.019210999816,111,-8.38805995101613,-7.23207870773332,-0.182521679168939,0.950705550801052,1.71560309447765,-7.12399364197907,-0.148939959227943,-0.00309367187263679
5.78333333333333,116.128784542162,110,-9.38805995101613,-7.38462942002449,-0.189507155576092,0.950705550801052,1.7180516945384,-7.28572099616624,-0.153536100453588,-0.00316397204659403
5.8,116.237499722777,110,-9.38805995101613,-7.6214022740852,-0.195478743354644,0.950705550801052,1.72048086813991,-7.44762698920315,-0.157573840276595,-0.00320397106493424
5.81666666666667,116.34534839497,110,-9.38805995101613,-7.84066149880059,-0.208723288714454,0.950705550801052,1.72289060338685,-7.64150280859231,-0.165575410786397,-0.00343265346686395
5.83333333333333,116.452322915935,109,-10.3880599510161,-8.0432335841845,-0.224401263592318,0.950705550801052,1.72528089384662,-7.85160630668984,-0.174942380010818,-0.0037159057921608
5.85,116.558416132601,109,-10.3880599510161,-8.32621975340114,-0.239267571848349,0.950705550801052,1.7276517383758,-8.06642074953865,-0.183912828042698,-0.00396633658471047
5.86666666666667,116.663621367783,109,-10.3880599510161,-8.58807111573067,-0.260776424289675,0.950705550801052,1.73000314095082,-8.31466503177878,-0.196551660261715,-0.00438105207989737
5.88333333333333,116.767932406639,108,-11.3880599510161,-8.82979851442258,-0.28357202144469,0.950705550801052,1.73233511050272,-8.57840078302217,-0.209970570563102,-0.00481317346367876
5.9,116.871343483422,108,-11.3880599510161,-9.1486843682048,-0.304125792422406,0.950705550801052,1.73464766075585,-8.84459159969775,-0.222241983954303,-0.00516913675759525
5.91666666666667,116.973849268534,108,-11.3880599510161,-9.44335727774936,-0.329776337179029,0.950705550801052,1.73694081007057,-9.14095445643123,-0.237355624082648,-0.00564452655293362
5.93333333333333,117.075444855874,108,-11.3880599510161,-9.71500140459236,-0.355170046773168,0.950705550801052,1.73921458128976,-9.4489409562077,-0.252412324162613,-0.00609411042137043
5.95,117.176125750475,108,-11.3880599510161,-9.96478530602278,-0.376860098475422,0.950705550801052,1.74146900158906,-9.75519730090727,-0.265517871860881,-0.00642801885454563
5.96666666666667,117.275887856435,107,-12.3880599510161,-10.193857893411,-0.392811845168604,0.950705550801052,1.74370410233083,-10.0503912292359,-0.27552759253172,-0.00659678323666218
5.98333333333333,117.374727465122,107,-12.3880599510161,-10.4996275352733,-0.402017625771512,0.950705550801052,1.74591991892159,-10.3282771610196,-0.2818465900583,-0.00657977406438743
6,117.472641243668,107,-12.3880599510161,-10.7808373621079,-0.413704716270714,0.950705550801052,1.74811649067313,-10.6219010032311,-0.289471303966017,-0.00662630603032034
6.01666666666667,117.569680027725,108,-11.3880599510161,-11.0387753238696,-0.424984192374728,0.950705550801052,1.75029386066694,-10.9168690558408,-0.296251906517477,-0.006629897978215
6.03333333333333,117.66636355357,108,-11.3880599510161,-11.1784210732923,-0.432339969659424,0.950705550801052,1.75245207562204,-11.2030427574534,-0.30084161223476,-0.00652784568248328
6.05,117.763206013967,108,-11.3880599510161,-11.3033642435647,-0.424934968367318,0.950705550801052,1.7545911857661,-11.4366096965011,-0.297289155272694,-0.00603900439245689
6.06666666666667,117.860732785103,108,-11.3880599510161,-11.4145889419607,-0.406418101526612,0.950705550801052,1.75671124470976,-11.6254471815272,-0.287492505118983,-0.00527338014861526
6.08333333333333,117.959984590096,108,-11.3880599510161,-11.5130396985991,-0.379800994472382,0.950705550801052,1.75881230932414,-11.7763502087959,-0.273031692252333,-0.00432036926225013
6.1,118.062313108113,109,-10.3880599510161,-11.5996211294733,-0.347551318363599,0.950705550801052,1.76089443962135,-11.8951688545096,-0.255213863445993,-0.0032519211015119
6.11666666666667,118.169401418646,109,-10.3880599510161,-11.5789152229301,-0.311674150940671,0.950705550801052,1.7629576986381,-11.9869301531591,-0.23511273377167,-0.00212527861808403
6.13333333333333,118.283578518852,109,-10.3880599510161,-11.554103126821,-0.264277025398612,0.950705550801052,1.7650021523222,-12.0189992287194,-0.208406334837336,-0.000735384357339842
6.15,118.408646405333,110,-9.38805995101613,-11.5257528234086,-0.210826920808289,0.950705550801052,1.76702786942192,-12.0073188265366,-0.178024916975708,0.000764065956395718
6.16666666666667,118.551214431778,110,-9.38805995101613,-11.3981053421145,-0.15532219345519,0.950705550801052,1.76903492137826,-11.9643377811552,-0.14613646245401,0.00226347384124021
6.18333333333333,118.721209235993,111,-8.38805995101613,-11.2739986906099,-0.0911101993445837,0.950705550801052,1.77102338221983,-11.8627604729834,-0.109114527068982,0.00393725373982158
6.2,118.929841347721,111,-8.38805995101613,-11.0573748422909,-0.0243421011425258,0.950705550801052,1.77299332846055,-11.7222569304221,-0.0702884431504217,0.00561680902810126
6.21666666666667,119.186679688252,111,-8.38805995101613,-10.8507719560443,0.0502069363741155,0.950705550801052,1.77494483899994,-11.5208196672338,-0.0268121021719718,0.00743873620874536
6.23333333333333,119.498628991167,112,-7.38805995101613,-10.6541155311336,0.12549987677284,0.950705550801052,1.77687799502595,-11.2819019109676,0.0174915194643933,0.00921224009764131
6.25,119.87050697479,112,-7.38805995101613,-10.3710077193187,0.196768776619898,0.950705550801052,1.77879287992035,-11.0230631672505,0.0599908124834715,0.010813059027679
6.26666666666667,120.305651883635,113,-6.38805995101613,-10.1036540008516,0.270466966126277,0.950705550801052,1.78068957916658,-10.7202887664932,0.104157769002188,0.0124165267360416
6.28333333333333,120.805622499183,113,-6.38805995101613,-9.75537258742583,0.340637496068907,0.950705550801052,1.78256818025999,-10.3951509321959,0.146725186577507,0.0138653411116291
6.3,121.370604806191,114,-5.38805995101613,-9.42808875192558,0.41295861786719,0.950705550801052,1.78442877262042,-10.0265204856238,0.190747057987506,0.0153138603539048
6.31666666666667,121.99971404645,114,-5.38805995101613,-9.02484520150542,0.481004836568876,0.950705550801052,1.78627144750711,-9.63798316031893,0.23270034434704,0.0165926213225052
6.33333333333333,122.691155894172,115,-4.38805995101613,-8.64729724896935,0.55020884244496,0.950705550801052,1.78809629793587,-9.209754555954,0.275502062874368,0.017850126226859
6.35,123.442361581746,115,-4.38805995101613,-8.19822390881109,0.614058162818944,0.950705550801052,1.78990341859838,-8.76625739494829,0.315577523254764,0.0189154437781602
6.36666666666667,124.250128849544,116,-3.38805995101613,-7.7790236822284,0.678007654135623,0.950705550801052,1.79169290578373,-8.28816377322286,0.355851536567798,0.0199385386616465
6.38333333333333,125.110820697808,117,-2.38805995101613,-7.29222616633992,0.735638706143674,0.950705550801052,1.79346485730199,-7.80007233773084,0.392796928857249,0.0207517822612679
6.4,126.020339898963,117,-2.38805995101613,-6.74270565118485,0.79254370818091,0.950705550801052,1.79521937240985,-7.28262852968211,0.429410882524879,0.0215094779576765
6.41666666666667,126.9741477399,118,-1.38805995101613,-6.23139735877973,0.801705673733752,1.7524112245348,1.80723519611107,-6.74170270137342,0.421583921675461,0.022317799928577
6.43333333333333,127.967322381497,119,-0.388059951016132,-5.63247931899781,0.80140561340178,1.75211116420283,1.82085252834487,-6.22452802899798,0.406091091630899,0.0230697114030189
6.45,128.994616379708,120,0.611940048983868,-4.92582472923093,0.802925731114424,1.75363128191548,1.8360046485028,-5.68926835050956,0.389200436050163,0.0240556037456695
6.46666666666667,130.05051989919,121,1.61194004898387,-4.12170617105564,0.822213650772138,1.77291920157319,1.85131407749084,-5.10156701141835,0.382204133128007,0.0255099023214162
6.48333333333333,131.12933718121,122,2.61194004898387,-3.22907729952863,0.862238027307889,1.81294357810894,1.86710282334508,-4.4366627349195,0.386260882589329,0.0275360732593111
6.5,132.225280335205,123,3.61194004898387,-2.25501715360442,0.92261158526058,1.87331713606163,1.88371215438496,-3.68181525206755,0.400693412762416,0.0301484543218087
6.51666666666667,133.3325797156,124,4.61194004898387,-1.20480986026403,1.00114546750649,1.95185101830754,1.90146028456394,-2.83238854258879,0.423891035546258,0.0333108385449344
6.53333333333333,134.445605228619,125,5.61194004898387,-0.082203286498595,1.09490941056648,2.04561496136753,1.92062168974424,-1.88877404670783,0.453912449831656,0.0369634522753016
6.55,135.558988845141,127,7.61194004898387,1.11026474203755,1.20089840227241,2.15160395307346,1.94142066409029,-0.854130416927709,0.488854514649344,0.0410404504110827
6.56666666666667,136.667736703797,128,8.61194004898387,2.46722408501883,1.31640661737819,2.26711216817925,1.96403342444832,0.267168197092072,0.527050132878324,0.0454801926332966
6.58333333333333,137.767320298425,129,9.61194004898387,3.88526442778835,1.4482979482589,2.39900349905996,1.9886772553465,1.50734793825313,0.571976627163196,0.0504804366808825
6.6,138.853739739552,131,11.6119400489839,5.36423323030591,1.59015048540444,2.54085603620549,2.01556360728274,2.84939348301286,0.619912657904018,0.0558819479597803
6.61666666666667,139.923556615701,132,12.6119400489839,7.00089143374034,1.73761729559416,2.68832284639521,2.04481450891181,4.2799033673664,0.668392921168461,0.0615743511264021
6.63333333333333,140.973898185574,134,14.6119400489839,8.6935474379356,1.8970844223845,2.84778997318555,2.07657598397541,5.82573860103274,0.720748960966188,0.0677367326453119
6.65,142.002437665154,135,15.6119400489839,10.5396006223079,2.06234521470425,3.0130507655053,2.11098643100201,7.46711931766503,0.773489197704375,0.0742097806638115
6.66666666666667,143.007356791115,136,16.6119400489839,12.4380263169248,2.23872359447757,3.18942914527862,2.14818422394577,9.2264306710308,0.829385474727684,0.0811432647194483
6.68333333333333,143.987296905847,138,18.6119400489839,14.3905290440718,2.41951116034964,3.37021671115069,2.18828733447381,11.0809583531701,0.884707859780952,0.0883626733830102
6.7,144.941304001885,139,19.6119400489839,16.4951832938538,2.60079545236001,3.55150100316107,2.23132597922002,13.0144881025312,0.937367412013774,0.0957619877331908
6.71666666666667,145.868772006084,140,20.6119400489839,18.6511253159519,2.78974288433133,3.74044843513238,2.27736475804582,15.0529353318528,0.991241538064289,0.103534853135277
6.73333333333333,146.769387456761,141,21.6119400489839,20.8599049279952,2.98102767196238,3.93173322276343,2.32647463146134,17.1766704791883,1.04341635452131,0.111540378130572
6.75,147.643077564356,142,22.6119400489839,23.1229905928048,3.17170892616352,4.12241447696457,2.37865829788146,19.3719471541124,1.09236710789574,0.119696639635425
6.76666666666667,148.489962834799,143,23.6119400489839,25.441484456385,3.36048776460251,4.31119331540356,2.43388351014591,21.6296796088411,1.13750629326729,0.127963301600242
6.78333333333333,149.310314864264,144,24.6119400489839,27.8160097956314,3.54711061941908,4.49781617022013,2.49210525052951,23.9442340556451,1.17882786641137,0.136327283990215
6.8,150.10451946322,145,25.6119400489839,30.2467062296616,3.7319217304431,4.68262728124416,2.55327924210421,26.3123679096026,1.21664528565423,0.144791762937588
6.81666666666667,150.87304485793,145,25.6119400489839,32.7332847930859,3.91554917813823,4.86625472893928,2.61736915705072,28.7323732324884,1.25141127410699,0.153368269943845
6.83333333333333,151.616414603431,146,26.6119400489839,35.1788270795911,4.09870041763371,5.04940596843477,2.68434954482564,31.2034315261538,1.28360320389037,0.162071403976025
6.85,152.335184825123,146,26.6119400489839,37.6847940802888,4.27294125574616,5.22364680654721,2.75412348394299,33.6883279050723,1.30883067733836,0.170665527452797
6.86666666666667,153.029925367255,147,27.6119400489839,40.1532945567878,4.44352945515631,5.39423500595737,2.8265764694392,36.1995559354199,1.33015583917338,0.179281131113969
6.88333333333333,153.701204338998,147,27.6119400489839,42.6845269926114,4.60489526448538,5.55560081528643,2.901583691145,38.7097180708004,1.34477031451511,0.187757852416816
6.9,154.349575628006,148,28.6119400489839,45.1793427427222,4.76390651217068,5.71461206297174,2.97903953199706,41.2380917072216,1.35658585268084,0.196270529466884
6.91666666666667,154.975568940763,148,28.6119400489839,47.7368487316592,4.9157307193947,5.86643627019575,3.05884724295601,43.7616335500429,1.36314413329031,0.204681107975657
6.93333333333333,155.57968205691,148,28.6119400489839,50.2570393005194,5.06741024170703,6.01811579250808,3.14093659279286,46.3021577659686,1.36839278617015,0.213172115631071
6.95,156.162374976551,149,29.6119400489839,52.7421265992096,5.21395933704827,6.16466488784932,3.22524621804628,48.8378859833625,1.36973309124385,0.221604325832196
6.96666666666667,156.724065645946,149,29.6119400489839,55.2903538322592,5.35300571271411,6.30371126351516,3.3116546732356,51.354240058172,1.36606490876654,0.229904350768484
6.98333333333333,157.265126993048,150,30.6119400489839,57.8008362405643,5.49299230277285,6.4436978535739,3.40009878888732,53.8789651075167,1.36207441614976,0.238293308936073
7,157.785885044807,150,30.6119400489839,60.371313941865,5.62959222367545,6.5802977744765,3.4905411106196,56.3941705850464,1.35547618637632,0.24665187397282
7.01666666666667,158.286617932601,151,31.6119400489839,62.9008224479373,5.89394318774931,5.07646578222557,3.55757355215422,58.9696656935888,1.46339542991531,0.255117664023023
7.03333333333333,158.767555673154,151,31.6119400489839,65.4300727183793,6.15548104775152,5.25954228422712,3.6248631752441,61.6204948006081,1.571304174903,0.263300583954048
7.05,159.228881782731,152,32.6119400489839,67.8095959647501,6.39527994010267,5.42740150887292,3.69474798105858,64.3085983974342,1.66459321077955,0.271019150067481
7.06666666666667,159.670737754517,152,32.6119400489839,70.152436073325,6.59672301982386,5.56841166467775,3.76685974281344,66.9509874438437,1.7347407569832,0.277807921776174
7.08333333333333,160.093227390227,153,33.6119400489839,72.3703686840128,6.76272892757983,5.68461580010693,3.84075845283053,69.5330984614057,1.78390661160388,0.28372227777649
7.1,160.496402053776,154,34.6119400489839,74.5712813766079,6.88897478155285,5.77298789788805,3.91599242737331,72.0138474641329,1.81031932050979,0.288623329897525
7.11666666666667,160.880163906427,154,34.6119400489839,76.7581738754575,6.98556490971167,5.84060098759922,3.992150468226,74.4078124933381,1.81997893577159,0.292761487013753
7.13333333333333,161.244503385638,155,35.6119400489839,78.8358209191652,7.06366425364082,5.85070555080105,4.06837919233963,76.730638437679,1.82031554193154,0.296348093311809
7.15,161.589420283345,156,36.6119400489839,80.9048657029702,7.12140701640335,5.85070555080105,4.14423239461027,78.9611766610341,1.81093564673969,0.299295991202892
7.16666666666667,161.914887551755,156,36.6119400489839,82.9612948642852,7.16677880480236,5.85070555080105,4.21969690876733,81.1235266705239,1.79602881850221,0.301836352531547
7.18333333333333,162.220853712605,157,37.6119400489839,84.904960861312,7.20504559321141,5.85070555080105,4.29476547529352,83.2344248187984,1.77835059680714,0.304121396383786
7.2,162.50724533426,157,37.6119400489839,86.8348560902611,7.22998847440489,5.85070555080105,4.36943117101658,85.2680212187155,1.75441904884682,0.305995960373434
7.21666666666667,162.773969507726,158,38.6119400489839,88.6515797572099,7.24768503950995,5.85070555080105,4.44368740013099,87.2435248611769,1.72743731478658,0.307633944286187
7.23333333333333,163.020916277614,158,38.6119400489839,90.4547918723011,7.31869081940252,4.10070555080105,4.50412244498288,89.1490438300745,1.75452127605877,0.308892302342246
7.25,163.247961055078,159,39.6119400489839,92.0847890940889,7.4560853459831,4.10070555080105,4.54837831229864,91.082279717894,1.84625678975706,0.309787255682016
7.26666666666667,163.45496827875,159,39.6119400489839,93.5881278081974,7.56083722747139,4.10070555080105,4.59221783051104,92.9727836525764,1.9198627938242,0.309765925732184
7.28333333333333,163.641797535414,159,39.6119400489839,94.8797674403583,7.62439336342599,4.10070555080105,4.63564289408951,94.7734802377833,1.9704257916809,0.30863628958102
7.3,163.808309034957,160,40.6119400489839,95.9763690126976,7.63444109757564,4.10070555080105,4.67865544507811,96.4187197948658,1.99093493799974,0.306114743608584
7.31666666666667,163.954367482718,160,40.6119400489839,96.9900233910201,7.58676736850718,4.10070555080105,4.72125747106196,97.8687178749365,1.97874361850671,0.302141338814654
7.33333333333333,164.079844853391,160,40.6119400489839,97.8333446470417,7.49219428278352,4.10070555080105,4.76345100318696,99.1398303125182,1.93941950231823,0.297054152129248
7.35,164.184622408813,161,41.6119400489839,98.5207001956397,7.35144543192167,4.10070555080105,4.80523811423171,100.213195163252,1.87310492295951,0.290913965038676
7.36666666666667,164.268592174484,161,41.6119400489839,99.1619446802596,7.16858524430902,4.10070555080105,4.84662091673031,101.082841466639,1.78179178063946,0.283867597405421
7.38333333333333,164.33165801598,161,41.6119400489839,99.6675180789109,6.95931679542376,4.08239810874174,4.88757652902418,101.788905196908,1.67392425529854,0.276359721081724
7.4,164.373736410252,161,41.6119400489839,100.049042703933,6.73178443210377,3.98000854524775,4.92704083002723,102.330319662093,1.55579657774912,0.268484666547158
7.41666666666667,164.394756987971,161,41.6119400489839,100.313927798183,6.4932475244957,3.87266693682412,4.96434814109803,102.716057382783,1.43249344153059,0.260360146939615
7.43333333333333,164.394662970925,162,42.6119400489839,100.466268901011,6.24781997404597,3.76222453912174,4.99943517468075,102.95699615005,1.30631927297663,0.252094725060506
7.45,164.373411729433,162,42.6119400489839,100.606272476189,5.99883528206763,3.65018142773148,5.03226701003585,103.063242013962,1.17912910679125,0.243776128954939
7.46666666666667,164.330975494159,162,42.6119400489839,100.635449865313,5.75824933811527,3.54191775295292,5.06286924884881,103.08089706863,1.05740620168315,0.235723461311726
7.48333333333333,164.267342067543,162,42.6119400489839,100.558056117403,5.52367436810362,3.43635901644768,5.09130002517138,103.005799215625,0.939816718518941,0.227871329657394
7.5,164.182515474124,162,42.6119400489839,100.378632049473,5.29360643583793,3.33282844692812,5.11760346985981,102.835953077631,0.825519104832518,0.220178060039953
7.51666666666667,164.076516540909,162,42.6119400489839,100.101890177805,5.06721734636394,3.23095335666482,5.14181550858303,102.571199736698,0.714045914712711,0.212620125747508
7.53333333333333,163.949383405893,162,42.6119400489839,99.7326365421171,4.84417370681864,3.13058371886944,5.16396820311667,102.212875565011,0.605201694874186,0.205187302375559
7.55,163.801171954348,162,42.6119400489839,99.2757188333609,4.62448683591265,3.03172462696174,5.18409285453579,101.763490829449,0.498978738335781,0.197878648331612
7.56666666666667,163.631956184136,162,42.6119400489839,98.7359930544975,4.41898712348937,1.83450297549893,5.2000756648557,101.226942654872,0.405148383195336,0.19069925824283
7.58333333333333,163.441828536359,162,42.6119400489839,98.0800256635051,4.27659894966339,1.80602534073373,5.20187757736045,100.639697024461,0.368334274786907,0.183614189899723
7.6,163.230900990566,162,42.6119400489839,97.2812565658543,4.13057955192668,1.77682146118639,5.20138705943201,100.002016387774,0.330434597620137,0.176394743049722
7.61666666666667,162.999307654512,161,41.6119400489839,96.3571222813086,3.95059615154667,1.74082478111039,5.20294747388544,99.2688485218385,0.267080117189485,0.168813159124969
7.63333333333333,162.747206782608,161,41.6119400489839,95.227236123649,3.75682463221121,1.70207047724329,5.20200564243325,98.4111421317733,0.197541270110105,0.160826226303127
7.65,162.4747816311,161,41.6119400489839,94.0083297693494,3.53308695061438,1.65732294092393,5.20020070621439,97.3877194851651,0.109956218965073,0.152235663569984
7.66666666666667,162.182240603348,161,41.6119400489839,92.7131623146871,3.27331550446136,1.60536865169332,5.20030921297376,96.2165731380252,-0.00412083899859958,0.143263457896888
7.68333333333333,161.869816963724,161,41.6119400489839,91.3530227832779,2.99774691469237,2.29969166241262,5.19979925022745,94.9026294225808,-0.128999959078546,0.134132536343589
7.7,161.537768236604,161,41.6119400489839,89.9640121229414,2.714561461612,2.17225820852645,5.19872917650083,93.4599130927975,-0.260220158043651,0.12507608418305
7.71666666666667,161.186374853969,161,41.6119400489839,88.5756738550446,2.42208575962824,2.04064414263376,5.19941794400633,91.9267889347351,-0.402839259574225,0.116347413877229
7.73333333333333,160.815937671956,161,41.6119400489839,87.1857624455228,2.15049414807794,1.91842791743612,5.1977282101544,90.3357481378445,-0.532725883423611,0.10819408821609
7.75,160.426775835884,161,41.6119400489839,85.7924664650055,1.90459833400043,1.80777480110125,5.19384579870123,88.7184930357742,-0.64742631466164,0.100744620185332
7.76666666666667,160.019166399553,161,41.6119400489839,84.3949154323927,1.70036575280915,1.52457899237414,5.18500740647194,87.101192227896,-0.733078498438813,0.0940315273015418
7.78333333333333,159.593325950071,161,41.6119400489839,82.9867502621746,1.52077219650875,1.46396616712275,5.17453820439446,85.5002401462926,-0.804833695982943,0.0880079321239279
7.8,159.149620884099,161,41.6119400489839,81.5641309267674,1.3612038565684,1.41011185239289,5.16289499869983,83.9152607049945,-0.865830335215988,0.082586210719352
7.81666666666667,158.688436412008,161,41.6119400489839,80.1316414582819,1.21837489946542,1.36190707937063,5.1501911611204,82.3432218046653,-0.917885181510587,0.0776722321776843
7.83333333333333,158.210172252871,161,41.6119400489839,78.6938466779049,1.08980085686213,1.31851333999202,5.13652386661711,80.7825554262947,-0.962372769636751,0.0731941929229801
7.85,157.715242262718,161,41.6119400489839,77.2552043265905,0.973638943584308,1.27930869426076,5.12197811654103,79.2329430422656,-1.00031414662052,0.0690981444268186
7.86666666666667,157.204073945334,162,42.6119400489839,75.8200041622541,0.868543769093717,1.24383907287018,5.10662990948722,77.695078557871,-1.03245682661611,0.0653439745649214
7.88333333333333,156.677107865405,162,42.6119400489839,74.4886104424353,0.773542970741439,1.21177630342629,5.09054865966786,76.1704347776028,-1.05934354347553,0.0619019586252115
7.9,156.134796965121,162,42.6119400489839,73.1625156845958,0.697300318446421,1.18604440827672,5.07382737888705,74.6979561562767,-1.07629956944635,0.0589999039364246
7.91666666666667,155.577605890976,162,42.6119400489839,71.8456500590837,0.634931760603941,1.16499502000488,5.05656684118278,73.267635240421,-1.08601273391308,0.056502170195493
7.93333333333333,155.006010336222,162,42.6119400489839,70.541853355831,0.583003045535438,1.14746907866926,5.03884443554517,71.8726558350666,-1.09037192668763,0.0543130796878189
7.95,154.420496360377,162,42.6119400489839,69.2547685916762,0.539182229668654,1.13267955331422,5.02072129506444,70.5087744194307,-1.09065953016578,0.0523672749711813
7.96666666666667,153.82155973263,161,41.6119400489839,67.9877780183553,0.501948753004089,1.12011325493993,5.00224763743587,69.1737438803312,-1.08771221036118,0.0506216766362065
7.98333333333333,153.209705256607,161,41.6119400489839,66.6476871549276,0.470358012434464,1.10945137999768,4.98346663190216,67.8668049320162,-1.08205080240293,0.0490489969187197
8,152.585446113593,161,41.6119400489839,65.3396344199803,0.434490515162463,1.09734609966838,4.9643886909695,66.5513485871274,-1.07905155663393,0.0473826746444554
8.01666666666667,151.949303289513,160,40.6119400489839,64.0657706009022,0.398412873014304,1.08516989544338,4.94501035190343,65.2408011779728,-1.07648875325314,0.0457317361766221
8.03333333333333,151.301805111651,160,40.6119400489839,62.7315099189598,0.365012891307123,1.07389740161721,4.92534738038565,63.9460466917311,-1.07278802255259,0.0441728080014269
8.05,150.643489977929,159,39.6119400489839,61.4405741063815,0.326859622997321,1.06102067356265,4.90540039295628,62.6387989307117,-1.07196985167456,0.0425064586413312
8.06666666666667,149.974906972918,158,38.6119400489839,60.0974729556183,0.289511330355366,1.04841562479599,4.88516719400127,61.3381579962461,-1.07100027407795,0.0408816532044642
8.08333333333333,149.296609893681,158,38.6119400489839,58.7087239782983,0.247267356961623,1.0341582837756,4.86464269978654,60.0217252023469,-1.07295748496542,0.0391455690648175
8.1,148.609156685383,157,37.6119400489839,57.3765951415755,0.197353186115345,1.01731225111498,4.84379829812984,58.6757245149629,-1.07931751010211,0.0372247831932005
8.11666666666667,147.91310938001,156,36.6119400489839,56.0041124724234,0.14833815231044,1.00076967720583,4.82262393063779,57.3296820843464,-1.08540723439515,0.0353492481753619
8.13333333333333,147.209034080309,155,35.6119400489839,54.5963799944884,0.0963140618697305,0.983211546682086,4.80112000843615,55.968370865278,-1.09333497786822,0.033413905098756
8.15,146.497501034892,154,34.6119400489839,53.158095368696,0.0394277262629604,0.964012408414801,4.77927093268006,54.5826710569833,-1.10408430532122,0.0313694427575655
8.16666666666667,145.779084730417,153,33.6119400489839,51.6935035853036,-0.0222209613964957,0.928484589404556,4.75693856073673,53.1680791981,-1.11736398002748,0.0292037560261061
8.18333333333333,145.054364012551,152,32.6119400489839,50.205892569213,-0.0857531796841745,0.864952371116877,4.73358581735119,51.7246129864021,-1.13065887705949,0.0269259402596521
8.2,144.323922281904,151,31.6119400489839,48.6967665910911,-0.150348667402327,0.800356883398725,4.70914406178688,50.2546850393298,-1.14343077942801,0.024550931770925
8.21666666666667,143.588347753253,150,30.6119400489839,47.1665662396904,-0.215578495539485,0.735127055261567,4.68360649181737,48.7605980184566,-1.15546291565749,0.0220908531082238
8.23333333333333,142.848233843482,149,29.6119400489839,45.615728838641,-0.281219077680375,0.669486473120677,4.65697170120046,47.2441069902305,-1.16665699092881,0.0195526963552488
8.25,142.104179588625,148,28.6119400489839,44.0447092740649,-0.347185397040077,0.603520153760975,4.6292408364882,45.706537339882,-1.17699281876021,0.0169398980604167
8.26666666666667,141.356790040765,147,27.6119400489839,42.4539865467696,-0.413478562391315,0.537226988409737,4.60041574459564,44.1488963457647,-1.18649721335095,0.0142536070536248
8.28333333333333,140.606676629425,146,26.6119400489839,40.8440617030472,-0.480147281710596,0.470558269090456,4.57049787460038,42.5719683045292,-1.19522155159437,0.0114936371586432
8.3,139.854457348919,145,25.6119400489839,39.2154512460445,-0.547261415997763,0.403444134803288,4.53948771694905,40.976389583353,-1.20322667693284,0.00865913693963854
8.31666666666667,139.100756704653,144,24.6119400489839,37.5686788042809,-0.614895207465515,0.335810343335537,4.50738459915851,39.3627039469171,-1.21057356753121,0.0057490268738188
8.33333333333333,138.346205365763,143,23.6119400489839,35.9042667861676,-0.683117743804824,0.267587806996228,4.47418669772452,37.7314006412608,-1.21731823725075,0.00276225850045776
8.35,137.591439332543,142,22.6119400489839,34.2227289750987,-0.751988484913532,0.19871706588752,4.43989116445195,36.0829385977743,-1.22350954052098,-0.000302053946026257
8.36666666666667,136.837098484899,141,21.6119400489839,32.5245644848366,-0.821556075238199,0.129149475562852,4.40449429829808,34.4177602132928,-1.22918881711423,-0.00344458697665278
8.38333333333333,136.083824384725,140,20.6119400489839,30.8102531531531,-0.891859088012204,0.0588464627888479,4.36799171980861,32.7362978124244,-1.23439058116246,-0.00666581325395882
8.4,135.332257071837,139,19.6119400489839,29.0802522552568,-0.962930773987244,0,4.33037887861411,31.0389816591393,-1.23914589924037,-0.00996608773020417
8.41666666666667,134.583030651902,138,18.6119400489839,27.3349942187452,-1.03646815176136,0,4.29199087172264,29.3257942731092,-1.24500466305,-0.0133452343794299
8.43333333333333,133.836767568951,137,17.6119400489839,25.5760960129077,-1.11626803105903,0,4.25361864668319,27.5943980371187,-1.25546526930245,-0.0167981105271536
8.45,133.094071287353,136,16.6119400489839,23.8075321904326,-1.20210853129062,0,4.21533893832371,25.8426076752636,-1.27052673970782,-0.0203060452312943
8.46666666666667,132.355517300037,135,15.6119400489839,22.0341753757796,-1.29280583477763,0,4.17715878555339,24.0708428488274,-1.28953168702764,-0.0238347092751777
8.48333333333333,131.621642633044,134,14.6119400489839,20.2603922827944,-1.38672560726661,0,4.13908497548913,22.2817716369339,-1.31156737628961,-0.0273391512687296
8.5,130.892934261738,133,13.6119400489839,18.4900772462793,-1.48205363481539,0,4.10112404975748,20.4794620721113,-1.33561124145602,-0.0307713113435172
8.51666666666667,130.169817108708,132,12.6119400489839,16.7266844293411,-1.57698170232617,0,4.06328231065863,18.6687527008222,-1.36063203514891,-0.0340850374337948
8.53333333333333,129.452642544445,131,11.6119400489839,14.973258692279,-1.66982953728091,0,4.02556582719517,16.8547941147557,-1.3856573128869,-0.0372392396065588
8.55,128.741678497372,130,10.6119400489839,13.232465116888,-1.75911915978992,0,3.98798044096858,15.0427230147703,-1.40981568056043,-0.0401996778753357
8.56666666666667,128.037102323262,129,9.61194004898387,11.5066171873233,-1.84361438538534,0,3.95053177194593,13.2374381735738,-1.43236040670672,-0.0429397671016988
8.58333333333333,127.33899743112,128,8.61194004898387,9.79770363514167,-1.92233535400597,0,3.91322522409962,11.4434539825837,-1.45267953684425,-0.0454406936153239
8.6,126.647354306776,127,7.61194004898387,8.10741396186736,-1.99455567106402,0,3.87606599092266,9.66481237281271,-1.47029647774584,-0.0476910676951988
8.61666666666667,125.962076072272,126,6.61194004898387,6.43716265747031,-2.05978793271294,0,3.83905906082209,7.90503801157249,-1.48486408931744,-0.0496862804767347
8.63333333333333,125.282988173946,125,5.61194004898387,4.78811213755234,-2.11776197612192,0,3.802209222393,6.16712497945476,-1.49615458503551,-0.05142769026471
8.65,124.609851325212,125,5.61194004898387,3.16119442584833,-2.16839907212597,0,3.76552106957563,4.45354577608038,-1.50404696132022,-0.0529217292638056
8.66666666666667,123.942376534742,124,4.61194004898387,1.65341422104754,-2.21178440126718,0,3.72899900669795,2.76627561219487,-1.50851322128056,-0.0541789954550227
8.68333333333333,123.280240964911,123,3.61194004898387,0.162946478597456,-2.23863381522375,0,3.69264725340603,1.1437732410745,-1.50440761001377,-0.0549634129833328
8.7,122.62310346922,122,2.61194004898387,-1.30963286773194,-2.25346306696432,0,3.65646984948462,-0.425123520260585,-1.49407080806215,-0.0554104279736145
8.71666666666667,121.970618891498,121,1.61194004898387,-2.76389828839072,-2.25968215098731,0,3.62047065957005,-1.94899984009763,-1.47927646493633,-0.0556216658566791
8.73333333333333,121.322450502203,120,0.611940048983868,-4.19956040483983,-2.25985061316179,0,3.58465337775777,-3.43444315146178,-1.46136129512498,-0.0556728234104259
8.75,120.678280236281,120,0.611940048983868,-5.61645261659598,-2.25587760938767,0,3.54902153210677,-4.88650194974082,-1.4413271963293,-0.0556198337073738
8.76666666666667,120.037816642014,119,-0.388059951016132,-6.91823596941309,-2.24917794270945,0,3.51357848904276,-6.30904759598789,-1.41992103815002,-0.0555036590992478
8.78333333333333,119.400800632706,118,-1.38805995101613,-8.20730913567686,-2.23128748525556,0,3.47832745766256,-7.66811163203265,-1.3924999945665,-0.0551040370275455
8.8,118.7670082168,117,-2.38805995101613,-9.48358488561453,-2.20715232982894,0,3.4432714939414,-8.97825196014569,-1.3616974138916,-0.054561346042239
8.81666666666667,118.136240977287,117,-2.38805995101613,-10.7470482980135,-2.18031943396967,0,3.40841350484539,-10.2505697570239,-1.32941914499662,-0.0539741843515078
8.83333333333333,117.50831665132,116,-3.38805995101613,-11.9014663675546,-2.15326886785212,0,3.373756252351,-11.4934648034189,-1.29701365204245,-0.0534095717761088
8.85,116.883070862424,115,-4.38805995101613,-13.049302433937,-2.11816931025154,0,3.33930235737353,-12.6762915868831,-1.26020943596439,-0.0526609659384523
8.86666666666667,116.26035888789,114,-5.38805995101613,-14.1904968211124,-2.08027798334341,0,3.30505430360644,-13.8159830466057,-1.22183817392484,-0.0518734794642463
8.88333333333333,115.640056446959,114,-5.38805995101613,-15.3250289453585,-2.04321840264399,0,3.27101444127344,-14.9252749867131,-1.18387630260217,-0.0511440699532786
8.9,115.022059746106,113,-6.38805995101613,-16.3566305595729,-2.00938064860227,0,3.23718499079506,-16.0136280372896,-1.14765067960668,-0.0505337600664651
8.91666666666667,114.406284978137,112,-7.38805995101613,-17.3877035694034,-1.97072955877195,0,3.20356804637161,-17.0510170941179,-1.10880372598438,-0.0498271978821587
8.93333333333333,113.792667435412,112,-7.38805995101613,-18.4181038200599,-1.9322450932324,0,3.17016557948418,-18.0546613336995,-1.07003800124785,-0.0491590412877375
8.95,113.181160365438,111,-8.38805995101613,-19.3514235139748,-1.89723074115425,0,3.1369794423154,-19.0373329434179,-1.03317419302377,-0.0486150168046601
8.96666666666667,112.571733669575,110,-9.38805995101613,-20.2899114483379,-1.85823103747513,0,3.10401137109178,-19.9713990185529,-0.994172483909791,-0.0479948125916856
8.98333333333333,111.964372522601,110,-9.38805995101613,-21.2332590267779,-1.82055792911415,0,3.071262989349,-20.8757544160802,-0.955921531669834,-0.0474410659219559
9,111.359075971863,109,-10.3880599510161,-22.0848847157863,-1.78766642024028,0,3.03873581112203,-21.764292918524,-0.920331331286982,-0.0470424407608428
9.01666666666667,110.755855559406,108,-11.3880599510161,-22.9468561451227,-1.75212428449015,0,3.00643124406152,-22.6100787296761,-0.88338178894673,-0.0465980732501237
9.03333333333333,110.154733998127,108,-11.3880599510161,-23.8186778164402,-1.71917860934259,0,2.97435059247808,-23.4323823032094,-0.847932766492498,-0.0462477411533421
9.05,109.555743923252,107,-12.3880599510161,-24.6035771004222,-1.69216205857878,0,2.94249506031584,-24.2452329458048,-0.815833103438262,-0.0460758303688046
9.06666666666667,108.958926732846,106,-13.3880599510161,-25.4034277310839,-1.66348563013935,0.0475352775400526,2.91086575405696,-25.0216543784334,-0.782981452011764,-0.0458764388365799
9.08333333333333,108.364331523852,106,-13.3880599510161,-26.2141692981514,-1.64609798430322,0.0475352775400526,2.881077443454,-25.7838817940589,-0.759335486757951,-0.045780501279135
9.1,107.77201409691,105,-14.3880599510161,-26.9358659711915,-1.63434333177005,0.0475352775400526,2.8515168699047,-26.5458046146209,-0.738895758939452,-0.0458437084019257
9.11666666666667,107.182036001102,105,-14.3880599510161,-27.6709324093307,-1.61950476713663,0.0475352775400526,2.82218445602989,-27.2759990057857,-0.716937643358111,-0.0458311076820808
9.13333333333333,106.594463688495,104,-15.3880599510161,-28.3228849806403,-1.60601330824228,0.0475352775400526,2.79308055125409,-27.990525532838,-0.695864028177021,-0.0458619448615883
9.15,106.00936779639,103,-16.3880599510161,-28.9938363166783,-1.58722190565371,0.0475352775400526,2.76420543406198,-28.6642280139779,-0.672052094179397,-0.0457598609666161
9.16666666666667,105.426822539913,103,-16.3880599510161,-29.6832885480781,-1.56900222906117,0.0475352775400526,2.7355593142009,-29.317818653456,-0.648678145248642,-0.0456840665510055
9.18333333333333,104.84690520079,102,-17.3880599510161,-30.2944244606916,-1.55517734701195,0.0475352775400526,2.70714233483075,-29.9664753892249,-0.627839621458097,-0.0457341781394593
9.2,104.269695700755,101,-18.3880599510161,-30.9290357955916,-1.53853741681375,0.0475352775400526,2.67895457462231,-30.5841177560768,-0.605627274803029,-0.0457160706616189
9.21666666666667,103.695276248021,101,-18.3880599510161,-31.5863166810715,-1.52044653652919,0,2.6501851138976,-31.1897181392305,-0.58131319881536,-0.0457735798048323
9.23333333333333,103.123731059802,100,-19.3880599510161,-32.1725243730144,-1.50461528595794,0,2.62084217892237,-31.7934412589157,-0.556998510805893,-0.0460024243837702
9.25,102.555146157531,100,-19.3880599510161,-32.7921359909982,-1.48827715983534,0,2.59172896004491,-32.3711282922832,-0.532667083221709,-0.0462197728778063
9.26666666666667,101.989609294195,99,-20.3880599510161,-33.3470579005094,-1.47728867544845,0,2.56284569947089,-32.9455698914875,-0.511516193720127,-0.0465799677297018
9.28333333333333,101.427209904782,99,-20.3880599510161,-33.937877212138,-1.46561112725461,0,2.53419257152626,-33.4957890062554,-0.490279080590061,-0.0469189641038047
9.3,100.868039061894,98,-21.3880599510161,-34.4663707182908,-1.45916041618658,0,2.50576968478888,-34.0447775162534,-0.472182116963177,-0.0473929715950428
9.31666666666667,100.312189441114,98,-21.3880599510161,-35.0329984295672,-1.45192542065513,0,2.47757708416896,-34.5716566959731,-0.45397079067033,-0.0478389120268514
9.33333333333333,99.7597552992436,97,-22.3880599510161,-35.539412866768,-1.4498279276427,0,2.44961475293942,-35.0994404445469,-0.438872160809928,-0.0484133587818335
9.35,99.2108324659079,97,-22.3880599510161,-36.0859529000757,-1.44684862581563,0,2.42188261471725,-35.6072166240603,-0.4236248457241,-0.0489532165437981
9.36666666666667,98.6655183476214,96,-23.3880599510161,-36.5741532955928,-1.44889270796281,0,2.39438053539687,-36.1179265650981,-0.411444481428082,-0.049614823442028
9.38333333333333,98.1239119427659,96,-23.3880599510161,-37.1042387647725,-1.44992001002832,0,2.36710832503663,-36.6105589999264,-0.399055921248437,-0.0502347477266376
9.4,97.5861138656046,95,-24.3880599510161,-37.577633680708,-1.45581357497766,0,2.34006573969935,-37.1079392268159,-0.389660289386192,-0.0509689715369229
9.41666666666667,97.0522263773875,95,-24.3880599510161,-38.094456260381,-1.46051184104698,0,2.31325248324797,-37.588930369561,-0.379968298288831,-0.051653742290316
9.43333333333333,96.5223534226295,94,-25.3880599510161,-38.5560283801974,-1.46987855918633,0,2.28666820909721,-38.076228023785,-0.373168053585022,-0.0524447908955857
9.45,95.9966006687416,94,-25.3880599510161,-39.0623698270701,-1.47783581071665,0,2.26031252192231,-38.5485655476854,-0.365958844711201,-0.0531782025423493
9.46666666666667,95.4750755473255,93,-26.3880599510161,-39.5147081553446,-1.49023436506515,0,2.23418497932559,-39.0285116052979,-0.361519214780267,-0.0540096433551144
9.48333333333333,94.9578872955909,93,-26.3880599510161,-40.0129729546058,-1.50098685433284,0,2.208285093462,-39.4946774736004,-0.356540862724745,-0.0547752318347219
9.5,94.4451469965081,92,-27.3880599510161,-40.4583057012591,-1.51593808676201,0,2.18261233262426,-39.9695159241334,-0.354196714180618,-0.0556307608163742
9.51666666666667,93.936967616462,92,-27.3880599510161,-40.9505540013491,-1.5289980392435,0,2.15716612278876,-40.4315293516257,-0.351174747443038,-0.0564125607275146
9.53333333333333,93.4334640393279,91,-28.3880599510161,-41.3907813997659,-1.54601189932852,0,2.13194584912286,-40.9030690879463,-0.350645936571361,-0.0572767112754255
9.55,92.9347530960342,90,-29.3880599510161,-41.878761565399,-1.56089273339549,0,2.10695085745452,-41.3625436744519,-0.349297917465773,-0.0580598933864
9.56666666666667,92.440953588819,90,-29.3880599510161,-42.4117706384618,-1.57949117857014,0,2.0821804557051,-41.8322181098497,-0.350302753633969,-0.0589185892814376
9.58333333333333,91.9521863095232,89,-30.3880599510161,-42.8908770402361,-1.60523341511724,0,2.0576339152861,-42.3273685277625,-0.355547112372344,-0.0599398842419642
9.6,91.4685740513934,89,-30.3880599510161,-43.4158680249289,-1.63028912835324,0,2.03331047246061,-42.8209899408474,-0.360785232861247,-0.0609116794467127
9.61666666666667,90.990241613991,88,-31.3880599510161,-43.8877584048885,-1.65928587209079,0,2.00920932967037,-43.3312500887015,-0.36852735759785,-0.0619570990119385
9.63333333333333,90.5173158009264,87,-32.3880599510161,-44.4062837125046,-1.68531803311093,0,1.985329656829,-43.8334188382947,-0.375010013204602,-0.0628915451395022
9.65,90.0499254102572,87,-32.3880599510161,-44.9686915834399,-1.71371867251829,0,1.96167059258234,-44.3474429334464,-0.383113458501657,-0.0638589134323757
9.66666666666667,89.5882012175028,86,-33.3880599510161,-45.476030659747,-1.74762049548527,0.0475352775400526,1.93823124553646,-44.8869204890616,-0.394552105682057,-0.0649400622109398
9.68333333333333,89.132275949714,86,-33.3880599510161,-46.0247068183387,-1.7869392759781,0.0475352775400526,1.91662445334976,-45.4267957378907,-0.412186237033653,-0.0659176922727443
9.7,88.6822842123885,85,-34.3880599510161,-46.512762698771,-1.82748062976962,0.0475352775400526,1.89523508950297,-45.9845492716306,-0.430754122930623,-0.0668929747832162
9.71666666666667,88.2383623308288,85,-34.3880599510161,-47.0406715284465,-1.86145469851106,0.0475352775400526,1.87406177130674,-46.5308032840213,-0.445989648390011,-0.0676608101572618
9.73333333333333,87.8006481965259,84,-35.3880599510161,-47.5100891704935,-1.89383988267423,0.0475352775400526,1.85310310394624,-47.0825132154363,-0.460555312289557,-0.0683592878777922
9.75,87.3692811488931,84,-35.3880599510161,-48.0213490194625,-1.91827452003396,0.0475352775400526,1.83235768123464,-47.6145758396518,-0.470950349396831,-0.0688233663222165
9.76666666666667,86.9444018794992,83,-36.3880599510161,-48.4759725328772,-1.94074216442217,0.0475352775400526,1.81182408634547,-48.1471555783505,-0.480381908629876,-0.0692186402048674
9.78333333333333,86.5261523502919,83,-36.3880599510161,-48.9741641971053,-1.95556423242489,0.0475352775400526,1.79150089252421,-48.6575219486245,-0.485724926521114,-0.0693981164064793
9.8,86.1146757210025,82,-37.3880599510161,-49.4173220944694,-1.96916489733276,0.0475352775400526,1.77138666377969,-49.1675599069983,-0.4904342522783,-0.0695384081009332
9.81666666666667,85.7101162832511,82,-37.3880599510161,-49.9055328736491,-1.97612617703543,0.0475352775400526,1.75147995555573,-49.6557544616396,-0.491536757533602,-0.069498401017632
9.83333333333333,85.3126194004553,81,-38.3880599510161,-50.3400822936434,-1.98300149908999,0.0475352775400526,1.73177931538342,-50.1448182646097,-0.492568695805933,-0.0694569098461622
9.85,84.9223314538549,81,-38.3880599510161,-50.8209501464661,-1.98440845668824,0.0475352775400526,1.71228328351467,-50.6137692499754,-0.490587436241383,-0.0692724662402449
9.86666666666667,84.5393997960001,80,-39.3880599510161,-51.2493207317466,-1.98687128320046,0.0475352775400526,1.69299039353719,-51.0856316887326,-0.489123967536444,-0.0691218272784406
9.88333333333333,84.1639727140755,80,-39.3880599510161,-51.7250776911002,-1.98493557530362,0.0475352775400526,1.67389917297159,-51.5395715322089,-0.485206213671243,-0.0688604029816132
9.9,83.7961994065608,80,-39.3880599510161,-52.1493143779373,-1.98502725840956,0.0475352775400526,1.65500814385089,-51.9986425182005,-0.482320299246454,-0.0686612377008188
9.91666666666667,83.436229978078,80,-39.3880599510161,-52.5255459637492,-1.98157950442039,0.0475352775400526,1.63631582328285,-52.4419564370972,-0.477440404656854,-0.0683757808193916
9.93333333333333,83.0842154590001,79,-40.3880599510161,-52.857141360644,-1.97139488211286,0.0475352775400526,1.61782072399561,-52.8555094636117,-0.468798136419667,-0.0679231498218702
9.95,82.7403078586856,79,-40.3880599510161,-53.2436051824248,-1.95297424969431,0.0475352775400526,1.59952135486688,-53.2305174212922,-0.455533748100166,-0.0672700822720477
9.96666666666667,82.4046602643561,79,-40.3880599510161,-53.5856562044891,-1.93550782999321,0.0475352775400526,1.58141622143728,-53.5990491097694,-0.44262409367636,-0.0666656678417557
9.98333333333333,82.0774270020914,79,-40.3880599510161,-53.8864408256519,-1.9152888264714,0.0475352775400526,1.563503826408,-53.9468513137362,-0.428059538469763,-0.066010897841668
10,81.7587638828779,79,-40.3880599510161,-54.1489661704285,-1.89030139362449,0.0475352775400526,1.54578267012324,-54.2647003511209,-0.410729565171798,-0.0652548004291255
10.0166666666667,81.4488285662661,79,-40.3880599510161,-54.3761004582496,-1.85972640874214,0.0475352775400526,1.52825125103788,-54.5471572337802,-0.390165394063834,-0.0643797379769671
10.0333333333333,81.147781088905,79,-40.3880599510161,-54.5705740145307,-1.82356454644933,0.0475352775400526,1.51090806617052,-54.791588814811,-0.366342686466499,-0.063390305109312
10.05,80.8557846284171,79,-40.3880599510161,-54.7349808488892,-1.78235195697404,0.0475352775400526,1.49375161154247,-54.9974026260837,-0.339531839890699,-0.0623050525593195
10.0666666666667,80.5730066109414,79,-40.3880599510161,-54.8717807311371,-1.7369486649434,0.0475352775400526,1.47678038260287,-55.1654528410097,-0.310185795483134,-0.0611504154656389
10.0833333333333,80.2996203350476,79,-40.3880599510161,-54.9833017007708,-1.68838373092637,0.0475352775400526,1.45999287464031,-55.2975827888406,-0.27885724781846,-0.0599563494798587
10.1,80.0358073996223,79,-40.3880599510161,-55.0717429505341,-1.63774441129194,0.0475352775400526,1.44338758318134,-55.3962759997966,-0.246138752156944,-0.0587532792582205
10.1166666666667,79.7817614409989,79,-40.3880599510161,-55.1391780292518,-1.58609914426972,0.0475352775400526,1.42696300437608,-55.4643931257546,-0.212620529777829,-0.0575700458128023
10.1333333333333,79.5376941291867,80,-39.3880599510161,-55.1875583135195,-1.53444628967571,0.0475352775400526,1.41071763537135,-55.5049764672107,-0.178861831541594,-0.056432605312071
10.15,79.3038453754449,80,-39.3880599510161,-55.1224340928624,-1.48368224601099,0.0475352775400526,1.39464997467153,-55.5211074163303,-0.145372577751867,-0.0553632851428087
10.1666666666667,79.0805022966658,80,-39.3880599510161,-55.0478801280211,-1.42507827499874,0.0475352775400526,1.37875852248753,-55.4788584213243,-0.107405991190674,-0.0541304845610082
10.1833333333333,78.868039764525,81,-38.3880599510161,-54.9652870539258,-1.36346916400644,0.0475352775400526,1.36304178107407,-55.3933678747146,-0.0675715012784176,-0.0528676402902944
10.2,78.6670266012983,81,-38.3880599510161,-54.779651263821,-1.30237259001636,0.0475352775400526,1.34749825505566,-55.2766397033026,-0.0277932901485541,-0.0516687753038614
10.2166666666667,78.4783817147289,81,-38.3880599510161,-54.5945024431768,-1.23476660534285,0.0475352775400526,1.33212645174147,-55.1011925887032,0.015742484995503,-0.0503473650415689
10.2333333333333,78.3032167706947,82,-37.3880599510161,-54.4106966903167,-1.16651406458565,0.0475352775400526,1.31692488142942,-54.8866926913878,0.0598531142070577,-0.0490624423759319
10.25,78.1425961724541,82,-37.3880599510161,-54.1327078798203,-1.10166571695969,0.0475352775400526,1.3018920576997,-54.6481979024545,0.102305575593785,-0.0479196679732983
10.2666666666667,77.9974098954279,83,-36.3880599510161,-53.8635564559762,-1.03337983966158,0.0475352775400526,1.2870264976981,-54.3601600646307,0.146795302389573,-0.0467344313761704
10.2833333333333,77.868329047934,83,-36.3880599510161,-53.5073210017783,-0.967455356856558,0.0475352775400526,1.27232672240935,-54.0433359393096,0.19015470143022,-0.0456611604095826
10.3,77.7558043017167,84,-35.3880599510161,-53.1666347673947,-0.898213576978072,0.0475352775400526,1.25779125692005,-53.6763070402196,0.235451725995363,-0.0445468911126523
10.3166666666667,77.6600854552587,84,-35.3880599510161,-52.7451982602989,-0.832178986308739,0.0475352775400526,1.24341863067351,-53.2827397778748,0.27912223504277,-0.0435650535545543
10.3333333333333,77.5812499950051,85,-34.3880599510161,-52.3452766391511,-0.764077875326969,0.0475352775400526,1.22920737771385,-52.8431871181381,0.324008075810651,-0.0425725626425559
10.35,77.5192336949995,85,-34.3880599510161,-51.8702130262913,-0.700611461443449,0.0475352775400526,1.21515603692177,-52.3825760619784,0.366441488582137,-0.0417463661624157
10.3666666666667,77.4738598337611,86,-33.3880599510161,-51.4219264929299,-0.636522335529439,0.0475352775400526,1.20126315224134,-51.8821828455263,0.409247716470539,-0.0409425378560572
10.3833333333333,77.4448653436531,87,-32.3880599510161,-50.9034258432317,-0.578420863793764,0.0475352775400526,1.18752727289824,-51.3672602888708,0.448801424665459,-0.0403343852935618
10.4,77.4319232870486,87,-32.3880599510161,-50.320025352946,-0.520891364824098,0.0475352775400526,1.17394695360956,-50.819121689382,0.488008290036788,-0.0397726894475139
10.4166666666667,77.4346616284837,88,-31.3880599510161,-49.7730631099536,-0.460842287714491,0.0475352775400526,1.16052075478547,-50.2259059515662,0.528542413095214,-0.0391746866005683
10.4333333333333,77.452678735345,88,-31.3880599510161,-49.1649826300316,-0.406335177775013,0.0475352775400526,1.14724724272295,-49.6178176797408,0.566001758956973,-0.0387538787794133
10.45,77.4855559281947,89,-30.3880599510161,-48.596832274606,-0.352873321284826,0.0475352775400526,1.13412498979172,-48.9796423533533,0.602795710949286,-0.0383858100669236
10.4666666666667,77.5328669918158,89,-30.3880599510161,-47.9707801698691,-0.307399815049341,0.0475352775400526,1.12115257461265,-48.3388017411667,0.635112205985832,-0.038251295046409
10.4833333333333,77.5941854002498,89,-30.3880599510161,-47.3876134187962,-0.264535237612399,0.0475352775400526,1.10832858222881,-47.6777755281145,0.665830591490373,-0.0382005429336053
10.5,77.66908971982,89,-30.3880599510161,-46.8455353766317,-0.230533182739194,0.0475352775400526,1.09565160426934,-47.0220780842839,0.691509931212761,-0.038395012444201
10.5166666666667,77.7571675208467,88,-31.3880599510161,-46.3427428857476,-0.208988152870423,0.0475352775400526,1.08312023910637,-46.3895606526621,0.71012285604776,-0.0389203574077078
10.5333333333333,77.8580180839206,88,-31.3880599510161,-45.9737184452607,-0.201565898327136,0.0475352775400526,1.07073309200514,-45.792188113246,0.720676546694076,-0.0398083227272343
10.55,77.9712541438985,88,-31.3880599510161,-45.6343170340234,-0.218073506665145,0.0475352775400526,1.05848877526746,-45.2743962949703,0.71772166964774,-0.0413034716926519
10.5666666666667,78.0965028758663,87,-32.3880599510161,-45.3229862495524,-0.253696065183921,0.0475352775400526,1.04638590836877,-44.8280622997519,0.703743508953055,-0.0432568757634453
10.5833333333333,78.2334062929159,87,-32.3880599510161,-45.1344871609692,-0.304205410005916,0.0475352775400526,1.03442311808893,-44.4455359993183,0.680948404442127,-0.0455402205909664
10.6,78.3816211957907,86,-33.3880599510161,-44.9649767420521,-0.375433337768046,0.575272213033006,1.02259903863691,-44.1566486863829,0.646078553922953,-0.0482942189154954
10.6166666666667,78.5408187652753,85,-34.3880599510161,-44.8911424472384,-0.498064634542505,0.452640916258547,1.01871078631087,-43.9583419914882,0.568322515011092,-0.0512897979168293
10.6333333333333,78.7106833460381,84,-35.3880599510161,-44.8938208083504,-0.6229632087848,0.327742342016251,1.01287584797288,-43.8671468941251,0.492398077796025,-0.0545025827296826
10.65,78.8909101344171,83,-36.3880599510161,-44.9781345305476,-0.747357714167759,0.203347836633293,1.00507914332069,-43.8699152989066,0.419743166563816,-0.057855648910188
10.6666666666667,79.0812034162066,83,-36.3880599510161,-45.1483098050356,-0.870396216168807,0.0475352775400526,0.995335270463189,-43.9593948646527,0.35071501712126,-0.0613214777236794
10.6833333333333,79.281275690754,82,-37.3880599510161,-45.3124853064297,-0.994867195710699,0.0475352775400526,0.984169995514177,-44.132831061444,0.282771283369368,-0.0649028279607487
10.7,79.4908474312543,81,-38.3880599510161,-45.5721801416975,-1.1195855569978,0.0475352775400526,0.973130987782597,-44.3585059669795,0.213743453052632,-0.0683631477422167
10.7166666666667,79.7096471230846,80,-39.3880599510161,-45.9206010970629,-1.24864956612563,0.0475352775400526,0.962217082928049,-44.6538411017294,0.141446652418434,-0.0718133377753944
10.7333333333333,79.93741111903,80,-39.3880599510161,-46.3512574739722,-1.38379957322784,0.0475352775400526,0.951427121253687,-45.0287583039625,0.0649562495291395,-0.0752983174444707
10.75,80.1738832705467,79,-40.3880599510161,-46.7616774765925,-1.52516724343121,0.0475352775400526,0.940759947860419,-45.4876390393296,-0.0157843241643586,-0.0788190792325123
10.7666666666667,80.4188144412219,78,-41.3880599510161,-47.2483275208775,-1.66233378624226,0.0475352775400526,0.930214412794913,-45.9939074607773,-0.095063758962775,-0.0820991319590944
10.7833333333333,80.6719619695584,78,-41.3880599510161,-47.8053960360298,-1.79794420994978,0.0475352775400526,0.919789371191561,-46.5573608759367,-0.174242647227293,-0.0852155189952548
10.8,80.9330891223015,77,-42.3880599510161,-48.3310745790791,-1.93313154874763,0.0475352775400526,0.909483683408567,-47.1829265356053,-0.253876109462103,-0.0882028163862169
10.8166666666667,81.201964563762,76,-43.3880599510161,-48.9224756011803,-2.05850643389952,0.0475352775400526,0.899296215158295,-47.8350320300574,-0.328776587827201,-0.0908177065156834
10.8333333333333,81.4783618568847,76,-43.3880599510161,-49.5744149589649,-2.17772300166867,0.0475352775400526,0.88922583763204,-48.5247734393409,-0.400826857200467,-0.0931687281129526
10.85,81.7620590056011,75,-44.3880599510161,-50.1856919705425,-2.29287036881645,0.0475352775400526,0.87927142761937,-49.2585496755855,-0.471084090516019,-0.0953194623565113
10.8666666666667,82.0528380438765,75,-44.3880599510161,-50.8540063347994,-2.39544129937223,0.0475352775400526,0.86943186762217,-50.0023418437859,-0.534830375205438,-0.0970526360704214
10.8833333333333,82.350484674041,75,-44.3880599510161,-51.4784573793657,-2.4898860938607,0.0475352775400526,0.859706045963535,-50.7688149594957,-0.594378203662585,-0.0984996528433655
10.9,82.654787955014,74,-45.3880599510161,-52.0607453211009,-2.56949294382492,0.0475352775400526,0.850092856891655,-51.5289583808943,-0.645973874615249,-0.0994937804650749
10.9166666666667,82.9655400396281,74,-45.3880599510161,-52.698875251252,-2.63055159957228,0.0475352775400526,0.840591200678813,-52.262477224448,-0.687464564557091,-0.0999533590412221
10.9333333333333,83.2825359592597,74,-45.3880599510161,-53.292224575727,-2.68102886921736,0.0475352775400526,0.831199983715635,-52.9927178879162,-0.72306380754373,-0.100106907280102
10.95,83.6055734532681,73,-46.3880599510161,-53.8427458781739,-2.71673152052857,0.0475352775400526,0.82191811860072,-53.6989187592177,-0.750398701593813,-0.099855087661011
10.9666666666667,83.9344528402655,73,-46.3880599510161,-54.4486724598347,-2.73569616118689,0.0475352775400526,0.812744524225765,-54.3670969443394,-0.76829247118243,-0.099160906229634
10.9833333333333,84.2689769279227,73,-46.3880599510161,-55.0095872841863,-2.74704515836271,0.0475352775400526,0.803678125856327,-55.0253748583746,-0.781622375814603,-0.098280363411328
11,84.6089509578377,73,-46.3880599510161,-55.5276272921441,-2.74729282317388,0.0475352775400526,0.794717855208315,-55.6565548657857,-0.788440600016879,-0.0971287941241523
11.0166666666667,84.9541825819095,73,-46.3880599510161,-56.0049077312133,-2.73484852857674,0.0475352775400526,0.785862650520354,-56.2492669117811,-0.787815298034404,-0.0956744999037824
11.0333333333333,85.3044818666563,73,-46.3880599510161,-56.4435141275536,-2.70945596535599,0.0475352775400526,0.777111456622113,-56.7965579906285,-0.779537993750323,-0.0939221134911408
11.05,85.6596613219781,73,-46.3880599510161,-56.845495276252,-2.67176454520621,0.0475352775400526,0.768463224998726,-57.2947790054197,-0.763898656973825,-0.0919000227576448
11.0666666666667,86.019535950964,73,-46.3880599510161,-57.2128571735834,-2.62300538170394,0.0475352775400526,0.759916913851404,-57.7427110766369,-0.741514524723633,-0.0896509877020249
11.0833333333333,86.3839233174866,74,-45.3880599510161,-57.5475578186971,-2.56474961165648,0.0475352775400526,0.751471488154348,-58.1408840653128,-0.713201403981619,-0.0872252544316592
11.1,86.7526436284903,74,-45.3880599510161,-57.7552202066533,-2.49873117181946,0.0475352775400526,0.743125919708063,-58.49104888072,-0.679878373921262,-0.0846756086068059
11.1166666666667,87.125519828063,74,-45.3880599510161,-57.9400503494053,-2.41721403220955,0.0475352775400526,0.734879187189183,-58.7588257513779,-0.637301892265213,-0.0818039622218249
11.1333333333333,87.5023777005767,75,-44.3880599510161,-58.1036216730112,-2.32609947380867,0.0475352775400526,0.726730276196897,-58.9595409922774,-0.58863476429528,-0.0787780577504342
11.15,87.883045980387,75,-44.3880599510161,-58.151158404175,-2.22998619286513,0.0475352775400526,0.718678179296078,-59.1058411057872,-0.536372257459786,-0.0757254181677464
11.1666666666667,88.2673564657855,76,-43.3880599510161,-58.1864570914394,-2.12290576375141,0.0475352775400526,0.710721896057203,-59.1711986141798,-0.47726590659597,-0.07249112533246
11.1833333333333,88.6551441351081,76,-43.3880599510161,-58.1143915656667,-2.0117183641588,0.0475352775400526,0.702860433093171,-59.1764349448866,-0.415041688201023,-0.0692632271171644
11.2,89.0462472631052,76,-43.3880599510161,-58.0384034840631,-1.89189170179229,0.0475352775400526,0.69509280409309,-59.1009348443162,-0.347246093642169,-0.0659234428150663
11.2166666666667,89.4405075358803,77,-42.3880599510161,-57.959292130635,-1.77111123808109,0.0475352775400526,0.687418029853132,-58.9696775900585,-0.278075118324305,-0.0626790553173166
11.2333333333333,89.837770162897,77,-42.3880599510161,-57.7815026669302,-1.6547319014804,0.0475352775400526,0.679835138304549,-58.8018034205237,-0.210503749069491,-0.05966859037883
11.25,90.2378839847405,78,-41.3880599510161,-57.6080520130727,-1.53681619109039,0.0475352775400526,0.672343164538913,-58.5748755604486,-0.141367744700001,-0.0567285737119249
11.2666666666667,90.6407015754988,78,-41.3880599510161,-57.3430376971269,-1.42376172440931,0.0475352775400526,0.664941150830682,-58.3120008007132,-0.0742035347646282,-0.0540257391558093
11.2833333333333,91.0460793387951,79,-40.3880599510161,-57.0891318491252,-1.31025586069936,0.0475352775400526,0.657628146657164,-57.9935138656633,-0.00618718626141535,-0.0514128195854611
11.3,91.4538775966664,79,-40.3880599510161,-56.7500914342673,-1.20301735827852,0.0475352775400526,0.65040320871596,-57.6443759284421,0.058966539712646,-0.0490641807964758
11.3166666666667,91.8639606706271,80,-39.3880599510161,-56.4282534596676,-1.09683914929205,0.0475352775400526,0.643265400939949,-57.2460795027671,0.124019306211695,-0.0468342355719122
11.3333333333333,92.2761969543977,80,-39.3880599510161,-56.0270462617956,-0.998397499415655,0.0475352775400526,0.636213794509919,-56.8242211125597,0.185274795526662,-0.0448950656531921
11.35,92.6904589779044,81,-38.3880599510161,-55.6484856210301,-0.902345890651009,0.0475352775400526,0.629247467864882,-56.3605429086431,0.245566896370758,-0.0430963225406343
11.3666666666667,93.1066234623433,82,-37.3880599510161,-55.1956868219269,-0.815162671698548,0.0475352775400526,0.622365506710167,-55.8806125872541,0.301304876111836,-0.0416039534812546
11.3833333333333,93.5245713659311,82,-37.3880599510161,-54.6740788073632,-0.731272809141673,0.0475352775400526,0.61556700402336,-55.3659472356743,0.355446631217503,-0.0402608848574532
11.4,93.9441879205964,83,-36.3880599510161,-54.1851210665702,-0.647410230982319,0.0475352775400526,0.608851060058143,-54.8048103762698,0.409729533163261,-0.0389763458050345
11.4166666666667,94.3653626593749,83,-36.3880599510161,-53.6313839231459,-0.571455495339885,0.0475352775400526,0.602216782346112,-54.2274760272854,0.459821092256357,-0.0379559154380594
11.4333333333333,94.7879894347185,84,-35.3880599510161,-53.1140467427813,-0.49873076179883,0.0475352775400526,0.595663285696632,-53.6187621630485,0.508202975337931,-0.0370674652679293
11.45,95.2119664278692,84,-35.3880599510161,-52.5354117532248,-0.436002301362627,0.0475352775400526,0.589189692194803,-53.0060998270232,0.551135595101292,-0.0364844981058282
11.4666666666667,95.637196149532,85,-34.3880599510161,-51.9964022613707,-0.377721164882854,0.0475352775400526,0.582795131197574,-52.3719648595434,0.591569183811965,-0.0360503406125386
11.4833333333333,96.0635854321303,85,-34.3880599510161,-51.3990764224714,-0.329980621058913,0.0475352775400526,0.576478739328097,-51.7418619631285,0.626130898548616,-0.0359200352446607
11.5,96.4910454139745,86,-33.3880599510161,-50.8441253531398,-0.286719477313161,0.0475352775400526,0.57023966046835,-51.0966853972382,0.658054605715979,-0.0359233387778562
11.5166666666667,96.9194915157132,86,-33.3880599510161,-50.2333867494479,-0.253648627581165,0.0475352775400526,0.564077045750106,-50.4606437741828,0.684183510705993,-0.0362056311765332
11.5333333333333,97.3488434094657,87,-32.3880599510161,-49.6673428076402,-0.224428875406052,0.0475352775400526,0.557990053544296,-49.8135713509942,0.707912801067001,-0.036590106759509
11.55,97.7790249810613,88,-31.3880599510161,-49.0476336141851,-0.204576481979476,0.0475352775400526,0.551977849448817,-49.178811691268,0.726202906808621,-0.0372180218870836
11.5666666666667,98.2099642858276,88,-31.3880599510161,-48.3782721985601,-0.187623736891252,0.0475352775400526,0.546039606274847,-48.5354947469936,0.742530914038094,-0.0379103463650056
11.5833333333333,98.6415934983859,89,-30.3880599510161,-47.759361931216,-0.169504711466423,0.0475352775400526,0.540174504031711,-47.8694454833928,0.759107738510219,-0.0385576108716333
11.6,99.0738488569194,89,-30.3880599510161,-47.092176972546,-0.15740566761155,0.0475352775400526,0.534381729910349,-47.2085285735064,0.772020851410268,-0.039350179141899
11.6166666666667,99.5066706023832,90,-29.3880599510161,-46.4766603297188,-0.14606469482513,0.0475352775400526,0.528660478265439,-46.5352379399454,0.784114736447483,-0.0401441933916386
11.6333333333333,99.9400029131274,90,-29.3880599510161,-45.8139372485282,-0.141773194774023,0.0475352775400526,0.523009950596223,-45.8748032155484,0.791955053450369,-0.0411047652460064
11.65,100.373793835399,90,-29.3880599510161,-45.2038127573669,-0.138611617343395,0.0475352775400526,0.517429355526075,-45.2076445991163,0.798741484039879,-0.0420699217199213
11.6666666666667,100.807995210186,91,-28.3880599510161,-44.6435671573788,-0.142399420049323,0.808306130751729,0.511917908780868,-44.5573693944149,0.801298086402707,-0.0431921914081028
11.6833333333333,101.242562573685,91,-28.3880599510161,-44.0077755289193,-0.215732142788919,0.734973408012133,0.518636973027778,-43.9640517747791,0.743636224893664,-0.0445240298733414
11.7,101.677454496373,92,-27.3880599510161,-43.3754215121548,-0.278456086802651,0.672249463998401,0.524282771140306,-43.3987882123054,0.693680038085375,-0.0456666956478866
11.7166666666667,102.112630897846,92,-27.3880599510161,-42.6576733415131,-0.329177356919511,0.621528193881541,0.529042828934329,-42.8462625173519,0.651871424365335,-0.0465667714044124
11.7333333333333,102.548051750279,92,-27.3880599510161,-41.962690586838,-0.35962419485671,0.591081355944342,0.533190778715251,-42.2627048099102,0.622276926875085,-0.0469805043408867
11.75,102.983676575626,92,-27.3880599510161,-41.2942260223842,-0.376435670706929,0.574269880094123,0.537003915868009,-41.6593737291985,0.600874456261624,-0.0470642470492008
11.7666666666667,103.419464351718,92,-27.3880599510161,-40.6543185511943,-0.385028534908208,0.565677015892843,0.540659309460748,-41.0477255405278,0.584455502719997,-0.0469493816167508
11.7833333333333,103.855373591075,92,-27.3880599510161,-40.0438876006244,-0.389517811750029,0.561187739051023,0.544255013712218,-40.4380611548703,0.570634785593386,-0.0467384641328829
11.8,104.291362546586,92,-27.3880599510161,-39.4631808433673,-0.392824013818138,0.557881536982914,0.547830934111174,-39.8389112602862,0.557760007604307,-0.0465064393471432
11.8166666666667,104.727389439637,92,-27.3880599510161,-38.912089966598,-0.396870151650668,0.553835399150383,0.551387089122467,-39.2568971393204,0.544777352826944,-0.0463044917474153
11.8333333333333,105.163412671325,92,-27.3880599510161,-38.3903578411716,-0.402805110103221,0.547900440697831,0.554898331756728,-38.6968683554949,0.531088326007074,-0.0461648948333185
11.85,105.599391020349,92,-27.3880599510161,-37.8977024627873,-0.411215600457052,0.539489950344,0.558325428404373,-38.1621763581574,0.516418431479567,-0.0461058457911272
11.8666666666667,106.035283828911,92,-27.3880599510161,-37.433881203491,-0.422307315349965,0.528398235451087,0.561622860482017,-37.654991072597,0.500707546277043,-0.0461357326138506
11.8833333333333,106.471051176279,92,-27.3880599510161,-36.9987151804244,-0.436048244336244,0.514657306464808,0.564743928478186,-37.1766046039939,0.48402487150082,-0.0462565965920872
11.9,106.906654040658,91,-28.3880599510161,-36.5920892101723,-0.452274676495734,0.498430874305318,0.567643788068706,-36.7276929521068,0.466507194559089,-0.046466753554174
11.9166666666667,107.34205448287,91,-28.3880599510161,-36.3102212577789,-0.470764500414784,0.479941050386268,0.570281002464898,-36.3085246639488,0.44831706816736,-0.0467626512520026
11.9333333333333,107.777215883703,91,-28.3880599510161,-36.0507221860786,-0.500384322245519,0.450321228555533,0.572535502712505,-35.9559478945279,0.424789733517994,-0.0473901538108294
11.95,108.212103152967,92,-27.3880599510161,-35.8141059103801,-0.53622188387521,0.414483666925842,0.574263663728072,-35.6570973848846,0.398769907162995,-0.0482271648522198
11.9666666666667,108.646682920747,92,-27.3880599510161,-35.5050369779283,-0.574997155535745,0.375708395265306,0.575389708505094,-35.4020573175681,0.372117779856294,-0.0491902069299522
11.9833333333333,109.080923791407,92,-27.3880599510161,-35.2269164401583,-0.60559856598389,0.345106984817162,0.575964209386939,-35.1468185176971,0.350769385597186,-0.049976486051311
12,109.514796621392,92,-27.3880599510161,-34.9801533863872,-0.631631613091357,0.319073937709695,0.576090802632617,-34.8992431192481,0.332600023473695,-0.0506741244126646
12.0166666666667,109.948274755341,93,-26.3880599510161,-34.7645167429921,-0.65572449826327,0.294981052537782,0.575821601271377,-34.6659625952396,0.316091396890025,-0.0513489953430503
12.0333333333333,110.381334279953,94,-25.3880599510161,-34.4831395514185,-0.679660797348763,0.271044753452289,0.575172388880505,-34.4521407646875,0.300236509712185,-0.0520470828379314
12.05,110.81395427354,94,-25.3880599510161,-34.1413522896254,-0.695449816653046,0.255255734148006,0.574217848334219,-34.2246785836107,0.289255183177097,-0.0525480119098471
12.0666666666667,111.246116995887,95,-24.3880599510161,-33.8401965184324,-0.699292564938449,0.251412985862603,0.573128797628761,-33.9619664831682,0.284962305043562,-0.0527369508205355
12.0833333333333,111.677808050868,96,-23.3880599510161,-33.4811332834289,-0.69923054773821,0.251475003062842,0.572032342783942,-33.6879350624891,0.282811317304586,-0.0528200744483281
12.1,112.109016470891,97,-22.3880599510161,-33.0674876738441,-0.691138945752725,0.259566605048327,0.571031041907279,-33.3831306465861,0.284900104525271,-0.0526793006160198
12.1166666666667,112.539734718799,98,-21.3880599510161,-32.6020769597636,-0.673327064672302,0.27737848612875,0.570274546500161,-33.0352180161549,0.291944018759065,-0.0522585572866988
12.1333333333333,112.969958632885,99,-20.3880599510161,-32.0870503998863,-0.645637966459966,0.305067584341086,0.569926871845539,-32.6371166617708,0.303811504035021,-0.0515420949769151
12.15,113.399687299734,100,-19.3880599510161,-31.5238873194589,-0.608777782413261,0.34192776838779,0.570146699866321,-32.1853801686582,0.319915747636545,-0.0505379527133666
12.1666666666667,113.82892283349,101,-18.3880599510161,-30.9134817823177,-0.563848488585948,0.386857062215104,0.571077099252313,-31.6788961870833,0.339482118597117,-0.0492661610239249
12.1833333333333,114.257670116159,102,-17.3880599510161,-30.2562645702206,-0.512046215316013,0.438659335485039,0.572841592400622,-31.1179122646199,0.361716603841241,-0.0477509051061105
12.2,114.685936462409,103,-16.3880599510161,-29.5523311542234,-0.454485144140849,0.496220406660203,0.575544152724701,-30.5033526779055,0.385900516579372,-0.0460157639704019
12.2166666666667,115.113731213593,104,-15.3880599510161,-28.8015578131739,-0.392110567590245,0.558594983210807,0.579271353971141,-29.8363734592185,0.41143385881116,-0.0440811849997911
12.2333333333333,115.54106529376,105,-14.3880599510161,-28.0036974991724,-0.325670835832596,0.625034714968456,0.584095448626753,-29.1180991050421,0.437845542805923,-0.0419634746433259
12.25,115.967950748218,106,-13.3880599510161,-27.1584531959015,-0.255724788623374,0.694980762177678,0.590077598339521,-28.3494889703596,0.464784280025766,-0.0396747357031471
12.2666666666667,116.394400245134,107,-12.3880599510161,-26.265530143271,-0.182667746690187,0.768037804110865,0.597270813447055,-27.531289849968,0.491999938689497,-0.0372233296583772
12.2833333333333,116.820426517125,108,-11.3880599510161,-25.3246701298541,-0.106764643808318,0.843940906992734,0.605722393008736,-26.6640409413665,0.519321841234688,-0.0346145723471948
12.3,117.246041828857,109,-10.3880599510161,-24.3356716853498,-0.0281832195436202,0.950705550801052,0.615475809206194,-25.7481066089338,0.546637899681401,-0.0318514762452143
12.3166666666667,117.671257464371,110,-9.38805995101613,-23.2974191900641,0.0548181496921612,0.950705550801052,0.626199062709059,-24.7833931532234,0.575553560609292,-0.0289355134549147
12.3333333333333,118.096083158129,111,-8.38805995101613,-22.2118075372692,0.14708354012552,0.950705550801052,0.63692289607855,-23.7661161714352,0.610490419408113,-0.0258705862802046
12.35,118.520526546334,112,-7.38805995101613,-21.0844519632057,0.248019445663682,0.950705550801052,0.647644487504224,-22.6934010180766,0.65114120638176,-0.0226787193444924
12.3666666666667,118.944592808617,113,-6.38805995101613,-19.9205625189877,0.35618260842843,0.950705550801052,0.658361106269412,-21.5658857071831,0.696727491074779,-0.0194035365724841
12.3833333333333,119.368284495512,114,-5.38805995101613,-18.7249625172248,0.469662268020365,0.950705550801052,0.669070110543254,-20.3866030147877,0.74620336121469,-0.016099418991474
12.4,119.791601239954,114,-5.38805995101613,-17.5021068730385,0.586353820845361,0.950705550801052,0.679768945220321,-19.1601313341017,0.798402622717192,-0.0128239034180258
12.4166666666667,120.214536861954,115,-4.38805995101613,-16.3523828700285,0.70414918120411,0.950705550801052,0.690455139806856,-17.8919576058595,0.852142454052842,-0.00963254329090193
12.4333333333333,120.637076611388,116,-3.38805995101613,-15.1772063800756,0.78179221675646,0.950705550801052,0.707160752337306,-16.6302887901878,0.873983421575245,-0.00682353021916125
12.45,121.059197631715,117,-2.38805995101613,-13.9802520664345,0.821142598537336,1.77184814933839,0.730428245334946,-15.4004782798838,0.864129941217913,-0.00424971247261272
12.4666666666667,121.480869720209,117,-2.38805995101613,-12.7363281882242,0.853042781311582,1.80374833211263,0.755210269892503,-14.1946934600461,0.848559662778117,-0.00174141004504411
12.4833333333333,121.902055466975,118,-1.38805995101613,-11.5185485086415,0.889277209198288,1.83998275999934,0.780530617462173,-12.9867050809319,0.835447518559231,0.000887719516395206
12.5,122.322709196737,118,-1.38805995101613,-10.2314039908024,0.926857816385274,1.87756336718633,0.806429267116632,-11.7854796996663,0.823109374277894,0.00356070360111521
12.5166666666667,122.742775975092,119,-0.388059951016132,-8.97761166723502,0.972890160090487,1.92359571089154,0.832987688388487,-10.5613014292092,0.815285851547635,0.00647419995520641
12.5333333333333,123.162191103334,120,0.611940048983868,-7.66051864204583,1.0214663946828,1.97217194548385,0.860288455902672,-9.33226915912202,0.808653851728394,0.00947583092551967
12.55,123.580879966938,120,0.611940048983868,-6.28532586466148,1.07795738320872,2.02866293400977,0.888417366327988,-8.07511426503704,0.80601265738668,0.0127157773467288
12.5666666666667,123.998762900089,120,0.611940048983868,-4.95287359689833,1.14467032271122,2.09537587351227,0.917522444736317,-6.77533297241013,0.808415640863044,0.0162664619938024
12.5833333333333,124.415860110947,121,1.61194004898387,-3.66078375983287,1.21286481532342,2.16357036612448,0.947690067843644,-5.46174384373921,0.811008471233782,0.0198993191742767
12.6,124.832293839222,121,1.61194004898387,-2.3100506926862,1.27738336973404,2.22808892053509,0.978892330206316,-4.15492937617548,0.811042564770306,0.0234734083521319
12.6166666666667,125.248146420967,122,2.61194004898387,-1.00049554936933,1.34473489803472,2.29544044883578,1.01112058818406,-2.83181747895794,0.812075395374724,0.0271621136577146
12.6333333333333,125.663455773886,122,2.61194004898387,0.366784939284885,1.409346150149,2.36005170095005,1.04436569581887,-1.51363786146701,0.811104533409359,0.0308148094393857
12.65,126.078220948744,122,2.61194004898387,1.6919621737184,1.47739408028405,2.4280996310851,1.07863155641923,-0.17795094411504,0.811488460798359,0.0345969553689077
12.6666666666667,126.492406970449,123,3.61194004898387,2.97770809896194,1.54305801034544,2.49376356114649,1.11391676967572,1.15346836006643,0.81007879654085,0.0383518956453931
12.6833333333333,126.905949048367,123,3.61194004898387,4.32291647775409,1.60324238520761,2.55394793600866,1.15014691583429,2.46579991147716,0.805306961711218,0.0419907475837801
12.7,127.318756187508,124,4.61194004898387,5.62746589646236,1.66580989736037,2.61651544816143,1.18729506154755,3.78653040954543,0.801485389001596,0.0457220912388241
12.7166666666667,127.730714345883,124,4.61194004898387,6.98991138895766,1.72599686233732,2.67670241313838,1.22535159477547,5.09761626142511,0.796046042047112,0.0494172247461537
12.7333333333333,128.141689218963,124,4.61194004898387,8.31011007509881,1.79039837395462,2.74110392475567,1.26433002376043,6.42366179984789,0.792555570147807,0.0532537617478965
12.75,128.551528653011,125,5.61194004898387,9.59049398644689,1.85334945033181,2.80405500113287,1.3042432192742,7.74426674228281,0.787925392378418,0.0570804792745713
12.7666666666667,128.96006468933,126,6.61194004898387,10.9298043210122,1.91174879358642,2.86245434438748,1.34503220507233,9.0454131005179,0.780558177236251,0.0608096533923625
12.7833333333333,129.367115358712,126,6.61194004898387,12.324133503091,1.97336589709914,2.92407144790019,1.38668462070351,10.3550022181935,0.774692057217866,0.0646485829254434
12.8,129.77248628425,127,7.61194004898387,13.6734003053983,2.04240724380124,2.9931127946023,1.42928614369806,11.6919946667459,0.772494973791504,0.0687161907824159
12.8166666666667,130.175972105988,127,7.61194004898387,15.0766935204168,2.11153859298192,3.06224414378297,1.47288823297271,13.0314623962109,0.769919326256024,0.0728192848128501
12.8333333333333,130.577357708161,128,8.61194004898387,16.434625405175,2.18567705133629,3.13638260213734,1.51753039418994,14.392835197825,0.7695874785354,0.0770922679549122
12.85,130.976419230141,129,9.61194004898387,17.8467120308412,2.25816305735696,3.20886860815801,1.56322950686474,15.7520870820031,0.767868827530011,0.0813573914034467
12.8666666666667,131.372924927154,129,9.61194004898387,19.3100842265979,2.33449061358618,3.28519616438723,1.61000093143961,17.1296865589095,0.767733839520034,0.0857627004383005
12.8833333333333,131.766635886552,130,10.6119400489839,20.7257266821296,2.41755693456508,3.36826248536613,1.65792859416702,18.5394362407317,0.770648870799389,0.0903915898054256
12.9,132.157306649474,131,11.6119400489839,22.1936891117424,2.49939944203127,3.45010499283232,1.70704636689746,19.9530969431585,0.772255969825266,0.0950324573576809
12.9166666666667,132.544685731548,131,11.6119400489839,23.7116618375217,2.58475271250465,3.5354582633057,1.75736963642123,21.3881857197745,0.775117306968996,0.0998128126608353
12.9333333333333,132.928516082405,132,12.6119400489839,25.1811378294655,2.67614025820452,3.62684580900557,1.8089730849178,22.8565859843919,0.780513009623385,0.104805188323038
12.95,133.308535435356,133,13.6119400489839,26.7025876609155,2.76548038645962,3.71618593726067,1.861877358713,24.3289264200388,0.784042125826647,0.109793677514298
12.9666666666667,133.684476549173,134,14.6119400489839,28.2740254504927,2.85754184189144,3.80824739269249,1.9160839959873,25.8221536200072,0.788307286463412,0.114905576551869
12.9833333333333,134.056067411408,135,15.6119400489839,29.8934595361099,2.95496235385051,3.90566790465156,1.97165511931184,27.3479537699484,0.794670140543472,0.120215471904742
13,134.423031461762,136,16.6119400489839,31.5591596523899,3.05890532881551,4.00961087961656,2.02868360251536,28.9138165584606,0.803651350369138,0.125760576206729
13.0166666666667,134.785133980189,137,17.6119400489839,33.2697687643922,3.16959004712209,4.12029559792315,2.08727309333188,30.5240975283274,0.815247111032192,0.131553442155265
13.0333333333333,135.142531844291,138,18.6119400489839,35.0243170569151,3.28669265971131,4.23739821051237,2.14752585978057,32.1809684365967,0.82916390251944,0.137591817658898
13.05,135.495863050481,139,19.6119400489839,36.8221809391112,3.40962611109604,4.36033166189709,2.20953607865341,33.8851679495578,0.844979601391798,0.143865668148509
13.0666666666667,135.845775014117,140,20.6119400489839,38.6630168540891,3.53772672268679,4.48843227348785,2.27338717405346,35.6365928218858,0.862248009155652,0.150362004866259
13.0833333333333,136.192351650123,141,21.6119400489839,40.5466891332358,3.67036385025644,4.6210694010575,2.3391514952508,37.4347069652336,0.880558338784725,0.157067823021248
13.1,136.535320805932,142,22.6119400489839,42.4732031675935,3.80699646215257,4.75770201295362,2.40689137612605,39.2788137843132,0.89956397529232,0.163971717400567
13.1166666666667,136.874676796752,143,23.6119400489839,44.442649409268,3.94719380074727,4.89789935154832,2.47666082077314,41.1682206377144,0.918990929784549,0.171064578046118
13.1333333333333,137.21078469475,144,24.6119400489839,46.4551599774487,4.09063398742552,5.04133953822657,2.54850733759022,43.1023253589644,0.93863419270438,0.178339701919176
13.15,137.544225812241,145,25.6119400489839,48.510877378794,4.23709071636857,5.18779626716962,2.62247364319186,45.0806502589983,0.958347881643601,0.185792572166529
13.1666666666667,137.875683668914,146,26.6119400489839,50.6099336681566,4.38641497260875,5.3371205234098,2.69859909873383,47.1028436138017,0.978033130930801,0.193420481282956
13.1833333333333,138.205892009674,147,27.6119400489839,52.752437921023,4.53851614859131,5.48922169939236,2.77692083451229,49.1686633566124,0.997626146054547,0.201222112793779
13.2,138.535616796018,148,28.6119400489839,54.9384698864505,4.69334502411092,5.64405057491197,2.85747457488471,51.2779530947174,1.01708773060712,0.209197149028796
13.2166666666667,138.865656797531,149,29.6119400489839,57.1680779345411,4.85087974330512,5.80158529410617,2.94029520492742,53.4306168795196,1.03639483113209,0.217345938962919
13.2333333333333,139.196858526216,149,29.6119400489839,59.4412797650881,5.011115062049,5.96182061285005,3.02541713152371,55.6265963920597,1.0555341646219,0.225669237764173
13.25,139.530146955793,150,30.6119400489839,61.6617821054492,5.17405463627897,6.12476018708002,3.11287449164266,57.8658522666975,1.07449772270538,0.234168016109516
13.2666666666667,139.866576398625,150,30.6119400489839,63.9319054742721,5.33060566504928,6.28131121585033,3.20261865462695,60.1115186273091,1.08845281519813,0.242593270068543
13.2833333333333,140.207407187699,150,30.6119400489839,66.1547755987831,5.48547036099501,6.43617591179607,3.29457338027367,62.3762952260915,1.10009151794915,0.251064052897615
13.3,140.554212855164,150,30.6119400489839,68.3354185397533,5.63264599663922,6.58335154744027,3.38864399350516,64.6330179862334,1.10631512855492,0.259411174757694
13.3166666666667,140.909017521583,150,30.6119400489839,70.4781956581656,5.76958605073523,6.72029160153628,3.4846662976358,66.86447981605,1.10599261918474,0.267553259176291
13.3333333333333,141.274451839918,150,30.6119400489839,72.586558137482,6.02295935970987,5.16677710259796,3.55648362760918,69.1071009125002,1.21510669135395,0.275418942208479
13.35,141.653897034259,150,30.6119400489839,74.6045727207315,6.26528214636908,5.33640305325941,3.62821388577287,71.3924268739742,1.31989224151074,0.282770496402329
13.3666666666667,142.051566626977,149,29.6119400489839,76.4843045343549,6.4722214997855,5.4812606006509,3.70212842781629,73.6568090775082,1.40284637514576,0.289283546205719
13.3833333333333,142.472466168837,149,29.6119400489839,78.1461767835725,6.6344757333582,5.59483856415179,3.77774730541689,75.8383171334531,1.45955144389812,0.294683500565371
13.4,142.922187961333,149,29.6119400489839,79.7060880766557,6.7414527249347,5.66972245825534,3.85447303208119,77.8648266929874,1.48501568939213,0.298656034734948
13.4166666666667,143.406553797329,148,28.6119400489839,81.1739938034663,6.80101571895182,5.71141655406732,3.93170049644687,79.732321128839,1.48425963181593,0.301381972603486
13.4333333333333,143.93118112303,148,28.6119400489839,82.4604431108533,6.82192357753607,5.7260520550763,4.00892270647608,81.4460446045145,1.46265494603918,0.303071493463124
13.45,144.501076499525,148,28.6119400489839,83.6722102317165,6.80339302894736,5.7130806710642,4.08567540372056,82.979167737936,1.42032695355267,0.30368145702914
13.4666666666667,145.12033972986,148,28.6119400489839,84.811515518717,6.7574268178607,5.68090432330354,4.16156637156003,84.3561155671926,1.36424440268766,0.303515495761498
13.4833333333333,145.792012364364,148,28.6119400489839,85.8790704251456,6.69328289302737,5.63600357592021,4.236327381088,85.5982381096523,1.299726680204,0.30280996616687
13.5,146.518058026421,148,28.6119400489839,86.8747541537856,6.61777030453137,5.58314476397301,4.30978387960169,86.7231253860493,1.23064462293607,0.301740291398746
13.5166666666667,147.299437278504,148,28.6119400489839,87.798094745012,6.53565788465059,5.52566607005647,4.38182884463187,87.7446002669626,1.15967661140798,0.300430562644081
13.5333333333333,148.136236245618,148,28.6119400489839,88.6485906119652,6.45010709899773,5.46578052009947,4.45240157390614,88.6730977539911,1.08857104944763,0.298964055027436
13.55,149.027816175701,149,29.6119400489839,89.4259087216176,6.42297056911629,3.84104230690338,4.50932939838239,89.5269396023912,1.07294368595461,0.297389171262319
13.5666666666667,149.972962231014,149,29.6119400489839,90.1718572345461,6.45649109422472,3.85612654320218,4.55143770097596,90.3792968587749,1.11546505171489,0.29558388256292
13.5833333333333,150.970020490447,150,30.6119400489839,90.7390743978218,6.47489942349807,3.86441029137518,4.59325915482905,91.2235833007632,1.14836469334239,0.293444092753191
13.6,152.016041606205,150,30.6119400489839,91.2412884484493,6.46224348622197,3.85871511960094,4.63461955944715,91.9867957118232,1.16317559956692,0.290540072688644
13.6166666666667,153.104917791479,151,31.6119400489839,91.5917631069564,6.42109837433194,3.84019981925043,4.67529945542494,92.660769598068,1.161528296525,0.286938773286489
13.6333333333333,154.229660738556,152,32.6119400489839,91.9007064291395,6.34634747838723,3.8065619160753,4.71506769159473,93.208525789967,1.14088462358563,0.282500853068535
13.65,155.38289702717,152,32.6119400489839,92.1741637581697,6.24725829353234,3.76197178289061,4.75371290288143,93.6474728478959,1.10649700746404,0.277472696415045
13.6666666666667,156.556966953127,153,33.6119400489839,92.3205108758756,6.13171948157875,3.70997931751149,4.79108818963939,93.9948309453884,1.06281038920754,0.272063850398717
13.6833333333333,157.744041292814,154,34.6119400489839,92.4457713277047,5.99684680991588,3.6492866152632,4.82706270346712,94.2296377882117,1.00840431420428,0.266195033931201
13.7,158.936258222755,155,35.6119400489839,92.5525711687859,5.85212407461658,3.58416138437851,4.86153415520465,94.3784637290848,0.948547361270536,0.260118678298806
13.7166666666667,160.125876721335,156,36.6119400489839,92.642886507371,5.70443638823854,3.5177019255084,4.8944614867016,94.4628822034887,0.887041978791269,0.254017687581533
13.7333333333333,161.30524060513,157,37.6119400489839,92.7183598874933,5.55856843502591,3.45206134656271,4.92584729119987,94.4999724501438,0.826510899634041,0.248018772642079
13.75,162.466975587616,158,38.6119400489839,92.7805105837144,5.41766962980648,3.38865688421397,4.95572384670375,94.5029780516104,0.768662284551655,0.24220490140646
13.7666666666667,163.604659753772,159,39.6119400489839,92.8308643437123,5.28366191872478,3.3283534142272,4.98414241827517,94.4820040493526,0.714520750132413,0.236626215079007
13.7833333333333,164.712550815985,160,40.6119400489839,92.8710243218816,5.15758046990253,3.27161676225719,5.01116536003626,94.4446799151911,0.664619422740284,0.231309148604353
13.8,165.785641034484,161,41.6119400489839,92.9027009294405,5.03984691052385,3.21863666053678,5.03686051142781,94.3967480064109,0.619153296437071,0.226263745744774
13.8166666666667,166.819683680942,162,42.6119400489839,92.9277145011906,4.930480381948,3.16942172267765,5.06129740178585,94.3425596170388,0.578097200677844,0.221489309607656
13.8333333333333,167.811185639767,163,43.6119400489839,92.947981278319,4.82925459106961,3.12387011678238,5.08454482833451,94.2854755422915,0.541293213290364,0.21697860738043
13.85,168.757372964184,163,43.6119400489839,92.9654903339919,4.73581009835168,3.08182009505931,5.10666943830495,94.2281771145996,0.508512870141858,0.212720876546498
13.8666666666667,169.656137222387,164,44.6119400489839,92.8859941334113,4.64973096360286,3.04308448442234,5.12773501483166,94.1728985545358,0.479499394834318,0.208703876716357
13.8833333333333,170.505970072326,165,45.6119400489839,92.8139031185721,4.56127369436397,3.00327871326484,5.14776448437766,94.0846993474725,0.448966926603806,0.20466520345418
13.9,171.30589231396,166,46.6119400489839,92.7509019073767,4.47446449437047,2.96421457326776,5.16676311477142,93.9778438033841,0.419121429364611,0.200711667648845
13.9166666666667,172.055382310788,167,47.6119400489839,92.6984362285549,4.39199344645712,2.92710260170676,5.18476117370149,93.8635249723592,0.391420891635361,0.19691433725635
13.9333333333333,172.754307170839,168,48.6119400489839,92.6578365869957,4.3269989465619,2.89785507675391,5.19948109872037,93.750952668878,0.37721045620857,0.19331687514299
13.95,173.402858774388,168,48.6119400489839,92.6305718670065,4.33015441222226,1.8167364332455,5.20068765140298,93.6787386630634,0.422456907171234,0.189903008852691
13.9666666666667,174.001495816724,169,49.6119400489839,92.4852724355973,4.31351615126264,1.81340878105358,5.20528386347002,93.6575580492423,0.448484423873577,0.186535553273849
13.9833333333333,174.550893197333,170,50.6119400489839,92.2942404173849,4.31195043569272,1.8130956379396,5.20303804876587,93.6183314567862,0.49289684734919,0.182804317826902
14,175.051899491672,170,50.6119400489839,92.0681174155503,4.28976939262795,1.80865942932664,5.20043316717238,93.5547615250854,0.524319687692003,0.178618473728414
14.0166666666667,175.505500241242,171,51.6119400489839,91.7202392465248,4.20629745576617,1.79196504195429,5.2055306039524,93.4452508232895,0.505961553870237,0.17397328021322
14.0333333333333,175.912786044159,171,51.6119400489839,91.3610915532634,4.13656524752828,1.77801860030671,5.20188303369148,93.2352579308436,0.508569826584367,0.16873169810676
14.05,176.274925218213,172,52.6119400489839,90.901177220745,4.01749284017137,1.75420411883532,5.20380553025383,92.9589212736224,0.471608092105947,0.163107203592467
14.0666666666667,176.593140689037,172,52.6119400489839,90.4486746183549,3.89625435079236,1.72995642095952,5.20125362492763,92.5894313038282,0.438978057310089,0.157054049707147
14.0833333333333,176.868690701791,173,53.6119400489839,89.9119103333739,3.74751662276591,1.70020887535423,5.20127785396004,92.1573810620871,0.384020087593221,0.150834720208065
14.1,177.102852949237,173,53.6119400489839,89.3970838191091,3.58018239198675,1.6667420291984,5.20181287343846,91.6338973090918,0.31545373614775,0.14442786232041
14.1166666666667,177.296911626141,173,53.6119400489839,88.8107232283154,3.4138685334362,1.63347925748829,5.20122463280318,91.0562719265242,0.246948835227158,0.138144764671928
14.1333333333333,177.45214705418,173,53.6119400489839,88.1611646909823,3.24714704528079,2.41192172117741,5.19947922579215,90.4182795871737,0.177845330284818,0.131938610115343
14.15,177.569827446619,173,53.6119400489839,87.4844015489976,3.07432355701701,2.33415115145871,5.1977458829156,89.7132942973236,0.103014605956244,0.125810405779934
14.1666666666667,177.651201837266,173,53.6119400489839,86.8109378113712,2.89315135989871,2.25262366275547,5.19732013768227,88.9524008481415,0.0189707852583863,0.119867560407384
14.1833333333333,177.697493393683,174,54.6119400489839,86.1381938258455,2.70876119134314,2.16964808690547,5.19843462678629,88.1564312649141,-0.0717932626919227,0.114269792444363
14.2,177.709894346785,174,54.6119400489839,85.5599689436478,2.54056249619065,2.09395867408684,5.19801048590481,87.3354701659874,-0.152929942868401,0.109118935881894
14.2166666666667,177.689562796931,174,54.6119400489839,84.9719053657269,2.39963664675289,2.03054204183985,5.19622174784162,86.5429577898807,-0.218569499442002,0.104711861692307
14.2333333333333,177.637620903904,173,53.6119400489839,84.3731339189672,2.28147505961541,1.97736932762799,5.19326299153789,85.7765222934895,-0.271324308638776,0.100927512002283
14.25,177.555154023236,173,53.6119400489839,83.667430900502,2.19079070907718,1.6900974151146,5.18745540008899,85.0373363258568,-0.305458852349443,0.0976466404049617
14.2666666666667,177.443210542529,173,53.6119400489839,82.9494658075493,2.1147933865162,1.66444831875027,5.17868934519748,84.2863354615461,-0.327661444470824,0.0944976340527107
14.2833333333333,177.302802443311,173,53.6119400489839,82.2132646945729,2.04158153515361,1.63973931891539,5.16932601825303,83.5297461322655,-0.348686571272987,0.0914661210418538
14.3,177.134906633265,173,53.6119400489839,81.4626762936988,1.96992827851623,1.61555634480028,5.1593855554151,82.7636805182359,-0.369187935290209,0.0885175890045702
14.3166666666667,176.940466467422,173,53.6119400489839,80.7012526123493,1.89938162244808,1.59174684837728,5.1488833965232,81.9866929348142,-0.389396580267344,0.0856385314162749
14.3333333333333,176.720393204879,172,52.6119400489839,79.9322441014053,1.82998271437114,1.56832471690131,5.13783381162374,81.1990680514544,-0.409275820117282,0.0828287430148806
14.35,176.475567458991,172,52.6119400489839,79.0623290592419,1.76205841764351,1.54540026675574,5.12625206008865,80.4022561457342,-0.428635076920848,0.0800956682698184
14.3666666666667,176.20684062672,172,52.6119400489839,78.1965565585271,1.68670784056468,1.51996944699163,5.11412715896227,79.5615311975443,-0.452280068744947,0.0772004122638886
14.3833333333333,175.915036321129,171,51.6119400489839,77.3370490477587,1.6088036729421,1.49367679041901,5.10143945958803,78.6919028440684,-0.477532857463092,0.074273745805518
14.4,175.600951772662,171,51.6119400489839,76.3892682871108,1.53186648216294,1.46771048853104,5.08819266962963,77.8055822633837,-0.502463327116044,0.0714092206120331
14.4166666666667,175.265359215644,170,50.6119400489839,75.4570677909651,1.44896043465637,1.43972969749758,5.07437860372737,76.8754043778948,-0.530812875363277,0.0684205086859722
14.4333333333333,174.909007224498,170,50.6119400489839,74.4451767797576,1.36603218428342,1.4117414129967,5.05998883515335,75.921434268136,-0.559327955962178,0.0654667182871069
14.45,174.532622017743,170,50.6119400489839,73.4567021900092,1.27768854756559,1.38192543560444,5.04501409320608,74.922127906651,-0.590912410286754,0.0624029261515149
14.4666666666667,174.136908697234,169,49.6119400489839,72.4919468714301,1.19076862973875,1.35258996333788,5.02945162675646,73.9014003616322,-0.621832045185297,0.059411936577207
14.4833333333333,173.722552443904,169,49.6119400489839,71.4547351935186,1.10967653685429,1.32522138198937,5.01332989603902,72.8771014813354,-0.649693175077421,0.0566100056567746
14.5,173.290219640608,169,49.6119400489839,70.4474870662256,1.02763410949498,1.29753206275561,4.99666827580555,71.8252860891597,-0.678169650890779,0.0538139676327335
14.5166666666667,172.840558946107,169,49.6119400489839,69.4699815650363,0.950289417902234,1.27142822934306,4.97948541263759,70.7675089601867,-0.704188140853352,0.0511739160200043
14.5333333333333,172.374202294868,168,48.6119400489839,68.5219198203502,0.881057708964308,1.24806252757651,4.96182503295504,69.7194348420847,-0.725902739252657,0.0487790923176957
14.55,171.891765883089,168,48.6119400489839,67.5067584039283,0.821730940803251,1.22803974332215,4.94374515730315,68.6920844143801,-0.742358097669497,0.0466746997736677
14.5666666666667,171.393851113686,168,48.6119400489839,66.5266890819037,0.763599243366001,1.20842029543708,4.92528198817178,67.6560095113296,-0.758289906218626,0.0446253153824479
14.5833333333333,170.88104540671,168,48.6119400489839,65.5813351984968,0.710930709222978,1.19064466516381,4.90646172100849,66.6284345783445,-0.771381872787769,0.0427439616440475
14.6,170.353922912309,167,47.6119400489839,64.670268699522,0.666194502622188,1.17554619543604,4.88732911364253,65.6216888447924,-0.780305781728927,0.0410947106186092
14.6166666666667,169.813045193778,167,47.6119400489839,63.6968140443176,0.630567673299792,1.16352214053973,4.86793884323959,64.6442726368607,-0.784441550161254,0.0397066476241177
14.6333333333333,169.258961818757,167,47.6119400489839,62.7630106569681,0.594970499690671,1.15150809444665,4.84832100741721,63.66486495738,-0.788725344576385,0.0383349030102886
14.65,168.692210884271,167,47.6119400489839,61.8683007324591,0.563476466062438,1.14087885809712,4.82849411170356,62.6993168063706,-0.790945113889804,0.0370878009284413
14.6666666666667,168.11331953528,167,47.6119400489839,61.0120436755611,0.538480499415226,1.13244271935369,4.8084944662884,61.7589578623363,-0.789810904172999,0.0360279568814434
14.6833333333333,167.522804409022,167,47.6119400489839,60.1936039321137,0.521163944004619,1.12659838190261,4.78836809965983,60.8515602071612,-0.784697949725054,0.0351850965145827
14.7,166.921171992434,167,47.6119400489839,59.4123953998773,0.51186524261083,1.12346007018221,4.76816501313417,59.9821718890525,-0.775442199940075,0.0345662394983021
14.7166666666667,166.308918918581,167,47.6119400489839,58.6678967014628,0.510366581087722,1.12295427191816,4.74793527576708,59.1538115980932,-0.76218245856857,0.0341635473559859
14.7333333333333,165.686532254762,167,47.6119400489839,57.9596481050517,0.516108801449528,1.12489227129027,4.72772652281501,58.3680292150766,-0.74524222863573,0.0339601856464535
14.75,165.054489827416,167,47.6119400489839,57.287237973104,0.528347242028472,1.12902274498566,4.70758249117004,57.6253448353935,-0.725044198400076,0.033934556853073
14.7666666666667,164.413260505377,167,47.6119400489839,56.6502842830863,0.546260461611813,1.13506845659504,4.68754229435187,56.9255827162182,-0.702050719140707,0.0340632381504831
14.7833333333333,163.763304387532,167,47.6119400489839,56.048414942953,0.569022513183239,1.14275064900039,4.66764020313167,56.2681177381992,-0.676724358946882,0.0343229205704766
14.8,163.105072882072,167,47.6119400489839,55.4812492472937,0.595847877085953,1.15180420931756,4.64790575331755,55.6520513918266,-0.649503490035896,0.0346916017730866
14.8166666666667,162.439008776987,167,47.6119400489839,54.9483818128592,0.626016559633977,1.16198613967752,4.6283640487939,55.0763327131167,-0.620788762238124,0.035149239473946
14.8333333333333,161.765546337119,167,47.6119400489839,54.4493696223594,0.658885346362498,1.17307935519839,4.60903616570134,54.5398375127153,-0.590937158821999,0.0356780301827279
14.85,161.085111420441,167,47.6119400489839,53.9837223276342,0.693889844856417,1.18489337344009,4.58993959338082,54.0414170121536,-0.560261081994513,0.0362624402547594
14.8666666666667,160.398121607672,167,47.6119400489839,53.550895661041,0.730540794576202,1.19726306897052,4.57108867039834,53.5799248411853,-0.529030556124843,0.0368890842104012
14.8833333333333,159.704845360064,167,47.6119400489839,53.1502876301944,0.768417166803111,1.2100463445971,4.55249499074196,53.1542293895931,-0.497477164018448,0.0375465189519236
14.9,159.005505032454,167,47.6119400489839,52.781237088186,0.807157815983341,1.22312131369543,4.53416776725165,52.763216809287,-0.465798751816529,0.0382250015624607
14.9166666666667,158.300512762734,167,47.6119400489839,52.4430242495747,0.846452853894348,1.23638338899039,4.51611414752826,52.4057885475782,-0.434164262944329,0.0389162422085892
14.9333333333333,157.590272961913,167,47.6119400489839,52.1348727394087,0.884258769279677,1.41494140467288,4.49869962597944,52.0808561516622,-0.40433894896422,0.0396131715782051
14.95,156.875179957831,167,47.6119400489839,51.8617013782521,0.910556246666828,1.42874758030114,4.48395469554181,51.7807137647324,-0.385398418638398,0.0403179993269173
14.9666666666667,156.155618280071,166,46.6119400489839,51.6277084833583,0.938355832246633,1.44334236273053,4.46950871930138,51.5058878301983,-0.365915816416947,0.0410664665729174
14.9833333333333,155.431962712858,166,46.6119400489839,51.3344887847556,0.968957116264901,1.45940803684012,4.45538288915168,51.2621151022737,-0.34520170835102,0.0418938157727612
15,154.70457836123,165,45.6119400489839,51.0824032652699,0.993567244578078,1.47232835420454,4.4415619465881,51.0157796774906,-0.328009830838068,0.0425639087308461
15.0166666666667,153.97382087637,164,44.6119400489839,50.7729428855643,1.01662517371236,1.48443376700004,4.42801571842384,50.7808424991483,-0.311894698701898,0.0431951117880856
15.0333333333333,153.240036813735,164,44.6119400489839,50.4098687891771,1.03156143952938,1.49227530655398,4.41470089907973,50.5301064871377,-0.300375600436949,0.0436103432503629
15.05,152.503564043999,163,43.6119400489839,50.0929027120901,1.03501944061516,1.49409075712401,4.40153146919447,50.2454589752837,-0.295185093322643,0.0437178042397717
15.0666666666667,151.764732156839,162,42.6119400489839,49.7226427585346,1.03512334943799,1.494145309256,4.38844610868048,49.9525628794116,-0.291848193243488,0.0437340817097818
15.0833333333333,151.023862922907,160,40.6119400489839,49.3019016113359,1.02764364125498,1.49021846245992,4.37539649252527,49.632698740769,-0.292611841070106,0.0435447872782673
15.1,150.28127082773,159,39.6119400489839,48.7369521055515,1.01057258437008,1.48125615759535,4.36230754387464,49.2736239070829,-0.298490427952075,0.0430945693707756
15.1166666666667,149.537263656744,158,38.6119400489839,48.1323508152132,0.974105606901008,1.46211099442408,4.34904961599209,48.8310793717442,-0.314678085598547,0.0421178993558047
15.1333333333333,148.792143119272,156,36.6119400489839,47.4895376619989,0.923130185457266,1.43534889816612,4.33547630468851,48.3137203956134,-0.338376508371035,0.0407428966297997
15.15,148.046205536587,155,35.6119400489839,46.7130837592359,0.861658641539951,1.40307633760953,4.32148013353332,47.7296452502637,-0.367303926176149,0.0390750525445948
15.1666666666667,147.299742621462,153,33.6119400489839,45.9058346721734,0.783568375940746,1.36207894816994,4.30694107265167,47.0490910832189,-0.404670483566045,0.0369478595568216
15.1833333333333,146.553042299397,152,32.6119400489839,44.9714134369344,0.695737806785036,1.3159678993632,4.29174682796504,46.2905651389117,-0.446636436792473,0.0345436141968708
15.2,145.806389611264,151,31.6119400489839,44.0117642762248,0.59371473968774,1.26240578913712,4.27579217191227,45.4315914559677,-0.495522930680624,0.0317409567522943
15.2166666666667,145.060067694833,150,30.6119400489839,43.0260201490044,0.485200887129147,1.20543601654385,4.25899035245614,44.4955284119222,-0.547071684971864,0.0287448330576219
15.2333333333333,144.314358814647,148,28.6119400489839,42.0131599775518,0.375287742392324,1.14773161555702,4.24131021893402,43.4998122811659,-0.598498709685581,0.0256913609436396
15.25,143.56954542059,147,27.6119400489839,40.8759806933883,0.267107474517173,1.09093697492257,4.22275632943222,42.4570041297593,-0.648119980506581,0.0226648585643901
15.2666666666667,142.825911223015,146,26.6119400489839,39.7161622071095,0.15309350728455,1.03107964212544,4.2033103578299,41.3389429525589,-0.700037228344585,0.0194622813980188
15.2833333333333,142.08374227692,145,25.6119400489839,38.53295027256,0.0384700943418403,0.970902350330518,4.18294806597969,40.1639743032123,-0.751400991100317,0.0162234429427046
15.3,141.343328071899,144,24.6119400489839,37.3256703569383,-0.0722916603577754,0.878413890443276,4.16142320205834,38.9456683066234,-0.799338926515563,0.0130344008743739
15.3166666666667,140.604962657363,144,24.6119400489839,36.0927039537203,-0.174930204729722,0.77577534607133,4.13823611458162,37.6953453669034,-0.840629163605467,0.00993893002004694
15.3333333333333,139.868945832163,143,23.6119400489839,34.9275460714784,-0.269522158664513,0.681183392136539,4.11349920376774,36.4206165562975,-0.87551865506692,0.00694423882591979
15.35,139.135584350052,142,22.6119400489839,33.7254241758103,-0.348125501698927,0.602580049102125,4.08742334782837,35.1616579644496,-0.900041393771052,0.00428108659845743
15.3666666666667,138.405193177335,141,21.6119400489839,32.4853882085358,-0.417033094467773,0.533672456333279,4.06022368466469,33.9062121973727,-0.917956059673654,0.00179839285303557
15.3833333333333,137.678096793256,141,21.6119400489839,31.2076680326272,-0.480988024418123,0.469717526382929,4.03202391990229,32.6434801129612,-0.932044215719975,-0.000620438881111483
15.4,136.954630461506,140,20.6119400489839,29.9894439440031,-0.543333231049259,0.407372319751792,4.00288096640485,31.3647604123896,-0.944229322006046,-0.00305957500260368
15.4166666666667,136.235141407408,140,20.6119400489839,28.7295675939083,-0.597155576926622,0.35354997387443,3.97288882478336,30.1003888554923,-0.950914434983085,-0.00532557433449041
15.4333333333333,135.519989911985,139,19.6119400489839,27.5261424572566,-0.648448281812186,0.302257268988866,3.94214043291239,28.8331403231057,-0.955504063386112,-0.00757136767652143
15.45,134.809550244064,139,19.6119400489839,26.2790135328575,-0.69186233453745,0.258843216263602,3.91073113207137,27.587312278756,-0.955243660607542,-0.00964572835152713
15.4666666666667,134.10421138367,138,18.6119400489839,25.0871891908584,-0.734179358519089,0.216526192281963,3.87873593835824,26.3416898872541,-0.953932646259337,-0.0117243940889895
15.4833333333333,133.404377503037,137,17.6119400489839,23.8512544925626,-0.770322870343232,0.18038268045782,3.84622368059021,25.1181531004884,-0.948920417345774,-0.0136656967120087
15.5,132.710468140716,137,17.6119400489839,22.5744879457904,-0.807033188392724,0.143672362408328,3.81324110624936,23.8941990028572,-0.943938783490307,-0.01564659120847
15.5166666666667,132.022917942169,136,16.6119400489839,21.356488765572,-0.848125881750583,0.102579669050469,3.77974836128766,22.6543444434566,-0.941010245763878,-0.0177719985484495
15.5333333333333,131.342175808135,136,16.6119400489839,20.0978687999386,-0.886271657250842,0.0644338935502101,3.74574272138708,21.4255900034835,-0.936158894592397,-0.0198452045003757
15.55,130.668703361328,135,15.6119400489839,18.8978940606956,-0.926609893015673,0.0240956577853789,3.71123129168664,20.1896154728341,-0.932191988939604,-0.0220031514080483
15.5666666666667,130.002972550299,135,15.6119400489839,17.6570777652565,-0.962799376474165,0,3.6762393179067,18.9709464693654,-0.925708113046799,-0.024073604838317
15.5833333333333,129.345462131016,134,14.6119400489839,16.4747166810526,-1.00079780094904,0,3.6408144137275,17.7492271413026,-0.920024652088762,-0.0262109712320515
15.6,128.696652723536,134,14.6119400489839,15.2514350593856,-1.03685395724938,0,3.60542666348616,16.5466196207315,-0.913945892415853,-0.0282536262471858
15.6166666666667,128.057020120639,134,14.6119400489839,14.087820030888,-1.0774099562667,0,3.57020514232129,15.3400515636258,-0.911180835990915,-0.0303574847055951
15.6333333333333,127.427026599819,133,13.6119400489839,12.9831013414471,-1.11611771140757,0,3.53515372545444,14.1512665272907,-0.908260229339065,-0.0323526877364032
15.65,126.807110166838,133,13.6119400489839,11.8400206621858,-1.14880664033663,0,3.50027611934671,12.9962120085361,-0.902861966066516,-0.0341327710128774
15.6666666666667,126.197671771783,132,12.6119400489839,10.7597803887836,-1.18246017289047,0,3.46557586614268,11.849294860516,-0.898735679251357,-0.0358884731416511
15.6833333333333,125.59906080113,132,12.6119400489839,9.64457346403859,-1.21160025767352,0,3.43105634801491,10.7305012621112,-0.892867997868412,-0.0374760071119252
15.7,125.011559470323,131,11.6119400489839,8.59509650838399,-1.24234297574993,0,3.39672079141078,9.61708443431556,-0.888547896275538,-0.0390616855118378
15.7166666666667,124.435367103619,130,10.6119400489839,7.51307745848433,-1.26866584011465,0,3.36257227120394,8.53096893715778,-0.882471389033264,-0.0404866555300053
15.7333333333333,123.870585615995,130,10.6119400489839,6.40250394179821,-1.29637307984744,0,3.32861371475209,7.45066264915528,-0.877760030146111,-0.041908818160091
15.75,123.317207709836,129,9.61194004898387,5.36335310484797,-1.32879956552101,0,3.29484790586333,6.36189040030187,-0.87622634547266,-0.0434154731674108
15.7666666666667,122.775109273379,128,8.61194004898387,4.29668363685753,-1.35802247227742,0,3.26127748867267,5.29273436173175,-0.873550378416785,-0.0447947242525719
15.7833333333333,122.244047166125,128,8.61194004898387,3.20586197263395,-1.38860286568776,0,3.22790497143078,4.22607439625813,-0.872182999338283,-0.0461706022991868
15.8,121.72366301946,127,7.61194004898387,2.19028994919241,-1.42311555271401,0,3.19473273020679,3.15064137770541,-0.873521380916165,-0.0476104565191062
15.8166666666667,121.213492970792,126,6.61194004898387,1.15049466844357,-1.45322622553675,0,3.16176301250675,2.09648947642018,-0.873015751724349,-0.0488923296491963
15.8333333333333,120.71298254126,125,5.61194004898387,0.0893525592667925,-1.4833299343597,0,3.12899794080976,1.04769767926967,-0.873018968975573,-0.0501370182811064
15.85,120.221505314485,124,4.61194004898387,-0.990467687337756,-1.51600265240697,0,3.09643951602327,-0.0063725363942837,-0.874920988087058,-0.051413161493541
15.8666666666667,119.738383778131,124,4.61194004898387,-2.08649564843918,-1.5525253237852,0,3.06408962085943,-1.07239267722278,-0.879421352641578,-0.0527528693495947
15.8833333333333,119.262910675002,123,3.61194004898387,-3.100167145773,-1.59328313519442,0,3.03195002313393,-2.15409858824211,-0.886737777880297,-0.0541635220912038
15.9,118.794368026437,122,2.61194004898387,-4.13173661091311,-1.62856081459424,0,3.00002237898915,-3.2161474385494,-0.891567525566248,-0.0553866080367086
15.9166666666667,118.332038634373,121,1.61194004898387,-5.17905528454043,-1.66196226384308,0,2.96830823604307,-4.27088395142907,-0.89582366500173,-0.0565232016373258
15.9333333333333,117.875219410991,120,0.611940048983868,-6.24013056137462,-1.69569345565758,0,2.93680903646563,-5.32666227972784,-0.900681835172355,-0.0576340195376118
15.95,117.423235810432,119,-0.388059951016132,-7.31311880595911,-1.73095760460522,0,2.90552611998383,-6.38883104663978,-0.906785393416624,-0.0587512393601692
15.9666666666667,116.975453074738,119,-0.388059951016132,-8.3963182176725,-1.76825697675818,0,2.87446072681742,-7.46050653129439,-0.914402788185344,-0.0598874492213894
15.9833333333333,116.531284345676,118,-1.38805995101613,-9.39187916551914,-1.80762106115661,0,2.84361400054624,-8.54317593069144,-0.92354713182751,-0.061042346477078
16,116.090196001469,117,-2.38805995101613,-10.4007189207497,-1.83927130015994,0,2.81298699091102,-9.60021816243155,-0.928869317974024,-0.0619577199321399
16.0166666666667,115.651710636607,117,-2.38805995101613,-11.4213022202041,-1.86694213111963,0,2.78258065654878,-10.6434076630324,-0.932342451294184,-0.0627400486880902
16.0333333333333,115.215408112558,116,-3.38805995101613,-12.3559203515756,-1.8930903890173,0,2.75239586766433,-11.6810328169425,-0.935269716296202,-0.0634584404960204
16.05,114.780925084379,115,-4.38805995101613,-13.3056079778202,-1.90973090207392,0,2.72243340863919,-12.6817779347888,-0.933264072415306,-0.063904961459845
16.0666666666667,114.347953366817,115,-4.38805995101613,-14.2689256805109,-1.92189527795706,0,2.69269398057933,-13.661521867366,-0.929002674994928,-0.0642215261844729
16.0833333333333,113.916237453678,114,-5.38805995101613,-15.1482409157592,-1.93295198981722,0,2.66317820380286,-14.6316966134111,-0.924291157690683,-0.0645012669896235
16.1,113.485571452923,114,-5.38805995101613,-16.044646602626,-1.93553058835611,0,2.63388662026911,-15.5633645518727,-0.915088646732546,-0.0645515950462319
16.1166666666667,113.055795651193,113,-6.38805995101613,-16.8604627176219,-1.93505114828933,0,2.60481969595027,-16.474175423598,-0.904298453501094,-0.0645232547759269
16.1333333333333,112.62679287768,113,-6.38805995101613,-17.6967231031479,-1.92559477697198,0,2.57597782314684,-17.3399064469223,-0.888664571841137,-0.0642634373884118
16.15,112.198484799239,113,-6.38805995101613,-18.4556786121354,-1.91357348706345,0,2.54736132274803,-18.1817341146459,-0.871634238736548,-0.0639491540721737
16.1666666666667,111.770828246615,112,-7.38805995101613,-19.1420027383924,-1.89371200789799,0,2.51897044643836,-18.9780281589788,-0.850311592477995,-0.063443752201331
16.1833333333333,111.343811645231,112,-7.38805995101613,-19.8565003719409,-1.86329978009871,0,2.49080537885155,-19.7148808232829,-0.823168794615522,-0.06268299290542
16.2,110.917451602596,111,-8.38805995101613,-20.5011803428697,-1.8309429892922,0,2.4628662396729,-20.4211555803467,-0.794849946187955,-0.0619026181570387
16.2166666666667,110.491789687332,111,-8.38805995101613,-21.176746269241,-1.79279347251784,0,2.43515308569116,-21.0808474708105,-0.763251683269161,-0.0610024150827278
16.2333333333333,110.06688942146,110,-9.38805995101613,-21.785103395947,-1.75650090940656,0,2.40766591280105,-21.7210136388932,-0.732531309950499,-0.06018815761535
16.25,109.642833497265,109,-10.3880599510161,-22.4268502025288,-1.71741574151143,0,2.38040465795747,-22.3240945986204,-0.700174953870065,-0.0593347823521768
16.2666666666667,109.219721222201,109,-10.3880599510161,-23.1000685361303,-1.6825188438138,0,2.35336920108244,-22.9158106666435,-0.669994888626267,-0.0586275630342167
16.2833333333333,108.797666189495,108,-11.3880599510161,-23.7066115412701,-1.65611062031681,0,2.3265593669258,-23.5144001323023,-0.644385003041613,-0.0581745862693642
16.3,108.37679416785,107,-12.3880599510161,-24.3470286390183,-1.63102246259699,0,2.29997492688059,-24.0953986506334,-0.619495381500495,-0.0577783804187997
16.3166666666667,107.957241200711,107,-12.3880599510161,-25.0193555702874,-1.61236805072419,0,2.27361560075423,-24.679154508148,-0.59813917354689,-0.0575715176093391
16.3333333333333,107.539151903542,106,-13.3880599510161,-25.6254022311873,-1.60308928163294,0,2.24748105849631,-25.2797572343468,-0.581975273036445,-0.0576246358223546
16.35,107.122677946376,105,-14.3880599510161,-26.2656775540152,-1.59505319935485,0,2.22157092188406,-25.8695661492471,-0.566624503573819,-0.0577145217578078
16.3666666666667,106.707976708255,104,-15.3880599510161,-26.9381794494782,-1.59271201713053,0,2.19588476616625,-26.4665228501469,-0.554529802215598,-0.05795690137902
16.3833333333333,106.295210089991,103,-16.3880599510161,-27.6409651480379,-1.59857659823342,0,2.17042212166668,-27.0829163304043,-0.547101716433926,-0.0584122435236734
16.4,105.884543471806,102,-17.3880599510161,-28.3721542926974,-1.61376181370567,0,2.1451824753478,-27.7267267078459,-0.5450017973151,-0.0591020628682675
16.4166666666667,105.476144802808,102,-17.3880599510161,-29.1299313893135,-1.63840586938611,0,2.12016527233567,-28.4026878080676,-0.548361592316296,-0.0600213372405583
16.4333333333333,105.070183809762,101,-18.3880599510161,-29.8162650630873,-1.67198966168402,0,2.09536991740686,-29.1131231457119,-0.5569503897331,-0.0611478596672026
16.45,104.66683131331,100,-19.3880599510161,-30.5318310775843,-1.70407154484809,0,2.0707957764382,-29.8216531740813,-0.565105664665385,-0.0621992240603196
16.4666666666667,104.266258640494,100,-19.3880599510161,-31.2748005775242,-1.73766149748657,0,2.04644217782027,-30.5398478326529,-0.574446127167365,-0.0632569117125905
16.4833333333333,103.868637123203,99,-20.3880599510161,-31.9471262747842,-1.77447018940403,0,2.02230841383526,-31.2754630836054,-0.585901241962199,-0.0643653102216637
16.5,103.474137672962,98,-21.3880599510161,-32.6494658228595,-1.80320362123435,0,1.99787348204444,-31.9961560234654,-0.592365857914482,-0.0652928047010622
16.5166666666667,103.082930422929,98,-21.3880599510161,-33.3799703872575,-1.83859924878117,0.0475352775400526,1.97522523225708,-32.716983115635,-0.605611386039144,-0.066162292639941
16.5333333333333,102.695184429555,98,-21.3880599510161,-34.0372016602542,-1.87808088250122,0.0475352775400526,1.95336013644164,-33.4542500235731,-0.622348891738657,-0.0670352368495796
16.55,102.311067389686,97,-22.3880599510161,-34.6225445021031,-1.90993694919844,0.0475352775400526,1.93171115117357,-34.1745448549648,-0.635147591403588,-0.0676765109613148
16.5666666666667,101.930745341246,97,-22.3880599510161,-35.2372188562344,-1.92865231186751,0.0475352775400526,1.91027700389596,-34.853549762619,-0.640927828791833,-0.0679491797814677
16.5833333333333,101.554382413323,96,-23.3880599510161,-35.7835978225215,-1.94108064634831,0.0475352775400526,1.88905640670964,-35.5126017128988,-0.643338990094274,-0.0680466031096877
16.6,101.182140646572,96,-23.3880599510161,-36.362702234732,-1.94239420154663,0.0475352775400526,1.86804805720193,-36.1303846933073,-0.639695648750405,-0.067848086364025
16.6166666666667,100.814179866923,96,-23.3880599510161,-36.8767110547073,-1.93981983806498,0.0475352775400526,1.84725063925264,-36.7303309698338,-0.633873351105932,-0.0675543593664613
16.6333333333333,100.450657600234,96,-23.3880599510161,-37.33017375363,-1.92867589235002,0.0475352775400526,1.82666282381772,-37.2925250517966,-0.623290028753205,-0.0670458332706518
16.65,100.091729019243,96,-23.3880599510161,-37.7274427315672,-1.90666980643031,0.0475352775400526,1.8062832696912,-37.8043262538959,-0.606640223999824,-0.0662701110525171
16.6666666666667,99.7375469166614,95,-24.3880599510161,-38.0726733618926,-1.86893875279567,0,1.78524939665994,-38.2576396608771,-0.579655585571322,-0.0652212512876555
16.6833333333333,99.388261700122,95,-24.3880599510161,-38.4694770797671,-1.81684846618503,0,1.76366870817375,-38.6452597903754,-0.543253978553344,-0.063933173555219
16.7,99.0440214422766,95,-24.3880599510161,-38.8222299585905,-1.76572641746639,0,1.74229283206314,-39.0067845047008,-0.507123830026442,-0.0627205942549806
16.7166666666667,98.7049720132325,95,-24.3880599510161,-39.1339865257218,-1.71387092755158,0,1.7211207867619,-39.3355730431444,-0.470362935142939,-0.0615364817682319
16.7333333333333,98.3712572179365,95,-24.3880599510161,-39.4076706906162,-1.66052264373712,0,1.70015156890553,-39.6279644033852,-0.432571862487774,-0.0603602622343304
16.75,98.0430189101172,94,-25.3880599510161,-39.6460755820217,-1.60556601137831,0,1.67938415429264,-39.8824966297885,-0.393697754249654,-0.0591890269616103
16.7666666666667,97.7203970955403,94,-25.3880599510161,-39.9481466540763,-1.54930452948377,0,1.65881749882106,-40.0992971171324,-0.353916060187591,-0.0580309894806851
16.7833333333333,97.4035300343786,94,-25.3880599510161,-40.2140610851976,-1.50179955170728,0,1.63845053939904,-40.3165564361805,-0.31873883678336,-0.0571506569022359
16.8,97.0925543506506,94,-25.3880599510161,-40.4464419906424,-1.45955283675695,0,1.61828219483223,-40.524020170249,-0.286331818346603,-0.0564463812868796
16.8166666666667,96.7876051564014,94,-25.3880599510161,-40.647792104041,-1.42030075580815,0,1.59831136668691,-40.7148670545556,-0.255508108101335,-0.055852567102619
16.8333333333333,96.488816199204,93,-26.3880599510161,-40.820494570169,-1.38267662455983,0,1.57853694013012,-40.8848777972917,-0.225553383860651,-0.0553295207817666
16.85,96.1963200436158,93,-26.3880599510161,-41.0630968478439,-1.3459511684586,0,1.55895778474701,-41.0317792168234,-0.196091005504988,-0.0548557101465858
16.8666666666667,95.9102483006811,93,-26.3880599510161,-41.2753907601758,-1.3193405372094,0,1.53957275533614,-41.1916761305967,-0.172175516770048,-0.0546718839516974
16.8833333333333,95.630731924987,93,-26.3880599510161,-41.459627225656,-1.29866172547897,0,1.52038069268311,-41.3525053292485,-0.151596603509845,-0.0546577032570532
16.9,95.3579016072131,92,-27.3880599510161,-41.6179503372755,-1.28110296749311,0,1.50138042431302,-41.5058797151466,-0.132861211263928,-0.0547331473594824
16.9166666666667,95.0918883034555,92,-27.3880599510161,-41.8486810522542,-1.2648652467839,0,1.48257076522229,-41.6462267361715,-0.115008574628232,-0.0548476677399571
16.9333333333333,94.832823964312,92,-27.3880599510161,-42.0513969906684,-1.25839028119783,0,1.46395051859025,-41.8070521014467,-0.10266310329147,-0.0552218073165738
16.95,94.580842563366,92,-27.3880599510161,-42.2281468818774,-1.25695140823385,0,1.44551847647104,-41.9742565121922,-0.093305485148635,-0.055721825625231
16.9666666666667,94.33608158951,92,-27.3880599510161,-42.3808843309248,-1.257372106444,0,1.42727342046619,-42.1378680147929,-0.0852283032501582,-0.0562595011530824
16.9833333333333,94.0986842888304,91,-28.3880599510161,-42.5114685629529,-1.25762596002434,0,1.40921412237837,-42.2910895744114,-0.077329758639912,-0.0567800090138116
17,93.8688031856363,91,-28.3880599510161,-42.71794815923,-1.25652584508653,0,1.39133934484671,-42.4295424855986,-0.068952793281149,-0.0572525682317865
17.0166666666667,93.6466059505626,91,-28.3880599510161,-42.8996408357148,-1.26298988590734,0,1.3736478419642,-42.5876146805983,-0.0649571890052091,-0.0579132474182038
17.0333333333333,93.4322860350123,91,-28.3880599510161,-43.0583478103681,-1.27266247484964,0,1.35613835987748,-42.7518454359537,-0.0630059365813365,-0.0586405292000099
17.05,93.2260846022769,91,-28.3880599510161,-43.1957874381915,-1.28265661646383,0,1.33880963736942,-42.9127121803043,-0.0615329345918966,-0.0593558532658266
17.0666666666667,93.0283479027593,91,-28.3880599510161,-43.313595778355,-1.29117264488885,0,1.32166040642506,-43.0637215422683,-0.059546232495422,-0.0600120757445341
17.0833333333333,92.8396374115364,91,-28.3880599510161,-43.4133275037426,-1.29720210276801,0,1.30468939278104,-43.2006873368923,-0.0564746187885947,-0.0605845712393425
17.1,92.6606822097786,91,-28.3880599510161,-43.4964571112468,-1.30029948890126,0,1.28789531645917,-43.321159635301,-0.0520488478780362,-0.0610644310433673
17.1166666666667,92.4922077458851,90,-29.3880599510161,-43.5643803941896,-1.30040787381275,0,1.27127689228427,-43.4239756179622,-0.0462104426064315,-0.0614533165100648
17.1333333333333,92.3348391714083,90,-29.3880599510161,-43.7146987502889,-1.29772707595559,0,1.2548328303868,-43.5089083108241,-0.0390423559875857,-0.0617596126325872
17.15,92.1890633491541,90,-29.3880599510161,-43.8462993902459,-1.30212095178413,0,1.23856183669066,-43.6133403639169,-0.0359135715055589,-0.0622455582257294
17.1666666666667,92.0552229120965,90,-29.3880599510161,-43.9605700064683,-1.30984944434742,0,1.2224626133863,-43.7259092519104,-0.0348226181209035,-0.0628061872787151
17.1833333333333,91.9335265798242,90,-29.3880599510161,-44.0588325934091,-1.31839764071214,0,1.20653385938978,-43.8385018148466,-0.0344100649311894,-0.0633724916821794
17.2,91.8240666946369,90,-29.3880599510161,-44.1423440955838,-1.3261617583975,0,1.1907742707879,-43.9455102922208,-0.0337966581755391,-0.0639018973986529
17.2166666666667,91.7268389487817,90,-29.3880599510161,-44.2122973045479,-1.33220480188003,0,1.17518254126971,-44.0432407462214,-0.0324568920556075,-0.0643709052779665
17.2333333333333,91.6417616322896,90,-29.3880599510161,-44.2698219733782,-1.33606779669191,0,1.159757362545,-44.1294447178873,-0.0301209218599949,-0.0647694508181749
17.25,91.5686930990191,90,-29.3880599510161,-44.3159861195534,-1.33762518480698,0,1.14449742474968,-44.2029502817931,-0.0266990633345177,-0.0650966229419319
17.2666666666667,91.5074469261815,90,-29.3880599510161,-44.351797489367,-1.336975155511,0,1.1294014168387,-44.2633730487106,-0.0222242169413237,-0.065357451903716
17.2833333333333,91.4578046704479,90,-29.3880599510161,-44.3782051591312,-1.33435747597689,0,1.11446802696663,-44.3108912724203,-0.0168084516012238,-0.0655605335449592
17.3,91.4195263463664,90,-29.3880599510161,-44.3961012504461,-1.33009284594783,0,1.09969594285626,-44.3460721803451,-0.0106107145768956,-0.0657163035740676
17.3166666666667,91.3923588568645,90,-29.3880599510161,-44.4063227387206,-1.3245389897903,0,1.08508385215543,-44.3697390792996,-0.00381323123703833,-0.0658358132710692
17.3333333333333,91.3760426427173,90,-29.3880599510161,-44.4096533359327,-1.31805966514743,0,1.07063044278257,-44.3828707799036,0.00339535550817602,-0.0659298885761913
17.35,91.370316818537,90,-29.3880599510161,-44.4068254303184,-1.31100355054794,0,1.0563344032609,-44.3865265129187,0.0108316614696263,-0.0660085792175631
17.3666666666667,91.3749230609719,91,-28.3880599510161,-44.3985220672813,-1.30369060768551,0,1.04219442304194,-44.3817908416587,0.018325288488072,-0.0660808244371092
17.3833333333333,91.3896086180563,91,-28.3880599510161,-44.28909634819,-1.29640402496951,0,1.02820919281823,-44.3697341595237,0.0257235793972944,-0.0661542778682814
17.4,91.4141284260837,91,-28.3880599510161,-44.1814951362506,-1.27988059956396,0,1.01437740482587,-44.3144386245607,0.0380908627034048,-0.0659852857337596
17.4166666666667,91.4482463308095,91,-28.3880599510161,-44.0760484681543,-1.25850544716648,0,1.00069775313677,-44.2291245271641,0.0530914782739394,-0.0656979216247515
17.4333333333333,91.4917357679086,91,-28.3880599510161,-43.9730399419597,-1.23543204629679,0,0.987168933941209,-44.1239841206436,0.0690300961361086,-0.06537945990774
17.45,91.5443800431996,91,-28.3880599510161,-43.8727103705932,-1.21286234908351,0,0.97378964582066,-44.0067986288955,0.0847087340226386,-0.06508903185009
17.4666666666667,91.6059723063643,92,-27.3880599510161,-43.7752612484324,-1.19226999628092,0,0.960558590011307,-43.8834377844761,0.0993124381246624,-0.0648644847566263
17.4833333333333,91.6763152951627,92,-27.3880599510161,-43.5845754251329,-1.17457741506898,0,0.947474470658388,-43.7582632417728,0.112318248410298,-0.0647277896521288
17.5,91.7552209128808,92,-27.3880599510161,-43.4031418925152,-1.15078997015839,0,0.934535995061626,-43.5975068442557,0.128619729023252,-0.0644393187348531
17.5166666666667,91.8425096897263,92,-27.3880599510161,-43.2308460989843,-1.12530143367546,0,0.921741873911963,-43.4156760463764,0.145852138716736,-0.0641201606916846
17.5333333333333,91.9380101688268,92,-27.3880599510161,-43.0675410768774,-1.1010985682346,0,0.909090821519814,-43.22360767072,0.162388329758793,-0.0638500698268616
17.55,92.0415582491062,93,-26.3880599510161,-42.9130516862363,-1.08010504203511,0,0.896581556035056,-43.0292572669008,0.177162007324335,-0.0636779653997144
17.5666666666667,92.1529965103832,93,-26.3880599510161,-42.6708959266535,-1.06345213717121,0,0.884212799658952,-42.8383328390449,0.189528072457346,-0.0636301398412096
17.5833333333333,92.2721735403131,93,-26.3880599510161,-42.4432102349976,-1.04218492508742,0,0.871983278848226,-42.6178553223842,0.204349557748207,-0.0634666709514729
17.6,92.398943278109,94,-25.3880599510161,-42.2295401947998,-1.02062263113926,0,0.859891724511474,-42.3827074282546,0.21929398191688,-0.063305346507744
17.6166666666667,92.5331643861454,94,-25.3880599510161,-41.9331293442221,-1.0016045823584,0,0.847936872198115,-42.1437996412749,0.232807391313476,-0.0632208101897361
17.6333333333333,92.6746996574293,94,-25.3880599510161,-41.6558452980941,-0.978412989959792,0,0.836332159958033,-41.8723042948241,0.248157111371816,-0.0630057136599755
17.65,92.8234154644852,95,-24.3880599510161,-41.3962199814551,-0.95685912146559,0,0.825236119030014,-41.5869733152475,0.261920576421879,-0.0627963821713639
17.6666666666667,92.9791812528394,95,-24.3880599510161,-41.05582983924,-0.939737922500507,0.0109676283005443,0.814594837054485,-41.3010745389139,0.272672548253968,-0.0626724375578364
17.6833333333333,93.1418690819792,95,-24.3880599510161,-40.7352022264961,-0.919094854146477,0.0316106966545752,0.804404579017397,-40.9862300851534,0.284752511872478,-0.0624214962032194
17.7,93.3113532105553,95,-24.3880599510161,-40.4324533008492,-0.899728153996177,0.050977396804875,0.794679214703241,-40.6600700569061,0.295551129480585,-0.0621718548707069
17.7166666666667,93.4875096895954,96,-23.3880599510161,-40.1457387034551,-0.884248718881269,0.0664568319197832,0.785371891960692,-40.334745962559,0.303730413932824,-0.0619975837562761
17.7333333333333,93.670215924087,96,-23.3880599510161,-39.7772325724802,-0.87376554636737,0.0769400044336822,0.77640553065134,-40.0180729018886,0.308807225044694,-0.0619345857254942
17.75,93.8593502941415,96,-23.3880599510161,-39.4281530060662,-0.859334808534025,0.0913707422670266,0.767775672539778,-39.6778207212788,0.315653057633335,-0.0617437436808774
17.7666666666667,94.0547918235043,96,-23.3880599510161,-39.097238185869,-0.845265525845198,0.105440024955854,0.759507639633084,-39.3290983311378,0.321902450737548,-0.061539149928222
17.7833333333333,94.2564198412965,96,-23.3880599510161,-38.7831502208673,-0.834009252470514,0.116696298330537,0.751571252448168,-38.982553702757,0.326275632848047,-0.0613891625582941
17.8,94.4641137171417,96,-23.3880599510161,-38.4847243691786,-0.826714391513515,0.123991159287536,0.743906996184229,-38.6452234181608,0.328239350702882,-0.0613292712630275
17.8166666666667,94.6777526886768,96,-23.3880599510161,-38.2010807207931,-0.823680619027872,0.12702493177318,0.736443790623659,-38.3214114038532,0.327734577888225,-0.0613729421339594
17.8333333333333,94.897215757353,96,-23.3880599510161,-37.9316477279861,-0.824705969893167,0.125999580907885,0.729110105363048,-38.0134819539837,0.324972389117789,-0.061520099604972
17.85,95.1223815985092,96,-23.3880599510161,-37.6761348457121,-0.829334941623285,0.121370609177767,0.721840144883116,-37.7225140555596,0.320290808079936,-0.0617633320637181
17.8666666666667,95.3531284404303,96,-23.3880599510161,-37.4344805874067,-0.837023658549467,0.113681892251584,0.714576618834685,-37.4488040691349,0.314061627004196,-0.0620921322210599
17.8833333333333,95.5893340340928,96,-23.3880599510161,-37.2067932534787,-0.847240489761985,0.103465061039067,0.70727132284452,-37.1922272458098,0.306635384223866,-0.0624955702703222
17.9,95.8308757705183,96,-23.3880599510161,-36.9932946351063,-0.859519670891941,0.0911858799091104,0.699884454348153,-36.9524801766774,0.298313609941301,-0.0629637993710804
17.9166666666667,96.0776308333972,95,-24.3880599510161,-36.7942719934342,-0.873482984903764,0.0772225658972878,0.692383316133176,-36.7292300717912,0.289339217899006,-0.0634887475307801
17.9333333333333,96.3294763445798,95,-24.3880599510161,-36.7063228694779,-0.888841446690471,0.0618641041105806,0.684740835809063,-36.5221958469001,0.279897945373686,-0.0640642840429116
17.95,96.5862895091941,95,-24.3880599510161,-36.6274057064008,-0.914486057100226,0.0362194937008257,0.676851557029391,-36.3680139855226,0.265298667949391,-0.0649361392085507
17.9666666666667,96.8479478006067,95,-24.3880599510161,-36.5583503095112,-0.94557873557437,0.0051268152266819,0.668585557902259,-36.2538417227893,0.24833430364163,-0.0659834992523517
17.9833333333333,97.1143292227326,95,-24.3880599510161,-36.5003933525163,-0.978934688474634,0,0.659879262487273,-36.1699375345841,0.230804179681165,-0.0671248567875067
18,97.3853125955543,95,-24.3880599510161,-36.4548498905199,-1.01282459886648,0,0.650748356659999,-36.1094074011051,0.213589975981733,-0.0683096643250915
18.0166666666667,97.660777871815,95,-24.3880599510161,-36.4224817572363,-1.0482311414046,0,0.641601822739333,-36.0685434836369,0.195401911775844,-0.0695091545070786
18.0333333333333,97.9406064073902,95,-24.3880599510161,-36.402745075993,-1.08504854108038,0,0.632554592245628,-36.0459786966272,0.176092902662544,-0.0707046208048518
18.05,98.224681168619,95,-24.3880599510161,-36.3943642568743,-1.12266797156053,0,0.623605845033616,-36.0404314358071,0.156005202022248,-0.0718797797304219
18.0666666666667,98.5128868967212,95,-24.3880599510161,-36.396146558129,-1.16047725392474,0,0.614754761520109,-36.0503421192368,0.135486977959975,-0.0730188511183995
18.0833333333333,98.8051102425735,95,-24.3880599510161,-36.4069789400882,-1.19789726261349,0,0.606000522880212,-36.074007141881,0.11487216923292,-0.0741075029208907
18.1,99.1012398801804,95,-24.3880599510161,-36.4258248696192,-1.23440501340338,0,0.597342311237039,-36.1096767113698,0.0944673871986421,-0.0751334113740908
18.1166666666667,99.401166604149,95,-24.3880599510161,-36.4517210961778,-1.26954685960118,0,0.5887793098451,-36.1556246142934,0.0745440943571355,-0.0760865402414246
18.1333333333333,99.7047834146841,95,-24.3880599510161,-36.4837744183736,-1.30294447161393,0,0.580310703267511,-36.2101963391524,0.0553346717903032,-0.0769592194648
18.15,100.011985592507,95,-24.3880599510161,-36.5211584579542,-1.33429567400892,0,0.571935677547177,-36.2718406660516,0.0370312941563365,-0.0777460849372679
18.1666666666667,100.322670765377,95,-24.3880599510161,-36.5631104562409,-1.3633717349456,0,0.563653420372093,-36.3391287687969,0.0197867759157104,-0.0784439263419827
18.1833333333333,100.636738967428,95,-24.3880599510161,-36.6089281063042,-1.3900123223341,0,0.555463121234924,-36.4107640163628,0.00371674768187859,-0.0790514783431402
18.2,100.954092692175,95,-24.3880599510161,-36.6579664325493,-1.41411904032805,0,0.547363971586983,-36.4855849699518,-0.0110973235396711,-0.0795691812594266
18.2166666666667,101.27463693985,95,-24.3880599510161,-36.7096347278789,-1.43564822332444,0,0.539355164986763,-36.5625635179576,-0.0246046341918813,-0.0799989302059809
18.2333333333333,101.598279259527,95,-24.3880599510161,-36.7633935572165,-1.45460347989634,0,0.53143589724316,-36.6407996485096,-0.0367813320577443,-0.0803438261553365
18.25,101.924929786416,96,-23.3880599510161,-36.818751834889,-1.47102833574325,0,0.523605366553503,-36.7195140069285,-0.047626785285336,-0.0806079381150637
18.2666666666667,102.25450127457,96,-23.3880599510161,-36.7789813730667,-1.48499921445112,0,0.515862773636538,-36.798039106163,-0.057159967639401,-0.0807960823855565
18.2833333333333,102.586909125253,96,-23.3880599510161,-36.7460358084815,-1.48711325054125,0,0.508207321860493,-36.8388632182395,-0.060219356480229,-0.0806636612349485
18.3,102.922071411123,96,-23.3880599510161,-36.7193353218527,-1.48167806864695,0,0.50063821736633,-36.853765229645,-0.0590777092124449,-0.0803355003997367
18.3166666666667,103.259908896379,97,-22.3880599510161,-36.6983324340696,-1.47182547010717,0,0.493154669186332,-36.8516500621472,-0.0553987034055897,-0.0799010941731506
18.3333333333333,103.600345053023,97,-22.3880599510161,-36.5862285710091,-1.45978444997308,0,0.485755889358122,-36.8391623719848,-0.0503764062670652,-0.0794230215373838
18.35,103.943306073328,97,-22.3880599510161,-36.4848948562392,-1.43759142282207,0,0.478441093034242,-36.7842328019507,-0.0396491874439422,-0.0786936061108826
18.3666666666667,104.28872087866,98,-21.3880599510161,-36.3936585532167,-1.41045583193339,0,0.471209498587404,-36.7026171158168,-0.0260049582987179,-0.0778591124293527
18.3833333333333,104.636521124758,98,-21.3880599510161,-36.2155878390033,-1.38201210983835,0,0.464060327711524,-36.6060559634492,-0.0114092410150358,-0.077019175309605
18.4,104.986641203596,98,-21.3880599510161,-36.0524141194871,-1.34519512008964,0,0.456992805518642,-36.4662012874065,0.00799596711298576,-0.0759884989757464
18.4166666666667,105.339018241959,99,-20.3880599510161,-35.903319860425,-1.30573566253012,0,0.450006160631848,-36.3014603194092,0.029119902775157,-0.0749249880059168
18.4333333333333,105.693592096862,99,-20.3880599510161,-35.6712246240383,-1.267513949607,0,0.443099625274304,-36.125398987814,0.0498423358842899,-0.0739322275997889
18.45,106.050305347946,100,-19.3880599510161,-35.457708528634,-1.22351383448564,0,0.436272435354468,-35.9108622960834,0.073973654785052,-0.072823529097223
18.4666666666667,106.409103287012,100,-19.3880599510161,-35.1655185036945,-1.17937896533145,0,0.429523830547631,-35.6769720848008,0.0984507946231583,-0.0717518480267619
18.4833333333333,106.769933904821,101,-18.3880599510161,-34.8960595482906,-1.12930683633606,0,0.422853054373838,-35.4007051219105,0.126428841726941,-0.0705636483456267
18.5,107.132747875334,101,-18.3880599510161,-34.5519021161142,-1.07973923040565,0,0.416259354272323,-35.1041998335035,0.154407984381321,-0.0694329222544018
18.5166666666667,107.497498537545,102,-17.3880599510161,-34.23427438772,-1.02536185131154,0,0.409741981672517,-34.7665820777085,0.185270685388091,-0.0682182583263566
18.5333333333333,107.864141875134,102,-17.3880599510161,-33.845570560909,-0.97360579593021,0,0.403448127265929,-34.4116010213805,0.214701885096655,-0.0670992603101863
18.55,108.232636493746,103,-16.3880599510161,-33.4859254639636,-0.92234006838526,0.0283654824157917,0.398017404715604,-34.0211331407118,0.242694442980403,-0.0659330184089826
18.5666666666667,108.602943595287,103,-16.3880599510161,-33.054967692377,-0.877871190802519,0.0728343599985325,0.393459397861177,-33.6212222237285,0.26581171455813,-0.064884802581944
18.5833333333333,108.975026914971,104,-15.3880599510161,-32.6506626374925,-0.833752808979096,0.116952741821956,0.389717090759346,-33.1919319083741,0.287664504734571,-0.0637872773405033
18.6,109.348852587143,104,-15.3880599510161,-32.1727429733487,-0.795152678447963,0.155552872353089,0.386736134497662,-32.7556745238023,0.305550974574334,-0.0627842294175187
18.6166666666667,109.724388987519,105,-14.3880599510161,-31.7201062723924,-0.755283946450431,0.195421604350621,0.384483823365818,-32.2899887477992,0.323227048566001,-0.061697156357713
18.6333333333333,110.101606508956,106,-13.3880599510161,-31.1932222505022,-0.719321036412073,0.231384514388979,0.382932656613846,-31.8159762260474,0.3379451652157,-0.0606678513110039
18.65,110.480477271714,106,-13.3880599510161,-30.5952538099807,-0.680672921205934,0.270032629595118,0.382074965051542,-31.3106837466507,0.353316516829047,-0.0595210735638209
18.6666666666667,110.860974799866,107,-12.3880599510161,-30.0256934795273,-0.635690367456209,0.315015183344842,0.381986875626108,-30.7583982436723,0.371238598209888,-0.0581543210614865
18.6833333333333,111.243073717719,107,-12.3880599510161,-29.3850658478336,-0.59186529314061,0.358840257660442,0.382704478357333,-30.1860331376287,0.387617374118062,-0.0567668765133181
18.7,111.626749511337,107,-12.3880599510161,-28.772578825592,-0.544206292234856,0.406499258566196,0.384251284988079,-29.5752713196424,0.405154441956722,-0.0552242047596686
18.7166666666667,112.011978282012,108,-11.3880599510161,-28.1850071889073,-0.499185226440144,0.451520324360907,0.386630380107094,-28.9506960349099,0.420355841245208,-0.0537006740346723
18.7333333333333,112.398736472186,108,-11.3880599510161,-27.5230303740903,-0.460185190619787,0.490520360181264,0.389764129177571,-28.3289127579504,0.431515204913365,-0.0522936791468407
18.75,112.787000580689,108,-11.3880599510161,-26.8864903592001,-0.419402972805676,0.531302577995376,0.393619561878488,-27.6834784732646,0.442934345150084,-0.0507972199468699
18.7666666666667,113.176746878418,109,-10.3880599510161,-26.2729800267783,-0.381534308880791,0.569171241920261,0.398181125560322,-27.0329820122886,0.452103023324808,-0.0493391278731071
18.7833333333333,113.567951132601,109,-10.3880599510161,-25.5839978599173,-0.348958759886157,0.601746790914895,0.403375392729974,-26.3898911842118,0.457847132137085,-0.0479892920485424
18.8,113.960588377411,109,-10.3880599510161,-24.9201053311833,-0.313408602437446,0.950705550801052,0.409185589464267,-25.7251163746058,0.464691947414863,-0.0465278034822933
18.8166666666667,114.354632756826,109,-10.3880599510161,-24.2685657014148,-0.30300903394849,0.950705550801052,0.420443368679546,-25.0652460242057,0.448658671332145,-0.0450667853082876
18.8333333333333,114.750057158472,109,-10.3880599510161,-23.6191626886133,-0.291205106306401,0.950705550801052,0.431738367766245,-24.420743931131,0.434085185446455,-0.0436056261665936
18.85,115.146832454759,109,-10.3880599510161,-22.9748524587608,-0.276748838689759,0.950705550801052,0.443066440406872,-23.7853671061184,0.421643635409809,-0.0421120216997519
18.8666666666667,115.544926919194,109,-10.3880599510161,-22.338244967506,-0.259292348954316,0.950705550801052,0.45442356462893,-23.1558519723086,0.41152223331748,-0.0405785076208802
18.8833333333333,115.944305962865,109,-10.3880599510161,-21.7116287642767,-0.239067075238832,0.950705550801052,0.465805839867978,-22.5310353170485,0.403594132722729,-0.0390131355156124
18.9,116.344932077975,109,-10.3880599510161,-21.0969946792476,-0.216648886150974,0.950705550801052,0.477209484093157,-21.911183225024,0.397541875098489,-0.0374327364242676
18.9166666666667,116.746764912326,109,-10.3880599510161,-20.4960583982526,-0.192789462254416,0.950705550801052,0.488630830993922,-21.2974843439195,0.392947414273927,-0.0358581658192319
18.9333333333333,117.149761426671,109,-10.3880599510161,-19.9102819356414,-0.168298384692381,0.950705550801052,0.500066327226766,-20.6916723342063,0.389355680653271,-0.0343110512457226
18.95,117.553876103457,109,-10.3880599510161,-19.3408940194009,-0.143963637677484,0.950705550801052,0.511512529720719,-20.0957492826882,0.386317993490027,-0.0328116665635064
18.9666666666667,117.959061185673,110,-9.38805995101613,-18.7889094066488,-0.120500864010871,0.950705550801052,0.522966103040448,-19.5117874951112,0.383420295746417,-0.031377639053877
18.9833333333333,118.365266931045,110,-9.38805995101613,-18.15886454176,-0.0985238250521792,0.950705550801052,0.534423816805798,-18.9417916580886,0.380300113299307,-0.0300232614521179
19,118.772441871121,111,-8.38805995101613,-17.5537564833218,-0.0690245455584486,0.950705550801052,0.545882543166634,-18.3506604463497,0.381851974151007,-0.0285092721602049
19.0166666666667,119.180533067826,112,-7.38805995101613,-16.8775639275692,-0.0365656724882749,0.950705550801052,0.557339254331883,-17.7522740730252,0.385612332890382,-0.0269619073104749
19.0333333333333,119.589486342632,113,-6.38805995101613,-16.1364699304708,0.00510216085709239,0.950705550801052,0.568791020151669,-17.1203615268787,0.394995547754434,-0.0252185706071559
19.05,119.999245260344,114,-5.38805995101613,-15.3363043602265,0.0590637720232338,0.950705550801052,0.580235005751472,-16.4383092024605,0.411726715790244,-0.0232057859129831
19.0666666666667,120.409747642046,115,-4.38805995101613,-14.4825536509702,0.126198774956657,0.950705550801052,0.591668469217277,-15.69670670414,0.436342519851169,-0.0209107971185313
19.0833333333333,120.820925009994,116,-3.38805995101613,-13.5803711828008,0.205908400411065,0.950705550801052,0.603088759330656,-14.8914260085801,0.468572744243129,-0.0183602806411766
19.1,121.232703334474,117,-2.38805995101613,-12.6345881691243,0.296659453710685,0.950705550801052,0.614493313352801,-14.0221279040354,0.5076276160302,-0.0156046167747292
19.1166666666667,121.645003737113,119,-0.388059951016132,-11.6497249427328,0.396385288139273,0.950705550801052,0.625879654856495,-13.091109529994,0.552411221796483,-0.012706477224075
19.1333333333333,122.057743135682,120,0.611940048983868,-10.5337199327542,0.50277571134137,0.950705550801052,0.637245391605064,-12.1024231638115,0.601677249903789,-0.00973273859303214
19.15,122.470834834966,122,2.61194004898387,-9.392863144977,0.622986938581863,0.950705550801052,0.648588213477349,-11.0242631467565,0.659336748659876,-0.00649897474951036
19.1666666666667,122.884189067975,123,3.61194004898387,-8.13431286579949,0.750584767654308,0.950705550801052,0.659905890437774,-9.87461319581109,0.721916946573633,-0.00318484487828983
19.1833333333333,123.29771349145,124,4.61194004898387,-6.86359769983914,0.860642109748302,1.81134766054935,0.677244235719067,-8.64813600360457,0.765016356252149,0.000341309606683354
19.2,123.711313653781,126,6.61194004898387,-5.55346903533051,0.932547249917761,1.88325280071881,0.703661361772941,-7.38145925359935,0.772033815895564,0.00393396608917335
19.2166666666667,124.124948208241,127,7.61194004898387,-4.08122079435784,1.0064107745175,1.95711632531856,0.731260024967028,-6.09331073128048,0.779322178404292,0.00763049173938641
19.2333333333333,124.538723568018,128,8.61194004898387,-2.55319995378638,1.095470583064,2.04617613386505,0.760187045026365,-4.72969082802383,0.793884126393033,0.0117958051247659
19.25,124.952734318762,130,10.6119400489839,-0.972453446594342,1.19688221884671,2.14758776964776,0.790665286102883,-3.29260470634577,0.813890840281846,0.016368878000298
19.2666666666667,125.367033192597,131,11.6119400489839,0.755282170696755,1.30793230654016,2.25863785734121,0.822870757610563,-1.78585740057467,0.837657037217664,0.0212884494640066
19.2833333333333,125.781635647828,132,12.6119400489839,2.52636444499173,1.4353906779976,2.38609622879865,0.857019737233371,-0.177023770543479,0.868596444299987,0.0267502595097944
19.3,126.196523881176,133,13.6119400489839,4.34052599080969,1.57270834484863,2.52341389564968,0.893320882640757,1.51686625698412,0.902909080023538,0.0325920228437188
19.3166666666667,126.611650288442,134,14.6119400489839,6.19822773067092,1.71541164238045,2.6661171931815,0.931891390632961,3.28229818131563,0.938054334354827,0.0387001602555234
19.3333333333333,127.026940394153,135,15.6119400489839,8.10019524819563,1.86067821774834,2.81138376854939,0.972787984104026,5.10916767114964,0.972474329931975,0.0450008452383791
19.35,127.442295352643,136,16.6119400489839,10.0471334819326,2.00691374913629,2.95761929993734,1.01603079703118,6.99032686365355,1.00532877792084,0.0514504968085588
19.3666666666667,127.857594026946,137,17.6119400489839,12.0395723840208,2.15337810210434,3.10408365290539,1.06162060721384,8.92099265709919,1.03626683787344,0.0580270708365201
19.3833333333333,128.272694691825,138,18.6119400489839,14.0778024180985,2.29988186921112,3.25058742001217,1.10955043371962,10.8981482198009,1.06524566477949,0.0647227979499255
19.4,128.687436433006,139,19.6119400489839,16.1618669579215,2.44655660991974,3.3972621607208,1.15981270881813,12.9200103551591,1.09239553771382,0.0715385553179198
19.4166666666667,129.101640299875,139,19.6119400489839,18.2915869474351,2.59369206913826,3.54439761993931,1.21240319962659,14.9855948651949,1.11792611598345,0.0784797856008081
19.4333333333333,129.515110257312,140,20.6119400489839,20.3703179732517,2.74162893384158,3.69233448464263,1.26732269961509,17.094386153351,1.14206607145806,0.0855537363273436
19.45,129.927633973853,141,21.6119400489839,22.4999154609372,2.88159422034447,3.83229977114552,1.32449470714665,19.2092710130997,1.16020097868902,0.0925176824986169
19.4666666666667,130.338983476863,141,21.6119400489839,24.6792461557068,3.01856240623481,3.96926795703587,1.38382002604775,21.3427854491708,1.17520731899168,0.0994960931472033
19.4833333333333,130.748915701797,142,22.6119400489839,26.8103930736067,3.15584469291688,4.10655024371793,1.44526764770828,23.5044294632277,1.18895943516706,0.10657402153526
19.5,131.157172992649,142,22.6119400489839,28.9939269834911,3.28635640876486,4.23706195956592,1.50876757001251,25.6640408031017,1.19773877225808,0.11355499302426
19.5166666666667,131.563483605914,142,22.6119400489839,31.1313044191739,3.41586324113895,4.36656879194,1.574247359784,27.8386377807859,1.20480332268671,0.120587120095689
19.5333333333333,131.967562148878,142,22.6119400489839,33.2260687281686,3.53878508634809,4.48949063714914,1.641628221744,30.003515049663,1.20725607581272,0.127513951737866
19.55,132.369109974016,142,22.6119400489839,35.2813235549305,3.65259789502196,4.60330344582301,1.71076533255691,32.1425696366682,1.20394642977297,0.134256340035006
19.5666666666667,132.767815589933,142,22.6119400489839,37.2994844941003,3.75675261857671,4.70745816937776,1.78148937688049,34.2461730551221,1.19482359972631,0.140786580277476
19.5833333333333,133.163355058402,142,22.6119400489839,39.282235562051,3.85185457482404,4.80256012562509,1.85363229759074,36.3092691816831,1.18045484391302,0.147108312798975
19.6,133.555392436015,142,22.6119400489839,41.2306024881969,3.93908047223436,4.88978602303542,1.92704142177517,38.3298157371712,1.16168975464326,0.153241907609229
19.6166666666667,133.943580270054,142,22.6119400489839,43.1450810953029,4.01979309757202,4.97049864837308,2.00158558769743,40.3075940933425,1.13944342436628,0.159214543911554
19.6333333333333,134.327560126106,142,22.6119400489839,45.0257805755292,4.09530886637088,5.04601441717193,2.07715618424042,42.2433582697064,1.11456982630695,0.165054009133219
19.65,134.706963168135,141,21.6119400489839,46.8725579209097,4.16677599406273,5.11748154486378,2.15366528621825,44.1382678658587,1.0877992638942,0.170785252427979
19.6666666666667,135.08141081789,141,21.6119400489839,48.5888489188522,4.23512734015348,5.18583289095453,2.2310424172809,45.993541773061,1.059718149197,0.176428845064182
19.6833333333333,135.45051543738,141,21.6119400489839,50.27667846393,4.29197938140085,5.24268493220191,2.30914833796827,47.7734411122596,1.0259472949084,0.181750602576477
19.7,135.813881040255,141,21.6119400489839,51.9351955466889,4.34255146060793,5.29325701140898,2.38782677204088,49.4915945143413,0.989511784247912,0.186880085353666
19.7166666666667,136.171103994851,140,20.6119400489839,53.5631691692576,4.39030342073823,5.34100897153928,2.46699330051314,51.1583977189283,0.952377157402558,0.191905131303193
19.7333333333333,136.521773772772,140,20.6119400489839,55.0630540362838,4.43734063049167,5.38804618129272,2.54660950430959,52.7812965782125,0.915707877050893,0.19688070786096
19.75,136.865473747882,140,20.6119400489839,56.5361148432082,4.47569245665674,5.42639800745779,2.6265810602945,54.3284610412619,0.875274364315733,0.201587521395849
19.7666666666667,137.201782017328,140,20.6119400489839,57.9809959297472,4.51052724944927,5.46123280025033,2.70679938573594,55.8157552439902,0.83399776629546,0.206157694869849
19.7833333333333,137.53027222724,139,19.6119400489839,59.3962044164175,4.54500558587804,5.4957111366791,2.78722468897444,57.2546819013426,0.793611293890544,0.21067465486082
19.8,137.850514427334,139,19.6119400489839,60.6841386247413,4.58083205042095,5.531537601222,2.86785726511191,58.6530922264648,0.755002100541539,0.215185719510116
19.8166666666667,138.162075981381,139,19.6119400489839,61.9461660134778,4.60962575831703,5.56033130911808,2.94863471420446,59.9791728297554,0.713669213776463,0.219463124814917
19.8333333333333,138.464522442606,139,19.6119400489839,63.1811468935115,4.63618677395118,5.58689232475223,3.02947388641049,61.2486300563794,0.672295497125481,0.223631116883935
19.85,138.757418400141,139,19.6119400489839,64.3878771942816,4.66337258892026,5.61407813972131,3.11035484244498,62.4727697894638,0.632420054870942,0.227766540848379
19.8666666666667,139.040328345154,139,19.6119400489839,65.5653668726079,4.69265500710803,5.64336055790908,3.19129328583308,63.659283939848,0.594781066094452,0.231911659147156
19.8833333333333,139.31281751407,138,18.6119400489839,66.7129715938593,4.72458546395428,5.67529101475534,3.27232150873564,64.8131042318483,0.559596032675462,0.236085183352417
19.9,139.57445272223,138,18.6119400489839,67.7341458313532,4.75915628856372,5.70986183936477,3.35347620403294,65.9371935620219,0.526775293240342,0.240291049016093
19.9166666666667,139.8248031201,138,18.6119400489839,68.7313432084517,4.78696291503311,5.73766846583416,3.43470884610417,66.9963797433362,0.491247255492419,0.244274877292059
19.9333333333333,140.063440894004,138,18.6119400489839,69.7044367591026,4.82813245482233,4.33039826917668,3.51272490844541,68.0051287972622,0.4698651041031,0.248146525314401
19.95,140.289942015864,138,18.6119400489839,70.6032599548937,4.96672070283762,4.42741004278739,3.5706092498824,69.0287304941214,0.538568886363557,0.251903167505012
19.9666666666667,140.503888016862,138,18.6119400489839,71.3861585690759,5.08694587633588,4.51156766423617,3.62955830770027,70.0579326730149,0.595548665335302,0.255241144288976
19.9833333333333,140.70486976075,138,18.6119400489839,72.0681696374024,5.17820796710686,4.57545112777585,3.68928812485978,71.0370724156953,0.635430733207024,0.257861047287365
20,140.892490625818,138,18.6119400489839,72.6620414319333,5.23715945416782,4.61671716871852,3.74943606414781,71.9333746591316,0.656864921878046,0.259654477337759
20.0166666666667,141.066412581169,138,18.6119400489839,73.1780813114099,5.26493609967204,4.63616082057148,3.80962855315283,72.7304461101108,0.660937699594357,0.260633115877044
20.0333333333333,141.226736271944,138,18.6119400489839,73.6243169330946,5.26513697227097,4.63630143139073,3.86952102710053,73.4229641236277,0.650027416121669,0.260876479963715
20.05,141.373794570886,138,18.6119400489839,74.0068197181332,5.24243046801601,4.62040687841226,3.92881809025989,74.0125696014341,0.627024317768754,0.260495472197952
20.0666666666667,141.50752120476,138,18.6119400489839,74.3300884777756,5.20165396668354,4.59186332747953,3.98728046429996,74.5048516793786,0.594834981240679,0.259608513402707
20.0833333333333,141.628127614297,138,18.6119400489839,74.5974290899736,5.14728310815311,4.55380372650823,4.04472365377292,74.9072457769871,0.556097540982579,0.258327182859776
20.1,141.736231533677,138,18.6119400489839,74.8112940594519,5.08316415384147,4.50892045849008,4.10101203804297,75.2276606892181,0.513045165991618,0.256748696483588
20.1166666666667,141.832666284808,138,18.6119400489839,74.9735652808231,5.01242258256313,4.45940135859524,4.15605092318942,75.4736551006848,0.467467462847442,0.254953020284885
20.1333333333333,141.918438297532,138,18.6119400489839,75.0857760797601,4.9374811497133,4.40694235560036,4.20977820314264,75.6520076557499,0.420731518804855,0.253002909785684
20.15,141.994779660253,139,19.6119400489839,75.1492762662111,4.86013858872731,4.35280256291017,4.26215660880076,75.7685530802849,0.373834897859645,0.2509456134327
20.1666666666667,142.063311868469,139,19.6119400489839,75.2616305449556,4.78167516222621,4.2978781643594,4.31316704544691,75.8281855408395,0.327471664670178,0.248815357055743
20.1833333333333,142.126394057688,139,19.6119400489839,75.3217726415531,4.71218260244079,4.2492333725096,4.36286150402723,75.871821926816,0.28703509268113,0.246886059940555
20.2,142.187707205446,139,19.6119400489839,75.3314875266169,4.64767505644095,4.20407809030972,4.41132170037631,75.8902141378092,0.25024136399327,0.24505549465039
20.2166666666667,142.252908179234,139,19.6119400489839,75.2929524828601,4.58542588994062,4.16050367375948,4.45859078581884,75.8765599989224,0.21553976579543,0.243253235571308
20.2333333333333,142.329775506061,139,19.6119400489839,75.2085208428096,4.53588434863833,2.9918535076883,4.50221787818358,75.8262878772063,0.193062308053401,0.241434314611148
20.25,142.427273043769,140,20.6119400489839,75.0414199736476,4.56248938784741,3.00382577533238,4.52885846886925,75.7813394593473,0.24117571429025,0.239517108349271
20.2666666666667,142.553913155526,140,20.6119400489839,74.8577204374494,4.5723659053492,3.00827020820819,4.55519923682996,75.7268044563565,0.278804096564026,0.237216622756715
20.2833333333333,142.716528563385,140,20.6119400489839,74.569274521039,4.56544374697502,3.00515523693981,4.58112071897913,75.6517007854126,0.306056152853075,0.234529264349678
20.3,142.919969815105,140,20.6119400489839,74.1889251303527,4.53417723077007,2.99108530464758,4.60647254568502,75.5155637701589,0.319006744820619,0.231250917576973
20.3166666666667,143.167418449193,141,21.6119400489839,73.7279281759224,4.47639039784645,2.96508122983195,4.63106912764212,75.295242758704,0.316675330339777,0.227321364608451
20.3333333333333,143.460864715732,141,21.6119400489839,73.2922008080978,4.39329083645528,2.92768642720593,4.65472216267104,74.979993937929,0.299918793382514,0.222771095028179
20.35,143.801268505824,142,22.6119400489839,72.787513636811,4.29733431809224,2.88450599394256,4.67729804763172,74.6044560941338,0.275651535631684,0.21793232332738
20.3666666666667,144.187982360872,142,22.6119400489839,72.3173236951895,4.18813399062274,2.83536584658128,4.69870516836853,74.159371133889,0.243776028268856,0.212792995232654
20.3833333333333,144.61931389947,143,23.6119400489839,71.7855651865289,4.07621897158293,2.78500408801337,4.71889329764208,73.6785945721191,0.210084302173948,0.207633866420053
20.4,145.092824950251,143,23.6119400489839,71.2943687009839,3.95923275693245,2.73236029142066,4.73783951939066,73.1507910257262,0.173346627495573,0.2023902568602
20.4166666666667,145.605441152124,144,24.6119400489839,70.7467422258338,3.84586714294889,2.68134576512805,4.7555479919395,72.6071280631724,0.138307767663988,0.197293827558954
20.4333333333333,146.153541486876,144,24.6119400489839,70.2441919868679,3.73215408229751,2.63017488783493,4.77203724094828,72.0334267594919,0.102825087464991,0.192236839874188
20.45,146.733031607556,145,25.6119400489839,69.6893198861561,3.62543689280104,2.58215215256152,4.78734176435243,71.4581373607661,0.070883338957328,0.187414932887264
20.4666666666667,147.33940574704,145,25.6119400489839,69.1833764143594,3.5206630047909,2.53500390295696,4.80150130590224,70.8646464181129,0.0397314324472285,0.18269140829589
20.4833333333333,147.967803076385,146,26.6119400489839,68.6288050310507,3.42433437648974,2.49165602022144,4.81456436208857,70.2793219331848,0.0128841955060953,0.178239452283922
20.5,148.613065286194,146,26.6119400489839,68.1267552240648,3.33076825799874,2.44955126690048,4.82657915746098,69.6838326783361,-0.0127597685820138,0.173905564923646
20.5166666666667,149.269802345673,147,27.6119400489839,67.5795981777057,3.24601157377985,2.41141075900198,4.83759859716434,69.1031705811652,-0.0339371954693028,0.169850817837727
20.5333333333333,149.932472239526,147,27.6119400489839,67.0884201290907,3.16406617310845,2.37453532869986,4.84767241925594,68.5179284427755,-0.0539226464306845,0.165913333083739
20.55,150.595477606717,148,28.6119400489839,66.5555253432085,3.0907708892989,2.34155245098556,4.85685307003764,67.9522729716194,-0.0695660041050971,0.162248675564413
20.5666666666667,151.253277828311,148,28.6119400489839,66.0819220275741,3.01999898415423,2.30970509367046,4.86518855414859,67.3861726163417,-0.0842106832675209,0.158691587505875
20.5833333333333,151.900510224592,148,28.6119400489839,65.5698216443442,2.95751733959976,2.28158835362094,4.87272881824026,66.8433245048517,-0.0947439978962704,0.155395768621541
20.6,152.532110240897,149,29.6119400489839,65.023841148063,2.89716582199711,2.25443017069975,4.87951895647901,66.3033422317415,-0.104525505919324,0.152195126490192
20.6166666666667,153.143419242346,149,29.6119400489839,64.5447072021384,2.83538233780055,2.2266276028113,4.88556808355344,65.7527554968025,-0.115472808799295,0.148993181905248
20.6333333333333,153.730270020725,149,29.6119400489839,64.0341797796532,2.77976058102495,2.20159781226228,4.89090358676486,65.2203315701605,-0.123462613519174,0.145992654864863
20.65,154.289043905004,150,30.6119400489839,63.4963436174182,2.72537922058547,2.17712620006451,4.89555937984314,64.6894399754649,-0.131173264095273,0.143060725092804
20.6666666666667,154.816697868111,150,30.6119400489839,63.0313716564868,2.66946377644647,2.15196425020196,4.89954089857423,64.1492635037115,-0.140092767321807,0.140122100060174
20.6833333333333,155.310764072434,150,30.6119400489839,62.5404853178366,2.62006235992689,2.12973361276815,4.90287642921694,63.6303344478994,-0.145853169183244,0.137391759997977
20.7,155.76932687766,150,30.6119400489839,62.0272663299357,2.57247209459857,2.10831799337041,4.90560324331508,63.1170987108494,-0.151018399921097,0.134742821908106
20.7166666666667,156.190983496415,151,31.6119400489839,61.4951466630755,2.52397800414855,2.0864956526679,4.9077311251607,62.5993010126292,-0.15704917966045,0.132101669811767
20.7333333333333,156.574794326152,151,31.6119400489839,61.0435748299342,2.47326713785738,2.06367576283687,4.90925499147023,62.0707721091117,-0.164632390451523,0.129432267052403
20.75,156.920228185096,151,31.6119400489839,60.5730447404433,2.42928660519695,2.04388452313968,4.91020134357104,61.5652690492012,-0.168912095843544,0.126973781554688
20.7666666666667,157.227106465897,151,31.6119400489839,60.0864482675146,2.38782404893587,2.02522637282219,4.91061078423655,61.0693350762626,-0.172190503623163,0.124612574443144
20.7833333333333,157.495549095167,152,32.6119400489839,59.5865861539842,2.34637130785039,2.00657263933373,4.91049896919557,60.5739518141963,-0.17582282657256,0.122280671336468
20.8,157.725924083547,152,32.6119400489839,59.172341917156,2.30363580076893,1.98734166114707,4.90986747987546,60.0735547595277,-0.180492296232302,0.119942679139229
20.8166666666667,157.91880173009,152,32.6119400489839,58.7437098198208,2.26847158230698,1.97151776283919,4.90874916387576,59.6020603715554,-0.181400554285753,0.117835366920367
20.8333333333333,158.074913988426,152,32.6119400489839,58.303141648524,2.23651251380893,1.95713618201507,4.9071900086404,59.1458731015645,-0.180939441032462,0.115841066014386
20.85,158.195119005087,153,33.6119400489839,57.8530494526955,2.2050722743385,1.94298807425338,4.90520978132126,58.6956492513102,-0.180565854525946,0.113887115016215
20.8666666666667,158.280370632971,153,33.6119400489839,57.4919705893797,2.17267943009496,1.92841129434378,4.9028128130804,58.2453940801383,-0.181063836185602,0.111933411178312
20.8833333333333,158.331692490293,153,33.6119400489839,57.1195871979088,2.14802272956364,1.91731577910469,4.90003339186129,57.8285460945497,-0.177727286834204,0.110212372923418
20.9,158.350156113421,153,33.6119400489839,56.7380654392372,2.12659174485067,1.90767183598385,4.89691776867064,57.4310221898319,-0.173027825121821,0.108602540282401
20.9166666666667,158.336862794795,153,33.6119400489839,56.3495519252053,2.10557972302428,1.89821642616198,4.89348496793,57.043005244129,-0.168488262724318,0.107028096203267
20.9333333333333,158.292928694221,153,33.6119400489839,55.956051131549,2.08341851175753,1.88824388109194,4.88973775183786,56.6580545449147,-0.164944933360537,0.105446414315986
20.95,158.219472714692,153,33.6119400489839,55.5593627477442,2.05940158126412,1.87743626236991,4.88567043793115,56.2723020232444,-0.162759346981183,0.103837964457207
20.9666666666667,158.11760672549,153,33.6119400489839,55.1610596150735,2.03338997454463,1.86573103934614,4.8812742112839,55.8837645846296,-0.161982561459136,0.102198438030877
20.9833333333333,157.988427794796,153,33.6119400489839,54.7624914775028,2.00559138624671,1.85322167461207,4.87654051573281,55.4917811117293,-0.162478124028778,0.10053283113123
21,157.833012162324,153,33.6119400489839,54.3648036848649,1.9764006150944,1.84008582759353,4.87146302720965,55.0965691225949,-0.164010420653568,0.098851170894313
21.0166666666667,157.652410715431,153,33.6119400489839,53.9689631940674,1.94628942762978,1.82653579323445,4.8660386231424,54.6988884034254,-0.166305302042489,0.0971655649164249
21.0333333333333,157.447645649215,153,33.6119400489839,53.5757867391304,1.9157347187986,1.81278617426042,4.86026767536302,54.2997954118236,-0.169089315712124,0.0954882762197179
21.05,157.219708083004,153,33.6119400489839,53.1859679564884,1.88517526043313,1.79903441799596,4.85415391599998,53.9004714692157,-0.172113039508637,0.0938305638381358
21.0666666666667,156.969556506927,152,32.6119400489839,52.800101650185,1.85498895135972,1.78545057891293,4.8477040592859,53.5021086774272,-0.175163070717305,0.0922020725178044
21.0833333333333,156.698115951058,152,32.6119400489839,52.3224217498603,1.8254841027946,1.77217339705862,4.84092730784168,53.1058393421743,-0.178066296271179,0.0906105983839485
21.1,156.406277673525,152,32.6119400489839,51.85573967371,1.78757941467848,1.75511628740637,4.8337970820534,52.6758027847308,-0.18571696891997,0.088812091157968
21.1166666666667,156.094899273027,152,32.6119400489839,51.4000987686513,1.74587779478212,1.73635055845301,4.82627367227942,52.2253940228188,-0.195568001160934,0.0869294060730238
21.1333333333333,155.764805184159,151,31.6119400489839,50.9552932337351,1.70355414090033,1.7173049142062,4.81834624209428,51.7649119369598,-0.205873630845005,0.0850471743250414
21.15,155.416787408528,151,31.6119400489839,50.4247349696194,1.66267330953428,1.69890854009148,4.81002335009122,51.3020145773799,-0.21550824291881,0.0832203141520783
21.1666666666667,155.051606434485,151,31.6119400489839,49.9104693563904,1.61514856860753,1.67752240667444,4.80128795913544,50.8053068486921,-0.228836225040591,0.0812314887463247
21.1833333333333,154.669992343574,150,30.6119400489839,49.4118702918301,1.56604266581085,1.65542475041594,4.7921152587938,50.2910648515637,-0.243075563571487,0.0792159429056002
21.2,154.272645990775,150,30.6119400489839,48.8318919820936,1.52479491487169,1.46532383457025,4.78124283953106,49.7747687775395,-0.250813664266403,0.0772571958674209
21.2166666666667,153.860240245708,149,29.6119400489839,48.2662666837409,1.48438977645389,1.45168710035424,4.76847974887518,49.2295825039606,-0.255541678858192,0.075142048251836
21.2333333333333,153.433421453375,149,29.6119400489839,47.612877823926,1.44101588793983,1.43704841298074,4.75542191931443,48.672319745985,-0.262277413315875,0.0729809859068452
21.25,152.992811148408,148,28.6119400489839,46.9749102154423,1.38742156040979,1.41896032743936,4.74203583573625,48.0723773785846,-0.274920110693863,0.0705802902275333
21.2666666666667,152.539007656634,148,28.6119400489839,46.2564019295154,1.32951391001387,1.39941649543073,4.72828679931689,47.4473182045898,-0.290223154476572,0.0680990903886187
21.2833333333333,152.072587522645,147,27.6119400489839,45.5597479857881,1.26203776793313,1.37664329747848,4.71413959451968,46.7737850659789,-0.311000758534018,0.065397195804971
21.3,151.59410685236,147,27.6119400489839,44.7882428513072,1.19207514226047,1.35303091131396,4.69956664262903,46.0743741147147,-0.33337247117161,0.0626648764723706
21.3166666666667,151.104102526469,146,26.6119400489839,44.0436198731081,1.11496009188195,1.32700458181121,4.68454473585156,45.3290538209113,-0.35983959039944,0.0597771936656602
21.3333333333333,150.60309331615,146,26.6119400489839,43.2286087619788,1.03796389839085,1.30101836650796,4.66906043862727,44.562467550867,-0.386427305561264,0.0569288774815522
21.35,150.091580962187,145,25.6119400489839,42.4444763701549,0.956351701365026,1.27347425001175,4.6531049858944,43.7557049682739,-0.415683103677966,0.0539925352660154
21.3666666666667,149.570051189356,144,24.6119400489839,41.5935771892805,0.877172491640392,1.24675126672968,4.63667853818769,42.9338848539204,-0.443761332599706,0.0511563858975376
21.3833333333333,149.038974709321,144,24.6119400489839,40.6806000280838,0.795390556266269,1.21914986354092,4.61978443574252,42.0781427107694,-0.473380599054859,0.0482844983577844
21.4,148.498808185966,143,23.6119400489839,39.8063094556634,0.708360401272472,1.18977718623051,4.60240476107511,41.1764681358664,-0.505949930438253,0.0453059124861336
21.4166666666667,147.949995106641,142,22.6119400489839,38.8725347198583,0.624458855615562,1.1614604145713,4.58454003391338,40.2589529765369,-0.536904036568865,0.042444462259584
21.4333333333333,147.392967759524,142,22.6119400489839,37.8834614893744,0.539416721200942,1.13275869420637,4.56619976606818,39.3101736610519,-0.568549997401342,0.0395845457044134
21.45,146.828150904332,141,21.6119400489839,36.9393978721711,0.45095598240807,1.10290319486378,4.54737534035291,38.3203778624392,-0.602103836262375,0.0366647136743084
21.4666666666667,146.255958341564,141,21.6119400489839,35.9417737688541,0.367549433708471,1.07475348467766,4.52807783332914,37.3210291648976,-0.632955498920487,0.0339109922650435
21.4833333333333,145.676792476225,140,20.6119400489839,34.9907163966607,0.284849521358575,1.04684226425957,4.50832732684794,36.2974324816609,-0.663462065022468,0.0312053104123972
21.5,145.09104509899,139,19.6119400489839,33.9876075565516,0.208249181727427,1.06003637120795,4.48846039492557,35.2767497562673,-0.691254717404785,0.0287311384688308
21.5166666666667,144.499098117098,139,19.6119400489839,32.937660764442,0.133002441101724,1.02053183237946,4.46837885017058,34.2396246313441,-0.718665039948528,0.0263429289729564
21.5333333333333,143.901324154026,138,18.6119400489839,31.9416239313072,0.058212847262375,0.981267295613799,4.4476677933894,33.1759439638966,-0.74540556746518,0.0239595783091221
21.55,143.298087056775,138,18.6119400489839,30.8995138877403,-0.00831331506789573,0.942392235733156,4.4263554408374,32.1170778857162,-0.767253841141958,0.0217890835461832
21.5666666666667,142.689742377898,137,17.6119400489839,29.9101639760426,-0.0700518678831369,0.880653682917915,4.40413759456203,31.0479812780565,-0.785506867113461,0.0196919299293807
21.5833333333333,142.076637810624,137,17.6119400489839,28.8729228618818,-0.120902062892115,0.829803487908937,4.38102793154587,29.9958754267981,-0.796843055770663,0.0178262773303173
21.6,141.459113634839,136,16.6119400489839,27.8856032798565,-0.167875911207432,0.78282963959362,4.35715041055634,28.9412193104375,-0.805265006246827,0.0160141984013999
21.6166666666667,140.837503184496,136,16.6119400489839,26.8479518388428,-0.206374869763305,0.744330681037747,4.33261670801565,27.9063130973797,-0.80844911986271,0.0143879970092
21.6333333333333,140.212133315764,135,15.6119400489839,25.8589890906797,-0.243695804090476,0.707009746710575,4.30750769254536,26.8683425580021,-0.81048298618865,0.012758530785552
21.65,139.583324863397,135,15.6119400489839,24.8193668826732,-0.275087609305651,0.675617941495401,4.28189110083748,25.8479851783402,-0.808891320332253,0.011258640790641
21.6666666666667,138.9513930771,134,14.6119400489839,23.8287323128317,-0.307472946096575,0.643232604704477,4.25580840779036,24.8218876285648,-0.807497903815818,0.00970607974812112
21.6833333333333,138.31664800213,133,13.6119400489839,22.7881305877,-0.335648689532147,0.615056861268904,4.22929492667751,23.8108359981561,-0.80353271417337,0.00824325136444412
21.7,137.679394772813,133,13.6119400489839,21.701138450162,-0.366095431199564,0.584610119601487,4.20236719580844,22.7919196659028,-0.800541905853813,0.00669780890431524
21.7166666666667,137.039933896509,132,12.6119400489839,20.667520987855,-0.40232503347758,0.548380517323472,4.17495989101749,21.7496598530061,-0.800346266585435,0.00497101985902331
21.7333333333333,136.398561520178,132,12.6119400489839,19.5879566807204,-0.436714391497818,0.513991159303234,4.14704981206773,20.7112774273809,-0.798781492916066,0.00326593144220793
21.75,135.755569637791,131,11.6119400489839,18.5617101191154,-0.474147309815414,0.476558240985637,4.11862816352047,19.6587575572687,-0.798494353609883,0.00145127856090731
21.7666666666667,135.11124630832,130,10.6119400489839,17.4892515054512,-0.508074679410552,0.4426308713905,4.08970794714746,18.6169335898834,-0.795954469823083,-0.000296012925725928
21.7833333333333,134.465875872145,130,10.6119400489839,16.3735311964748,-0.544166873617305,0.406538677183746,4.06030114375924,17.5657533679768,-0.794263798222789,-0.00212680674980508
21.8,133.819739121507,129,9.61194004898387,15.3137199306999,-0.585513177165156,0.365192373635896,4.03034797414365,16.4916017740591,-0.795023412971401,-0.00412800718372668
21.8166666666667,133.17311349374,128,8.61194004898387,14.2099760487735,-0.62432950109106,0.326376049709991,3.99983551899086,15.4227902016059,-0.793997559660253,-0.00609142119073898
21.8333333333333,132.526273304021,128,8.61194004898387,13.0648503145288,-0.665500905511244,0.285204645289807,3.96876650675387,14.3418323670906,-0.79385089026494,-0.00814744805593771
21.85,131.87948997034,127,7.61194004898387,11.9771076904993,-0.711668758946142,0.23903679185491,3.93708204421356,13.2368777571671,-0.795944619578578,-0.0103708241960027
21.8666666666667,131.233032191546,126,6.61194004898387,10.8465399782323,-0.754837876953169,0.195867673847883,3.90477548324615,12.1373546964049,-0.795939024029158,-0.0125471516164277
21.8833333333333,130.587166149975,125,5.61194004898387,9.67539101773735,-0.799836523716686,0.150869027084366,3.87185797955586,11.0264053490682,-0.796481219929742,-0.0148046186246434
21.9,129.942155758452,124,4.61194004898387,8.46590016278203,-0.849340497627235,0.101365053173817,3.83827920293525,9.8924629832969,-0.798964218328489,-0.0172182035684505
21.9166666666667,129.298262937084,124,4.61194004898387,7.22003161905953,-0.904535361191153,0.0461701896098992,3.80395748003358,8.72818239530279,-0.803930393662266,-0.0198251350936944
21.9333333333333,128.655747911209,123,3.61194004898387,6.03564347715504,-0.965653851073052,0,3.76880022045736,7.52937258784468,-0.811392603102087,-0.0226377640319927
21.95,128.014869521767,122,2.61194004898387,4.81155141574975,-1.02422747835649,0,3.73299191817254,6.33064841435012,-0.817108698035765,-0.0254031803876269
21.9666666666667,127.375885551202,122,2.61194004898387,3.54990908479045,-1.08767823020949,0,3.69724995039112,5.1167047814171,-0.826402914412793,-0.028225482459422
21.9833333333333,126.739053024892,121,1.61194004898387,2.35122450574384,-1.15852644934908,0,3.66166157036213,3.87582006586605,-0.840797456521065,-0.0311572172848531
22,126.104628426691,120,0.611940048983868,1.1182593877667,-1.2278110525026,0,3.62623115466634,2.6383718073203,-0.855401262104675,-0.033957793412042
22.0166666666667,125.472867848172,120,0.611940048983868,-0.14406866020033,-1.29910509007736,0,3.5909628982166,1.3897762936901,-0.87211414719893,-0.0367248989405128
22.0333333333333,124.844027106197,119,-0.388059951016132,-1.3349495894511,-1.37408613477474,0,3.55586081898827,0.121374087887929,-0.891825237758489,-0.0395028834368154
22.05,124.218361854688,118,-1.38805995101613,-2.55258242881286,-1.44363667514497,0,3.52092876264398,-1.13421643934525,-0.909533461784562,-0.0420506325663721
22.0666666666667,123.596127707232,118,-1.38805995101613,-3.79294287960953,-1.51149325421622,0,3.48617040705525,-2.39047864986144,-0.927204083672491,-0.0444737776809881
22.0833333333333,122.977580381811,117,-2.38805995101613,-4.95604971632528,-1.57969975676285,0,3.45158926672288,-3.65579234040998,-0.945905256746558,-0.0468296917749952
22.1,122.362975875553,117,-2.38805995101613,-6.1408692416357,-1.63962136900494,0,3.41718869709824,-4.89783340737362,-0.960882488527689,-0.0488929043473308
22.1166666666667,121.752570675017,116,-3.38805995101613,-7.24780319295516,-1.6955311159411,0,3.38297189880757,-6.13076460809322,-0.974381521203713,-0.0507855652935956
22.1333333333333,121.146622005808,115,-4.38805995101613,-8.37616232715623,-1.74051326812006,0,3.34894192178129,-7.3269408025573,-0.982564126267963,-0.0523312796721021
22.15,120.545388123955,115,-4.38805995101613,-9.52293942933023,-1.78014851356052,0,3.31510166929014,-8.50429315662369,-0.988380493249819,-0.0536887117026941
22.1666666666667,119.949128650248,114,-5.38805995101613,-10.5890810036714,-1.81800422943801,0,3.28145390189037,-9.67514205510306,-0.993722599929841,-0.0549579541809823
22.1833333333333,119.358104947543,114,-5.38805995101613,-11.6743968826063,-1.84668496626586,0,3.24800124127953,-10.8106240391437,-0.994515672126764,-0.0559472590120033
22.2,118.772579445764,114,-5.38805995101613,-12.680053140803,-1.87145407193143,0,3.214746174065,-11.9279154887988,-0.993557676761929,-0.0568047348883766
22.2166666666667,118.192806257709,113,-6.38805995101613,-13.6097679229363,-1.88617010174934,0,3.18169105544689,-13.0019738704971,-0.987450964335779,-0.0573733194870079
22.2333333333333,117.619024775744,113,-6.38805995101613,-14.5635108261092,-1.88749685623911,0,3.14883811281725,-14.0160125154233,-0.974292798475667,-0.0575754560540242
22.25,117.051462568473,112,-7.38805995101613,-15.4425664997895,-1.88361721831371,0,3.11618944927711,-14.9964951129385,-0.958460322594959,-0.0576394061940353
22.2666666666667,116.490338745626,112,-7.38805995101613,-16.3470169760935,-1.87042773257395,0,3.08374704707335,-15.925443529177,-0.937673955157951,-0.057462204611485
22.2833333333333,115.935867031328,112,-7.38805995101613,-17.1782404128151,-1.85546029940674,0,3.05151277095681,-16.8283184963619,-0.915990095433151,-0.0572506300800573
22.3,115.388258548727,112,-7.38805995101613,-17.9401124119995,-1.83405828455433,0,3.01948837146348,-17.6862943175608,-0.89085558962798,-0.0568835411058219
22.3166666666667,114.847724307604,111,-8.38805995101613,-18.6364279556246,-1.80377719650247,0,2.98767548812029,-18.4871657459624,-0.860896331808237,-0.0563023695542238
22.3333333333333,114.314477372677,111,-8.38805995101613,-19.3671741426977,-1.76374373190063,0,2.95607565257704,-19.2237449408948,-0.825583492026882,-0.0554920405914754
22.35,113.788734673394,111,-8.38805995101613,-20.0336001504415,-1.72367045082342,0,2.92469029166615,-19.929541673629,-0.790173174365133,-0.0547164670632227
22.3666666666667,113.270718395547,111,-8.38805995101613,-20.6394228855921,-1.68028788343219,0,2.89352073039159,-20.591623638981,-0.752892460450807,-0.0538887008304405
22.3833333333333,112.76065687093,111,-8.38805995101613,-21.1882529279139,-1.63194702134556,0,2.86256819484868,-21.2019943134446,-0.712832153237513,-0.0529675447604211
22.4,112.25878485395,111,-8.38805995101613,-21.6835883567368,-1.57813653719341,0,2.83183381507595,-21.7563674874108,-0.669694994504515,-0.0519432297521422
22.4166666666667,111.765343044921,111,-8.38805995101613,-22.1288098006133,-1.51911493599728,0,2.80131862784073,-22.25320247264,-0.623602781174605,-0.0508266171211346
22.4333333333333,111.280576691775,111,-8.38805995101613,-22.5271766015027,-1.45563348686779,0,2.77102357935976,-22.6929489716409,-0.574950166607664,-0.0496411684938242
22.45,110.804733080417,111,-8.38805995101613,-22.8818239912122,-1.38873047665449,0,2.7409495279562,-23.0774600507048,-0.524295282876391,-0.0484170750065532
22.4666666666667,110.33805771717,111,-8.38805995101613,-23.195761183971,-1.31958115562083,0,2.71109724665436,-23.4095394283666,-0.472279240205138,-0.0471870593526787
22.4833333333333,109.880789026174,111,-8.38805995101613,-23.471870294956,-1.24939086225113,0,2.6814674257136,-23.6925956674577,-0.419568125979154,-0.0459834630624142
22.5,109.433151444298,111,-8.38805995101613,-23.7129060003362,-1.17932134683725,0,2.65206067510246,-23.9303810839077,-0.366812400758629,-0.0448363114592368
22.5166666666667,108.995346909819,111,-8.38805995101613,-23.9214958599324,-1.11044236649077,0,2.62287752691453,-24.126797460191,-0.314619624506588,-0.0437721134197306
22.5333333333333,108.567544917866,112,-7.38805995101613,-24.1001412289108,-1.04370228438885,0,2.59391843772715,-24.2857541427108,-0.263537285723887,-0.0428132051799753
22.55,108.149871552044,112,-7.38805995101613,-24.1549360809045,-0.980148325740492,0,2.56523143232668,-24.4110879279522,-0.214257709748478,-0.0419774988837575
22.5666666666667,107.742398168038,112,-7.38805995101613,-24.1897997841114,-0.914731900392063,0.0359736504089885,2.53759272820107,-24.4709909286081,-0.165445715744037,-0.041026848886829
22.5833333333333,107.345130678431,113,-6.38805995101613,-24.2037636596918,-0.852974852284083,0.0977306985169691,2.51124599847128,-24.4839914192152,-0.120504259767602,-0.0400777020014192
22.6,106.958000493334,113,-6.38805995101613,-24.0983352252292,-0.804066342365801,0.146639208435251,2.48756279739143,-24.4633282305889,-0.0869029891943183,-0.0391922894680495
22.6166666666667,106.580858213246,114,-5.38805995101613,-23.9745883551582,-0.797785266339612,0.950705550801052,2.47446638131377,-24.4036096992463,-0.0950079853005812,-0.0381124685458602
22.6333333333333,106.213470994623,114,-5.38805995101613,-23.7091664970831,-0.792954849770326,0.950705550801052,2.46351512782253,-24.3312703504441,-0.106842371307174,-0.0368469963625898
22.65,105.855523735498,115,-4.38805995101613,-23.3823705448026,-0.767215515470916,0.950705550801052,2.45277937518266,-24.1937425598882,-0.106660861087116,-0.0350642819377906
22.6666666666667,105.506623747683,115,-4.38805995101613,-22.9061910289937,-0.720864331982394,0.950705550801052,2.44225501767224,-23.9826731651191,-0.0945041757897742,-0.0327913239314876
22.6833333333333,105.166309607223,116,-3.38805995101613,-22.3906193300048,-0.646361814656896,0.950705550801052,2.43193802599899,-23.6591865646262,-0.0661392738761626,-0.0298482534962027
22.7,104.834063597325,116,-3.38805995101613,-21.7461843182275,-0.550840155671482,0.950705550801052,2.42182444590211,-23.2380746970516,-0.0253121067211784,-0.0264476999283217
22.7166666666667,104.509326351179,116,-3.38805995101613,-21.0814737859631,-0.431218509273786,0.950705550801052,2.4119103967793,-22.6972030823884,0.0297564462502373,-0.0225262584537477
22.7333333333333,104.191512320975,116,-3.38805995101613,-20.4019542780819,-0.29732432394364,0.950705550801052,2.40219207033862,-22.0631515881666,0.0938013918625195,-0.0183624199201491
22.75,103.88002488306,117,-2.38805995101613,-19.7125710702118,-0.156991670297956,0.950705550801052,2.39266572927468,-21.3587220393154,0.162573593499787,-0.0141723462993689
22.7666666666667,103.574270168167,117,-2.38805995101613,-18.9214979194744,-0.0163558784953013,0.950705550801052,2.38332770596871,-20.6033499807564,0.232696369349521,-0.0101197800399017
22.7833333333333,103.273669018455,116,-3.38805995101613,-18.135089992326,0.129389940882528,0.950705550801052,2.37417440121214,-19.776543000139,0.306733592143248,-0.00607480140358874
22.8,102.977666766401,116,-3.38805995101613,-17.4529839566383,0.272567610605715,0.950705550801052,2.3652022829532,-18.9043809459959,0.380457345516354,-0.00224045952592825
22.8166666666667,102.685740770881,116,-3.38805995101613,-16.7757735937059,0.398186127786387,0.950705550801052,2.35640788506621,-18.0446329317232,0.445590652686755,0.000995259806049084
22.8333333333333,102.397405819814,116,-3.38805995101613,-16.1062518037023,0.506682748100706,0.950705550801052,2.34778780614307,-17.2015308830386,0.502194676439955,0.00366420862586322
22.85,102.112217618572,115,-4.38805995101613,-15.4468702720139,0.598668889589446,0.950705550801052,2.33933870830662,-16.3786919597339,0.550438017760196,0.00580187365351101
22.8666666666667,101.829774639631,115,-4.38805995101613,-14.8960471167291,0.674902762993057,0.950705550801052,2.33105731604547,-15.5791361768859,0.590582447738833,0.00744651374171113
22.8833333333333,101.549718625313,114,-5.38805995101613,-14.3532690750004,0.726755245771433,0.950705550801052,2.32294041506984,-14.8422652559948,0.617771103070869,0.00838833729040546
22.9,101.271734025169,114,-5.38805995101613,-13.9166094369821,0.759377634876856,0.950705550801052,2.31498485118816,-14.1577595155991,0.634631331184413,0.00878769944400571
22.9166666666667,100.995546623489,114,-5.38805995101613,-13.4852595590375,0.767288585575277,0.950705550801052,2.30718752920395,-13.554726128292,0.638023047109713,0.00851979309587054
22.9333333333333,100.720921578688,113,-6.38805995101613,-13.0607602660026,0.757823367545791,0.950705550801052,2.2995454118327,-13.0149804880123,0.631785257231546,0.00780155084453758
22.95,100.447661060518,113,-6.38805995101613,-12.7407339374016,0.736451269504074,0.950705550801052,2.29205551863829,-12.5247485439,0.618796248343584,0.00679320851759451
22.9666666666667,100.17560163648,114,-5.38805995101613,-12.4239780918307,0.69770223354239,0.950705550801052,2.28471492498873,-12.1106353136094,0.595997404424586,0.00536169061522844
22.9833333333333,99.9046115276073,114,-5.38805995101613,-12.0154099123493,0.648702438074207,0.950705550801052,2.27752076103078,-11.752701580566,0.56718486942125,0.00371007769727846
23,99.6345878264944,114,-5.38805995101613,-11.6184333440137,0.604064878156286,0.950705550801052,2.27047021068311,-11.3990546921773,0.54030198961066,0.00223111174104907
23.0166666666667,99.3654537475634,115,-4.38805995101613,-11.2337378876552,0.563178296604399,0.950705550801052,2.26356051064775,-11.0508825843933,0.515069715349596,0.000903039736904842
23.0333333333333,99.0971559606153,116,-3.38805995101613,-10.7655952206017,0.525468234837557,0.950705550801052,2.25678894943943,-10.7094141082701,0.491222419815602,-0.000294195571716855
23.05,98.8296620434894,117,-2.38805995101613,-10.2205102418598,0.499921383047811,0.950705550801052,2.25015286643247,-10.3388933755442,0.473715390704272,-0.0011285568783154
23.0666666666667,98.5629580775586,118,-1.38805995101613,-9.60465880844681,0.491405265967376,0.950705550801052,2.24364965092502,-9.9157247841657,0.465309610774766,-0.00148478039097467
23.0833333333333,98.2970464003721,119,-0.388059951016132,-8.92389316682276,0.50186255124624,0.950705550801052,2.23727674122019,-9.42548281926603,0.467193594712935,-0.00132881916727283
23.1,98.0319435225412,121,1.61194004898387,-8.18374838296772,0.531223255134052,0.950705550801052,2.23103162372391,-8.86055954762431,0.479460789958804,-0.000680952474827078
23.1166666666667,97.7676782105412,122,2.61194004898387,-7.29316702189739,0.578094093086777,0.950705550801052,2.22491183205907,-8.21832454434256,0.501472496649108,0.000404298449367821
23.1333333333333,97.5042897331156,124,4.61194004898387,-6.35942884952511,0.649778346949385,0.950705550801052,2.21891494619582,-7.46274866469567,0.537327178908227,0.00210290133833226
23.15,97.2418262661184,125,5.61194004898387,-5.29066423928398,0.739457512838091,0.950705550801052,2.21303859159762,-6.60944663243682,0.583444319077815,0.00421294575875703
23.1666666666667,96.9803434486729,127,7.61194004898387,-4.1933533574522,0.819755651962511,1.77046120276356,2.21358398889098,-5.64130306805251,0.61362528459137,0.00681881765782242
23.1833333333333,96.7199030586702,127,7.61194004898387,-2.9463163412419,0.875704660551223,1.82641021135227,2.22224220988322,-4.62028252695758,0.617078880639986,0.00974502484095407
23.2,96.4605712442312,128,8.61194004898387,-1.72448056545998,0.951558612750385,1.90226416355144,2.23212321695675,-3.51057723913861,0.630559790343292,0.0132539913515829
23.2166666666667,96.202415686762,128,8.61194004898387,-0.430248675388065,1.03521388125321,1.98591943205426,2.24344499706871,-2.34812612708282,0.647212675645645,0.0170363127198702
23.2333333333333,95.9455028905833,128,8.61194004898387,0.836272144872576,1.12807913314223,2.07878468394329,2.25634481418375,-1.12300980616899,0.667637558339442,0.0211387246381735
23.25,95.6898960700875,128,8.61194004898387,2.07800047047732,1.22107901040316,2.17178456120421,2.27088816897289,0.133056672260376,0.68684561984371,0.0253213944349647
23.2666666666667,95.4356534176715,127,7.61194004898387,3.29798279720956,1.309065593617,2.25977114441805,2.2870236656209,1.39780749166964,0.702143032193783,0.0294412229179408
23.2833333333333,95.1828266630539,126,6.61194004898387,4.40258896018595,1.38964169314955,2.3403472439506,2.3046382966,2.65661021494071,0.712411357262784,0.0334245119716077
23.3,94.9314599085839,125,5.61194004898387,5.399919483251,1.45309778878993,2.40380333959099,2.32351232010574,3.86376435745595,0.712703859214314,0.0369939124460009
23.3166666666667,94.6815886243654,124,4.61194004898387,6.29686927863096,1.49547222726096,2.44617777806201,2.34331517232964,4.99038866587773,0.701338094583783,0.0400185253983029
23.3333333333333,94.4332387883322,122,2.61194004898387,7.09875101703867,1.51642360699509,2.46712915779615,2.36368273856179,6.02001356321015,0.678630314237887,0.0424626476385979
23.35,94.1864262394588,120,0.611940048983868,7.71300941542002,1.51764640722186,2.46835195802291,2.38426383240043,6.94475025235474,0.645970340614362,0.0443467090819924
23.3666666666667,93.9411562637061,118,-1.38805995101613,8.14806142273638,1.49266741516603,2.44337296596708,2.40466183188656,7.7253873237125,0.600363058427566,0.0454693505159953
23.3833333333333,93.6974234398933,115,-4.38805995101613,8.41069495293573,1.43992797036327,2.39063352116432,2.42441645418134,8.3386600311721,0.541555064325967,0.0457569747077752
23.4,93.455211701541,112,-7.38805995101613,8.40965176412527,1.36076484686234,2.31147039766339,2.44306803455208,8.77261557963645,0.470847859458828,0.0452143702855584
23.4166666666667,93.2144945899828,110,-9.38805995101613,8.15442607847627,1.24886892834471,2.19957447914576,2.46011054416199,8.98596349746542,0.385439881674831,0.0436385786659014
23.4333333333333,92.9752357661907,108,-11.3880599510161,7.74895784928226,1.10312192653243,2.05382747733348,2.47497991162281,8.95471612552389,0.285410882024126,0.0409623359564684
23.45,92.7373898134746,106,-13.3880599510161,7.19289849083744,0.934510877187194,1.88521642798825,2.48720404075222,8.70389313654679,0.177267652002921,0.0374505053237665
23.4666666666667,92.5009032934298,104,-15.3880599510161,6.48470987722194,0.750788529467487,1.70149408026854,2.49646681072715,8.2537719399238,0.0655315109447877,0.0332932080067187
23.4833333333333,92.2657160464753,103,-16.3880599510161,5.62245104148638,0.557061502021395,1.50776705282245,2.50255914588078,7.61973146360747,-0.0468684701726837,0.0286177541492329
23.5,92.0317627045027,102,-17.3880599510161,4.70056000583562,0.356418679033237,0.950705550801052,2.50534030610787,6.81275717475716,-0.158196570676158,0.0235024865177532
23.5166666666667,91.798974421154,100,-19.3880599510161,3.69909482428401,0.179714633279641,0.950705550801052,2.50066177851336,5.88606621909509,-0.244362469286534,0.0182293461801869
23.5333333333333,91.5672810085372,99,-20.3880599510161,2.51120279413536,-0.0066379005301725,0.950705550801052,2.49598784803969,4.85961122677351,-0.337296928319769,0.0128854380910168
23.55,91.3366135038168,98,-21.3880599510161,1.24953394178204,-0.211000410128356,0.950705550801052,2.49131958900331,3.69470226843414,-0.441552058727369,0.0072552984627888
23.5666666666667,91.1069061735311,98,-21.3880599510161,-0.0765616708449748,-0.426844375998906,0.950705550801052,2.48665803978016,2.4069958105306,-0.553593531985899,0.00152284636334848
23.5833333333333,90.878097764473,97,-22.3880599510161,-1.36215100679142,-0.648206039115219,0.950705550801052,2.482004203687,1.01262956301194,-0.67014735738838,-0.00414941536231209
23.6,90.6501322412042,97,-22.3880599510161,-2.7016061883321,-0.82947629339466,0.121229257406392,2.4711080648966,-0.429993808465615,-0.754994013367457,-0.00937525313984621
23.6166666666667,90.4229592044842,97,-22.3880599510161,-4.01994014437076,-0.959647759731809,0,2.45131470087794,-1.87975514213802,-0.797519017423531,-0.0142415689148217
23.6333333333333,90.1965347566695,97,-22.3880599510161,-5.34620227094363,-1.07343720128313,0,2.43010149657315,-3.3118168485114,-0.83016262941528,-0.0187087954892336
23.65,89.9708236284273,97,-22.3880599510161,-6.67892737080707,-1.17997775124075,0,2.40883829923557,-4.73102893339835,-0.860263973582589,-0.0228537950664408
23.6666666666667,89.7458011202032,97,-22.3880599510161,-8.01226608352872,-1.28126884136637,0,2.38760108352738,-6.14287418885094,-0.888931952219482,-0.0267300538500951
23.6833333333333,89.5214541976372,97,-22.3880599510161,-9.33960554696061,-1.37786434049396,0,2.36639456751603,-7.54915464915866,-0.916372615717871,-0.0303604298455009
23.7,89.2977819547177,97,-22.3880599510161,-10.6550808835577,-1.46950387619429,0,2.34522330991515,-8.94861766400652,-0.942354515555994,-0.0337456350247404
23.7166666666667,89.0747956559651,97,-22.3880599510161,-11.9535227213095,-1.5554817715457,0,2.32409171400401,-10.338056240472,-0.966404653596965,-0.0368747315903524
23.7333333333333,88.8525185011196,98,-21.3880599510161,-13.230407002195,-1.63490569979341,0,2.30300403146205,-11.7131279888889,-0.987946943826827,-0.0397323555816826
23.75,88.6309852070505,98,-21.3880599510161,-14.3855244669002,-1.7068718182098,0,2.28196436611988,-13.0689542200561,-1.00639691767074,-0.0423034864808195
23.7666666666667,88.4102414717434,98,-21.3880599510161,-15.5178567046577,-1.76107174325418,0,2.2609766776287,-14.3636018192833,-1.01602680194593,-0.044326440840889
23.7833333333333,88.1903433658007,98,-21.3880599510161,-16.6243201555296,-1.80105482818802,0,2.24004478504976,-15.6045249655165,-1.01862076326566,-0.0459135234640776
23.8,87.9713566838068,98,-21.3880599510161,-17.7022933144209,-1.82938037811278,0,2.21917237036532,-16.7966071310932,-1.01545388318405,-0.0471471261933812
23.8166666666667,87.7533562788084,98,-21.3880599510161,-18.7495793964101,-1.84790502144513,0,2.19836298191297,-17.9429054811195,-1.00744093030287,-0.0480883295287382
23.8333333333333,87.5364253966521,98,-21.3880599510161,-19.7643709735184,-1.8579962709582,0,2.17762003774458,-19.0452177897954,-0.995247160010242,-0.0487832620296429
23.85,87.3206550221636,98,-21.3880599510161,-20.7452165423298,-1.86068908110186,0,2.15694682891171,-20.1045094509757,-0.979369704108162,-0.0492677377112677
23.8666666666667,87.1061432456181,98,-21.3880599510161,-21.6909889768009,-1.85679871552538,0,2.13634652267876,-21.121230785745,-0.960196350031105,-0.0495705817247201
23.8833333333333,86.8929946553107,98,-21.3880599510161,-22.6008558163098,-1.84700042491239,0,2.11582216566544,-22.0955488485001,-0.938047086623863,-0.0497159663518607
23.9,86.6813197600445,98,-21.3880599510161,-23.4742513354044,-1.83188417477526,0,2.09537668691999,-23.0275130589698,-0.913202648088872,-0.0497250086911877
23.9166666666667,86.47123444387,98,-21.3880599510161,-24.3108503387868,-1.81199085250599,0,2.07501290092454,-23.9171700375469,-0.885923368350701,-0.0496168250416883
23.9333333333333,86.2628594543086,99,-20.3880599510161,-25.1105436227312,-1.78783493802158,0.0475352775400526,2.05473351053404,-24.7646398275345,-0.856460922499283,-0.0494091921853749
23.95,86.0563199226747,99,-20.3880599510161,-25.7737629607811,-1.76779317607906,0.0475352775400526,2.03615486774566,-25.5732942512828,-0.832254934356475,-0.0491154073853121
23.9666666666667,85.8517448737077,99,-20.3880599510161,-26.4001529983974,-1.73404432478746,0.0475352775400526,2.0176652821132,-26.3066873085667,-0.800607386201461,-0.04847813287189
23.9833333333333,85.649266680415,99,-20.3880599510161,-26.9906401406965,-1.69030830000536,0.0475352775400526,1.99926673036687,-26.9734769226786,-0.763467378584299,-0.0476077419435999
24,85.4490205637117,99,-20.3880599510161,-27.5462264024885,-1.63958331534494,0.0475352775400526,1.98096110203823,-27.5809579993099,-0.722419713536471,-0.0465917499390865
