Tiempo_h,V_mgdL,g_mgdL,g1_mgdL,Kalman_mgdL,u,u_insu,IOB_U,z1,z2,z3
0,119.589741863356,113,-6.58974186335645,-9.58974186335645,-0,1.1835806037112,0,0,0,0
0.0166666666666667,119.589741862378,113,-6.58974186335645,-9.30747636564606,-0.797834512986473,1.1835806037112,0.0197254769642876,-3.67988190519882,-0.517590630302021,-0.0248961341502225
0.0333333333333333,119.589741834856,114,-5.58974186335645,-9.0419958131231,-1.19740981499195,0.183580603711198,0.0243429549944215,-6.23131409639958,-0.75103404286406,-0.0388001653681149
0.05,119.589741725224,114,-5.58974186335645,-8.73359648738982,-1.36001514692809,0.183580603711198,0.0273909788786639,-7.887863617673,-0.831350389376702,-0.0450685108666116
0.0666666666666667,119.589742833745,114,-5.58974186335645,-8.51211518530996,-1.36216001804847,0.183580603711198,0.0304322143416505,-8.85723055121499,-0.809498749010874,-0.0461199709289924
0.0833333333333333,119.589751755265,114,-5.58974186335645,-8.36917411122469,-1.26692902735897,0.183580603711198,0.0334660841381711,-9.3526384818322,-0.725044988740822,-0.0441099699694686
0.1,119.589783489184,114,-5.58974186335645,-8.29692084277436,-1.11960394136678,0.183580603711198,0.0364920314631699,-9.53479484848899,-0.606585809100494,-0.0405621047311361
0.116666666666667,119.589862888231,114,-5.58974186335645,-8.28800982480046,-0.952430743211036,0.231149860500162,0.0396230075807842,-9.52327291622534,-0.474909201407435,-0.036521560198753
0.133333333333333,119.590025075804,114,-5.58974186335645,-8.33392954087997,-0.799171923699422,1.1835806037112,0.0453834637225021,-9.40985464549021,-0.357186175800815,-0.0326705027895971
0.15,119.590315135539,114,-5.58974186335645,-8.39372328138031,-0.727455807707237,1.1835806037112,0.0650478037028122,-9.29626250816824,-0.321147079955339,-0.0293606796729489
0.166666666666667,119.590786002942,114,-5.58974186335645,-8.43269188072533,-0.668356822424151,1.1835806037112,0.0846971148885499,-9.21900222223913,-0.292229888865178,-0.0265531164508453
0.183333333333333,119.59149379354,114,-5.58974186335645,-8.45291216293635,-0.617338244297858,1.1835806037112,0.104326742985678,-9.16204375686222,-0.267641274252953,-0.0240891986896246
0.2,119.592493915009,114,-5.58974186335645,-8.45632715462756,-0.571319138337835,1.1835806037112,0.123932188128788,-9.1140065876936,-0.245488814164148,-0.0218613125593439
0.216666666666667,119.593838771664,114,-5.58974186335645,-8.44475107797549,-0.528292592017338,1.1835806037112,0.143509101104147,-9.06706548776528,-0.224547301344613,-0.0197991389803759
0.233333333333333,119.595576477031,114,-5.58974186335645,-8.41987443508149,-0.487030766091232,1.1835806037112,0.163053279654527,-9.01608562654474,-0.204077558669424,-0.017859135784681
0.25,119.597750189695,114,-5.58974186335645,-8.38326914868695,-0.446858830573781,1.1835806037112,0.182560664864143,-8.95794231156158,-0.183687028866388,-0.0160165375704621
0.266666666666667,119.600397844171,114,-5.58974186335645,-8.33639372774135,-0.407483319364554,1.1835806037112,0.20202733762207,-8.89098898045608,-0.163223462263981,-0.0142593342569925
0.283333333333333,119.603552134755,114,-5.58974186335645,-8.28059842963222,-0.368863262456502,1.1835806037112,0.22144951516255,-8.81464384423956,-0.142694705684601,-0.0125837961678473
0.3,119.607240660723,114,-5.58974186335645,-8.21713039397467,-0.331114756152796,1.1835806037112,0.240823547680625,-8.72907115703166,-0.122208965804781,-0.0109912002593425
0.316666666666667,119.611486171989,115,-4.58974186335645,-8.14713872573332,-0.294441502742868,1.1835806037112,0.260145915021565,-8.63493765552835,-0.101931036160604,-0.00948548247256715
0.333333333333333,119.616306873937,115,-4.58974186335645,-7.9777280202026,-0.259085368937342,1.1835806037112,0.279413223442592,-8.53322844893565,-0.082050883881417,-0.00807159809893123
0.35,119.621716763138,115,-4.58974186335645,-7.80967023954388,-0.21747579440388,1.1835806037112,0.298622202445423,-8.38905759668919,-0.0576908520344056,-0.00651050863882944
0.366666666666667,119.627725974523,114,-5.58974186335645,-7.64364703236478,-0.173274730870528,1.1835806037112,0.317769701678191,-8.21559777494756,-0.0311993699266951,-0.00492231378140131
0.383333333333333,119.634341126845,114,-5.58974186335645,-7.57420722726734,-0.129135385023067,1.1835806037112,0.336852687905332,-8.02315530013684,-0.00430178120794983,-0.00339133445648941
0.4,119.641565657661,114,-5.58974186335645,-7.50206612112878,-0.0947384621417934,1.1835806037112,0.355868242044042,-7.85577686924454,0.0166960557903093,-0.00221813556974579
0.416666666666667,119.649400142254,114,-5.58974186335645,-7.42787392756744,-0.0679017534772936,1.1835806037112,0.374813556265951,-7.70767284801834,0.0331088565506182,-0.00132219045816108
0.433333333333333,119.65784259318,114,-5.58974186335645,-7.35222013269642,-0.0469496211016587,1.1835806037112,0.393685931162677,-7.5744403455483,0.0459455211942216,-0.000641573256258384
0.45,119.666888738734,114,-5.58974186335645,-7.27563720381916,-0.0305992468293342,1.1835806037112,0.412482772973951,-7.45275996638901,0.0559776736154496,-0.000128763338417313
0.466666666666667,119.676532279783,114,-5.58974186335645,-7.19860417531782,-0.0178708987489716,1.1835806037112,0.431201590877031,-7.34015381889408,0.0637938079788667,0.000252655221558481
0.483333333333333,119.686765125172,114,-5.58974186335645,-7.12155010742536,-0.00801744083678302,1.1835806037112,0.449839994336151,-7.23479310411478,0.0698418848665518,0.000530579132324243
0.5,119.697577606462,114,-5.58974186335645,-7.04485741466904,-0.000469213641818325,1.1835806037112,0.468395690510768,-7.13534574131548,0.0744626855224998,0.000726401894887034
0.516666666666667,119.708958673047,114,-5.58974186335645,-6.96886506176563,0.0052088473177184,1.1835806037112,0.486866481721398,-7.04085624133398,0.0779157951804219,0.000856577851310723
0.533333333333333,119.720896068943,114,-5.58974186335645,-6.89387162564472,0.00935038521352011,1.1835806037112,0.505250262971863,-6.95065148244192,0.0803997285142764,0.000933828888246612
0.55,119.733376492579,114,-5.58974186335645,-6.82013822308093,0.0122131249696038,1.1835806037112,0.523545019526782,-6.86426722891021,0.0820674178304317,0.000968069774416425
0.566666666666667,119.746385740992,114,-5.58974186335645,-6.74789130413544,0.0139983420656427,1.1835806037112,0.541748824543164,-6.78139120492244,0.0830380461363654,0.000967112969015946
0.583333333333333,119.759908839763,114,-5.58974186335645,-6.67732531224739,0.0148656074658345,1.1835806037112,0.559859836754993,-6.7018193329803,0.0834060130781364,0.000937201460226947
0.6,119.773930160016,114,-5.58974186335645,-6.60860521238202,0.0149438546524018,1.1835806037112,0.577876298209717,-6.625422397352,0.0832476640014549,0.000883408259521378
0.616666666666667,119.788433523684,114,-5.58974186335645,-6.54186888913992,0.0143396007327285,1.1835806037112,0.595796532055541,-6.55212092499887,0.0826262845016075,0.000809933159551453
0.633333333333333,119.803402298193,113,-6.58974186335645,-6.47722941716586,0.0131429807791739,1.1835806037112,0.613618940378512,-6.48186650995775,0.0815957593731729,0.000720320908252196
0.65,119.818819481609,113,-6.58974186335645,-6.50872869448948,0.0114321153774929,1.1835806037112,0.63134200208833,-6.41462815988601,0.0802032113886069,0.00061761976918213
0.666666666666667,119.834667779202,113,-6.58974186335645,-6.53663251505561,0.00145977310012191,1.1835806037112,0.648964270851891,-6.38643462625576,0.0734199924652752,0.000260585962996526
0.683333333333333,119.850929672287,113,-6.58974186335645,-6.56119497747782,-0.0132769426184723,1.1835806037112,0.666484373073574,-6.38533723749588,0.0634513872706181,-0.000232400619798149
0.7,119.867587480143,113,-6.58974186335645,-6.58265897786556,-0.0302624300012325,1.1835806037112,0.683901005921291,-6.40225810075324,0.0518975834721586,-0.000777788986695285
0.716666666666667,119.884623415687,113,-6.58974186335645,-6.60125623217348,-0.0477342172705399,1.1835806037112,0.701212935397352,-6.43038233976333,0.0398922109273291,-0.00131850988548783
0.733333333333333,119.902019635557,113,-6.58974186335645,-6.61720735126935,-0.0645022058254567,1.1835806037112,0.718418994453212,-6.46466934589736,0.0282123406807653,-0.00181740479705732
0.75,119.919758285143,112,-7.58974186335645,-6.63072196260626,-0.0798062907275747,1.1835806037112,0.735518081147194,-6.50146094667219,0.017365430045045,-0.00225208137056042
0.766666666666667,119.937821539088,112,-7.58974186335645,-6.73595036073943,-0.0932048243915992,1.1835806037112,0.752509156844269,-6.53816834129536,0.00765769561092125,-0.0026109108010947
0.783333333333333,119.956191637696,112,-7.58974186335645,-6.83327675464993,-0.112304236754659,1.1835806037112,0.769391244457041,-6.60907501079381,-0.00582330672267265,-0.00313384550387268
0.8,119.974850919645,112,-7.58974186335645,-6.92308200073882,-0.133624418507436,1.1835806037112,0.786163426727054,-6.70110882964976,-0.0208587543753864,-0.00370621610952932
0.816666666666667,119.993781851366,112,-7.58974186335645,-7.00574256132597,-0.154774623459018,1.1835806037112,0.802824844545594,-6.80453898678486,-0.0359064643733562,-0.00425144502525249
0.833333333333333,120.012967053401,112,-7.58974186335645,-7.08162912626086,-0.174187082706254,1.1835806037112,0.819374695313139,-6.91224880536432,-0.0499384899592437,-0.00472139350607803
0.85,120.032389324021,111,-8.58974186335645,-7.15110541319642,-0.19090766469444,1.1835806037112,0.835812231336669,-7.01915324583498,-0.0623130234534787,-0.0050888253527718
0.866666666666667,120.052031660357,111,-8.58974186335645,-7.30847862089635,-0.204432334932773,1.1835806037112,0.852136758264018,-7.12173394499955,-0.0726739109905744,-0.00534156296394858
0.883333333333333,120.07187727727,111,-8.58974186335645,-7.45429159591248,-0.222396711318666,1.1835806037112,0.868347633554509,-7.2537216244144,-0.0859431981732874,-0.0057219008298653
0.9,120.091909624163,111,-8.58974186335645,-7.5890845941267,-0.241410874538065,1.1835806037112,0.88444426498509,-7.40177306008192,-0.0999521019431244,-0.006119343931599
0.916666666666667,120.112112399905,111,-8.58974186335645,-7.71339336988622,-0.259212209738475,1.1835806037112,0.90042610919124,-7.55609329061871,-0.113234402254397,-0.00646253447505879
0.933333333333333,120.13246956605,111,-8.58974186335645,-7.82774702350492,-0.274381874526159,1.1835806037112,0.916292670241898,-7.70965013213813,-0.124853149740691,-0.00670902457153559
0.95,120.152965358471,111,-8.58974186335645,-7.93266611612203,-0.286122941945039,1.1835806037112,0.932043498247701,-7.85754651102708,-0.134264530491278,-0.00683733044571449
0.966666666666667,120.173584297562,111,-8.58974186335645,-8.02866103208718,-0.294087941265994,1.1835806037112,0.947678188001828,-7.99652080858299,-0.141211570372234,-0.00684080595325766
0.983333333333333,120.194311197117,112,-7.58974186335645,-8.11623056998048,-0.298245822179102,1.1835806037112,0.963196377652761,-8.12455079952522,-0.145641722654184,-0.00672296100143313
1,120.215131171994,112,-7.58974186335645,-8.1019092563883,-0.298780256842296,1.1835806037112,0.978597747408273,-8.24054121202649,-0.147643500906498,-0.00649392234099163
1.01666666666667,120.236029644667,112,-7.58974186335645,-8.08597329216806,-0.288196294774203,1.1835806037112,0.993882018270004,-8.30802650439063,-0.14232736060876,-0.00592388360393
1.03333333333333,120.256992350744,113,-6.58974186335645,-8.06867722133289,-0.270330507819639,1.1835806037112,1.00904895079795,-8.33901014364267,-0.132097825472738,-0.00514500257597489
1.05,120.278005343555,113,-6.58974186335645,-7.95630307505928,-0.248081589127797,1.1835806037112,1.02409834390426,-8.34296399184691,-0.118786705902387,-0.00425550038703879
1.06666666666667,120.299054997853,114,-5.58974186335645,-7.84886846146383,-0.215791101036485,1.1835806037112,1.03903003367564,-8.29126769448608,-0.0987006650615471,-0.00308308930814933
1.08333333333333,120.320128012724,115,-4.58974186335645,-7.65241368660787,-0.178470098437885,1.1835806037112,1.0538438922239,-8.20164012013688,-0.0750254536356775,-0.00179470249828469
1.1,120.341211413757,115,-4.58974186335645,-7.37275959860937,-0.131883352829612,1.1835806037112,1.06853982656387,-8.05156118155695,-0.0449924449283266,-0.000262795053659926
1.11666666666667,120.362292554526,116,-3.58974186335645,-7.1094547439484,-0.0741304227579641,1.1835806037112,1.08311777751822,-7.82712054423537,-0.00731633193638704,0.00156265821735154
1.13333333333333,120.383359117451,117,-2.58974186335645,-6.76806518882921,-0.0127479415375468,1.1835806037112,1.09757771864858,-7.55689776667905,0.0331768533016128,0.00343530349238107
1.15,120.404399114082,118,-1.58974186335645,-6.35393526701394,0.0548995689589921,1.1835806037112,1.11191965521235,-7.22622777789392,0.0781959707500288,0.0054350299074197
1.16666666666667,120.425400884837,119,-0.589741863356451,-5.87218584676845,0.12979818447882,1.1835806037112,1.12614362314471,-6.82672488822807,0.128399659042306,0.00758734535732099
1.18333333333333,120.446353098268,119,-0.589741863356451,-5.32771341699058,0.211811354164101,1.1835806037112,1.14024968806527,-6.35464941898646,0.183723799486723,0.00988175736523093
1.2,120.467244749859,120,0.410258136643549,-4.81914186773596,0.300076603146449,1.1835806037112,1.15423794430879,-5.80963137458097,0.243629613823464,0.0122854479065449
1.21666666666667,120.48806516042,121,1.41025813664355,-4.2511169054658,0.38548369873931,1.1835806037112,1.16810851397951,-5.22973210557841,0.302218358085114,0.014509370201112
1.23333333333333,120.508803974093,121,1.41025813664355,-3.62807087302987,0.469957145557553,1.1835806037112,1.18186154602855,-4.6066515962366,0.360676324233644,0.0166192502196235
1.25,120.529451156017,122,2.41025813664355,-3.04817609170252,0.554382171660522,1.1835806037112,1.19549721535387,-3.93600012383473,0.419533415660567,0.018646064241415
1.26666666666667,120.549996989665,122,2.41025813664355,-2.41564013371124,0.631121606840601,1.1835806037112,1.20901572192232,-3.2523077535816,0.473799287392655,0.0203537672779571
1.28333333333333,120.570432073893,123,3.41025813664355,-1.82842282773641,0.703333445323062,1.1835806037112,1.2224172899133,-2.54418197864951,0.52542792827744,0.0218517576927642
1.3,120.590747319727,123,3.41025813664355,-1.19053171396206,0.765111940483493,1.1835806037112,1.23570216688358,-1.84058488285147,0.570523107247468,0.0229627496839831
1.31666666666667,120.610933946899,124,4.41025813664355,-0.599738678695874,0.799128256608338,1.1835806037112,1.25329536671682,-1.13262026840097,0.588319630701521,0.0238432461203164
1.33333333333333,120.63098348017,124,4.41025813664355,0.0401249806902373,0.799683230307705,1.1835806037112,1.27573705196562,-0.474627101833507,0.574171643464244,0.0244204894870208
1.35,120.650887745457,124,4.41025813664355,0.631452326460836,0.797491074781035,1.1835806037112,1.29851024099792,0.165238145214182,0.557604292780749,0.0249696700402736
1.36666666666667,120.670638865773,124,4.41025813664355,1.17661464453212,0.796812665803083,1.1835806037112,1.32023979347028,0.778268150166217,0.544288220118802,0.0254121616986719
1.38333333333333,120.690229257014,124,4.41025813664355,1.67795259122474,0.795839112358729,1.1835806037112,1.34093301035131,1.35355391343134,0.533011890059911,0.0256971231875172
1.4,120.709651623601,125,5.41025813664355,2.13776798370472,0.796601692708741,1.1835806037112,1.35994012979547,1.90533436160799,0.526277682279835,0.0257858364310157
1.41666666666667,120.728898953995,125,5.41025813664355,2.65226816444001,0.798754723045244,1.1835806037112,1.3771071958243,2.41239968997898,0.524235706037747,0.0256556756985606
1.43333333333333,120.747964516103,125,5.41025813664355,3.12385292969862,0.792195808396521,1.1835806037112,1.39598377854975,2.92193864728145,0.512559653634988,0.0255398982140019
1.45,120.766841852582,125,5.41025813664355,3.55487183673625,0.792483108145142,1.1835806037112,1.41277779994472,3.40859559280832,0.509539431264028,0.0253438295367107
1.46666666666667,120.785524776064,125,5.41025813664355,3.94761855897239,0.790612133039321,1.1835806037112,1.4289764990505,3.86779271135165,0.506097607145712,0.0250168575618912
1.48333333333333,120.804007364305,125,5.41025813664355,4.30432565985543,0.797114493325824,1.1835806037112,1.44211536647936,4.31004463167118,0.514159273672504,0.0245056339600087
1.5,120.822283955281,124,4.41025813664355,4.62716023762325,0.791408934858757,1.1835806037112,1.45603486367748,4.72196647657234,0.512131391325087,0.023766780668091
1.51666666666667,120.840349142224,124,4.41025813664355,4.82426887963509,0.787950169647912,1.1835806037112,1.46770934952401,5.10473385726259,0.515757543656568,0.0227911593342094
1.53333333333333,120.858197768631,124,4.41025813664355,4.99748178370933,0.768031189688647,1.1835806037112,1.47925842000284,5.4187328091009,0.508292456263244,0.0213289353801964
1.55,120.875824923233,124,4.41025813664355,5.14854808736103,0.735315030675383,1.1835806037112,1.49068307880137,5.672117010449,0.491996542708553,0.0195123886967665
1.56666666666667,120.893225934953,124,4.41025813664355,5.27913559909457,0.692976461381192,1.1835806037112,1.50198432993561,5.8724443306923,0.468850239312353,0.017453939146342
1.58333333333333,120.910396367838,123,3.41025813664355,5.39083143222981,0.643736089876138,1.1835806037112,1.51316317747719,6.02664214758269,0.440570194900066,0.0152478843526002
1.6,120.927332016004,123,3.41025813664355,5.39119147983372,0.589898449474185,1.1835806037112,1.52422062528911,6.14099989222305,0.408628619743158,0.0129722056362204
1.61666666666667,120.944028898566,123,3.41025813664355,5.3814486169344,0.52557533567378,1.1835806037112,1.53515767677003,6.18512895525995,0.369203442448251,0.0104464584759937
1.63333333333333,120.960483254587,122,2.41025813664355,5.36275169869069,0.455793147614364,1.1835806037112,1.54597533460688,6.17601851797232,0.325508351188035,0.0078373492503487
1.65,120.976691538041,122,2.41025813664355,5.24221708753932,0.384304268101526,1.1835806037112,1.55667460053557,6.12721711433988,0.279974335369565,0.00526587477112221
1.66666666666667,120.99265041279,122,2.41025813664355,5.12063916234126,0.306034781365722,1.1835806037112,1.56725647510965,6.01342509666392,0.229337485725412,0.00257325444081868
1.68333333333333,121.008356747593,121,1.41025813664355,4.99873136702192,0.22636646233395,1.1835806037112,1.57772195747666,5.85505454415021,0.177076649327736,-6.7284385592893e-05
1.7,121.023807611145,121,1.41025813664355,4.78317954955548,0.149083078069777,1.1835806037112,1.58807204516211,5.66781085794007,0.125678528601222,-0.00253861544595589
1.71666666666667,121.039000267152,121,1.41025813664355,4.57435406137771,0.0689214173625594,1.1835806037112,1.59830773386071,5.4276012130761,0.0717898369692917,-0.00501018326755103
1.73333333333333,121.053932169435,120,0.410258136643549,4.37255219101886,-0.0090684494357208,1.1835806037112,1.60843001723479,5.15534274458356,0.0187040445782609,-0.00732352783545512
1.75,121.068600957096,120,0.410258136643549,4.08405269834055,-0.0815183381762195,1.1835806037112,1.61843988671983,4.86673803491322,-0.0313365118188675,-0.00937841475633372
1.76666666666667,121.083004449711,119,-0.589741863356451,3.80882893423834,-0.154147863426831,1.1835806037112,1.62833833133662,4.53733391818847,-0.0819609723040906,-0.0113618791844907
1.78333333333333,121.097140642584,119,-0.589741863356451,3.45284064571339,-0.222373170190503,1.1835806037112,1.63812633751027,4.18744528749716,-0.130163149573803,-0.0131327516489359
1.8,121.111007702053,118,-1.58974186335645,3.11574766068751,-0.291096851915923,1.1835806037112,1.64780488889554,3.79596651542673,-0.179056020584401,-0.0148510252430569
1.81666666666667,121.124603960846,118,-1.58974186335645,2.7032026415758,-0.355215334541384,1.1835806037112,1.65737496620864,3.38557894951538,-0.225302965173995,-0.016358729723332
1.83333333333333,121.137927913495,117,-2.58974186335645,2.31456558349423,-0.419329724443365,1.1835806037112,1.66683754706504,2.93678856780224,-0.271823734492404,-0.0178064696267052
1.85,121.15097821182,117,-2.58974186335645,1.85519725682492,-0.478191929600384,1.1835806037112,1.67619360582347,2.4733131701207,-0.315187933286665,-0.0190321239162755
1.86666666666667,121.163753660457,117,-2.58974186335645,1.42417428017183,-0.53636842501097,1.1835806037112,1.68544411343559,1.97626212227855,-0.358291830940205,-0.0201857283548216
1.88333333333333,121.176253212465,116,-3.58974186335645,1.02053452096073,-0.588650536098478,1.1835806037112,1.69459003730153,1.4696353266951,-0.397729526956949,-0.0211069284729755
1.9,121.188475964986,116,-3.58974186335645,0.549334104102379,-0.631874794620483,1.1835806037112,1.70363234113089,0.970642485378586,-0.431381987340691,-0.0217050268014774
1.91666666666667,121.200421154984,115,-4.58974186335645,0.109362555040285,-0.672197189927313,1.1835806037112,1.7125719848092,0.455187500316547,-0.463154870732744,-0.0221835047025736
1.93333333333333,121.212088155034,115,-4.58974186335645,-0.394563783746525,-0.705604132645331,1.1835806037112,1.72140992426968,-0.0568768272019011,-0.490409974006433,-0.0224212436239588
1.95,121.223476469197,115,-4.58974186335645,-0.863886831479316,-0.737631064585208,1.1835806037112,1.73014711137009,-0.587682111295833,-0.516674257365763,-0.0225995307386787
1.96666666666667,121.234585728953,114,-5.58974186335645,-1.30006163136393,-0.763819045902468,1.1835806037112,1.73878449377469,-1.11594177983558,-0.539038301911995,-0.0225812958677487
1.98333333333333,121.245415689203,114,-5.58974186335645,-1.79849970259219,-0.781574127913995,1.1835806037112,1.74732301484095,-1.62671386149636,-0.555768429119841,-0.0222926540373816
2,121.255966224351,114,-5.58974186335645,-2.26085434330605,-0.79747449998347,1.1835806037112,1.75576361351116,-2.14598657135206,-0.571064067008127,-0.0219486808103272
2.01666666666667,121.266237324447,114,-5.58974186335645,-2.68877624603583,-0.797461867871721,1.1835806037112,1.76197162031385,-2.64844736004415,-0.571281147047045,-0.0214444781260825
2.03333333333333,121.276229091403,114,-5.58974186335645,-3.08390611047187,-0.791176879396224,1.1835806037112,1.76814348027094,-3.1211724639553,-0.567365434719239,-0.0207505590403438
2.05,121.285941735288,114,-5.58974186335645,-3.44786763838508,-0.787883879149538,1.1835806037112,1.77629786945162,-3.56881966299442,-0.569516170042214,-0.0198483479945442
2.06666666666667,121.295375570681,114,-5.58974186335645,-3.78226137565997,-0.776731382373212,1.1835806037112,1.78435908298466,-3.9856822942121,-0.56619477377522,-0.0187263014328455
2.08333333333333,121.304531013108,114,-5.58974186335645,-4.08865933951913,-0.757804474284636,1.1835806037112,1.79232800221578,-4.36776338360253,-0.557407272188633,-0.0173953563498198
2.1,121.313408575544,114,-5.58974186335645,-4.36860037189121,-0.731661353028647,1.1835806037112,1.80020550434786,-4.71321247868716,-0.543470922812617,-0.0158808937550996
2.11666666666667,121.322008864984,114,-5.58974186335645,-4.62358616272601,-0.699154678198816,1.1835806037112,1.8079924623445,-5.02174395484231,-0.524901882809799,-0.0142166365931263
2.13333333333333,121.330332579092,115,-4.58974186335645,-4.85507788987845,-0.661299199563671,1.1835806037112,1.81568974483783,-5.29418468981601,-0.502331260729195,-0.0124402079247628
2.15,121.338380502915,115,-4.58974186335645,-4.97054193703878,-0.619175513265429,1.1835806037112,1.82329821604034,-5.53212507837934,-0.47644342669559,-0.0105899745197004
2.16666666666667,121.346153505667,115,-4.58974186335645,-5.0711545686034,-0.566045371749963,1.1835806037112,1.83081873566077,-5.70160017908968,-0.442860788222,-0.00845896789081409
2.18333333333333,121.35365253759,115,-4.58974186335645,-5.15803762253757,-0.506372476484146,1.1835806037112,1.83825215882382,-5.81691848747454,-0.404421263420848,-0.00619729972858731
2.2,121.360878626874,116,-3.58974186335645,-5.23225843428347,-0.443564810509059,1.1835806037112,1.84559933599363,-5.88965896618001,-0.363317719308212,-0.0039167962456973
2.21666666666667,121.367832876651,116,-3.58974186335645,-5.20087902195619,-0.380183982559038,1.1835806037112,1.852861112901,-5.92916600283291,-0.321223072596689,-0.0016988657544212
2.23333333333333,121.374516462061,116,-3.58974186335645,-5.16466390260707,-0.310299968111027,1.1835806037112,1.86003833047408,-5.90690587534562,-0.274322013779058,0.000643005502261398
2.25,121.380930627378,116,-3.58974186335645,-5.12431862061506,-0.238698285250234,1.1835806037112,1.86713182477263,-5.84083393320107,-0.225703395502701,0.00295421834030867
2.26666666666667,121.387076683206,116,-3.58974186335645,-5.08049222059774,-0.168766322141423,1.1835806037112,1.87414242692563,-5.74481912551984,-0.177588915082039,0.00512936143693515
2.28333333333333,121.392956003746,116,-3.58974186335645,-5.03378020164756,-0.10281293725266,1.1835806037112,1.88107096307215,-5.62947682963409,-0.131526961234592,0.0071005096880302
2.3,121.398570024117,116,-3.58974186335645,-4.98472741383091,-0.0423231658572619,1.1835806037112,1.88791825430544,-5.50284304915014,-0.0885476578678882,0.00882795445160207
2.31666666666667,121.403920237757,116,-3.58974186335645,-4.93383088895178,0.0118396868092248,1.1835806037112,1.89468511662017,-5.37091880088537,-0.049286376314805,0.0102928984252428
2.33333333333333,121.409008193872,116,-3.58974186335645,-4.88154259877791,0.0592745021940736,1.1835806037112,1.90137236086263,-5.23810845525378,-0.0140816841555976,0.0114917331654854
2.35,121.413835494958,116,-3.58974186335645,-4.82827213502593,0.0999171214379121,1.1835806037112,1.90798079268393,-5.10757160269073,0.01694737838655,0.0124315875223836
2.36666666666667,121.418403794385,116,-3.58974186335645,-4.77438930640979,0.133942710416421,1.1835806037112,1.91451121249604,-4.98150454541494,0.0438406927913192,0.0131268930982006
2.38333333333333,121.422714794038,116,-3.58974186335645,-4.72022664897719,0.161690235360258,1.1835806037112,1.92096441543054,-4.86136463875059,0.0667498590081022,0.0135967603801697
2.4,121.426770242019,116,-3.58974186335645,-4.66608184679811,0.183604589894605,1.1835806037112,1.92734119130025,-4.7480483287286,0.085901730354424,0.013862998220758
2.41666666666667,121.430571930412,116,-3.58974186335645,-4.61222006083155,0.200192754032785,1.1835806037112,1.93364232456324,-4.64203176872567,0.101570519114766,0.0139486413221467
2.43333333333333,121.434121693104,116,-3.58974186335645,-4.55887616448647,0.211991054346555,1.1835806037112,1.93986859428965,-4.54348127736865,0.114056713543205,0.0138768765521902
2.45,121.437421403662,116,-3.58974186335645,-4.50625688501484,0.219541158480526,1.1835806037112,1.94602077413074,-4.45233956436362,0.123671381730969,0.0136702802959297
2.46666666666667,121.440472973275,116,-3.58974186335645,-4.45454285043328,0.223372898189949,1.1835806037112,1.95209963229055,-4.36839255158136,0.130724711937458,0.0133502964749576
2.48333333333333,121.443278348736,116,-3.58974186335645,-4.40389054216893,0.223992391257546,1.1835806037112,1.95810593149976,-4.29132071307069,0.13551786309569,0.0129368990469506
2.5,121.445839510499,116,-3.58974186335645,-4.35443415406864,0.22187423899069,1.1835806037112,1.9640404289919,-4.22073811591274,0.138337382082966,0.0124483943093341
2.51666666666667,121.448158470769,116,-3.58974186335645,-4.30628735880338,0.217456824942733,1.1835806037112,1.96990387648168,-4.15622173589764,0.139451593285021,0.0119013276538783
2.53333333333333,121.450237271667,116,-3.58974186335645,-4.25954498304368,0.211139942325715,1.1835806037112,1.97569702014554,-4.09733312457017,0.139108487015722,0.0113104669492589
2.55,121.452077983424,116,-3.58974186335645,-4.21428459308237,0.203284140786741,1.1835806037112,1.98142060060426,-4.04363409788622,0.1375347314821,0.0106888407932227
2.56666666666667,121.453682702646,116,-3.58974186335645,-4.17056799283982,0.194211314826492,1.1835806037112,1.98707535290747,-3.99469778548105,0.134935512337238,0.0100478147445024
2.58333333333333,121.455053550615,117,-2.58974186335645,-4.12844263640852,0.184206161934841,1.1835806037112,1.99266200652029,-3.95011611005998,0.131494967853065,0.00939719253890802
2.6,121.456192671648,117,-2.58974186335645,-3.9939914695615,0.173518223274354,1.1835806037112,1.99818128531172,-3.90950454765812,0.127377039185236,0.00874533239650426
2.61666666666667,121.4571022315,117,-2.58974186335645,-3.86704112949922,0.170180733854428,1.1835806037112,2.00363390754493,-3.83645274599051,0.127797472096105,0.00834318031405472
2.63333333333333,121.457784415815,117,-2.58974186335645,-3.74740061173069,0.170945705614694,1.1835806037112,2.00902058586928,-3.74255610928173,0.130716697986043,0.00808056097344017
2.65,121.458241428623,117,-2.58974186335645,-3.63486366249125,0.173513915176534,1.1835806037112,2.01434202731413,-3.63656318395681,0.134681110934367,0.0078808107306836
2.66666666666667,121.458475490883,117,-2.58974186335645,-3.52921145775955,0.176310165273262,1.1835806037112,2.01959893328427,-3.52497993652118,0.138686495652698,0.00769258869544957
2.68333333333333,121.458488839069,117,-2.58974186335645,-3.43021505238604,0.178305724586183,1.1835806037112,2.02479199955696,-3.41255575302872,0.142069761636691,0.00748344506790831
2.7,121.458283723806,117,-2.58974186335645,-3.33763761229887,0.178878774964066,1.1835806037112,2.02992191628056,-3.3026731008874,0.144423534511395,0.00723479972956827
2.71666666666667,121.457862408536,117,-2.58974186335645,-3.25123644241101,0.177705386177214,1.1835806037112,2.03498936797469,-3.19765887963531,0.145529152863387,0.00693804881919837
2.73333333333333,121.457227168237,117,-2.58974186335645,-3.1707648224843,0.174674929405741,1.1835806037112,2.0399950335318,-3.09903225085779,0.145304440205887,0.0065915701693236
2.75,121.456380288179,117,-2.58974186335645,-3.09597366281844,0.16982498331411,1.1835806037112,2.04493958622023,-3.00770106403847,0.14376329731346,0.00619844204460498
2.76666666666667,121.455324062718,117,-2.58974186335645,-3.02661299122868,0.16329172383659,1.1835806037112,2.04982369368857,-2.92411678927466,0.14098471510867,0.00576472528158779
2.78333333333333,121.454060794135,117,-2.58974186335645,-2.96243328235893,0.155272556434814,1.1835806037112,2.05464801797143,-2.84839604976818,0.137089263472877,0.0052981880665565
2.8,121.4525927915,117,-2.58974186335645,-2.90318663995149,0.145998377266005,1.1835806037112,2.0594132154964,-2.78041535045533,0.132221484145511,0.0048073763545052
2.81666666666667,121.450922369593,117,-2.58974186335645,-2.84862784226252,0.135713362038558,1.1835806037112,2.06411993709235,-2.71988436880513,0.126536920683479,0.00430095228023975
2.83333333333333,121.449051847843,117,-2.58974186335645,-2.79851526037735,0.124660598736418,1.1835806037112,2.06876882799883,-2.66640216372367,0.120192767232357,0.00378723863096224
2.85,121.446983549313,117,-2.58974186335645,-2.75261165874397,0.113072219763616,1.1835806037112,2.07336052787673,-2.61949983043727,0.113341320525196,0.00327392019044002
2.86666666666667,121.444719799717,117,-2.58974186335645,-2.71068488680888,0.101162964375209,1.1835806037112,2.07789567081996,-2.57867245144295,0.106125584281382,0.00276786306669103
2.88333333333333,121.442262926469,117,-2.58974186335645,-2.67250847020843,0.089126325074396,1.1835806037112,2.08237488536828,-2.5434026397625,0.098676508817943,0.0022750214224927
2.9,121.439615257772,116,-3.58974186335645,-2.63786210954354,0.0771326115062686,1.1835806037112,2.08679879452113,-2.51317751896581,0.0911114568216899,0.00180040770726756
2.91666666666667,121.436779121727,116,-3.58974186335645,-2.70048358226532,0.0653284101318495,1.1835806037112,2.09116801575249,-2.48750061663457,0.083533573496453,0.00134810784156087
2.93333333333333,121.433756845489,116,-3.58974186335645,-2.76036212809328,0.0460205876266799,1.1835806037112,2.0954831610267,-2.50195194550369,0.0709609338320328,0.000677417752468009
2.95,121.43055075444,116,-3.58974186335645,-2.81750121849093,0.0227449360603315,1.1835806037112,2.0997448368152,-2.54416263006406,0.0556354374581545,-9.3255738197968e-05
2.96666666666667,121.4271631714,115,-4.58974186335645,-2.87191746092411,-0.00195957400219342,1.1835806037112,2.1039536441142,-2.60467039934807,0.0391837038276772,-0.000880826292354243
2.98333333333333,121.423596415866,115,-4.58974186335645,-3.0175905735808,-0.0263215715703437,1.1835806037112,2.10811017846317,-2.67631575924935,0.0227560387470225,-0.00162913656109802
3,121.419852803276,115,-4.58974186335645,-3.15475502877046,-0.0569716434311459,1.1835806037112,2.11221502996418,-2.78980681506531,0.00206631182015982,-0.00254623858731218
3.01666666666667,121.415934644307,114,-5.58974186335645,-3.28366125394795,-0.089730831955446,1.1835806037112,2.11626878330209,-2.92929676865336,-0.0202117348891165,-0.0034953495112698
3.03333333333333,121.411844244195,114,-5.58974186335645,-3.49852461783233,-0.121724685231107,1.1835806037112,2.12027201776544,-3.08292205949638,-0.0422149593439728,-0.00438529150825274
3.05,121.407583902083,114,-5.58974186335645,-3.699815711846,-0.158883739999358,1.1835806037112,2.12422530726809,-3.27799800087295,-0.0677691789445536,-0.00540293656563411
3.06666666666667,121.403155910395,113,-6.58974186335645,-3.88802033526331,-0.196627087343469,1.1835806037112,2.12812922037163,-3.49630086933255,-0.0939285247247431,-0.0064003984498222
3.08333333333333,121.398562554235,113,-6.58974186335645,-4.15758740161964,-0.23189469908854,1.1835806037112,2.13198432030839,-3.72437053722778,-0.118695586573872,-0.0072825646832885
3.1,121.393806110812,112,-7.58974186335645,-4.40921826709674,-0.270584732371308,1.1835806037112,2.13579116500516,-3.98851912144844,-0.145860672396093,-0.00823731393149697
3.11666666666667,121.388888848885,112,-7.58974186335645,-4.73757736809335,-0.308188678975345,1.1835806037112,2.13955030710753,-4.2699652935113,-0.172511026694718,-0.00912101944291631
3.13333333333333,121.383813028235,111,-8.58974186335645,-5.04358096214993,-0.349603421448905,1.1835806037112,2.1432622940048,-4.59107282685099,-0.20179884531936,-0.0100887263765169
3.15,121.378580899155,111,-8.58974186335645,-5.42210677308853,-0.38965708370114,1.1835806037112,2.14692766785549,-4.93018597234839,-0.2303838827991,-0.0109756932621431
3.16666666666667,121.373194701969,110,-9.58974186335645,-5.77428185560173,-0.432835204391984,1.1835806037112,2.15054696561341,-5.30762850813686,-0.261148937525212,-0.0119244761470052
3.18333333333333,121.367656666566,110,-9.58974186335645,-6.19519147182549,-0.473739504041751,1.1835806037112,2.15412071905421,-5.70034790923106,-0.290601263019055,-0.0127640715065459
3.2,121.361969011956,109,-10.5897418633565,-6.58616628717896,-0.516762017600135,1.1835806037112,2.15764945480248,-6.12776234187824,-0.321555950387148,-0.0136351551564149
3.21666666666667,121.356133945849,109,-10.5897418633565,-7.04249067042909,-0.556503813164196,1.1835806037112,2.1611336943593,-6.56628444218601,-0.350512507757566,-0.0143678188472136
3.23333333333333,121.350153664248,109,-10.5897418633565,-7.46568939805705,-0.597418597513899,1.1835806037112,2.16457395413025,-7.03507346322295,-0.38031920235548,-0.0151057494074114
3.25,121.34403035107,108,-11.5897418633565,-7.8572840531247,-0.634208432240378,1.1835806037112,2.16797074545387,-7.51048475432388,-0.407535192798358,-0.0156831777349936
3.26666666666667,121.337766177775,108,-11.5897418633565,-8.31273782693233,-0.66363380529399,1.1835806037112,2.17132457463051,-7.9757119902724,-0.430013173598118,-0.0160045734631775
3.28333333333333,121.331363303021,108,-11.5897418633565,-8.73374218703309,-0.691780845822841,1.1835806037112,2.17463594295156,-8.45527447893001,-0.451632821026014,-0.0162689280279365
3.3,121.324823872332,107,-12.5897418633565,-9.12197377559965,-0.714567685597906,1.1835806037112,2.1779053467291,-8.92974212112452,-0.469729373282688,-0.0163508215657637
3.31666666666667,121.318150017786,107,-12.5897418633565,-9.57303971354035,-0.729643818143217,1.1835806037112,2.18113327732587,-9.38560243098834,-0.482730039565542,-0.0161834264498981
3.33333333333333,121.311343857717,107,-12.5897418633565,-9.98876477112901,-0.743729149743978,1.1835806037112,2.18432022118555,-9.84993092201916,-0.494930828454751,-0.0159854399696293
3.35,121.304407496431,107,-12.5897418633565,-10.3709487666476,-0.753177964046645,1.1835806037112,2.18746665986341,-10.305264865638,-0.503960027012582,-0.0156442647472799
3.36666666666667,121.297343023947,106,-13.5897418633565,-10.7213608783073,-0.755924299643692,1.1835806037112,2.19057307005721,-10.7395909790636,-0.508442589449264,-0.0151006908427061
3.38333333333333,121.29015251574,106,-13.5897418633565,-11.1356857429574,-0.751041164504299,1.1835806037112,2.19363992363837,-11.1450613323227,-0.50772843734086,-0.0143332456543719
3.4,121.282838032507,106,-13.5897418633565,-11.5158118808729,-0.746217451845346,1.1835806037112,2.19666768768347,-11.5530283494162,-0.50675300204271,-0.0135901613069258
3.41666666666667,121.275401619948,106,-13.5897418633565,-11.8635902798144,-0.738431313860457,1.1835806037112,2.19965682450592,-11.9492127595347,-0.503567373492186,-0.0127765266457424
3.43333333333333,121.267845308552,106,-13.5897418633565,-12.1808298252669,-0.725981949786679,1.1835806037112,2.20260779168787,-12.3239279849925,-0.497055551058439,-0.0118420848453112
3.45,121.260171113406,106,-13.5897418633565,-12.4692929642456,-0.708116693614406,1.1835806037112,2.2055210421124,-12.6709858982251,-0.486704448988835,-0.0107680115962346
3.46666666666667,121.252381034014,106,-13.5897418633565,-12.7306920706521,-0.68474446055524,1.1835806037112,2.20839702399581,-12.9868314749346,-0.472426278303379,-0.00955685166725108
3.48333333333333,121.244477054121,106,-13.5897418633565,-12.9666864536752,-0.65621768522993,1.1835806037112,2.21123618092016,-13.2698619586455,-0.454422603360488,-0.00822494646239919
3.5,121.236461141565,106,-13.5897418633565,-13.178879953927,-0.623168323751525,1.1835806037112,2.21403895186596,-13.5198943289328,-0.433081412012316,-0.0067968155963454
3.51666666666667,121.22833524812,106,-13.5897418633565,-13.368819075137,-0.586386301331931,1.1835806037112,2.21680577124498,-13.7377515916169,-0.408900207978646,-0.00530106176951799
3.53333333333333,121.220101309371,106,-13.5897418633565,-13.5379916022652,-0.546731077902978,1.1835806037112,2.21953706893331,-13.9249439344256,-0.382429497912057,-0.00376745463750182
3.55,121.211761244585,106,-13.5897418633565,-13.6878256598546,-0.505068868604185,1.1835806037112,2.22223327030437,-14.08342532399,-0.354232157595155,-0.0022249194918595
3.56666666666667,121.203316956599,106,-13.5897418633565,-13.819689167298,-0.462229570058608,1.1835806037112,2.22489479626221,-14.2154098323977,-0.324855066529447,-0.000700213340452063
3.58333333333333,121.194770331717,106,-13.5897418633565,-13.9348896504631,-0.418978670142441,1.1835806037112,2.22752206327483,-14.3232350173383,-0.294810134861076,0.000782883180064978
3.6,121.186123239617,106,-13.5897418633565,-14.034674371773,-0.376000410489581,1.1835806037112,2.23011548340756,-14.4092621581799,-0.264562441745649,0.00220399270866713
3.61666666666667,121.177377533268,107,-12.5897418633565,-14.1202307434058,-0.333889270187724,1.1835806037112,2.23267546435658,-14.4758051697393,-0.234523685159421,0.00354629189149854
3.63333333333333,121.168535048856,107,-12.5897418633565,-14.0987355028058,-0.293147481390618,1.1835806037112,2.23520240948251,-14.5250816577522,-0.205049530670458,0.00479646723640619
3.65,121.159597605718,107,-12.5897418633565,-14.0710625467468,-0.24637035552962,1.1835806037112,2.237696717844,-14.5231288163,-0.171368882289868,0.00618844781071691
3.66666666666667,121.150567006284,107,-12.5897418633565,-14.0380215019251,-0.197318466597879,1.1835806037112,2.24015878423141,-14.4838146205478,-0.135894389142139,0.00759930829452469
3.68333333333333,121.141445036031,108,-11.5897418633565,-14.0003602616071,-0.148696858382815,1.1835806037112,2.24258899920051,-14.4179754805359,-0.100385937739189,0.00894346636165827
3.7,121.132233463442,108,-11.5897418633565,-13.8648165345573,-0.102390036747368,1.1835806037112,2.24498774910621,-14.3340185727077,-0.0660928199561211,0.010164039408985
3.71666666666667,121.122934039974,109,-10.5897418633565,-13.7318277914979,-0.0518337550176505,1.1835806037112,2.24735541613632,-14.2023593446859,-0.0287971317428205,0.0114698699533928
3.73333333333333,121.113548500029,109,-10.5897418633565,-13.507820217177,-0.00123271256883408,1.1835806037112,2.24969237834529,-14.0398489838763,0.00878628595289991,0.0127262333065207
3.75,121.104078560941,110,-9.58974186335645,-13.2929198416041,0.0543639179633203,1.1835806037112,2.25199900968797,-13.8231908770218,0.0498476018574784,0.0140889526522144
3.76666666666667,121.094525922961,110,-9.58974186335645,-12.993243019437,0.109673310310372,1.1835806037112,2.25427568005334,-13.5738351969002,0.0909776130165922,0.0153888832656384
3.78333333333333,121.084892269258,111,-8.58974186335645,-12.7086089141765,0.16896854990029,1.1835806037112,2.25652275529822,-13.2717698898597,0.13492304257333,0.0167611622999953
3.8,121.075179265914,111,-8.58974186335645,-12.3448311684784,0.226583930640519,1.1835806037112,2.25874059728102,-12.9407145253104,0.178017406975521,0.0180259144795518
3.81666666666667,121.065388561938,112,-7.58974186335645,-12.0014314290164,0.286622529068693,1.1835806037112,2.26092956389531,-12.5621494951674,0.222885778934171,0.0193145897994369
3.83333333333333,121.055521789275,113,-6.58974186335645,-11.5839319184447,0.343398286720593,1.1835806037112,2.26309000910352,-12.1606986692991,0.265836496750402,0.020448445114796
3.85,121.045580562832,113,-6.58974186335645,-11.0976182456747,0.401095292399268,1.1835806037112,2.26522228297045,-11.7183075199261,0.309535839875356,0.0215632015336845
3.86666666666667,121.035566480498,114,-5.58974186335645,-10.6414910718753,0.461989825096588,1.1835806037112,2.26732673169678,-11.2236905023953,0.355447727908055,0.0227301826405614
3.88333333333333,121.025481123179,115,-4.58974186335645,-10.1205600125481,0.519198478577014,1.1835806037112,2.26940369765256,-10.7066827190406,0.399111910580884,0.0237323089198102
3.9,121.015326054829,116,-3.58974186335645,-9.539608063704,0.576175113151117,1.1835806037112,2.2714535194105,-10.1528746519149,0.442719250605139,0.0246829209739831
3.91666666666667,121.005102822497,117,-2.58974186335645,-8.90319317047511,0.634806446011686,1.1835806037112,2.27347653177935,-9.55342343061579,0.487473681126149,0.025642406957663
3.93333333333333,120.994812956363,117,-2.58974186335645,-8.21565026298816,0.695878830671475,1.1835806037112,2.27547306583703,-8.90364120159489,0.533880873777193,0.0266346477976869
3.95,120.9844579698,118,-1.58974186335645,-7.57504565850659,0.759432706728796,1.1835806037112,2.27744344896382,-8.20188839387954,0.581968553102966,0.027659379700371
3.96666666666667,120.974039359415,118,-1.58974186335645,-6.88547379298527,0.79852055395836,1.1835806037112,2.28318306031611,-7.48965181371711,0.606172980974484,0.0284602447992025
3.98333333333333,120.963558605118,119,-0.589741863356451,-6.24477556180885,0.800475778670725,1.98405638238192,2.29615295413921,-6.78961447290017,0.59110113332995,0.0291974700316321
4,120.953017122126,119,-0.589741863356451,-5.52900488660423,0.799675335639719,1.1835806037112,2.30889770619056,-6.12380273766239,0.575057794625308,0.0298023708766996
4.01666666666667,120.942415151076,120,0.410258136643549,-4.83916168555166,0.801191944158208,1.98477254786941,2.32234831065559,-5.452306245101,0.558828857304295,0.0305588794037408
4.03333333333333,120.931749676676,120,0.410258136643549,-4.08166228090143,0.801651595832238,1.98523219954344,2.33654623946615,-4.7883754522936,0.540671521024872,0.0313871822643465
4.05,120.921013949285,120,0.410258136643549,-3.32903356826966,0.805759111392085,1.98933971510328,2.35182382755795,-4.1030113868084,0.522950270175096,0.0324835908480765
4.06666666666667,120.91019564529,120,0.410258136643549,-2.58429902542152,0.816449378039474,2.00002998175067,2.3671874789004,-3.40576152063521,0.509792145817067,0.0337791956838107
4.08333333333333,120.899275184698,121,1.41025813664355,-1.84975891256004,0.831657309762939,2.01523791347414,2.38272621492474,-2.70071099943611,0.499710200339568,0.0352164093049545
4.1,120.888225065154,121,1.41025813664355,-1.03307667651776,0.849619751662628,2.03320035537383,2.39849716398671,-1.99239608885721,0.491468573628947,0.0367443067913023
4.11666666666667,120.877009819207,121,1.41025813664355,-0.235185224486294,0.876422991447648,2.06000359515885,2.41459912083693,-1.24923842473768,0.488823353344605,0.0385652384448851
4.13333333333333,120.865586270739,121,1.41025813664355,0.54357890589191,0.907177584595677,2.09075818830687,2.43113337449848,-0.487492341612121,0.488459645533502,0.0405322985661211
4.15,120.853903874422,121,1.41025813664355,1.30345290043758,0.938624037949589,2.12220464166079,2.44813389630806,0.28015046858114,0.488227373117049,0.0425444328281074
4.16666666666667,120.841905142202,120,0.410258136643549,2.04490180543169,0.9687693200672,2.1523499237784,2.46559140640106,1.0443062321029,0.48686451377846,0.0445370896826685
4.18333333333333,120.829526079017,120,0.410258136643549,2.67445805904142,0.996545413174404,2.1801260168856,2.48347154453852,1.79839812391993,0.483745381105818,0.0464730121574478
4.2,120.816696653143,120,0.410258136643549,3.29231803613729,1.01403495338708,2.19761555709828,2.50165984545567,2.50213519566391,0.473960585079233,0.048090125052552
4.21666666666667,120.803341174414,120,0.410258136643549,3.89827543410626,1.02506016658492,2.20864077029612,2.52001556546986,3.16523255400288,0.460202007553051,0.0494978920221054
4.23333333333333,120.78937863008,120,0.410258136643549,4.49162515183247,1.03236193937096,2.21594254308216,2.53845237663461,3.79566306558312,0.444369470158823,0.0507763449686834
4.25,120.774723150396,120,0.410258136643549,5.0714484102317,1.03778356992518,2.22136417363638,2.55692189229911,4.39952847743714,0.427718749767615,0.0519803921689013
4.26666666666667,120.759284590965,120,0.410258136643549,5.63679930994418,1.04247204743166,2.22605265114286,2.5754004298363,4.98120206305788,0.411014755625575,0.0531449998237183
4.28333333333333,120.742969161494,121,1.41025813664355,6.18681598883002,1.0470666108111,2.2306472145223,2.59387903296137,5.54360505696662,0.394670517108803,0.0542902789489194
4.3,120.725679993062,121,1.41025813664355,6.81472904113551,1.05185930311657,2.23543990682776,2.61235640328092,6.08852595914759,0.378862878107321,0.0554259537126381
4.31666666666667,120.707317563643,121,1.41025813664355,7.42017499300387,1.06440524514328,2.24798584885448,2.63090214526052,6.65286740303238,0.368332602683173,0.056798996598414
4.33333333333333,120.687780135695,121,1.41025813664355,8.00321673562688,1.08079712258237,2.26437772629357,2.64960865564779,7.22463071011436,0.360401684365877,0.058293435477077
4.35,120.666964241098,121,1.41025813664355,8.56442230434301,1.09837989627689,2.28196049998809,2.6685141277708,7.79438965344819,0.353292094215781,0.0598282683223863
4.36666666666667,120.644765173875,121,1.41025813664355,9.10457978896384,1.11548938779843,2.29906999150963,2.68762119957737,8.35518630810225,0.3459242443525,0.0613508686817888
4.38333333333333,120.621077401723,121,1.41025813664355,9.62451991824355,1.13119772112399,2.31477832483518,2.70691128091072,8.90220372622131,0.337727869171696,0.0628301958520815
4.4,120.595794828043,121,1.41025813664355,10.1250175835175,1.14509085600755,2.32867145971875,2.72635490138469,9.4323515771182,0.328480797662848,0.0642506519978374
4.41666666666667,120.56881106267,121,1.41025813664355,10.6067476605241,1.15708857522073,2.34066917893193,2.74591870978717,9.94384959106618,0.318181056947529,0.0656069792181307
4.43333333333333,120.540019674578,121,1.41025813664355,11.070275489681,1.16730792443033,2.35088852814152,2.76556984562631,10.4358558884178,0.306951603190801,0.0669002978567827
4.45,120.509314336773,121,1.41025813664355,11.5160673208852,1.17596582334073,2.35954642705193,2.78527837279945,10.9081611955841,0.294973662548134,0.0681352150471105
4.46666666666667,120.476589010235,121,1.41025813664355,11.9445103939579,1.18331412804591,2.36689473175711,2.80501837171628,11.3609532163705,0.282443282431754,0.0693178452608081
4.48333333333333,120.44173819838,122,2.41025813664355,12.3559358847515,1.18959982572189,2.37318042943309,2.82476816818799,11.7946457153117,0.269545530826697,0.0704545540804712
4.5,120.404657232975,122,2.41025813664355,12.8445921528531,1.19504352627585,2.37862412998705,2.84451005904798,12.2097621140292,0.256441310315047,0.0715512405483444
4.51666666666667,120.365242564593,122,2.41025813664355,13.3109562635505,1.20731348824287,2.39089409195407,2.86429771046731,12.6428015640031,0.247972744462577,0.0728570020482953
4.53333333333333,120.323391977261,122,2.41025813664355,13.7557710511276,1.2227043088067,2.4062849125179,2.88421027985706,13.0819154013551,0.24161516464704,0.0742610839252721
4.55,120.279004663628,122,2.41025813664355,14.1801489689794,1.23878882673276,2.42236943044396,2.90427634289923,13.5181472401288,0.235754032413941,0.07568886900865
4.56666666666667,120.231981323406,122,2.41025813664355,14.5853139764458,1.25411910224274,2.43769970595393,2.92449263769274,13.9451622638383,0.229459203275635,0.0770940867780438
4.58333333333333,120.18222432271,122,2.41025813664355,14.9724491880717,1.26795235193694,2.45153295564814,2.94483802023017,14.3588089510095,0.222284032552374,0.0784513627800469
4.6,120.12963781419,123,3.41025813664355,15.3426196580525,1.28002114013895,2.46360174385015,2.96528322271153,14.7566368427644,0.214100543022115,0.0797497842349841
4.61666666666667,120.074127741401,123,3.41025813664355,15.7906965274548,1.29035355971013,2.47393416342133,2.98579720800332,15.1374434836508,0.204972837312247,0.0809877419660265
4.63333333333333,120.01560188225,123,3.41025813664355,16.2176531197722,1.30662405282457,2.49020465653576,3.00641885808493,15.5368273202395,0.199775845556793,0.0824130560885066
4.65,119.95396996431,123,3.41025813664355,16.6246069081416,1.32524198101522,2.50882258472642,3.02721361771298,15.9425988032046,0.196085084936048,0.083917277670406
4.66666666666667,119.889143749102,123,3.41025813664355,17.0129389722438,1.34394169776472,2.52752230147592,3.04819868641542,16.3458110674385,0.19241175275925,0.0854298168826795
4.68333333333333,119.821037004037,123,3.41025813664355,17.3840556896585,1.36144419365148,2.54502479736268,3.06936219302658,16.7403340096633,0.18795107450915,0.0869089321162603
4.7,119.749565449008,124,4.41025813664355,17.739256329426,1.37716049137849,2.56074109508969,3.0906770729163,17.1223080101772,0.182367161703076,0.0883335491488074
4.71666666666667,119.67464665679,124,4.41025813664355,18.1736251527921,1.39095107684344,2.57453168055464,3.11211047594742,17.4895917974496,0.17562195764669,0.0896964481709171
4.73333333333333,119.596200036133,124,4.41025813664355,18.5883118241029,1.41042606586883,2.59400666958003,3.13369758069106,17.8772079730918,0.172557690020304,0.0912429692182377
4.75,119.514146910765,124,4.41025813664355,18.9845684907036,1.43199432824166,2.61557493195286,3.1554996153421,18.2726541234762,0.170758883368458,0.0928641811229281
4.76666666666667,119.428411159757,124,4.41025813664355,19.3638708767478,1.45342468970568,2.63700529341688,3.1775298606471,18.6668487274767,0.168767510161265,0.0944901617232525
4.78333333333333,119.338926678701,125,5.41025813664355,19.7276850507219,1.47348772550758,2.65706832921878,3.19977322914663,19.0536379510037,0.165817910648556,0.0960803892595467
4.8,119.245632294113,125,5.41025813664355,20.1712929353445,1.49164665344714,2.67522725715834,3.222200291976,19.429200875056,0.161613387894529,0.0976151750834929
4.81666666666667,119.14846635833,125,5.41025813664355,20.5960324508344,1.51529246398042,2.69887306769161,3.24484458435882,19.8274019343857,0.160860645112946,0.0993326186451339
4.83333333333333,119.047366989916,125,5.41025813664355,21.0033133528157,1.54073728754265,2.72431789125385,3.26776309893081,20.2349914855606,0.161091604240798,0.10112022568225
4.85,118.942272277222,125,5.41025813664355,21.3947299570144,1.56573147608449,2.74931207979569,3.29096395887345,20.6424474779305,0.160847281472243,0.102906933914854
4.86666666666667,118.833120518621,126,6.41025813664355,21.7718275897236,1.58907216846491,2.7726527721761,3.3144270099089,21.0433892394472,0.159389610319189,0.104652536024328
4.88333333333333,118.719850456034,126,6.41025813664355,22.229932277971,1.61027076190386,2.79385136561506,3.33811838359082,21.4339066609788,0.156462087152553,0.106338412679238
4.9,118.602401401505,126,6.41025813664355,22.6703970978971,1.63677287904619,2.82035348275739,3.362068030887,21.847856423304,0.156814103652808,0.108204023141894
4.91666666666667,118.480713331242,126,6.41025813664355,23.0946246553363,1.66494270490801,2.8485233086192,3.3863302563972,22.2720235408564,0.158016922890975,0.110138237822984
4.93333333333333,118.354726917967,126,6.41025813664355,23.5041859726877,1.6925751164048,2.87615572011599,3.41091128958511,22.6969342140273,0.158644584550265,0.112071195303395
4.95,118.224383558404,126,6.41025813664355,23.9005921589751,1.71850256769492,2.90208317140612,3.43578974005151,23.1162538686321,0.157984909081558,0.113963658327501
4.96666666666667,118.089625293944,126,6.41025813664355,24.2851767366365,1.74226261485986,2.92584321857106,3.46093100708928,23.5261075326673,0.155800463061773,0.115797733775677
4.98333333333333,117.950394685417,126,6.41025813664355,24.6590520131219,1.76383589457555,2.94741649828674,3.48629674807103,23.9244327976878,0.152143694762027,0.11756937757981
5,117.806634754591,126,6.41025813664355,25.0231110529351,1.80342071710532,2.44597510568492,3.50780244357332,24.3146660114354,0.168806961803367,0.119281104779102
5.01666666666667,117.658288959195,125,5.41025813664355,25.3599388903877,1.86183770536696,2.48686699746807,3.5250095153561,24.7236439092303,0.206996491845112,0.120880855686264
5.03333333333333,117.505301948712,125,5.41025813664355,25.5609937011825,1.91135373022924,2.52152821487167,3.54269261983499,25.1346305536734,0.238445779235042,0.122240678720442
5.05,117.347621580727,125,5.41025813664355,25.7317982056647,1.94135410113151,2.54252847450325,3.56068033354543,25.4896215372341,0.256584897375871,0.123012075616723
5.06666666666667,117.185200450882,125,5.41025813664355,25.8767329543887,1.95491526890947,2.55202129194783,3.57876316058786,25.7881107982253,0.263713415240916,0.123280263535379
5.08333333333333,117.017996585439,124,4.41025813664355,25.9989569583206,1.95533712519399,2.55231659134699,3.59676913402206,26.0332546273278,0.262214002892165,0.123139976353977
5.1,116.845973586763,124,4.41025813664355,26.0067283947,1.94574224414136,2.54560017461015,3.61456394350695,26.2300661838286,0.254295483634741,0.122682667571542
5.11666666666667,116.66910055671,123,3.41025813664355,26.0013598636694,1.92128101948289,2.52847731734922,3.63199958442201,26.3482326066859,0.237045137548932,0.121745485860009
5.13333333333333,116.487351935727,122,2.41025813664355,25.8895308010954,1.88794529040548,2.50514230699504,3.64893979965364,26.4055717401572,0.214514067965106,0.120511407381663
5.15,116.300707289087,122,2.41025813664355,25.6771422157876,1.84245546959499,2.47329943242769,3.66526017099894,26.3805024502823,0.184758506463563,0.118869210864702
5.16666666666667,116.109151126436,121,1.41025813664355,25.463389390651,1.78389674886928,2.43230832791969,3.68081290475785,26.26045333534,0.147388001948607,0.116781722421365
5.18333333333333,115.912672886686,121,1.41025813664355,25.1529991250543,1.72040351129539,2.38786306161797,3.69549690247982,26.075343678918,0.107771691591371,0.114502546509937
5.2,115.711266992968,120,0.410258136643549,24.8441749149106,1.64960509748727,2.33830417195229,3.70924032940066,25.8113386011717,0.0644656681265914,0.111952776141754
5.21666666666667,115.504932849182,120,0.410258136643549,24.4410601821773,1.5782804185808,2.28837689671776,3.72200161165365,25.4963773946405,0.0218764231752915,0.109346441719689
5.23333333333333,115.293674894657,119,-0.589741863356451,24.0415736506491,1.50288784347313,2.23560209414239,3.73375370125595,25.1144301807531,-0.0222606245036329,0.10657001713472
5.25,115.077502731836,119,-0.589741863356451,23.5497801789372,1.42925073568383,2.18405611868988,3.74448742493758,24.6913335090957,-0.0642016603187918,0.103809006462288
5.26666666666667,114.856431279997,118,-1.58974186335645,23.0636524927958,1.35308478289167,2.13073995173537,3.75419825519997,24.2092137161209,-0.106721619668284,0.10092752797288
5.28333333333333,114.63048092646,118,-1.58974186335645,22.4873861330229,1.27966198128255,2.07934399060898,3.76289201748239,23.6923927704404,-0.146452325512851,0.0980943624441381
5.3,114.399677659172,118,-1.58974186335645,21.9191208155196,1.20430753362095,2.02659587724586,3.77057371215474,23.1218198639897,-0.186432434879549,0.0951616955436109
5.31666666666667,114.16405317196,117,-2.58974186335645,21.3571792549402,1.1320311732814,1.97600242500818,3.77725490249967,22.5209491177491,-0.223469210056642,0.092290229756155
5.33333333333333,113.923644938353,117,-2.58974186335645,20.7061124492049,1.07261529319275,1.93441130894612,3.7815644302615,21.9075934187212,-0.24828341001273,0.0895704362144791
5.35,113.67849625279,117,-2.58974186335645,20.0647536122354,1.01802847861808,1.71804555498569,3.78376296919897,21.2647294423927,-0.266683587518103,0.0867815506579019
5.36666666666667,113.428656250673,116,-3.58974186335645,19.426250185711,0.96513225733602,1.69027503881261,3.78511263897618,20.6087241975127,-0.28344025222991,0.084020685237993
5.38333333333333,113.174180157939,116,-3.58974186335645,18.691051660507,0.913958990816459,1.66340907388984,3.78588320866055,19.9459201276,-0.29909221864283,0.0813288977120944
5.4,112.915129927707,116,-3.58974186335645,17.9605312295552,0.857152270061371,1.63358554549342,3.78605879415357,19.2427558496664,-0.318350326677364,0.0784712138501069
5.41666666666667,112.65157456086,115,-4.58974186335645,17.235818273209,0.798581364308208,1.60283581997301,3.78561191257761,18.5136471334309,-0.338678944171814,0.0755695919013316
5.43333333333333,112.383590059005,115,-4.58974186335645,16.4238046381693,0.740898092849019,1.57255210245693,3.78454341497305,17.7699195454044,-0.358361462341691,0.0727079632212165
5.45,112.111259122314,115,-4.58974186335645,15.6249971516727,0.678169938342926,1.53961982134123,3.78283692013175,16.9842442526759,-0.381192076422109,0.0696966925603357
5.46666666666667,111.834670802279,114,-5.58974186335645,14.8397067530188,0.615063321698859,1.5064888476031,3.78047402513981,16.1752732360312,-0.404133761211773,0.0666833680804912
5.48333333333333,111.553920118162,114,-5.58974186335645,13.9740939550297,0.554589121851447,1.47473989268321,3.77746960729767,15.3570272926799,-0.425256508444792,0.0637637284640758
5.5,111.269107573879,113,-6.58974186335645,13.1280364820162,0.490883712889787,1.44129455297834,3.7738230983532,14.5037284091725,-0.448329936062452,0.0607507513628645
5.51666666666667,110.980338725535,113,-6.58974186335645,12.2073666455784,0.428503799401986,1.40854509839724,3.76953166506775,13.6347636337047,-0.47040693158561,0.0577889431505903
5.53333333333333,110.687723774893,113,-6.58974186335645,11.3115659821736,0.362613681954332,1.37395278673722,3.76458818150302,12.728341893208,-0.494587357232599,0.0547238479175802
5.55,110.391377104317,112,-7.58974186335645,10.4400102688056,0.298405447149115,1.34024346346448,3.75899044592795,11.8066862613176,-0.517515976688731,0.0517202254200778
5.56666666666667,110.091416889163,112,-7.58974186335645,9.49803925885565,0.239032024329986,1.30907241648444,3.75277233913631,10.8859132575372,-0.537194785012559,0.0488788421365803
5.58333333333333,109.787964753462,111,-8.58974186335645,8.58482802758012,0.178530996668484,1.1835806037112,3.74595239338893,9.9412769105505,-0.557480349403378,0.0460100358386724
5.6,109.481145380688,111,-8.58974186335645,7.60235705329539,0.127272591986047,1.1835806037112,3.73730433270866,8.99549463071093,-0.569043475489308,0.0432477513600211
5.61666666666667,109.171086273724,110,-9.58974186335645,6.64778928259203,0.0708278166836433,1.1835806037112,3.72858941662358,8.02521046220971,-0.584987747922239,0.0404077691165727
5.63333333333333,108.857917676679,110,-9.58974186335645,5.6288420146475,0.0136335128791942,1.1835806037112,3.71981206755751,7.04700233028946,-0.60243511314417,0.0376323186883211
5.65,108.541772341624,109,-10.5897418633565,4.64666029998436,-0.0488975052089813,1.1835806037112,3.7109765824079,6.03803420866372,-0.624325374978011,0.0347769106417268
5.66666666666667,108.222785113805,108,-11.5897418633565,3.60813203961759,-0.111070405377334,1.1835806037112,3.7020871354488,5.02063593041124,-0.646964833029794,0.0320231167245216
5.68333333333333,107.901092430759,108,-11.5897418633565,2.5196721394097,-0.176753510570792,1.1835806037112,3.69314778117276,3.97586612435357,-0.672817459401655,0.0292475412606037
5.7,107.57683179401,107,-12.5897418633565,1.48119436065713,-0.247735164423317,1.1835806037112,3.68416245707293,2.89249290007208,-0.703029687077965,0.0263961306431457
5.71666666666667,107.250141247635,107,-12.5897418633565,0.398424274021701,-0.316567459013501,1.1835806037112,3.67513498636644,1.80099574654858,-0.732769460882711,0.0237050121236642
5.73333333333333,106.921158883594,106,-13.5897418633565,-0.629366877816116,-0.386128944678785,1.1835806037112,3.66606908066034,0.687942067703938,-0.763843853003151,0.0210795481577152
5.75,106.590022384992,105,-14.5897418633565,-1.69705068555307,-0.449947067890681,1.1835806037112,3.65696834256124,-0.418336399635419,-0.792018451945697,0.0187202731456147
5.76666666666667,106.256868613008,105,-14.5897418633565,-2.79986119465078,-0.511759078720886,1.1835806037112,3.64783626822968,-1.53331751576491,-0.819632265539199,0.0165018373219409
5.78333333333333,105.921833239698,104,-15.5897418633565,-3.83942696441138,-0.573653592537978,1.1835806037112,3.63867624988043,-2.66663253781284,-0.847988242009835,0.0143547861845907
5.8,105.585050426682,103,-16.5897418633565,-4.91146212374901,-0.628753246443466,1.1835806037112,3.62949157822975,-3.78753899867408,-0.872591205644591,0.01249191349644
5.81666666666667,105.246652548235,102,-17.5897418633565,-6.01198807551796,-0.680658742736378,1.1835806037112,3.6202854448907,-4.91013892099474,-0.895690381673717,0.0107913114637731
5.83333333333333,104.906769956439,102,-17.5897418633565,-7.1373191717118,-0.731502005334347,1.1835806037112,3.61106094471752,-6.04344464019278,-0.91861487522376,0.00918122410540941
5.85,104.56553078551,101,-18.5897418633565,-8.19009748841568,-0.782379230372834,1.1835806037112,3.60182107810013,-7.19268801545385,-0.942041104656193,0.00762475902627151
5.86666666666667,104.223060792057,100,-19.5897418633565,-9.26698615898017,-0.792408318751212,1.1835806037112,3.58572539464642,-8.30810026831099,-0.924908699300325,0.00633628609426843
5.88333333333333,103.879483228444,99,-20.5897418633565,-10.3648934258621,-0.800896993598526,0.382683610112672,3.56960627004987,-9.39576534781924,-0.907373048695937,0.00512495862190207
5.9,103.534918790954,99,-20.5897418633565,-11.5088054651783,-0.792146925921133,1.1835806037112,3.54938859551568,-10.4621612269846,-0.870594351053396,0.00384513334053316
5.91666666666667,103.189486608677,98,-21.5897418633565,-12.5987773119242,-0.804233562374484,0.379347041336714,3.53164720843559,-11.5353818479985,-0.853341179016578,0.00232286419409105
5.93333333333333,102.843306188449,97,-22.5897418633565,-13.7295621421094,-0.801071887788976,0.382508715922222,3.51008993977489,-12.5929245132008,-0.818815508948605,0.000722371255650842
5.95,102.496497857139,97,-22.5897418633565,-14.9236469826331,-0.800742208332163,0.382838395379035,3.48735157619648,-13.6514565048722,-0.784452128325106,-0.0011158700515256
5.96666666666667,102.149184533485,96,-23.5897418633565,-16.0790197637864,-0.81397998378845,0.369600619922748,3.46451871285876,-14.7351825476798,-0.75962184210778,-0.00335345258162537
5.98333333333333,101.80149338171,96,-23.5897418633565,-17.28859913942,-0.834672046890729,0.348908556820469,3.44142442318365,-15.8269305065818,-0.740085732955645,-0.00581142089298918
6,101.453556584694,95,-24.5897418633565,-18.452584624162,-0.865933728982275,0.317646874728923,3.4179205556712,-16.9484094636933,-0.727589857682066,-0.00860251020328643
6.01666666666667,101.105785484664,95,-24.5897418633565,-19.6659548427556,-0.901695092601252,0.281885511109946,3.39389046052394,-18.0761633936234,-0.717552122437151,-0.0115215172223157
6.03333333333333,100.761216640787,95,-24.5897418633565,-20.8305623638754,-0.944375121305499,0.239205482405698,3.36924147382542,-19.2285425831797,-0.711837082710573,-0.0146770830304415
6.05,100.423718993276,94,-25.5897418633565,-21.9486939265845,-0.987653371301974,0.195927232409224,3.34392009595075,-20.3807651481714,-0.706284031290744,-0.0178727227483724
6.06666666666667,100.094480285061,94,-25.5897418633565,-23.1168276108918,-1.02931448213908,0.183580603711198,3.31825859196658,-21.5157325420569,-0.700166204410254,-0.0209875376045359
6.08333333333333,99.7766695139849,94,-25.5897418633565,-24.236572813521,-1.07672496090266,0.183580603711198,3.29263816809044,-22.6598315455571,-0.699030348161616,-0.0241955990554815
6.1,99.475370240593,94,-25.5897418633565,-25.3081043237379,-1.1250795139532,0.0591790301855599,3.26707694146176,-23.795061714453,-0.699789032475432,-0.027340474473587
6.11666666666667,99.1961658379235,94,-25.5897418633565,-26.3357144025295,-1.16086446993296,0.0591790301855599,3.23950642658419,-24.9030362106152,-0.689239625317775,-0.0303227531411523
6.13333333333333,98.9448082280733,94,-25.5897418633565,-27.3234154927846,-1.19304501477935,0.0591790301855599,3.21200504531282,-25.9730352636139,-0.677609896562007,-0.0331097387906558
6.15,98.7276070441573,94,-25.5897418633565,-28.2706834795259,-1.22131828433624,0.0591790301855599,3.1845777690974,-27.0033701512119,-0.664633328987432,-0.0356980209603012
6.16666666666667,98.5537002669113,94,-25.5897418633565,-29.1772508182943,-1.24548418758499,0.0591790301855599,3.15722939056058,-27.9925847816602,-0.650110581957266,-0.0380875879367552
6.18333333333333,98.4432791482912,94,-25.5897418633565,-30.0430798996144,-1.26544823632712,0.0591790301855599,3.12996452798092,-28.9395199813163,-0.633912208835675,-0.0402817930818696
6.2,98.4429250088478,94,-25.5897418633565,-30.8683381812984,-1.28121668784521,0.0591790301855599,3.10278762967761,-29.8433450473769,-0.615976355177891,-0.04228708131875
6.21666666666667,98.6198100698235,94,-25.5897418633565,-31.6533750186468,-1.29288682133176,0.183580603711198,3.07570297829904,-30.7035656945869,-0.596303207390228,-0.0441125725032465
6.23333333333333,99.0208409081661,94,-25.5897418633565,-32.3943750577499,-1.31075270731154,0.183580603711198,3.05078796350865,-31.5247890743393,-0.585909114191933,-0.0457642010837867
6.25,99.6581800492913,94,-25.5897418633565,-33.088184714396,-1.3238047801308,0.183580603711198,3.02597274010811,-32.3076418315431,-0.573120512845925,-0.0472213368316534
6.26666666666667,100.524448858849,94,-25.5897418633565,-33.7365230602892,-1.33121219603356,0.183580603711198,3.00126059405668,-33.0467434361839,-0.557337849463306,-0.0484645273181747
6.28333333333333,101.602201428698,95,-24.5897418633565,-34.3411461791858,-1.33273726719126,0.183580603711198,2.97665467897417,-33.738950672772,-0.538342828110207,-0.0494936025268571
6.3,102.871494279418,95,-24.5897418633565,-34.8098829831318,-1.32855742517555,0.183580603711198,2.95215801956137,-34.3828266925086,-0.516187897063619,-0.0503214290278405
6.31666666666667,104.311681376001,96,-23.5897418633565,-35.2443307309131,-1.31131115285484,0.183580603711198,2.92777351494427,-34.9421641606178,-0.486039407098687,-0.0507252308337513
6.33333333333333,105.901747326073,96,-23.5897418633565,-35.5521307858203,-1.28506141877169,0.183580603711198,2.90350394194402,-35.4296802594789,-0.450420489376961,-0.0508468736288034
6.35,107.620463983433,97,-22.5897418633565,-35.8346677169512,-1.24517369753165,0.183580603711198,2.87935195827389,-35.8198470305528,-0.406250584052891,-0.0505518276432257
6.36666666666667,109.446413705829,98,-21.5897418633565,-35.9993488455159,-1.19755322289354,0.183580603711198,2.85532010566488,-36.1333191736795,-0.357254780450068,-0.0500394271825902
6.38333333333333,111.357924920651,99,-20.5897418633565,-36.0533553393055,-1.13873982600615,0.183580603711198,2.83141081292134,-36.3503550227934,-0.301135622323304,-0.0492096838312749
6.4,113.332977478332,100,-19.5897418633565,-36.0036318998926,-1.06749941893235,0.183580603711198,2.80762639890815,-36.4596665721174,-0.237016111315885,-0.0480357734166053
6.41666666666667,115.34915349375,101,-18.5897418633565,-35.8568782679806,-0.984243256030913,0.199337347680285,2.78399403188605,-36.45625920423,-0.165135442607336,-0.0465394537515501
6.43333333333333,117.383727207257,102,-17.5897418633565,-35.6189950487166,-0.895042315373994,0.288538288337204,2.76149495831622,-36.341643135395,-0.0914387220291925,-0.0447707636461347
6.45,119.41397901169,104,-15.5897418633565,-35.2925918935554,-0.803865133994492,0.379715469716706,2.74064453253611,-36.1236049604636,-0.019490249324112,-0.04278231868593
6.46666666666667,121.417790769828,105,-14.5897418633565,-34.7838741820628,-0.711802653244312,0.471777950466886,2.72146678838345,-35.809223143677,0.0500534373364923,-0.0406103949052742
6.48333333333333,123.374542919268,107,-12.5897418633565,-34.1931225471237,-0.611836366596177,0.571744237115021,2.70404057893568,-35.3674874625441,0.121669223517405,-0.0380283914747994
6.5,125.266106996439,109,-10.5897418633565,-33.4267353518805,-0.507901563119615,0.675679040591583,2.68846263274547,-34.8142025230898,0.192748205221092,-0.0351567766275182
6.51666666666667,127.077661451061,110,-9.58974186335645,-32.4908688445666,-0.394931988563134,0.788648615148064,2.67484483263028,-34.125308473081,0.266457866144207,-0.0318283260378593
6.53333333333333,128.798234715107,112,-7.58974186335645,-31.4853448971297,-0.270621292321954,0.912959311389244,2.66335851445591,-33.2858934937985,0.344092529247372,-0.0279585970515693
6.55,130.420883963525,114,-5.58974186335645,-30.3156910922115,-0.141950082418725,1.04163052129247,2.65412886006244,-32.3239523160609,0.421043408475067,-0.0237628844593936
6.56666666666667,131.942510387638,116,-3.58974186335645,-28.9870986788035,-0.00563665496224373,1.17794394874895,2.64725647639294,-31.2241422224253,0.499356375549445,-0.0191321492955441
6.58333333333333,133.363392515949,118,-1.58974186335645,-27.504561063821,0.139737207333616,1.32331781104481,2.64287956192533,-29.9774183202455,0.579816604201861,-0.0140134636617207
6.6,134.686581792299,120,0.410258136643549,-25.8727080933313,0.294381423442919,1.47796202715412,2.6411485511014,-28.5795095257664,0.662413826992587,-0.00839142517063937
6.61666666666667,135.917257391575,122,2.41025813664355,-24.0957665486382,0.457794431954079,1.64137503566528,2.64221032156737,-27.0295592395372,0.746688709333752,-0.00227373250098532
6.63333333333333,137.062004418831,124,4.41025813664355,-22.1775934000086,0.629117336067081,1.1835806037112,2.64619945028481,-25.3290067708375,0.831975040373961,0.00431933981896109
6.65,138.128225808422,125,5.41025813664355,-20.1436167512287,0.836226954707976,2.01980755841917,2.64726372896984,-23.4601291971872,0.948883140026823,0.0113348650068864
6.66666666666667,139.123673982299,127,7.41025813664355,-18.0874812988337,1.01376023616895,2.19734083988015,2.65787363401704,-21.4601136817084,1.02861733137562,0.018647976779349
6.68333333333333,140.056090010635,129,9.41025813664355,-15.8878938195892,1.18568975201846,2.36927035572966,2.67150811086117,-19.3785119993054,1.10086546435882,0.0259990854794967
6.7,140.932938870719,130,10.4102581366435,-13.5495313860083,1.35766058102632,2.54124118473752,2.6881168959176,-17.197411756096,1.16944887528667,0.0335591062402981
6.71666666666667,141.761228047496,132,12.4102581366435,-11.171389648914,1.53310183916713,2.71668244287832,2.70772382292847,-14.9046290213263,1.23663432666929,0.0414350860321792
6.73333333333333,142.547394561766,133,13.4102581366435,-8.65869683073787,1.70633887912845,2.88991948283965,2.7303271054709,-12.5287826629731,1.29886293109498,0.0494422383012799
6.75,143.29724496011,134,14.4102581366435,-6.1106830608941,1.88192311556476,3.06550371927596,2.75592202580648,-10.0539983108802,1.35916588235909,0.0577210774804021
6.76666666666667,144.015934764776,135,15.4102581366435,-3.52683158768978,2.05490612786427,3.23848673157547,2.78449352929996,-7.50612317131342,1.41446742114017,0.0661090507152601
6.78333333333333,144.707976071349,136,16.4102581366435,-0.906868133142583,2.22278445865834,3.40636506236953,2.8159652324576,-4.90325917947271,1.46336373042502,0.0745162564099922
6.8,145.377264345219,137,17.4102581366435,1.7490062404592,2.38468114081382,3.56826174452501,2.85023307868668,-2.2575441244681,1.50553789272291,0.0829024236912969
6.81666666666667,146.027117407457,138,18.4102581366435,4.44005096730876,2.54071353089597,3.72429413460717,2.88718694554198,0.423213154713688,1.54131620493191,0.0912587094835722
6.83333333333333,146.66032149707,139,19.4102581366435,7.16502220837813,2.69153428418619,3.87511488789739,2.92672320832797,3.13416017194965,1.5713518534212,0.0995941797491978
6.85,147.279180595839,139,19.4102581366435,9.9222605668812,2.83801894524374,4.02159954895494,2.96875092436412,5.87232596095613,1.59641405693867,0.107926380160414
6.86666666666667,147.885566186822,140,20.4102581366435,12.6158460444489,2.98106920255489,4.16464980626609,3.01319381786508,8.63583026783428,1.61725886163759,0.11627521297099
6.88333333333333,148.480965576986,140,20.4102581366435,15.343409969653,3.11401881001198,4.29759941372317,3.05992181416566,11.3873979096218,1.62984922058107,0.124415314132214
6.9,149.066527807002,141,21.4102581366435,18.0082533414833,3.24140238188175,4.42498298559294,3.10879444338595,14.138290277459,1.63737420366867,0.132477176701836
6.91666666666667,149.643106295711,141,21.4102581366435,20.707035573771,3.35881102772448,4.54239163143567,3.15966602346455,16.8609025576514,1.63726156375558,0.140306563453629
6.93333333333333,150.211297839793,141,21.4102581366435,23.3421225982658,3.47202695341373,4.65560755712493,3.21240928619032,19.5732108688835,1.63346726723068,0.148075462709102
6.95,150.771477925048,142,22.4102581366435,25.9154460526562,3.57719328807128,4.76077389178247,3.2669064514203,22.2519821142732,1.62371488075242,0.155650222719621
6.96666666666667,151.323832304226,142,22.4102581366435,28.5225586298773,3.6727163929074,4.8562969966186,3.32299552046444,24.8818794616608,1.6072525431408,0.162965640207622
6.98333333333333,151.86838510012,143,23.4102581366435,31.0647666271054,3.76592676075572,4.94950736446692,3.38056877375551,27.4894167917543,1.58898158707473,0.170245525945045
7,152.405023661209,143,23.4102581366435,33.6370917735091,3.85364481336529,5.03722541707648,3.43954615755828,30.0569463724424,1.56698160425503,0.177381840234167
7.01666666666667,152.933520374109,144,24.4102581366435,36.1407278085202,3.9418816322772,5.1254622359884,3.49987772567037,32.6084600744911,1.54520077859016,0.18456177177317
7.03333333333333,153.453551678553,144,24.4102581366435,38.6708566333634,4.1133390938236,4.06291796938772,3.54375314740074,35.1615314404351,1.61508902209087,0.19160960168474
7.05,153.964714625703,145,25.4102581366435,41.0891121691775,4.28548235846373,4.18341825463581,3.58776268306541,37.7676119043655,1.68714107839916,0.198489363346455
7.06666666666667,154.466543019918,146,26.4102581366435,43.457199788781,4.43666349372374,4.28924504931781,3.63351919168263,40.3576885301182,1.7438293326523,0.204782196449805
7.08333333333333,154.958524843793,146,26.4102581366435,45.7815920046919,4.56527429525702,4.37927261039111,3.680758665984,42.9067154582233,1.78452840151945,0.210420578163108
7.1,155.440116704495,147,27.4102581366435,47.9732641227392,4.67229959753752,4.45419032198746,3.72921452010674,45.4012292387327,1.81027772974062,0.215419695038561
7.11666666666667,155.910754549077,148,28.4102581366435,50.1355303963448,4.75255157302209,4.51036670482666,3.77859266411022,47.7996454750752,1.81816947725428,0.219597077816422
7.13333333333333,156.369861832657,148,28.4102581366435,52.2703160988883,4.81275600265121,4.55250980556705,3.82861351295649,50.1135971295172,1.81294130984076,0.223150545565128
7.15,156.816855975549,149,29.4102581366435,54.2843856764705,4.85850162893215,4.5845317439637,3.87906936655493,52.354689975182,1.79848654121485,0.226246171692457
7.16666666666667,157.251153533857,150,30.4102581366435,56.2774765405096,4.88662641842309,4.60421909660736,3.92976295005907,54.4974193501993,1.77303877846533,0.228772401988966
7.18333333333333,157.672174328599,150,30.4102581366435,58.2486803038198,4.90420883163364,4.61652678585474,3.98052484580472,56.5628598192126,1.74138402566948,0.230945351706265
7.2,158.079344804181,151,31.4102581366435,60.1026614930123,4.91619491144955,4.62491704172588,4.03125548381551,58.5673957558023,1.70682976653693,0.232917447505418
7.21666666666667,158.472100915955,152,32.4102581366435,61.937714638145,4.91826777264246,4.62636804456092,4.08185502206803,60.4872107384841,1.66671311479007,0.234546434700146
7.23333333333333,158.849890627,152,32.4102581366435,63.7520373947504,4.91616475878972,4.62489593486401,4.13223680084637,62.3431702434102,1.62482809057468,0.236010834176445
7.25,159.21217595321,153,33.4102581366435,65.4498332998701,4.91350927577984,4.62303709675708,4.18236842026618,64.1504146043052,1.58352733577661,0.237425068496558
7.26666666666667,159.558434597876,153,33.4102581366435,67.1292593506212,4.90479611074195,4.61693788123056,4.23220255354456,65.8834394568219,1.53930296264607,0.238612229770151
7.28333333333333,159.888161467337,154,34.4102581366435,68.6946521790647,4.89476240709232,4.60991428867582,4.28169230607563,67.5613578364994,1.49524523658703,0.239721377690858
7.3,160.200869965554,154,34.4102581366435,70.244210889466,4.87865152018984,4.59863666784408,4.33078662982188,69.1617422836634,1.44833278578849,0.240599253132477
7.31666666666667,160.496093018446,155,35.4102581366435,71.6822780813974,4.86166771465359,4.58674800396871,4.37944192436166,70.7059995425631,1.40195095349193,0.241410012570877
7.33333333333333,160.7733838751,155,35.4102581366435,73.1070560599599,4.83931463292793,4.57110084676075,4.42761461718151,72.1733496287592,1.3532343559939,0.242009145764164
7.35,161.032316728794,156,36.4102581366435,74.4229057716485,4.81691233824471,4.5554192404825,4.47527072829376,73.5863385972084,1.30562844187468,0.242565073030524
7.36666666666667,161.272487266085,156,36.4102581366435,75.7280703843251,4.8350419663999,3.35934948859115,4.5132430143201,74.9345063320197,1.30496861907806,0.242930927759549
7.38333333333333,161.493513314323,156,36.4102581366435,76.8860464892464,4.90041222140827,3.38876610334492,4.54051774825746,76.3015980045277,1.35714883161847,0.243138298182156
7.4,161.695037250352,157,37.4102581366435,77.8668749886206,4.94481841309949,3.40874888960597,4.56794633737567,77.6291995772324,1.39458018912379,0.242730686449734
7.41666666666667,161.876731606697,157,37.4102581366435,78.7806810421601,4.95772525774677,3.41455696969725,4.59532895142375,78.8528811645003,1.41071276437183,0.241371222238152
7.43333333333333,162.038303252083,157,37.4102581366435,79.5420476001865,4.94313184727817,3.40798993498638,4.62244517078401,79.9699059846222,1.40838086971682,0.239185424196509
7.45,162.179495189552,158,38.4102581366435,80.1638004528325,4.89816690059663,3.38775570897968,4.64907696234903,80.9481038026667,1.38598697689285,0.236080167634534
7.46666666666667,162.300086948686,158,38.4102581366435,80.7511056023584,4.8237026558869,3.3542467988603,4.67499991087249,81.7712799041825,1.34434994039649,0.232081393054442
7.48333333333333,162.399894132353,158,38.4102581366435,81.2138515741208,4.73047591859181,3.31229476707751,4.70003629520319,82.4703933415449,1.29059384359938,0.227529020818053
7.5,162.478767534122,158,38.4102581366435,81.5607114750909,4.61902843027367,3.26214339733435,4.72404827547039,83.0356609150935,1.22523018674214,0.22243865693695
7.51666666666667,162.536592182094,159,39.4102581366435,81.7994084444703,4.49138495569038,3.20470383377187,4.74690833434239,83.4647774684135,1.14971374613404,0.216873116638011
7.53333333333333,162.573286397719,159,39.4102581366435,82.0307726452608,4.35032333295035,3.14122610353886,4.76850752986039,83.7604344177922,1.06596376760283,0.210919223737877
7.55,162.588800862503,159,39.4102581366435,82.1611673168636,4.20654103932688,3.0765240714083,4.78879021810388,83.9644507113122,0.980945765766931,0.204915948795245
7.56666666666667,162.583117693349,159,39.4102581366435,82.1965089077537,4.05937287592525,3.01029839787756,4.80773568553069,84.0722644919335,0.894266621358007,0.198840817663081
7.58333333333333,162.556249534682,159,39.4102581366435,82.1424428832469,3.90902527798728,2.94264197880547,4.82532200496416,84.0830169082514,0.806095623521187,0.192699113146535
7.6,162.508238749417,159,39.4102581366435,82.0043382930348,3.75622693761354,2.87388272563729,4.84153119080743,83.9984753802832,0.716933985492844,0.186512771167549
7.61666666666667,162.43915678073,159,39.4102581366435,81.7873060109945,3.60197710709949,2.80447030190597,4.85635211390823,83.822184559362,0.62744967379471,0.180312380395989
7.63333333333333,162.349103572261,159,39.4102581366435,81.4962286105451,3.44737203302203,2.73489801857111,4.86978183293063,83.5588186129227,0.538364251194357,0.174131664409348
7.65,162.238207064374,159,39.4102581366435,81.1357938333343,3.29349172993664,2.66565188218269,4.88182585917944,83.2137034060035,0.450379718354974,0.168003881226332
7.66666666666667,162.106622617552,159,39.4102581366435,80.7105266258151,3.14133174375359,2.59717988840032,4.89249774779999,82.7924765810661,0.36413504570152,0.161959652557006
7.68333333333333,161.954532416294,160,40.4102581366435,80.224816914501,2.9917672134928,2.52987584978296,4.9018183034382,82.3008556961123,0.280183912636119,0.156025819540678
7.7,161.782144970629,160,40.4102581366435,79.7768933123844,2.8455391210834,2.46407320819873,4.90981460326937,81.7444882023307,0.198986925395655,0.150225003720652
7.71666666666667,161.589694560659,160,40.4102581366435,79.2711325519513,2.71091903094014,2.40349416763426,4.91655001284523,81.1648621547961,0.125819176391474,0.144819579227086
7.73333333333333,161.377440672654,160,40.4102581366435,78.7119527955739,2.58475567814996,2.34672065887868,4.9221041887004,80.5551093331387,0.058578796126455,0.139708536548283
7.75,161.145667541178,160,40.4102581366435,78.1038670434032,2.46491128798592,2.29279068330486,4.92653727687836,79.9110186694666,-0.00416237498069032,0.134823106843419
7.76666666666667,160.894683638759,160,40.4102581366435,77.4513681173235,2.35002256405725,2.24109075753696,4.9298965683959,79.2305888132513,-0.0633198889998527,0.130119168176572
7.78333333333333,160.624821085532,161,41.4102581366435,76.758854143716,2.2392959491437,2.19126378082586,4.93222149468642,78.5135802753663,-0.119433923265983,0.125570739812205
7.8,160.336435030264,161,41.4102581366435,76.1245350602642,2.13233944423954,2.14313335361899,4.93354722940673,77.7611017700658,-0.172781463115785,0.121164637496213
7.81666666666667,160.029903035817,161,41.4102581366435,75.4527014106887,2.03669357607161,2.10009271294342,4.93393820464358,77.0112497414716,-0.218558668942421,0.117140195757908
7.83333333333333,159.705624489508,162,42.4102581366435,74.7475963917279,1.94876701710157,2.0605257614069,4.93347069900504,76.2546573066414,-0.259146574265805,0.113382605972817
7.85,159.364020051468,162,42.4102581366435,74.1074130392094,1.86618424068872,2.02336351202112,4.93219887602492,75.4852838572036,-0.296119494084704,0.109815723402045
7.86666666666667,159.005531149536,162,42.4102581366435,73.4364735545385,1.79514218515349,1.99139458703027,4.93019373266573,74.7357806464992,-0.32554550932546,0.106636252906415
7.88333333333333,158.630619523165,163,43.4102581366435,72.7390440581457,1.73119185913242,1.96261694032078,4.92752989043156,73.9927427772308,-0.350355881882716,0.103702194317215
7.9,158.239766745599,163,43.4102581366435,72.1132983152766,1.67145614081319,1.93573586707713,4.92425477506698,73.2472114069895,-0.372440471578315,0.100921523879265
7.91666666666667,157.833473662424,163,43.4102581366435,71.4634805785577,1.638489600127,1.73657084375406,4.91704343527763,72.5362828399317,-0.370049497359424,0.0984774588453386
7.93333333333333,157.412259872663,163,43.4102581366435,70.7875666455964,1.60733678047888,1.72605676712282,4.90987528932567,71.8506119537211,-0.367860363011932,0.0961870192013249
7.95,156.976663458858,163,43.4102581366435,70.0844905408838,1.57568951152713,1.71537581385161,4.90240167544636,71.1698505914805,-0.366542821215819,0.0939194966867846
7.96666666666667,156.527241225647,163,43.4102581366435,69.3599457518234,1.5409818999934,1.70366199495897,4.89461807918153,70.4810251625116,-0.367723760042734,0.0915928218326822
7.98333333333333,156.064568842518,163,43.4102581366435,68.619069651753,1.50222829210599,1.69058265229697,4.88651015669252,69.7770163803547,-0.372005574955861,0.0891756768878097
8,155.589240809569,163,43.4102581366435,67.8664372766114,1.4594664224688,1.67615052129442,4.8780609887522,69.0549214609543,-0.379329766312422,0.0866694134985639
8.01666666666667,155.101870236374,163,43.4102581366435,67.106088980841,1.41334526824808,1.66058463174493,4.86925562529266,68.3147508323343,-0.389245562625264,0.0840947171289419
8.03333333333333,154.603088501339,162,42.4102581366435,66.3415768181522,1.36483014400981,1.64421077731451,4.86008365426301,67.558420123705,-0.401101722157129,0.0814821042969968
8.05,154.093544966798,162,42.4102581366435,65.4820676259963,1.31500007407742,1.62739312871233,4.85054038138995,66.7889928988233,-0.414177965767876,0.0788654267127188
8.06666666666667,153.573906870847,161,41.4102581366435,64.6301057638454,1.25721394153225,1.60789030897833,4.84060372325959,65.9741158561983,-0.43271714645335,0.0760337255640659
8.08333333333333,153.044859248485,161,41.4102581366435,63.6938614330677,1.19602080218902,1.58723762444999,4.83024790520856,65.1297520722884,-0.453749292961752,0.0731322535364365
8.1,152.507104926845,160,40.4102581366435,62.7748487136248,1.12704153688951,1.56395712241141,4.81944573836433,64.2329204825788,-0.480056530073765,0.0700222144688811
8.11666666666667,151.961364700813,159,39.4102581366435,61.7802496197148,1.05618932172204,1.54004449979239,4.80817642806107,63.3061370695899,-0.507793507871268,0.0668919639882853
8.13333333333333,151.408377598536,158,38.4102581366435,60.7167233086572,0.979803568723311,1.51426430815532,4.79642353705366,62.3307829014297,-0.539286972142177,0.0636250003977129
8.15,150.84890125756,158,38.4102581366435,59.5904566407151,0.896367916541659,1.48610477554401,4.7841563913119,61.2960680017368,-0.575472599739404,0.0601737209167305
8.16666666666667,150.283712328455,157,37.4102581366435,58.5010761471963,0.805787186652211,1.45553377920632,4.7713400210047,60.1969619728006,-0.616367452021595,0.0565359153669477
8.18333333333333,149.713606925287,156,36.4102581366435,57.3539500589279,0.716546757961136,1.42541513452308,4.75796491488656,59.0685383001523,-0.656476955771315,0.0529811357598104
8.2,149.139401030473,155,35.4102581366435,56.1540785396107,0.626328453777743,1.39496645686119,4.74403676208469,57.9005452997364,-0.697278615103203,0.0494344481588824
8.21666666666667,148.561931321745,154,34.4102581366435,54.9061812966076,0.534109090726206,1.36384242183129,4.72955205147941,56.687395612153,-0.739409831045395,0.0458625935216902
8.23333333333333,147.982064290184,153,33.4102581366435,53.6146658298881,0.439729491768188,1.33198930718296,4.71450408866084,55.4269427607404,-0.782949556135291,0.0422599696112481
8.25,147.400694971934,153,33.4102581366435,52.2836259128151,0.343569655559441,1.29953536246251,4.69888689857758,54.1194891543989,-0.827630201001899,0.0386381024769671
8.26666666666667,146.818735443039,152,32.4102581366435,51.0108096712344,0.246311522853569,1.26671074267428,4.6826975568188,52.7670042274174,-0.872992086797028,0.0350179871341214
8.28333333333333,146.237113896691,151,31.4102581366435,49.6999387091888,0.156473696258593,1.23639047619847,4.66596074464528,51.4085386924418,-0.913545125036218,0.0316686604144659
8.3,145.65677383054,150,30.4102581366435,48.3545906589659,0.0713089857226243,1.20764738639258,4.64871512942752,50.0356581223833,-0.951068767330055,0.0285000780497602
8.31666666666667,145.078672300459,149,29.4102581366435,46.9782647458081,-0.0107693735911272,1.17281123012007,4.63096197447856,48.6431330652337,-0.986533478976208,0.0254558618984136
8.33333333333333,144.503776880747,148,28.4102581366435,45.5740743772882,-0.0876853056266415,1.09589529808456,4.61209901543702,47.22948725275,-1.01726738999499,0.0225025212839528
8.35,143.933061166411,148,28.4102581366435,44.1432577794518,-0.159420704921561,1.02415989878964,4.59199425767488,45.7965457381059,-1.04296732700496,0.0196149775377706
8.36666666666667,143.367498477953,147,27.4102581366435,42.7797279764604,-0.22707210432587,0.956508499385328,4.57073025300183,44.3453588082102,-1.06451744777921,0.0167673223842783
8.38333333333333,142.808053374649,146,26.4102581366435,41.3840991619404,-0.28424768200734,0.899332921703857,4.54843922484959,42.9118238745212,-1.07805346381534,0.0141760312168867
8.4,142.255670558287,145,25.4102581366435,39.9575817413678,-0.335767158071088,0.84781344564011,4.52525895923098,41.4830262177135,-1.08693648608459,0.0117009787871462
8.41666666666667,141.711260538943,144,24.4102581366435,38.5019650476325,-0.384961056282101,0.798619547429097,4.50125988500148,40.0488913347081,-1.09345084128574,0.00924329991000529
8.43333333333333,141.175681642917,144,24.4102581366435,37.0192631924295,-0.433966376104306,0.749614227606892,4.47646738187706,38.6021415810506,-1.09903434730983,0.00673805028349496
8.45,140.649718181998,143,23.4102581366435,35.6054428090684,-0.484022782330482,0.699557821380716,4.45087912751613,37.1379579803327,-1.10449968604943,0.0041463739688133
8.46666666666667,140.134054865013,142,22.4102581366435,34.1625891464677,-0.528253083393699,0.655327520317499,4.42454569410044,35.6894564433089,-1.10551609010749,0.00169227544758121
8.48333333333333,139.629247934974,141,21.4102581366435,32.6928692601078,-0.570699587837553,0.612881015873645,4.39753395652733,34.2429250782566,-1.10481195926965,-0.000746433984853773
8.5,139.135694060452,140,20.4102581366435,31.1986098474115,-0.613841535465183,0.569739068246015,4.36985711129662,32.7886469083128,-1.10401741463358,-0.00324699074462557
8.51666666666667,138.6535986643,140,20.4102581366435,29.6820425773912,-0.659019371095099,0.524561232616099,4.34149706970154,31.32027036848,-1.10397682526068,-0.00585313477271006
8.53333333333333,138.182946056003,139,19.4102581366435,28.2391226988769,-0.706795787063916,0.476784816647282,4.31242030637032,29.8340846301001,-1.10500879026327,-0.00858516618889398
8.55,137.723474310674,138,18.4102581366435,26.7717711812348,-0.749758649567276,0.433821954143922,4.2826562506871,28.3642625914533,-1.10239805028803,-0.0112041051751616
8.56666666666667,137.274658080475,138,18.4102581366435,25.2818973526443,-0.791553897910085,0.392026705801113,4.252258345981,26.8979755492091,-1.09859152420282,-0.0138208604612217
8.58333333333333,136.835702402546,137,17.4102581366435,23.8654719316422,-0.834385603205842,0.349195000505356,4.22123190222643,25.4261680085673,-1.09502574066486,-0.016504734847981
8.6,136.405550107224,136,16.4102581366435,22.4245955976509,-0.871934075848727,0.311646527862471,4.18962258720302,23.9788665472038,-1.08771107132224,-0.0190503089291052
8.61666666666667,135.982904077143,136,16.4102581366435,20.9614081809181,-0.908513370844105,0.275067232867093,4.15748557009402,22.5401981914957,-1.07952235383542,-0.0215898294261376
8.63333333333333,135.566263922858,135,15.4102581366435,19.5720940664926,-0.946687297182245,0.236893306528953,4.1248194475035,21.0989901317093,-1.07211164091103,-0.0242048502400517
8.65,135.153974888441,134,14.4102581366435,18.1589159644773,-0.980285802112819,0.203294801598379,4.09165902284623,19.6838794774559,-1.06156314598275,-0.0266958563906788
8.66666666666667,134.744285317255,134,14.4102581366435,16.7241113006887,-1.01453465663908,0.183580603711198,4.05822919017385,18.2778529217777,-1.05170593977132,-0.0291966769333863
8.68333333333333,134.335408622631,133,13.4102581366435,15.3643726203165,-1.05363862432974,0.183580603711198,4.02487719101791,16.8677059039639,-1.04599149420907,-0.0317849964041655
8.7,133.925584332253,132,12.4102581366435,13.9835964131902,-1.09110689594139,0.183580603711198,3.99164096695534,15.4803493456436,-1.04028376244163,-0.0342491957944522
8.71666666666667,133.513134600975,132,12.4102581366435,12.5860387621196,-1.13047240656662,0.183580603711198,3.95852549252938,14.0990126386189,-1.03682535816079,-0.0367031181616999
8.73333333333333,133.096512286652,131,11.4102581366435,11.2695262900371,-1.17354681016544,0.183580603711198,3.92553555116404,12.7131547232334,-1.0367718219318,-0.0392028100259365
8.75,132.674338656804,131,11.4102581366435,9.93777159956005,-1.21313814057841,0.183580603711198,3.89267574004376,11.3528717954154,-1.03545185255215,-0.041521335254958
8.76666666666667,132.245429874615,130,10.4102581366435,8.68810898455099,-1.25251944537759,0.183580603711198,3.85995047488522,10.0035902959025,-1.03492569329293,-0.0437665235224698
8.78333333333333,131.808812447109,130,10.4102581366435,7.42380719715731,-1.28568239974831,0.183580603711198,3.82736399460354,8.69198772712851,-1.03126081662818,-0.0457527377081967
8.8,131.363728642232,129,9.41025813664355,6.24180206684255,-1.31684899471799,0.183580603711198,3.79492036587502,7.40060571152434,-1.02711523424784,-0.0476203277179638
8.81666666666667,130.909633398354,129,9.41025813664355,5.0450062879555,-1.34076252971245,0.183580603711198,3.76262348759856,6.15369972762899,-1.01903492708654,-0.049208867995826
8.83333333333333,130.446184493966,128,8.41025813664355,3.93003917472725,-1.36223162297735,0.183580603711198,3.73047709525781,4.93178922428216,-1.01005605259911,-0.0506778734588444
8.85,129.973227770561,128,8.41025813664355,2.7995337017947,-1.37644904325847,0.183580603711198,3.69848476518619,3.75745183493285,-0.997018733252872,-0.0518811160442636
8.86666666666667,129.490779073072,127,7.41025813664355,1.74986362994497,-1.38855960246099,0.183580603711198,3.66664991873666,2.60982469504371,-0.983183369806358,-0.0529882592131536
8.88333333333333,128.99900435136,127,7.41025813664355,0.683448035315529,-1.39399939178351,0.183580603711198,3.63497582635827,1.51035591684463,-0.965556546125746,-0.0538599529890085
8.9,128.498199103865,126,6.41025813664355,-0.303523958716006,-1.39808103434059,0.183580603711198,3.60346561158141,0.437268594331814,-0.947517708438227,-0.054670125151816
8.91666666666667,127.988768077379,126,6.41025813664355,-1.30879092970747,-1.39634762630286,0.183580603711198,3.57212225491364,-0.588720194679174,-0.926153902304791,-0.0552816274635834
8.93333333333333,127.47120588897,125,5.41025813664355,-2.23629658661573,-1.394170387894,0.183580603711198,3.54094859764796,-1.58996355886567,-0.904893944973131,-0.0558689870093552
8.95,126.94607902045,125,5.41025813664355,-3.18388956716859,-1.3871130062435,0.183580603711198,3.50994734558531,-2.54619016577731,-0.880849490658826,-0.0562944343090364
8.96666666666667,126.414009457847,124,4.41025813664355,-4.05560280658796,-1.38053796604659,0.183580603711198,3.47912107267305,-3.48008943704991,-0.857454521603994,-0.0567309695287274
8.98333333333333,125.87566010809,124,4.41025813664355,-4.9493551648102,-1.36997809231321,0.183580603711198,3.44847222456132,-4.37163500391488,-0.831810860061084,-0.057038648302546
9,125.331722019469,123,3.41025813664355,-5.76923251943188,-1.36074881408738,0.183580603711198,3.41800312207874,-5.24368541014253,-0.807331355563298,-0.0573878570995872
9.01666666666667,124.782903356668,122,2.41025813664355,-6.61319101452971,-1.34832455986165,0.183580603711198,3.38771596462934,-6.07632082746165,-0.781088449529467,-0.0576357671345058
9.03333333333333,124.229920030061,122,2.41025813664355,-7.47929116368339,-1.33795495624061,0.183580603711198,3.35761283351224,-6.89245506220467,-0.756459865272859,-0.0579497432477366
9.05,123.673487847406,121,1.41025813664355,-8.27174408598081,-1.33286082849643,0.183580603711198,3.32769569516573,-7.70823397314125,-0.735550083008126,-0.0584278116887219
9.06666666666667,123.114316039472,121,1.41025813664355,-9.08861639727636,-1.32696893987425,0.183580603711198,3.29796640433736,-8.49857313339385,-0.714458377799913,-0.0588744048515025
9.08333333333333,122.553102005522,120,0.410258136643549,-9.83411388959398,-1.32440477999955,0.183580603711198,3.26842670718146,-9.28244621624415,-0.695849904625465,-0.059419233349334
9.1,121.990527126783,120,0.410258136643549,-10.6062872219369,-1.31977409421288,0.183580603711198,3.23907824428582,-10.036970764721,-0.676246879547555,-0.0598902573774784
9.11666666666667,121.427253503405,119,-0.589741863356451,-11.309316836608,-1.3177040519794,0.183580603711198,3.20992255362877,-10.7828191670855,-0.658628771453341,-0.060434353006768
9.13333333333333,120.863921481051,119,-0.589741863356451,-12.0412197985019,-1.31316371705373,0.183580603711198,3.18096107346829,-11.4984044624694,-0.639746976039117,-0.0608917210436211
9.15,120.301147845625,118,-1.58974186335645,-12.7061357754421,-1.31103645011644,0.183580603711198,3.15219514516453,-12.2053727833029,-0.622743907938625,-0.0614177004646344
9.16666666666667,119.739524577704,118,-1.58974186335645,-13.4020348609794,-1.30646533412665,0.183580603711198,3.12362601593709,-12.8828553600067,-0.604482825485861,-0.061858088628812
9.18333333333333,119.179617786403,117,-2.58974186335645,-14.0330044616449,-1.30444542776139,0.183580603711198,3.09525484155854,-13.5530146269947,-0.588179018545875,-0.0623716750748189
9.2,118.621960076818,116,-3.58974186335645,-14.6969579539441,-1.30018490233122,0.183580603711198,3.06708268898535,-14.195339614719,-0.570739245474414,-0.0628061278266852
9.21666666666667,118.067039873278,116,-3.58974186335645,-15.3918738248147,-1.29870965930711,0.183580603711198,3.03911053892772,-14.8322270327861,-0.555400519330811,-0.0633209690613644
9.23333333333333,117.515303784495,115,-4.58974186335645,-16.0218465898692,-1.30305057875959,0.183580603711198,3.01133928835954,-15.4793568646274,-0.54414639045816,-0.0640077129269425
9.25,116.967161207714,115,-4.58974186335645,-16.6847960272991,-1.30697166866838,0.183580603711198,2.98376975296969,-16.111213472879,-0.532971099806115,-0.0646653591599284
9.26666666666667,116.422988386183,114,-5.58974186335645,-17.2847548759088,-1.31445790374049,0.183580603711198,2.95640266955598,-16.7463622384491,-0.524447770910087,-0.0654190738660738
9.28333333333333,115.883131994703,114,-5.58974186335645,-17.9195782360206,-1.31999303964125,0.183580603711198,2.92923869836294,-17.3615272406294,-0.515017443033982,-0.0660930146668089
9.3,115.347912315859,113,-6.58974186335645,-18.4932319026708,-1.32809798688463,0.183580603711198,2.90227842536461,-17.9769968928754,-0.507587669001171,-0.0668308844918346
9.31666666666667,114.817626059844,113,-6.58974186335645,-19.103502343648,-1.33364916599975,0.183580603711198,2.87552236449358,-18.5708064477836,-0.498846002533609,-0.067470252960392
9.33333333333333,114.292548872844,112,-7.58974186335645,-19.6542855552705,-1.34144929102572,0.183580603711198,2.84897095981728,-19.1642286246902,-0.491878198945348,-0.0681643007605952
9.35,113.772937572401,112,-7.58974186335645,-20.2432975118201,-1.34657153292655,0.183580603711198,2.82262458766284,-19.736024857815,-0.483497358990818,-0.0687570842661124
9.36666666666667,113.259032142808,111,-8.58974186335645,-20.7743634447796,-1.35395076474443,0.183580603711198,2.79648355869138,-20.3079913763164,-0.476874583000967,-0.0694060235025766
9.38333333333333,112.751057519097,111,-8.58974186335645,-21.3451286709263,-1.35874386752825,0.183580603711198,2.77054811992306,-20.8592550523473,-0.468877974686949,-0.0699577496701127
9.4,112.249225184533,111,-8.58974186335645,-21.8593482084414,-1.36593363874457,0.183580603711198,2.74481845671369,-21.4118552357483,-0.462711060875641,-0.0705710471063559
9.41666666666667,111.753734603417,110,-9.58974186335645,-22.3206464150611,-1.37069896753239,0.183580603711198,2.71929469468418,-21.9450681618673,-0.455257874555323,-0.071093051749888
9.43333333333333,111.264774508506,110,-9.58974186335645,-22.8264653048918,-1.3702099301451,0.183580603711198,2.6939769016036,-22.4449594098723,-0.444655224704186,-0.0714385526535321
9.45,110.782524060244,109,-10.5897418633565,-23.280354960055,-1.3708877807534,0.183580603711198,2.6688650892271,-22.9388087833047,-0.435020712755241,-0.0718141388162764
9.46666666666667,110.307153893328,109,-10.5897418633565,-23.7796858457162,-1.36890965282552,0.183580603711198,2.64395921508938,-23.4097938409148,-0.423879476707739,-0.0720993093101597
9.48333333333333,109.838827064789,108,-11.5897418633565,-24.2279397496458,-1.36992657979915,0.183580603711198,2.6192591842549,-23.8828835421865,-0.414872183745593,-0.0724735496797514
9.5,109.377699916746,108,-11.5897418633565,-24.7224220795431,-1.36952338047486,0.183580603711198,2.59476485102564,-24.3394126539175,-0.405155012597902,-0.0727957592388388
9.51666666666667,108.923922866312,107,-12.5897418633565,-25.1665527708543,-1.37290030665381,0.183580603711198,2.5704760206074,-24.802886046146,-0.398085879875772,-0.0732299662273874
9.53333333333333,108.477641134765,107,-12.5897418633565,-25.6575785399997,-1.37530347732652,0.183580603711198,2.54639245073537,-25.2534800574352,-0.39060675770871,-0.0736236569203395
9.55,108.038995428106,106,-13.5897418633565,-26.0988637373062,-1.38168274103121,0.183580603711198,2.52251385326012,-25.7137871832827,-0.385915598044762,-0.0741326074033084
9.56666666666667,107.608122581546,106,-13.5897418633565,-26.5876025360055,-1.38710295491825,0.183580603711198,2.49883989569458,-26.1632688860491,-0.380837100865566,-0.0745985043846229
9.58333333333333,107.18515618144,105,-14.5897418633565,-27.0271097129294,-1.39638646892877,0.183580603711198,2.47537020272313,-26.6239608087863,-0.378485338518404,-0.075173211097927
9.6,106.770227179834,104,-15.5897418633565,-27.5145327584924,-1.40451210167751,0.183580603711198,2.4521043576733,-27.0748935611468,-0.375627058921014,-0.0756959378465918
9.61666666666667,106.363464519355,104,-15.5897418633565,-28.0470940606382,-1.41624781971784,0.183580603711198,2.4290419039513,-27.5377720130675,-0.375338338816857,-0.0763171512554609
9.63333333333333,105.964995790144,103,-16.5897418633565,-28.5281444866793,-1.43435838007534,0.183580603711198,2.40618234644172,-28.0274272495289,-0.379434005319754,-0.0771193731071794
9.65,105.574947946318,103,-16.5897418633565,-29.054874929156,-1.45234790283072,0.183580603711198,2.38352515287258,-28.5173965319205,-0.383741225625621,-0.0778931249123291
9.66666666666667,105.19344811824,102,-17.5897418633565,-29.5306059910921,-1.47395752245282,0.183580603711198,2.3610697551462,-29.02524482411,-0.39067425751254,-0.0787558994002552
9.68333333333333,104.820624570107,102,-17.5897418633565,-30.0524990749684,-1.49344948966533,0.183580603711198,2.33881555063681,-29.5266762594339,-0.396527824008426,-0.0795251556670364
9.7,104.456607872786,101,-18.5897418633565,-30.5238461291009,-1.51514917123721,0.183580603711198,2.31676190345552,-30.0409647857429,-0.404078363220844,-0.080338953468342
9.71666666666667,104.101532394076,101,-18.5897418633565,-31.0417807869551,-1.53376505196245,0.183580603711198,2.29490814568347,-30.5451547772358,-0.40989889724165,-0.0810302900857853
9.73333333333333,103.755538261191,100,-19.5897418633565,-31.50956815401,-1.55395972265833,0.183580603711198,2.2732535785737,-31.0595643761282,-0.416977675236334,-0.0817488142542317
9.75,103.418774039285,100,-19.5897418633565,-32.0243159785793,-1.57069322501299,0.183580603711198,2.25179747372269,-31.5620452734634,-0.422047080798415,-0.0823360291309914
9.76666666666667,103.091400527768,99,-20.5897418633565,-32.4892644620246,-1.58881277994559,0.183580603711198,2.23053907421187,-32.0735341090007,-0.428213573785051,-0.0829476986971709
9.78333333333333,102.773596372856,99,-20.5897418633565,-33.0014974455411,-1.60341112783355,0.183580603711198,2.20947759572017,-32.5723511975835,-0.432295663162721,-0.083429602320845
9.8,102.465566794105,99,-20.5897418633565,-33.4642322296785,-1.61942821145298,0.183580603711198,2.18861222760791,-33.0797834120624,-0.437461097525497,-0.0839403787098912
9.81666666666667,102.167558054066,98,-21.5897418633565,-33.8805792765374,-1.63201900740964,0.183580603711198,2.16794213397287,-33.5744082914626,-0.440570611782773,-0.0843276259427922
9.83333333333333,101.879883673086,98,-21.5897418633565,-34.3474904661331,-1.63834626317925,0.183580603711198,2.14746645467907,-34.0416452297795,-0.439748821392145,-0.0845071074147091
9.85,101.602978807383,98,-21.5897418633565,-34.7680493369566,-1.64483818920665,0.183580603711198,2.1271843063589,-34.5081784114525,-0.439110873588138,-0.0846868082158861
9.86666666666667,101.337545279034,97,-22.5897418633565,-35.1452316442642,-1.64769097260341,0.183580603711198,2.10709478338916,-34.9566379488152,-0.436187871871761,-0.0847479613683441
9.88333333333333,101.084864803195,97,-22.5897418633565,-35.5758543839173,-1.6447683083095,0.183580603711198,2.08719695884162,-35.3754387633313,-0.429562743039063,-0.0846281384146528
9.9,100.846749815315,97,-22.5897418633565,-35.962866717671,-1.64294337053638,0.183580603711198,2.06748988540869,-35.7934346625259,-0.423648344892943,-0.0845483525767759
9.91666666666667,100.625079848028,97,-22.5897418633565,-36.3091111390828,-1.63866747964569,0.183580603711198,2.04797259630467,-36.1947845834641,-0.416153439422627,-0.0843964598643906
9.93333333333333,100.421514358031,96,-23.5897418633565,-36.6173215453458,-1.62992123814306,0.183580603711198,2.02864410614324,-36.5689391814277,-0.405750330977867,-0.084112087557505
9.95,100.237374256057,96,-23.5897418633565,-36.9840730708124,-1.61578002322607,0.183580603711198,2.00950341179162,-36.9093602030471,-0.391806828359088,-0.0836712384254344
9.96666666666667,100.073615555219,96,-23.5897418633565,-37.3120742058069,-1.60389731190662,0.183580603711198,1.99054949320202,-37.2485620900872,-0.379250609661127,-0.083318507872845
9.98333333333333,99.9308498087366,96,-23.5897418633565,-37.6039290201416,-1.59118432119805,0.183580603711198,1.9717813142208,-37.5732885767874,-0.366103173425448,-0.0829544726618255
10,99.8093855501009,96,-23.5897418633565,-37.8621361662371,-1.57584773406339,0.183580603711198,1.95319782337592,-37.8747469406771,-0.35120074619704,-0.0825237068044983
10.0166666666667,99.7092765092232,96,-23.5897418633565,-38.089088038859,-1.55702227772363,0.183580603711198,1.93479795464309,-38.1475242225193,-0.333967715715335,-0.0820017564723676
10.0333333333333,99.6303691370228,97,-22.5897418633565,-38.2870705505975,-1.53448914514101,0.183580603711198,1.91658062819124,-38.3887324905704,-0.314242160313378,-0.081385250292659
10.05,99.572345856317,97,-22.5897418633565,-38.3643119691873,-1.50846236162672,0.183580603711198,1.89854475110757,-38.5973384409703,-0.292142745452297,-0.0806844774483533
10.0666666666667,99.5347626348986,97,-22.5897418633565,-38.4226906819406,-1.47161221828566,0.183580603711198,1.88068921810286,-38.7375888060741,-0.262897440969138,-0.0796739879333688
10.0833333333333,99.5170806503508,97,-22.5897418633565,-38.4639739363527,-1.42801457978384,0.183580603711198,1.86301291219738,-38.8226365189971,-0.229077236415091,-0.0784924393564618
10.1,99.5186924215161,98,-21.5897418633565,-38.4898207594551,-1.38083797185183,0.183580603711198,1.84551470538776,-38.8633780068389,-0.192701641827411,-0.0772452591546899
10.1166666666667,99.5389437716007,98,-21.5897418633565,-38.4078340770794,-1.33251056268478,0.183580603711198,1.82819345929551,-38.8688229100845,-0.155337661593054,-0.0760110110465903
10.1333333333333,99.5771522857241,98,-21.5897418633565,-38.3192713950256,-1.27704271507452,0.183580603711198,1.81104802579731,-38.8103529855163,-0.11311157769562,-0.0746027598461875
10.15,99.632620409583,99,-20.5897418633565,-38.225286116597,-1.21920996822171,0.183580603711198,1.79407724763772,-38.7060138531954,-0.0690862736520125,-0.0731762646815387
10.1666666666667,99.7046452075158,99,-20.5897418633565,-38.0329812354717,-1.16242141840684,0.183580603711198,1.77727995902458,-38.5698817161653,-0.0254786761179515,-0.0718390610054376
10.1833333333333,99.7925258999837,100,-19.5897418633565,-37.8431218629868,-1.10120977618067,0.183580603711198,1.76065498620755,-38.3768002650854,0.0212255351833164,-0.0704178088897751
10.2,99.8955696145194,101,-18.5897418633565,-37.5624266655386,-1.04054423174987,0.183580603711198,1.74420114804021,-38.1470524706806,0.0678144244799447,-0.0690710863705519
10.2166666666667,100.013095707473,101,-18.5897418633565,-37.1973298958788,-0.976408636509036,0.207171967202162,1.72800371152613,-37.860038953619,0.116680128032174,-0.0676580359344903
10.2333333333333,100.144438937729,102,-17.5897418633565,-36.8471124009075,-0.910590351766366,0.272990251944832,1.71288528768492,-37.5052837044675,0.164925181149632,-0.0661096135022187
10.25,100.288951757743,102,-17.5897418633565,-36.4148261298156,-0.85050397458397,0.333076629127228,1.69898779028891,-37.1155415496811,0.207495940710028,-0.0646385648973472
10.2666666666667,100.446005801716,103,-16.5897418633565,-35.9962873347748,-0.791832969314048,0.39174763439715,1.68625214895666,-36.6771526265145,0.247322945437835,-0.0631148652709772
10.2833333333333,100.614992559684,104,-15.5897418633565,-35.4939964470202,-0.739299783547953,0.444280820163245,1.67460946664338,-36.2161011648885,0.281524741075286,-0.0616967997480739
10.3,100.795323337974,105,-14.5897418633565,-34.9108564223989,-0.687466806621995,0.496113797089203,1.66400361397459,-35.7133259360792,0.313740296294437,-0.0602180326218525
10.3166666666667,100.986428862803,106,-13.5897418633565,-34.2500890764592,-0.633044396571718,0.55053620713948,1.65445004491135,-35.1553948020027,0.346103657743613,-0.0585742233175746
10.3333333333333,101.187758701983,106,-13.5897418633565,-33.5148822878489,-0.574305010546861,0.609275593164337,1.64600504829078,-34.5336210607176,0.379675087370748,-0.0567071864191335
10.35,101.398780564437,107,-12.5897418633565,-32.8021557872567,-0.510585673631076,0.672994930080122,1.63874402804496,-33.8430537722853,0.414799009139717,-0.054591017617289
10.3666666666667,101.618979523337,108,-11.5897418633565,-32.0147807837599,-0.449377592941696,0.734203010769502,1.63267926849106,-33.1174498241013,0.446671584497939,-0.0524648528206987
10.3833333333333,101.847857195757,109,-10.5897418633565,-31.1555987530327,-0.387213765262324,0.796366838448874,1.62779658270751,-32.3441549946375,0.477591678806108,-0.0502213668249632
10.4,102.084930838709,110,-9.58974186335645,-30.2275493056893,-0.32211369540714,0.861466908304058,1.62412628260025,-31.5146911666526,0.508825658777914,-0.0477966064163722
10.4166666666667,102.32973232521,111,-8.58974186335645,-29.2334564031779,-0.253146551482677,0.930434052228521,1.62172218273494,-30.6239836461207,0.540925270095857,-0.0451579939772624
10.4333333333333,102.581807181004,111,-8.58974186335645,-28.1759262682986,-0.180072895381064,1.00350770833013,1.6206472222611,-29.6695596885982,0.573983043205164,-0.0422942155201141
10.45,102.840713667634,112,-7.58974186335645,-27.1512692693631,-0.103069637279732,1.08051096643147,1.62096434605152,-28.6508197229535,0.607824789158356,-0.0392072728580781
10.4666666666667,103.106021825582,112,-7.58974186335645,-26.0618061639183,-0.0300145700113106,1.15356603369989,1.62266338862754,-27.6043688869606,0.637435801631189,-0.0361506194379383
10.4833333333333,103.377312561546,112,-7.58974186335645,-25.0038771176679,0.0424679966238537,1.22604860033505,1.62570390465855,-26.5192610691395,0.665099465906825,-0.0330221345745249
10.5,103.654176752573,113,-6.58974186335645,-23.9742222289362,0.108959385113573,1.29253998882477,1.63002209110775,-25.4238504316784,0.687468074840995,-0.0300014428484415
10.5166666666667,103.93621442746,113,-6.58974186335645,-22.8760738849544,0.166934744199661,1.1835806037112,1.63548931227144,-24.3369443118766,0.703160239547842,-0.0271815127908343
10.5333333333333,104.223033993752,113,-6.58974186335645,-21.8129079824732,0.239892472730634,1.1835806037112,1.6386094588087,-23.2266592732791,0.734794234586763,-0.0243615017414345
10.55,104.514251830201,112,-7.58974186335645,-20.7899206526869,0.310439139314466,1.1835806037112,1.64183389151717,-22.1079819627841,0.7657636166378,-0.0217095337196266
10.5666666666667,104.80949249148,112,-7.58974186335645,-19.9017321987858,0.374402681612037,1.1835806037112,1.64515842261875,-21.000153616514,0.793299673449711,-0.0193506912138261
10.5833333333333,105.108389093608,112,-7.58974186335645,-19.0489330804401,0.421318923693464,1.1835806037112,1.6485789724899,-19.9536053024888,0.810521337807074,-0.0176018076365545
10.6,105.410583674385,111,-8.58974186335645,-18.2318743678295,0.453132701257087,1.1835806037112,1.65209156725898,-18.9669002500758,0.818519941836544,-0.0163809118619588
10.6166666666667,105.715727520189,111,-8.58974186335645,-17.5446440530846,0.471678172691789,1.1835806037112,1.65569233645316,-18.0383810456304,0.818339966695739,-0.0156122439303194
10.6333333333333,106.023481455125,110,-9.58974186335645,-16.887382804602,0.470857772579613,1.1835806037112,1.6593775106937,-17.2022641459381,0.805903042276617,-0.0154701114575887
10.65,106.33351608894,109,-10.5897418633565,-16.3540191367152,0.455706990860205,1.1835806037112,1.66314341943872,-16.4446484149367,0.7843125012109,-0.0157749431611316
10.6666666666667,106.64551202144,109,-10.5897418633565,-15.9385323621364,0.422349583042075,1.1835806037112,1.66698648877257,-15.7904550815209,0.750939929526577,-0.0166315441715767
10.6833333333333,106.959160002493,108,-11.5897418633565,-15.5410247982846,0.369476531945229,1.1835806037112,1.67090323924083,-15.2548757907514,0.704799081660134,-0.0180606550464761
10.7,107.274161047998,107,-12.5897418633565,-15.255449935356,0.305368208230591,1.1835806037112,1.67489028373004,-14.8097352364013,0.651123410016936,-0.0197828379585455
10.7166666666667,107.590226513097,107,-12.5897418633565,-15.0758683655959,0.228222953866177,1.1835806037112,1.67894432539132,-14.4694236961723,0.588680216104582,-0.021843188479303
10.7333333333333,107.907078124674,106,-13.5897418633565,-14.9025134539313,0.13793087992112,1.1835806037112,1.68306215560702,-14.2415339824954,0.517325008227901,-0.0242322738674095
10.75,108.224447975631,105,-14.5897418633565,-14.8295134369449,0.0433275398336593,1.1835806037112,1.68724065199946,-14.0925730613142,0.442721353689619,-0.0266617453951207
10.7666666666667,108.542078483769,105,-14.5897418633565,-14.8511417287541,-0.0572968755473736,1.1835806037112,1.69147677648104,-14.0333738570165,0.363766624902326,-0.0291826541614471
10.7833333333333,108.85972231825,104,-15.5897418633565,-14.8678773931279,-0.164283906396529,1.1835806037112,1.69576757334483,-14.0693172771557,0.280233260193608,-0.0318014902384093
10.8,109.177142296681,104,-15.5897418633565,-14.9741224481784,-0.269245861717345,1.1835806037112,1.70011016739493,-14.1657146321043,0.197555745932891,-0.0342520837644707
10.8166666666667,109.494111255873,103,-16.5897418633565,-15.0704962738744,-0.374475199659349,1.1835806037112,1.70450176211566,-14.332959526481,0.114307719373174,-0.0366111476291957
10.8333333333333,109.810411899227,103,-16.5897418633565,-15.2515504763448,-0.473153481487847,1.1835806037112,1.70893963787899,-14.5404937181108,0.0349529341939635,-0.0386683708236614
10.85,110.1258366236,103,-16.5897418633565,-15.4180615472089,-0.568829496838413,1.1835806037112,1.7134211501893,-14.8021128244498,-0.0427181191770664,-0.0405446023216557
10.8666666666667,110.440187328404,102,-17.5897418633565,-15.5707926451409,-0.655685067212696,1.1835806037112,1.71794372796485,-15.090059763294,-0.114870780314156,-0.0420641237317386
10.8833333333333,110.753275209473,102,-17.5897418633565,-15.804443243758,-0.730243686695828,1.1835806037112,1.72250487185514,-15.3843840882859,-0.179146472406118,-0.0431307197288559
10.9,111.064920540187,102,-17.5897418633565,-16.0199401439435,-0.798559050554913,1.1835806037112,1.72710215259353,-15.7072054618415,-0.239347507177051,-0.0439491735716384
10.9166666666667,111.374952441879,101,-18.5897418633565,-16.2181982478563,-0.797111869414252,1.1835806037112,1.71955856421374,-16.0116295169262,-0.228350972492334,-0.0444305496959664
10.9333333333333,111.683208646139,101,-18.5897418633565,-16.494069301971,-0.809366133855318,0.37421446985588,1.71653857839067,-16.28212687839,-0.235989643726752,-0.0446318896615896
10.95,111.989535300325,101,-18.5897418633565,-16.7767712977125,-0.802697527574794,0.380883076136404,1.70951383945032,-16.5406718516993,-0.222906385212208,-0.0448644397439837
10.9666666666667,112.293787931194,101,-18.5897418633565,-17.0918852055345,-0.811094918089301,0.372485685621897,1.70506883887761,-16.8080182300676,-0.225147360904906,-0.0451693713771527
10.9833333333333,112.595834479086,101,-18.5897418633565,-17.4343866253406,-0.802581731762715,0.380998871948483,1.69635403123353,-17.0850853954019,-0.207394696267278,-0.0456037957830907
11,112.895557578524,101,-18.5897418633565,-17.7995958771848,-0.800911145247666,0.382669458463532,1.68775828450426,-17.3735057496508,-0.19455265513549,-0.0462324853473777
11.0166666666667,113.192855525244,101,-18.5897418633565,-18.1828850312501,-0.806461859341312,0.377118744369886,1.67916432679446,-17.6813706322714,-0.186658800129548,-0.0470782421001913
11.0333333333333,113.487642299324,101,-18.5897418633565,-18.5805285897112,-0.818588708576836,0.364991895134362,1.67045782215617,-18.0119312555461,-0.183101615501157,-0.0481307867820712
11.05,113.779847082619,101,-18.5897418633565,-18.989614186344,-0.836152356240186,0.347428247471012,1.66153977537885,-18.3653014030875,-0.18298174587422,-0.0493625555414886
11.0666666666667,114.06941360202,101,-18.5897418633565,-19.4079064643997,-0.857866855393235,0.325713748317963,1.65233169193188,-18.7397499747418,-0.1853434867208,-0.0507393509856042
11.0833333333333,114.356299461034,101,-18.5897418633565,-19.8337002826867,-0.882507997212863,0.301072606498335,1.6427761610218,-19.1326233851254,-0.189308891121872,-0.052226967860349
11.1,114.640475364019,102,-17.5897418633565,-20.2656843835702,-0.909021625660077,0.274558978051121,1.63283484382404,-19.5409610622857,-0.194143191731835,-0.0537948595256463
11.1166666666667,114.921924303954,102,-17.5897418633565,-20.6088745287624,-0.936564673757401,0.247015929953797,1.622485249837,-19.9618730877473,-0.199275021125125,-0.0554177629328393
11.1333333333333,115.200640898845,102,-17.5897418633565,-20.9622294829519,-0.957021441750708,0.22655916196049,1.61178512110637,-20.3568048862725,-0.199579283199038,-0.0568320099963532
11.15,115.476630807598,103,-16.5897418633565,-21.3245609717225,-0.973800145348654,0.209780458362544,1.60082383804587,-20.7359047552847,-0.197404360533532,-0.0581380424036566
11.1666666666667,115.749910043746,103,-16.5897418633565,-21.6004418195795,-0.989150677355466,0.194429926355732,1.58964409576743,-21.1067747478117,-0.194271693293867,-0.059403663071339
11.1833333333333,116.020504258031,103,-16.5897418633565,-21.8881474224338,-0.996950533659713,0.186630070051485,1.57832682511006,-21.4387642317926,-0.18636900153268,-0.0604270227754801
11.2,116.288448108669,104,-15.5897418633565,-22.1857713873465,-1.00195197065223,0.183580603711198,1.56699514473978,-21.7477055683523,-0.176974455753802,-0.0613462444580033
11.2166666666667,116.55378459044,104,-15.5897418633565,-22.3971886992174,-1.00715007480166,0.183580603711198,1.55571161691722,-22.0451835540449,-0.168129759475635,-0.062248829901494
11.2333333333333,116.816564301601,105,-14.5897418633565,-22.6199583452446,-1.0063117042582,0.183580603711198,1.54448147260752,-22.3029646856015,-0.155789067754881,-0.0629399531194581
11.25,117.076844693361,105,-14.5897418633565,-22.7577929468484,-1.00360874515969,0.183580603711198,1.53330593513068,-22.5377555972728,-0.142599248826476,-0.063557146885551
11.2666666666667,117.334689330066,105,-14.5897418633565,-22.9083706223825,-0.993942126440806,0.189638477270392,1.52220509640177,-22.7250889147001,-0.12526925477981,-0.0639408194487726
11.2833333333333,117.590167175743,106,-13.5897418633565,-23.0693494717742,-0.982900856631758,0.20067974707944,1.51131398375594,-22.8849626676012,-0.107645120544724,-0.0642528508034063
11.3,117.843351916299,106,-13.5897418633565,-23.1442574964174,-0.973664270917045,0.209916332794153,1.50065146600181,-23.0317273947301,-0.0918004584886661,-0.0645918463561977
11.3166666666667,118.094321321962,107,-12.5897418633565,-23.230504553617,-0.960245217145644,0.223335386565554,1.49024243371458,-23.1388375540972,-0.0739005716997354,-0.064765882068395
11.3333333333333,118.343156651864,107,-12.5897418633565,-23.2316926773863,-0.946954809407234,0.236625794303964,1.48011868030475,-23.2242455150135,-0.0567565206723456,-0.0649101787345416
11.35,118.58994209851,107,-12.5897418633565,-23.2452620889382,-0.928685767454727,0.254894836256471,1.4703250276834,-23.2643015104815,-0.0371316819578023,-0.064859149517559
11.3666666666667,118.834764203495,108,-11.5897418633565,-23.268702661288,-0.910335554013221,0.273245049697977,1.460901083538,-23.2792131744715,-0.018225403276868,-0.0647660964783106
11.3833333333333,119.077711185123,108,-11.5897418633565,-23.205602820539,-0.8946388706426,0.288941733068598,1.45182376925326,-23.2829343862741,-0.00173994471784695,-0.0647209690971713
11.4,119.318872342045,109,-10.5897418633565,-23.1536273932523,-0.87534932314233,0.308231280568868,1.4431055317228,-23.2484955838892,0.0163489702819385,-0.0645247679320149
11.4166666666667,119.558337507084,109,-10.5897418633565,-23.0166564744494,-0.85659315117421,0.326987452536988,1.43476939376323,-23.1935399282551,0.0333652958639371,-0.0643076597612163
11.4333333333333,119.796196401789,109,-10.5897418633565,-22.8924121698173,-0.833139425463543,0.350441178247655,1.42685394830977,-23.0942300498854,0.0526366123599629,-0.0639007128302291
11.45,120.032537221767,110,-9.58974186335645,-22.7786575695275,-0.809809070945089,0.373771532766109,1.41939421740335,-22.9706961473463,0.0710211644421809,-0.0634552274909751
11.4666666666667,120.267445133618,110,-9.58974186335645,-22.5792383148168,-0.812317827207825,0.371262776503373,1.41704564112107,-22.8456959172075,0.0619632286724004,-0.0630544567187661
11.4833333333333,120.501002026998,111,-8.58974186335645,-22.3928572575051,-0.808019541205977,0.375561062505221,1.41476943623077,-22.6991743232351,0.0575194880887024,-0.0624480318867823
11.5,120.733286520994,111,-8.58974186335645,-22.1249989502065,-0.801278793216749,0.382301810494449,1.412949558284,-22.5484383266072,0.0541531749975987,-0.0617168862964616
11.5166666666667,120.964373947021,111,-8.58974186335645,-21.8745833182387,-0.800021155198981,0.383559448512217,1.41442221593177,-22.3564417009506,0.0406305805026432,-0.0606785111225299
11.5333333333333,121.194336224609,112,-7.58974186335645,-21.6406686734645,-0.793903264834357,1.1835806037112,1.41625898830017,-22.1558312301141,0.0301375240044192,-0.0594649872819513
11.55,121.42324173994,112,-7.58974186335645,-21.3008018262536,-0.790073103397818,1.1835806037112,1.41951302207114,-21.9578016044292,0.015859253370086,-0.0581413502593122
11.5666666666667,121.6511541684,112,-7.58974186335645,-20.9296784781908,-0.78908271388629,1.1835806037112,1.42612649153641,-21.7180956334729,-0.00670113530693871,-0.0564297259031462
11.5833333333333,121.878127999797,113,-6.58974186335645,-20.5325350924528,-0.774832984448836,1.1835806037112,1.43278774419759,-21.4452358256637,-0.0198225339150468,-0.0543461319065704
11.6,122.104342620569,113,-6.58974186335645,-20.0202144520364,-0.747896097778377,1.1835806037112,1.43949350618743,-21.1342627084768,-0.0237941998874498,-0.0519224985348936
11.6166666666667,122.330262966533,113,-6.58974186335645,-19.4968971399992,-0.701858763183834,1.1835806037112,1.4462405970111,-20.7481524416061,-0.0143842657026542,-0.0489717506296606
11.6333333333333,122.556308023826,114,-5.58974186335645,-18.9663629525773,-0.642027338228986,1.1835806037112,1.45302592738268,-20.3006061941697,0.00508088565368051,-0.045679420105653
11.65,122.782817498018,114,-5.58974186335645,-18.3380639616673,-0.57294000044706,1.1835806037112,1.4598464971073,-19.8042538691654,0.0317227199424519,-0.0422005285026939
11.6666666666667,123.010063411154,114,-5.58974186335645,-17.7148556692942,-0.490595362944365,1.1835806037112,1.46669939300777,-19.2344979816265,0.0681611900423237,-0.038418124684863
11.6833333333333,123.238260049058,114,-5.58974186335645,-17.0992578066896,-0.401577275561195,1.1835806037112,1.47358178689511,-18.6135064368182,0.110177324986556,-0.034549870430535
11.7,123.467572480041,114,-5.58974186335645,-16.4934780168179,-0.310891397293782,1.1835806037112,1.48049093358188,-17.9593699196187,0.154518952698782,-0.0307563982841856
11.7166666666667,123.698123843951,114,-5.58974186335645,-15.8994349681399,-0.222258966876212,1.1835806037112,1.48742416893754,-17.2867501841237,0.198726029975236,-0.0271524693237147
11.7333333333333,123.930001586689,114,-5.58974186335645,-15.3187803755143,-0.138362860295629,1.1835806037112,1.49437890798502,-16.607432716161,0.240983711914007,-0.0238162576115075
11.75,124.163262792395,114,-5.58974186335645,-14.7529199386805,-0.0610530247536361,1.1835806037112,1.50135264303765,-15.9307970887705,0.279999112200321,-0.0207970465484684
11.7666666666667,124.397938744586,114,-5.58974186335645,-14.2030332129665,0.00848260476516979,1.1835806037112,1.5083429418756,-15.2642165788833,0.314898258537579,-0.0181215819827704
11.7833333333333,124.634038829011,114,-5.58974186335645,-13.6700924305399,0.0695764556368517,1.1835806037112,1.51534744596112,-14.613397076602,0.345140229618002,-0.015799291911112
11.8,124.87155387474,114,-5.58974186335645,-13.1548802936987,0.121964426810661,1.1835806037112,1.52236386869179,-13.982663972778,0.37044587973049,-0.0138265522884874
11.8166666666667,125.110459015999,114,-5.58974186335645,-12.6580067644286,0.165689893801191,1.1835806037112,1.52938999369092,-13.3752045343055,0.390738921904613,-0.012190152245674
11.8333333333333,125.350716145137,113,-6.58974186335645,-12.1799248767667,0.201025304077933,1.1835806037112,1.53642367313449,-12.7932722501218,0.40609745707889,-0.0108700893818143
11.85,125.592276016755,113,-6.58974186335645,-11.8148970883557,0.228408539783241,1.1835806037112,1.54346282611378,-12.2383587367094,0.41671431111189,-0.00984180629317801
11.8666666666667,125.835080054137,113,-6.58974186335645,-11.4633022744612,0.24057519455863,1.1835806037112,1.55050543703311,-11.7473901104912,0.417793903124484,-0.00932187204024312
11.8833333333333,126.07906190153,112,-7.58974186335645,-11.1254112894809,0.241585127337167,1.1835806037112,1.55754955404178,-11.3088173848071,0.411834615118454,-0.00916553462898929
11.9,126.324148759369,112,-7.58974186335645,-10.8953493604584,0.234562758878548,1.1835806037112,1.56459328749975,-10.9135700222267,0.400768046982669,-0.00926230052358639
11.9166666666667,126.570262533972,112,-7.58974186335645,-10.6733988605313,0.214082731794248,1.1835806037112,1.57163480847622,-10.5905870127306,0.381009600131509,-0.00977234630092975
11.9333333333333,126.817320828598,111,-8.58974186335645,-10.459770908816,0.185398130027503,1.1835806037112,1.57867234728048,-10.3223689235111,0.355863621317083,-0.0105167375381066
11.95,127.065237798696,111,-8.58974186335645,-10.3485640525683,0.15234053878368,1.1835806037112,1.58570419202444,-10.0954969760683,0.327760304936282,-0.0113672377364948
11.9666666666667,127.313924890804,111,-8.58974186335645,-10.2400635705914,0.109831606596528,1.1835806037112,1.59272868721613,-9.93581449420732,0.293383567938611,-0.0124782073946901
11.9833333333333,127.56329148166,112,-7.58974186335645,-10.1345098352177,0.0632098818551907,1.1835806037112,1.59974423238358,-9.8236984988516,0.256137037485518,-0.013673319532296
12,127.813245431619,112,-7.58974186335645,-9.9381510035474,0.0162075736298014,1.1835806037112,1.60674928072847,-9.74435461697942,0.218428546490953,-0.0148326719364048
12.0166666666667,128.063693564371,112,-7.58974186335645,-9.75095342106388,-0.0208458340670976,1.1835806037112,1.61374233780886,-9.6507158695264,0.186976712415135,-0.0156348130728724
12.0333333333333,128.314542083213,112,-7.58974186335645,-9.57284237806548,-0.0497866070521669,1.1835806037112,1.62072196025061,-9.54663358772416,0.160688534593227,-0.0161495824004278
12.05,128.565696932577,113,-6.58974186335645,-9.40370647946417,-0.0721512995444722,1.1835806037112,1.62768675448666,-9.43535535378382,0.138645328298518,-0.016435060733737
12.0666666666667,128.817064112266,113,-6.58974186335645,-9.14945070356197,-0.0892190714068599,1.1835806037112,1.63463537552383,-9.3195983521695,0.120078726928568,-0.0165392924885042
12.0833333333333,129.068549950754,114,-5.58974186335645,-8.90970756283321,-0.0942325982895534,1.1835806037112,1.64156652573635,-9.16556412514547,0.10942026128498,-0.0162578854964936
12.1,129.320061342969,115,-4.58974186335645,-8.59012700100103,-0.0914983946271735,1.1835806037112,1.64847895368587,-8.98702942645439,0.103974150603193,-0.0157391621573897
12.1166666666667,129.571505957213,116,-3.58974186335645,-8.19613673672765,-0.0763717202329107,1.1835806037112,1.65537145296709,-8.75849574139825,0.106811569868771,-0.0148468835067507
12.1333333333333,129.822792415197,117,-2.58974186335645,-7.73294017288165,-0.046759979715091,1.1835806037112,1.66224286107872,-8.46382105526741,0.119380709049611,-0.0135294703997534
12.15,130.073830448595,118,-1.58974186335645,-7.20551516815419,-0.00234820274830673,1.1835806037112,1.66909205831919,-8.09387573653682,0.141986925872134,-0.0117928142123
12.1666666666667,130.324531035054,119,-0.589741863356451,-6.61861405516898,0.055989191531604,1.1835806037112,1.67591796670655,-7.64470236846353,0.174159500062225,-0.00967985628336
12.1833333333333,130.57480651617,119,-0.589741863356451,-5.97676476918122,0.126629811984606,1.1835806037112,1.68271954892213,-7.11608008578958,0.214928694394007,-0.00725546876571706
12.2,130.824570699619,120,0.410258136643549,-5.37822444870871,0.207529639311009,1.1835806037112,1.68949580727744,-6.51041252090745,0.263032236210219,-0.00459546131081501
12.2166666666667,131.073738947283,121,1.41025813664355,-4.72727546367997,0.28864330362817,1.1835806037112,1.69624578270386,-5.86792578606084,0.311995710012208,-0.00202268439238081
12.2333333333333,131.322228251035,122,2.41025813664355,-4.02799165573258,0.371159045556404,1.1835806037112,1.70296855376462,-5.18198872477412,0.362549340552038,0.000502170952396266
12.25,131.569957297548,123,3.41025813664355,-3.28424143403768,0.455385754999947,1.1835806037112,1.70966323568868,-4.44947803945706,0.41486340161533,0.00298957944733393
12.2666666666667,131.816846523369,124,4.41025813664355,-2.49969107520222,0.54105445913636,1.1835806037112,1.71632897942593,-3.66981289932252,0.468736255284182,0.00543162071689348
12.2833333333333,132.062818161315,124,4.41025813664355,-1.67780866077855,0.627542409824424,1.1835806037112,1.72296497072348,-2.84420662863252,0.523735013538549,0.00780963490655028
12.3,132.307796279126,125,5.41025813664355,-0.915820051403102,0.714036833550745,1.1835806037112,1.72957042922231,-1.97509144729906,0.579299116477541,0.0100997244648019
12.3166666666667,132.551706811163,126,6.41025813664355,-0.117006888869957,0.791835661080663,1.1835806037112,1.73614460757421,-1.10173239890479,0.629744276362515,0.0120326985051225
12.3333333333333,132.794477583905,127,7.41025813664355,0.715525555427845,0.803525028803904,1.9871056325151,1.75494736241424,-0.241646505408015,0.611689735092485,0.0137269462444304
12.35,133.036038284899,127,7.41025813664355,1.60678013012814,0.808906910500064,1.99248751421126,1.77500655364789,0.588779643896243,0.587623931312879,0.0153827296954153
12.3666666666667,133.276319201708,128,8.41025813664355,2.48479524290904,0.820959197516016,2.00453980122721,1.79517214615374,1.42374898791576,0.568400094377375,0.0172296745535858
12.3833333333333,133.515247728149,129,9.41025813664355,3.44123839922077,0.837752848200322,2.02133345191152,1.81553467421055,2.2601571472144,0.552608563651637,0.0192149994611345
12.4,133.752745568635,129,9.41025813664355,4.4686937747867,0.865057979940281,2.04863858365148,1.8362222297657,3.13007730590149,0.543743433463567,0.0215339793845603
12.4166666666667,133.988727404807,130,10.4102581366435,5.46678095016552,0.905105126060998,2.0886857297722,1.85742762002573,4.05313374260537,0.542918726869615,0.024274583046097
12.4333333333333,134.223100383581,130,10.4102581366435,6.53006286880882,0.950432991547517,2.13401359525872,1.87929305329608,5.00388816440286,0.545095916342362,0.0272116000429268
12.45,134.455763925813,131,11.4102581366435,7.56004589481824,1.00368918400754,2.18726978771874,1.90192718628947,5.99896701433338,0.551810777848162,0.0304383362761091
12.4666666666667,134.686609682618,131,11.4102581366435,8.65264556275022,1.05817675059155,2.24175735430275,1.92539818968299,7.01212618865313,0.558649403016752,0.0337470283971117
12.4833333333333,134.915521596551,132,12.4102581366435,9.71027914491622,1.11741459511774,2.30099519882894,1.94975446032095,8.06048960374701,0.567814831376279,0.037253183363652
12.5,135.142376038017,132,12.4102581366435,10.8294317214669,1.17553944630608,2.35912005001728,1.97501818240808,9.11897846255589,0.575509857849701,0.0407714034274824
12.5166666666667,135.367041994642,133,13.4102581366435,11.9128422072381,1.23679064207383,2.42037124578502,2.00120473049694,10.2061248641883,0.584457824284513,0.0444371738770777
12.5333333333333,135.589381296973,133,13.4102581366435,13.0571486848739,1.29588293318591,2.47946353689711,2.02831407057869,11.2982395685697,0.59127083249786,0.0480815448996434
12.55,135.809248864971,133,13.4102581366435,14.1651370280393,1.35749099945709,2.54107160316829,2.05634777335498,12.4150834121295,0.598974814401352,0.0518526809854857
12.5666666666667,136.026492892131,134,14.4102581366435,15.2394811669553,1.41663796726849,2.60021857097969,2.08529816450952,13.5339745448041,0.604391966877999,0.055590830425429
12.5833333333333,136.240954897494,134,14.4102581366435,16.3766824653344,1.47071966904945,2.65430027276064,2.11509549267919,14.6395114683043,0.605973812164562,0.0592064149146325
12.6,136.452469826218,134,14.4102581366435,17.4791012901961,1.52622054995954,2.70980115367074,2.14570874595379,15.7579223339859,0.607960489731827,0.0629025876876176
12.6166666666667,136.660866243946,134,14.4102581366435,18.5488863542708,1.57929142293615,2.76287202664735,2.17712189388058,16.8712810718333,0.607908015794546,0.0665550321950952
12.6333333333333,136.865966587109,134,14.4102581366435,19.5880777673645,1.62795404046165,2.81153464417284,2.2092712392341,17.9674806161603,0.604654715068146,0.0700948918027853
12.65,137.06758744498,134,14.4102581366435,20.5984070946806,1.67148928567504,2.85506988938624,2.24207129533519,19.038942899154,0.597882588403865,0.0734916298956796
12.6666666666667,137.265539858935,135,15.4102581366435,21.5812291121227,1.70995937348633,2.89353997719753,2.27543160975305,20.0814111777462,0.587781074734079,0.0767393182749968
12.6833333333333,137.459629630012,135,15.4102581366435,22.6314849931047,1.74385716308343,2.92743776679463,2.30926671888162,21.0929217872007,0.574804737283791,0.0798463425336578
12.7,137.649657629184,135,15.4102581366435,23.6500495386131,1.78134768122252,2.96492828493371,2.34356912447962,22.1089286172118,0.564219890915216,0.0830721438922124
12.7166666666667,137.835420110102,135,15.4102581366435,24.6378251028252,1.81929353257608,3.00287413628728,2.37836580703205,23.1174143019381,0.553954332207192,0.0863194805843692
12.7333333333333,138.01670909678,136,16.4102581366435,25.5959075157181,1.85581429915149,3.03939490286268,2.41364251995955,24.1097251238846,0.542814568097229,0.0895274840113649
12.75,138.193312908442,136,16.4102581366435,26.619337356954,1.88993884956825,3.07351945327945,2.44936174341807,25.0800284094413,0.530230519998983,0.0926622292590565
12.7666666666667,138.365016637435,136,16.4102581366435,27.609289662298,1.928795253144,3.1123758568552,2.48554322036381,26.0606456916685,0.520755130340782,0.0959525483397457
12.7833333333333,138.531602606046,136,16.4102581366435,28.5670578750204,1.96856017772894,3.15214078144013,2.52222694538936,27.0371964841747,0.511853512111589,0.0992804760636535
12.8,138.692850901757,137,17.4102581366435,29.494148280297,2.00693726092825,3.19051786463945,2.55940261524726,27.9993649304127,0.502058850779491,0.102572203017219
12.8166666666667,138.848539827243,137,17.4102581366435,30.4859889939776,2.04273463625458,3.22631523996578,2.59703143676495,28.9402408731792,0.490662192112582,0.10578661805883
12.8333333333333,138.998446230594,138,18.4102581366435,31.4440982153589,2.08299183097746,3.26657243468866,2.63512936905563,29.8915230979768,0.482166780558192,0.109149360628279
12.85,139.142345764168,138,18.4102581366435,32.4640121068696,2.12387965407715,3.30746025778835,2.6737318833845,30.8385401407819,0.474042302930564,0.112541849025256
12.8666666666667,139.280013175922,139,19.4102581366435,33.4476732377424,2.17062506738145,3.35420567109265,2.71289239250859,31.8068511479917,0.469565627553215,0.116135168824486
12.8833333333333,139.411222714566,139,19.4102581366435,34.491167806028,2.21824320515502,3.40182380886622,2.75265932965515,32.7772213382239,0.465444959694404,0.119774900805858
12.9,139.535748472605,140,20.4102581366435,35.4969948997374,2.27129651242387,3.45487711613506,2.79308410219625,33.7720225425235,0.464537058058565,0.123610608906181
12.9166666666667,139.653364626089,140,20.4102581366435,36.5617372522225,2.32448064481555,3.50806124852675,2.83420509279979,34.7699450768552,0.463365231198304,0.127476646672353
12.9333333333333,139.763845612349,141,21.4102581366435,37.5883005328841,2.38226456706938,3.56584517078058,2.87606032888052,35.7921290856634,0.464751788299324,0.131518280259341
12.95,139.86696627225,141,21.4102581366435,38.6735776146753,2.43938560299464,3.62296620670583,2.91867445702534,36.8166340661458,0.465272508235024,0.135569866641593
12.9666666666667,139.962501973121,142,22.4102581366435,39.7206950632298,2.50042435127179,3.68400495498298,2.96207309312186,37.8643696426337,0.467844353484528,0.139779047405471
12.9833333333333,140.050228719214,142,22.4102581366435,40.826691358608,2.56025597226598,3.74383657597718,3.00627057700555,38.9134098959168,0.469150551440816,0.143983598239371
13,140.129923180941,143,23.4102581366435,41.8947795169352,2.62359790859007,3.80717851230127,3.05128450628187,39.9848098839846,0.47221060815714,0.148334768032878
13.0166666666667,140.201743580871,144,24.4102581366435,43.0220408491287,2.68544680978139,3.86902741349259,3.09712337842455,41.0568474504633,0.473796427841616,0.152673657030828
13.0333333333333,140.269211349354,145,25.4102581366435,44.205652561624,2.75061944044416,3.93420004415536,3.1438008020848,42.1507893460132,0.476998579882028,0.157154306361777
13.05,140.33667600162,145,25.4102581366435,45.4428854330248,2.82167081180321,4.00525141551441,3.1913906052018,43.2810370787555,0.483352238956277,0.161863978921977
13.0666666666667,140.405177606627,146,26.4102581366435,46.6374107730244,2.89961810602705,4.08319870973825,3.23999545608739,44.4566078421147,0.493357628215078,0.16684336650354
13.0833333333333,140.47832429096,147,27.4102581366435,47.887104347758,2.97702771185652,4.16060831556772,3.28965826243718,45.6465990206441,0.502172212459728,0.1718588845646
13.1,140.562047272461,148,28.4102581366435,49.1900211513923,3.05725803498655,4.24083863869775,3.34039501313812,46.8656822698656,0.511952001666264,0.177017990768314
13.1166666666667,140.662860083533,149,29.4102581366435,50.5442450401969,3.14210499404116,4.32568559775236,3.39226376715133,48.1238143560064,0.523777621602634,0.182382055106851
13.1333333333333,140.787460032988,150,30.4102581366435,51.9480734627509,3.2322968567749,4.4158774604861,3.44534289924366,49.4272319690319,0.538010616451078,0.18798014363256
13.15,140.943228481452,150,30.4102581366435,53.4000899286704,3.32788626834514,4.51146687205634,3.49971671845495,50.7794085131789,0.554570403987695,0.193820213125104
13.1666666666667,141.14111488335,151,31.4102581366435,54.8052153211729,3.50212300610326,3.63506670798348,3.54042300240733,52.2136299171798,0.652807025168706,0.199865012631933
13.1833333333333,141.406012556464,152,32.4102581366435,56.2284099795402,3.67330420409767,3.75489354657957,3.58140870883399,53.7194734050604,0.749586774480733,0.205688490434188
13.2,141.795867593673,152,32.4102581366435,57.6394312262034,3.83030440787979,3.86479368922705,3.62404203458109,55.2689088670603,0.834736924696115,0.211163974182377
13.2166666666667,142.393961025593,153,33.4102581366435,58.951500032301,3.96948542183373,3.96222039899481,3.66813077100696,56.8315239383359,0.906242637655682,0.216162698354354
13.2333333333333,143.257760880366,153,33.4102581366435,60.2700595216405,4.082814556691,4.0415507933949,3.71341194464098,58.353756573807,0.959350682097686,0.220412300054559
13.25,144.401157495421,154,34.4102581366435,61.5049167832282,4.17544978589161,4.10639545383533,3.75961152577312,59.8392255815497,0.997812645799615,0.224059880328935
13.2666666666667,145.813561913709,154,34.4102581366435,62.758045693913,4.24470010380578,4.15487067637524,3.80646631448346,61.2585546496612,1.02029742790381,0.22700375464075
13.2833333333333,147.471790258519,154,34.4102581366435,63.9360945226561,4.29857607764243,4.1925838580609,3.8537491772543,62.6316245997745,1.03230837276593,0.229485167231396
13.3,149.349631402169,155,35.4102581366435,65.0444175818024,4.33553967023727,4.21845837287729,3.90126663023987,63.9392447949175,1.03314062472157,0.231443720114172
13.3166666666667,151.420166672172,155,35.4102581366435,66.181297982283,4.35608830142459,4.23284241470841,3.94882009189778,65.1710756085473,1.02340157529602,0.232883727617377
13.3333333333333,153.656234356788,156,36.4102581366435,67.2503056680496,4.36944047836216,4.24218893856471,3.99627209862368,66.3588414955142,1.0092241042944,0.234090741361272
13.35,156.030652375629,156,36.4102581366435,68.3483354877474,4.374013692251,4.2453901882869,4.04352523484229,67.4899734650785,0.989720375625434,0.235009055874531
13.3666666666667,158.516255542695,157,37.4102581366435,69.3781388084605,4.37712580087206,4.24756866432164,4.09051995902757,68.5931240432839,0.969680339751224,0.235868450199204
13.3833333333333,161.085807805227,157,37.4102581366435,70.436207016289,4.37557567918149,4.24648357913824,4.13721627001411,69.6524691713495,0.947086961834645,0.236565150688581
13.4,163.711864832814,158,38.4102581366435,71.4251745507347,4.37537701894619,4.24634451697353,4.18359503612605,70.6936187363179,0.925829859714513,0.237289831254584
13.4166666666667,166.366685321303,159,39.4102581366435,72.4416008929321,4.3723279239341,4.24421015046507,4.22964327452055,71.6981251128083,0.903207638386492,0.237908452823683
13.4333333333333,169.022309032714,160,40.4102581366435,73.482248708855,4.37170971871814,4.2437774068139,4.27535881542507,72.6894722907064,0.882613745728573,0.238589357816905
13.45,171.650914776015,161,41.4102581366435,74.5441041602587,4.37639219487814,4.24705514012589,4.32078638766845,73.6835549095606,0.865821318320334,0.239426816899091
13.4666666666667,174.225519544048,162,42.4102581366435,75.6245649372133,4.38758547098258,4.25489043339901,4.36599404200935,74.6904079970703,0.853502763289686,0.240463552923594
13.4833333333333,176.720976704675,164,44.4102581366435,76.7215070834607,4.40542860674974,4.26738062843601,4.4110573660109,75.7157510408611,0.845632228294611,0.241708544496275
13.5,179.115109787813,165,45.4102581366435,77.9272274803672,4.42942890020225,4.28418083385277,4.45604966529635,76.7622798581874,0.84178281707554,0.243150438132168
13.5166666666667,181.389740810277,167,47.4102581366435,79.1406852900219,4.47024074137352,3.19518893732928,4.50029679275483,77.86666391795,0.850357540053365,0.24501114841155
13.5333333333333,183.531383465451,169,49.4102581366435,80.4165697494802,4.60496126258137,3.25581317187281,4.52711954547819,79.0619543898514,0.956795753039637,0.247095388682978
13.55,185.530961534315,171,51.4102581366435,81.715979332405,4.73973066265145,3.31645940190435,4.55464313669028,80.3717098771749,1.06119279952419,0.24924126881547
13.5666666666667,187.384289676952,172,52.4102581366435,83.0438382208964,4.86725223205332,3.37384410813519,4.58284121258311,81.7594785887594,1.15891605597117,0.251215487992391
13.5833333333333,189.091821970514,174,54.4102581366435,84.3103296012754,4.98381210761373,3.42629605213738,4.61164664100827,83.2009897439063,1.24768271224988,0.252898648562577
13.6,190.657375045069,176,56.4102581366435,85.6184967397245,5.08045208382498,3.46978404143244,4.64094280540306,84.6450458862572,1.32188076601937,0.254004343253117
13.6166666666667,192.087285131369,178,58.4102581366435,86.9703641883276,5.16104847522501,3.50605241756245,4.67059731706232,86.0951020326228,1.38418261487067,0.254654497057283
13.6333333333333,193.389602095164,180,60.4102581366435,88.3669597493634,5.2292417594493,3.53673939546338,4.70050590898997,87.5561848108292,1.43707746604381,0.254963590086886
13.65,194.573384321496,181,61.4102581366435,89.808535205872,5.28823497639545,3.56328634308915,4.73058987160427,89.0337628723452,1.4827443814857,0.255032244465198
13.6666666666667,195.648122667504,183,63.4102581366435,91.2008048333275,5.34070800958983,3.58689920802662,4.76079242992664,90.5330340604946,1.52300106459076,0.254944494622825
13.6833333333333,196.623297174417,185,65.4102581366435,92.6428095561333,5.38114377814236,3.60509530387526,4.79104373652044,92.0225170369577,1.5543959165051,0.254523520219918
13.7,197.508055693256,186,66.4102581366435,94.1331602629865,5.41482741151225,3.62025293889171,4.82127602547881,93.5180074349831,1.58043422905119,0.253936230950301
13.7166666666667,198.310996361154,188,68.4102581366435,95.5761365015943,5.44548497025184,3.63404884032453,4.8514550297501,95.0314958817785,1.60358059959498,0.253300022104821
13.7333333333333,199.040034072417,189,69.4102581366435,97.069583974592,5.46794512712431,3.64415591091714,4.88153851236649,96.5356540702052,1.62057397214123,0.252449167952514
13.75,199.702331782472,190,70.4102581366435,98.5172078350629,5.48739364883078,3.65290774568505,4.91148716327616,98.0485322668478,1.63482280093224,0.251547519788821
13.7666666666667,200.304279746175,192,72.4102581366435,99.9223606024301,5.49953545051786,3.65837155644424,4.9412623708664,99.5470683010381,1.64362491833514,0.250457264576283
13.7833333333333,200.851508933793,193,73.4102581366435,101.382029400338,5.50235115591761,3.65963862387412,4.97080235021178,101.016178602247,1.64576769560023,0.24911294915889
13.8,201.348927545989,194,74.4102581366435,102.799050214457,5.50301787553679,3.65993864770275,5.00006735108682,102.482761798415,1.64594020556365,0.247741814204572
13.8166666666667,201.800771999672,195,75.4102581366435,104.175981388809,5.49838171133461,3.65785237381177,5.02902993222379,103.929896076467,1.64216108779408,0.24624241614937
13.8333333333333,202.21066592934,196,76.4102581366435,105.515183923865,5.48696634187486,3.65271545755488,5.05764569429881,105.346552603349,1.63354680804629,0.244566659149699
13.85,202.581682515863,196,76.4102581366435,106.818759219777,5.46842712402987,3.64437280952464,5.08586373155583,106.726132530315,1.61994891414061,0.24270244858608
13.8666666666667,202.916406847934,197,77.4102581366435,107.994587172014,5.44313562686424,3.63299163580011,5.11363349568827,108.06525300964,1.60167915705717,0.240660488084754
13.8833333333333,203.216996093329,198,78.4102581366435,109.144053965386,5.40421053054928,3.61547534245838,5.14087793371616,109.326775471994,1.57440261176624,0.23822063230592
13.9,203.485236067558,199,79.4102581366435,110.268207029587,5.35626517824861,3.59389993392307,5.16751474013737,110.523204235761,1.54119527451161,0.235528478043548
13.9166666666667,203.722593463645,199,79.4102581366435,111.367751544492,5.30284044783084,3.56985880523508,5.19349216190399,111.66509303248,1.50440920892719,0.232695579722566
13.9333333333333,203.930263438018,200,80.4102581366435,112.349259857267,5.31258498842386,2.24609760139597,5.20536701424835,112.780714798857,1.53716600264628,0.229792144330474
13.95,204.109212341887,200,80.4102581366435,113.26784905074,5.34792397221897,2.25316539815499,5.20855798608812,113.9006031453,1.60289286164875,0.226451622085077
13.9666666666667,204.260218170701,200,80.4102581366435,113.991268547286,5.3608552350296,2.25575165071712,5.21156850242567,114.994074492613,1.65212891563979,0.222498234372712
13.9833333333333,204.383910363541,201,81.4102581366435,114.53754886617,5.33782173701135,2.25114495111347,5.21430669891024,115.983155233106,1.67616165462692,0.217517066195595
14,204.480803871204,201,81.4102581366435,115.017176459294,5.27331936036718,2.23824447578463,5.21664957072446,116.819657091304,1.67146439046432,0.211354758934531
14.0166666666667,204.551326378871,201,81.4102581366435,115.345336231083,5.17499830396548,2.21858026450429,5.21847912849933,117.513401886458,1.6429968380955,0.204274896510389
14.0333333333333,204.59584022018,202,82.4102581366435,115.535783735101,5.0426528284137,2.19211116939394,5.21968882039426,118.041934141164,1.5906679497741,0.196288339664568
14.05,204.614660169679,202,82.4102581366435,115.694936424182,4.87907976717009,2.15939655714522,5.22017672099339,118.396618383098,1.51632954156662,0.187500085474017
14.0666666666667,204.608067986078,202,82.4102581366435,115.734263739833,4.69655227617365,2.12289105894593,5.2198672246793,118.614442775936,1.42795393225678,0.178311223342514
14.0833333333333,204.576324189624,202,82.4102581366435,115.66422859781,4.49688955227098,2.0829585141654,5.21870707163687,118.690704527584,1.32678790451095,0.168785690064593
14.1,204.519677661096,202,82.4102581366435,115.494443334639,4.28314822859034,2.04021024942927,5.21665131210293,118.627525744149,1.21488007989602,0.159025034439399
14.1166666666667,204.438373360651,202,82.4102581366435,115.23374878476,4.05897655716252,1.9953759151437,5.21366630515301,118.431556901567,1.09466496967739,0.149147357563916
14.1333333333333,204.332658341352,202,82.4102581366435,114.890301208365,3.82816981650686,1.94921456701257,5.20973091194565,118.112255111523,0.968675924307874,0.139273008728745
14.15,204.202786497333,202,82.4102581366435,114.471658233579,3.59437873363268,1.90245635043773,5.20483647069152,117.680624047476,0.839356244503084,0.129515382704917
14.1666666666667,204.049022304644,201,81.4102581366435,113.984858398122,3.35290222884282,1.85416104947976,5.20061284579598,117.1478722242,0.700256816601522,0.119975519721014
14.1833333333333,203.871643678081,201,81.4102581366435,113.342484025331,3.0935165788657,2.57566306420076,5.19985809067844,116.506625540746,0.539026517614952,0.110766166401728
14.2,203.670944033122,201,81.4102581366435,112.677175415396,2.83246851077151,2.45819143355838,5.19867661074075,115.730939243108,0.374762757675196,0.101788104972795
14.2166666666667,203.447232303676,201,81.4102581366435,112.015546703268,2.57703652251601,2.3432470388434,5.19753215876356,114.863002585757,0.211305094270938,0.0933326823681592
14.2333333333333,203.200830046026,201,81.4102581366435,111.35240768517,2.32883679551248,2.23155716169182,5.19780247717967,113.936421078755,0.0469965524193831,0.0856475258411308
14.25,202.932069430836,200,80.4102581366435,110.683341550183,2.10963821536129,2.13291780062378,5.1961717125178,112.980545477678,-0.0966840892099976,0.0788756890834259
14.2666666666667,202.641292759473,200,80.4102581366435,109.911056607987,1.92043535873232,2.04777651514074,5.19286783985271,112.020695570768,-0.219345312219873,0.0730490464232515
14.2833333333333,202.328852742235,200,80.4102581366435,109.133346280956,1.75961377968603,1.77745025435523,5.18655964580123,111.040478501966,-0.318982386414332,0.0678749094871062
14.3,201.995113139878,199,79.4102581366435,108.342299494458,1.62749417503853,1.7328598877867,5.17741871989932,110.061145047757,-0.395616704348064,0.0633630572231504
14.3166666666667,201.640449793653,199,79.4102581366435,107.438434177458,1.51288633946994,1.6941797432823,5.16746088238019,109.092562280257,-0.460677676322695,0.0594477841764475
14.3333333333333,201.265252037049,198,78.4102581366435,106.524720740676,1.40533653746626,1.65788168510606,5.15676001759593,108.096634801549,-0.520933430913499,0.0557919874293733
14.35,200.869923618924,198,78.4102581366435,105.51019044124,1.30616094178877,1.62440992156491,5.14536657496033,107.083926608397,-0.575553684324849,0.0524343368591462
14.3666666666667,200.454882995638,197,77.4102581366435,104.497519401667,1.20832384927817,1.59138990284258,5.13331309204117,106.026744638768,-0.629078739263109,0.0491487120312138
14.3833333333333,200.020563208748,197,77.4102581366435,103.395245284668,1.11561547977649,1.56010082813576,5.12062511558882,104.943737423908,-0.679069243650725,0.0460538645560654
14.4,199.567411407849,196,76.4102581366435,102.305444332667,1.02272228547944,1.52874937506051,5.10732197652357,103.813295541502,-0.728948447734297,0.0429792242800665
14.4166666666667,199.095888037124,196,76.4102581366435,101.136011626782,0.934574785741349,1.4989995938989,5.09342397889896,102.658482811782,-0.775540046059725,0.0400801716529623
14.4333333333333,198.606465875412,195,75.4102581366435,99.9883794019638,0.846562568948854,1.46929547073144,5.07895032524685,101.460755775475,-0.821815386937344,0.0372085984404118
14.45,198.099628956615,195,75.4102581366435,98.7698221797986,0.764001235958002,1.44143102084702,5.06392419509752,100.245183516291,-0.864353208604534,0.0345320799979122
14.4666666666667,197.575871566813,194,74.4102581366435,97.5811883041596,0.682442563824532,1.41390496900198,5.04836915997289,98.9944171674202,-0.906024547708381,0.0319075414091577
14.4833333333333,197.035697283399,194,74.4102581366435,96.3292103506162,0.607215334662281,1.38851577915972,5.03231322475391,97.7341188410835,-0.943404182356966,0.0295028328595023
14.5,196.479617942823,194,74.4102581366435,95.1142368104461,0.533791223856646,1.36373514176282,5.01578456814155,96.4471007494761,-0.979419180432059,0.0271722018415768
14.5166666666667,195.908152640806,193,73.4102581366435,93.936491081155,0.467366362716408,1.34131675112799,4.99881517921341,95.1588878784393,-1.01073381532348,0.0250791835438569
14.5333333333333,195.321826733299,193,73.4102581366435,92.7021402243482,0.410957759921397,1.32227884768467,4.98145974049403,93.8879732980687,-1.0354326120649,0.0233169382534845
14.55,194.721170916858,192,72.4102581366435,91.5111087213859,0.358312478744955,1.30451106528762,4.9637617939204,92.6113236946121,-1.05756667147972,0.0216842885335242
14.5666666666667,194.106720339292,192,72.4102581366435,90.2693254681111,0.313380852920361,1.28934664157182,4.94576036570567,91.3497976369847,-1.0746102553145,0.0203049990198081
14.5833333333333,193.479013804428,192,72.4102581366435,89.0764091190439,0.270611710690814,1.27491205606935,4.9274879011791,90.0822176554218,-1.0901562225657,0.0190008794958875
14.6,192.838592936415,192,72.4102581366435,87.9318945638724,0.234466318411568,1.2627129861751,4.9089757071908,88.8308362637496,-1.10134564400885,0.0179124257572997
14.6166666666667,192.186001377096,191,71.4102581366435,86.8352315219012,0.207453740746705,1.25359624121321,4.89027427984408,87.6114834190881,-1.10659110601265,0.0171171367911485
14.6333333333333,191.521784150838,191,71.4102581366435,85.6919264888005,0.190689010939728,1.24793814490336,4.87144394904042,86.4349786261722,-1.10521094624899,0.0166477542992038
14.65,190.846487030278,191,71.4102581366435,84.6012937894217,0.176630472810885,1.24319338828487,4.85252496270147,85.272316649208,-1.10208877383727,0.0162626226189387
14.6666666666667,190.160655875255,191,71.4102581366435,83.5626142875143,0.168405564887032,1.24041748186057,4.83354713456957,84.1397739109503,-1.09522698126261,0.0160601178038507
14.6833333333333,189.46483600013,191,71.4102581366435,82.5750909009752,0.167685590960907,1.2401744906605,4.814553399439,83.048709034291,-1.08357558457103,0.0160916847821412
14.7,188.759571603123,190,70.4102581366435,81.6379170900447,0.175111331359923,1.24268067804517,4.79559286367843,82.0066600319945,-1.06675342704592,0.0163757339431706
14.7166666666667,188.045405276618,190,70.4102581366435,80.6563573776745,0.190625990909262,1.24791687564307,4.77671597997734,81.0182702637415,-1.04483042829232,0.0169084753393028
14.7333333333333,187.322877608813,190,70.4102581366435,79.729462513263,0.206026515484725,1.25311455268729,4.75794800926763,80.0500323449735,-1.02310915022915,0.0174281838752242
14.75,186.592526881882,190,70.4102581366435,78.8562104172355,0.224140256279772,1.25922794020562,4.73930110746697,79.1150106697568,-0.999775989571329,0.0180247589452464
14.7666666666667,185.854888868642,190,70.4102581366435,78.0354562499927,0.246583552440778,1.26680255265996,4.72079957685685,78.222320250916,-0.973806011348099,0.0187489798758166
14.7833333333333,185.110496727692,190,70.4102581366435,77.2660033558498,0.274099361870737,1.27608913834257,4.70247404138502,77.3779626313137,-0.944741607274203,0.0196235486215447
14.8,184.359880992298,190,70.4102581366435,76.5466423694096,0.306825582465265,1.28713423779323,4.68435731931058,76.5855456903078,-0.912516877423373,0.0206518355044022
14.8166666666667,183.603569571245,190,70.4102581366435,75.8761688441587,0.344502309081276,1.29985013302613,4.666481627407,75.8468830454676,-0.87732220164167,0.0218246109984839
14.8333333333333,182.841973234138,190,70.4102581366435,75.2533872158815,0.386627319824098,1.31406732415183,4.64887680035925,75.1624788025807,-0.839502818889389,0.0231250768514684
14.85,182.075376159731,190,70.4102581366435,74.6771068104405,0.432569077819352,1.32957266747523,4.63156926123183,74.5319091471337,-0.799485267584436,0.0245325064985272
14.8666666666667,181.304313204834,190,70.4102581366435,74.1461339206909,0.481645882621985,1.34613608909612,4.61458152920681,73.9541149749592,-0.757725989915226,0.0260247810748208
14.8833333333333,180.529321181716,190,70.4102581366435,73.6592626657736,0.533178804985651,1.36352845039385,4.59793209643155,73.4276204207631,-0.714677075208466,0.0275800729191389
14.9,179.750932441144,190,70.4102581366435,73.215266354244,0.586524895160014,1.3815327558277,4.58163554541378,72.9506915096141,-0.670764878468412,0.0291778898703775
14.9166666666667,178.969675856073,190,70.4102581366435,72.8128903453952,0.641096003630649,1.39995050493654,4.56570281154725,72.5214477760686,-0.626378012487032,0.0307996552066948
14.9333333333333,178.186077824566,190,70.4102581366435,72.4508468886593,0.696367477558682,1.41860462738725,4.55014152224171,72.1379379552969,-0.581861921804404,0.0324289623921973
14.95,177.40066319527,189,69.4102581366435,72.1278120724268,0.75188004173984,1.43734011779839,4.53495636532731,71.7981890118839,-0.537517875144185,0.0340516122906704
14.9666666666667,176.613956292787,189,69.4102581366435,71.7484733030152,0.807237359108434,1.45602321241029,4.52014945564082,71.5002360015574,-0.493604747646744,0.0356555137519393
14.9833333333333,175.826482005362,188,68.4102581366435,71.4112370190736,0.854399287203112,1.47194036314225,4.50569732746244,71.2061250500658,-0.4552892431111,0.0369865642659234
15,175.038766827332,187,67.4102581366435,71.0204266020694,0.89044550311138,1.65106449284467,4.49282626745141,70.9247236946272,-0.427146457640099,0.0381524662240047
15.0166666666667,174.251340013613,187,67.4102581366435,70.5857368732865,0.909378051910322,1.66100408096412,4.48170331956163,70.6188347195088,-0.413386313063108,0.0390014723572867
15.0333333333333,173.464734570308,186,66.4102581366435,70.209728654359,0.917347411386178,1.66518799468894,4.4707649200158,70.2745752904023,-0.406740340926727,0.0394967523029512
15.05,172.679487779784,185,65.4102581366435,69.7944002916686,0.922623695338981,1.66795804376416,4.45995433673017,69.9235121784869,-0.40181283505393,0.0399002150024228
15.0666666666667,171.896142012678,183,63.4102581366435,69.3414779676994,0.922650751454434,1.66797224822478,4.44923635082144,69.5518306688756,-0.400210601941035,0.04012981905977
15.0833333333333,171.115245998909,182,62.4102581366435,68.7585891132479,0.916223048595635,1.66459770422391,4.43855959967069,69.1504025229868,-0.402651511755805,0.0401461122831188
15.1,170.337356383378,181,61.4102581366435,68.1469092649529,0.895405605364243,1.65366854652743,4.42783025578375,68.677642846487,-0.414139603497996,0.039694483335227
15.1166666666667,169.563039452143,179,59.4102581366435,67.5072486963987,0.864141793708596,1.63725504540821,4.41694086223175,68.142711241591,-0.432010566898328,0.0388979813215544
15.1333333333333,168.792872954758,178,58.4102581366435,66.7460643666892,0.825552549940486,1.61699569242995,4.40581480751674,67.5536702214299,-0.454168685312043,0.0378542690732591
15.15,168.02744797184,176,56.4102581366435,65.963337101442,0.77438446586923,1.59013244829254,4.39436338060701,66.8813106066553,-0.483900883906972,0.0363942590457614
15.1666666666667,167.267370857643,175,55.4102581366435,65.064842659979,0.716066277476492,1.55951539938636,4.38250224778064,66.1433231909173,-0.51761778572375,0.0346888980779534
15.1833333333333,166.513265277247,174,54.4102581366435,64.1498910281658,0.646733432342442,1.52311565569098,4.37015097889391,65.3173555950943,-0.557723948430835,0.0326135349160601
15.2,165.765774173739,172,52.4102581366435,63.2176183472169,0.572543746901665,1.48416607083457,4.35724265879313,64.4257675007168,-0.600183436185179,0.0303627787203867
15.2166666666667,165.025561692619,171,51.4102581366435,62.1731004851562,0.497548934171204,1.44479379415108,4.3437547208723,63.4852049618551,-0.642371224642346,0.0280653214127271
15.2333333333333,164.293314896727,170,50.4102581366435,61.1152622411715,0.416587361357276,1.40228896842377,4.32965679138841,62.4716422965837,-0.68758951389968,0.0255564936605945
15.25,163.569745034682,169,49.4102581366435,60.043088243042,0.334672838654534,1.35928384400483,4.31492133726719,61.4055513156929,-0.732587663466117,0.0229954799268258
15.2666666666667,162.855588376124,168,48.4102581366435,58.9556188948453,0.25489655864562,1.31740129700015,4.29955598063872,60.3017359785036,-0.775395991695797,0.0204811484703237
15.2833333333333,162.151606464595,167,47.4102581366435,57.8520963616466,0.178961581477154,1.2775354339867,4.28358909936219,59.1705147601535,-0.81496354594736,0.0180686953645485
15.3,161.458585515231,166,46.4102581366435,56.7320334565103,0.107613527165784,1.24007770547323,4.26705963601996,58.0187916941739,-0.850868056247869,0.0157830935457367
15.3166666666667,160.777334579488,165,45.4102581366435,55.5952310424564,0.0409741444290334,1.20509202953644,4.25001023600694,56.8509722655089,-0.883092640623449,0.0136295361711268
15.3333333333333,160.10868206385,164,44.4102581366435,54.4417633706338,-0.0208952486494376,1.16268535506176,4.23241902356691,55.6697783039011,-0.911519954897779,0.0116012037626918
15.35,159.453470377551,164,44.4102581366435,53.2716061823859,-0.0768526660156456,1.10672793769555,4.21399499459714,54.4777202278848,-0.934764875001186,0.00968342077281079
15.3666666666667,158.812548279285,163,43.4102581366435,52.1780442779484,-0.127613035788052,1.05596756792315,4.19477126724301,53.2767601863273,-0.95335023067435,0.00785365196225178
15.3833333333333,158.186760352883,162,42.4102581366435,51.0604779630038,-0.166848805487879,1.01673179822332,4.17489483748897,52.1031679530666,-0.963476172211653,0.006327591460286
15.4,157.576933023637,162,42.4102581366435,49.9190709878699,-0.19956384980775,0.984016753903448,4.15451610100965,50.9437449853391,-0.968641275563212,0.00496030102634231
15.4166666666667,156.983856546879,161,41.4102581366435,48.8486630709384,-0.229318918514791,0.954261685196407,4.13371458854749,49.787736220051,-0.971290723460159,0.00364630852280911
15.4333333333333,156.408262424653,161,41.4102581366435,47.7506830212189,-0.250998276494731,0.932582327216467,4.11258883800017,48.6629160999121,-0.96830640759556,0.00255771462233896
15.45,155.850795918044,160,40.4102581366435,46.7208739936769,-0.269900572748067,0.913680030963131,4.09122869673329,47.5510989711503,-0.963260881272428,0.0015342448385626
15.4666666666667,155.311983843247,160,40.4102581366435,45.6615310911535,-0.281859413089228,0.90172119062197,4.06972095789153,46.4749582764795,-0.953619099202446,0.000716375307147916
15.4833333333333,154.792198227443,159,39.4102581366435,44.6691333684955,-0.292581909289102,0.890998694422096,4.0481326594092,45.4130465797874,-0.943170940334873,-7.15027230236422e-05
15.5,154.291617179831,159,39.4102581366435,43.6465450247851,-0.297966120675528,0.88561448303567,4.0265240211064,44.3861400448892,-0.929372203145823,-0.00069357011054915
15.5166666666667,153.81018497406,159,39.4102581366435,42.6906464273368,-0.303586525642789,0.879994078068409,4.00493619254945,43.3718451941361,-0.915879192290894,-0.00132370041287442
15.5333333333333,153.347574306391,158,38.4102581366435,41.7985054787976,-0.305114471925541,0.878466131785657,3.98340657017325,42.3906100109366,-0.899959894792528,-0.00182102250594825
15.55,152.903154482938,158,38.4102581366435,40.8733776659429,-0.300387912465615,0.883192691245583,3.96202544011185,41.4560181583265,-0.880363202419287,-0.00210910093159317
15.5666666666667,152.475969645114,157,37.4102581366435,40.0126362953543,-0.296175201939662,0.887405401771536,3.94083818873312,40.5403995251202,-0.861514444733619,-0.00239973762057427
15.5833333333333,152.064730951695,157,37.4102581366435,39.1198703627928,-0.28879674283709,0.894783860874108,3.9198713209677,39.660547014263,-0.841074907540089,-0.00257395968738197
15.6,151.667825762583,157,37.4102581366435,38.2924791311458,-0.283849400364129,0.899731203347069,3.89912877559574,38.7917294716652,-0.822644881618347,-0.00280998119187049
15.6166666666667,151.283345324633,156,36.4102581366435,37.5278480081873,-0.276803294940909,0.906777308770289,3.87861236607789,37.9531936892819,-0.803296929800585,-0.00296392999186351
15.6333333333333,150.909130442992,156,36.4102581366435,36.7293751950653,-0.265193710510534,0.918386893200664,3.85838107709391,37.1580529093807,-0.781528023703618,-0.00295269223462703
15.65,150.54283249084,156,36.4102581366435,35.9944377351052,-0.255463573429486,0.928117030281712,3.838454270995,36.3785938374411,-0.761507143790006,-0.002980142620664
15.6666666666667,150.181985286505,156,36.4102581366435,35.3204777623016,-0.243631023810269,0.939949579900929,3.81883767697157,35.6317800452949,-0.740664046566382,-0.00291960858234945
15.6833333333333,149.824082147799,155,35.4102581366435,34.7049234841418,-0.227553521679731,0.956027082031467,3.79958703670583,34.929064643282,-0.717695574967847,-0.00269861287434904
15.7,149.466652154038,155,35.4102581366435,34.051463902652,-0.206352233195037,0.977228370516161,3.78078243602892,34.2775268937163,-0.692150536288294,-0.00228287384085473
15.7166666666667,149.107330425035,154,34.4102581366435,33.4578488230898,-0.187436562134946,0.996144041576252,3.7624433139216,33.6450376612087,-0.668815470116845,-0.00190724118321631
15.7333333333333,148.743918202377,154,34.4102581366435,32.8279244748696,-0.167341083497903,1.0162395202133,3.74456331632572,33.0455063676539,-0.645428013970184,-0.00146274096554585
15.75,148.374429964591,154,34.4102581366435,32.2592102304263,-0.151616216846289,1.03196438686491,3.72711227789094,32.4524626324815,-0.625496603188209,-0.00112932656154978
15.7666666666667,147.997126605266,153,33.4102581366435,31.749083049462,-0.135545724223159,1.04803487948804,3.71005995091699,31.884196175,-0.605916883915433,-0.000760162165475642
15.7833333333333,147.610534864532,152,32.4102581366435,31.2008262596046,-0.116420756456618,1.06715984725458,3.69343691257085,31.3533616223905,-0.584979254431429,-0.000266948108648661
15.8,147.213454163553,152,32.4102581366435,30.6176712035902,-0.100434048642967,1.08314655506823,3.677238277992,30.8320765942123,-0.566650395845453,0.00015223771556464
15.8166666666667,146.804952890266,151,31.4102581366435,30.0966171710144,-0.0908597127224056,1.09272089098879,3.66138160996457,30.3013409647221,-0.552890483264646,0.000385517841668246
15.8333333333333,146.384356300749,151,31.4102581366435,29.5404017112219,-0.0815106519576949,1.1020699517535,3.64581533247825,29.7850381923024,-0.539618693979397,0.000624945157855907
15.85,145.951228170509,150,30.4102581366435,29.0453592842346,-0.0762978810794432,1.10728272263175,3.63049998976777,29.2638179332754,-0.529282807066502,0.000742387939951803
15.8666666666667,145.50534842076,149,29.4102581366435,28.513819359529,-0.0696447255312394,1.11393587817996,3.61541655517214,28.7607206232067,-0.518253295344279,0.000913492135810957
15.8833333333333,145.046688546718,148,28.4102581366435,27.9479443991063,-0.0659898392561443,1.11759076445505,3.6005486393117,28.2553747651092,-0.509358748864781,0.000995463390315786
15.9,144.575386273874,148,28.4102581366435,27.3497761322817,-0.0676625784280758,1.11591802528312,3.58582446155491,27.7338756826728,-0.503979090628455,0.000907877175138446
15.9166666666667,144.091720551628,147,27.4102581366435,26.814955851158,-0.0755654050748795,1.10801519863632,3.57114609089939,27.1873699206197,-0.502535548234146,0.000613598477880905
15.9333333333333,143.59608769589,146,26.4102581366435,26.2449356476492,-0.0822262194052047,1.10135438430599,3.55647648808742,26.6466585410793,-0.500157797320332,0.000347450503747338
15.95,143.088979230109,145,25.4102581366435,25.6410105954304,-0.0910132191265622,1.09256738458464,3.54180563955247,26.0967713414481,-0.499005521078602,1.69442924757883e-06
15.9666666666667,142.570961756566,145,25.4102581366435,25.004470890947,-0.103759463044598,1.0798211406666,3.52708094987857,25.5273159056284,-0.500179970805222,-0.000486228627289299
15.9833333333333,142.042659017648,144,24.4102581366435,24.430367456279,-0.121242979296906,1.06233762441429,3.51222867264575,24.931531514111,-0.504070267253405,-0.00114703992664965
16,141.504736180055,143,23.4102581366435,23.8197299945873,-0.136086085155347,1.04749451855585,3.49723609134949,24.3413092721443,-0.505913822307592,-0.00174651373036571
16.0166666666667,140.957886348076,143,23.4102581366435,23.1735839676727,-0.151861459029159,1.03171914468204,3.48211496025514,23.7421076967469,-0.508043443441115,-0.00239676699851892
16.0333333333333,140.402819237144,142,22.4102581366435,22.5870285388075,-0.170644430759754,1.01293617295144,3.4668306997222,23.1235634913294,-0.511750532378093,-0.00316631426512569
16.05,139.840251671137,142,22.4102581366435,21.9613151074473,-0.185965966701645,0.997614637009553,3.4513915097954,22.5146737374327,-0.512892668182202,-0.0038480132590959
16.0666666666667,139.270899744244,141,21.4102581366435,21.3917193880364,-0.201991608706597,0.981588995004601,3.43581767186271,21.8987220755611,-0.514198135193573,-0.00457212850779828
16.0833333333333,138.695472548271,140,20.4102581366435,20.7798990503539,-0.213666081057467,0.969914522653731,3.42014328230398,21.2997549191309,-0.512475683495979,-0.00517435390865399
16.1,138.114667128243,140,20.4102581366435,20.1276659382629,-0.226037861991225,0.957542741719973,3.40439558674989,20.6974296300616,-0.511030693417247,-0.00581258329216223
16.1166666666667,137.529164526264,139,19.4102581366435,19.5309113584047,-0.24202627531683,0.941554328394368,3.38853643932772,20.0773608825464,-0.5116883175537,-0.00658267637307975
16.1333333333333,136.939626848163,139,19.4102581366435,18.8915997690485,-0.255563343241053,0.928017260470145,3.37256031219156,19.465959082856,-0.510538183603075,-0.0072916073278258
16.15,136.34669505706,138,18.4102581366435,18.3056028670304,-0.270926269069439,0.912654334641759,3.35646964411274,18.8450071869868,-0.510348190186636,-0.00807487215822492
16.1666666666667,135.750987336894,138,18.4102581366435,17.6750493116835,-0.282999008874409,0.900581594836789,3.34028037544346,18.2378233072148,-0.507856005437556,-0.00876789758180069
16.1833333333333,135.153098022141,137,17.4102581366435,17.096057983442,-0.296680604580196,0.886899999131002,3.32400342094949,17.6238498852328,-0.506242679765616,-0.00952529272952066
16.2,134.553597076749,137,17.4102581366435,16.4710229519826,-0.307225345207542,0.876355258503656,3.30765503296965,17.0247396440862,-0.502483297427621,-0.0101943147929158
16.2166666666667,133.953032469489,136,16.4102581366435,15.8963090888129,-0.31972246051598,0.863858143195218,3.29124184992184,16.4188274883611,-0.499872796235751,-0.0109360659892628
16.2333333333333,133.351937904761,135,15.4102581366435,15.2745185359528,-0.329495714925657,0.854084888785541,3.27477374595272,15.8270897973301,-0.49541918461819,-0.0116006265725619
16.25,132.750823456389,134,14.4102581366435,14.6082289520426,-0.341629338673512,0.841951265037686,3.25825048806594,15.2274985663295,-0.492401869763807,-0.0123495803011378
16.2666666666667,132.150173005626,134,14.4102581366435,13.8999686680875,-0.358884477641195,0.824696126070003,3.24160760946093,14.6049412928545,-0.492498354425871,-0.0132761469131979
16.2833333333333,131.550445225641,133,13.4102581366435,13.2458894950874,-0.382428130045368,0.80115247366583,3.22474881475623,13.9497779687515,-0.496309800970745,-0.0144254509263212
16.3,130.952074588501,132,12.4102581366435,12.5479487274905,-0.404929847528136,0.778650756183062,3.20763542583014,13.2923821008398,-0.499060970561768,-0.0155670450768064
16.3166666666667,130.355472470358,131,11.4102581366435,11.8079253515109,-0.429814832246626,0.753765771464572,3.19025423075048,12.6176402575022,-0.50294938342685,-0.0168104922217689
16.3333333333333,129.761028197696,130,10.4102581366435,11.0275652447699,-0.458919099284636,0.724661504426562,3.17254901878179,11.9152278419337,-0.509078539047948,-0.0182184949943399
16.35,129.169110065783,129,9.41025813664355,10.2083940478632,-0.492992561839735,0.690588041871463,3.15444270924348,11.1785985789575,-0.517820184998504,-0.0198209079773657
16.3666666666667,128.580066484128,128,8.41025813664355,9.35164415507029,-0.532097608722216,0.651482994988982,3.13585198462229,10.4040125601234,-0.529095923732909,-0.0216261181416768
16.3833333333333,127.994227156985,127,7.41025813664355,8.45825251865625,-0.57590566530227,0.607674938408928,3.11669615743604,9.58969337306288,-0.542582966928046,-0.0236297072255771
16.4,127.411904169538,126,6.41025813664355,7.52889748637052,-0.623904459704374,0.559676144006824,3.09690186679296,8.73514993410354,-0.557855128995975,-0.0258206507155962
16.4166666666667,126.833393102187,125,5.41025813664355,6.56405278959924,-0.675532948835284,1.1835806037112,3.07640494935919,7.84066437062147,-0.574472385676334,-0.0281854680011799
16.4333333333333,126.258974147052,124,4.41025813664355,5.58753092282224,-0.788104837722928,1.1835806037112,3.06699994102349,6.87996152324235,-0.654693248255355,-0.0306806715888037
16.45,125.688912253389,124,4.41025813664355,4.62212056665733,-0.840105608629757,0.343474995081441,3.04516403030353,5.87431126213106,-0.669378572682134,-0.033130117250316
16.4666666666667,125.12345550306,123,3.41025813664355,3.73126940806112,-0.881249390337235,0.302331213373963,3.02153891642659,4.87819143856732,-0.673834765134384,-0.0354635564404205
16.4833333333333,124.562835027094,122,2.41025813664355,2.78685311541499,-0.912696544302732,0.270884059408466,2.99745078931605,3.91933854710858,-0.67162613748431,-0.0375179809976137
16.5,124.00726804096,121,1.41025813664355,1.79200503010974,-0.942413635264682,0.241166968446516,2.97299208280732,2.9680839802428,-0.668048123129863,-0.0395383617164538
16.5166666666667,123.456960901886,121,1.41025813664355,0.750160905972633,-0.975172989788899,0.208407613922299,2.94815053092117,2.00327256146632,-0.666162324531455,-0.0416772742131007
16.5333333333333,122.912111145658,120,0.410258136643549,-0.24148054944149,-1.01399690917542,0.183580603711198,2.92296588749743,1.01068715819941,-0.668045606643991,-0.0440192092748178
16.55,122.372908790556,119,-0.589741863356451,-1.2794433627889,-1.05451061248084,0.183580603711198,2.89786097272415,0.0161980771053047,-0.671807015311931,-0.0463552729723652
16.5666666666667,121.839537234788,119,-0.589741863356451,-2.35926514987736,-1.10064886799575,0.183580603711198,2.87290191539633,-0.998983144670797,-0.680118943217686,-0.0487977854788969
16.5833333333333,121.312173787323,118,-1.58974186335645,-3.38195434348899,-1.15411653249835,0.183580603711198,2.84809056153279,-2.04665853342161,-0.694097956846112,-0.0513952751771473
16.6,120.790989927977,118,-1.58974186335645,-4.44264236133611,-1.20740725354616,0.183580603711198,2.82342865933277,-3.09702710680599,-0.708896405537885,-0.0539070403102828
16.6166666666667,120.276151407654,118,-1.58974186335645,-5.44285262039996,-1.26335233202581,0.183580603711198,2.79891786185649,-4.16425403231846,-0.726311320553235,-0.0564236313600184
16.6333333333333,119.767818259979,117,-2.58974186335645,-6.38424042540818,-1.31543373440836,0.183580603711198,2.77455972964454,-5.22075419061523,-0.742097844094879,-0.0587406041109861
16.65,119.266144674084,117,-2.58974186335645,-7.36252239266002,-1.35952261414621,0.183580603711198,2.75035573327747,-6.24668555625037,-0.753509476571279,-0.0607354760920958
16.6666666666667,118.771275883368,117,-2.58974186335645,-8.2797488252254,-1.40108500972013,0.183580603711198,2.72630725587676,-7.26430384190514,-0.763994842262705,-0.0625896786909794
16.6833333333333,118.283342628581,116,-3.58974186335645,-9.13804735580153,-1.43563564553313,0.183580603711198,2.70241559554854,-8.25256992581866,-0.770594729480513,-0.0641676529560995
16.7,117.80246219385,116,-3.58974186335645,-10.0335559849934,-1.46059266954437,0.183580603711198,2.67868196777098,-9.19691332167253,-0.771551546991946,-0.0653981979253137
16.7166666666667,117.328740810512,116,-3.58974186335645,-10.8686989284594,-1.48257907469783,0.183580603711198,2.65510750772687,-10.1238118095247,-0.771063266183125,-0.0665000236715333
16.7333333333333,116.862275647897,115,-4.58974186335645,-11.6459335876051,-1.4979551542787,0.183580603711198,2.63169327258228,-11.0155860517738,-0.766727596029798,-0.0673637910538844
16.75,116.403156466796,115,-4.58974186335645,-12.4616867708773,-1.5047376964176,0.183580603711198,2.60844024371257,-11.8603186016076,-0.757190204458818,-0.067935859163892
16.7666666666667,115.951467000078,115,-4.58974186335645,-13.218633579176,-1.50995407060152,0.183580603711198,2.58534932887676,-12.6865625943781,-0.746930458269672,-0.0684457864465992
16.7833333333333,115.507286113973,114,-5.58974186335645,-13.9194472708509,-1.51021757020803,0.183580603711198,2.56242136434147,-13.4782432935535,-0.733731604599642,-0.0687899458358063
16.8,115.070688794961,114,-5.58974186335645,-14.6607382347418,-1.50368140042037,0.183580603711198,2.53965711695538,-14.2246655510001,-0.716350192431871,-0.0689165402721588
16.8166666666667,114.641747000538,113,-6.58974186335645,-15.3453354867395,-1.49742087127332,0.183580603711198,2.51705728617532,-14.9552955379495,-0.69931903047163,-0.0690541190725624
16.8333333333333,114.220530407326,113,-6.58974186335645,-16.0699904956887,-1.48803133379619,0.183580603711198,2.49462250604496,-15.6547224900027,-0.680431293308529,-0.069096000842463
16.85,113.807107086691,113,-6.58974186335645,-16.7376600552527,-1.48141667346637,0.183580603711198,2.47235334712718,-16.3487677777073,-0.663492025320122,-0.0692298363209566
16.8666666666667,113.4015441365,112,-7.58974186335645,-17.3512594409296,-1.47330187777643,0.183580603711198,2.45025031839101,-17.0192247897931,-0.645750777041127,-0.0693188797039134
16.8833333333333,113.003908297846,112,-7.58974186335645,-18.0076045121482,-1.46113709853671,0.183580603711198,2.42831386905419,-17.6537370413584,-0.625541148307723,-0.0692851423641684
16.9,112.614266587967,112,-7.58974186335645,-18.6096961772395,-1.45144024862065,0.183580603711198,2.4065443903822,-18.2804767314031,-0.607060037645706,-0.0693364341500205
16.9166666666667,112.23268698595,111,-8.58974186335645,-19.1604755420483,-1.44036362488575,0.183580603711198,2.3849422174448,-18.8830244787956,-0.587832992931973,-0.0693496207363485
16.9333333333333,111.859239217333,111,-8.58974186335645,-19.7567678768241,-1.42564126670258,0.183580603711198,2.36350763083083,-19.4503613579115,-0.566380049689775,-0.0692553586427369
16.95,111.493995699836,111,-8.58974186335645,-20.301568823804,-1.41396608300132,0.183580603711198,2.34224085832236,-20.0116400582879,-0.547016033557902,-0.0692663892712117
16.9666666666667,111.137032739288,110,-9.58974186335645,-20.7978011709688,-1.40158388032454,0.183580603711198,2.32114207652888,-20.5511397066082,-0.527332692436273,-0.069261782992118
16.9833333333333,110.788432110154,110,-9.58974186335645,-21.3422603313925,-1.38626234995266,0.183580603711198,2.30021141248241,-21.058318623396,-0.505877843709899,-0.0691724461789251
17,110.44828323427,110,-9.58974186335645,-21.8379019554152,-1.3746851537709,0.183580603711198,2.27944894519452,-21.5626344426397,-0.486966170018213,-0.0692100145175577
17.0166666666667,110.116686316166,109,-10.5897418633565,-22.2876000059447,-1.36305914807067,0.183580603711198,2.25885470717589,-22.0485382818026,-0.468169568306572,-0.0692515579030019
17.0333333333333,109.79375707475,109,-10.5897418633565,-22.7880934411133,-1.34909354478207,0.183580603711198,2.23842868591926,-22.5055590062234,-0.448002679433671,-0.0692254377686833
17.05,109.479634304274,109,-10.5897418633565,-23.2422749362881,-1.33940175486186,0.183580603711198,2.21817082534667,-22.9631484746171,-0.430738593220822,-0.0693404628990476
17.0666666666667,109.174492891862,109,-10.5897418633565,-23.6529499804483,-1.33011444570614,0.183580603711198,2.19808102722158,-23.4056956521534,-0.413902928699726,-0.0694707874711697
17.0833333333333,108.878568753719,108,-11.5897418633565,-24.0228330078731,-1.31886301228266,0.183580603711198,2.17815915252678,-23.8226266193388,-0.395962157122809,-0.0695419070808716
17.1,108.592215739331,108,-11.5897418633565,-24.4484954163761,-1.30436808444627,0.183580603711198,2.15840502280874,-24.2072100736523,-0.376070482179426,-0.0695160014996879
17.1166666666667,108.316061795006,108,-11.5897418633565,-24.8326559910384,-1.2939387214541,0.183580603711198,2.13881842148915,-24.5916635445598,-0.358944676793182,-0.0696246407740874
17.1333333333333,108.051113019642,108,-11.5897418633565,-25.1779415481189,-1.28416249836242,0.183580603711198,2.11939909514434,-24.9623777302187,-0.342405109178614,-0.0697564758436384
17.15,107.798516463425,107,-12.5897418633565,-25.4868844692517,-1.27294961203831,0.183580603711198,2.10014675475338,-25.3101853414101,-0.32510115800625,-0.0698454182269004
17.1666666666667,107.559344657717,107,-12.5897418633565,-25.8558719860504,-1.25916883678731,0.183580603711198,2.0810610769153,-25.6293017461019,-0.306287238824934,-0.0698576787039438
17.1833333333333,107.334496346243,107,-12.5897418633565,-26.1874377426553,-1.25018359490777,0.183580603711198,2.06214170503641,-25.952538957176,-0.2907203987927,-0.0700257800983882
17.2,107.124663626639,107,-12.5897418633565,-26.4840234591845,-1.24257047331837,0.183580603711198,2.04338825048813,-26.2666155570813,-0.276218981854973,-0.0702372452054823
17.2166666666667,106.930334047125,107,-12.5897418633565,-26.747977374164,-1.23418503986328,0.183580603711198,2.02480029373607,-26.5624931917691,-0.261401596671693,-0.0704235290258747
17.2333333333333,106.751809551819,107,-12.5897418633565,-26.9815528457852,-1.22381418669804,0.183580603711198,2.00637738544098,-26.8343703997509,-0.245473447267021,-0.0705476173615166
17.25,106.589232106088,107,-12.5897418633565,-27.1869075736283,-1.21090794808592,0.183580603711198,1.9881190475322,-27.0788860567484,-0.228060786004461,-0.0705945394824476
17.2666666666667,106.442610507841,106,-13.5897418633565,-27.3661033770876,-1.19537444326605,0.183580603711198,1.97002477425412,-27.2944919166843,-0.209083704329173,-0.070564183411122
17.2833333333333,106.311845605559,106,-13.5897418633565,-27.615057958852,-1.17742473237664,0.183580603711198,1.95209403318643,-27.4809611778845,-0.188659337383845,-0.0704659214119481
17.3,106.196752688989,106,-13.5897418633565,-27.8358386711386,-1.16527338387096,0.183580603711198,1.93432626623847,-27.6750582283237,-0.17209995731295,-0.0705585596500048
17.3166666666667,106.097080671097,106,-13.5897418633565,-28.0304261267524,-1.15598578630324,0.183580603711198,1.91672089061856,-27.8662130857808,-0.157550633238832,-0.0707436417454254
17.3333333333333,106.012528127265,106,-13.5897418633565,-28.2007143513402,-1.14764414638286,0.183580603711198,1.89927729977852,-28.0471483404918,-0.143789913815616,-0.0709579423808672
17.35,105.942756471952,106,-13.5897418633565,-28.3485108741627,-1.13907716299572,0.183580603711198,1.88199486433429,-28.213103445089,-0.130064032311794,-0.0711637894241614
17.3666666666667,105.887400636359,106,-13.5897418633565,-28.4755372356778,-1.12965099857614,0.183580603711198,1.86487293296281,-28.3612201552986,-0.11595818978447,-0.0713416372477465
17.3833333333333,105.846077623299,106,-13.5897418633565,-28.5834298640184,-1.11910898075835,0.183580603711198,1.84791083327601,-28.4900580176244,-0.101297399213323,-0.0714844208879675
17.4,105.818393292527,106,-13.5897418633565,-28.6737412758457,-1.10744987493096,0.183580603711198,1.83110787267221,-28.5992145126459,-0.0860708010210832,-0.0715933120785861
17.4166666666667,105.803947691055,106,-13.5897418633565,-28.7479415603112,-1.09483653636456,0.183580603711198,1.81446333916548,-28.689029163452,-0.0703745290950743,-0.0716745727172018
17.4333333333333,105.802339203749,106,-13.5897418633565,-28.8074201079592,-1.0815283564489,0.183580603711198,1.79797650219352,-28.760354782236,-0.0543691616032902,-0.0717372619774563
17.45,105.813168059774,106,-13.5897418633565,-28.8534875493538,-1.06783222545074,0.183580603711198,1.78164661340444,-28.814382199021,-0.0382485701895669,-0.0717916025434791
17.4666666666667,105.836039811735,107,-12.5897418633565,-28.8873778710142,-1.05406779722144,0.183580603711198,1.76547290742298,-28.8525074152174,-0.0222176157087713,-0.0718478513657445
17.4833333333333,105.870567197001,107,-12.5897418633565,-28.8162991909832,-1.04054370338785,0.183580603711198,1.74945460259657,-28.8762322511851,-0.00647665433118316,-0.0719155526118817
17.5,105.916370976257,107,-12.5897418633565,-28.7411430935626,-1.0197256155814,0.183580603711198,1.73359090172174,-28.8510391977421,0.0138596397366552,-0.0717591671812639
17.5166666666667,105.973080494841,107,-12.5897418633565,-28.6627246046176,-0.995335671212903,0.188244932498295,1.71788933493251,-28.7903724385244,0.0364156974860199,-0.0715016576056999
17.5333333333333,106.040334041029,107,-12.5897418633565,-28.5816238759875,-0.97138254521944,0.212198058491758,1.70262386224562,-28.7053004933336,0.0580318163394772,-0.0712293092461782
17.55,106.117779050846,107,-12.5897418633565,-28.4975393824866,-0.95008937728697,0.233491226424228,1.6878893808872,-28.6052642983102,0.0770762168529214,-0.07099669582978
17.5666666666667,106.205072190682,108,-11.5897418633565,-28.4096435056677,-0.932152846529433,0.251427757181765,1.67363376298185,-28.4968181086706,0.0932074993008916,-0.0708314216670336
17.5833333333333,106.30187928324,108,-11.5897418633565,-28.2234746795706,-0.917640209467724,0.265940394243474,1.65979882473979,-28.3839504801651,0.106496629509542,-0.0707414557822238
17.6,106.407875044084,108,-11.5897418633565,-28.0386386577857,-0.898781448820274,0.284799154890924,1.64639633457132,-28.2329335922441,0.121946373560661,-0.0704791763555478
17.6166666666667,106.522742809066,108,-11.5897418633565,-27.8547451910312,-0.878980608160798,0.3045999955504,1.63346696450951,-28.0572351170959,0.13731298177816,-0.0701500513627272
17.6333333333333,106.646174243324,109,-10.5897418633565,-27.6712590529076,-0.860290771492727,0.323289832218471,1.62100642807066,-27.8667306824847,0.151297991347809,-0.0698205058246064
17.65,106.777868954787,109,-10.5897418633565,-27.3937559279923,-0.843790998066595,0.339789605644603,1.60898474778334,-27.6683016167004,0.16327177187135,-0.0695281610608647
17.6666666666667,106.917534162275,109,-10.5897418633565,-27.1217333160084,-0.822419560739701,0.361161042971497,1.59742766970358,-27.430554718596,0.17775667529664,-0.0690466777993711
17.6833333333333,107.064884388666,109,-10.5897418633565,-26.8546231653219,-0.80004175896566,0.383538844745538,1.58638019617275,-27.168723955189,0.192204147433987,-0.0684958083624021
17.7,107.219641085385,109,-10.5897418633565,-26.5916918511787,-0.778983561085272,0.404597042625926,1.57583633863777,-26.893939763375,0.205142362296549,-0.0679507983942561
17.7166666666667,107.38153226548,110,-9.58974186335645,-26.3322761915332,-0.760461883947,0.423118719764198,1.56576106446398,-26.6139143446126,0.215860735425979,-0.0674540799385339
17.7333333333333,107.55029211905,110,-9.58974186335645,-25.981950192014,-0.74494535345105,0.438635250260148,1.55610565469586,-26.3336958932031,0.224151079466942,-0.0670253679995762
17.75,107.725660732965,110,-9.58974186335645,-25.6402720993168,-0.724953523046325,0.458627080664873,1.54688564000705,-26.0204373693107,0.234818952595156,-0.0664257471047017
17.7666666666667,107.907383865707,110,-9.58974186335645,-25.3067542941139,-0.704084600137894,0.479496003573304,1.53814147955328,-25.6882824617373,0.245491677990132,-0.0657667123007025
17.7833333333333,108.095212670754,110,-9.58974186335645,-24.9807369810423,-0.684510112275733,0.499070491435465,1.5298661218469,-25.347585212594,0.254794944678765,-0.0651185316720725
17.8,108.288903437182,110,-9.58974186335645,-24.6616099662089,-0.667371159705702,0.516209444005496,1.52202536852911,-25.0055324676449,0.262061994377404,-0.0645210004096368
17.8166666666667,108.488217315413,110,-9.58974186335645,-24.3489249299173,-0.653111666384605,0.530468937326593,1.51457216096382,-24.6668350251651,0.267094336981621,-0.0639927581998103
17.8333333333333,108.692920146081,110,-9.58974186335645,-24.0424348429975,-0.641739792851847,0.541840810859351,1.50745592501927,-24.3343799116344,0.269977521936867,-0.0635387773760301
17.85,108.902782340194,110,-9.58974186335645,-23.7420888680321,-0.633020622993396,0.550559980717802,1.50062815032028,-24.00978872994,0.27094778927968,-0.0631560085925662
17.8666666666667,109.117578705094,110,-9.58974186335645,-23.4480033480166,-0.626609486790739,0.556971116920459,1.49404527200913,-23.6938621409218,0.270301635982816,-0.0628373816544183
17.8833333333333,109.337088349634,109,-10.5897418633565,-23.1604229207604,-0.6221376901321,0.561442913579098,1.4876697445042,-23.3869121416288,0.268339127855199,-0.0625744535656992
17.9,109.561094691595,109,-10.5897418633565,-22.9736320995653,-0.619262443347765,1.1835806037112,1.48146999924526,-23.0889955437791,0.265332141750575,-0.0623590155014476
17.9166666666667,109.789385485625,109,-10.5897418633565,-22.7666825277204,-0.67561193691371,1.1835806037112,1.48568637828408,-22.859764593948,0.202158832070164,-0.0624012403279075
17.9333333333333,110.021751986041,109,-10.5897418633565,-22.5213058522779,-0.731720812852382,1.1835806037112,1.49001185666727,-22.6895412791978,0.139565173238809,-0.0624127263128318
17.95,110.257986500892,109,-10.5897418633565,-22.2428994983081,-0.779474309232089,1.1835806037112,1.49444180442386,-22.5404608089694,0.0828237399443383,-0.0621413487243297
17.9666666666667,110.49788047196,109,-10.5897418633565,-21.9364357404204,-0.796087541223416,1.1835806037112,1.49527694243233,-22.3831354809666,0.0546644918205527,-0.0614565404982715
17.9833333333333,110.741223629059,109,-10.5897418633565,-21.6064834971005,-0.793160909360007,1.1835806037112,1.49508138554762,-22.1905669184565,0.0420599983875748,-0.0603456655047249
18,110.987803793287,108,-11.5897418633565,-21.2572297402126,-0.805518097752522,0.378062505958676,1.50068819930416,-21.9591842033554,0.00788553326135312,-0.058859002585466
18.0166666666667,111.237407111522,108,-11.5897418633565,-21.0144573565787,-0.789599125514829,1.1835806037112,1.50309821637931,-21.700499149628,-0.000157631843976111,-0.0570307009718266
18.0333333333333,111.489819559856,108,-11.5897418633565,-20.7784716815422,-0.784636831840719,1.1835806037112,1.50799234062005,-21.461958532461,-0.01958850374995,-0.0552217675789207
18.05,111.744829483338,108,-11.5897418633565,-20.521878579936,-0.777577896208038,1.1835806037112,1.5129679951882,-21.2391325599972,-0.0368052914081545,-0.0533931042450355
18.0666666666667,112.002227529438,108,-11.5897418633565,-20.2481892151761,-0.765457168973455,1.1835806037112,1.51802126441487,-21.0163070335524,-0.0498919667204947,-0.0514535280429621
18.0833333333333,112.261805925328,108,-11.5897418633565,-19.9606165207886,-0.746890346656016,1.1835806037112,1.52314833793522,-20.7835759960114,-0.0579352058110658,-0.0493644977282328
18.1,112.523358257242,108,-11.5897418633565,-19.6620918449073,-0.721580187837941,1.1835806037112,1.52834550830691,-20.5353217739205,-0.0607179684710754,-0.0471228293664158
18.1166666666667,112.786679551569,108,-11.5897418633565,-19.3552811703348,-0.689945119080719,1.1835806037112,1.53360916867808,-20.2690325543759,-0.058487748270085,-0.0447478391241243
18.1333333333333,113.051566515645,108,-11.5897418633565,-19.0426008763975,-0.652843638568961,1.1835806037112,1.5389358105038,-19.9843893392619,-0.0517834796406004,-0.0422719290116526
18.15,113.317817857374,108,-11.5897418633565,-18.7262330147624,-0.611373234074954,1.1835806037112,1.54432202131004,-19.6825670504235,-0.0413082530604323,-0.039733831149625
18.1666666666667,113.585234636515,108,-11.5897418633565,-18.4081400768149,-0.566726841118688,1.1835806037112,1.54976448250435,-19.3657051436434,-0.0278375630811906,-0.037173887827723
18.1833333333333,113.853620619553,108,-11.5897418633565,-18.0900792351473,-0.520093357231304,1.1835806037112,1.55525996723208,-19.03651173872,-0.0121549023756696,-0.0346308751688172
18.2,114.122782621351,108,-11.5897418633565,-17.7736160461995,-0.472591547863017,1.1835806037112,1.56080533827748,-18.6979723289563,0.00499179422408153,-0.0321399833238774
18.2166666666667,114.392530823643,108,-11.5897418633565,-17.4601376051682,-0.425228951420159,1.1835806037112,1.56639754600865,-18.3531398787987,0.022917986274586,-0.0297316505071546
18.2333333333333,114.662679064745,108,-11.5897418633565,-17.150865147967,-0.378879216212962,1.1835806037112,1.57203362636557,-18.0049877872545,0.0410186757410859,-0.0274310157048102
18.25,114.933045097676,109,-10.5897418633565,-16.8468660983188,-0.334272763841618,1.1835806037112,1.57771069889014,-17.6563109805568,0.0587760143840785,-0.025257808727953
18.2666666666667,115.203450815712,109,-10.5897418633565,-16.4551140730879,-0.291996839988034,1.1835806037112,1.58342596479775,-17.3096634601213,0.0757608117635186,-0.023226539034902
18.2833333333333,115.473722445651,109,-10.5897418633565,-16.0762067762756,-0.244685494209416,1.1835806037112,1.58917670508924,-16.9312710066103,0.0967006973674086,-0.0211029692199587
18.3,115.743690709843,109,-10.5897418633565,-15.7106138939157,-0.196097621193158,1.1835806037112,1.59496027870252,-16.5350464034887,0.119166201580851,-0.0190084488550527
18.3166666666667,116.013190958578,109,-10.5897418633565,-15.3586882535486,-0.14890256764164,1.1835806037112,1.60077412070325,-16.1317359795702,0.14140342933385,-0.017025962847477
18.3333333333333,116.282063274734,110,-9.58974186335645,-15.0206768163113,-0.104921597206533,1.1835806037112,1.60661574051349,-15.7295338944461,0.162187939810854,-0.0152090142646497
18.35,116.550152552762,110,-9.58974186335645,-14.6027795056933,-0.0653223478094813,1.1835806037112,1.61248272017788,-15.3345854180476,0.18070661250787,-0.0135887317800318
18.3666666666667,116.817308554156,110,-9.58974186335645,-14.2048658224323,-0.0229583364200584,1.1835806037112,1.61837271266629,-14.9153463346257,0.201533370064083,-0.0119356189401021
18.3833333333333,117.083385941571,111,-8.58974186335645,-13.8267213752651,0.0184390446608182,1.1835806037112,1.62428344021252,-14.4869490436423,0.222244444637859,-0.0103678686258307
18.4,117.348244293677,111,-8.58974186335645,-13.3741061192929,0.0563890243049446,1.1835806037112,1.63021269268807,-14.0606230703402,0.241197352277431,-0.0089603763622231
18.4166666666667,117.611748102797,111,-8.58974186335645,-12.946470811365,0.0971725533833081,1.1835806037112,1.63615832601048,-13.6084696962323,0.262415428407919,-0.00751188707347145
18.4333333333333,117.873766757238,112,-7.58974186335645,-12.5432032939968,0.136523618917191,1.1835806037112,1.64211826058534,-13.1481590237496,0.283131615765978,-0.00615749818563341
18.45,118.134174510122,112,-7.58974186335645,-12.0696864103061,0.171667192041676,1.1835806037112,1.64809047978156,-12.6926132311798,0.301511753753414,-0.00498089947650628
18.4666666666667,118.39285043642,112,-7.58974186335645,-11.62501406932,0.20876059807523,1.1835806037112,1.65407302843895,-12.2149888519078,0.32149604095083,-0.0037839837848157
18.4833333333333,118.649678379742,113,-6.58974186335645,-11.2082370823487,0.243531610563289,1.1835806037112,1.6600640114077,-11.7335371099063,0.34030978286771,-0.00270121239336041
18.5,118.904546890313,113,-6.58974186335645,-10.7244205813834,0.273276213591335,1.1835806037112,1.66606159211896,-11.2614148048576,0.356161587781218,-0.00181324490393277
18.5166666666667,119.157349155478,114,-5.58974186335645,-10.2723595466567,0.304270022835012,1.1835806037112,1.67206399118598,-10.7717656900786,0.373065999510562,-0.000917571485993596
18.5333333333333,119.407982923911,114,-5.58974186335645,-9.75687258328582,0.332384422186001,1.1835806037112,1.67806948503514,-10.2826571477527,0.388340325447978,-0.000143614237975214
18.55,119.656350425006,114,-5.58974186335645,-9.2765171791849,0.362885011280609,1.1835806037112,1.68407640456637,-9.77089723529905,0.405363612795373,0.000677035829345731
18.5666666666667,119.902358013098,115,-4.58974186335645,-8.82983515683485,0.390948066560315,1.1835806037112,1.69008313384221,-9.25724250020821,0.421012852918936,0.00139189276088525
18.5833333333333,120.145914767011,115,-4.58974186335645,-8.32140961365509,0.413564143418214,1.1835806037112,1.69608810880506,-8.75648425602405,0.433303244254612,0.0019105948487471
18.6,120.386931998611,116,-3.58974186335645,-7.84957989065114,0.436877182089779,1.1835806037112,1.70208981602206,-8.24274719176661,0.446166136860487,0.00243172048114271
18.6166666666667,120.625323551467,116,-3.58974186335645,-7.31873472083052,0.456745625229105,1.1835806037112,1.70808679145687,-7.73459648635114,0.456911690904971,0.00282576417563342
18.6333333333333,120.861006067485,117,-2.58974186335645,-6.82702680022374,0.478499475260197,1.1835806037112,1.71407761926807,-7.20898776115531,0.468961999566012,0.00326346993720633
18.65,121.09389919832,117,-2.58974186335645,-6.27866601596119,0.497426046108287,1.1835806037112,1.72006093063343,-6.68657779569276,0.479267981561683,0.00359605932909759
18.6666666666667,121.323925770777,117,-2.58974186335645,-5.771634049801,0.518467620910534,1.1835806037112,1.72603540259957,-6.14583770953729,0.4910063236439,0.00398141072783987
18.6833333333333,121.551011913844,118,-1.58974186335645,-5.30392908445486,0.536660634506462,1.1835806037112,1.73199975695663,-5.60849409988556,0.500967912994785,0.00426260873638653
18.7,121.775087153657,118,-1.58974186335645,-4.77962192105461,0.548980593711657,1.1835806037112,1.73795275913721,-5.08979813825542,0.50716164352242,0.00434891478354449
18.7166666666667,121.996102932341,118,-1.58974186335645,-4.29657005993369,0.561637138588114,1.1835806037112,1.74389321713934,-4.56396652213632,0.513564840091852,0.00444106324446338
18.7333333333333,122.214287590171,119,-0.589741863356451,-3.85266139559217,0.570602571983905,1.1835806037112,1.74981998047278,-4.04939859805919,0.517565417304916,0.00441312890626158
18.75,122.43002115129,119,-0.589741863356451,-3.3518693644606,0.573528792078668,1.1835806037112,1.75573193912829,-3.55876268974139,0.5176091097147,0.00419615974778449
18.7666666666667,122.643617068627,119,-0.589741863356451,-2.89196609788131,0.577100207660497,1.1835806037112,1.7616280225694,-3.06428822432808,0.517984889567048,0.00400560110082145
18.7833333333333,122.855326979905,119,-0.589741863356451,-2.4707652311874,0.577608580373263,1.1835806037112,1.7675071987462,-2.58286192561567,0.516295233037936,0.00372485710636105
18.8,123.065351091835,119,-0.589741863356451,-2.08612769521654,0.572906881825498,1.1835806037112,1.77336847313065,-2.12601610476917,0.511125844301393,0.00329026561049676
18.8166666666667,123.273846851617,119,-0.589741863356451,-1.73596711552072,0.561975067875859,1.1835806037112,1.77921088777308,-1.70119360317716,0.501778124876363,0.00267567060411675
18.8333333333333,123.480936190296,118,-1.58974186335645,-1.41825436333654,0.544585576437411,1.1835806037112,1.78503352037938,-1.31274966515978,0.488062075294053,0.00188064712754816
18.85,123.686711574937,118,-1.58974186335645,-1.2249728162064,0.521048030352694,1.1835806037112,1.79083548340845,-0.962741537533471,0.470137347312403,0.000921611387971483
18.8666666666667,123.891241066978,118,-1.58974186335645,-1.05441446766082,0.484200114230597,1.1835806037112,1.79661592318951,-0.68759936079566,0.443321622128965,-0.000418711205781378
18.8833333333333,124.094572551123,118,-1.58974186335645,-0.904944842178096,0.43833166708376,1.1835806037112,1.8023740190589,-0.474577565033882,0.410308441500205,-0.00199230244948834
18.9,124.296737271791,118,-1.58974186335645,-0.775003518625298,0.386852450770325,1.1835806037112,1.80810898251592,-0.312979832151755,0.373260417203286,-0.00368383778724374
18.9166666666667,124.497752791218,118,-1.58974186335645,-0.663103759297544,0.332444527545343,1.1835806037112,1.81382005639731,-0.193839157083412,0.333898800597702,-0.00540479828473271
18.9333333333333,124.697625464402,118,-1.58974186335645,-0.567831815882279,0.277190407449024,1.1835806037112,1.81950651407009,-0.1096464835397,0.293579047282425,-0.00708854066391838
18.95,124.896352510191,118,-1.58974186335645,-0.48784595097389,0.222680630943778,1.1835806037112,1.82516765864224,-0.0541207457473865,0.253354471859983,-0.00868617835667754
18.9666666666667,125.093923744699,118,-1.58974186335645,-0.421875210958754,0.170103916245351,1.1835806037112,1.83080282219091,-0.0220141771398373,0.21402978391292,-0.010163148253936
18.9833333333333,125.290323032224,118,-1.58974186335645,-0.368717983414475,0.12032254112296,1.1835806037112,1.83641136500793,-0.0089476323398931,0.176206035380882,-0.011496356429306
19,125.485529499747,119,-0.589741863356451,-0.327240369618787,0.0739352349654794,1.1835806037112,1.84199267486199,-0.0112714297265714,0.140318285657126,-0.0126718120383612
19.0166666666667,125.679518553444,119,-0.589741863356451,-0.202422912423511,0.0313295194609427,1.1835806037112,1.84754616627739,-0.0259478754585131,0.106667098762652,-0.0136826722131209
19.0333333333333,125.872262729327,120,0.410258136643549,-0.0930656321474474,0.000541593873261185,1.1835806037112,1.85307127982895,-0.0144000944475015,0.0805156981466484,-0.0142837230841262
19.05,126.063732404832,121,1.41025813664355,0.0959279874549881,-0.0217752434248196,1.1835806037112,1.85856748145265,0.0135410507823417,0.059803422395027,-0.0145938952081679
19.0666666666667,126.253896393771,122,2.41025813664355,0.35979634696231,-0.0302772043541518,1.1835806037112,1.86403426177182,0.0866120151027272,0.0480746429846076,-0.014456768525146
19.0833333333333,126.442722443387,123,3.41025813664355,0.693927289684071,-0.0223841459769134,1.1835806037112,1.86947113543843,0.223592380787364,0.0471182539518992,-0.0138079327202733
19.1,126.630177649182,124,4.41025813664355,1.09386457132749,0.00253642543344651,1.1835806037112,1.87487764048928,0.435741670087014,0.0574727363878647,-0.0126462443570404
19.1166666666667,126.816228800658,125,5.41025813664355,1.55531285559789,0.0437923689572013,1.1835806037112,1.88025333771671,0.728719210461599,0.0788139230036278,-0.0110121154714544
19.1333333333333,127.000842668924,126,6.41025813664355,2.07414137169977,0.0998373623676201,1.1835806037112,1.88559781005351,1.10408816827815,0.110249709965264,-0.00897132754185483
19.15,127.183986245407,128,8.41025813664355,2.64638636149202,0.168621370921956,1.1835806037112,1.89091066197185,1.56048612670021,0.15054130397065,-0.00660316162744891
19.1666666666667,127.365626939354,129,9.41025813664355,3.36220392402011,0.2478473092464,1.1835806037112,1.89619151889574,2.09452918335084,0.198266784941827,-0.0039918770415315
19.1833333333333,127.545732740623,130,10.4102581366435,4.11816344277959,0.342971309762199,1.1835806037112,1.901440026627,2.73755600176926,0.257010534329994,-0.000976857756247129
19.2,127.72427235318,131,11.4102581366435,4.91100959417836,0.448262919564015,1.1835806037112,1.90665585078419,3.47212122058135,0.323138508742978,0.00224753214113781
19.2166666666667,127.901215303872,132,12.4102581366435,5.73765977915541,0.55911732034811,1.1835806037112,1.91183867625443,4.28323931060985,0.393695046663534,0.0055289565018164
19.2333333333333,128.076532030324,133,13.4102581366435,6.595200510518,0.671880552964093,1.1835806037112,1.91698820665774,5.15806670078896,0.466301447985335,0.00875019808952933
19.25,128.250193951178,134,14.4102581366435,7.48088335964649,0.78369799770725,1.96727860141845,1.92210416382369,6.08562054007289,0.539067603387428,0.0118232109492323
19.2666666666667,128.422173474897,135,15.4102581366435,8.41936732478151,0.82624441488501,2.00982501859621,1.94073610548931,7.02557678137502,0.538866416532422,0.0147186623060534
19.2833333333333,128.592442874511,136,16.4102581366435,9.43366181611472,0.867898398841983,2.05147900255318,1.96003185108405,7.96443560621316,0.537750045154465,0.0176109953935995
19.3,128.760971043049,137,17.4102581366435,10.5182682599744,0.914882617305068,2.09846322101627,1.98002900773109,8.9309180459187,0.539672326826326,0.020701198242899
19.3166666666667,128.927720674486,138,18.4102581366435,11.6680948292188,0.970254376889587,2.15383498060079,2.00084081605062,9.94366461752931,0.546425477263158,0.0240960099164321
19.3333333333333,129.092646612476,139,19.4102581366435,12.8787584390414,1.03497661607531,2.21855721978651,2.02261270004025,11.0135993613273,0.558404566548561,0.0278380989825613
19.35,129.255694939667,139,19.4102581366435,14.1466682100037,1.10874231949781,2.29232292320901,2.04549455767229,12.1460882857381,0.575185297768773,0.0319298457200517
19.3666666666667,129.416802529253,140,20.4102581366435,15.3750279589784,1.1905711170433,2.3741517207545,2.06962482720349,13.3427446899567,0.595934446157322,0.0363509488072525
19.3833333333333,129.575896821878,141,21.4102581366435,16.6614311934822,1.27173071937354,2.45531132308474,2.09505490929723,14.5668995329361,0.614972118760935,0.0408266594430141
19.4,129.732895660468,141,21.4102581366435,18.0037029557662,1.35481053964858,2.53839114335978,2.12179221028666,15.8289184027025,0.633986088617408,0.0454386528336206
19.4166666666667,129.88770722034,142,22.4102581366435,19.3057218183344,1.44121501312946,2.62479561684065,2.14987664899583,17.1356551966149,0.653846751570385,0.0502337389839596
19.4333333333333,130.040229903439,142,22.4102581366435,20.6652752470015,1.52404952326898,2.70763012698018,2.17929618413927,18.4552345617734,0.670163281444083,0.0549901027406966
19.45,130.190352246599,142,22.4102581366435,21.9861476372191,1.6072352682752,2.7908158719864,2.21002105627747,19.8020393056537,0.685540680824155,0.0598286520729535
19.4666666666667,130.337952951604,143,23.4102581366435,23.2717903149641,1.68559856369748,2.86917916740867,2.24200460233355,21.1501293263715,0.696749515831323,0.0645795108183277
19.4833333333333,130.482900887784,143,23.4102581366435,24.6192483078147,1.75666804845901,2.9402486521702,2.27513771954427,22.4823505127095,0.702400471247035,0.0691535262614184
19.5,130.625055107133,143,23.4102581366435,25.9312125200531,1.82722862645844,3.01080923016964,2.30935375583642,23.8241791390618,0.70699268337738,0.0737600232616058
19.5166666666667,130.764264978724,143,23.4102581366435,27.2099856988453,1.89379120057946,3.07737180429066,2.3446065946727,25.1575495326594,0.70836862806945,0.0782833147425525
19.5333333333333,130.900370360286,143,23.4102581366435,28.4576268527715,1.95473101520669,3.13831161891788,2.38080841384211,26.4705463026507,0.705637530953901,0.0826635456724033
19.55,131.033201839004,143,23.4102581366435,29.6757906666753,2.00964005287507,3.19322065658627,2.41785513262375,27.7559238915353,0.698714699554556,0.0868783631819566
19.5666666666667,131.162580979472,142,22.4102581366435,30.8656930960622,2.05883422095997,3.24241482467117,2.45564239170149,29.0097796046494,0.687977284261408,0.0909286417418406
19.5833333333333,131.288320694901,142,22.4102581366435,31.9341985757882,2.10300078865517,3.28658139236636,2.49407453009163,30.2304585807401,0.674022599681143,0.0948280338861552
19.6,131.41022574779,142,22.4102581366435,32.9816013368449,2.13547940303484,3.31906000674603,2.53300077673406,31.3817685657971,0.652799804236921,0.0983517884938559
19.6166666666667,131.528093323367,141,21.4102581366435,34.0076881427464,2.16093694546731,3.34451754917851,2.57226149553315,32.476647294352,0.627563853521146,0.101635134271034
19.6333333333333,131.64171371021,141,21.4102581366435,34.9177749098798,2.1826398266792,3.36622043039039,2.61176280362382,33.5254838050592,0.600553004199761,0.104774714573769
19.65,131.750871129406,140,20.4102581366435,35.8107485961945,2.19524157747412,3.37882218118532,2.65138760538871,34.5001792112347,0.568490675989832,0.107591236631768
19.6666666666667,131.855344589689,140,20.4102581366435,36.5913047534439,2.20387803288708,3.38745863659828,2.69102439772861,35.4187186620231,0.534840166133176,0.110239661393223
19.6833333333333,131.954908777433,139,19.4102581366435,37.357680736765,2.20428254819035,3.38786315190155,2.73056272645745,36.2583893246584,0.497001001006402,0.11257600812655
19.7,132.04933490608,139,19.4102581366435,38.0140017506537,2.20211444035462,3.38569504406581,2.76991084716633,37.0407680162404,0.458733281540072,0.114773955316465
19.7166666666667,132.138391634273,138,18.4102581366435,38.6580637286213,2.1932648167557,3.3768454204669,2.80898356467327,37.7453668042292,0.417489877833778,0.116697027528659
19.7333333333333,132.221846055614,138,18.4102581366435,39.1936910725009,2.1833308885797,3.3669114922909,2.84771507075405,38.3950073081471,0.376942857269143,0.118519412033322
19.75,132.299464702481,137,17.4102581366435,39.7185089832657,2.16802674994328,3.35160735365448,2.88604403856048,38.9697873774363,0.334387771758307,0.12010124857361
19.7666666666667,132.37101459912,137,17.4102581366435,40.1362795713693,2.15272838016379,3.33630898387499,2.92392516722047,39.4927045709608,0.293317605425832,0.121611589500996
19.7833333333333,132.436264403994,136,16.4102581366435,40.5446488745694,2.1329283376253,3.3165089413365,2.96131392788911,39.9438046304927,0.250855731915114,0.122905065079024
19.8,132.49498545208,136,16.4102581366435,40.847458465569,2.1138050140751,3.2973856177863,2.99817831974413,40.3459293640256,0.210344938783982,0.124145642270536
19.8166666666667,132.546952716884,135,15.4102581366435,41.1424711698038,2.09068803061668,3.27426863432788,3.03448411244052,40.6789440315851,0.168786281693712,0.1251836814698
19.8333333333333,132.591945789441,135,15.4102581366435,41.3336655414634,2.06862952586813,3.25221012957933,3.07020720018445,40.9655302803081,0.129428283278102,0.126179818451062
19.85,132.629749788408,134,14.4102581366435,41.5189486887188,2.04286657653407,3.22644718024527,3.10531943146681,41.1854349098356,0.0892027844495894,0.126981982545507
19.8666666666667,132.660156230766,134,14.4102581366435,41.6024416647613,2.01838707789577,3.20196768160696,3.13980147876927,41.3612687734366,0.051309721330915,0.127749155127408
19.8833333333333,132.682963731913,134,14.4102581366435,41.6821863548117,1.99038601757623,3.17396662128743,3.17362908670285,41.4727523705266,0.0126482639768363,0.128328231268506
19.9,132.697978594932,133,13.4102581366435,41.7563788495903,1.96382548690082,3.14740609061202,3.20678625962442,41.5425069172949,-0.0236027547578602,0.128877620941046
19.9166666666667,132.705015477438,133,13.4102581366435,41.7294161566079,1.94136893906855,3.12494954277975,3.23931965796542,41.5862300968161,-0.0558472238240408,0.129487976328616
19.9333333333333,132.703898055912,133,13.4102581366435,41.6998586602006,1.91663392079351,3.10021452450471,3.27123874108769,41.5782565779324,-0.0882527877220763,0.129958717256791
19.95,132.694459556367,132,12.4102581366435,41.66649939179,1.89359202422768,3.07717262793888,3.30254003992259,41.537267340121,-0.118293235263538,0.130417564387061
19.9666666666667,132.676543217038,132,12.4102581366435,41.534310335445,1.87434950219574,3.05793010590694,3.33327001291532,41.4762583567214,-0.144724718448049,0.130937151978883
19.9833333333333,132.650002575362,132,12.4102581366435,41.402350865242,1.85226699046207,3.03584759417326,3.36343125820924,41.367847947143,-0.171862999478659,0.131307870839687
20,132.614701649265,131,11.4102581366435,41.2698146581695,1.83125268094093,3.01483328465213,3.39301086002206,41.2297358413072,-0.19720159372308,0.131654368570109
20.0166666666667,132.570811164158,131,11.4102581366435,41.0419736618666,1.81346231501441,2.9970429187256,3.42204576913546,41.074450478172,-0.219444161527636,0.132049819431801
20.0333333333333,132.521182861852,131,11.4102581366435,40.8180955533236,1.79236200597559,2.97594260968679,3.45053039221659,40.8744763600461,-0.242820649295067,0.13228707499448
20.05,132.469387178044,131,11.4102581366435,40.5975049875768,1.77198383165622,2.95556443536742,3.47844554006414,40.6475762233591,-0.264730551239685,0.13249401723148
20.0666666666667,132.416343697556,131,11.4102581366435,40.3794947822182,1.77427642177489,2.42557409895362,3.50183562482425,40.4106202579209,-0.262524688593668,0.132745516726893
20.0833333333333,132.365014793526,130,10.4102581366435,40.1457293538206,1.80020165863427,2.44372176475518,3.5204736516129,40.1984508534584,-0.235334569429784,0.133022124149021
20.1,132.320245001723,130,10.4102581366435,39.7874546282112,1.82229296629504,2.45918568011773,3.53917571319909,39.9991594861896,-0.211307765035877,0.133205170238905
20.1166666666667,132.287362764102,130,10.4102581366435,39.4102724196563,1.82969838383044,2.46436947239251,3.55783017614993,39.7576775658049,-0.197257964396748,0.132942247216622
20.1333333333333,132.271858613087,130,10.4102581366435,39.0188178339686,1.82504432562839,2.46111163165107,3.5762832289497,39.4751509823847,-0.191258455410468,0.132307580818656
20.15,132.279781764163,130,10.4102581366435,38.616642836619,1.8110954039994,2.45134738651078,3.59441277753658,39.1555623923909,-0.191344122167288,0.131381799266597
20.1666666666667,132.320035948972,130,10.4102581366435,38.2064475217775,1.79043489071211,2.43688502720967,3.61212807344019,38.8042600684851,-0.19571559973241,0.130241701102935
20.1833333333333,132.412656450564,130,10.4102581366435,37.7902893128439,1.76529791866833,2.41928914677903,3.62936654796501,38.4269796466382,-0.20284107982552,0.12895472553447
20.2,132.604104847978,130,10.4102581366435,37.3697596828765,1.73750819828275,2.39983634250912,3.6460893355908,38.0292412928108,-0.211489689374745,0.127576646809008
20.2166666666667,132.961184197237,130,10.4102581366435,36.9461254896587,1.70848019903337,2.37951674303455,3.66227646267607,37.6160193887414,-0.22072238863745,0.126151338983181
20.2333333333333,133.530117195538,130,10.4102581366435,36.520436606912,1.67925875738612,2.35906173388148,3.67792229410321,37.1915999179334,-0.229859305514861,0.124711752905768
20.25,134.322255017764,131,11.4102581366435,36.0936040096629,1.65057647957689,2.33898413941502,3.69303155735775,36.7595593969985,-0.238436597393797,0.123281498496194
20.2666666666667,135.329370403727,131,11.4102581366435,35.7604049902413,1.6229159006361,2.31962173415647,3.70761605654105,36.3228142855383,-0.246161374054769,0.121876622843614
20.2833333333333,136.533170786418,132,12.4102581366435,35.4218108674529,1.60414978391072,2.3064854524487,3.72174005623973,35.9196813835066,-0.248053450476037,0.120751317225591
20.3,137.912914896305,132,12.4102581366435,35.1729059208453,1.59069313164622,2.29706579586355,3.73548780993131,35.5397671990107,-0.246541445056899,0.119796240305823
20.3166666666667,139.447283298183,133,13.4102581366435,34.9152608041004,1.58765396757204,2.29493838101162,3.74895646842725,35.211172928858,-0.23846855915287,0.119179309689641
20.3333333333333,141.114753917558,134,14.4102581366435,34.7446510524753,1.58969208628738,2.29636506411237,3.76223704188042,34.9160100922178,-0.227398150049818,0.118735509272258
20.35,142.893783700531,135,15.4102581366435,34.6572590054291,1.60090620995973,2.30421495068301,3.77541750490399,34.6771361323666,-0.210804796543489,0.118599906002782
20.3666666666667,144.762841464808,136,16.4102581366435,34.6496184953325,1.62305195091068,2.31971696934867,3.78861906008647,34.5091607533229,-0.187717618070871,0.118834812735068
20.3833333333333,146.700339853202,137,17.4102581366435,34.7187354604013,1.65635232754645,2.34302723299372,3.80197372457086,34.4205280323002,-0.158165072688213,0.11945426349209
20.4,148.684526244259,139,19.4102581366435,34.8620991443292,1.70010846588585,2.37365652983129,3.81561016889678,34.4152798562822,-0.122761031841983,0.12044262908769
20.4166666666667,150.69341084276,140,20.4102581366435,35.1715816932967,1.75313791353863,2.41077714318824,3.82964563843805,34.4944707752035,-0.0824110727383103,0.121768111443746
20.4333333333333,152.7048261499,141,21.4102581366435,35.5456487845142,1.82165367661365,2.45873817734075,3.84423008303677,34.693222839556,-0.0332993229995295,0.123636001006742
20.45,154.696708947837,143,23.4102581366435,35.983215260279,1.90055363898376,2.51396815099983,3.85951459737351,34.9973043675985,0.0211019528563511,0.125891450372985
20.4666666666667,156.647654991522,144,24.4102581366435,36.5775795293503,1.98605653149493,2.57382017575765,3.87559848047468,35.3948134482329,0.0782493873108989,0.128418541669343
20.4833333333333,158.537714606258,146,26.4102581366435,37.2284573928758,2.08306055587158,2.6417229928213,3.89259126927517,35.912147662314,0.141179487674064,0.131378054156449
20.5,160.34930004928,147,27.4102581366435,38.0297073670528,2.18601274378659,2.71378952436181,3.91059361141935,36.5295634557935,0.20620996080268,0.134597606455729
20.5166666666667,162.068012181488,149,29.4102581366435,38.8815870980104,2.29880323475581,2.79274286804027,3.92970038734823,37.2679469937436,0.275753144463334,0.138204903307907
20.5333333333333,163.683203874818,150,30.4102581366435,39.87841063786,2.41540656557754,2.87436519961548,3.94998911217239,38.1038751610365,0.345859124845378,0.142011069032421
20.55,165.18817656323,152,32.4102581366435,40.9207761477105,2.53959442579417,2.96129670176712,3.97152820484566,39.0559296019119,0.418904611172972,0.146138421270916
20.5666666666667,166.5800103426,153,33.4102581366435,42.103219721196,2.66543928637515,3.04938810417381,3.99436868353667,40.0993678233855,0.491042577078697,0.150399614981544
20.5833333333333,167.859109435974,154,34.4102581366435,43.3264544206512,2.79692767606958,3.14142997695991,4.01855435308646,41.2521225113903,0.564824331683889,0.154922359207023
20.6,169.028580193189,156,36.4102581366435,44.5910913157178,2.92839564765272,3.2334575570681,4.04411444795964,42.4892307353638,0.636603981570035,0.159526442966189
20.6166666666667,170.093553680861,157,37.4102581366435,45.9915580722033,3.05651721685935,3.32314265551274,4.07102617486531,43.7926830874403,0.704315779181408,0.164103095815308
20.6333333333333,171.060537252066,158,38.4102581366435,47.4281864811527,3.18719511825354,3.41461718648867,4.09928576111494,45.1859129521088,0.7718109178767,0.168838377683942
20.65,171.936846476115,159,39.4102581366435,48.9010746328756,3.31610963637402,3.50485734917301,4.12889377718821,46.6482181894502,0.836346409030324,0.173593360706354
20.6666666666667,172.730140550665,160,40.4102581366435,50.4101499372897,3.44082613325759,3.59215889699151,4.1598117218167,48.1647254302576,0.896448321809278,0.178286915280846
20.6833333333333,173.448064205329,161,41.4102581366435,51.9550243995782,3.56021584941564,3.67573169830214,4.19198051222014,49.7250811556432,0.951510986617968,0.182878379772952
20.7,174.097987424517,162,42.4102581366435,53.5349445728889,3.67400060512614,3.7553810272995,4.225332960759,51.3222764039675,1.00148524880286,0.187353806391705
20.7166666666667,174.686828709391,163,43.4102581366435,55.1488010366324,3.78241162386344,3.8312687404156,4.2598016281567,52.9516595514879,1.04664727340696,0.19171555922582
20.7333333333333,175.220945999778,164,44.4102581366435,56.7951715579433,3.88594609409228,3.90374286957579,4.29532328796589,54.6101506829641,1.08743541948844,0.195974819486773
20.75,175.706080042609,164,44.4102581366435,58.4723798809621,3.98520283538644,3.97322258848171,4.33184103114372,56.2956462747705,1.12434159155873,0.200146468020904
20.7666666666667,176.147336647874,165,45.4102581366435,60.0846067787993,4.08077889946602,4.04012583333741,4.36930482428472,58.0065897303441,1.15784411943463,0.204245816306147
20.7833333333333,176.54919673841,166,46.4102581366435,61.7296560886463,4.16562982427878,4.09952148070635,4.40762318896208,59.7057051593898,1.18355458202202,0.20804273052184
20.8,176.915545167303,166,46.4102581366435,63.405059494218,4.24394199337341,4.15433999907258,4.44669289220356,61.4040209105755,1.20433398748094,0.211663910207692
20.8166666666667,177.249711254313,167,47.4102581366435,65.014097981231,4.31859864836527,4.20659965756689,4.48645154189342,63.109625594978,1.2221415796763,0.215197059259157
20.8333333333333,177.554516011782,168,48.4102581366435,66.6537264161306,4.42497842382968,3.17482089443456,4.51848436144041,64.8007230667059,1.27784495062415,0.218451700599617
20.85,177.83232238594,168,48.4102581366435,68.2833039350671,4.57045050744282,3.24028333206047,4.54155297393165,66.5486891445109,1.37828981853775,0.221451893679711
20.8666666666667,178.085087546614,169,49.4102581366435,69.773426027416,4.70037508365092,3.29874939135411,4.56544758062642,68.3302933706775,1.46694534388962,0.224005219967977
20.8833333333333,178.314416786909,169,49.4102581366435,71.2301813527436,4.80118353788324,3.34411319575866,4.58999631694183,70.0698696641156,1.53527944495028,0.225678670709939
20.9,178.521613392819,170,50.4102581366435,72.5645116040092,4.87451788485959,3.37711365189802,4.61498642644016,71.7546318947969,1.58460132264419,0.226523087454521
20.9166666666667,178.707722856978,170,50.4102581366435,73.8798389254071,4.91574113624836,3.39566411502296,4.64019199722067,73.3436065537307,1.61218556290726,0.226389436222829
20.9333333333333,178.873572009168,171,51.4102581366435,75.0844259660988,4.93211928687235,3.40303428280376,4.66540031166115,74.8489898810016,1.6229601587413,0.225507422030708
20.95,179.019803563181,171,51.4102581366435,76.2792446727384,4.92222038524894,3.39857977707322,4.69041823127196,76.2470611605552,1.61622591228994,0.223829998046154
20.9666666666667,179.146906609701,171,51.4102581366435,77.3704610407992,4.89481686096093,3.38624819114362,4.71508320779638,77.5613262359605,1.59782483075574,0.221634867942922
20.9833333333333,179.255243377866,171,51.4102581366435,78.3633976184897,4.84884799205851,3.36556220013753,4.73925912281293,78.7749615007239,1.56723365609026,0.218886897572275
21,179.345072537651,172,52.4102581366435,79.2627193581996,4.78508369379601,3.3368682659194,4.76280940401258,79.8792147482007,1.525107615338,0.21560918723057
21.0166666666667,179.4165694241,172,52.4102581366435,80.1664293024422,4.70535956171917,3.30099240648483,4.78560776390425,80.8709949510196,1.47277638315012,0.211858761141792
21.0333333333333,179.46984356633,172,52.4102581366435,80.9782491636724,4.61969872196433,3.26244502859515,4.8075751068658,81.7870036539573,1.41679473074365,0.207953286758035
21.05,179.504953711574,172,52.4102581366435,81.7016070726216,4.52698242969017,3.22072269707177,4.82866300027435,82.6181847646453,1.35650532442765,0.203855988752022
21.0666666666667,179.521920737702,172,52.4102581366435,82.339791392242,4.42713949685073,3.17579337729403,4.84881902383638,83.3597445033499,1.29192926466,0.199563425845122
21.0833333333333,179.520738713998,172,52.4102581366435,82.8959312243546,4.32075680082127,3.12792116408077,4.8679930993088,84.0100026522813,1.22350851568393,0.195093113438661
21.1,179.501384205064,172,52.4102581366435,83.3730064014085,4.20879340475918,3.07753763585283,4.88614130140361,84.569472220144,1.15191777011488,0.190474438011677
21.1166666666667,179.46382393207,172,52.4102581366435,83.7738731757553,4.09237897336703,3.02515114172636,4.9032278521865,85.0401463738186,1.07793254937548,0.185742249813843
21.1333333333333,179.408021170094,172,52.4102581366435,84.1012961727026,3.9726783526567,2.97128586240671,4.91922586087215,85.4249638381038,1.0023412567831,0.180932557921969
21.15,179.333941102429,172,52.4102581366435,84.3579805157607,3.85080630705229,2.91644344188473,4.93411724309957,85.7274216406992,0.925890407153182,0.176079819160557
21.1666666666667,179.241555324182,172,52.4102581366435,84.5466005083395,3.72777892792207,2.86108112127613,4.94789214346174,85.9513051228345,0.849253999618575,0.171215392426473
21.1833333333333,179.13084567342,172,52.4102581366435,84.6698230203253,3.60449078827617,2.80560145843548,4.96054809384172,86.100508110902,0.773019748047437,0.166366811284099
21.2,179.001807295492,172,52.4102581366435,84.7303249285361,3.48170930283052,2.75034978998493,4.97208906742235,86.1789200419412,0.697686497495508,0.161557603439698
21.2166666666667,178.854450988287,172,52.4102581366435,84.7308047296254,3.36007984547021,2.69561653417279,4.98252453231386,86.190360980328,0.62366856318455,0.156807452190014
21.2333333333333,178.688804957321,172,52.4102581366435,84.6739888955134,3.24013693109396,2.64164222270348,4.99186856720939,86.1385494312502,0.551303903375087,0.1521325506974
21.25,178.504916085102,171,51.4102581366435,84.5626337673103,3.12231818462038,2.58862378679037,5.00013907179295,86.0270914091985,0.480863981159793,0.147546044929439
21.2666666666667,178.302850799491,171,51.4102581366435,84.3055723689078,3.00697892232821,2.53672111875889,5.00735708433923,85.8594822460987,0.412563901880409,0.143058496131154
21.2833333333333,178.082695611097,171,51.4102581366435,84.0054169120347,2.88674192040097,2.48261446789163,5.01351516655489,85.6031141995118,0.341665943491934,0.138434366924791
21.3,177.844557378332,171,51.4102581366435,83.6646699580698,2.76547249131753,2.42804322480409,5.0185959389196,85.2734363273742,0.270686547867959,0.133795843423177
21.3166666666667,177.588563349399,170,50.4102581366435,83.2856693723041,2.64586653018147,2.37422054229286,5.02260659370342,84.8829322828139,0.201362738724585,0.129227982796229
21.3333333333333,177.314861026234,170,50.4102581366435,82.7767454958897,2.5297137210543,2.32195177818563,5.02557113372895,84.4415752671924,0.13483000163661,0.124787073593309
21.35,177.023617964514,170,50.4102581366435,82.2399928421464,2.41046051771452,2.26828783668273,5.02749340663234,83.9212904991825,0.0668688782400053,0.120263895441297
21.3666666666667,176.715021604548,170,50.4102581366435,81.6774206262595,2.29236060931261,2.21514287790187,5.02837174247218,83.34053565315,0.000229091923807337,0.115793113611908
21.3833333333333,176.389278958274,169,49.4102581366435,81.0909163768381,2.17820204536565,2.16377152412574,5.02823074375397,82.7136460633567,-0.0633115523853031,0.111462845715694
21.4,176.046616123318,169,49.4102581366435,80.388408120722,2.06967695005214,2.11493523123466,5.02711171793303,82.0515968069634,-0.122698770161508,0.107326406485201
21.4166666666667,175.687277681741,168,48.4102581366435,79.6716327373909,1.96002322006055,2.06559105273845,5.02503459631235,81.3267124700929,-0.182303325906743,0.103168069021473
21.4333333333333,175.311526023712,168,48.4102581366435,78.8483271176557,1.85323094480238,2.01753452887227,5.02201195821707,80.5574399890332,-0.239560228513933,0.0991142376880229
21.45,174.919640623825,168,48.4102581366435,78.0198889343213,1.75883768751764,1.7771883232484,5.01504496982979,79.728223571603,-0.281880583244035,0.0949936910412495
21.4666666666667,174.511917300143,167,47.4102581366435,77.1809485072251,1.66623545516767,1.74593506983029,5.00711792411727,78.8663098874179,-0.322605271133348,0.090932922301405
21.4833333333333,174.088667704839,167,47.4102581366435,76.2334502853056,1.5757273376336,1.71538858016254,4.99856046094402,77.9801378713345,-0.362205646609702,0.0869895127426218
21.5,173.650219250122,167,47.4102581366435,75.2808590717886,1.4804141964041,1.68322039499758,4.98936938340329,77.0383147501059,-0.40509929449386,0.0829429788817307
21.5166666666667,173.196914882317,166,46.4102581366435,74.3262557758816,1.38458803204426,1.65087906452614,4.97953639753801,76.0576084841969,-0.448489825172187,0.0789291904732649
21.5333333333333,172.729112486005,166,46.4102581366435,73.2783820299703,1.29133144496705,1.61940496638758,4.96907379050133,75.0517763468335,-0.490374642138791,0.0750445555315985
21.55,172.247183979227,166,46.4102581366435,72.2394623044713,1.1950546018518,1.58691153183618,4.95798496012446,73.9959215580487,-0.534334053284582,0.0711100027431524
21.5666666666667,171.751514373111,165,45.4102581366435,71.2114295073174,1.10069845096627,1.55506633091231,4.94627360779967,72.9110120185559,-0.577163625748128,0.0672815520760247
21.5833333333333,171.242500816612,165,45.4102581366435,70.1019880796977,1.01154306298735,1.52497638746943,4.93396631300102,71.8132810603518,-0.616745324238276,0.0636613036187064
21.6,170.72055155463,165,45.4102581366435,69.0124390349435,0.921903989467518,1.49472320015649,4.92108098975237,70.679053332945,-0.65673253410751,0.060066594360292
21.6166666666667,170.186084986733,164,44.4102581366435,67.9438989128218,0.836453504976371,1.46588366164072,4.90763478230742,69.5296373141988,-0.694105478620566,0.0566443862492355
21.6333333333333,169.63952879678,164,44.4102581366435,66.8033509790089,0.758113457899817,1.43944389575239,4.89366590859993,68.381015563975,-0.726987382943618,0.0534849767333334
21.65,169.081319047893,164,44.4102581366435,65.6914561147822,0.680809755373776,1.41335389614985,4.87920178406219,67.2088885552248,-0.759291784579831,0.0503930175078776
21.6666666666667,168.511899336125,163,43.4102581366435,64.6087573515297,0.608831547248502,1.38906125090757,4.8642668527574,66.0337263257216,-0.7882534229264,0.0475031089903024
21.6833333333333,167.931719970622,163,43.4102581366435,63.4617176031781,0.544747029575895,1.36743272619306,4.84890453600195,64.8705709566784,-0.81222964982368,0.0448942322124052
21.7,167.341237249733,162,42.4102581366435,62.3505187157632,0.48217011313595,1.34631301689458,4.83314555906977,63.6941562424543,-0.835339995076405,0.0423611418663449
21.7166666666667,166.740912785026,162,42.4102581366435,61.1813045924587,0.425124351547435,1.32706007235846,4.81701603205629,62.5240077595578,-0.854994140844371,0.0400300965599891
21.7333333333333,166.131212929392,161,41.4102581366435,60.0538693994347,0.368256795292318,1.30786727212236,4.80053630735715,61.3382601189258,-0.874640417324806,0.0377293287051934
21.75,165.51260818334,161,41.4102581366435,58.873939171301,0.316293296150648,1.29032959116204,4.78372695324405,60.1589244911479,-0.891233576865251,0.0356077957518315
21.7666666666667,164.8855726453,160,40.4102581366435,57.7408856502848,0.26433139753809,1.2727924503803,4.76660598197033,58.96587206297,-0.907931330932983,0.0335082516426076
21.7833333333333,164.250583630885,160,40.4102581366435,56.5600239436876,0.217361616779962,1.25694014937444,4.74919360039909,57.7822554684889,-0.921518829679631,0.0315881616728143
21.8,163.60812138144,159,39.4102581366435,55.4303354939388,0.170613726504949,1.24116273640662,4.73150854952353,56.5886279570895,-0.935070222496038,0.0296945188532087
21.8166666666667,162.958668896368,159,39.4102581366435,54.2567700503573,0.129120007278084,1.22715860616755,4.71357223348423,55.4084800035859,-0.945345687694294,0.0279861259123195
21.8333333333333,162.302711749117,158,38.4102581366435,53.1379697552403,0.0880935877550531,1.21331218957853,4.69540464462172,54.2224531221905,-0.955432061033037,0.0263094524107459
21.85,161.64073787337,157,37.4102581366435,51.9785702417281,0.0525154579426505,1.20130457076684,4.67702823412836,53.0539520178403,-0.962124380235503,0.0248216852641064
21.8666666666667,160.973237448583,156,36.4102581366435,50.7829712417462,0.0175298365676462,1.18949692355278,4.65846369272838,51.8834170379479,-0.968555440842349,0.0233671342328128
21.8833333333333,160.300702978408,156,36.4102581366435,49.55534213644,-0.0189879308044847,1.16459267290671,4.63957383767906,50.6981811608058,-0.97579075742243,0.0218565466723832
21.9,159.623629395931,155,35.4102581366435,48.393059095447,-0.0571952315682825,1.12638537214292,4.62009455259713,49.4916064448235,-0.983379946498486,0.0202452938773413
21.9166666666667,158.942514233326,154,34.4102581366435,47.1985959931456,-0.0900550597629919,1.09352554394821,4.60004897112063,48.2966640266818,-0.986835585033259,0.0187588630447557
21.9333333333333,158.257857962304,154,34.4102581366435,45.9740419241546,-0.121501228641268,1.06207937506993,4.57949572339481,47.099748078952,-0.988803607475967,0.0172778386406764
21.95,157.570165036471,153,33.4102581366435,44.8155921173838,-0.153927896047943,1.02965270766326,4.5584413652677,45.8912402651598,-0.990849746585524,0.0157271671333021
21.9666666666667,156.879953034527,152,32.4102581366435,43.6255939732489,-0.181128693283111,1.00245191042809,4.53693032040927,44.7008070083653,-0.989059873466344,0.0143087379050506
21.9833333333333,156.187749027708,151,31.4102581366435,42.4064421119369,-0.207474420525428,0.97610618318577,4.51501512986711,43.5123897847267,-0.986345555384978,0.0128884530908336
22,155.494082739509,151,31.4102581366435,41.1606242669301,-0.235546542644897,0.948034061066301,4.49269116977775,42.3147706880448,-0.984369429566166,0.0113841012489284
22.0166666666667,154.799487505764,150,30.4102581366435,39.9844096583507,-0.266650668690519,0.916929935020679,4.46992203872875,41.1007087432527,-0.983920231428989,0.00975132740918258
22.0333333333333,154.104501447312,149,29.4102581366435,38.7800145874082,-0.293759008299966,0.889821595411232,4.44672504845463,39.9019593882704,-0.980506972385564,0.0082156794210401
22.05,153.409668714489,149,29.4102581366435,37.5495866293412,-0.320660159280498,0.8629204444307,4.42313724645811,38.7041437997259,-0.976638814246917,0.00666016666210581
22.0666666666667,152.715540753804,148,28.4102581366435,36.3892644762525,-0.349550557120428,0.83403004659077,4.39914650146281,37.4972935395214,-0.973716841173412,0.00501413321204489
22.0833333333333,152.022677486733,148,28.4102581366435,35.2012486745539,-0.374019735172235,0.809560868538963,4.3747819127558,36.3109631837084,-0.967664714447468,0.00348440392995986
22.1,151.331648481126,147,27.4102581366435,34.0816726506504,-0.398254135708863,0.785326468002335,4.35008393327111,35.1290929661045,-0.96125066262407,0.00194150437671119
22.1166666666667,150.643034079596,146,26.4102581366435,32.9329633333234,-0.417199723274268,0.76638088043693,4.3251065696089,33.9764320394971,-0.951309659701692,0.000551107820240991
22.1333333333333,149.957426543231,146,26.4102581366435,31.7576184503051,-0.435898757699583,0.747681846011615,4.29989693317675,32.8333456280425,-0.941167836352843,-0.000843103579505003
22.15,149.275431156598,145,25.4102581366435,30.6521376911203,-0.457264513962255,0.726316089748942,4.27443675308156,31.6861317180218,-0.932670644410865,-0.0023354420217904
22.1666666666667,148.597667332668,145,25.4102581366435,29.5190222640678,-0.475227379046909,0.708353224664289,4.24874034205694,30.561839576787,-0.921930239678551,-0.00373150078966834
22.1833333333333,147.924769580011,144,24.4102581366435,28.4546144059855,-0.494069227736585,0.689511375974613,4.22282985165542,29.4428344872544,-0.911740363082331,-0.00516562919156319
22.2,147.257388364723,144,24.4102581366435,27.3614518930833,-0.508685368761469,0.674895234949729,4.19674069595366,28.3529541434852,-0.898867920652917,-0.00647236209011056
22.2166666666667,146.596190941443,143,23.4102581366435,26.3360054178034,-0.523992362590694,0.659588241120504,4.17050291507514,27.2720957602328,-0.886526111977137,-0.00780566356727174
22.2333333333333,145.941862021588,143,23.4102581366435,25.2809670640898,-0.535267224160427,0.648313379550771,4.14415144189097,26.2223026969729,-0.871724337052693,-0.00901236914469569
22.25,145.295104233509,142,22.4102581366435,24.2929489163855,-0.547626011025988,0.63595459268521,4.11771107168432,25.1822386834776,-0.857793208819176,-0.0102533529738326
22.2666666666667,144.656638141833,142,22.4102581366435,23.2747521264048,-0.55642234514387,0.627158258567328,4.09120925141513,24.1731503108892,-0.841777017217499,-0.0113786304281599
22.2833333333333,144.027201677543,142,22.4102581366435,22.3230589529685,-0.566772401505792,0.616808202205406,4.06466269349104,23.1732247156712,-0.826991417272553,-0.0125498557347229
22.3,143.407548861946,141,21.4102581366435,21.434654558522,-0.573987538727757,0.609593064983441,4.038091141607,22.2034526758105,-0.810439479864349,-0.0136164249120674
22.3166666666667,142.798447707995,141,21.4102581366435,20.512466017418,-0.575639772571946,0.607940831139252,4.01157240559119,21.2778470665692,-0.790675187077789,-0.0144946744933641
22.3333333333333,142.200677104767,141,21.4102581366435,19.6535208262318,-0.578312710396863,0.605267893314335,3.98514311250554,20.3690259359291,-0.771988025154887,-0.0153914115149095
22.35,141.615022198308,141,21.4102581366435,18.8550154699309,-0.578207021571533,0.605373582139665,3.95882351081544,19.4939315176041,-0.751949904213562,-0.0161844997207339
22.3666666666667,141.042267854907,140,20.4102581366435,18.1142150916044,-0.573365604349343,0.610214999361855,3.93268076420773,18.6638011608269,-0.729395957009638,-0.0168063870094021
22.3833333333333,140.4831898207,140,20.4102581366435,17.3347072688583,-0.563076150321879,0.620504453389319,3.90680343055437,17.8854129398612,-0.703995761136153,-0.0172273916271538
22.4,139.938543148636,140,20.4102581366435,16.6141836129399,-0.554885731075158,0.62869487263604,3.88121687744508,17.1263207843665,-0.680633515252097,-0.0176862798983136
22.4166666666667,139.409047459742,140,20.4102581366435,15.9504119170683,-0.545435449773109,0.638145153938089,3.85591864047736,16.4001416617731,-0.657120886788943,-0.0180771895644556
22.4333333333333,138.895368604299,140,20.4102581366435,15.3410945336892,-0.532870271112679,0.650710332598519,3.8309488288604,15.7160963661269,-0.632308913428097,-0.0183383972989505
22.45,138.398096454742,140,20.4102581366435,14.7840673340217,-0.516381135932286,0.667199467778912,3.80636902541422,15.0798737279675,-0.605756522102156,-0.018439656584511
22.4666666666667,137.917719058758,140,20.4102581366435,14.2773880289623,-0.495835628996673,0.687744974714525,3.78224806789069,14.4944932907919,-0.577468379731443,-0.0183717147332618
22.4833333333333,137.45459365728,140,20.4102581366435,13.8193541243754,-0.471498602627009,0.712082001084189,3.75865321461254,13.9610717392017,-0.547700184507317,-0.0181381979177948
22.5,137.00891548076,140,20.4102581366435,13.4084805571556,-0.443833525833902,0.739747077877296,3.7356452693194,13.4794514847962,-0.516822852902817,-0.017749705119247
22.5166666666667,136.580685917156,140,20.4102581366435,13.0434580703277,-0.413370485338156,0.770210118373042,3.71327643829219,13.0486837670064,-0.485234334858628,-0.0172197775031155
22.5333333333333,136.169682499744,141,21.4102581366435,12.7231060808347,-0.380625656509622,0.802954947201576,3.69158993868529,12.6673782182668,-0.453307539747682,-0.0165623505530652
22.55,135.775433630793,141,21.4102581366435,12.5402797188906,-0.34605813903072,0.837522464680478,3.67062062182612,12.3339403291634,-0.421363998818638,-0.0157903072990316
22.5666666666667,135.397201349788,141,21.4102581366435,12.3941253207773,-0.30256916990621,0.881011433804988,3.65046401363563,12.0826607543498,-0.384954535571829,-0.014670793719577
22.5833333333333,135.033975155242,142,22.4102581366435,12.2840739733466,-0.254320569433307,0.929260034277891,3.63123231327444,11.8995187373027,-0.346909021138108,-0.0133279935932034
22.6,134.684479309276,142,22.4102581366435,12.3038657189961,-0.204093477822709,0.979487125888489,3.61298012420272,11.7734825731157,-0.309069672970273,-0.0118473037973258
22.6166666666667,134.347194889578,143,23.4102581366435,12.353564277305,-0.146121234403102,1.0374593693081,3.59579268956392,11.7321960849474,-0.267820430723219,-0.0100395078677103
22.6333333333333,134.020396224323,143,23.4102581366435,12.5273675082738,-0.085202104547209,1.09837849916399,3.57975584592493,11.7572513297644,-0.226350522474402,-0.00805164933356091
22.65,133.702199627646,144,24.4102581366435,12.7259121490297,-0.0168147803268136,1.16676582338438,3.56495918648998,11.8708863696825,-0.181848391264032,-0.00573397969036268
22.6666666666667,133.390620883605,144,24.4102581366435,13.0439559391184,0.0540882190179229,1.22144235702374,3.55137028000883,12.0511011211409,-0.137349088061788,-0.00325647889267179
22.6833333333333,133.083636992339,145,25.4102581366435,13.3820685102779,0.132878548237522,1.27659558747746,3.53881838997878,12.3187719096354,-0.0889457054396236,-0.000482464680567347
22.7,132.779247443385,145,25.4102581366435,13.8341525078576,0.213850441382907,1.33327591267923,3.52735097636072,12.651164254732,-0.0403529498428554,0.0024076360296486
22.7166666666667,132.475530644354,145,25.4102581366435,14.3003312291878,0.30095405588417,1.39424844283012,3.51701680832979,13.0672781758835,0.0109294451132773,0.00554146134966945
22.7333333333333,132.170692082451,145,25.4102581366435,14.7808464990505,0.388359003044331,1.45543190584223,3.50784892112187,13.5425437608023,0.0611231499353753,0.00873449665540195
22.75,131.863102226253,145,25.4102581366435,15.275998634833,0.470977595396427,1.5132649204887,3.50013900276468,14.0589495656437,0.106329709720169,0.0118718711551104
22.7666666666667,131.551323868653,145,25.4102581366435,15.7858738253214,0.538993480563873,1.72257408427507,3.49546966181597,14.5977215347951,0.13683858545878,0.0148964818101092
22.7833333333333,131.234128411305,145,25.4102581366435,16.3156268926324,0.600102757235391,1.78368336094659,3.49221807038264,15.1476466367027,0.161138439026717,0.0178061532574613
22.8,130.910498806578,145,25.4102581366435,16.8698317584297,0.656585825618268,1.84016642932947,3.49007870625284,15.7082010944983,0.181342795497475,0.0206305682020486
22.8166666666667,130.579625884556,145,25.4102581366435,17.4471643834445,0.709965004282771,1.89354560799397,3.48898391541127,16.2815386350258,0.19856961067544,0.0234112123181432
22.8333333333333,130.240899771984,144,24.4102581366435,18.0460632189554,0.761366304693111,1.94494690840431,3.48888786157897,16.8693360220365,0.213641838036604,0.0261790163009136
22.85,129.893896930751,144,24.4102581366435,18.5709030225716,0.811569908945379,1.99515051265658,3.48976034379287,17.4726594258277,0.227131186005978,0.0289553796122141
22.8666666666667,129.538360711342,143,23.4102581366435,19.1197883035491,0.853593740366526,2.03717434407772,3.4915136834553,18.0560236817385,0.234700195170419,0.0315098012321835
22.8833333333333,129.174181566042,143,23.4102581366435,19.596634714469,0.891581752962232,2.07516235667343,3.49404393716039,18.6317461825333,0.239201751099415,0.033964627490453
22.9,128.801376855909,142,22.4102581366435,20.0988148594913,0.920733678398908,2.10431428211011,3.49723548499443,19.1728519666066,0.237740012957507,0.0361567868683614
22.9166666666667,128.42007095284,142,22.4102581366435,20.5294650441766,0.957071055821883,2.14065165953308,3.49883802276718,19.6999820515927,0.24543290388469,0.0382492339500823
22.9333333333333,128.03047634778,142,22.4102581366435,20.9856283945275,0.983844869213949,1.87227201216096,3.50116029678833,20.2003972697805,0.246342877719795,0.0400740290686148
22.95,127.632876275958,142,22.4102581366435,21.4541988905081,1.02018470308643,1.8977098958717,3.50120899362276,20.6888004284338,0.259218855588809,0.0417779286904524
22.9666666666667,127.227609412625,142,22.4102581366435,21.9231289487162,1.05399939367594,1.92138017928436,3.50175952707419,21.1796552822698,0.270175412286246,0.0434125420163693
22.9833333333333,126.815057100048,142,22.4102581366435,22.3917675217373,1.08526201743433,1.94326401591523,3.50277894530138,21.6706652340704,0.279244238657198,0.0449750849976118
23,126.395632081202,143,23.4102581366435,22.8594127828867,1.11407639795903,1.96343408228252,3.5042347897978,22.1601885865516,0.286539420821998,0.0464670029176635
23.0166666666667,125.969768483355,143,23.4102581366435,23.4192744850447,1.14061395056897,1.98201036910947,3.50609623976414,22.6470324878146,0.292215168592959,0.0478920242112231
23.0333333333333,125.537913094848,144,24.4102581366435,23.970781698784,1.17265229333056,2.00443720904259,3.50838259060883,23.1662699004341,0.301253998901239,0.0494988130857808
23.05,125.100517971081,145,25.4102581366435,24.6074967623833,1.2066488469346,2.02823479656542,3.51113282888534,23.7049164777144,0.311317172186087,0.0511769154140172
23.0666666666667,124.658034246136,146,26.4102581366435,25.3234442107769,1.24783399670045,2.05706440140151,3.5143998140579,24.2889623013623,0.325700009083896,0.0530957881142306
23.0833333333333,124.210907087726,147,27.4102581366435,26.1131310719347,1.29861049585469,2.09260795080948,3.51827987812919,24.9347236066066,0.345815583515642,0.055337333452084
23.1,123.759571625462,148,28.4102581366435,26.9717063119376,1.35951416852521,2.13524052167884,3.52288567865445,25.6512659054678,0.371853810140884,0.0579248699462141
23.1166666666667,123.304449771316,150,30.4102581366435,27.8949859480038,1.4299426495667,2.18454045840789,3.52832886281499,26.4424736366592,0.403276151712301,0.0608453156004031
23.1333333333333,122.845947700796,151,31.4102581366435,28.9733507900148,1.50868210666853,2.23965807837917,3.5347100120561,27.3087222222203,0.439169198975445,0.0640653793302189
23.15,122.38445387406,152,32.4102581366435,30.1039461771148,1.60184929789029,2.3048751122344,3.54216167225102,28.2841375410215,0.483300021889562,0.0677867601584098
23.1666666666667,121.920337546273,153,33.4102581366435,31.2845223926594,1.70422345725081,2.37653702378677,3.55081630463717,29.3533296656274,0.532134628720881,0.0718502447184618
23.1833333333333,121.453947705137,154,34.4102581366435,32.5134011349571,1.81190889263614,2.4519168285565,3.56075325450508,30.5031880087223,0.583072256848042,0.076135617873132
23.2,120.985612310819,154,34.4102581366435,33.7892005169243,1.92212751232871,2.5290698623413,3.57201298756633,31.7229541999804,0.634289541829074,0.0805559399634819
23.2166666666667,120.515637725125,155,35.4102581366435,35.0166963112072,2.03299485036461,2.60667699896642,3.58460879474914,33.004040370713,0.684578187155974,0.0850511357028738
23.2333333333333,120.044308374324,154,34.4102581366435,36.2944102656679,2.13572663760067,2.67858925003167,3.59848800111387,34.3037459911197,0.728377966704983,0.0893378154624472
23.25,119.571886583706,154,34.4102581366435,37.4326926447881,2.23335296468733,2.74692767899233,3.61356935861857,35.6291142374345,0.767779130278492,0.0935069906856405
23.2666666666667,119.098611936922,153,33.4102581366435,38.5350834302856,2.31287625354087,2.8025939811898,3.62970567697703,36.9135048105067,0.794635744053926,0.0971360086705018
23.2833333333333,118.624695226545,152,32.4102581366435,39.5103989446148,2.37564522098485,2.84653225840059,3.64668783287197,38.1490960528869,0.810128453748873,0.100255383324799
23.3,118.150314554853,151,31.4102581366435,40.3662759325923,2.41619525700944,2.87491728361781,3.66427941993526,39.2970681908459,0.811079674983024,0.102677520912471
23.3166666666667,117.675617645796,149,29.4102581366435,41.1091624976032,2.43305162670479,2.88671674240455,3.68220516123451,40.3339162339109,0.796930181830954,0.104339849745697
23.3333333333333,117.200724476396,147,27.4102581366435,41.6502963199462,2.42720114560956,2.88262140563789,3.70018815568136,41.2471696832718,0.768700229502072,0.105258351597965
23.35,116.725729764244,145,25.4102581366435,41.9995600563182,2.39340024949243,2.8589607783559,3.71792387115143,41.9959423247355,0.723426525582867,0.105249481820668
23.3666666666667,116.250705244234,142,22.4102581366435,42.1654769434373,2.3307274722094,2.81508983425778,3.73507382533339,42.5564808880889,0.660969790033298,0.104265620527582
23.3833333333333,115.775701901476,139,19.4102581366435,42.0612161955873,2.24087910509736,2.75219597727935,3.75130562739746,42.9172832997147,0.582858683383805,0.102343155408501
23.4,115.300752291392,137,17.4102581366435,41.6984851633101,2.11936076638105,2.66713314017793,3.7662680738763,43.0391964628132,0.486650429350278,0.0993207473779047
23.4166666666667,114.825872870412,134,14.4102581366435,41.1815144486069,1.96596855306025,2.55975859085337,3.77958484775847,42.9006406038024,0.372692706742414,0.0951725018708982
23.4333333333333,114.351066305479,132,12.4102581366435,40.4193422500138,1.79062714268226,2.43701960358878,3.79094189099031,42.5284792735979,0.247760083446044,0.0901987528587091
23.45,113.876323827835,130,10.4102581366435,39.5138779066353,1.59324642906474,2.29885310405651,3.80007895842311,41.909737559176,0.112089674166502,0.0843845147502731
23.4666666666667,113.401627569614,128,8.41025813664355,38.4664630954556,1.38299030273087,2.1516738156228,3.8067939616114,41.0756137157539,-0.0282078228437941,0.0780128102563067
23.4833333333333,112.926952860792,126,6.41025813664355,37.2781474339329,1.16615496527262,1.99988907940203,3.81097495673538,40.050632290987,-0.169001919248539,0.0712806998748359
23.5,112.452270557001,125,5.41025813664355,35.9500898886368,0.953267966857431,1.68404628631135,3.81126596367716,38.8549179298775,-0.300713323711052,0.0643180704503205
23.5166666666667,111.977549345608,123,3.41025813664355,34.5721011583621,0.744794004245698,1.57459745594019,3.80796413434007,37.510364444102,-0.423854942383434,0.0571873092829635
23.5333333333333,111.502758132124,122,2.41025813664355,33.042907341874,0.540041279398184,1.46710227539524,3.80282456558232,36.0557797020336,-0.542704762049941,0.0501411149186219
23.55,111.027868616354,121,1.41025813664355,31.463266083873,0.335439051689417,1.35968610584814,3.79586529751804,34.4787793168243,-0.659609442794939,0.0430665987307894
23.5666666666667,110.552857503634,120,0.410258136643549,29.8341720333039,0.136742484989612,1.25537040833074,3.78711747128839,32.8084722519149,-0.770921166106314,0.0361479278459196
23.5833333333333,110.077708109719,119,-0.589741863356451,28.156865946779,-0.0522859753978188,1.13129462831338,3.77655196103398,31.0661669159637,-0.87410728784761,0.0294911425993984
23.6,109.602411495977,119,-0.589741863356451,26.4321113075625,-0.225242411652922,0.958338192058276,3.76326030708814,29.2695072892861,-0.963030558477442,0.0231445344760319
23.6166666666667,109.126967288286,118,-1.58974186335645,24.7523921193253,-0.381604759336561,0.801975844374637,3.74721269698383,27.4331313562427,-1.03726062110856,0.0171050463154143
23.6333333333333,108.651384403728,118,-1.58974186335645,23.0157269451484,-0.516133168884017,0.667447434827181,3.72874027367057,25.6007032809124,-1.09407179909595,0.0115727467732304
23.65,108.175681920488,118,-1.58974186335645,21.3159143642206,-0.635511599080572,0.548069004630626,3.70815427707985,23.7622379300772,-1.13836958409921,0.00636574665046034
23.6666666666667,107.699889937605,118,-1.58974186335645,19.6485280816349,-0.737633871273755,0.445946732437443,3.68573385455652,21.943706552188,-1.16932651479199,0.00157837953604803
23.6833333333333,107.224050272605,118,-1.58974186335645,18.0105872708307,-0.822923869370318,0.36065673434088,3.66177075956334,20.1600740792539,-1.1877507456097,-0.00277508371545238
23.7,106.748216885366,118,-1.58974186335645,16.4004717838056,-0.89316256994322,0.290418033767978,3.63653744967762,18.4188169781425,-1.19527806793635,-0.00672587168860596
23.7166666666667,106.272456073778,117,-2.58974186335645,14.8177053288415,-0.950689905793734,0.232890697917464,3.61027148437159,16.7226789523156,-1.19383354174661,-0.0103266053058185
23.7333333333333,105.796846463591,117,-2.58974186335645,13.1687388411054,-0.997902296496775,0.185678307214423,3.58317064965158,15.0716998240956,-1.18530182862503,-0.0136356433023132
23.75,105.321478729623,117,-2.58974186335645,11.554395578891,-1.04732960280654,0.183580603711198,3.55591362313631,13.4275883368837,-1.17917352643163,-0.0169508271255769
23.7666666666667,104.846455120172,117,-2.58974186335645,9.9771634995833,-1.09751556876208,0.183580603711198,3.52869920561217,11.798364713439,-1.17489626230818,-0.0201957124998097
23.7833333333333,104.371888821212,117,-2.58974186335645,8.44070738283838,-1.14648587415312,0.183580603711198,3.5015334052523,10.1911079006957,-1.17114894892886,-0.0233100438466706
23.8,103.897903103252,117,-2.58974186335645,6.94816399109167,-1.19253845706132,0.183580603711198,3.47442176383704,8.61266871397665,-1.16677183646752,-0.0262443107398785
23.8166666666667,103.424630327432,116,-3.58974186335645,5.50211168208678,-1.23427416250805,0.183580603711198,3.44736963124057,7.0694200954579,-1.16079010344813,-0.0289602947657147
23.8333333333333,102.952210912997,116,-3.58974186335645,4.01066704403234,-1.27060751818773,0.183580603711198,3.42038217018776,5.56707369104801,-1.15242404339544,-0.0314310138613343
23.85,102.480792327603,116,-3.58974186335645,2.57523724354263,-1.30857429800955,0.183580603711198,3.39346436090725,4.07452507303034,-1.14615728061301,-0.0338839606044267
23.8666666666667,102.010528135629,116,-3.58974186335645,1.19680026570978,-1.34424227828766,0.183580603711198,3.36662100568315,2.60784067938798,-1.13941711610579,-0.0361962155781754
23.8833333333333,101.541577123516,116,-3.58974186335645,-0.12405361981172,-1.37490907258515,0.183580603711198,3.33985673330714,1.17940415486564,-1.13039781210806,-0.0382876971271126
23.9,101.074102510973,116,-3.58974186335645,-1.38708252606011,-1.39884124590405,0.183580603711198,3.31317600343312,-0.201450059023743,-1.11790301224487,-0.040111510946489
23.9166666666667,100.608271250381,115,-4.58974186335645,-2.59235618299744,-1.41505937014686,0.183580603711198,3.28658311083653,-1.52790119185611,-1.10121523126457,-0.0416460680294004
23.9333333333333,100.144253412625,115,-4.58974186335645,-3.83417312831522,-1.4231617784433,0.183580603711198,3.26008218957998,-2.79519040275872,-1.07998822954504,-0.0428886842588585
23.95,99.6822216549605,115,-4.58974186335645,-5.01332182825267,-1.43099728048843,0.183580603711198,3.2336772170874,-4.03629263077127,-1.05922956497597,-0.044094327048899
23.9666666666667,99.2223507650403,115,-4.58974186335645,-6.13081352155617,-1.43548115643677,0.183580603711198,3.20737201812843,-5.2375668778606,-1.03692009360074,-0.0451676480361204
23.9833333333333,98.7648172743898,115,-4.58974186335645,-7.18785343007208,-1.43472873883808,0.183580603711198,3.1811702687149,-6.38934141111849,-1.01179540218313,-0.0460542147383659
24,98.3097991342995,115,-4.58974186335645,-8.18581367717317,-1.42775323202699,0.183580603711198,3.15507549991124,-7.48508530970441,-0.983160760521915,-0.0467296315547701
