Tiempo_h,V_mgdL,g_mgdL,g1_mgdL,Kalman_mgdL,u,u_insu,IOB_U,z1,z2,z3
0,115.572293606147,109,-6.57229360614708,-5.57229360614708,-0,1.9021872392829,0,0,0,0
0.0166666666666667,115.572293606215,109,-6.57229360614708,-5.66851726491784,-0.687667738220456,1.9021872392829,0.031701728173464,-2.13826218723043,-0.30075543230776,-0.0144663507234917
0.0333333333333333,115.572293608134,110,-5.57229360614708,-5.75840822588504,-1.05330616562437,0.902187239282904,0.0481691080038754,-3.71841475741165,-0.442521711392433,-0.0232223543406442
0.05,115.57229365016,110,-5.57229360614708,-5.78065467999036,-1.2330403196094,0.902187239282904,0.0631840569418511,-4.83868859162371,-0.50343787119973,-0.0279158858868315
0.0666666666666667,115.572294566773,110,-5.57229360614708,-5.86859208866953,-1.28058045459175,0.902187239282904,0.0781831686407265,-5.58827614164797,-0.507977784314783,-0.029671130710967
0.0833333333333333,115.57230005338,110,-5.57229360614708,-6.01465155650884,-1.24861948359864,0.902187239282904,0.0931630302996382,-6.08834961272581,-0.478412928686612,-0.0297014364057199
0.1,115.572318286437,110,-5.57229360614708,-6.21180121899278,-1.17449199555996,0.902187239282904,0.108120343613047,-6.42898458531452,-0.430624409731619,-0.0288541119594211
0.116666666666667,115.572362651846,110,-5.57229360614708,-6.4535224139262,-1.08390195672237,0.902187239282904,0.123051921960553,-6.67603875378771,-0.375632451557956,-0.0277016888312567
0.133333333333333,115.57245192741,110,-5.57229360614708,-6.73378592251636,-0.993860649315039,0.908326589967865,0.137957709871428,-6.87664276609898,-0.320810423155211,-0.0266130748007995
0.15,115.572610143363,110,-5.57229360614708,-7.04681474660199,-0.91833258702801,0.983854652254893,0.153527106261207,-7.06435482508771,-0.273282508158222,-0.0258079671066387
0.166666666666667,115.572866255181,110,-5.57229360614708,-7.38467164272186,-0.864782878312499,1.0374043609704,0.170133327202829,-7.26361094654051,-0.236910020684551,-0.0253931884104145
0.183333333333333,115.573253645019,110,-5.57229360614708,-7.73852391403616,-0.833027512086087,1.06915972719682,0.187405575889039,-7.48801233074609,-0.211164184086738,-0.025388040471387
0.2,115.573809412104,110,-5.57229360614708,-8.10193884489893,-0.820297386466091,1.08188985281681,0.204999639650856,-7.74216916268533,-0.194435172372724,-0.0257542885616945
0.216666666666667,115.574573632315,110,-5.57229360614708,-8.47055179632338,-0.822763883399653,1.07942335588325,0.222627528160293,-8.0252347872913,-0.184726203489602,-0.0264272130761056
0.233333333333333,115.575588705748,110,-5.57229360614708,-8.84163389930709,-0.836495073164051,1.06569216611885,0.240066612723652,-8.33349160715981,-0.180076849517948,-0.0273356790790799
0.25,115.576898763954,110,-5.57229360614708,-9.21365843459182,-0.857986107683074,1.04420113159983,0.257156589065884,-8.6621037137333,-0.178787764756275,-0.0284137897340168
0.266666666666667,115.578549226613,110,-5.57229360614708,-9.58591971079754,-0.884394077283745,1.01779316199916,0.273790196843429,-9.0062044984963,-0.17951033138683,-0.0296065565296612
0.283333333333333,115.580586538227,110,-5.57229360614708,-9.95822713168649,-0.913584003762057,0.988603235520847,0.289901699774708,-9.36149048505776,-0.181252157832825,-0.0308716333094268
0.3,115.583057999584,110,-5.57229360614708,-10.3306775114486,-0.944066927852521,0.958120311430382,0.30545556522563,-9.72447493158776,-0.183336339843687,-0.0321787062581631
0.316666666666667,115.58601168,110,-5.57229360614708,-10.7034976909929,-0.974887167080765,0.927300072202139,0.32043663932779,-10.092526091653,-0.18534068456732,-0.0335076895564112
0.333333333333333,115.589496359817,110,-5.57229360614708,-11.0769445243416,-1.00560757508262,0.902187239282904,0.334864925154505,-10.4637940997298,-0.187114873099286,-0.0348465004037487
0.35,115.593561511693,110,-5.57229360614708,-11.4510569418398,-1.0378065102005,0.902187239282904,0.349121424530925,-10.8376319337703,-0.189902686619629,-0.0361881986815023
0.366666666666667,115.598257284873,110,-5.57229360614708,-11.8247950088383,-1.07171838833458,0.902187239282904,0.363311669373725,-11.2143792881197,-0.193953129236547,-0.037526047627544
0.383333333333333,115.603634508865,110,-5.57229360614708,-12.1963647421202,-1.10686961880336,0.902187239282904,0.37743407542177,-11.5937826936498,-0.199048739488186,-0.0388497567423975
0.4,115.609744651278,110,-5.57229360614708,-12.5641777160643,-1.14259332012011,0.902187239282904,0.391487126961151,-11.9748192796698,-0.204884952024583,-0.0401453429695643
0.416666666666667,115.616639722392,110,-5.57229360614708,-12.9268365266214,-1.17814911460388,0.902187239282904,0.405469375022774,-12.355999952018,-0.211121626617262,-0.0413977887614739
0.433333333333333,115.624372151596,110,-5.57229360614708,-13.2831208968935,-1.21280461721041,0.902187239282904,0.419379435620321,-12.7355927483209,-0.217418524852831,-0.042592798741134
0.45,115.63299465194,110,-5.57229360614708,-13.6319744228137,-1.24588825034239,0.902187239282904,0.433215988027745,-13.1117842361979,-0.22345869650767,-0.0437178898477686
0.466666666666667,115.642560082482,110,-5.57229360614708,-13.9724919544457,-1.27682081163566,0.902187239282904,0.44697777309548,-13.4827930342516,-0.228962843389398,-0.0447629947490672
0.483333333333333,115.653121314224,110,-5.57229360614708,-14.3039076057884,-1.30513157366505,0.902187239282904,0.460663591604552,-13.8469466580165,-0.233697057668367,-0.0457207173501009
0.5,115.664731103002,110,-5.57229360614708,-14.6255833836576,-1.33046337934362,0.902187239282904,0.474272302657822,-14.2027305653953,-0.237475794957575,-0.0465863467005411
0.516666666666667,115.677441971128,110,-5.57229360614708,-14.9369984242049,-1.35257015137006,0.902187239282904,0.487802822107584,-14.5488163981798,-0.240161514433944,-0.047357709878515
0.533333333333333,115.691306098608,110,-5.57229360614708,-15.2377388238902,-1.37130940672807,0.902187239282904,0.501254121018758,-14.8840749053773,-0.241662078467654,-0.0480349241886816
0.55,115.7063752241,110,-5.57229360614708,-15.5274880502423,-1.38663171571098,0.902187239282904,0.514625224166946,-15.2075778222339,-0.241926735625804,-0.0486200931754937
0.566666666666667,115.722700555401,110,-5.57229360614708,-15.8060179164862,-1.39856853476532,0.902187239282904,0.527915208570621,-15.5185920101813,-0.240941299718824,-0.049116978642416
0.583333333333333,115.740332689001,110,-5.57229360614708,-16.0731801030795,-1.40721944554346,0.902187239282904,0.541123202056738,-15.8165683915542,-0.23872297248531,-0.0495306713712585
0.6,115.759321538143,110,-5.57229360614708,-16.3288982083572,-1.41273952611236,0.902187239282904,0.554248381859069,-16.1011276012642,-0.235315129379893,-0.0498672759750807
0.616666666666667,115.779716268738,109,-6.57229360614708,-16.5731603098209,-1.41532734577699,0.902187239282904,0.567289973248586,-16.3720437949038,-0.230782289277112,-0.0501336198263419
0.633333333333333,115.801565242511,109,-6.57229360614708,-16.9023694824815,-1.41521389747339,0.902187239282904,0.580247248195214,-16.6292276738897,-0.225205413681464,-0.0503369919026077
0.65,115.824915966742,109,-6.57229360614708,-17.214183879321,-1.42454396233239,0.902187239282904,0.593119524060297,-16.9096848372046,-0.223878358672223,-0.050735069915245
0.666666666666667,115.849815050015,109,-6.57229360614708,-17.5089627381778,-1.43834986456453,0.902187239282904,0.60590616231914,-17.2012868167134,-0.224676193643239,-0.0512162223732654
0.683333333333333,115.876308163437,109,-6.57229360614708,-17.787109892623,-1.45316010972299,0.902187239282904,0.618606567312993,-17.4949523282649,-0.226098825064562,-0.0517042704880869
0.7,115.904440006817,109,-6.57229360614708,-18.0490669443125,-1.46664560649662,0.902187239282904,0.631220185029863,-17.7840092589054,-0.227125995355639,-0.0521497999290475
0.716666666666667,115.934254279355,109,-6.57229360614708,-18.2953069917524,-1.47733926626503,0.902187239282904,0.643746501913535,-18.0636793403711,-0.227101933849963,-0.0525233187048619
0.733333333333333,115.965793654429,109,-6.57229360614708,-18.5263288858066,-1.48441492612516,0.902187239282904,0.656185043700224,-18.3306631148877,-0.225644039686175,-0.0528099016420358
0.75,115.999099758117,108,-7.57229360614708,-18.7426519829188,-1.48751409513516,0.902187239282904,0.668535374282271,-18.5828067388676,-0.222570989859976,-0.0530050280450511
0.766666666666667,116.034213151115,108,-7.57229360614708,-19.0411688331004,-1.48661113033263,0.902187239282904,0.680797094598307,-18.8188354358052,-0.217846502668968,-0.0531113735582501
0.783333333333333,116.071173313756,108,-7.57229360614708,-19.3199873995225,-1.49380049808606,0.902187239282904,0.692969841549333,-19.0751164587026,-0.216736411609929,-0.0533865175410954
0.8,116.110018633861,108,-7.57229360614708,-19.5798791668307,-1.50419976548183,0.902187239282904,0.705053286940162,-19.3392781362409,-0.217147206664132,-0.0537215944675083
0.816666666666667,116.150786397186,108,-7.57229360614708,-19.8216247095287,-1.51450574484175,0.902187239282904,0.717047136445698,-19.6022737772022,-0.217647422932432,-0.0540448477498737
0.833333333333333,116.193512780241,108,-7.57229360614708,-20.0460088725907,-1.52260243316125,0.902187239282904,0.728951128601503,-19.8576538560609,-0.217306294974907,-0.0543120751591362
0.85,116.238232845286,108,-7.57229360614708,-20.253816454729,-1.52725330358638,0.902187239282904,0.740765033818169,-20.1009826916839,-0.215566632739861,-0.0544991820541777
0.866666666666667,116.284980537321,107,-8.57229360614708,-20.4458283608945,-1.52786132274591,0.902187239282904,0.752488653418955,-20.3293725978249,-0.21214524616963,-0.0545964196058023
0.883333333333333,116.33378868292,107,-8.57229360614708,-20.7191756572893,-1.52428315931504,0.902187239282904,0.764121818700221,-20.54111333005,-0.206955476261126,-0.0546039648244069
0.9,116.384688990738,107,-8.57229360614708,-20.9721831225227,-1.52857790242901,0.902187239282904,0.775664390014157,-20.7723540020469,-0.205248137192276,-0.0547787200157734
0.916666666666667,116.43771205358,107,-8.57229360614708,-21.2058186493445,-1.5358812533701,0.902187239282904,0.787116255873342,-21.0106594250272,-0.204937938933324,-0.0550122931790473
0.933333333333333,116.492887351886,107,-8.57229360614708,-21.4210400660981,-1.54294046586702,0.902187239282904,0.798477332076663,-21.2470258990347,-0.204615897097893,-0.0552340642963722
0.95,116.550243258517,107,-8.57229360614708,-21.6187915282859,-1.54770696229262,0.902187239282904,0.809747560856128,-21.4751168496361,-0.203381449523787,-0.0554012842031268
0.966666666666667,116.609807044757,107,-8.57229360614708,-21.8000003693028,-1.54901781942577,0.902187239282904,0.820926910044149,-21.6906520779958,-0.200710678136196,-0.0554913886300282
0.983333333333333,116.6716048874,108,-7.57229360614708,-21.9655743759128,-1.54634841790975,0.902187239282904,0.832015372260827,-21.8909216368869,-0.1963535204871,-0.0554960781193513
1,116.735661876851,108,-7.57229360614708,-22.0200419903189,-1.53962186988347,0.902187239282904,0.84301296412084,-22.0744005803415,-0.190254178682324,-0.0554167998764391
1.01666666666667,116.802002026153,108,-7.57229360614708,-22.0667037833087,-1.5171722499408,0.902187239282904,0.853919725459481,-22.2034698104633,-0.177289286230595,-0.0550111819604697
1.03333333333333,116.870648280846,109,-6.57229360614708,-22.1061787851082,-1.48465232485138,0.902187239282904,0.864735718577469,-22.2903903299225,-0.159849352264909,-0.0544099968751376
1.05,116.941622529602,110,-5.57229360614708,-22.0426965834223,-1.44633569724653,0.902187239282904,0.875461027504089,-22.3449207897646,-0.139756978242613,-0.0537103784440424
1.06666666666667,117.014945615549,110,-5.57229360614708,-21.882893895391,-1.39351319889243,0.902187239282904,0.886095757278305,-22.3378221670133,-0.113182551597596,-0.0527328921415881
1.08333333333333,117.090637348233,111,-4.57229360614708,-21.7295166658852,-1.32185158200837,0.902187239282904,0.896640033247427,-22.250487035587,-0.0781657193269352,-0.0513966969925055
1.1,117.168716516146,112,-3.57229360614708,-21.4862622326285,-1.24198220633435,0.902187239282904,0.907094000382971,-22.1092749604242,-0.0392725413924598,-0.0499387873825266
1.11666666666667,117.249200899763,113,-2.57229360614708,-21.159228682017,-1.14949148107975,0.902187239282904,0.917457822613328,-21.8972240637691,0.00544861523845594,-0.0482711956638242
1.13333333333333,117.332107285046,114,-1.57229360614708,-20.7542628194048,-1.0427901008584,0.902187239282904,0.927731682172883,-21.6046251233153,0.0567355017457732,-0.0463685993132702
1.15,117.417451477558,114,-1.57229360614708,-20.2769587687983,-0.924494998240624,0.977692241042279,0.938379544935986,-21.2275051580973,0.112824988998418,-0.0442468826231956
1.16666666666667,117.505248312682,115,-0.572293606147085,-19.8263879403795,-0.803105293473227,1.09908194580968,0.950848533761971,-20.7690826315356,0.167986332078719,-0.0419416901354132
1.18333333333333,117.595511591143,116,0.427706393852915,-19.2986635621759,-0.69181782611516,1.21036941316774,0.9651737498546,-20.2716977566424,0.216477927925177,-0.0397318566439451
1.2,117.688253798981,117,1.42770639385292,-18.6918251443509,-0.585129961040174,1.31705727824273,0.981234189870762,-19.7258540287275,0.260886604463187,-0.0375090896175535
1.21666666666667,117.78348566101,117,1.42770639385292,-18.0050231529546,-0.478844395488308,1.4233428437946,0.998988970556588,-19.1229643233276,0.303138149261277,-0.0351881860655102
1.23333333333333,117.881215615062,118,2.42770639385292,-17.3344234960896,-0.369988968686605,1.5321982705963,1.01845615350148,-18.4559333162522,0.344558129651752,-0.0327066594335206
1.25,117.981449261766,119,3.42770639385292,-16.5777348818223,-0.268006815256214,1.63418042402669,1.03959060590865,-17.7561565866134,0.381148018833946,-0.0302720111265264
1.26666666666667,118.084188786683,119,3.42770639385292,-15.735849093801,-0.165883947303159,1.73630329197974,1.06233774436788,-17.0069326388566,0.416064776217796,-0.0277391028309737
1.28333333333333,118.189432343381,120,4.42770639385292,-14.9065696277443,-0.059198029768108,1.9021872392829,1.08673685940677,-16.1958844140994,0.451232900638546,-0.0250127836197606
1.3,118.297173496028,120,4.42770639385292,-13.9869343367125,0.0434082165995549,1.9021872392829,1.11273068982414,-15.3516415156261,0.483028730206566,-0.0222860234122307
1.31666666666667,118.40740071672,121,5.42770639385292,-13.0770317007359,0.157422481517363,1.9021872392829,1.1386167515237,-14.4519058686663,0.520675307269017,-0.0194094332573311
1.33333333333333,118.520096965999,121,5.42770639385292,-12.0839134698416,0.274705496970718,1.9021872392829,1.16439173449648,-13.5169704774533,0.560631604858241,-0.0165606210446867
1.35,118.635239570934,121,5.42770639385292,-11.1129924552058,0.401029486929571,1.9021872392829,1.19005246393589,-12.5265780023733,0.605395006726174,-0.0136181564213946
1.36666666666667,118.752800371166,122,6.42770639385292,-10.1666231529713,0.526697468238646,1.9021872392829,1.21559589673106,-11.5066482960235,0.650728172107024,-0.0107904238339315
1.38333333333333,118.872746017184,122,6.42770639385292,-9.15042625893924,0.644850350031669,1.9021872392829,1.2410191180383,-10.4775315133853,0.693581698000227,-0.00821858776724985
1.4,118.995038347523,122,6.42770639385292,-8.16847329096205,0.762748971087836,1.9021872392829,1.2663193379289,-9.41804815590738,0.737046801333009,-0.0057416177980245
1.41666666666667,119.119634799597,122,6.42770639385292,-7.22186404470575,0.839793350097263,2.74198058938017,1.29808956023337,-8.35723960293641,0.753846128519092,-0.00352466272937294
1.43333333333333,119.246488799447,122,6.42770639385292,-6.28218145024955,0.86692215443121,2.76910939371411,1.33756930771733,-7.34349391196562,0.738415832744333,-0.00160720201076872
1.45,119.375549495229,122,6.42770639385292,-5.32328589857195,0.886432206768977,2.78861944605188,1.37729260713554,-6.37028112280199,0.71997996172685,0.000139401548175985
1.46666666666667,119.506760298637,122,6.42770639385292,-4.35035445052072,0.905901604616983,2.80808884389989,1.41719442709351,-5.41702667209118,0.701890046234338,0.0018743945018008
1.48333333333333,119.64005773941,122,6.42770639385292,-3.36833560319819,0.929317731690726,2.83150497097363,1.45730448705661,-4.47045416707955,0.685831939333416,0.00368558418948063
1.5,119.775371002553,122,6.42770639385292,-2.38154888172567,0.958235321972672,2.86042256125558,1.49769746845338,-3.52297600682829,0.672386671638533,0.00561115362671893
1.51666666666667,119.91262190326,122,6.42770639385292,-1.39353991013206,0.992702240411899,2.8948894796948,1.53846055556247,-2.57111855634619,0.661469683844327,0.0076575728527506
1.53333333333333,120.051725097127,122,6.42770639385292,-0.407091631673432,1.03194588136908,2.93413312065199,1.57967434724016,-1.61415930806977,0.652650302773622,0.00981319870468303
1.55,120.192588443097,122,6.42770639385292,0.575681258668417,1.07484571612644,2.97703295540934,1.62140335499209,-0.653046095506723,0.645367167147033,0.0120578711602387
1.56666666666667,120.335113388594,122,6.42770639385292,1.55320436661912,1.12023205540745,3.02241929469036,1.66369286174866,0.310398309394663,0.63906087558683,0.0143691643498403
1.58333333333333,120.479195329715,122,6.42770639385292,2.52431315159325,1.16705404606349,3.06924128534639,1.70656961411999,1.27401942535972,0.633245532852403,0.016726059067477
1.6,120.624723984983,122,6.42770639385292,3.48813707505874,1.21445624115514,3.11664348043804,1.75004450918362,2.23567103810828,0.627538428870791,0.0191107683824176
1.61666666666667,120.771583815499,122,6.42770639385292,4.44400580426227,1.26179626278774,3.16398350207064,1.79411603518661,3.19340334818335,0.621663402905215,0.0215093391043568
1.63333333333333,120.91965440088,121,5.42770639385292,5.39137879935436,1.30862839395183,3.21081563323473,1.83877370174736,4.14554576006054,0.615439543012545,0.0239115164995863
1.65,121.068810748418,121,5.42770639385292,6.23343866375148,1.35467072791696,3.25685796719986,1.8840010467864,5.0907223975746,0.608763328489605,0.0263102265590237
1.66666666666667,121.218923555049,121,5.42770639385292,7.07221285747212,1.38838333411198,3.29057057339488,1.92967471836755,5.99096919605167,0.596758650229522,0.0284506601169821
1.68333333333333,121.369859435591,120,4.42770639385292,7.90670704544779,1.41557331891188,3.31776055819479,1.97563523289729,6.85816297530063,0.582120146254897,0.030448214908197
1.7,121.521481127917,120,4.42770639385292,8.63904489686501,1.44009215974649,3.3422793990294,2.02180295123371,7.7013111677234,0.56660023591799,0.0323811932295063
1.71666666666667,121.673647718561,120,4.42770639385292,9.37002092136976,1.45287911481108,3.35506635409399,2.06804580350574,8.48986996066094,0.546398567641999,0.0340479202813033
1.73333333333333,121.826214926472,120,4.42770639385292,10.0974880594979,1.46102113422498,3.36320837350788,2.11422639835402,9.24064530453844,0.52473071624995,0.0355929917483999
1.75,121.979035394387,119,3.42770639385292,10.8189822036689,1.46884360218022,3.37103084146313,2.16030142471382,9.96564331769075,0.503505309651482,0.0371074046683112
1.76666666666667,122.131959036474,119,3.42770639385292,11.435806994131,1.47864971551027,3.38083695479317,2.20628199594196,10.6727883588562,0.483691906772421,0.0386419789572639
1.78333333333333,122.284833437951,119,3.42770639385292,12.0484149428146,1.47998492466699,3.38217216394989,2.25210224506508,11.3299563899554,0.460804578539674,0.0399693070901746
1.8,122.437504235601,118,2.42770639385292,12.6546426937009,1.47879751738132,3.38098475666422,2.29766992833547,11.9523235639047,0.437509624401582,0.0412124015564324
1.81666666666667,122.589815426767,118,2.42770639385292,13.1558549232988,1.47855251240952,3.38073975169242,2.34297031225218,12.5504643580374,0.415307089756242,0.0424456145744099
1.83333333333333,122.741609688175,118,2.42770639385292,13.6524477901545,1.46956527228835,3.37175251157125,2.38792765800603,13.0943187328236,0.39005298756842,0.0434576248931872
1.85,122.892728724002,117,1.42770639385292,14.1421642157598,1.45824759230446,3.36043483158736,2.43245002108129,13.6005761882719,0.364611066243639,0.0443815593144168
1.86666666666667,123.043013659307,117,1.42770639385292,14.5262850727682,1.44830545169433,3.35049269097724,2.47652875333576,14.0808600555589,0.34057590331579,0.0452974421580909
1.88333333333333,123.192305497615,117,1.42770639385292,14.9051563902023,1.43014530222449,3.33233254150739,2.52009690813664,14.5057976798175,0.313830262159982,0.0459965542370896
1.9,123.340445541737,116,0.427706393852915,15.2765127285265,1.4101778614399,3.31236510072281,2.56307204469763,14.8925039841243,0.287224196757295,0.0466126728407758
1.91666666666667,123.487275751142,116,0.427706393852915,15.5416669848987,1.3920583817519,3.29424562103481,2.60545456595358,15.2528511488473,0.262317906205942,0.0472253650357417
1.93333333333333,123.632639089895,116,0.427706393852915,15.8010312508233,1.36612201775187,3.26830925703477,2.64718555161052,15.5576060548459,0.234952326115383,0.0476249382256503
1.95,123.776379910061,116,0.427706393852915,16.0524319286069,1.33870585423464,3.24089309351754,2.68818938050187,15.8239630362098,0.207936311200818,0.0479440625423241
1.96666666666667,123.918344321751,116,0.427706393852915,16.2936487211188,1.31339930196297,3.21558654124587,2.72847211935586,16.0638469254482,0.182793784955592,0.048261286367773
1.98333333333333,124.058380564101,116,0.427706393852915,16.5227747678269,1.29186806364809,3.194055302931,2.76808285602167,16.2849312213631,0.160166811550695,0.0486163495744572
2,124.196339342794,116,0.427706393852915,16.7383741049152,1.27453624561156,3.17672348489446,2.80708757354486,16.4917121278684,0.140141957133661,0.0490232388675425
2.01666666666667,124.332074156237,116,0.427706393852915,16.9395099418817,1.2611079568981,3.163295196181,2.8455530185695,16.6864809206123,0.122495070233659,0.0494804183220936
2.03333333333333,124.465441545436,116,0.427706393852915,17.1256994026921,1.25093799035773,3.15312522964063,2.88353795878335,16.8701218194385,0.106861855240601,0.0499782748069147
2.05,124.59630129897,116,0.427706393852915,17.2968338891521,1.24327530027928,3.14546253956218,2.92108951200917,17.0427173531116,0.0928473376940437,0.0505041415586338
2.06666666666667,124.724516675053,116,0.427706393852915,17.4530904903875,1.23740772639315,3.13959496567606,2.95824266979866,17.2039750892206,0.0800888124151439,0.0510453937907566
2.08333333333333,124.849954565548,116,0.427706393852915,17.5948493064049,1.23273548681929,3.1349227261022,2.99502160711129,17.3535051647728,0.068285883022157,0.0515911203417391
2.1,124.972485589621,117,1.42770639385292,17.7226240137793,1.22879708313372,3.13098432241663,3.03144179628588,17.4909828673025,0.0572089994675555,0.0521328189980833
2.11666666666667,125.091984143366,117,1.42770639385292,17.9333654851893,1.2252662589278,3.12745349821071,3.0675122949904,17.6162289202058,0.0466953082833573,0.0526644776778776
2.13333333333333,125.208328422528,117,1.42770639385292,18.1252694482897,1.23331776128368,3.13550500056658,3.10334117559226,17.7660952763629,0.0414689049503887,0.053432567409139
2.15,125.321400429002,118,2.42770639385292,18.2995985450858,1.2469621524689,3.1491493917518,3.13906830114444,17.9279880925373,0.0387672385135966,0.0543170269620552
2.16666666666667,125.431085967831,118,2.42770639385292,18.554517333521,1.26229352256126,3.16448076184416,3.17475192145739,18.0925082307775,0.0368272421211107,0.0552375418238996
2.18333333333333,125.537274638934,118,2.42770639385292,18.7895276694547,1.28840066317366,3.19058790245657,3.21050268446538,18.2900599180605,0.0394741971822449,0.056395554795333
2.2,125.639859824478,119,3.42770639385292,19.0070778699757,1.31827246850326,3.22045970778616,3.24643759782312,18.5038834908451,0.0435367963590525,0.0576473363799945
2.21666666666667,125.738738635446,119,3.42770639385292,19.3062972571935,1.34768256335446,3.24986980263737,3.28258120649343,18.7221504604485,0.0471587203406837,0.0589033576128228
2.23333333333333,125.833811784508,119,3.42770639385292,19.58740430556,1.38581785935105,3.28800509863395,3.31900882092389,18.9740637935768,0.0542542863400484,0.0603647878382912
2.25,125.924983441211,119,3.42770639385292,19.8533315747247,1.42597958793317,3.32816682721607,3.35580566012947,19.2424647425289,0.0618290245818249,0.0618924832153935
2.26666666666667,126.012161022675,120,4.42770639385292,20.1071399219408,1.4643310068989,3.3665182461818,3.39297039041845,19.5155989270323,0.0682293325966237,0.0634035533625314
2.28333333333333,126.095254926521,120,4.42770639385292,20.4479817189618,1.49905825218447,3.40124549146738,3.43045556820055,19.7861204779833,0.0727306713562936,0.0648558335980141
2.3,126.174178280327,120,4.42770639385292,20.7757667152303,1.54105181468827,3.44323905397117,3.46829856934869,20.0868720661802,0.0800313094989236,0.0664847349087909
2.31666666666667,126.24884676183,120,4.42770639385292,21.0929672856388,1.58882960728441,3.01436796438199,3.50573788453876,20.4039046404903,0.0906287135974669,0.0681738999488103
2.33333333333333,126.319178424914,120,4.42770639385292,21.3857049833381,1.66874326255703,3.07030752307282,3.53665758172573,20.7407197808807,0.124779065758262,0.0698355368682498
2.35,126.385093889957,120,4.42770639385292,21.642308846479,1.73946716708385,3.1198142562416,3.56816892063824,21.0872128545997,0.154074252550952,0.0713356451861527
2.36666666666667,126.446517249166,120,4.42770639385292,21.8691033262573,1.79605267197704,3.15942410966683,3.60013359749744,21.4220606434883,0.176518957390942,0.072561957302122
2.38333333333333,126.503376733787,120,4.42770639385292,22.0713050964109,1.83708455206568,3.18814642572888,3.63237744061623,21.7329731485518,0.191683529057933,0.0734767551152812
2.4,126.555604911654,120,4.42770639385292,22.2529634773011,1.86329276944747,3.20649217789613,3.66472316216549,22.0140295459823,0.200068800124103,0.0740883745621703
2.41666666666667,126.603138603207,120,4.42770639385292,22.417050894888,1.87654657085401,3.21576983888071,3.69700922707668,22.2635169633541,0.202651071030081,0.0744303509868449
2.43333333333333,126.6459186793,121,5.42770639385292,22.5656285045827,1.87916868127533,3.21760531617563,3.72909892994273,22.48227708736,0.200575963926267,0.0745470394674087
2.45,126.683889887434,121,5.42770639385292,22.7963943979562,1.87350129604332,3.21363814651323,3.76088300482378,22.672510874525,0.194968054272476,0.0744843811525063
2.46666666666667,126.71700072924,121,5.42770639385292,23.0077151696371,1.87319245881636,3.21342196045436,3.79235125587237,22.8738598398893,0.191765152780464,0.0745347566031338
2.48333333333333,126.74520336977,121,5.42770639385292,23.2005213586159,1.87431833547361,3.21421007411443,3.82354262245656,23.0764959847465,0.189224900585771,0.0746154873514996
2.5,126.768453566536,121,5.42770639385292,23.3758980171802,1.87443678336267,3.21429298763677,3.85445939408296,23.2733539746713,0.186284704751633,0.0746742366300436
2.51666666666667,126.786710611035,121,5.42770639385292,23.5349080762297,1.87219969513501,3.21272702587741,3.88508215533086,23.4596618582513,0.182378144854119,0.0746812986480668
2.53333333333333,126.799937278106,121,5.42770639385292,23.6784975454111,1.86702070083428,3.2091017298669,3.91538053367373,23.6324408508593,0.177279816125085,0.074622901120643
2.55,126.808099780024,121,5.42770639385292,23.8074566389972,1.85880859766742,3.2033532576501,3.94532046330736,23.7900395151804,0.170982324321003,0.0744957746549864
2.56666666666667,126.811167723263,121,5.42770639385292,23.9224164006831,1.84776553348175,3.19562311272013,3.9748687289646,23.93173562508,0.163604190203888,0.0743030005399375
2.58333333333333,126.809114066466,122,6.42770639385292,24.0238656147714,1.83424267113706,3.18615710907884,4.00399550306957,24.0574174634667,0.155324753583394,0.0740510107153163
2.6,126.80191507865,122,6.42770639385292,24.2085347782911,1.81864326231165,3.17523752290106,4.03267548695454,24.1673429343167,0.14634106760388,0.073747549074864
2.61666666666667,126.789550296984,122,6.42770639385292,24.3742717290413,1.81289579189464,3.17121429360915,4.06096108617395,24.2988615942991,0.14178123837379,0.0736506117242248
2.63333333333333,126.772002485332,122,6.42770639385292,24.5218020212683,1.8116588191342,3.17034841267685,4.08893555967685,24.439901827074,0.139243388426553,0.0736488575588236
2.65,126.749257631062,122,6.42770639385292,24.6522102319832,1.81138975310921,3.17016006645935,4.1166308667368,24.5814216408381,0.137158258133926,0.0736674910470499
2.66666666666667,126.72130501145,122,6.42770639385292,24.7666799696983,1.80993282018743,3.1691402134141,4.1440461756231,24.7170345271628,0.134591243992311,0.0736601784402967
2.68333333333333,126.688137234381,122,6.42770639385292,24.8663389930554,1.80614258975121,3.16648705210875,4.17116176632176,24.8425248419162,0.131064755355774,0.0736015335404445
2.7,126.649750228953,122,6.42770639385292,24.9521796299323,1.79956664489649,3.16188389071045,4.1979488907472,24.9553510889988,0.126410478169183,0.073480704828061
2.71666666666667,126.606143204724,122,6.42770639385292,25.0250298586268,1.79019456483604,3.15532343466813,4.22437632798839,25.0541938681755,0.120653850418391,0.0732962496415013
2.73333333333333,126.557318591864,122,6.42770639385292,25.0855558886881,1.77827037742024,3.14697650347707,4.25041439378397,25.1385758730277,0.113928705152484,0.073052266538971
2.75,126.503281969738,122,6.42770639385292,25.1342821583976,1.76416028853025,3.13709944125408,4.27603709681077,25.2085619081054,0.106417795544002,0.0727556389192037
2.76666666666667,126.44404198877,122,6.42770639385292,25.1716189941922,1.74826532641482,3.12597296777328,4.30122302487928,25.2645351120237,0.0983140968335909,0.0724141916245735
2.78333333333333,126.379610288671,122,6.42770639385292,25.1978916323972,1.7309683913778,3.11386511324736,4.32595542181371,25.3070393217607,0.0897978476546401,0.0720355538654683
2.8,126.310001416657,122,6.42770639385292,25.2133669072814,1.71260620915496,3.10101158569137,4.35022179894389,25.3366750315539,0.0810248544566941,0.0716265385323588
2.81666666666667,126.235232784376,122,6.42770639385292,25.2182757623708,1.69345824158199,3.0876080083903,4.37401332350101,25.354036302446,0.0721223641716915,0.0711928771212938
2.83333333333333,126.15532469537,122,6.42770639385292,25.212830978916,1.67374631073747,3.07380965679913,4.39732414371307,25.3596772366461,0.063189634792949,0.070739182644127
2.85,126.07030035065,122,6.42770639385292,25.1972402764062,1.65364030165832,3.05973545044373,4.42015074726263,25.3540985230962,0.0543010967671538,0.0702690448478081
2.86666666666667,125.980185845917,122,6.42770639385292,25.1717153534485,1.63326669773429,3.04547392769691,4.44249140411683,25.3377466141413,0.045510647498391,0.0697851900294772
2.88333333333333,125.88501021015,121,5.42770639385292,25.1364776117362,1.61271782359924,3.03108971580237,4.46434571368964,25.3110200244879,0.0368561390089634,0.0692896605415554
2.9,125.78480540352,121,5.42770639385292,24.9954038618809,1.59206052330875,3.01662960559903,4.48571425670887,25.2742789054137,0.0283635085094335,0.0687839866118768
2.91666666666667,125.679606259797,121,5.42770639385292,24.8511810837581,1.57448616351363,2.61070601286404,4.50355028316892,25.1930609110707,0.0258051015140178,0.0680183156734462
2.93333333333333,125.56945044662,121,5.42770639385292,24.6902334026708,1.56578388893257,2.60678998930256,4.51751695407624,25.0935212422756,0.0320095678351993,0.0670821602898585
2.95,125.454378785962,120,4.42770639385292,24.5009872985285,1.54841057221775,2.59897199678089,4.53114943889206,24.9751066975706,0.0341491675931434,0.0659781923294672
2.96666666666667,125.334436095275,120,4.42770639385292,24.1906813337334,1.52151555123084,2.58686923733678,4.54438283132971,24.830988704142,0.0319120245126034,0.0646876096211735
2.98333333333333,125.209671781878,120,4.42770639385292,23.8647965015049,1.4738710488874,2.56542921128223,4.55710376583617,24.6211631520914,0.0205118973494571,0.0629689131579371
3,125.080140024894,119,3.42770639385292,23.525460338278,1.4121725343411,2.5376648797364,4.569186811923,24.3575781874833,0.00295580447266514,0.0609650489547327
3.01666666666667,124.945899745201,119,3.42770639385292,23.0777346565565,1.34172784244857,2.50596476838476,4.58055145971067,24.0508038581901,-0.0183844612374044,0.0587892654583055
3.03333333333333,124.807014500873,118,2.42770639385292,22.6250263366164,1.25492051976481,2.46690147317707,4.59110494931052,23.6728620254102,-0.0467433671316951,0.0562775392242766
3.05,124.663552318069,118,2.42770639385292,22.0712854398218,1.16024767979894,2.42429869519243,4.60076243315367,23.243554427393,-0.0783620689072201,0.0536115138653222
3.06666666666667,124.515585543149,117,1.42770639385292,21.5188696173023,1.05193827328029,2.37555946225903,4.60944546367226,22.741271183059,-0.115684822769834,0.0506667674036079
3.08333333333333,124.363190734186,117,1.42770639385292,20.8708191343793,0.939384528195956,2.32491027697108,4.61709360907432,22.1899666480443,-0.154582346136582,0.0476441818525304
3.1,124.206448537059,116,0.427706393852915,20.228753345168,0.817073032109473,2.26987010373217,4.62365703348173,21.5705374117145,-0.19740815023888,0.0444249116761863
3.11666666666667,124.045443540328,116,0.427706393852915,19.4951486790687,0.694254692531421,2.21460185092204,4.62910426275604,20.9082728237336,-0.240115570162746,0.0412068634553784
3.13333333333333,123.880264224363,115,-0.572293606147085,18.7712207265416,0.570093933867424,2.09459394196316,4.63238084405966,20.1861167179707,-0.28155479293381,0.0378618337261485
3.15,123.711002933041,114,-1.57229360614708,17.9570260219385,0.447215591452633,2.05312250139817,4.63466022015669,19.4301777458089,-0.322310161193367,0.0345701452661442
3.16666666666667,123.537755860275,114,-1.57229360614708,17.0559123964134,0.318203876916217,2.00958104774213,4.63604955466311,18.6190223452816,-0.3657526840415,0.0311847211614329
3.18333333333333,123.360623086506,113,-2.57229360614708,16.1702933214128,0.17937803271766,1.96272732532511,4.63650833344998,17.7383656254867,-0.413445058560869,0.0276269993976218
3.2,123.17970857736,113,-2.57229360614708,15.2033383811537,0.0413198754887761,1.91613269726037,4.63601855222394,16.8174061483913,-0.460764723979025,0.0241236145140115
3.21666666666667,122.995120124118,112,-3.57229360614708,14.256885200322,-0.0984990249652617,1.9021872392829,4.63408147804161,15.8411904681627,-0.508074855883547,0.0205671624418282
3.23333333333333,122.806969244858,112,-3.57229360614708,13.2348975034925,-0.240689230916736,1.9021872392829,4.63271820917741,14.8364495958983,-0.558552460311946,0.0171564156313959
3.25,122.615371022205,111,-4.57229360614708,12.2416127874402,-0.387103390036111,1.9021872392829,4.63120450745795,13.7833172646851,-0.611880269768136,0.0137733137659592
3.26666666666667,122.420443819259,111,-4.57229360614708,11.18243102405,-0.528047186714017,1.9021872392829,4.62954559360075,12.7091132334305,-0.663787573462771,0.0106219855831993
3.28333333333333,122.222308903732,110,-5.57229360614708,10.1612076937697,-0.668809393259291,1.9021872392829,4.62774655883072,11.5978707302793,-0.716505292477151,0.00758395524801427
3.3,122.02109003132,110,-5.57229360614708,9.08247432733047,-0.797290890104543,1.9021872392829,4.62527520975903,10.4777697398137,-0.763916364086733,0.00485499785097011
3.31666666666667,121.816913018886,109,-6.57229360614708,8.04927114746834,-0.857581486823606,1.0446057524593,4.6094811877235,9.35518878509836,-0.763394222158547,0.00227871404363449
3.33333333333333,121.609905353731,109,-6.57229360614708,6.93552295248826,-0.90462458737882,0.997562651904084,4.59238115573824,8.26850489740755,-0.756416256592102,-6.81981887433267e-05
3.35,121.400196455405,108,-7.57229360614708,5.81563624072832,-0.954587350468194,0.947599888814709,4.57435814170187,7.17723999971002,-0.750538441390517,-0.00249540945449527
3.36666666666667,121.187919128973,108,-7.57229360614708,4.59605165499689,-1.00779966266355,0.902187239282904,4.55543680656052,6.07991455779241,-0.745952986005758,-0.00500548026392917
3.38333333333333,120.973210734243,108,-7.57229360614708,3.38177552761989,-1.07901184731775,0.902187239282904,4.53626897554675,4.93863073139699,-0.750056180864525,-0.0078386923944614
3.4,120.756213695254,107,-8.57229360614708,2.176620683059,-1.16286670450902,0.902187239282904,4.51701243261213,3.76484043940633,-0.760785419518247,-0.010854265128454
3.41666666666667,120.537075532604,107,-8.57229360614708,0.889154669786143,-1.25414275349954,0.902187239282904,4.4976750567968,2.56914789022803,-0.775883289010147,-0.0139347596838438
3.43333333333333,120.315948554444,107,-8.57229360614708,-0.373863031406801,-1.36016417336312,0.902187239282904,4.47826449555551,1.3248562822128,-0.79854839698046,-0.0172308489033909
3.45,120.092989324133,107,-8.57229360614708,-1.60888861872829,-1.4718295846235,0.902187239282904,4.45878817018658,0.0538613006425579,-0.824833087588903,-0.0205421798587178
3.46666666666667,119.868358016292,106,-9.57229360614708,-2.81290073020497,-1.58222849352543,0.902187239282904,4.43925328114578,-1.22574525127467,-0.85169584151561,-0.0237216747729206
3.48333333333333,119.642217731697,106,-9.57229360614708,-4.07971597847917,-1.68626317279479,0.902187239282904,4.4196668132475,-2.49916271642874,-0.876850747118006,-0.0266657158346019
3.5,119.414733982063,106,-9.57229360614708,-5.30479577226457,-1.79221419037883,0.902187239282904,4.40003554075549,-3.79140043651729,-0.903837745650032,-0.0295559236016445
3.51666666666667,119.18607613398,106,-9.57229360614708,-6.48666076466209,-1.89244373627305,0.902187239282904,4.38036603236535,-5.08066089480371,-0.929282245814708,-0.0322325458717529
3.53333333333333,118.956415458078,106,-9.57229360614708,-7.6242044760721,-1.98177387998223,0.902187239282904,4.36066465608091,-6.35018003787173,-0.950845570157034,-0.0345933872270897
3.55,118.72592308248,105,-10.5722936061471,-8.71665821439906,-2.05693755683488,0.902187239282904,4.34093758398671,-7.58729077958889,-0.967000480556554,-0.0365802293862374
3.56666666666667,118.494769561549,105,-10.5722936061471,-9.859915613816,-2.11613363028206,0.902187239282904,4.32119079691859,-8.78264732462917,-0.976848393041894,-0.0381679130220401
3.58333333333333,118.263124492846,105,-10.5722936061471,-10.951348344167,-2.17055928264436,0.902187239282904,4.30143008903448,-9.96655920425217,-0.985171883759446,-0.0396057649252808
3.6,118.031156167399,105,-10.5722936061471,-11.9912293001846,-2.21510452102305,0.902187239282904,4.28166107228739,-11.1222496177297,-0.989687183628899,-0.0407911635554876
3.61666666666667,117.799031253748,105,-10.5722936061471,-12.9800547913262,-2.2467386901557,0.902187239282904,4.26188918080251,-12.2376165885079,-0.988995093061096,-0.0416690018532491
3.63333333333333,117.566914514925,105,-10.5722936061471,-13.9185178317735,-2.26398124048723,0.902187239282904,4.24211967516049,-13.3042515721074,-0.982362225433259,-0.0422188677087494
3.65,117.334968556734,105,-10.5722936061471,-14.807483366819,-2.26648388971478,0.902187239282904,4.22235764658863,-14.3166442164697,-0.969547402277737,-0.0424450157958876
3.66666666666667,117.103353605278,105,-10.5722936061471,-15.6479653468685,-2.25470296666661,0.902187239282904,4.2026080210619,-15.271539839269,-0.9506647173234,-0.0423685878721367
3.68333333333333,116.872227311515,106,-9.57229360614708,-16.4411055608584,-2.22964453052671,0.902187239282904,4.18287556331572,-16.1674219758375,-0.92607629379547,-0.0420216373719455
3.7,116.641744580586,106,-9.57229360614708,-17.0917966764649,-2.19266800655847,0.902187239282904,4.16316488077203,-17.004097165255,-0.896309008443442,-0.0414425956603953
3.71666666666667,116.412057423756,106,-9.57229360614708,-17.7038177767384,-2.13344536839653,0.902187239282904,4.14348042738071,-17.7453877971547,-0.856789755395996,-0.0404227290343365
3.73333333333333,116.183314830908,106,-9.57229360614708,-18.2783659248957,-2.05886648414608,0.902187239282904,4.12382650737777,-18.4050806853493,-0.81042474489944,-0.0391231605003991
3.75,115.95566266172,107,-8.57229360614708,-18.8166920774414,-1.97434040950745,0.902187239282904,4.10420727896225,-18.9945214364273,-0.759516283092378,-0.0376681761482219
3.76666666666667,115.729243553779,107,-8.57229360614708,-19.223731622511,-1.88408361296948,0.902187239282904,4.08462675789326,-19.5230738404423,-0.705878407463377,-0.0361525672212054
3.78333333333333,115.50419684605,107,-8.57229360614708,-19.6032469261656,-1.77946287625409,0.902187239282904,4.06508882100898,-19.9615185235811,-0.645730275848887,-0.0343974272048979
3.8,115.28065826665,108,-7.57229360614708,-19.9563654370293,-1.66820286339131,0.902187239282904,4.045597209669,-20.328569456546,-0.582400555446143,-0.0325744733249462
3.81666666666667,115.058758819705,108,-7.57229360614708,-20.1878642230103,-1.55592398665896,0.902187239282904,4.02615553312173,-20.6389238562405,-0.518342607773114,-0.0308050162849784
3.83333333333333,114.838624589226,109,-6.57229360614708,-20.401317077083,-1.43472317506228,0.902187239282904,4.00676727179836,-20.8671103107577,-0.450126302677818,-0.0289215026556133
3.85,114.620377145453,109,-6.57229360614708,-20.5012793691713,-1.31256726443849,0.902187239282904,3.98743578053475,-21.0343650956967,-0.381219665172174,-0.027096285855623
3.86666666666667,114.404133878113,110,-5.57229360614708,-20.5910873758636,-1.18308365019924,0.902187239282904,3.9681642917229,-21.1199936896539,-0.308863565711741,-0.0251938562049883
3.88333333333333,114.190008257172,110,-5.57229360614708,-20.5750460168925,-1.05516064808795,0.902187239282904,3.94895591839328,-21.1486346373095,-0.236938736254945,-0.0234046366413987
3.9,113.97811004002,111,-4.57229360614708,-20.556230819531,-0.924734166216823,0.97745307306608,3.93018553805469,-21.1021790062393,-0.164244220223185,-0.021601014883064
3.91666666666667,113.768545437972,111,-4.57229360614708,-20.4360588867535,-0.808112626072892,1.09407461321001,3.91336660130358,-21.0102986093371,-0.100070746077336,-0.0199689376180788
3.93333333333333,113.561417179067,112,-3.57229360614708,-20.3109663928582,-0.698267455495249,1.20391978378765,3.89851784707611,-20.8585954271778,-0.0413752468508098,-0.0183508025053382
3.95,113.356824354071,112,-3.57229360614708,-20.0778871012929,-0.600906451327507,1.3012807879554,3.8854747433167,-20.672281661397,0.00961633318023502,-0.0168817076848627
3.96666666666667,113.15486209418,113,-2.57229360614708,-19.8340056290639,-0.506203202475313,1.39598403680759,3.87411749094026,-20.4291892750746,0.0573686296355882,-0.0153605685692384
3.98333333333333,112.955621170186,113,-2.57229360614708,-19.4786712085948,-0.419155974143918,1.48303126513899,3.86435621812961,-20.149404071427,0.0998684112832672,-0.0139023517353764
4,112.759187568984,113,-2.57229360614708,-19.1109279910132,-0.330159601652008,1.5720276376309,3.85614932021552,-19.8083562485424,0.141387564453036,-0.0123057185056241
4.01666666666667,112.565642080781,113,-2.57229360614708,-18.7278206966763,-0.241561618020457,1.66062562126245,3.84950540394959,-19.4255387680716,0.17942343774518,-0.0106961592198516
4.03333333333333,112.375059948406,113,-2.57229360614708,-18.3267369790388,-0.159611877093486,1.74257536218942,3.84436183651948,-19.0137884158093,0.212886063174077,-0.00913741255508943
4.05,112.187510615608,113,-2.57229360614708,-17.9056816991109,-0.084928290451228,1.81725894883168,3.84060000683551,-18.5808027138981,0.241685052156581,-0.00765168770921523
4.06666666666667,112.003057495665,113,-2.57229360614708,-17.4634574008311,-0.0169598720251348,1.88522736725777,3.83810125731945,-18.1306373640561,0.266232605369716,-0.00623590095648556
4.08333333333333,111.821757772865,113,-2.57229360614708,-16.9995857276202,0.0459346055692641,1.93434146318139,3.83665348080589,-17.6649164931088,0.287549823847363,-0.00487396742020491
4.1,111.643662281038,113,-2.57229360614708,-16.5146350072228,0.105837637174305,1.97627358530492,3.83599953175148,-17.1834434930117,0.306913096750248,-0.00354607482870447
4.11666666666667,111.468815418112,113,-2.57229360614708,-16.0101175564685,0.164939404683202,1.9021872392829,3.8358365813777,-16.6856785442829,0.325713731360898,-0.0022357299521085
4.13333333333333,111.297255145355,113,-2.57229360614708,-15.4917632344065,0.232453300622172,1.9021872392829,3.83435473568476,-16.1673496637438,0.350557918443342,-0.000937430405584488
4.15,111.129013168317,113,-2.57229360614708,-14.966183259781,0.300486048688517,1.9021872392829,3.83293495273881,-15.6286149449654,0.375971516375496,0.000325475993613378
4.16666666666667,110.964115384664,112,-3.57229360614708,-14.4367427259224,0.367334608165752,1.9021872392829,3.8315756130492,-15.0740926595022,0.401191664349152,0.00151799080800828
4.18333333333333,110.802582390145,112,-3.57229360614708,-14.0028175307976,0.431441353127527,1.9021872392829,3.83027513326951,-14.5085443751753,0.425510516200501,0.00260945544334262
4.2,110.644429945069,112,-3.57229360614708,-13.5646637789823,0.479566351766576,1.9021872392829,3.82903196545214,-13.9736164924411,0.443103658889156,0.00332458837192399
4.21666666666667,110.489669400757,112,-3.57229360614708,-13.1248917645417,0.515836941763858,1.9021872392829,3.82784459631753,-13.4614686416416,0.455673616006849,0.0037634730859849
4.23333333333333,110.338308087593,112,-3.57229360614708,-12.6858361212406,0.543141168144715,1.9021872392829,3.8267115465378,-12.9668682016769,0.464408783431972,0.00399662656111294
4.25,110.190349666535,112,-3.57229360614708,-12.2495743120266,0.563469288452552,1.9021872392829,3.82563137003447,-12.4865070886746,0.470124628975139,0.0040732200364495
4.26666666666667,110.045794446442,111,-4.57229360614708,-11.8179443720944,0.578172754634675,1.9021872392829,3.82460265328997,-12.0184715267466,0.473371080915903,0.00402727615791189
4.28333333333333,109.904639669982,111,-4.57229360614708,-11.4889193649046,0.588158593126464,1.9021872392829,3.82362401467283,-11.5618336786986,0.474513375421284,0.00388228996397381
4.3,109.766879771045,111,-4.57229360614708,-11.1614701738817,0.582142193886408,1.9021872392829,3.82269410377606,-11.1533153017318,0.468591452184673,0.0034044744705917
4.31666666666667,109.632506606581,111,-4.57229360614708,-10.83703301586,0.565770042344684,1.9021872392829,3.82181160076866,-10.7808399274909,0.457991880357637,0.00272472746109737
4.33333333333333,109.501509665706,111,-4.57229360614708,-10.5168732791542,0.543078965421178,1.9021872392829,3.82097521575993,-10.4355543814559,0.444432590595196,0.00193545690689238
4.35,109.373876258678,111,-4.57229360614708,-10.2020978720945,0.516896304889839,1.9021872392829,3.82018368817631,-10.1110768081582,0.429127266403439,0.00110034856049759
4.36666666666667,109.249591688151,111,-4.57229360614708,-9.89366700788074,0.489150774672436,1.9021872392829,3.81943578615058,-9.80290252484776,0.412913406224994,0.000261914072984443
4.38333333333333,109.128639404838,111,-4.57229360614708,-9.5924054291482,0.461112359715455,1.9021872392829,3.81873030592314,-9.50793688690053,0.396351456782686,-0.00055271715211096
4.4,109.011001149493,111,-4.57229360614708,-9.29901307801831,0.433576067938851,1.9021872392829,3.81806607125511,-9.22413006637935,0.37980099966066,-0.00132738976856458
4.41666666666667,108.896657082863,111,-4.57229360614708,-9.0140752195033,0.407001454161049,1.9021872392829,3.81744193285312,-8.9501933416534,0.363478814306798,-0.00205359910199521
4.43333333333333,108.78558590508,111,-4.57229360614708,-8.73807202796161,0.381617479720163,1.9021872392829,3.81685676780547,-8.68538034809301,0.347502695668459,-0.00272801360358945
4.45,108.677764965733,111,-4.57229360614708,-8.4713876478836,0.357500357619472,1.9021872392829,3.81630947902948,-8.42931989481359,0.331924135501979,-0.00335065272121284
4.46666666666667,108.573170365728,111,-4.57229360614708,-8.21431874164173,0.334630481002142,1.9021872392829,3.8157989947298,-8.18188953240901,0.316752351570854,-0.00392356902145498
4.48333333333333,108.471777051854,111,-4.57229360614708,-7.9670825379856,0.312933277037665,1.9021872392829,3.81532426786755,-7.9431211628926,0.301971642474665,-0.00444991506213199
4.5,108.373558904884,111,-4.57229360614708,-7.72982439601532,0.292307814809938,1.9021872392829,3.81488427563991,-7.71313169957186,0.287553636271705,-0.00493330099017929
4.51666666666667,108.278488821894,111,-4.57229360614708,-7.50262490014485,0.272646179996409,1.9021872392829,3.81447801897018,-7.49207318078388,0.273465670677541,-0.00537736927493877
4.53333333333333,108.186538793412,111,-4.57229360614708,-7.28550650218367,0.253845974378613,1.9021872392829,3.81410452200789,-7.28009787474781,0.259676276864219,-0.00578552932615217
4.55,108.097679975897,111,-4.57229360614708,-7.07843972713619,0.235817774421755,1.9021872392829,3.81376283163897,-7.0773348306965,0.246158525760221,-0.00616080776412858
4.56666666666667,108.011882760021,111,-4.57229360614708,-6.8813489596563,0.218488965603866,1.9021872392829,3.8134520170056,-6.88387507308472,0.232891825408808,-0.00650578044084029
4.58333333333333,107.929116835121,111,-4.57229360614708,-6.69411782831292,0.201805037626303,1.9021872392829,3.81317116903569,-6.6997632333086,0.21986262230008,-0.00682256047367586
4.6,107.849351250167,111,-4.57229360614708,-6.51659420493277,0.185729163542642,1.9021872392829,3.81291939998177,-6.52499389358026,0.207064352029234,-0.00711282297146312
4.61666666666667,107.772554471542,111,-4.57229360614708,-6.34859483630014,0.170240679683474,1.9021872392829,3.81269584296903,-6.3595113022302,0.194496899734921,-0.00737785214995784
4.63333333333333,107.698694437885,111,-4.57229360614708,-6.18990962542061,0.155332922009906,1.9021872392829,3.81249965155251,-6.20321142669919,0.182165764115618,-0.00761860043161488
4.65,107.627738612229,111,-4.57229360614708,-6.04030557940692,0.141010749232467,1.9021872392829,3.81232999928303,-6.05594555454132,0.170081066804893,-0.00783575212957488
4.66666666666667,107.559654031627,111,-4.57229360614708,-5.89953044082765,0.127287986404979,1.9021872392829,3.81218607928188,-5.9175248459375,0.158256508576909,-0.00802978661253697
4.68333333333333,107.494407354444,112,-3.57229360614708,-5.76731601908425,0.114184948847561,1.9021872392829,3.81206710382405,-5.78772539335852,0.146708342872065,-0.00820103758422706
4.7,107.431964905479,112,-3.57229360614708,-5.54702377268076,0.10172615040386,1.9021872392829,3.8119723039298,-5.66629346315635,0.135454413552496,-0.00834974640824375
4.71666666666667,107.372292719042,112,-3.57229360614708,-5.34080103386901,0.101829571600559,1.9021872392829,3.8119009289644,-5.51597534209095,0.129714020387679,-0.00822595282953405
4.73333333333333,107.315356580122,112,-3.57229360614708,-5.14813150728514,0.109287393639915,1.9021872392829,3.81185224624597,-5.3487348071242,0.127279295557749,-0.0079490366808955
4.75,107.26112206376,112,-3.57229360614708,-4.96848846039013,0.120380687096897,1.9021872392829,3.81182554066116,-5.17356094066993,0.126561519755862,-0.00760282488109252
4.76666666666667,107.209554572719,112,-3.57229360614708,-4.80133844314775,0.132530784804067,1.9021872392829,3.8118201142886,-4.99709593333928,0.126448453372409,-0.0072441722415292
4.78333333333333,107.16061937355,113,-2.57229360614708,-4.64614463654122,0.14402318487834,1.9021872392829,3.81183528602988,-4.82414101718629,0.126190975474452,-0.00690971790662213
4.8,107.114281631139,113,-2.57229360614708,-4.40601238844374,0.153789995280626,1.9021872392829,3.81187039124806,-4.6580629653663,0.125313432899041,-0.00662117482410984
4.81666666666667,107.070506441812,113,-2.57229360614708,-4.18284533545657,0.173130806236639,1.9021872392829,3.81192478141335,-4.46414427292034,0.12874385354254,-0.00613928790363055
4.83333333333333,107.02925886506,113,-2.57229360614708,-3.97589574896408,0.196562547642566,1.9021872392829,3.81199782375605,-4.25605536519283,0.134130949876469,-0.00558651164784721
4.85,106.990503953959,113,-2.57229360614708,-3.78441752937508,0.220333228956898,1.9021872392829,3.81208890092648,-4.04386410706617,0.139848284619119,-0.00504451359961687
4.86666666666667,106.954206784346,114,-1.57229360614708,-3.60766969168616,0.241996140588856,1.9021872392829,3.81219741066171,-3.83482251551943,0.14481919261104,-0.00456456721283514
4.88333333333333,106.920332482792,114,-1.57229360614708,-3.34856198186371,0.260075391824311,1.9021872392829,3.81232276545914,-3.6339971920283,0.148378741757657,-0.00417566088619662
4.9,106.888846253439,114,-1.57229360614708,-3.10881102840548,0.285696103049312,1.9021872392829,3.81246439225663,-3.40779738720333,0.155366245856371,-0.00364062533424258
4.91666666666667,106.859713403747,114,-1.57229360614708,-2.88749067270339,0.31336447919405,1.9021872392829,3.81262173211912,-3.17058788131235,0.163413107954583,-0.00308046479525293
4.93333333333333,106.83289936918,114,-1.57229360614708,-2.68368490718804,0.339428346538004,1.9021872392829,3.81279423993165,-2.93280917460294,0.170924624091755,-0.00257310713063608
4.95,106.808369736896,114,-1.57229360614708,-2.49649126905615,0.361611246885166,1.9021872392829,3.81298138409854,-2.70185077956291,0.176887931524729,-0.00216472390675285
4.96666666666667,106.786090268467,114,-1.57229360614708,-2.32502379878461,0.378648157424192,1.9021872392829,3.81318264624877,-2.48274892648604,0.180721246079511,-0.00187851738458003
4.98333333333333,106.766026921658,114,-1.57229360614708,-2.16841559619314,0.390002587111602,1.9021872392829,3.81339752094727,-2.27874183482166,0.182156250837622,-0.00172148824402991
5,106.748145871321,114,-1.57229360614708,-2.02582100523387,0.395648598683874,1.9021872392829,3.81362551541217,-2.09170971270955,0.181147012200618,-0.00168960022925222
5.01666666666667,106.732413529419,114,-1.57229360614708,-1.89641745712092,0.395904421186633,1.9021872392829,3.81386614923773,-1.92252170420722,0.177800042951864,-0.00177167797723302
5.03333333333333,106.718796564213,114,-1.57229360614708,-1.77940699987313,0.391306869953496,1.9021872392829,3.81411895412299,-1.77130792959733,0.172321152032259,-0.00195230897843325
5.05,106.707261918652,113,-2.57229360614708,-1.6740175408321,0.382517877871329,1.9021872392829,3.81438347360591,-1.63767141018363,0.16497555624324,-0.00221396733931218
5.06666666666667,106.697776827973,113,-2.57229360614708,-1.67586129261425,0.370256145331121,1.9021872392829,3.81465926280298,-1.52085191139456,0.156058412268011,-0.00253853363823441
5.08333333333333,106.690308836561,113,-2.57229360614708,-1.68178207052661,0.34335699104108,1.9021872392829,3.81494588815415,-1.45682681831179,0.140672750717716,-0.00315850545467521
5.1,106.684825814073,112,-3.57229360614708,-1.69130784753413,0.307756053546965,1.9021872392829,3.81524292717293,-1.43219377764989,0.121342315285323,-0.00393819502961932
5.11666666666667,106.681295970856,112,-3.57229360614708,-1.80035765024678,0.267850804068959,1.9021872392829,3.81554996820168,-1.43643867150464,0.0999544245966252,-0.00477908717275652
5.13333333333333,106.679687872683,112,-3.57229360614708,-1.90608661700585,0.214943003208214,1.9021872392829,3.81586661017188,-1.49833971232919,0.0726948859650314,-0.0058616735440379
5.15,106.679970455385,111,-4.57229360614708,-2.00833653468678,0.156524144668089,1.9021872392829,3.81619246236936,-1.59929044165508,0.0427850779147209,-0.00701930179904113
5.16666666666667,106.68211306761,111,-4.57229360614708,-2.20334092356458,0.0978736339193747,1.9021872392829,3.81652714420426,-1.72511967080883,0.0125226465444648,-0.0081378103859063
5.18333333333333,106.686085534211,110,-5.57229360614708,-2.38856847771696,0.0306857016709867,1.9021872392829,3.81687028498585,-1.90213819061547,-0.0217069889702243,-0.00939293809397692
5.2,106.691858155518,110,-5.57229360614708,-2.66052962988033,-0.0375024380781102,1.9021872392829,3.81722152370188,-2.11017784311239,-0.0566339948517405,-0.0106207816029796
5.21666666666667,106.699401696129,110,-5.57229360614708,-2.9169694565747,-0.113494255093949,1.9021872392829,3.81758050880253,-2.37116226384719,-0.0952182104313301,-0.0119650127354462
5.23333333333333,106.708687378472,109,-6.57229360614708,-3.15831547842864,-0.188815076409857,1.9021872392829,3.81794689798882,-2.66178909336314,-0.133773924068328,-0.0132427017537045
5.25,106.719686880043,109,-6.57229360614708,-3.48138032651991,-0.257855304318153,1.9021872392829,3.81832035800533,-2.96484021398019,-0.169821515625411,-0.0143377803205031
5.26666666666667,106.73237233336,109,-6.57229360614708,-3.78420305953437,-0.329044528215808,1.9021872392829,3.81870056443732,-3.30482479593243,-0.206992667842827,-0.015433750110641
5.28333333333333,106.746716327927,108,-7.57229360614708,-4.06749641362594,-0.395271743737502,1.9021872392829,3.81908720151187,-3.66070026652411,-0.242169864691023,-0.0163806009060797
5.3,106.762691913622,108,-7.57229360614708,-4.42834902113413,-0.452063512194742,1.9021872392829,3.81947996190334,-4.01721844766981,-0.273351293502379,-0.0170892451353991
5.31666666666667,106.780272605086,108,-7.57229360614708,-4.76506637398571,-0.50878918116783,1.9021872392829,3.81987854654271,-4.40060156057927,-0.304567933215173,-0.017765084639299
5.33333333333333,106.799432386767,108,-7.57229360614708,-5.07861780520131,-0.559108669856326,1.9021872392829,3.82028266443095,-4.79129322332603,-0.333033638306178,-0.0182756833702175
5.35,106.820145718342,108,-7.57229360614708,-5.36998105132852,-0.599174948649219,1.9021872392829,3.82069203245624,-5.17533176817261,-0.357019432736437,-0.0185458626761334
5.36666666666667,106.84238754033,108,-7.57229360614708,-5.64013653976733,-0.626969314167031,1.9021872392829,3.82110637521499,-5.54307536217837,-0.375578161389141,-0.0185416887330049
5.38333333333333,106.866133279706,108,-7.57229360614708,-5.89006228355917,-0.641785373597617,1.9021872392829,3.82152542483661,-5.88818739635525,-0.388329739762475,-0.0182581486686277
5.4,106.891358855399,108,-7.57229360614708,-6.12072934270084,-0.643831659452608,1.9021872392829,3.82194892081192,-6.20683247714096,-0.395294889435226,-0.0177097545237345
5.41666666666667,106.918040683556,107,-8.57229360614708,-6.33309781271141,-0.633928495257547,1.9021872392829,3.82237660982512,-6.49704239772393,-0.396767521713977,-0.0169234603791016
5.43333333333333,106.946155682504,107,-8.57229360614708,-6.62447076823216,-0.613279400437532,1.9021872392829,3.82280824558928,-6.75821892015115,-0.393217797773506,-0.0159333974258902
5.45,106.975681277316,107,-8.57229360614708,-6.8933377501308,-0.595192452525975,1.9021872392829,3.82324358868528,-7.02772167883595,-0.390420156021199,-0.015027184718347
5.46666666666667,107.006595403936,107,-8.57229360614708,-7.14082414571357,-0.575938701022535,1.9021872392829,3.82368240640413,-7.294356035984,-0.386771779731264,-0.0141236831133529
5.48333333333333,107.038876512807,107,-8.57229360614708,-7.36803802667226,-0.553279870118244,1.9021872392829,3.82412447259256,-7.55034021097017,-0.381300752551135,-0.0131760241004123
5.5,107.072503571957,107,-8.57229360614708,-7.57606659094618,-0.526059906928899,1.9021872392829,3.82456956750184,-7.79050752157686,-0.373496633827076,-0.0121618035696639
5.51666666666667,107.107456069494,107,-8.57229360614708,-7.76597309363797,-0.493889732608965,1.9021872392829,3.82501747763988,-8.01167388311981,-0.363179082846795,-0.0110755796956052
5.53333333333333,107.143714015484,106,-9.57229360614708,-7.93879422891428,-0.456906080367441,1.9021872392829,3.82546799562625,-8.21213871132628,-0.350396821451919,-0.00992319271788316
5.55,107.181257943162,106,-9.57229360614708,-8.19189539211799,-0.415588963244002,1.9021872392829,3.82592092005047,-8.39129321940938,-0.335350686903879,-0.00871751804226329
5.56666666666667,107.220068909437,106,-9.57229360614708,-8.42381541222005,-0.382516619252617,1.9021872392829,3.8263760553331,-8.58629025482585,-0.323536458780138,-0.00772549599556096
5.58333333333333,107.260128494669,106,-9.57229360614708,-8.63571710605026,-0.353247784095776,1.9021872392829,3.82683321158987,-8.78559525187405,-0.313074055675216,-0.00684637419550636
5.6,107.30141880165,106,-9.57229360614708,-8.82873522092082,-0.324865735690064,1.9021872392829,3.82729220449863,-8.98100147339252,-0.302723251356774,-0.00601504877296296
5.61666666666667,107.343922453775,105,-10.5722936061471,-9.00397391393367,-0.295580427887489,1.9021872392829,3.82775285516917,-9.16686849735825,-0.291719364560963,-0.00519243774376924
5.63333333333333,107.387622592335,105,-10.5722936061471,-9.25886212069572,-0.264419469453058,1.9021872392829,3.8282149900157,-9.33951661198046,-0.279645127558857,-0.00435805983515952
5.65,107.4325028729,105,-10.5722936061471,-9.49199840204754,-0.242881251251911,1.9021872392829,3.82867844063213,-9.53372263659347,-0.271532214700144,-0.00375451885386854
5.66666666666667,107.47854746073,105,-10.5722936061471,-9.7046016188503,-0.225735507922642,1.9021872392829,3.82914304366995,-9.73612960628153,-0.265157211522433,-0.00326371186336468
5.68333333333333,107.525741025162,104,-11.5722936061471,-9.89785900017044,-0.209502006459269,1.9021872392829,3.82960864071867,-9.93714759385452,-0.259030679977481,-0.00280855084399355
5.7,107.574068732919,104,-11.5722936061471,-10.1692812173665,-0.192000599102519,1.9021872392829,3.83007507818893,-10.1300997541529,-0.252211545751486,-0.00234205202397317
5.71666666666667,107.623516240264,104,-11.5722936061471,-10.41754697476,-0.183892185091325,1.9021872392829,3.83054220719792,-10.3475175818066,-0.249362738902818,-0.00208905701207287
5.73333333333333,107.674069683948,103,-12.5722936061471,-10.6439534640003,-0.179390378808891,1.9021872392829,3.8310098834574,-10.5743890671612,-0.248010675519266,-0.0019202634319085
5.75,107.725715670857,103,-12.5722936061471,-10.9461217100486,-0.17467008713393,1.9021872392829,3.83147796716402,-10.7999298170578,-0.246505439489749,-0.00175224002333866
5.76666666666667,107.778441266305,103,-12.5722936061471,-11.2228405776462,-0.17925388055619,1.9021872392829,3.83194632289203,-11.0536006436198,-0.249013155372451,-0.00178534250031283
5.78333333333333,107.832233980866,102,-13.5722936061471,-11.4755167058983,-0.18660127544312,1.9021872392829,3.83241481948828,-11.3181322217628,-0.252725216834649,-0.00187474879747444
5.8,107.887081755679,102,-13.5722936061471,-11.8018793944497,-0.192420899199872,1.9021872392829,3.83288332996942,-11.5811168602911,-0.255778735521022,-0.00192812956684147
5.81666666666667,107.942972946112,102,-13.5722936061471,-12.1008242058597,-0.205981337277527,1.9021872392829,3.8333517314214,-11.8708826518169,-0.262217662262256,-0.00214174068995012
5.83333333333333,107.999896303705,101,-14.5722936061471,-12.3738625477371,-0.220641636453497,1.9021872392829,3.83381990490105,-12.1694038399164,-0.269177581067312,-0.00237005121079122
5.85,108.057840956284,101,-14.5722936061471,-12.7188262542311,-0.232118067879199,1.9021872392829,3.83428773533981,-12.4638019054466,-0.274787185355417,-0.00252233725294665
5.86666666666667,108.116796386135,101,-14.5722936061471,-13.0347109277912,-0.249760216420965,1.9021872392829,3.83475511144957,-12.7821481008606,-0.283114786586579,-0.00279795970998759
5.88333333333333,108.176752406136,100,-15.5722936061471,-13.3231253012491,-0.267055159337135,1.9021872392829,3.83522192563043,-13.1063175644666,-0.291341962147802,-0.0030553834836066
5.9,108.237698982398,100,-15.5722936061471,-13.6819956364904,-0.279874552721637,1.9021872392829,3.83568807388061,-13.4234464935746,-0.297656628949852,-0.00320832409508057
5.91666666666667,108.29962353839,100,-15.5722936061471,-14.0104089174823,-0.297736255388739,1.9021872392829,3.83615345570818,-13.7617006445705,-0.306193309455926,-0.00346070359598211
5.93333333333333,108.362505964273,99,-16.5722936061471,-14.3100620947361,-0.314298100289196,1.9021872392829,3.83661797404477,-14.1031032928452,-0.314202227549208,-0.00367544490514893
5.95,108.426316369468,99,-16.5722936061471,-14.6789663946701,-0.32559770994071,1.9021872392829,3.83708153516113,-14.4349725112751,-0.319939144169554,-0.00377046760404104
5.96666666666667,108.491015213267,99,-16.5722936061471,-15.0162904490013,-0.341309251164626,1.9021872392829,3.83754404858452,-14.7856747252546,-0.327603398519829,-0.00395354906092767
5.98333333333333,108.556554563697,99,-16.5722936061471,-15.3238094987674,-0.355234156775564,1.9021872392829,3.83800542701795,-15.1374416208104,-0.334505552705849,-0.00409106578023416
6,108.622879784085,99,-16.5722936061471,-15.6032522187501,-0.363539353233363,1.9021872392829,3.83846558626108,-15.4777995793113,-0.338956400792912,-0.00410396946922497
6.01666666666667,108.690004054905,99,-16.5722936061471,-15.8562972908721,-0.367608957781829,1.9021872392829,3.83892444513295,-15.7983417195895,-0.340003711700263,-0.00395248390051088
6.03333333333333,108.758427670927,99,-16.5722936061471,-16.0845705953009,-0.363090956874682,1.9021872392829,3.83938192539635,-16.0937538708822,-0.337227721391421,-0.0036243705190613
6.05,108.828752782033,99,-16.5722936061471,-16.2896429659343,-0.349981703118982,1.9021872392829,3.83983795168384,-16.3610448694517,-0.330583327224685,-0.003126007506835
6.06666666666667,108.902140015304,99,-16.5722936061471,-16.4730284599681,-0.328851341735477,1.9021872392829,3.84029245142541,-16.5989407077917,-0.320279229447745,-0.00247567409619555
6.08333333333333,108.980227418808,99,-16.5722936061471,-16.6361830941851,-0.300628415352952,1.9021872392829,3.84074535477772,-16.8074117585939,-0.306686680897859,-0.00169858622286741
6.1,109.0649909087,100,-15.5722936061471,-16.7805040034613,-0.266440396807608,1.9021872392829,3.84119659455492,-16.9873057730298,-0.290271365193584,-0.000823284036280358
6.11666666666667,109.158810965776,100,-15.5722936061471,-16.8109715143725,-0.227497923790987,1.9021872392829,3.84164610616096,-17.1400654381172,-0.271543428200713,0.000120932740970475
6.13333333333333,109.264833973593,100,-15.5722936061471,-16.8313024704444,-0.173121545058839,1.9021872392829,3.84209382752338,-17.2305377926547,-0.24582089831642,0.00135592163270435
6.15,109.387991335737,101,-14.5722936061471,-16.8424983886963,-0.109703234409351,1.9021872392829,3.84253969902867,-17.2730246468631,-0.215832607141348,0.00273634615964201
6.16666666666667,109.536820952471,101,-14.5722936061471,-16.7491393508683,-0.0420539497830624,1.9021872392829,3.8429836634589,-17.2789655159293,-0.183654623921208,0.00415529508578913
6.18333333333333,109.724448954671,102,-13.5722936061471,-16.6545397961598,0.0381617405403535,1.9021872392829,3.8434256659299,-17.2204983282875,-0.145641360922629,0.00578623940747853
6.2,109.965948752009,102,-13.5722936061471,-16.4629414224028,0.123143571769899,1.9021872392829,3.84386565383071,-17.117111969101,-0.105160781660682,0.00745690522387356
6.21666666666667,110.274018783438,102,-13.5722936061471,-16.2773199571716,0.219248883249285,1.9021872392829,3.84430357676447,-16.9468347624316,-0.0594338880957755,0.00929901931212117
6.23333333333333,110.657467469381,103,-12.5722936061471,-16.0979372226479,0.317454854103315,1.9021872392829,3.84473938649052,-16.7333655957974,-0.0123753349057592,0.0111159701950228
6.25,111.122218338783,103,-12.5722936061471,-15.8286385035601,0.411560538469341,1.9021872392829,3.84517303686791,-16.4946201469378,0.0332835817887929,0.0127775756428984
6.26666666666667,111.672360185509,104,-11.5722936061471,-15.5720114148511,0.509402519663078,1.9021872392829,3.84560448380004,-16.2069786538524,0.0809182932526328,0.0144536854387001
6.28333333333333,112.309878874663,104,-11.5722936061471,-15.2315815045576,0.603303506144583,1.9021872392829,3.84603368518071,-15.8924828137128,0.127163082741349,0.0159816846091926
6.3,113.03512806275,105,-10.5722936061471,-14.9096213806896,0.700160273461616,1.9021872392829,3.84646060084121,-15.5304533038451,0.174985155446804,0.0175114393273478
6.31666666666667,113.847208728634,105,-10.5722936061471,-14.5093473465766,0.791750831623403,1.9021872392829,3.84688519249871,-15.1449575901701,0.220778280190667,0.0188693846420559
6.33333333333333,114.744176693475,106,-9.57229360614708,-14.1327294197531,0.841798045657262,2.49144587124299,3.85607982107921,-14.7289916546102,0.236066969851823,0.0202134464595006
6.35,115.723214213297,106,-9.57229360614708,-13.6621831847331,0.88159554719604,2.51930412232013,3.86661098339442,-14.3185792313751,0.245393325825221,0.0214381249153348
6.36666666666667,116.780771485848,107,-8.57229360614708,-13.1803630322499,0.927542786494574,2.55146718982911,3.87763959534318,-13.8778836041682,0.257108856491829,0.0228060996988846
6.38333333333333,117.91268309368,108,-7.57229360614708,-12.5924185130512,0.977095369930501,2.58615399823425,3.88921905892527,-13.4123239274734,0.270060934158694,0.0242647121155408
6.4,119.114263204095,108,-7.57229360614708,-11.9055851374288,1.03983858502866,2.63007424880297,3.90144955467325,-12.8898248640598,0.288321769753067,0.0260232778250383
6.41666666666667,120.380382852649,109,-6.57229360614708,-11.2227465615746,1.12019739699589,2.68632541718003,3.91451104591263,-12.2901925481518,0.313647356876012,0.0281834116973266
6.43333333333333,121.705532847961,110,-5.57229360614708,-10.4469862362791,1.20766788733471,2.7475547604172,3.92854086794295,-11.6389913543904,0.341353708312214,0.0305246941416694
6.45,123.083875322258,111,-4.57229360614708,-9.58327013461174,1.30692761610284,2.81703657055489,3.94364889007882,-10.9185362954465,0.373380321574371,0.0331512304597596
6.46666666666667,124.509293124881,112,-3.57229360614708,-8.63599703837542,1.41972583534061,2.89599532402133,3.95998117129316,-10.1183054110161,0.410361874607203,0.0361056300181041
6.48333333333333,125.975613407246,113,-2.57229360614708,-7.60888267225375,1.5459539933113,2.98435503460081,3.97769231895503,-9.2329959329418,0.452120537982644,0.0393908803258542
6.5,127.4767763937,115,-0.572293606147085,-6.50497595545844,1.68444279007109,3.08129719233267,3.99692868749992,-8.260896980046,0.498028454455834,0.0429867949953076
6.51666666666667,129.006549366132,116,0.427706393852915,-5.23039012901779,1.83352223135368,3.18565280123048,4.01781944030419,-7.2026092904188,0.547259337766145,0.0468616935996739
6.53333333333333,130.558549852596,117,1.42770639385292,-3.88957589320854,2.00292311707037,3.30423342123216,4.04054591996998,-6.02319906453732,0.603890960000122,0.0512304048555349
6.55,132.126310627525,119,3.42770639385292,-2.48371272975076,2.18523679707494,3.43185299723536,4.06529493185253,-4.73792676967245,0.664554075909364,0.0559401737172841
6.56666666666667,133.703355846317,120,4.42770639385292,-0.917007113458816,2.37511458512879,3.56476744887305,4.09217893889057,-3.35928498942114,0.726848897379941,0.0608794590907158
6.58333333333333,135.283288073832,122,6.42770639385292,0.707780212611618,2.58043598903038,3.70849243160417,4.1213308693319,-1.86017341826868,0.794103336710772,0.0662212321594051
6.6,136.859883279458,124,8.42770639385292,2.48718144958015,2.79316516264542,3.8574028531347,4.15287505611965,-0.260623231519084,0.862742217196886,0.0717966453639489
6.61666666666667,138.427188529249,125,9.42770639385292,4.41553980131599,3.01961623941251,4.01591860687166,4.1869318064935,1.46118142495064,0.93542904648799,0.0777444794818215
6.63333333333333,139.979615446335,127,11.4277063938529,6.39123805209079,3.26251740576447,4.18594942331803,4.22367239902443,3.31861097333662,1.01322210741302,0.0841284994301404
6.65,141.512022300283,129,13.4277063938529,8.51205407226535,3.51071463594427,4.3596874844439,4.26321183477696,5.28183208047336,1.09120627975742,0.0907124060121942
6.66666666666667,143.019778678052,130,14.4277063938529,10.7734609473578,3.768875869919,4.5404003482262,4.30563373607393,7.36604535467218,1.17137044519698,0.0975980660294388
6.68333333333333,144.498808803462,132,16.4277063938529,13.0747469696713,4.03908580492693,4.72954730273176,4.35105967028668,9.58044638623298,1.25454536916261,0.104833373695458
6.7,145.945612228478,134,18.4277063938529,15.5143355324338,4.3101809033132,4.91931387160214,4.3995513557479,11.8927952417893,1.33586601010609,0.112179665589768
6.71666666666667,147.357262933664,135,19.4277063938529,18.0880945205437,4.58717985532476,5.11321313801024,4.45114128681237,14.3170937100936,1.41752448352692,0.119744300901777
6.73333333333333,148.731389804684,137,21.4277063938529,20.6954899184895,4.88592752907299,4.10085462736575,4.50322113072922,16.8621071263348,1.51028409471056,0.127584524098439
6.75,150.066142591771,138,22.4277063938529,23.3927658915541,5.2691878595138,4.27332177606411,4.54062463512288,19.5351331109981,1.66323316601183,0.135422972968782
6.76666666666667,151.360148594711,139,23.4277063938529,26.0412562297739,5.64446567837953,4.44219679455369,4.58074468064949,22.3385140852356,1.81065354234602,0.143111168076947
6.78333333333333,152.612465064205,141,25.4277063938529,28.6499650108933,5.99044530302,4.5978876256419,4.62342855147179,25.1992186576719,1.94341167223146,0.150191676249026
6.8,153.822528437032,142,26.4277063938529,31.3228877061636,6.29634693930967,4.73554336197225,4.66840502620517,28.0684086866122,2.05703253810061,0.156432819034676
6.81666666666667,154.99010246508,143,27.4277063938529,33.963467982824,6.57018511109299,4.85877053927475,4.71539728895499,30.9522598016507,2.15520721258899,0.162006015824775
6.83333333333333,156.115227765536,144,28.4277063938529,36.5761692930339,6.80730066011578,4.965472536335,4.76413736605399,33.8205112024239,2.23611334692457,0.166810777739779
6.85,157.198174497099,145,29.4277063938529,39.1640327296184,7.00739940333324,5.0521872392829,4.81433182996285,36.6547660466755,2.29984644143836,0.170839367496737
6.86666666666667,158.239399130498,146,30.4277063938529,41.7286236163385,7.17726465976035,5.0521872392829,4.86477877366355,39.4460838160139,2.3508949051864,0.174138371185969
6.88333333333333,159.239505870015,147,31.4277063938529,44.2677423392141,7.32106457270304,5.0521872392829,4.91503671104371,42.1925790311389,2.39149804634568,0.176775577330794
6.9,160.199212731313,147,31.4277063938529,46.7765530867894,7.44081398110967,5.0521872392829,4.96509856692557,44.8930532114784,2.42234698944932,0.178816207853585
6.91666666666667,161.119322390604,148,32.4277063938529,49.1545367652352,7.5381318059622,5.0521872392829,5.01495754431886,47.5454906984574,2.44398082075476,0.180315019677685
6.93333333333333,162.00069745189,149,33.4277063938529,51.500591623484,7.60252805389199,5.0521872392829,5.06460711727482,50.1105310444556,2.45166071377045,0.181070260683865
6.95,162.844239664752,150,34.4277063938529,53.8115310933131,7.6405388429084,5.0521872392829,5.11404102389858,52.5979973460959,2.44804720868458,0.181245856198365
6.96666666666667,163.650872639524,151,35.4277063938529,56.0846872011565,7.65718376022407,5.0521872392829,5.16325325951668,55.0149154169112,2.43518414528437,0.180968147531345
6.98333333333333,164.42152762821,152,36.4277063938529,58.3178673205387,7.69337855719621,3.3021872392829,5.20473603837004,57.3695798887844,2.44164745221169,0.180334493229752
7,165.157132027667,152,36.4277063938529,60.4484152362538,7.81871284726549,3.3021872392829,5.22432376195547,59.7244842022152,2.51770641280569,0.179326667595967
7.01666666666667,165.858601813873,153,37.4277063938529,62.3249787628675,7.91118366260196,3.3021872392829,5.24368280236802,62.0535881446502,2.57846194667305,0.177630230815903
7.03333333333333,166.526838942696,154,38.4277063938529,64.0622984325874,7.94246477031193,3.3021872392829,5.26281543401529,64.2568158385892,2.61135855526728,0.174674593827649
7.05,167.162729442658,155,39.4277063938529,65.6718355244208,7.91059477157793,3.3021872392829,5.28172391753803,66.306251447807,2.61523246388641,0.17046471934734
7.06666666666667,167.767140963179,156,40.4277063938529,67.1644333442117,7.818536743266,3.3021872392829,5.30041049966075,68.1881623037635,2.59108372828693,0.16510942690684
7.08333333333333,168.340920268268,157,41.4277063938529,68.5503311373487,7.67238407197432,3.3021872392829,5.3188774130508,69.8990916916633,2.54131771327328,0.158779883434329
7.1,168.88489097599,158,42.4277063938529,69.8391794551723,7.48003190634453,3.3021872392829,5.33712687618562,71.4428327721707,2.46917901251216,0.15167935706711
7.11666666666667,169.399851678513,159,43.4277063938529,71.0400567417086,7.25021129802545,3.3021872392829,5.35516109322798,72.8281045843205,2.37833592487216,0.144021675187152
7.13333333333333,169.886574491717,160,44.4277063938529,72.1614869267172,6.99180540631883,3.30054832054667,5.37298193377742,74.0667852056966,2.27258309393859,0.136016352588335
7.15,170.345804036093,161,45.4277063938529,73.2114007968094,6.7155290919996,3.24529305768282,5.3901532584657,75.1730453073001,2.15720121211864,0.127858405944214
7.16666666666667,170.778256822104,161,45.4277063938529,74.195296046595,6.43159925750575,3.18850709078405,5.40617743927152,76.1634926085651,2.03737814879037,0.119718253070476
7.18333333333333,171.184621061557,162,46.4277063938529,75.0201313436986,6.14647645387224,3.13148253005735,5.42104284768457,77.0537237876828,1.91599763030136,0.111731358827955
7.2,171.565556929331,163,47.4277063938529,75.7915475818557,5.85326514829149,3.0728402689412,5.43473578041178,77.820001242212,1.79013911981692,0.103747047832546
7.21666666666667,171.921697217193,164,48.4277063938529,76.5124092050993,5.5609511144727,3.01437746217744,5.44724813667264,78.4858413386269,1.66378056507996,0.0959546808967761
7.23333333333333,172.253648315752,164,48.4277063938529,77.1854678838864,5.27590510000315,2.95736825928353,5.45859744101107,79.0700518908418,1.5397673837907,0.0884843834822645
7.25,172.561991485641,165,49.4277063938529,77.7171103129742,5.00246403007929,2.90268004529876,5.46881911594636,79.587578357765,1.42006205200496,0.0814205790324067
7.26666666666667,172.847284241054,166,50.4277063938529,78.2125732694284,4.73163038934175,2.84851331715125,5.47793939234897,80.0133161189214,1.30082850663871,0.0745630699508416
7.28333333333333,173.11006176776,166,50.4277063938529,78.6744393589813,4.47041872331679,2.79627098394626,5.48598325337891,80.3690423516598,1.18518279727945,0.0680554900869377
7.3,173.35083836034,167,51.4277063938529,79.0089030604461,4.22342011282036,2.74687126184698,5.49299499678541,80.6716868993564,1.07518901734665,0.0619872406829318
7.31666666666667,173.57010886329,167,51.4277063938529,79.3209954664348,3.98162245858809,2.69851173100052,5.49901005604055,80.8973767913092,0.966995929206169,0.056157307381267
7.33333333333333,173.768350102675,168,52.4277063938529,79.516726694561,3.80326180864835,1.9021872392829,5.49357164009742,81.0823445876836,0.901136376108749,0.0506921626016342
7.35,173.946022317039,168,52.4277063938529,79.6747514454031,3.63363858644407,1.9021872392829,5.48555878098544,81.222917766981,0.840803414210808,0.0453397270443253
7.36666666666667,174.103571290427,169,53.4277063938529,79.6793424573782,3.46193484753827,1.9021872392829,5.47738583763774,81.3197082530469,0.777855194422285,0.0401197740295021
7.38333333333333,174.241431697082,169,53.4277063938529,79.6435049874821,3.27492938399417,1.9021872392829,5.46906008106036,81.3286086847184,0.706580190043356,0.0347512402615424
7.4,174.360029805869,169,53.4277063938529,79.4803110307625,3.07869495820388,1.9021872392829,5.46058858899191,81.2611191338349,0.629633384202216,0.0293690871776914
7.41666666666667,174.459785127078,170,54.4277063938529,79.204398772877,2.8672074738206,1.9021872392829,5.45197825025243,81.0931477735546,0.544414227241172,0.0238489576015017
7.43333333333333,174.54111139485,170,54.4277063938529,78.9257267763506,2.6391841041243,1.9021872392829,5.44323576900212,80.8133347124107,0.450364525385856,0.0181707481827593
7.45,174.604417145692,170,54.4277063938529,78.5544664468035,2.40831443304933,1.9021872392829,5.43436766891166,80.4564193624802,0.353470260960508,0.0126301051144292
7.46666666666667,174.650106051619,170,54.4277063938529,78.1024998502358,2.17301630001726,1.9021872392829,5.42538029724604,80.0142473811404,0.253113931781989,0.00719074586477353
7.48333333333333,174.67857710738,171,55.4277063938529,77.5808142671159,1.93416194561022,1.9021872392829,5.41627982886348,79.4858443417136,0.149741375626394,0.00186928810614328
7.5,174.690224734512,171,55.4277063938529,77.0959029389169,1.69409998286435,1.9021872392829,5.40707227013114,78.875189029497,0.0444476228873751,-0.00328722955027241
7.51666666666667,174.685438841507,171,55.4277063938529,76.5546543819618,1.46783908557431,1.9021872392829,5.39776346275932,78.2264927867695,-0.0561242953875982,-0.00796718663008633
7.53333333333333,174.66460486402,171,55.4277063938529,75.965846499282,1.25353088026117,1.9021872392829,5.38835908755565,77.5367102755877,-0.152626409021158,-0.0122249332985759
7.55,174.628103799071,171,55.4277063938529,75.3375369545105,1.05074505822055,1.9021872392829,5.37886466810105,76.8067890693112,-0.245107590935077,-0.0160831847154728
7.56666666666667,174.576312240654,171,55.4277063938529,74.6771018701876,0.85990041022057,1.9021872392829,5.36928557434874,76.040356287928,-0.333254036777894,-0.0195461178589666
7.58333333333333,174.509602420034,171,55.4277063938529,73.9912736671984,0.681857006828589,1.9021872392829,5.35962702614807,75.242726409279,-0.416562792170027,-0.0226086147472956
7.6,174.428342251506,171,55.4277063938529,73.2861779529056,0.517631653384954,1.9021872392829,5.34989409669453,74.4201617996559,-0.494463826762155,-0.0252625838295971
7.61666666666667,174.332895382877,171,55.4277063938529,72.5673693802546,0.36820669847154,1.9021872392829,5.34009171590746,73.5793309639285,-0.566402939445968,-0.0275010916557877
7.63333333333333,174.22362124922,171,55.4277063938529,71.8398664136222,0.234408675354422,1.9021872392829,5.33022467373682,72.7269204668557,-0.631895184857141,-0.029320876774111
7.65,174.10087512812,171,55.4277063938529,71.1081849495266,0.116838393860783,1.9021872392829,5.32029762340056,71.8693653718217,-0.6905564238083,-0.0307236897547631
7.66666666666667,173.965008194646,172,56.4277063938529,70.3763707515742,0.0158382110256282,1.9021872392829,5.31031508455384,71.0126702513649,-0.742118925689602,-0.0317168012357547
7.68333333333333,173.816367574415,172,56.4277063938529,69.7443881346273,-0.0654587991968822,1.83672844008602,5.29965913885826,70.16297956379,-0.784206861003226,-0.0323135065037674
7.7,173.655296395389,172,56.4277063938529,69.1107186080508,-0.113511890401157,1.78867534888175,5.28791479769533,69.364685496901,-0.810210349375665,-0.0322877096493656
7.71666666666667,173.482133885464,172,56.4277063938529,68.4747191053266,-0.137058824369068,1.76512841491384,5.27554249116447,68.609818815896,-0.824467591067998,-0.0317992839721235
7.73333333333333,173.29721560123,172,56.4277063938529,67.8372828691063,-0.143391192958541,1.75879604632436,5.26289217201808,67.8898339469087,-0.830559309010255,-0.0309830574712697
7.75,173.100873754714,172,56.4277063938529,67.2006600764398,-0.13811653171465,1.76407070756825,5.25020653131483,67.1970632768056,-0.831205082153696,-0.0299444677911898
7.76666666666667,172.893437529784,172,56.4277063938529,66.5678519478625,-0.125237072645694,1.77695016663721,5.23764851694764,66.5255580548224,-0.82833154986353,-0.0287594915353877
7.78333333333333,172.675233263633,173,57.4277063938529,65.9421811278067,-0.107389852393273,1.79479738688963,5.22532608053013,65.8713233886454,-0.823206681276896,-0.0274782377689314
7.8,172.446584456643,173,57.4277063938529,65.423367678843,-0.0861447060993237,1.81604253318358,5.21331237757158,65.2321963067951,-0.816593327188748,-0.0261300845172492
7.81666666666667,172.207811620771,173,57.4277063938529,64.9122089224618,-0.0509129161485657,1.85127432313434,5.20176434816662,64.6444055299749,-0.804063598532288,-0.0244787659114064
7.83333333333333,171.959232111089,174,58.4277063938529,64.4123435169491,-0.00784199762153987,1.89434524166136,5.19086444616655,64.0957414984264,-0.788482565459786,-0.0226457695709174
7.85,171.701159941114,174,58.4277063938529,64.0240735270825,0.0401455744510192,1.9021872392829,5.18053226237752,63.5779852986208,-0.770956283430019,-0.0207075646021209
7.86666666666667,171.433905487762,174,58.4277063938529,63.6474469587107,0.105736790319485,1.9021872392829,5.17021946413618,63.1246815065798,-0.745120519922509,-0.0184586071438995
7.88333333333333,171.15777515705,175,59.4277063938529,63.2833189316757,0.18254537115952,1.9021872392829,5.15990278044939,62.7223987990046,-0.713665622127541,-0.016047896885675
7.9,170.873071150987,175,59.4277063938529,63.0284764457017,0.26575516644374,1.9021872392829,5.14958503272288,62.3609111003969,-0.678672882611511,-0.0135833989721485
7.91666666666667,170.580091338861,175,59.4277063938529,62.780800389721,0.363714208903966,1.9021872392829,5.13926895214578,62.0693482542745,-0.636494537009479,-0.01089228960933
7.93333333333333,170.279129193057,176,60.4277063938529,62.540727968263,0.46862490823659,1.9021872392829,5.12895718187032,61.829462807329,-0.590500985851988,-0.00814768071073118
7.95,169.970473764132,176,60.4277063938529,62.4049690239162,0.574929644454263,1.9021872392829,5.11865227914463,61.6274115263498,-0.543128229747305,-0.00546936759268494
7.96666666666667,169.654409679493,176,60.4277063938529,62.2713600790138,0.690673574052594,1.9021872392829,5.10835671739961,61.4897771953697,-0.490893617422682,-0.00268666335825002
7.98333333333333,169.331217155808,176,60.4277063938529,62.1403234171756,0.808070456101687,1.9021872392829,5.09807288829074,61.396592910045,-0.437194931995918,3.19129836096484e-05
8,169.001172018999,176,60.4277063938529,62.0122228144165,0.921791970685162,1.9021872392829,5.08780310369577,61.3329301843514,-0.384398219619657,0.00257562034566236
8.01666666666667,168.664545728025,175,59.4277063938529,61.8873681101508,1.02836536743244,1.9021872392829,5.07754959766928,61.2877917816536,-0.334085474631475,0.00487678889797162
8.03333333333333,168.321605400288,175,59.4277063938529,61.6696620809619,1.12570078039601,1.9021872392829,5.06731452835476,61.2532270550927,-0.287249729134613,0.00689935398088448
8.05,167.972613837536,175,59.4277063938529,61.4617579966454,1.20083116671051,1.9021872392829,5.05709997985532,61.1866523711403,-0.249648613715203,0.00837982149344893
8.06666666666667,167.617829551841,174,58.4277063938529,61.2636114792687,1.25864409071122,1.9021872392829,5.04690796406365,61.0965053320346,-0.219295466166483,0.0094399492674561
8.08333333333333,167.257506791696,174,58.4277063938529,60.9787776078571,1.30304592729062,1.9021872392829,5.03674042245226,60.9896074456841,-0.194598241004388,0.0101766307047091
8.1,166.891895568555,173,57.4277063938529,60.7095694728965,1.32525072925532,1.9021872392829,5.02659922782464,60.8344666027769,-0.179488565821285,0.010416388264198
8.11666666666667,166.521241684322,173,57.4277063938529,60.3592534230923,1.3329469646856,1.9021872392829,5.01648618602823,60.6477219749295,-0.170734385242201,0.0103387147001582
8.13333333333333,166.145786760378,172,56.4277063938529,60.0298577995916,1.31991340211504,1.9021872392829,5.00640303762992,60.4051660238461,-0.171138368502865,0.00982415519312176
8.15,165.76576826882,171,55.4277063938529,59.6243691480312,1.29548580023932,1.9021872392829,4.99635145955492,60.1287425941612,-0.176727155409618,0.00908496544777898
8.16666666666667,165.381419566543,171,55.4277063938529,59.1481843235167,1.25440833437229,1.9021872392829,4.98633306668969,59.7980118889408,-0.189852490485367,0.00801890048741096
8.18333333333333,164.992969932857,170,54.4277063938529,58.7028183298143,1.19459281587537,1.9021872392829,4.97634941344962,59.4005266516916,-0.211504951829048,0.00659413692212733
8.2,164.600644611249,169,53.4277063938529,58.1907515578376,1.12802141841664,1.9021872392829,4.9664019953123,58.9667658489109,-0.236527098652188,0.00507611519495591
8.21666666666667,164.204664855926,169,53.4277063938529,57.6168835949226,1.05098175890863,1.9021872392829,4.95649225031699,58.4823237221946,-0.266556116054403,0.00339061705149462
8.23333333333333,163.805247983711,168,52.4277063938529,57.0822425395218,0.962125278819297,1.9021872392829,4.94662156053103,57.9388633975077,-0.302213423279488,0.0015158744239823
8.25,163.402607431861,167,51.4277063938529,56.4888335040127,0.873601580955967,1.9021872392829,4.9367912534838,57.3695091844374,-0.338221255400472,-0.000285074439129813
8.26666666666667,162.99695282233,167,51.4277063938529,55.8410934938543,0.781471318182167,1.9021872392829,4.92700260356899,56.7613982229925,-0.376270756272079,-0.00209711901337494
8.28333333333333,162.588490032992,166,50.4277063938529,55.2396016135929,0.683899711500041,1.9021872392829,4.91725683341576,56.1069192894871,-0.417154553437798,-0.00395782423281965
8.3,162.177421276283,165,49.4277063938529,54.5859282974423,0.592392342751501,1.9021872392829,4.90755511522948,55.4393280879901,-0.4558401860318,-0.00562275055040917
8.31666666666667,161.763945185743,165,49.4277063938529,53.8840907668636,0.502283058873162,1.9021872392829,4.89789857210258,54.7454720567097,-0.494305985623283,-0.00719650281831541
8.33333333333333,161.34825691087,164,48.4277063938529,53.2342636790373,0.410981878700633,1.9021872392829,4.88828827929627,54.017162554354,-0.533650015487663,-0.0087362868800672
8.35,160.930548220711,163,47.4277063938529,52.537628676548,0.329249199712251,1.9021872392829,4.87872526549365,53.2868919045574,-0.569146541139264,-0.0100164173244267
8.36666666666667,160.51100761657,163,47.4277063938529,51.7978300525466,0.251709850436023,1.9021872392829,4.8692105140247,52.5406349214001,-0.603070113929611,-0.0111588415605667
8.38333333333333,160.089820454219,162,46.4277063938529,51.1146855063793,0.175117823832764,1.9021872392829,4.85974496406398,51.7692781005802,-0.636796663703805,-0.0122363870314915
8.4,159.667169075941,161,45.4277063938529,50.3890357103882,0.109640315389765,1.9021872392829,4.85032951180134,51.0043782336111,-0.665855113935651,-0.0130371184526899
8.41666666666667,159.243232952756,161,45.4277063938529,49.6241999118487,0.0493764398022978,1.9021872392829,4.8409650115864,50.2309934996531,-0.692748843839953,-0.0136948261276221
8.43333333333333,158.818188837122,160,44.4277063938529,48.9196865540698,-0.0091339562201262,1.89305328306278,4.83160290605506,49.4391681016027,-0.718878507141499,-0.0142923400144515
8.45,158.392210926403,159,43.4277063938529,48.1757247942555,-0.0532476478834082,1.8489395913995,4.82165538369903,48.6605888414819,-0.737853509346278,-0.0146271156551545
8.46666666666667,157.965471039229,159,43.4277063938529,47.3935405191549,-0.0893351931457906,1.81285204613711,4.81109340728948,47.8810675904151,-0.752364179565119,-0.0148464801216954
8.48333333333333,157.53813884959,158,42.4277063938529,46.6698405667993,-0.122495809702383,1.77969142958052,4.80000667984619,47.089755023665,-0.764752558552102,-0.0150533414175986
8.5,157.110382256385,157,41.4277063938529,45.903063302495,-0.144742829224939,1.75744441005796,4.78851817498053,46.3151604705365,-0.77170992675824,-0.0150680813603122
8.51666666666667,156.682367816856,157,41.4277063938529,45.0948705306965,-0.164008350265243,1.73817888901766,4.77674044473561,45.5385534536848,-0.776825899058126,-0.0150533916083014
8.53333333333333,156.25426115153,156,40.4277063938529,44.3437856248849,-0.185232138508814,1.71695510077409,4.76468008063221,44.7462688591576,-0.782269516195051,-0.0151141182640481
8.55,155.826227352538,156,40.4277063938529,43.5495283410398,-0.199744219248285,1.70244302003462,4.75238433067666,43.9659055852128,-0.784342602544092,-0.0150607874971426
8.56666666666667,155.398431366039,155,39.4277063938529,42.8109453423876,-0.214593998426632,1.68759324085627,4.73990327323395,43.1789591370302,-0.78617593821644,-0.0150410740561821
8.58333333333333,154.971038379423,154,38.4277063938529,42.0282370417804,-0.222455200404418,1.67973203887849,4.72729915154076,42.4094309867278,-0.784667731598306,-0.0148936159785228
8.6,154.544214141837,154,38.4277063938529,41.2043914536546,-0.231141640394957,1.67104559888795,4.71461971286858,41.6363249556235,-0.783274088641754,-0.01478279732023
8.61666666666667,154.118125216083,153,37.4277063938529,40.438844434026,-0.245068400766142,1.65711883851676,4.70181237889934,40.845187193626,-0.783862557785284,-0.014806010864436
8.63333333333333,153.692939239547,153,37.4277063938529,39.6318773163203,-0.254885840194615,1.64730139908829,4.68887541653858,40.063709338242,-0.782379462428978,-0.0147623224228284
8.65,153.268825250839,152,36.4277063938529,38.8826246096939,-0.266963840406501,1.6352233988764,4.67582131574767,39.2739305949536,-0.781614399006172,-0.01478721322606
8.66666666666667,152.845953989153,151,35.4277063938529,38.0913763312085,-0.273380697259191,1.62880654202371,4.66268536691915,38.5005587546333,-0.778173935183722,-0.0147082570459075
8.68333333333333,152.424498147949,151,35.4277063938529,37.2610771875328,-0.281474008274609,1.6207132310083,4.64949727439273,37.7232906109573,-0.775285060644393,-0.0146807725336357
8.7,152.004632610588,150,34.4277063938529,36.4910386411526,-0.29530621169401,1.60688102758889,4.63619328895689,36.9282584299433,-0.77464807699335,-0.0147953112471806
8.71666666666667,151.586534725126,150,34.4277063938529,35.6813747148541,-0.305285772325485,1.59690146695742,4.62276542221785,36.1435957334874,-0.772095972682289,-0.0148461707480321
8.73333333333333,151.170384660496,149,33.4277063938529,34.9310357929317,-0.317630873333872,1.58455636594903,4.60922315256832,35.351636998279,-0.770347986618253,-0.0149658004506363
8.75,150.756365742438,149,33.4277063938529,34.1401273322325,-0.324336088605388,1.57785115067752,4.59560069035233,34.577255544397,-0.765972102392653,-0.0149800831295467
8.76666666666667,150.344664743576,148,32.4277063938529,33.4077756245432,-0.33270287743593,1.56948436184697,4.58192763533493,33.8002091901352,-0.762178524571766,-0.015043608183911
8.78333333333333,149.935472148775,148,32.4277063938529,32.6343330271262,-0.335404118254685,1.56678312102822,4.56824379382233,33.0434734249025,-0.755833724529413,-0.0149965815847713
8.8,149.528982446365,147,31.4277063938529,31.9191737155423,-0.340117272697422,1.56206996658548,4.5545757038344,32.2855013514429,-0.750305444544445,-0.0150019397986378
8.81666666666667,149.125394480708,147,31.4277063938529,31.162861037527,-0.339681593474499,1.5625056458084,4.5409556881951,31.5484378133961,-0.742521935788912,-0.0149039894211495
8.83333333333333,148.724911758177,146,30.4277063938529,30.4649274396088,-0.341807178675368,1.56038006060754,4.5274012126085,30.8102568570933,-0.735853178834172,-0.0148669784407873
8.85,148.327742672478,146,30.4277063938529,29.7260398798728,-0.339289669826762,1.56289756945614,4.51393566456582,30.0928665528044,-0.727197034247196,-0.0147348669116871
8.86666666666667,147.93410065776,145,29.4277063938529,29.0457855731902,-0.339759779206041,1.56242746007686,4.50056862625769,29.3741577003633,-0.719879035959703,-0.0146707137834065
8.88333333333333,147.544204265658,145,29.4277063938529,28.3248467131648,-0.335924280692295,1.56626295859061,4.48731701717603,28.6760419160171,-0.710750320348095,-0.0145169922423761
8.9,147.158277151916,144,28.4277063938529,27.6627962768976,-0.335330925816859,1.56685631346604,4.47418538789655,27.9764537195418,-0.703094074187865,-0.0144353076913117
8.91666666666667,146.776547949178,144,28.4277063938529,26.9602819807053,-0.330617031233804,1.5715702080491,4.461186895583,27.2973586177159,-0.693726527657289,-0.0142668879907554
8.93333333333333,146.399249993861,144,28.4277063938529,26.3168297404973,-0.329276840420029,1.57291039886287,4.44832334961229,26.6167378684924,-0.685904146333848,-0.0141723702717968
8.95,146.026620866259,143,27.4277063938529,25.7293909562655,-0.32390946796422,1.57827777131868,4.43560592568881,25.9565882351406,-0.676424021091045,-0.01399229413182
8.96666666666667,145.658901692315,143,27.4277063938529,25.0986392371042,-0.310599921049134,1.59158731823377,4.42313830528933,25.3317643360478,-0.663699042019449,-0.0136366009062017
8.98333333333333,145.296336108009,142,26.4277063938529,24.5245220628617,-0.299189134481015,1.60299810480189,4.41096490480472,24.7146494124897,-0.652048527373167,-0.0133139330560285
9,144.939168786773,142,26.4277063938529,23.9082045966475,-0.283739087475833,1.61844815180707,4.39910810996414,24.1231352013858,-0.638912718115906,-0.0128957565762705
9.01666666666667,144.587643557254,141,25.4277063938529,23.3497261564333,-0.272523579570058,1.62966365971285,4.38756084781266,23.5324105603387,-0.627871793432524,-0.0125601688704079
9.03333333333333,144.242001061338,141,25.4277063938529,22.7501115340915,-0.25847719841654,1.64371004086636,4.37631632171916,22.9626962666567,-0.615844076974708,-0.0121561548101532
9.05,143.902475817006,141,25.4277063938529,22.2091468381877,-0.249122359664122,1.65306487961878,4.36535384937478,22.3909655321449,-0.60606922308061,-0.011846450637705
9.06666666666667,143.56929257615,140,24.4277063938529,21.7239269347651,-0.236937949552567,1.66524928973034,4.35466296235836,21.8387046315908,-0.595264805648821,-0.011470427329875
9.08333333333333,143.242662035451,140,24.4277063938529,21.1951673593475,-0.217823239617654,1.68436399966525,4.34432830291715,21.3205688234646,-0.581739384870778,-0.0109352677962152
9.1,142.922775916672,139,23.4277063938529,20.7227774280407,-0.201420935083325,1.70076630419958,4.33437847587238,20.808914092582,-0.569706744258976,-0.0104463717021116
9.11666666666667,142.609801408449,139,23.4277063938529,20.2078262634478,-0.181612422168154,1.72057481711475,4.32482321202801,20.3216812054477,-0.556513272003191,-0.00987213359451166
9.13333333333333,142.303875049373,139,23.4277063938529,19.7502191688823,-0.166523025948983,1.73566421333392,4.31564554431541,19.8341239977039,-0.545662718871686,-0.00938808927328283
9.15,142.005096355323,138,22.4277063938529,19.3471826115223,-0.148973915220391,1.75321332406251,4.30683096839931,19.3665124150455,-0.534014952036099,-0.00884127238256265
9.16666666666667,141.713521474812,138,22.4277063938529,18.8995413694736,-0.125023683958417,1.77716355532449,4.29845599877115,18.9326927767951,-0.519937027210541,-0.00814283434870382
9.18333333333333,141.429157201403,137,21.4277063938529,18.507276149024,-0.104355746710372,1.79783149257253,4.29053951065845,18.5045189932649,-0.507648239712917,-0.00749967934702047
9.2,141.151955833943,137,21.4277063938529,18.0714864437088,-0.0808229571962683,1.82136428208664,4.28308144909423,18.0996451177373,-0.494470693702707,-0.00678020978067427
9.21666666666667,140.881811329029,137,21.4277063938529,17.6920708005171,-0.0624880714138996,1.839699167869,4.27605585021982,17.6931782405714,-0.483870273921658,-0.00615917902077107
9.23333333333333,140.618557238865,137,21.4277063938529,17.366219034553,-0.042098868411485,1.86008837087142,4.26944036451434,17.305324107026,-0.472665848173529,-0.00548252638702791
9.25,140.361966723318,136,20.4277063938529,17.0910549882149,-0.015643608152711,1.88654363113019,4.26330487018888,16.9499067293589,-0.459186384900826,-0.00466029334309015
9.26666666666667,140.111754737423,136,20.4277063938529,16.7676908746303,0.0187811377731789,1.91204733661382,4.25773713030006,16.6356488411885,-0.442684237424164,-0.00364817095582087
9.28333333333333,139.867582413381,136,20.4277063938529,16.4962501654018,0.0509725252750218,1.92894781505229,4.25258937147941,16.3309400427773,-0.427357293371845,-0.00268264385442712
9.3,139.629063402265,135,19.4277063938529,16.2738944660364,0.0863540251472124,1.94752310248519,4.2478190367312,16.0511944042174,-0.410785210444627,-0.00165219518049257
9.31666666666667,139.395771828542,135,19.4277063938529,16.0012559688511,0.127726158267426,1.9692434723733,4.24346614470353,15.8066320761655,-0.39178517168926,-0.000495917185115226
9.33333333333333,139.167251337951,135,19.4277063938529,15.7780311286881,0.164577572755306,1.98859046497944,4.23953231485798,15.5664233771546,-0.374925386040278,0.000560889731213332
9.35,138.943024759629,135,19.4277063938529,15.6013717796683,0.202505649256771,2.00850270514271,4.23600280506566,15.3461398353873,-0.357763452185407,0.00163821121861701
9.36666666666667,138.722603815431,135,19.4277063938529,15.4684481716098,0.244690697384229,2.03064985540962,4.23290063580536,15.1562228419632,-0.338937494276027,0.00280480607647344
9.38333333333333,138.505498342357,134,18.4277063938529,15.3766206354938,0.292603392939307,2.05580402057604,4.23026865955634,15.0031038021883,-0.317843955337594,0.00409307820762701
9.4,138.291224698268,134,18.4277063938529,15.227159060722,0.346572053143898,2.08413756718345,4.22815718905087,14.8902150654365,-0.29438098343755,0.00551103751123946
9.41666666666667,138.079313074239,134,18.4277063938529,15.1204116874917,0.394595285714671,2.10934976428311,4.22656101211742,14.7819312664696,-0.273757226913149,0.00680127073626786
9.43333333333333,137.869313602713,134,18.4277063938529,15.0541193651413,0.44148877407457,2.13396884567205,4.22544878062976,14.6906100474783,-0.253855273355947,0.00806668667977016
9.45,137.660801190546,134,18.4277063938529,15.0259411702225,0.487325879996111,2.24331535528018,4.2254009004316,14.6234089653658,-0.235477396729118,0.00937073969733299
9.46666666666667,137.453379136474,133,17.4277063938529,15.036531316267,0.532483947527629,2.27492600255224,4.22671230248146,14.5848020886487,-0.218863676900475,0.0107514896952871
9.48333333333333,137.246681518801,133,17.4277063938529,14.9901515052763,0.582032865659669,2.30961024524467,4.22864146502358,14.5780809885315,-0.200693842781853,0.0122369512542827
9.5,137.040374479577,133,17.4277063938529,14.987016187977,0.625155651197059,2.33979619512084,4.2311690181339,14.570432831551,-0.185643559810958,0.0135942365500909
9.51666666666667,136.834156708407,133,17.4277063938529,15.0246927809142,0.667479606315057,2.36942296370344,4.23425254236929,14.5763391522176,-0.171223952031667,0.0149423578900377
9.53333333333333,136.627759219786,132,16.4277063938529,15.1006375595584,0.712330421305582,2.40081853419681,4.2379010608362,14.6057431717857,-0.155996437441307,0.0163529710496584
9.55,136.420944570611,132,16.4277063938529,15.1160800548986,0.761378748805025,2.43515236344642,4.24215210245112,14.6649270393525,-0.139268653002246,0.0178633208477124
9.56666666666667,136.213505692688,132,16.4277063938529,15.1712953821585,0.803643769594345,2.46473787799895,4.24698271664414,14.720488506043,-0.125784781133939,0.0192368921193013
9.58333333333333,136.005264367528,132,16.4277063938529,15.2639086904748,0.844674419538442,2.49345933295981,4.25234553499544,14.7865152597193,-0.113086071019093,0.0205908524892366
9.6,135.796069460809,131,15.4277063938529,15.391425214233,0.887775462392846,2.5236300629579,4.25824409037077,14.8727061342491,-0.099738673269725,0.0219962272734417
9.61666666666667,135.585795054697,131,15.4277063938529,15.4551129748523,0.934632295936013,2.55642984643811,4.26471041780279,14.98520753586,-0.0850395468870821,0.0234903991212722
9.63333333333333,135.374338500665,131,15.4277063938529,15.555275910295,0.974298540483473,2.58419621762133,4.27171638779898,15.090556507996,-0.0737140296168196,0.0248374284147463
9.65,135.161618462461,130,14.4277063938529,15.6895604296702,1.01236621237248,2.61084358794364,4.27920993001212,15.2028289912399,-0.0632813068638652,0.0261552648186
9.66666666666667,134.947572920512,130,14.4277063938529,15.7591306000183,1.05218466679789,2.63871650604143,4.28719040929777,15.3317418950458,-0.0522853853755398,0.0275157709616423
9.68333333333333,134.732157199544,130,14.4277063938529,15.8640643470241,1.08394795987191,2.66095081119324,4.2956132776983,15.4465821653998,-0.0449423580044613,0.0287069065283173
9.7,134.515342105494,129,13.4277063938529,16.0017424602537,1.11397565953501,2.68197020095741,4.30442085331084,15.5634327174022,-0.038452200832276,0.0298620900314086
9.71666666666667,134.297112148288,129,13.4277063938529,16.0730747300869,1.14603706615795,2.70441318559347,4.31361351433392,15.6933958134477,-0.0311797489086161,0.03106231107087
9.73333333333333,134.077463881937,129,13.4277063938529,16.1779240144899,1.17052989592888,2.72155816643312,4.32315131551863,15.806655438464,-0.0272592274243794,0.0321001513183372
9.75,133.856404338228,129,13.4277063938529,16.3135071717321,1.1938350555363,2.73787177815831,4.33298269329906,15.9198294479312,-0.023871851059958,0.0331106504120002
9.76666666666667,133.633949619529,128,12.4277063938529,16.4769803381682,1.21969735242191,2.75597538597824,4.34311434381789,16.0443020333758,-0.0194009687925486,0.0341745783715542
9.78333333333333,133.410123617397,128,12.4277063938529,16.5693477812618,1.24997820824713,2.7771719850559,4.35358502786585,16.1872682735697,-0.0130786023719357,0.0353335272843763
9.8,133.184956791632,128,12.4277063938529,16.6907419966374,1.27374278833488,2.79380719111732,4.36437443007173,16.31586188237,-0.00963732923582418,0.036352269288031
9.81666666666667,132.958485046364,128,12.4277063938529,16.8387256191512,1.29650337203728,2.809739599709,4.37543791054388,16.4444556843838,-0.00664252730635285,0.0373474811767451
9.83333333333333,132.730748681194,128,12.4277063938529,17.0108132985737,1.32148902500802,2.82722955678851,4.38678112648999,16.5828817141573,-0.00270060662723865,0.0383888279675179
9.85,132.501791481961,127,11.4277063938529,17.2047012737496,1.35029900935923,2.84739654583437,4.39843735290606,16.7373408024132,0.00284775664975344,0.0395120661329049
9.86666666666667,132.271659916656,127,11.4277063938529,17.3220186488762,1.38344080599017,2.87059580347602,4.41045174012383,16.9112907006694,0.0101770606768545,0.0407299577280771
9.88333333333333,132.040402371724,127,11.4277063938529,17.4635102728109,1.40921391234251,2.88863697792266,4.42279818105968,17.0693359416157,0.0142286107760707,0.0417905913484861
9.9,131.808068500224,127,11.4277063938529,17.6272855580866,1.43277740083196,2.90513141986527,4.43541986006388,17.2242691438678,0.0172960606059605,0.0428025681239859
9.91666666666667,131.574708652583,127,11.4277063938529,17.8113176495077,1.45727755922669,2.92228153074159,4.44830782228556,17.3850468187337,0.0207515539341112,0.0438331952501731
9.93333333333333,131.340373328476,127,11.4277063938529,18.0136697685782,1.48439307361843,2.94126239081581,4.46148078855305,17.5574884001232,0.0253030366321838,0.0449193651449251
9.95,131.105112723173,127,11.4277063938529,18.2326120262285,1.51479513222649,2.96254383184145,4.47497082783687,17.7449946854053,0.0312085023657885,0.0460768521169495
9.96666666666667,130.868976340668,127,11.4277063938529,18.466664442494,1.54851175971707,2.98614547108485,4.48881382397502,17.9492027675388,0.0384436945094409,0.0473077511286437
9.98333333333333,130.632012611909,127,11.4277063938529,18.714593997685,1.60001569204186,2.62219430070174,4.50004021007814,18.1726550322274,0.0576222715425918,0.0486052925527573
10,130.394268569292,127,11.4277063938529,18.9618273850549,1.66992985334577,2.6536556732885,4.50821548480138,18.4286311457954,0.0895338597571147,0.0499291027501546
10.0166666666667,130.155789856075,127,11.4277063938529,19.1957291427801,1.73645482378384,2.68359190998563,4.51687470960932,18.7064987777559,0.119532054164318,0.0511857442059753
10.0333333333333,129.916621345614,127,11.4277063938529,19.4187297954166,1.79545568756286,2.71014229868619,4.52597422888978,18.9912434108203,0.145855698429747,0.0522864277762726
10.05,129.676807547612,127,11.4277063938529,19.6328787161658,1.84502608730015,2.73244897856797,4.53544816095813,19.2731386562029,0.167726960437258,0.0531901199395505
10.0666666666667,129.436392642046,127,11.4277063938529,19.8397812471397,1.88473698948775,2.75031888455239,4.54522218230771,19.5463537713842,0.185015219202242,0.0538874494185973
10.0833333333333,129.19542035362,128,12.4277063938529,20.040602662713,1.91506856248024,2.76396809239901,4.55522238901696,19.8078040577756,0.197984026322497,0.0543885354299607
10.1,128.953933725701,128,12.4277063938529,20.332468566671,1.93699838994097,2.77383651475634,4.56538050569107,20.0562425838543,0.207108589970857,0.054714164491264
10.1166666666667,128.711974908202,128,12.4277063938529,20.6133736092109,1.96337639305611,2.78570661615815,4.57568372247212,20.3284944710531,0.217982012162122,0.055139892339719
10.1333333333333,128.469584993328,129,13.4277063938529,20.8838842274676,1.98988153981985,2.79763393220184,4.58614660044489,20.6126226846593,0.228719184640019,0.05557298251632
10.15,128.22680385049,129,13.4277063938529,21.2409850536827,2.01383098825533,2.8084111839978,4.59675775454765,20.8999862600533,0.238164858986863,0.0559557962298187
10.1666666666667,127.983669921957,129,13.4277063938529,21.5828065053614,2.04539980329807,2.82261715076703,4.60753765133504,21.2215023123259,0.250726692761384,0.0565065731197018
10.1833333333333,127.740220067861,130,14.4277063938529,21.9101979143633,2.07840197213648,2.83746812674432,4.61851722788194,21.5607014486974,0.263697977766234,0.0570926085789555
10.2,127.496489478519,130,14.4277063938529,22.3204857104889,2.10892685476867,2.85120432392881,4.62968997967978,21.9056038517467,0.275386804693831,0.0576299457374538
10.2166666666667,127.252511595112,130,14.4277063938529,22.7121446706452,2.14640276556501,2.86806848378716,4.64107393093079,22.284772538354,0.28987829298331,0.0583208123695373
10.2333333333333,127.008317993587,131,15.4277063938529,23.0863382692749,2.18424496369764,2.88509747294684,4.6526933438196,22.6801622464883,0.304297325538611,0.0590239489682068
10.25,126.763938313915,131,15.4277063938529,23.5406607324684,2.2183840627367,2.90046006751442,4.66453299568054,23.0788079809576,0.316889222796349,0.059651986380104
10.2666666666667,126.519400214722,132,16.4277063938529,23.9738033141178,2.25824551645596,2.91839772168808,4.676601621118,23.5087179525231,0.331744399498698,0.0604070811320375
10.2833333333333,126.274729299729,132,16.4277063938529,24.4834541084179,2.2973347964113,2.93598789766799,4.68891454509746,23.951591868848,0.346033164209783,0.0611498977457159
10.3,126.029949091992,133,17.4277063938529,24.9685351001498,2.34338039654689,2.95670841772901,4.7014957031997,24.4313303709365,0.363098171870265,0.0620462243373362
10.3166666666667,125.785081032847,133,17.4277063938529,25.5270216429434,2.38876539409999,2.9771316666279,4.71436514106181,24.926594903665,0.379618991079951,0.0629326655698506
10.3333333333333,125.540144448816,134,18.4277063938529,26.058127960819,2.44053090768514,3.00042614774122,4.72754480206938,25.4591329377312,0.398641236314646,0.0639602696972364
10.35,125.295156526352,134,18.4277063938529,26.6600964118005,2.49068833843988,3.02299699158085,4.74104882535822,26.0061542312881,0.416687303125758,0.0649576658370035
10.3666666666667,125.050132277431,135,19.4277063938529,27.2323678981564,2.5461256225601,3.04794376943495,4.7548913226411,26.5884885196946,0.436741858657902,0.0660726087859519
10.3833333333333,124.805084561658,136,20.4277063938529,27.873366213081,2.59884359638766,3.07166685765735,4.76907801900642,27.182818040809,0.455328665375772,0.0671334908129533
10.4,124.560024135505,136,20.4277063938529,28.5790273908374,2.65580541354494,3.09729967537813,4.78361487745956,27.8097177836329,0.475470786129496,0.0682896687903649
10.4166666666667,124.314959668853,136,20.4277063938529,29.2490782361612,2.72079165193513,3.12654348265371,4.79854744440234,28.4827189198886,0.498781014085539,0.0696223028144774
10.4333333333333,124.069897764809,137,21.4277063938529,29.8860030346796,2.78370452124389,3.15485427384266,4.81389351860538,29.1730232997494,0.52086317603476,0.0709147991559134
10.45,123.824842928846,137,21.4277063938529,30.5886287052857,2.83852386355945,3.17952297788466,4.82961121314556,29.8603332470566,0.539134296721224,0.0720379279021845
10.4666666666667,123.579797522319,137,21.4277063938529,31.2567093546433,2.89381621434392,3.20440453573767,4.84567228302646,30.5679496246803,0.557337862932034,0.0731753815850236
10.4833333333333,123.334761762583,137,21.4277063938529,31.8924380370107,2.94294981394466,3.226514655558,4.86205150408981,31.2748008403319,0.572613041509595,0.0741848276574221
10.5,123.089733733261,136,20.4277063938529,32.4978392700511,2.9822985870204,3.24422160344209,4.87868579422924,31.9664612261825,0.583431015029616,0.074988335325329
10.5166666666667,122.8447094238,136,20.4277063938529,32.9782599070727,3.01032929310756,3.25683542118131,4.89549320212795,32.6335963260806,0.589184923973803,0.0755528218435861
10.5333333333333,122.599682769009,135,19.4277063938529,33.4374685388276,3.01522602853842,3.25903895212519,4.91233859184838,33.2336977096448,0.584838048623083,0.0756245139454225
10.55,122.354645747377,135,19.4277063938529,33.7796712280935,3.00320916653793,3.25363136422497,4.92907082942247,33.7763141801132,0.573198919104422,0.0753364890952677
10.5666666666667,122.109588540608,134,18.4277063938529,34.1072851110223,2.96756678088924,3.23759229068306,4.94553341300202,34.2328564600315,0.551461334862355,0.0745443726153408
10.5833333333333,121.8644997239,133,17.4277063938529,34.3231842994875,2.91762713117441,3.21511944831139,4.96158432529534,34.6227100149303,0.523775800639252,0.0734478756882592
10.6,121.61936646941,132,16.4277063938529,34.4322485705528,2.84834526857791,3.18394261014296,4.97709385270272,34.9239067942075,0.488039868534042,0.071938384011722
10.6166666666667,121.374174786971,131,15.4277063938529,34.4388264770611,2.7580657883939,3.14331684406016,4.99190816220725,35.1230993884116,0.443639747570533,0.0699799302407813
10.6333333333333,121.128909825865,130,14.4277063938529,34.3466672476294,2.64731656837312,3.09347969505081,5.00587001254958,35.2132348328736,0.390911669311651,0.0675833524276499
10.65,120.88355618081,129,13.4277063938529,34.1589499900987,2.51791137973341,3.03524736016294,5.01883161825522,35.1916664425506,0.330743046618923,0.0647870677087046
10.6666666666667,120.638098243573,127,11.4277063938529,33.8783666497217,2.37231092178624,2.96972715408671,5.03066178859116,35.0586840078236,0.264289976132829,0.0616433813553091
10.6833333333333,120.392520595132,126,10.4277063938529,33.4108710313806,2.2131904790641,2.89812295486175,5.04124907907646,34.8164149266988,0.192787330285399,0.0582092220419218
10.7,120.146808438987,125,9.42770639385292,32.860942463664,2.03150652914503,2.81636517739817,5.05045509756268,34.4311137583813,0.112397886667394,0.0542900715666115
10.7166666666667,119.900948085376,124,8.42770639385292,32.2300531721788,1.83519729975359,2.72802602417202,5.05814239533108,33.9189579524252,0.0266598732972325,0.0500556799551144
10.7333333333333,119.654927421119,123,7.42770639385292,31.5193325324977,1.63018703313881,2.63577140419537,5.06422562017283,33.2932964454606,-0.0618004644610582,0.0456326748582757
10.75,119.408736367511,122,6.42770639385292,30.7298151407589,1.42074691607092,2.54152335151482,5.06865779716632,32.5648786987102,-0.151102154301028,0.0411122889353274
10.7666666666667,119.162367289782,121,5.42770639385292,29.8626051543885,1.20984736891116,2.44661855529293,5.07141928681557,31.7422232886689,-0.239948502316533,0.0365579039091966
10.7833333333333,118.915815479642,120,4.42770639385292,28.9189763294761,1.00837104818174,2.24251246804424,5.07068976152642,30.8346870435674,-0.320989168899881,0.0320090819652358
10.8,118.669081580909,119,3.42770639385292,27.8966163596611,0.806863270503126,2.17450359307771,5.06853672280299,29.8489976885694,-0.401367926276942,0.0274794219205675
10.8166666666667,118.422172559,118,2.42770639385292,26.794808452853,0.604288764050397,2.10613469714991,5.06516415028893,28.7848784343658,-0.481819072269363,0.0229674503615863
10.8333333333333,118.17509914987,117,1.42770639385292,25.6179999695826,0.400579860513399,2.03738294220618,5.06056919082626,27.6418980227106,-0.562355777093664,0.0184706065430206
10.85,117.927876176206,116,0.427706393852915,24.3704974654053,0.196261186343014,1.96842538967367,5.05475061751961,26.4214842491729,-0.64273512252788,0.0139990159445086
10.8666666666667,117.680522873029,115,-0.572293606147085,23.0564662199068,-0.00787207370417491,1.89431516557873,5.04772486087329,25.1263404638624,-0.722618505876011,0.00956993834270009
10.8833333333333,117.43306304906,114,-1.57229360614708,21.6797591194212,-0.20402040115325,1.69816683812965,5.03811904940275,23.7616667843493,-0.796608182408389,0.00520250849236458
10.9,117.185525191446,113,-2.57229360614708,20.2396930456459,-0.388341771105148,1.51384546817776,5.0252727892231,22.3364039600286,-0.862094507381107,0.000904042958057873
10.9166666666667,116.937942581757,112,-3.57229360614708,18.732159320171,-0.562412810943772,1.33977442833913,5.00937630347577,20.8560147008845,-0.920063370838128,-0.00334426920722341
10.9333333333333,116.690353621626,111,-4.57229360614708,17.154592758602,-0.728794136227205,1.1733931030557,4.99058498140593,19.3215447661718,-0.971880872961793,-0.00758475104064888
10.95,116.442802301121,111,-4.57229360614708,15.5056729087823,-0.890261338165545,1.01192590111736,4.96900979488081,17.7316142928559,-1.01895009095717,-0.0118672413464457
10.9666666666667,116.195338671795,110,-5.57229360614708,13.8813675783585,-1.05061052875317,0.902187239282904,4.94497057605745,16.0836431034827,-1.06343026336604,-0.0162394777590599
10.9833333333333,115.948019298128,109,-6.57229360614708,12.1812132309563,-1.2098096730004,0.902187239282904,4.92050387620456,14.4083554029132,-1.10826409440218,-0.020487253062032
11,115.70090759468,109,-6.57229360614708,10.4131388155954,-1.37558995432214,0.902187239282904,4.89601798313293,12.685898330923,-1.15735086172917,-0.0247346589505814
11.0166666666667,115.454073859819,108,-7.57229360614708,8.68469951845033,-1.55029917256056,0.902187239282904,4.87151991306856,10.9049129082249,-1.21168758102857,-0.0290296171307773
11.0333333333333,115.20759446958,108,-7.57229360614708,6.90371637817309,-1.72162467059881,0.902187239282904,4.8470164603796,9.09885528482614,-1.26587153492169,-0.0331099004242848
11.05,114.961549932485,107,-8.57229360614708,5.17613734696529,-1.89267331680798,0.902187239282904,4.82251420291633,7.25739827069551,-1.32117733123537,-0.0370471468113891
11.0666666666667,114.716024192685,107,-8.57229360614708,3.40828326181015,-2.05223593589509,0.902187239282904,4.79801950723631,5.41378447958925,-1.37263794244963,-0.0406093084214699
11.0833333333333,114.471104380524,107,-8.57229360614708,1.70470464104966,-2.20470075379812,0.902187239282904,4.77353853371729,3.55661857269073,-1.42205041094239,-0.0439009174409013
11.1,114.226880460752,106,-9.57229360614708,0.0667808153446331,-2.34019901575658,0.902187239282904,4.74907724155994,1.71751734895278,-1.4650053986611,-0.046722926703854
11.1166666666667,113.983444825671,106,-9.57229360614708,-1.60093850717913,-2.45254452500391,0.902187239282904,4.72464139368274,-0.079899084549738,-1.49865583210581,-0.0489610672040127
11.1333333333333,113.740891870321,106,-9.57229360614708,-3.19553295020183,-2.55023304872119,0.902187239282904,4.70023656151118,-1.85537916908357,-1.52655033863383,-0.0508142377480359
11.15,113.499317573262,106,-9.57229360614708,-4.71711965398132,-2.62671390349074,0.902187239282904,4.67586812966343,-3.58451860198109,-1.54571115746498,-0.0521578028318786
11.1666666666667,113.258819097254,106,-9.57229360614708,-6.16616142190555,-2.67844273406674,0.902187239282904,4.65154130053446,-5.24989145151135,-1.55444661570798,-0.0529350225798066
11.1833333333333,113.019494417923,106,-9.57229360614708,-7.54342689287849,-2.70409061065998,0.902187239282904,4.62726109878087,-6.83956110419665,-1.55202322490455,-0.0531379975200747
11.2,112.781441984322,105,-10.5722936061471,-8.84995353958573,-2.70392256367981,0.902187239282904,4.60303237570828,-8.34587730146258,-1.53840659925079,-0.0527928446584808
11.2166666666667,112.544760412608,105,-10.5722936061471,-10.1833708326247,-2.67931288803734,0.902187239282904,4.57885981356331,-9.76450734219324,-1.51405810888209,-0.0519482709292957
11.2333333333333,112.309548212299,105,-10.5722936061471,-11.4427150698619,-2.64426177961984,0.902187239282904,4.55474792973211,-11.1306339404542,-1.48497726388267,-0.0509170188605825
11.25,112.075903543572,105,-10.5722936061471,-12.6298521307784,-2.59609131584151,0.902187239282904,4.53070108084727,-12.4321212332166,-1.44995170004515,-0.0496498160576365
11.2666666666667,111.84392400346,105,-10.5722936061471,-13.7467996303742,-2.53384543032697,0.902187239282904,4.50672346680513,-13.661217029605,-1.40851099733422,-0.0481354638593229
11.2833333333333,111.613706438544,105,-10.5722936061471,-14.7957005290079,-2.45778211094305,0.902187239282904,4.48281913469504,-14.8135376907714,-1.36071454034754,-0.0463887921123652
11.3,111.385346781677,105,-10.5722936061471,-15.7787989941728,-2.36898191134431,0.902187239282904,4.45899198264275,-15.8872578444723,-1.30698694371276,-0.0444414840515075
11.3166666666667,111.158939910308,105,-10.5722936061471,-16.698418388033,-2.26904928416816,0.902187239282904,4.43524576356925,-16.8824664117274,-1.24799157652541,-0.0423351772822038
11.3333333333333,110.934579524119,104,-11.5722936061471,-17.5569412578163,-2.15988765130295,0.902187239282904,4.41158408886716,-17.8006573428934,-1.18453447753872,-0.0401163601027752
11.35,110.712358039868,104,-11.5722936061471,-18.4531486750573,-2.04353274584696,0.902187239282904,4.38801043199614,-18.6443291784501,-1.11749239847181,-0.0378326751677872
11.3666666666667,110.492366501482,104,-11.5722936061471,-19.2870504324159,-1.93392304095691,0.902187239282904,4.364528131999,-19.4536476136438,-1.05296063445687,-0.0357804738849182
11.3833333333333,110.274694503673,104,-11.5722936061471,-20.0613223701461,-1.82779707050012,0.902187239282904,4.34114039694024,-20.2199906129138,-0.989587207206184,-0.0338835573007479
11.4,110.059430127507,104,-11.5722936061471,-20.7786423216636,-1.72325203563219,0.902187239282904,4.3178503072685,-20.9379591740787,-0.926593518371821,-0.0320969894222137
11.4166666666667,109.846659886549,104,-11.5722936061471,-21.4416767516825,-1.61935996530432,0.902187239282904,4.29466081910453,-21.6046125974921,-0.863614895536715,-0.0303979160155084
11.4333333333333,109.636468682351,104,-11.5722936061471,-22.053068901905,-1.51587214180375,0.902187239282904,4.27157476745615,-22.2188608076064,-0.80057720627796,-0.0287785620434023
11.45,109.42893976822,104,-11.5722936061471,-22.6154283386629,-1.41299374277384,0.902187239282904,4.24859486936188,-22.7809837766724,-0.737602260569543,-0.027240952306738
11.4666666666667,109.224154720301,104,-11.5722936061471,-23.1313218015019,-1.31121408144259,0.902187239282904,4.22572372696442,-23.2922535439199,-0.674936091898426,-0.0257929877626717
11.4833333333333,109.022193415179,104,-11.5722936061471,-23.6032652562856,-1.21118063639871,0.902187239282904,4.20296383051569,-23.7546388118894,-0.612895331484233,-0.0244455818152874
11.5,108.823134013276,104,-11.5722936061471,-24.0337170609617,-1.1136073596025,0.902187239282904,4.1803175613147,-24.1705757977781,-0.551827810660744,-0.0232106194463275
11.5166666666667,108.627052947425,104,-11.5722936061471,-24.4250721566511,-1.01920962638083,0.902187239282904,4.15778719457967,-24.5427920576034,-0.492084279302117,-0.022099549722875
11.5333333333333,108.434024915841,103,-12.5722936061471,-24.7796572011736,-0.930627339073928,0.971559900208975,4.13577413601247,-24.8744877702616,-0.435432740292036,-0.02112230722596
11.55,108.244122879302,103,-12.5722936061471,-25.1936699404393,-0.852961546589246,1.04922569269366,4.11522918130469,-25.1713979387515,-0.385489979803426,-0.0202820363642184
11.5666666666667,108.057418022573,103,-12.5722936061471,-25.5620219785705,-0.796542843044715,1.9021872392829,4.0959202599045,-25.4748208733884,-0.34644693181473,-0.0198141028353025
11.5833333333333,107.873979567835,103,-12.5722936061471,-25.8554968060509,-0.788336053456458,1.9021872392829,4.08475011829438,-25.7894011749116,-0.339993804455454,-0.0195484937064305
11.6,107.69387390824,103,-12.5722936061471,-26.0512776310446,-0.776020999453135,1.9021872392829,4.07341899378083,-26.0903532263321,-0.331277874878965,-0.0192356022283912
11.6166666666667,107.517162781647,103,-12.5722936061471,-26.1590176742706,-0.780683244957987,1.9021872392829,4.0682786104201,-26.3481539330485,-0.338647827025707,-0.01866040331094
11.6333333333333,107.343901907662,103,-12.5722936061471,-26.1877535360201,-0.765677915875916,1.9021872392829,4.06325648728033,-26.554008095544,-0.337136227851167,-0.0176855759173533
11.65,107.174140400936,103,-12.5722936061471,-26.1459278308919,-0.727568949275039,1.9021872392829,4.05835014402579,-26.6902692745621,-0.325143477578886,-0.0162535202001647
11.6666666666667,107.007920656293,102,-13.5722936061471,-26.0414122791363,-0.666141918263234,1.9021872392829,4.05355714961105,-26.7480002084546,-0.302467249542356,-0.0143766370651756
11.6833333333333,106.845278509598,102,-13.5722936061471,-25.9778885570188,-0.583283707785372,1.9021872392829,4.04887512133547,-26.7245575659521,-0.269830573481394,-0.0121112431791867
11.7,106.686243554123,102,-13.5722936061471,-25.8597183838871,-0.494042725208145,1.9021872392829,4.04430172391538,-26.6586997836925,-0.233730074827186,-0.00978864673215805
11.7166666666667,106.530839537107,101,-14.5722936061471,-25.6934190983009,-0.39700545764806,1.9021872392829,4.03983466857373,-26.5429430506429,-0.193548969166721,-0.00738197750071368
11.7333333333333,106.379084789071,101,-14.5722936061471,-25.5813936685297,-0.292480715497094,1.9021872392829,4.03547171214664,-26.3746721871062,-0.149417366908313,-0.00490159163736059
11.75,106.230992656466,100,-15.5722936061471,-25.4267988348894,-0.193744945214963,1.9021872392829,4.03121065620679,-26.191679079005,-0.107140055108413,-0.00263029757048655
11.7666666666667,106.08657191989,100,-15.5722936061471,-25.3313760558752,-0.0975521518714368,1.9021872392829,4.02704934620318,-25.9848485778775,-0.0653675009246067,-0.000493099751179654
11.7833333333333,105.945827187898,99,-16.5722936061471,-25.1976683890616,-0.0143028927654496,1.9021872392829,4.02298567061702,-25.7864948093057,-0.0286981896133238,0.00129527201867364
11.8,105.808759261436,99,-16.5722936061471,-25.1268492534341,0.0615563211075328,1.9021872392829,4.01901756013345,-25.5828988635627,0.00519375380167617,0.00286354003061616
11.8166666666667,105.675365467213,98,-17.5722936061471,-25.020937139694,0.121458319031321,1.9021872392829,4.01514298682881,-25.4025170324796,0.0324933663634111,0.00403882919817938
11.8333333333333,105.545639960325,97,-18.5722936061471,-24.9806222244231,0.172396121098542,1.9021872392829,4.01135996337315,-25.2284080179298,0.0561489528680406,0.00498194423396775
11.85,105.419573997674,97,-18.5722936061471,-25.0038364281303,0.206916372271822,1.9021872392829,4.00766654224765,-25.086346020309,0.0728339306614535,0.0055440931654589
11.8666666666667,105.297156184358,96,-19.5722936061471,-24.9920670391551,0.22096658805904,1.9021872392829,4.00406081497687,-24.9941414855644,0.0806731972976707,0.00565350167560678
11.8833333333333,105.178372695519,95,-20.5722936061471,-25.0455302090326,0.224846142451035,1.9021872392829,4.00054091137526,-24.9264961417052,0.0840530808329446,0.00554304785931691
11.9,105.06320747618,94,-21.5722936061471,-25.1617371252749,0.213460895511336,1.9021872392829,3.99710499880793,-24.9026729133579,0.0806893879714325,0.00511349709967369
11.9166666666667,104.951642421533,94,-21.5722936061471,-25.3381613759035,0.184380928552646,1.9021872392829,3.9937512814653,-24.9354544603509,0.0694396452865366,0.00432533527641265
11.9333333333333,104.843657539975,93,-22.5722936061471,-25.4758979711917,0.137069242374934,1.9021872392829,3.99047799965137,-25.0326780974951,0.0499815276428109,0.00318041327188764
11.95,104.739231100986,93,-22.5722936061471,-25.6748315879904,0.0841803784349401,1.9021872392829,3.98728342908537,-25.1614773662347,0.0277650879305262,0.00195814876271295
11.9666666666667,104.638339769717,92,-23.5722936061471,-25.8358402981344,0.0220921087552335,1.9021872392829,3.98416588021658,-25.3354545811469,0.00119463098110275,0.000585545515876575
11.9833333333333,104.540958729963,92,-23.5722936061471,-26.0586116657645,-0.0389257219822705,1.9021872392829,3.98112369755206,-25.5262617940769,-0.0252676306527877,-0.000715474616112829
12,104.447061796946,92,-23.5722936061471,-26.2438452893134,-0.104326559036585,1.9021872392829,3.97815525899695,-25.7510238088251,-0.0539791156867182,-0.00206174860985662
12.0166666666667,104.356621521206,92,-23.5722936061471,-26.3947102844386,-0.165236326774435,1.9021872392829,3.97525897520733,-25.9841220763969,-0.0810609925535394,-0.00326449807636653
12.0333333333333,104.269609284656,92,-23.5722936061471,-26.514200160841,-0.216271941029405,1.9021872392829,3.97243328895517,-26.2078064040601,-0.104113292361785,-0.00421521021673866
12.05,104.185995389772,92,-23.5722936061471,-26.6051372066256,-0.254583359880314,1.9021872392829,3.96967667450532,-26.4103236108786,-0.121817516088089,-0.00486264255800596
12.0666666666667,104.105749142708,92,-23.5722936061471,-26.6701772368236,-0.279115845094601,1.9021872392829,3.96698763700419,-26.5844387542374,-0.133629188857542,-0.00519526557110236
12.0833333333333,104.028838931036,93,-22.5722936061471,-26.7118146432014,-0.290046899450036,1.9021872392829,3.96436471188005,-26.7262725863363,-0.139541979270311,-0.00522799621906908
12.1,103.955232296704,93,-22.5722936061471,-26.6360302224581,-0.288361124320614,1.9021872392829,3.96180646425454,-26.8343929986587,-0.139908513936728,-0.00499229983725722
12.1166666666667,103.884896004724,93,-22.5722936061471,-26.5474501059588,-0.263642096795082,1.9021872392829,3.95931148836539,-26.8721344597905,-0.130105155289157,-0.00427876494662859
12.1333333333333,103.817796108019,94,-21.5722936061471,-26.4478993594527,-0.222857646717634,1.9021872392829,3.95687840699999,-26.8532674934215,-0.113060422644425,-0.00325137368827673
12.15,103.753898008813,95,-20.5722936061471,-26.2427011469688,-0.171577061137936,1.9021872392829,3.9545058709397,-26.789387695994,-0.0911358923836137,-0.00203891128493794
12.1666666666667,103.693166516873,95,-20.5722936061471,-25.9394801529885,-0.102311031636205,1.9021872392829,3.95219255841463,-26.6532517157864,-0.0610165790245104,-0.000490893784807711
12.1833333333333,103.635565904892,96,-19.5722936061471,-25.6418713051191,-0.0118352826969929,1.9021872392829,3.94993717456876,-26.4282844858797,-0.0212161708304045,0.00144792084014719
12.2,103.581059961252,96,-19.5722936061471,-25.2543683297757,0.0882399951522197,1.9021872392829,3.94773845093516,-26.1428287065943,0.0232752859051183,0.00351858458195845
12.2166666666667,103.529612040357,97,-18.5722936061471,-24.8801367241486,0.201487490356238,1.9021872392829,3.94559514492117,-25.7817982322758,0.0740399974405572,0.00579079744460495
12.2333333333333,103.481185110736,97,-18.5722936061471,-24.4232141884647,0.316901898731248,1.9021872392829,3.94350603930329,-25.3741904057635,0.126301056099881,0.0080250120624629
12.25,103.43574180107,98,-17.5722936061471,-23.9863243802108,0.43881348573838,1.9021872392829,3.94146994173169,-24.9049689853089,0.181926806784888,0.0103129042978985
12.2666666666667,103.393244444259,98,-17.5722936061471,-23.4730779740187,0.557050669311714,1.9021872392829,3.93948568424408,-24.4027545841573,0.236466516841434,0.0124377674670309
12.2833333333333,103.353655119682,99,-16.5722936061471,-22.9857869025997,0.676798271058185,1.9021872392829,3.93755212278877,-23.8518446555281,0.29213061638612,0.0145137803393591
12.3,103.31693569373,99,-16.5722936061471,-22.4276657753506,0.788721220114142,1.9021872392829,3.93566813675685,-23.2800083651423,0.344809119179357,0.0163455877273554
12.3166666666667,103.283047858719,100,-15.5722936061471,-21.9006463621629,0.85543067603267,2.50098871250577,3.94269695573714,-22.6830354094889,0.365386432413421,0.0180797420289283
12.3333333333333,103.251953152361,100,-15.5722936061471,-21.2867415251925,0.907573254433992,2.5374885173867,3.95127693988387,-22.0992330459502,0.377995688207631,0.0196077539946863
12.35,103.223612537196,100,-15.5722936061471,-20.6679133079978,0.961825964569448,2.57546541448152,3.96052211185098,-21.4941154986799,0.391154840099443,0.0211965759750037
12.3666666666667,103.197985074902,101,-14.5722936061471,-20.0451500126639,1.01616311187793,2.61350141759746,3.97044062569349,-20.8735316273749,0.403981294241684,0.0228028834051662
12.3833333333333,103.17502661884,101,-14.5722936061471,-19.3229412530977,1.06923923705288,2.65065470521992,3.98102110259085,-20.24215638973,0.415906738736878,0.024397191230692
12.4,103.15468892062,101,-14.5722936061471,-18.6045244202089,1.1317638981354,2.69442196797768,3.99231256190724,-19.5667473976543,0.431540715789632,0.0262109637420583
12.4166666666667,103.136919093998,102,-13.5722936061471,-17.8902056780517,1.19759645427282,2.74050475727388,4.00438310088959,-18.8627300465909,0.448156081287441,0.0281148907411852
12.4333333333333,103.121659280197,102,-13.5722936061471,-17.0835709305776,1.26270961042132,2.78608396657783,4.01724201273647,-18.1418641675831,0.464001543279679,0.0300226861860398
12.45,103.108846434911,102,-13.5722936061471,-16.2869257844253,1.33621906618162,2.83754058561004,4.03093435908969,-17.3758545823164,0.483000334786825,0.0321313902793037
12.4666666666667,103.098412213481,102,-13.5722936061471,-15.4997279462879,1.41117062407681,2.89000667613667,4.04551048088163,-16.5833572081506,0.502091058595696,0.0342934821940077
12.4833333333333,103.090282938826,103,-12.5722936061471,-14.7212091862255,1.48324913700621,2.94046163518725,4.06095567336573,-15.7780607788459,0.519422070451684,0.036415518707936
12.5,103.084379641169,103,-12.5722936061471,-13.8543197294955,1.55007667407459,2.98724091113512,4.07721674315979,-14.9695601546425,0.534019628180101,0.0384441530312425
12.5166666666667,103.080618161294,103,-12.5722936061471,-13.0010392850078,1.62214910421611,3.03769161223418,4.09429393792991,-14.1273751791648,0.55044918683905,0.0406043205561205
12.5333333333333,103.078909310409,103,-12.5722936061471,-12.1607038192542,1.69359864403655,3.08770629010849,4.11220715057169,-13.2681884754245,0.566149186970768,0.042770681906488
12.55,103.079159080609,103,-12.5722936061471,-11.332546045123,1.76091944298618,3.13483084937323,4.13092225628269,-12.4040351859873,0.579636220546202,0.0448664775687398
12.5666666666667,103.081268926773,103,-12.5722936061471,-10.5159379193033,1.82230390098219,3.17779996997043,4.15037466046601,-11.5432033410676,0.590192907622259,0.0468502399152184
12.5833333333333,103.0851361055,103,-12.5722936061471,-9.71050753713812,1.87709231246483,3.21615185800828,4.17048577646877,-10.6911254164967,0.597612352315082,0.0487046442286134
12.6,103.090653978468,103,-12.5722936061471,-8.91617297767609,1.92534357779142,3.2499277437369,4.1911738090316,-9.85117228948152,0.60200104480392,0.0504277239490326
12.6166666666667,103.097712360701,103,-12.5722936061471,-8.13312574229288,1.96751877836971,3.2794503841417,4.21236021074568,-9.02530964197023,0.603635194094885,0.0520263317143905
12.6333333333333,103.106197955083,103,-12.5722936061471,-7.36178744962759,2.00426126785458,3.30517012678111,4.23397303199917,-8.21460856599542,0.602862114207954,0.0535115461739308
12.65,103.115994779147,103,-12.5722936061471,-6.60275592542126,2.03625403429109,3.32756506328667,4.25594817533324,-7.4196208690146,0.60003725942193,0.0548956532536738
12.6666666666667,103.12698458109,103,-12.5722936061471,-5.85675090467703,2.06413545165707,3.34708205544285,4.27822934192374,-6.64063906212679,0.595487901254772,0.0561903288806673
12.6833333333333,103.139047284159,103,-12.5722936061471,-5.12456516160137,2.08845670494697,3.36410693274579,4.30076725018001,-5.87786429022588,0.589495599136422,0.0574056879594823
12.7,103.152061414037,103,-12.5722936061471,-4.40702379502412,2.10966713051476,3.37895423064323,4.32351852903031,-5.1315048961979,0.582291085694724,0.0585499205200235
12.7166666666667,103.165904550396,103,-12.5722936061471,-3.70495237130923,2.12811681066035,3.39186900674515,4.34644454656071,-4.40182563487042,0.574056678735346,0.0596292966005981
12.7333333333333,103.180453766073,103,-12.5722936061471,-3.01915341063052,2.14406861592603,3.40303527043112,4.36951032754683,-3.68916396375828,0.564932680848417,0.0606483783278958
12.75,103.195585990677,103,-12.5722936061471,-2.35039006936713,2.15771430968078,3.41258725605945,4.39268363703377,-2.99392610689672,0.555025356079887,0.0616103265312263
12.7666666666667,103.211178362668,103,-12.5722936061471,-1.69937563292457,2.16919125478308,3.42062111763106,4.41593425601304,-2.31657216450091,0.544414960114387,0.0625172285031058
12.7833333333333,103.227108583423,103,-12.5722936061471,-1.06676744226646,2.17859770763539,3.42720563462767,4.43923344370737,-1.65759664643126,0.533162959071077,0.0633704032981331
12.8,103.243255251279,103,-12.5722936061471,-0.453164025083213,2.18600570973182,3.43239123609518,4.46255356375189,-1.01750851159747,0.521318033440125,0.0641706622927755
12.8166666666667,103.259498129676,103,-12.5722936061471,0.140895586934993,2.19147126780099,3.4362171267436,4.48586784420313,-0.396813075873085,0.508920765925119,0.0649185170774737
12.8333333333333,103.27571831408,104,-11.5722936061471,0.714931149088957,2.21567955708947,2.89924303997316,4.50496650935903,0.206955972876729,0.511045927542681,0.0656132152610147
12.85,103.291798396686,104,-11.5722936061471,1.34610407456477,2.25953365562377,2.9189773843136,4.51932876705517,0.812143795353238,0.528645238206177,0.0662129729588156
12.8666666666667,103.307623023334,104,-11.5722936061471,1.91571975931986,2.3048825687648,2.93938439522706,4.53394269808859,1.44109319512135,0.54653233227808,0.066855810633277
12.8833333333333,103.323080148495,104,-11.5722936061471,2.42906301774365,2.34139185167876,2.95581357253835,4.54877659281655,2.06134214666717,0.560246426730047,0.067319785875139
12.9,103.338062019757,105,-10.5722936061471,2.89100556458452,2.36359148846994,2.96580340909438,4.56374048957676,2.65135501944727,0.567480350577489,0.0674871955533193
12.9166666666667,103.35246560319,105,-10.5722936061471,3.40213788864676,2.36936102770076,2.96839970174824,4.57871675058288,3.19788558097453,0.56740073964797,0.0673121256078542
12.9333333333333,103.366192706607,106,-9.57229360614708,3.8635460507083,2.3704109426378,2.96887216346991,4.59362780293694,3.73064762099447,0.565153379695589,0.0670454116966307
12.95,103.379149943664,106,-9.57229360614708,4.37483121338963,2.36254551749286,2.96533272215469,4.60842002100374,4.23414770947307,0.558957233826418,0.0665967137889067
12.9666666666667,103.391248601112,107,-8.57229360614708,4.83646121517498,2.35561456019318,2.96221379136984,4.62306509077542,4.73558265414265,0.553114368589819,0.0661770307559117
12.9833333333333,103.402404450395,107,-8.57229360614708,5.34769136743686,2.34384708439057,2.95691842725866,4.63754578436598,5.21700033268568,0.545133316048343,0.0656622939274283
13,103.412537531252,108,-7.57229360614708,5.8088344960542,2.33582019890302,2.95330632878926,4.65185953683228,5.70338493509707,0.538744830924079,0.0652362514953642
13.0166666666667,103.421636177714,108,-7.57229360614708,6.31911730914167,2.32477702538396,2.94833690070569,4.66600642705865,6.17490687324661,0.531016793074455,0.0647537257539725
13.0333333333333,103.430222443701,109,-6.57229360614708,6.77890159110397,2.31856146056466,2.945539896537,4.67999479674366,6.65503218239657,0.525353656506132,0.0643827674317055
13.05,103.439273503321,109,-6.57229360614708,7.28750507153529,2.30989479698668,2.94163989792691,4.69383093991021,7.12275456044464,0.518592177376419,0.0639670289406058
13.0666666666667,103.449325857905,110,-5.57229360614708,7.74539801508962,2.30626796805151,2.94000782490608,4.70752614295298,7.60066554799647,0.513981369644876,0.0636670083405617
13.0833333333333,103.460663353303,111,-4.57229360614708,8.25200800916799,2.30017837608935,2.93726750852311,4.72108751317452,8.0671381032584,0.508260128719475,0.0633215704115351
13.1,103.474051370238,112,-3.57229360614708,8.80426432875348,2.29898805752126,2.93673186516747,4.73452583259258,8.54434525104809,0.50462180087478,0.0630884606787488
13.1166666666667,103.490637523975,112,-3.57229360614708,9.39924417961928,2.30679168649701,2.94024349820656,4.74789421471532,9.04731940881892,0.504810717273645,0.0630554199042363
13.1333333333333,103.51174091772,113,-2.57229360614708,9.93799225174221,2.32539453110793,2.94861477828147,4.76126740765261,9.58559595676685,0.509561760727894,0.0632611320974854
13.15,103.538764987286,114,-1.57229360614708,10.5207436330026,2.34342440101103,2.95672821973787,4.77468041126222,10.1277206841003,0.513913875124565,0.063461550430246
13.1666666666667,103.57316493133,115,-0.572293606147085,11.1452897682323,2.36577348115748,2.96678530580377,4.78814833642884,10.6887662604581,0.519985158027767,0.0637614955367368
13.1833333333333,103.616433997781,115,-0.572293606147085,11.8095156062718,2.39510166234634,2.97998298733876,4.80171414249338,11.2788631403297,0.528904480877511,0.0642179595012879
13.2,103.670099645531,116,0.427706393852915,12.4151601793841,2.43251144276309,2.9968173885263,4.81543452371504,11.9043445728482,0.541114713643392,0.0648545624024522
13.2166666666667,103.735729309396,116,0.427706393852915,13.0630150854699,2.46641901684272,3.01207579686213,4.82932307779672,12.5318157807284,0.551578373173476,0.0654227185172152
13.2333333333333,103.814948779318,116,0.427706393852915,13.6549309695933,2.50181245682684,3.02800284485498,4.84337313227228,13.1753051844919,0.562470842203143,0.0660293000412443
13.25,103.909478544468,116,0.427706393852915,14.1951620058352,2.52996124849478,3.04066980110555,4.85756004303584,13.8075814692162,0.570020756598764,0.066486863517563
13.2666666666667,104.021195563668,116,0.427706393852915,14.6876635632139,2.54619579179444,3.0479753455904,4.87180975620034,14.4104872097297,0.572255211193504,0.066694984332648
13.2833333333333,104.152229788698,116,0.427706393852915,15.1358962008003,2.54865407334719,3.04908157228914,4.8860243790577,14.9727738362501,0.568437121423345,0.0666134092309612
13.3,104.30510508534,116,0.427706393852915,15.5427605790505,2.53730377536437,3.04397393819687,4.90009941901721,15.4882448102245,0.558628224462209,0.0662411070147804
13.3166666666667,104.482929729331,116,0.427706393852915,15.9106145561265,2.51321009617938,3.03313178256363,4.91393464308991,15.9542387429162,0.543363388304711,0.0656005816692578
13.3333333333333,104.689628104291,115,-0.572293606147085,16.2413367652218,2.47801075324015,3.01729207824097,4.9274402523608,16.370441983846,0.523418265813754,0.0647266232334984
13.35,104.930178575322,115,-0.572293606147085,16.4400542245112,2.4335577631937,2.99728823272007,4.94053976894469,16.7379962861944,0.499651734342009,0.063658631303363
13.3666666666667,105.210785371858,114,-1.57229360614708,16.6103858185292,2.37002843841624,2.96870003657021,4.95312351787998,17.0219332020183,0.467874146990207,0.0621854959554354
13.3833333333333,105.538882855383,114,-1.57229360614708,16.6565350676206,2.29464908803474,2.93477932889854,4.9650769444283,17.2370665817234,0.431304597499708,0.0604618088655334
13.4,105.922882373248,113,-2.57229360614708,16.681094538397,2.20104847607273,2.89265905351563,4.97628509021895,17.3583791628666,0.387255202610338,0.0583504589414261
13.4166666666667,106.371648508078,112,-3.57229360614708,16.5872925453487,2.09847611984389,2.84650149321265,4.98664841097576,17.407620555702,0.339812169086682,0.0560494364824442
13.4333333333333,106.893806211887,112,-3.57229360614708,16.3805247495444,1.98156884434618,2.79389321923869,4.99607814833587,17.3643655026253,0.286706019566097,0.0534432772634596
13.45,107.49705888648,112,-3.57229360614708,16.1621484264943,1.84823935306298,2.73389494816124,5.00445859818005,17.2162832573218,0.227108759954542,0.0504867308890874
13.4666666666667,108.187683676679,111,-4.57229360614708,15.9305887637619,1.71021270700917,2.67178295743703,5.01171451148581,16.993950305641,0.166163403244821,0.0474309031535191
13.4833333333333,108.970282491878,111,-4.57229360614708,15.5878200605286,1.57498165983752,2.61092898620979,5.01784218323148,16.7197020690694,0.107123964650781,0.0444362374533612
13.5,109.847771669672,111,-4.57229360614708,15.2348373975318,1.43525803156855,2.54805335348875,5.02283480252756,16.3723338023615,0.0468260103025846,0.0413461073338945
13.5166666666667,110.821538239552,111,-4.57229360614708,14.8701897984938,1.29875035505198,2.48662489905629,5.02669158076481,15.9749562975168,-0.0113846398679931,0.0383256057753211
13.5333333333333,111.891681669047,111,-4.57229360614708,14.4926216089507,1.16997209676137,2.42867468282552,5.02945715890273,15.5439219615941,-0.0655818627997464,0.0354713790227665
13.55,113.057277659133,112,-3.57229360614708,14.1012481350376,1.05117712079431,2.37521694364034,5.03120127953977,15.0903633272304,-0.114838367834748,0.0328316642650038
13.5666666666667,114.316624953549,112,-3.57229360614708,13.7919827140805,0.943102445515792,2.32658333976501,5.03200472832749,14.6215431711551,-0.158893058687203,0.0304222009767881
13.5833333333333,115.667456488008,113,-2.57229360614708,13.4623842159235,0.857193575996365,2.28792434848127,5.0319973795342,14.1789006445082,-0.192867108098422,0.0284885533878829
13.6,117.106171673005,113,-2.57229360614708,13.2096092861579,0.787159950617698,2.25640921706087,5.03132370968493,13.7526108483649,-0.219595551209473,0.0268958786587998
13.6166666666667,118.626131552123,114,-1.57229360614708,12.9326213596953,0.73984310581174,2.23511663689819,5.03013401428553,13.3715935865299,-0.23621222650994,0.0257910787658358
13.6333333333333,120.219911827364,115,-0.572293606147085,12.7299369773698,0.706167169003599,2.21996246533452,5.02856575454144,13.0172439445337,-0.246755508832709,0.024979612393276
13.65,121.879743976332,116,0.427706393852915,12.598075144706,0.694416062375471,2.21467446735187,5.02615438297684,12.7130500419079,-0.246855568228549,0.0245765351144296
13.6666666666667,123.597554307312,117,1.42770639385292,12.5341411217285,0.700487930256397,2.21740680789828,5.02425943550851,12.4743578672773,-0.240165383587399,0.0246212719109469
13.6833333333333,125.365006197353,118,2.42770639385292,12.535841680568,0.727215939911626,2.22943441224314,5.02242565231498,12.3079219971492,-0.22465595796985,0.0251104612434215
13.7,127.173549464309,119,3.42770639385292,12.6014115117819,0.773211209270123,2.25013228345446,5.02080584606519,12.21819909546,-0.201034316411944,0.0260145995281251
13.7166666666667,129.014481574626,120,4.42770639385292,12.7295868943203,0.836377648062006,2.27855718091081,5.01953934010426,12.2067004918193,-0.170304479650766,0.0272890146642774
13.7333333333333,130.879032202748,121,5.42770639385292,12.9195029544218,0.914348982803957,2.31364428154468,5.01874837433022,12.2730775121902,-0.133575196509377,0.028883230751763
13.75,132.75845328716,122,6.42770639385292,13.1705848874712,1.00476925651295,2.35433340471373,5.01853717850439,12.4159040476491,-0.0919375579624116,0.0307469794987632
13.7666666666667,134.644117304568,124,8.42770639385292,13.4824455294426,1.10545733121666,2.3996430383304,5.01899269665492,12.6332146325803,-0.0463941597824748,0.0328337263421697
13.7833333333333,136.527636471984,125,9.42770639385292,13.9511534994991,1.21448915985738,2.44870736121873,5.02018622410822,12.9228532640874,0.00217538130100942,0.0351024345666143
13.8,138.400987356626,126,10.4277063938529,14.4740064022411,1.34188423887399,2.5060351467762,5.02222266603167,13.3196045087204,0.0580562597687255,0.0377683440653935
13.8166666666667,140.256631627588,128,12.4277063938529,15.0511083833521,1.48073990684718,2.56852019736413,5.02521367787205,13.8089680728205,0.118178517549778,0.0406837169551389
13.8333333333333,142.087623812659,129,13.4277063938529,15.7791088062786,1.6261241787479,2.63394311971946,5.02922654825686,14.3796049414328,0.180359799318329,0.0437430223985239
13.85,143.887698122894,131,15.4277063938529,16.5558422723824,1.78631684284032,2.70602981856105,5.03434458070494,15.0598248752359,0.248145762506347,0.047124176939697
13.8666666666667,145.651328885707,132,16.4277063938529,17.4781916840699,1.95357345383482,2.78129529350857,5.04064830650203,15.8307531810882,0.318123497923146,0.0506613582520379
13.8833333333333,147.373762295359,134,18.4277063938529,18.4442862461264,2.13438321790554,2.8626596873404,5.0482171771339,16.7151650504022,0.393064057756335,0.0544940824880529
13.9,149.051020364674,135,19.4277063938529,19.5512846200154,2.31996806248942,2.94617286740314,5.05711741316793,17.6902705838835,0.469116045129792,0.0584343440564523
13.9166666666667,150.679880335048,137,21.4277063938529,20.6975295544715,2.51632002566828,3.03453125083363,5.06740851705584,18.7761879873838,0.548848922675389,0.0626109700335387
13.9333333333333,152.257834367208,138,22.4277063938529,21.9803128726836,2.71452483437982,3.12372341475382,5.07913446288962,19.9484105161524,0.628367997847332,0.0668330006329668
13.95,153.78303483104,139,23.4277063938529,23.2980283091384,2.92066528940031,3.21648661951304,5.0923323949011,21.2260141634723,0.710297978374217,0.0712311727894849
13.9666666666667,155.254230461064,141,25.4277063938529,24.6515870101627,3.12604670386206,3.30890825602083,5.10702513731621,22.5839127538123,0.790854403234954,0.0756191979675436
13.9833333333333,156.670698038438,142,26.4277063938529,26.138094308099,3.3253721204553,3.39860469348779,5.12318337098493,24.0039806342036,0.867765241160381,0.079883574248398
14,158.032173232475,144,28.4277063938529,27.6554920260329,3.52743967883701,3.48953509475956,5.14079460179459,25.5104453879589,0.944869056800454,0.0842131779623988
14.0166666666667,159.338783367574,145,29.4277063938529,29.3004613401006,3.72551166318913,3.57866748771801,5.15984946087967,27.0821880602199,1.01925332062862,0.0884636155212876
14.0333333333333,160.590984060734,146,30.4277063938529,30.9706791731135,3.92729871662804,3.66947166176552,5.18034599453667,28.7409193597481,1.09427628107679,0.0928004366917765
14.05,161.789500938773,147,31.4277063938529,32.6663081274982,4.13646225637058,2.72947969055702,5.20001174334602,30.4634854155148,1.17484229481011,0.0970624392458278
14.0666666666667,162.935277141929,149,33.4277063938529,34.3515556798778,4.41114483617932,2.78441620651877,5.20583314691095,32.2666412439841,1.30485996417896,0.101111733121854
14.0833333333333,164.029427708374,150,34.4277063938529,36.0898846465883,4.66593592888479,2.83537442505986,5.21246823336153,34.1287179971422,1.42561466881348,0.10467225899966
14.1,165.07320141562,151,35.4277063938529,37.784033128836,4.90024663012915,2.88223656530873,5.21984986215627,36.0399729444984,1.5368160834421,0.107741962424421
14.1166666666667,166.067947700331,152,36.4277063938529,39.4387396905703,5.10280288639506,2.92274781656192,5.22788954572547,37.9568711844437,1.633532172061,0.11009196508057
14.1333333333333,167.01508766721,153,37.4277063938529,41.0580589530178,5.26835599730769,2.95585843874444,5.23647165310971,39.8504119095618,1.7134481010677,0.111625681975183
14.15,167.916089122867,154,38.4277063938529,42.645301456594,5.39577118168327,2.98134147561956,5.24547019932004,41.7024079396436,1.77604062265952,0.11233561231153
14.1666666666667,168.772445421822,155,39.4277063938529,44.2030540353036,5.4865778109883,2.99950280148056,5.25476006249984,43.502501029139,1.8219509306016,0.112270801025864
14.1833333333333,169.585657685501,156,40.4277063938529,45.733248539353,5.54389815716936,3.01096687071677,5.264224022895,45.2458223368911,1.8525204787428,0.111512988989812
14.2,170.35722005252,157,41.4277063938529,47.237255827955,5.57167909845039,3.01652305897298,5.27375675399431,46.9312010849521,1.86945741401577,0.11015967188794
14.2166666666667,171.08860770855,158,42.4277063938529,48.7159890653944,5.57416070449474,3.01701938018185,5.28326666102837,48.559826567837,1.87460527674899,0.108312525408105
14.2333333333333,171.781267343829,159,43.4277063938529,50.1700057875587,5.55552567607539,3.01329237449798,5.2926762593486,50.1342759644046,1.86978989373982,0.106069899261773
14.25,172.436609677446,159,43.4277063938529,51.599602254401,5.51968339509421,3.00612391830175,5.30192161551552,51.6578304481672,1.8567245627837,0.103522316560571
14.2666666666667,173.056003734796,160,44.4277063938529,52.9085390691545,5.47015133689361,2.99621750666163,5.31095123543057,53.1340132184876,1.83695747649474,0.100750127611545
14.2833333333333,173.640772606439,161,45.4277063938529,54.1992649366304,5.39821697802603,2.98183063488811,5.3197035381511,54.5293422948767,1.80672368360826,0.097572477431805
14.3,174.192190452977,161,45.4277063938529,55.4714400080737,5.31188146602665,2.96456353248823,5.32811780397592,55.859424523115,1.76952122287781,0.0941667467221355
14.3166666666667,174.711480554459,162,46.4277063938529,56.6282397107338,5.21713021778715,2.94561328284033,5.33615658568743,57.1365793319076,1.7279794749439,0.0906639700249791
14.3333333333333,175.19981427451,162,46.4277063938529,57.7716213353415,5.10654544950099,2.9234963291831,5.34377854693352,58.3333956406879,1.67890536030849,0.0869080934612321
14.35,175.658310828673,163,47.4277063938529,58.8045082294853,4.98860422349857,2.89990808398262,5.35094610998235,59.4694952205044,1.62601243929949,0.0830834547173954
14.3666666666667,176.088037658894,163,47.4277063938529,59.8286064942614,4.85743368681685,2.87367397664627,5.35762447023756,60.5227480185087,1.56678187580775,0.0790661580527058
14.3833333333333,176.490011314089,164,48.4277063938529,60.746618307979,4.72236377380703,2.84665999404431,5.36378652773783,61.5164794949714,1.50530125042527,0.0750573840210822
14.4,176.865198695387,164,48.4277063938529,61.660073073197,4.57788461303055,2.81776416188901,5.36940994318145,62.4310596269279,1.43921274788015,0.0709393619871918
14.4166666666667,177.21451861073,165,49.4277063938529,62.471545204094,4.43335602545952,2.78885844437481,5.37448070622952,63.2914167405338,1.37261971643738,0.0669122213511756
14.4333333333333,177.538843532329,165,49.4277063938529,63.2824833037947,4.28308363425254,2.75880396613341,5.37898928510453,64.078871989272,1.30308622300753,0.0628526256168552
14.45,177.839001530042,166,50.4277063938529,63.9954221684315,4.13611589869781,2.72941041902247,5.38293363032462,64.8188453146893,1.23458155984046,0.05895257011065
14.4666666666667,178.115778297239,166,50.4277063938529,64.7118042409218,3.98638286232799,2.6994638117485,5.38631500859594,65.492836840027,1.16450701131547,0.0550793950680356
14.4833333333333,178.369919261523,167,51.4277063938529,65.3341832416311,3.84253639521058,2.67069451832502,5.38914086619694,66.1262424407722,1.09665918251844,0.0514155224253112
14.5,178.602131714789,167,51.4277063938529,65.9640374447762,3.69811734470473,2.64181070822385,5.39142064111991,66.7004147119162,1.02826918547406,0.0478190750656801
14.5166666666667,178.813087012994,167,51.4277063938529,66.5039658432503,3.56141318341647,2.6144698759662,5.39316868053885,67.240534490948,0.96297362400313,0.0444639744009071
14.5333333333333,179.003422783522,168,52.4277063938529,66.9591374823697,3.42563463022808,2.58731416532852,5.39440015150028,67.7277096358327,0.89785799261174,0.0412007449456823
14.55,179.173745044432,169,53.4277063938529,67.4309931569619,3.28698967609572,2.55958517450205,5.39511294377426,68.1499188871106,0.83130441282147,0.0379465007289193
14.5666666666667,179.324630268533,169,53.4277063938529,67.9183604193148,3.15559668041737,2.53330657536638,5.39531727336382,68.5373444195776,0.767739540849243,0.0349152266825369
14.5833333333333,179.456627356262,170,54.4277063938529,68.3237912327468,3.03764216836779,2.50971567295646,5.39505027660661,68.9117185114808,0.70988620548952,0.0322332502815949
14.6,179.570259548035,170,54.4277063938529,68.748824947703,2.9246674755868,2.48712073440026,5.39434362029751,69.2512656935329,0.654101290957534,0.0297136254511999
14.6166666666667,179.666026239046,171,55.4277063938529,69.0961463642836,2.82336593245983,2.46686042577487,5.39322786616988,69.5785546600249,0.603321190703689,0.0274947204860851
14.6333333333333,179.744404727973,171,55.4277063938529,69.467364492152,2.72569697777374,2.44732663483765,5.39172962420113,69.8725496223099,0.554078654520707,0.0253995011272234
14.65,179.80585186385,172,56.4277063938529,69.7651835521242,2.63868789579869,2.42992481844264,5.38987563020057,70.1564445311745,0.509450063730873,0.0235742589742926
14.6666666666667,179.850805622114,173,57.4277063938529,70.0911923164913,2.55455625415188,2.41309849011328,5.38768963383507,70.4097099780711,0.466075760736807,0.0218481119800783
14.6833333333333,179.879686530876,173,57.4277063938529,70.4444010915126,2.48052178850538,2.39829159698398,5.38519624177268,70.6559315610665,0.427111621677997,0.020371984371544
14.7,179.892898987866,174,58.4277063938529,70.7275269089122,2.42072704417538,2.38633264811798,5.38243874122419,70.9118179753422,0.394378975150597,0.0192285394884272
14.7166666666667,179.890832544999,175,59.4277063938529,71.0422233297577,2.36532331525651,2.37525190233421,5.37944921287715,71.1518319320822,0.363616258588604,0.0182019116451758
14.7333333333333,179.873863067366,175,59.4277063938529,71.3875771191028,2.32010241969662,2.36620772322223,5.37625479082052,71.3957676606182,0.337353306334143,0.0174124859023132
14.75,179.84235375453,176,60.4277063938529,71.6663675581241,2.28826532290652,2.35984030386421,5.37289735163647,71.6575201325458,0.316995930518565,0.016923312723369
14.7666666666667,179.796656104774,177,61.4277063938529,71.9802810522139,2.25938309289185,2.35406385786127,5.36940503328566,71.9095058959559,0.298023779580023,0.016506967056667
14.7833333333333,179.737110883221,177,61.4277063938529,72.3284002854635,2.23892836774351,2.34997291283161,5.36579952728521,72.1700616861037,0.282821389874774,0.0162780374060223
14.8,179.664048990171,178,62.4277063938529,72.6134613282621,2.22996532923191,2.34818030512929,5.36211650328834,72.4520654880365,0.272728818370153,0.0162977558627148
14.8166666666667,179.577792209436,179,63.4277063938529,72.9370695482707,2.22205042457532,2.34659732419797,5.35837763320594,72.7272377151259,0.263213464699379,0.0163394995135737
14.8333333333333,179.478653866895,179,63.4277063938529,73.2981922242834,2.22071884170547,2.346331007624,5.35459821421443,73.013445488785,0.256681643611996,0.0165202726940872
14.85,179.366939419328,180,64.4277063938529,73.5994202884849,2.22914179657297,2.3480155985975,5.35080779545148,73.3232511179347,0.254515040289824,0.0169046116325154
14.8666666666667,179.242946986521,181,65.4277063938529,73.942189358095,2.23700427348951,2.34958809398081,5.34702231203871,73.6281588434921,0.25223254179604,0.0172695809895172
14.8833333333333,179.10696783542,182,66.4277063938529,74.3252774918429,2.24997599431338,2.35218243814558,5.34325175425572,73.9458794471779,0.252295048260425,0.0177359199831607
14.9,178.959286822514,182,66.4277063938529,74.7474292675832,2.27135881701998,2.3564590026869,5.33952079836459,74.2888507825431,0.256137597153062,0.0183717368068439
14.9166666666667,178.800182798947,183,67.4277063938529,75.1110703306421,2.30274625582438,2.36273649044778,5.33586205416079,74.6654175411429,0.264453698711677,0.019207561838156
14.9333333333333,178.62992898181,183,67.4277063938529,75.5174965643443,2.3327553540724,2.36873831009738,5.33229013282923,75.0438644195457,0.27229454763294,0.0199979471202305
14.95,178.448793294315,184,68.4277063938529,75.868993940827,2.36637492270991,2.37546222382489,5.32881080410397,75.4394861310549,0.281821059714033,0.020849775807695
14.9666666666667,178.257038675153,184,68.4277063938529,76.2666040200074,2.39472474852007,2.38113218898692,5.32542160909675,75.8259855212015,0.289167604727284,0.0215734711467607
14.9833333333333,178.054923312541,184,68.4277063938529,76.6122984185804,2.42458321691022,2.38710388266495,5.32211835445939,76.2227760834869,0.297270854045105,0.0223155288798558
15,177.842700766604,184,68.4277063938529,76.9104246825615,2.44830309868898,2.3918478590207,5.31889362004045,76.6066065802852,0.302800691821309,0.0229133786507077
15.0166666666667,177.620620099177,184,68.4277063938529,77.1650592292067,2.46168414674014,2.39452406863093,5.31572049240874,76.962120230432,0.303920964677977,0.0232808083859965
15.0333333333333,177.38892604207,184,68.4277063938529,77.3799346440985,2.46294677728329,2.39477659473956,5.31256227822769,77.2799311871703,0.299846661092234,0.0233846524235042
15.05,177.147859181763,183,67.4277063938529,77.5584172646895,2.45193945100455,2.39257512948381,5.30937920175019,77.5550524916531,0.2905014422593,0.0232269110888792
15.0666666666667,176.897656146787,183,67.4277063938529,77.6071596131013,2.42954143961343,2.38809552720559,5.30613279854289,77.7856412530325,0.276259204613115,0.0228313777805848
15.0833333333333,176.638549789935,182,66.4277063938529,77.6312828529302,2.38543728287804,2.37927469585851,5.30276745849319,77.9350679363616,0.252629177384865,0.0219837394148673
15.1,176.370769360877,181,65.4277063938529,77.5365239819799,2.32675421554183,2.36753808239127,5.29922429300595,78.0174380970208,0.222699997330127,0.0208440536728793
15.1166666666667,176.094540668858,180,64.4277063938529,77.3306898569247,2.24730884282802,2.35164900784851,5.29544443076672,78.0077974220345,0.183780950677132,0.0192866518746203
15.1333333333333,175.810086280527,180,64.4277063938529,77.0210390096735,2.1449904034858,2.33118531998006,5.29135561952539,77.8915845942533,0.13495050031146,0.0172747211322987
15.15,175.517625790518,179,63.4277063938529,76.7106055776711,2.02038788278726,2.30626481584036,5.28688342288206,77.6618651982586,0.0764628312127679,0.0148293975180351
15.1666666666667,175.217376050736,178,62.4277063938529,76.3030657950675,1.88754913884132,2.27969706705117,5.28197957207141,77.35408537125,0.0144276490717088,0.0122569683761331
15.1833333333333,174.909551375924,177,61.4277063938529,75.8043229022649,1.74428305347181,2.25104384997726,5.27661380695882,76.9580965604134,-0.0520940153495346,0.00951297127623714
15.2,174.594363789518,176,60.4277063938529,75.2199569075865,1.5903845201953,2.22026414332196,5.27075217000904,76.4691483524362,-0.123178264564535,0.00659594465188707
15.2166666666667,174.272023257678,176,60.4277063938529,74.555215724525,1.42691730640875,2.18757070056465,5.26436237852313,75.8863915849116,-0.198348581618847,0.0035313543055896
15.2333333333333,173.942737976096,175,59.4277063938529,73.9113889413161,1.25810246452392,2.09090260896149,5.25692693765298,75.2120471702906,-0.275043289597283,0.000359691863995725
15.25,173.606714665507,174,58.4277063938529,73.1885121850182,1.09759683333387,2.06682676428298,5.24846875594515,74.4888656259993,-0.347359273217456,-0.00262628405216148
15.2666666666667,173.264158844391,174,58.4277063938529,72.3896792046249,0.938660491143066,2.04298631295436,5.23961932614388,73.7073981517865,-0.419097236802749,-0.0055093416218152
15.2833333333333,172.915275206067,173,57.4277063938529,71.6168977426276,0.779217852104764,2.01906991709862,5.23038178526501,72.8613669834727,-0.491129723452382,-0.00833621108582525
15.3,172.560267955322,173,57.4277063938529,70.7731162973602,0.630474842601136,1.99675846567307,5.22077194235178,71.9853183350569,-0.558551143839934,-0.0108712468185744
15.3166666666667,172.199341007128,172,56.4277063938529,69.9600834970448,0.487440366232867,1.97530329421783,5.21081202154458,71.0672991204614,-0.623489411663651,-0.0132274096387654
15.3333333333333,171.832698121126,172,56.4277063938529,69.0805736453824,0.359077629609957,1.9560488837244,5.20053048883491,70.1372380822342,-0.682008441087156,-0.0152194432537576
15.35,171.460542924185,172,56.4277063938529,68.2362108867365,0.234873328736382,1.98145698773143,5.19074141737436,69.1783087808691,-0.739767865188809,-0.0169965488935326
15.3666666666667,171.083078876651,172,56.4277063938529,67.4275394623642,0.127981854880084,1.94538111530493,5.18042516937729,68.2171973107655,-0.789472152857465,-0.0183950887956757
15.3833333333333,170.700509224764,171,55.4277063938529,66.6542749708028,0.0431200019720526,1.91674023994847,5.16959499437688,67.2751582074155,-0.828981636838098,-0.0193285091628084
15.4,170.313036865999,171,55.4277063938529,65.8177640935285,-0.0178044035580962,1.88438283572481,5.15830044604487,66.3666602182198,-0.857415587370025,-0.019768728529902
15.4166666666667,169.92086431384,171,55.4277063938529,65.0183643029087,-0.0650696456197299,1.83711759366317,5.14622582593594,65.464115267143,-0.878696140655038,-0.0199833151942561
15.4333333333333,169.524193749809,171,55.4277063938529,64.2532034359285,-0.0956973982793258,1.80648984100358,5.133538745796,64.5851309155824,-0.891718296951432,-0.0199014288697379
15.45,169.123227066327,171,55.4277063938529,63.519616481897,-0.109743026338273,1.79244421294463,5.12052051778233,63.740093008927,-0.896844974036528,-0.0195065812161471
15.4666666666667,168.718165974755,171,55.4277063938529,62.8162256613398,-0.108760260072277,1.79342697921063,5.10743785464304,62.93411347084,-0.895064386333065,-0.0188156794817954
15.4833333333333,168.309212138343,170,54.4277063938529,62.1427513501902,-0.0949219306457661,1.80726530863714,5.09452563975791,62.1690644899669,-0.887589893303463,-0.0178611364098395
15.5,167.896567211564,170,54.4277063938529,61.4034073049714,-0.0704683047849855,1.83171893449792,5.0819814951623,61.4450671806112,-0.875615651858849,-0.0166792987298026
15.5166666666667,167.480432792437,170,54.4277063938529,60.7018057244272,-0.0487845788766464,1.85340266040626,5.06986406646879,60.7246422668169,-0.86501736334375,-0.0155539710248001
15.5333333333333,167.06101028939,170,54.4277063938529,60.0388907021979,-0.0256237492388546,1.87656349004405,5.0581672094565,60.0198081024377,-0.853939174600695,-0.0143945316464444
15.55,166.638500693138,170,54.4277063938529,59.4152694142783,0.00164842639774803,1.90274358319214,5.04694125194905,59.3397600224273,-0.841288458142216,-0.0131416443129039
15.5666666666667,166.213104339121,170,54.4277063938529,58.8314463505937,0.035007031421678,1.91400211238772,5.0361606275352,58.6913190314967,-0.826135848849814,-0.0117598055743919
15.5833333333333,165.785020662768,169,53.4277063938529,58.2872610311779,0.0764147832058001,1.92797722861486,5.02564087435404,58.0800484987447,-0.807324186826489,-0.0102317692281411
15.6,165.354448041079,169,53.4277063938529,57.6855966337352,0.125967370198206,1.9447012267248,5.01542902383157,57.5098085073963,-0.784844576173684,-0.00855625311507111
15.6166666666667,164.921583693085,169,53.4277063938529,57.1282136155414,0.171480644546063,1.9600619568172,5.00553529054861,56.9457595821003,-0.764005716091546,-0.00699416835504332
15.6333333333333,164.486623573409,169,53.4277063938529,56.6141501992493,0.217625536370064,1.9756358578078,4.99595198698518,56.4011789215148,-0.742786035109579,-0.00544429911584589
15.65,164.049762348852,169,53.4277063938529,56.1422967006665,0.267249981250332,1.99238410795489,4.98669219476125,55.8855026532286,-0.719964985260277,-0.00384523795813773
15.6666666666667,163.611193429336,169,53.4277063938529,55.711505036766,0.321863926362104,2.01081631443011,4.97778092760263,55.405100659264,-0.694908519265454,-0.00216467226374773
15.6833333333333,163.171108986786,168,52.4277063938529,55.3206495228831,0.382033971486126,2.03112370465947,4.96924875963706,54.9639680461177,-0.667394857992196,-0.000390699319082972
15.7,162.729700050799,168,52.4277063938529,54.8722967859978,0.4476935933134,2.05328382702618,4.96112742784137,54.5643142831952,-0.637477766735269,0.00147497648048106
15.7166666666667,162.287156652419,168,52.4277063938529,54.4678649179172,0.506662054391056,2.07318568263989,4.95341143499298,54.170110533055,-0.610456329486239,0.00317200662990289
15.7333333333333,161.843667950095,167,51.4277063938529,54.1060265923528,0.563716870859814,2.09244168319809,4.94607771401855,53.7937771925076,-0.584254555401705,0.00480435505989176
15.75,161.399422426442,167,51.4277063938529,53.6889315322654,0.621870385022377,2.11206849422796,4.93912474911216,53.4441256000548,-0.557572590447062,0.00643737625492054
15.7666666666667,160.954608127641,166,50.4277063938529,53.3174764288805,0.671106312123414,2.12868561962456,4.93252844579747,53.0901212031142,-0.534759541033629,0.00785765659100342
15.7833333333333,160.509412878438,166,50.4277063938529,52.893425879171,0.717652883348405,2.14439508741299,4.92625723751281,52.7478242752184,-0.513103972659881,0.00920044025944952
15.8,160.06402452004,165,49.4277063938529,52.5171939526745,0.753717667698297,2.15656695213108,4.92027217569444,52.3916520668545,-0.4959810514135,0.0103004004825557
15.8166666666667,159.618631151089,164,48.4277063938529,52.0900417614336,0.786986836038061,2.16779529644575,4.91453711581732,52.0416208470135,-0.480042718810413,0.0113240928635164
15.8333333333333,159.173421451099,164,48.4277063938529,51.615549390866,0.810554397853676,2.17574934855852,4.9090150666163,51.6749035480648,-0.468278769262358,0.0121250297583921
15.85,158.728585092311,163,47.4277063938529,51.1933512247166,0.820865068247592,2.17922919981647,4.90364010220864,51.2764053753913,-0.462209623938012,0.0126294836210132
15.8666666666667,158.284313163211,162,46.4277063938529,50.7238769552671,0.828387653317354,2.18176807227751,4.89836869051407,50.8737948934059,-0.457273098337983,0.0130637501584665
15.8833333333333,157.840798546977,161,45.4277063938529,50.2099153749428,0.827911414727927,2.18160734175358,4.89316893186786,50.4496162546838,-0.455722939088787,0.0133173503510068
15.9,157.398236349,161,45.4277063938529,49.6540441637691,0.816792650804544,2.17785475892944,4.88798724089641,49.9923721049301,-0.458687388907077,0.0133355317906861
15.9166666666667,156.956824390611,160,44.4277063938529,49.1549057425633,0.794153578843444,2.17021407214257,4.88276044647195,49.4950589420695,-0.466522543118145,0.0131016697913538
15.9333333333333,156.516763741768,159,43.4277063938529,48.612033235454,0.771982015220714,2.16273116941989,4.87745944928954,48.990885749374,-0.474010610461181,0.0128739448137695
15.95,156.078259314809,158,42.4277063938529,48.0274574038316,0.745772441300147,2.1538854382217,4.87207294973062,48.4659936385446,-0.483106295174019,0.0125561294837636
15.9666666666667,155.64152053914,158,42.4277063938529,47.4031511232535,0.713041921648088,2.14283888783913,4.86657033812717,47.9110516232902,-0.494876675476873,0.0120959962114881
15.9833333333333,155.206761997811,157,41.4277063938529,46.8373016808155,0.672732454513159,2.12923444268109,4.86091132592034,47.3202088471899,-0.509765054443318,0.0114721644654545
16,154.774203988162,157,41.4277063938529,46.2291224710829,0.636458986721491,2.11699214730141,4.85508811801047,46.7271405362664,-0.522724091366849,0.0109340071031487
16.0166666666667,154.344073017917,156,40.4277063938529,45.6767977698562,0.599254343743,2.10443558029617,4.84910835992397,46.1180161255276,-0.535916681354658,0.0103746879606936
16.0333333333333,153.91660227809,155,39.4277063938529,45.0797524122244,0.569871257824961,2.09451878879883,4.84299325822877,45.5202130085521,-0.545552083645301,0.00998124931816521
16.05,153.492032117576,155,39.4277063938529,44.4401354997688,0.541328435005169,2.08488558609715,4.83676583723046,44.9150926843719,-0.554675417748326,0.00960318935138949
16.0666666666667,153.070610396425,154,38.4277063938529,43.8565302855997,0.509311379032465,2.07407982970636,4.83041776454209,44.2895495921833,-0.56515916639263,0.0091482541009015
16.0833333333333,152.652592668853,154,38.4277063938529,43.2286492780805,0.483173255414687,2.06525821298536,4.82395778800786,43.6717936306252,-0.572946308570424,0.00881681373331889
16.1,152.238242226094,153,37.4277063938529,42.6552007674865,0.456455288359678,2.05624089910429,4.8173996227745,43.0440230790102,-0.580850838544549,0.00846990579916237
16.1166666666667,151.827830004599,153,37.4277063938529,42.0361092969676,0.436994988805219,2.04967304800466,4.81076383802715,42.4308465543048,-0.585479699655816,0.00827503159599358
16.1333333333333,151.421634210472,153,37.4277063938529,41.4703288564523,0.417311691528948,2.04302993517392,4.8040688868282,41.8117916823695,-0.590093219021651,0.00807119285493255
16.15,151.019939576118,152,36.4277063938529,40.9543862550862,0.40459601847315,2.03873839551759,4.79733542379293,41.2095573622078,-0.591579673854126,0.00801205365684161
16.1666666666667,150.623036198923,152,36.4277063938529,40.3886627706982,0.402712301091946,2.03810264090144,4.79061468023486,40.6392982861529,-0.588286442772618,0.00817895670247029
16.1833333333333,150.231217891869,151,35.4277063938529,39.8726699283297,0.401490647924626,2.03769033295746,4.78393717419006,40.0734949706244,-0.584648292123484,0.00835292059092615
16.2,149.84477996048,151,35.4277063938529,39.3071437394669,0.406410792837287,2.03935088186549,4.77732335906228,39.5297749458668,-0.578297411443137,0.00865101969645318
16.2166666666667,149.464016311388,150,34.4277063938529,38.7917819916996,0.408629199007812,2.04009959394804,4.77078122019612,38.9828520112275,-0.573082392078067,0.00888350058965281
16.2333333333333,149.08921579683,150,34.4277063938529,38.2273903184536,0.414677089965763,2.04214075714635,4.76431533835732,38.4522713788737,-0.566171468190707,0.00919052766491957
16.25,148.720657709611,149,33.4277063938529,37.7136596570068,0.416517053452188,2.04276174482302,4.75792302586099,37.9143273596801,-0.561058085291375,0.00939998777661028
16.2666666666667,148.358606368402,149,33.4277063938529,37.1513424064055,0.42127753484857,2.0443684072943,4.75160211604185,37.3898213495368,-0.554647774988364,0.00966506553772985
16.2833333333333,148.003304777859,148,32.4277063938529,36.6400516136936,0.421347309541023,2.044391956253,4.74534603470431,36.8560120756826,-0.550246827770893,0.00982289941650359
16.3,147.654967414975,147,31.4277063938529,36.0804521722324,0.424145801511736,2.04533644729311,4.73915073204827,36.3344155184238,-0.544633242560482,0.0100329566422885
16.3166666666667,147.313772283381,146,30.4277063938529,35.4757124108856,0.422249418523529,2.04469641803459,4.73300908658272,35.8027995311943,-0.541031273093982,0.0101363967153795
16.3333333333333,146.979852487419,146,30.4277063938529,34.8288547395064,0.411472008394711,2.04105904211612,4.72688180686654,35.2460903473296,-0.541243931776753,0.0100448550251896
16.35,146.653287698854,145,29.4277063938529,34.2389782806283,0.389912642737577,2.03378275620684,4.72071286047152,34.6547096309863,-0.546073396658865,0.00971948259102824
16.3666666666667,146.334096005081,144,28.4277063938529,33.6060512615448,0.368924768276062,2.02669934857607,4.71447567053119,34.060096749117,-0.550577061852181,0.00940473297727886
16.3833333333333,146.022226717374,143,27.4277063938529,32.9324987612176,0.343649079118099,2.01816880348526,4.70815871348344,33.4472482046246,-0.556861727813205,0.00899676261960687
16.4,145.717554758861,143,27.4277063938529,32.2206381201027,0.311442934592807,2.00729922970798,4.70172973394378,32.8061566656398,-0.566061634614264,0.00843993696194501
16.4166666666667,145.419877259028,142,26.4277063938529,31.5689489560944,0.271215861660392,1.99372259259329,4.69514627131129,32.1306325267733,-0.578631747907705,0.00771221325070645
16.4333333333333,145.128912861796,141,25.4277063938529,30.8768868434551,0.234627647212722,1.9813740702172,4.68839840101549,31.4542448569655,-0.589502832536308,0.00706395705350761
16.45,144.844303931584,141,25.4277063938529,30.1464750286584,0.196797339600931,1.96860634139822,4.68149201069324,30.7632079776735,-0.600798091112518,0.00639019862708762
16.4666666666667,144.565621678022,140,24.4277063938529,29.4760905606246,0.154863600637608,1.9544537044981,4.67441155232991,30.0480981381756,-0.613753648462643,0.00562999518719364
16.4833333333333,144.292374044475,140,24.4277063938529,28.765210729168,0.119130886401073,1.94239391344327,4.66716526199731,29.3398256175358,-0.623897186591524,0.00500403991870191
16.5,144.024015955166,139,23.4277063938529,28.112312039897,0.0837155340897675,1.9304412320382,4.65977059012222,28.6224958599545,-0.633792804705001,0.00438548846323213
16.5166666666667,143.759961201142,139,23.4277063938529,27.4171093126992,0.0567582924335084,1.92134316297921,4.65225427617756,27.9220044821628,-0.639916853753654,0.00394805592536771
16.5333333333333,143.499595226213,138,22.4277063938529,26.7783777852867,0.0308933456722946,1.9126137434473,4.64464209253832,27.218696691709,-0.645481536012378,0.00353288852856649
16.55,143.242288148751,138,22.4277063938529,26.0961414225876,0.0132571904073949,1.9066615410454,4.63697143877584,26.5357417324749,-0.647413949047599,0.00329314051395088
16.5666666666667,142.987407408303,138,22.4277063938529,25.4694632695739,-0.00371889468591383,1.89846834459699,4.62919086978468,25.8516368986575,-0.648905498109614,0.0030578583353546
16.5833333333333,142.734329409334,138,22.4277063938529,24.8948922853467,-0.0128767288934119,1.88931051038949,4.62126409152946,25.1885996978571,-0.64677485304335,0.00297350121032801
16.6,142.482449755726,137,21.4277063938529,24.3689854843616,-0.0110816921018599,1.89110554718104,4.61333833362073,24.5613003458199,-0.639826673621585,0.0031156956939441
16.6166666666667,142.231191865486,137,21.4277063938529,23.7924253736693,0.00239750989636363,1.90299639887293,4.60560440709221,23.9783504039322,-0.62795710218702,0.00351146379093099
16.6333333333333,141.980013884731,137,21.4277063938529,23.2655179624615,0.0156313542785106,1.9074628213519,4.59812543035252,23.4071692685607,-0.616406458755035,0.00390736818772581
16.65,141.72841392697,137,21.4277063938529,22.7860219545596,0.03382741594632,1.91360399216479,4.59079574365049,22.8622116352643,-0.602743605810853,0.00440201085674686
16.6666666666667,141.475933743654,137,21.4277063938529,22.3515082306831,0.0594734866696696,1.92225954103392,4.58364700555258,22.353310342831,-0.585901237182427,0.005047407383118
16.6833333333333,141.222160984581,137,21.4277063938529,21.9597362181642,0.0934968588823942,1.93374242915571,4.57672425038352,21.8864256539017,-0.565500341223879,0.00586227626903758
16.7,140.9667302336,137,21.4277063938529,21.6086843453549,0.135808710327832,1.94802267901855,4.57007461079464,21.464676887285,-0.541604594600255,0.00684351146972571
16.7166666666667,140.709322977079,137,21.4277063938529,21.2965459561752,0.185696510091136,1.96485981143866,4.56374275198877,21.0891613456298,-0.514547814789759,0.00797474867292327
16.7333333333333,140.449666665212,137,21.4277063938529,21.0217054230457,0.24210860526366,1.98389889355939,4.55776819880268,20.7595958065409,-0.484809072224183,0.00923255244930762
16.75,140.187533142209,137,21.4277063938529,20.7827046514034,0.30385226212798,2.0047373777511,4.55218401115937,20.4748028627063,-0.452925991303611,0.0105907004785611
16.7666666666667,139.922736590685,136,20.4277063938529,20.5782068332301,0.369724555587471,2.02696927679367,4.5470163776232,20.2330673430295,-0.419437632529488,0.0120229963590133
16.7833333333333,139.655131075099,136,20.4277063938529,20.3106043108324,0.438592890510787,2.05021233983029,4.54228479828977,20.0323878931461,-0.384849523590199,0.0135049827135301
16.8,139.384607848272,136,20.4277063938529,20.0811413995995,0.497722177906416,2.07016847432632,4.53796708649069,19.8337109188713,-0.354688202095584,0.0147646727137867
16.8166666666667,139.111092502472,136,20.4277063938529,19.8882993436502,0.551693003924003,2.08838362810725,4.53402146233616,19.6473431065157,-0.326948920871635,0.0159021135277019
16.8333333333333,138.834542115252,136,20.4277063938529,19.7303703201738,0.603558161139688,2.10588811866755,4.53042733484126,19.4806620784238,-0.300299750150219,0.016983833867001
16.85,138.554942421615,136,20.4277063938529,19.6055757066546,0.65520579976424,2.12331919670333,4.52717777221837,19.3386283535132,-0.273920600953826,0.0180509028010794
16.8666666666667,138.272304998909,135,19.4277063938529,19.5121403276342,0.706814515590435,2.2202537712986,4.52444678838686,19.2242752357461,-0.247989448796783,0.0191257403386002
16.8833333333333,137.986664576375,135,19.4277063938529,19.3547345650679,0.75398797643564,2.24148182867894,4.52323767406623,19.1365774181951,-0.225854524810125,0.0202208556982228
16.9,137.698076429512,135,19.4277063938529,19.2366703420007,0.791392383627086,2.25831381191509,4.52239352869462,19.0397673793123,-0.208163588691867,0.0211040221275767
16.9166666666667,137.406613748645,135,19.4277063938529,19.1555730323467,0.825179884460585,2.27351818729017,4.52186424110918,18.9488854235336,-0.19220953028822,0.0219072593328042
16.9333333333333,137.112365140565,135,19.4277063938529,19.1089358033942,0.859215897709164,2.28883439325203,4.52163679668503,18.8744458338334,-0.176304850488129,0.022713588802522
16.95,136.815432404389,135,19.4277063938529,19.0943026018082,0.895678247592749,2.30524245069964,4.52172046164355,18.8233117778819,-0.159510798958384,0.0235698660461503
16.9666666666667,136.515928524619,134,18.4277063938529,19.1093689792295,0.93555470432792,2.32318685623047,4.52213606902896,18.7995199419547,-0.141413607400218,0.0244974380737121
16.9833333333333,136.21397580088,134,18.4277063938529,19.0556688431684,0.97903816206132,2.3427544122105,4.52290863983431,18.8050053092738,-0.121947589934466,0.0255006090692801
17,135.909704177254,134,18.4277063938529,19.0337353769922,1.01416825622506,2.35856295458418,4.52401538212501,18.8032826375491,-0.106292615658792,0.0263228915405179
17.0166666666667,135.603249734489,134,18.4277063938529,19.041451986451,1.04590925430325,2.37284640371937,4.52541181736465,18.8062623525965,-0.0922615452461558,0.0270708081056938
17.0333333333333,135.294753277469,134,18.4277063938529,19.0766033627193,1.07738315182212,2.38700965760286,4.52708341940184,18.8222146573389,-0.078488739027083,0.0278114059797207
17.05,134.984359087572,134,18.4277063938529,19.1370232621954,1.1103525634187,2.40184589282132,4.52903368009059,18.8564749847861,-0.0642117509921817,0.0285825995735469
17.0666666666667,134.672213807569,133,17.4277063938529,19.2206760190161,1.14562173195457,2.41771701866246,4.53127548073908,18.9121089299974,-0.049090980666966,0.029401760288275
17.0833333333333,134.358465394481,133,17.4277063938529,19.2293349225584,1.18335503025578,2.434697002898,4.53382515156818,18.9904966807348,-0.0330671011379611,0.030272539646584
17.1,134.043262211662,133,17.4277063938529,19.2637418525974,1.21166014131504,2.44743430287467,4.53665140486166,19.0548974892191,-0.0212845744069094,0.0309398685029627
17.1166666666667,133.726752229419,133,17.4277063938529,19.3219611568102,1.23562323827294,2.45821769650572,4.53970201816313,19.1171722459646,-0.0114980296060701,0.0315128437249478
17.1333333333333,133.409082271137,133,17.4277063938529,19.4019358095103,1.25851227143639,2.46851776142928,4.54295576001576,19.185676127271,-0.00227391577334371,0.0320616039375626
17.15,133.090397378634,133,17.4277063938529,19.501641059869,1.28224018623852,2.47919532309024,4.54641055825935,19.2659114969171,0.00721919295062601,0.0326272505168489
17.1666666666667,132.770840303363,132,16.4277063938529,19.6191717006385,1.30775390059792,2.49067649455197,4.55007485640794,19.3611558429913,0.017385736581018,0.0332301794897407
17.1833333333333,132.450551054927,132,16.4277063938529,19.6564255788725,1.33534629509334,2.50309307207491,4.55396158934472,19.4730214643168,0.0283429782393009,0.0338767650491631
17.2,132.129666454866,132,16.4277063938529,19.7142674945055,1.3532366819023,2.51114374613894,4.55803699871557,19.5650044557131,0.0349963998029775,0.0343143005835313
17.2166666666667,131.808319776614,132,16.4277063938529,19.7908864012162,1.36660573725386,2.51715982104714,4.56224718766376,19.6491985000526,0.0396333116229121,0.0346538799791076
17.2333333333333,131.486640484922,132,16.4277063938529,19.8843539881908,1.37880000800661,2.52264724288588,4.56656992198665,19.7341833634126,0.0437218214058891,0.0349672994338789
17.25,131.1647540477,132,16.4277063938529,19.9927799522137,1.39179710488115,2.52849593647942,4.57100268595029,19.8256766574988,0.048121469661536,0.0352970207258025
17.2666666666667,130.842781800271,132,16.4277063938529,20.1144002198742,1.40659692812425,2.53515585693882,4.57555394206299,19.9271624424051,0.0532594163563609,0.0356645512486984
17.2833333333333,130.52084081245,131,15.4277063938529,20.2476183408761,1.42353587216953,2.54277838175919,4.58023702688921,20.0404525201586,0.0592712702311001,0.0360771749476701
17.3,130.199043719365,131,15.4277063938529,20.2946584832208,1.44252881193541,2.55132520465384,4.58506612304616,20.1661602169654,0.0661090555623974,0.0365331366953374
17.3166666666667,129.877498604334,131,15.4277063938529,20.3567103967031,1.45158836782104,2.55540200480237,4.59000657951566,20.267159428648,0.0685889447692769,0.0367752724571383
17.3333333333333,129.556308952639,131,15.4277063938529,20.4322760455518,1.4558090510661,2.55730131226265,4.59500255243017,20.3552137371876,0.0689620327266586,0.0369128027174418
17.35,129.235573653536,131,15.4277063938529,20.5197233834539,1.45853145879971,2.55852639574277,4.60002955193066,20.4387905136303,0.0686952657765231,0.0370173707210681
17.3666666666667,128.91538703542,131,15.4277063938529,20.6174405560215,1.46177676868875,2.55998678519284,4.6050829786543,20.5236506431959,0.0686684032490025,0.0371323480368872
17.3833333333333,128.595838924371,131,15.4277063938529,20.7239252813581,1.46661554845517,2.56216423608773,4.61016966614568,20.6134276068192,0.0693402696126891,0.0372807342848335
17.4,128.277014719535,130,14.4277063938529,20.8378285529717,1.47346633516385,2.56524709010664,4.61530191763082,20.710150793587,0.0708827000517369,0.0374715532239785
17.4166666666667,127.958995480777,130,14.4277063938529,20.861610365695,1.48232732828288,2.5692345370102,4.6204935225751,20.814691281047,0.0732840080497719,0.0377048165085499
17.4333333333333,127.641858025411,130,14.4277063938529,20.8966873674236,1.48128937931873,2.56876745997633,4.62571006004449,20.8902010868026,0.0713940074576968,0.0377250193131383
17.45,127.325675031662,130,14.4277063938529,20.9417818703994,1.47551676292608,2.56616978259964,4.63089648681877,20.9487289565046,0.0674933613608255,0.0376428613786549
17.4666666666667,127.010515147139,130,14.4277063938529,20.9954775666921,1.4684099938551,2.5629717365177,4.63602961408785,20.9990260267226,0.063073964646058,0.0375312556481821
17.4833333333333,126.696443101027,130,14.4277063938529,21.0563751969078,1.46204023675454,2.56010534582245,4.64110656851918,21.0471306545774,0.0590359240858256,0.037434631941175
17.5,126.383519818962,130,14.4277063938529,21.1231829443203,1.4575188002435,2.55807069939248,4.64613626164436,21.096945056521,0.0558541611129197,0.0373768512836096
17.5166666666667,126.071802539812,130,14.4277063938529,21.1947607522784,1.45529679644554,2.5570707976834,4.65113336031466,21.1507577807521,0.0537128747503589,0.0373676250841451
17.5333333333333,125.761344933669,130,14.4277063938529,21.270133798838,1.45539805657629,2.55711636474223,4.65611424562285,21.2096896153766,0.0526095818591782,0.0374075050326234
17.55,125.452197220534,130,14.4277063938529,21.3484867263689,1.45759283828074,2.55810401650924,4.66109448845857,21.2740563181033,0.0524323509703673,0.0374916049126076
17.5666666666667,125.144406289184,129,13.4277063938529,21.4291470919398,1.46152182870662,2.55987206220088,4.66608743426261,21.3436514014585,0.0530146528970525,0.0376122577590554
17.5833333333333,124.838015815844,129,13.4277063938529,21.4152064718496,1.46678029047273,2.56223836999563,4.67110356232144,21.4179577215785,0.0541723468693827,0.0377608192015568
17.6,124.533066382264,129,13.4277063938529,21.4086514797193,1.46131204195252,2.55977765816154,4.67610313569943,21.459376275334,0.0506953360064629,0.0376786136857896
17.6166666666667,124.229595592912,129,13.4277063938529,21.4087080983303,1.45029819910619,2.55482142888069,4.6810253480701,21.4796634722461,0.0448758356890447,0.0374766838864776
17.6333333333333,123.927638190964,129,13.4277063938529,21.4144000999864,1.43725171588905,2.54895051143298,4.68584176129453,21.4875923084157,0.038258421828537,0.0372303364382164
17.65,123.627226172853,129,13.4277063938529,21.4247114868332,1.424403337578,2.543168741193,4.69054529251507,21.4894250496667,0.0318155966829214,0.0369874072503731
17.6666666666667,123.328388901142,129,13.4277063938529,21.4386854264124,1.41303844791095,2.53805454084283,4.69514190783166,21.489406307059,0.0261000593487798,0.0367754761510142
17.6833333333333,123.031153215514,129,13.4277063938529,21.4554773804133,1.40377617853989,2.53388651962585,4.69964461946643,21.4902258722162,0.021370230836683,0.0366078455403893
17.7,122.735543541706,129,13.4277063938529,21.4743767578906,1.3967906519138,2.53074303264411,4.70406935201626,21.493424128606,0.0176892964093401,0.0364882799744787
17.7166666666667,122.441581998225,128,12.4277063938529,21.4948082165545,1.39197923967007,2.52857789713443,4.70843226220199,21.4997289728525,0.0150001886331906,0.0364146110282677
17.7333333333333,122.149288500719,128,12.4277063938529,21.4199634310491,1.3890852469961,2.52727560043115,4.71274814318993,21.5093236063279,0.0131799975875769,0.0363813660210632
17.75,121.858680863876,128,12.4277063938529,21.3519376086819,1.3761237714417,2.52144293643167,4.71698238290193,21.4851279068113,0.00704596708805822,0.0361313970496664
17.7666666666667,121.569774902312,128,12.4277063938529,21.2900757863155,1.35829567964693,2.51342029512402,4.72107963259341,21.439281611196,-0.00110493580604073,0.0357761709543055
17.7833333333333,121.282584565631,127,11.4277063938529,21.2335309488593,1.33910131787291,2.50478283232571,4.72501693190791,21.380843524924,-0.00973742485652092,0.0353907257175781
17.8,120.99712213642,127,11.4277063938529,21.0850673762888,1.32074043077749,2.49652043313277,4.72879250699685,21.3162943301471,-0.0178961304425583,0.0350222349691503
17.8166666666667,120.71339840167,126,10.4277063938529,20.9463107393129,1.29279920723754,2.4839468825398,4.73237014270669,21.2131296989658,-0.0300806949542452,0.034447230277168
17.8333333333333,120.43142277545,126,10.4277063938529,20.7198066623894,1.26139363391391,2.46981437454417,4.73570210230715,21.0866736131919,-0.0436024468713255,0.0337968038260285
17.85,120.151203392464,125,9.42770639385292,20.5067702503674,1.21881471484553,2.45065386096339,4.73873085538352,20.9111673959517,-0.0617714998017497,0.0329054560750484
17.8666666666667,119.872747219087,125,9.42770639385292,20.2092708474881,1.17293835770122,2.43000950024845,4.74140394491974,20.7068819539967,-0.0811318562457681,0.0319420059445941
17.8833333333333,119.59606021754,124,8.42770639385292,19.9280607137872,1.11710822169482,2.40488593904557,4.74366955146171,20.4515359864652,-0.104540865152409,0.0307635277636423
17.9,119.321147480549,123,7.42770639385292,19.564804481496,1.05974588006978,2.3790728853143,4.74548683483419,20.1677269851272,-0.128314095251721,0.0295505512566674
17.9166666666667,119.048013352126,123,7.42770639385292,19.1235709708534,0.994394824788937,2.34966491043793,4.74681832363028,19.8346347588156,-0.155232529205597,0.0281644507087043
17.9333333333333,118.776662168021,122,6.42770639385292,18.7045782272201,0.917795464856843,2.31519519846848,4.74759092738621,19.4387707996832,-0.186663582108796,0.0265351085068074
17.95,118.507100921285,122,6.42770639385292,18.2088921819842,0.840538561182914,2.28042959181522,4.74776320846384,19.0091330894507,-0.217980737793057,0.0248895643271375
17.9666666666667,118.239336940072,121,5.42770639385292,17.7363727329756,0.756086842703155,2.15736654869522,4.74758088877306,18.5291844034519,-0.252402851532348,0.0231162134439709
17.9833333333333,117.973376851661,120,4.42770639385292,17.1849796639089,0.682655654223747,2.13258352258342,4.74517293992489,18.027075500253,-0.27931241325858,0.0214077959043729
18,117.70922692438,120,4.42770639385292,16.5560079187435,0.604272278284943,2.10612913320407,4.7423174926699,17.4844934008161,-0.308264165574259,0.0196092457922221
18.0166666666667,117.446893498162,119,3.42770639385292,15.9506922492887,0.516539763452348,2.07651940944807,4.73897453087197,16.8855884541996,-0.341143558017723,0.0176270779824849
18.0333333333333,117.186383316415,119,3.42770639385292,15.2711307756605,0.429386145297152,2.04710506332069,4.7351227003748,16.2578845464436,-0.373621643048516,0.0156744589285722
18.05,116.927703749787,118,2.42770639385292,14.6181744791124,0.337289059050125,2.01602229671232,4.73075002191719,15.5842889866661,-0.408085400677488,0.0136328160670071
18.0666666666667,116.670862929947,118,2.42770639385292,13.8936812582242,0.249177454179089,1.98628463006835,4.72585720058608,14.891010549882,-0.440650082096961,0.0116931637031114
18.0833333333333,116.415869878367,117,1.42770639385292,13.1983661291512,0.158680082386727,1.95574176708842,4.72044911963666,14.1596979546501,-0.474079451328623,0.00971819170940938
18.1,116.162734617814,117,1.42770639385292,12.4340229857267,0.0740301666326894,1.92717242052144,4.71453900394323,13.4154301932338,-0.504797177718532,0.00788362066519349
18.1166666666667,115.911468221111,116,0.427706393852915,11.7013492119952,-0.0116173160010242,1.89056992328188,4.70812473915175,12.6388964039217,-0.535754272399255,0.00604003651216142
18.1333333333333,115.662082840086,116,0.427706393852915,10.9018809735315,-0.087424021276878,1.81476321800603,4.70060635075071,11.8552214510794,-0.561350506698727,0.00435301341469296
18.15,115.41459168475,115,-0.572293606147085,10.1343919460978,-0.160121796739627,1.74206544254328,4.69184279107308,11.0462631844705,-0.58430216256882,0.0026594992498169
18.1666666666667,115.16900843111,115,-0.572293606147085,9.29766510666143,-0.223325862659772,1.67886137662313,4.68194688161917,10.2359575341619,-0.601995974285158,0.00110459720420295
18.1833333333333,114.92534620008,114,-1.57229360614708,8.49011220190938,-0.285875013794044,1.61631222548886,4.67100059999455,9.40235235896181,-0.618392431504399,-0.000495180822615752
18.2,114.683617968642,114,-1.57229360614708,7.61180686534861,-0.341742755898426,1.56044448338448,4.65907267403438,8.56652133927123,-0.630977173856407,-0.00200533246212763
18.2166666666667,114.443837239124,113,-2.57229360614708,6.76213593675817,-0.399616511725247,1.50257072755766,4.646199561698,7.70516429392322,-0.643588269652988,-0.00360902743866141
18.2333333333333,114.206018615923,113,-2.57229360614708,5.8418549494173,-0.453061339024886,1.44912590025802,4.63240931965649,6.83898963362029,-0.653484227701122,-0.00516557896105888
18.25,113.970178242704,112,-3.57229360614708,4.95078740796124,-0.510267442025164,1.39191979725774,4.61770538020198,5.9449061928419,-0.664247261878319,-0.00684956241008906
18.2666666666667,113.736334107416,112,-3.57229360614708,3.98993621088425,-0.564315910432416,1.33787132885049,4.60209099077934,5.04411390514265,-0.672895964701732,-0.00851145402923519
18.2833333333333,113.504506253546,112,-3.57229360614708,3.05923632590227,-0.622979842820283,1.27920739646262,4.58555228649695,4.11410285952093,-0.682810792790234,-0.0103179531114065
18.3,113.274716924546,112,-3.57229360614708,2.15606915573042,-0.679010907443961,1.22317633183894,4.56808142119263,3.17662846797559,-0.690854084038744,-0.0121131546444051
18.3166666666667,113.046990661569,111,-4.57229360614708,1.27789738459335,-0.728556874189709,1.17363036509319,4.54976149510266,2.24651105339328,-0.695463170515481,-0.0138087229327144
18.3333333333333,112.821354401097,111,-4.57229360614708,0.326295974044391,-0.770078439454038,1.13210879982887,4.53071934049892,1.33311914457852,-0.696125069052822,-0.0153635256247967
18.35,112.597837607886,111,-4.57229360614708,-0.597748430844936,-0.81486325411733,1.08732398516557,4.51099122431478,0.404974747121656,-0.697793943312545,-0.0170170809258048
18.3666666666667,112.37647233262,111,-4.57229360614708,-1.49568883799915,-0.857737175497177,1.04445006378573,4.49057343463367,-0.522500809564672,-0.698228228317887,-0.0186581392056774
18.3833333333333,112.157293151032,110,-5.57229360614708,-2.36899493869109,-0.895888471700416,1.00629876758249,4.46952770433993,-1.43863458282068,-0.696284431391036,-0.0202223239894263
18.4,111.940337089147,110,-5.57229360614708,-3.31522468149571,-0.928131659216005,0.974055580066898,4.44794820997652,-2.33652913575856,-0.691558994432558,-0.0216783486093917
18.4166666666667,111.725643569226,110,-5.57229360614708,-4.23275564734132,-0.965693658434568,0.936493580848336,4.42583634218619,-3.2489392017852,-0.688934266995024,-0.023266759201906
18.4333333333333,111.513254366267,110,-5.57229360614708,-5.12262450329106,-1.00333328371888,0.902187239282904,4.40319889681225,-4.16096446862569,-0.686160200879008,-0.0248724779194287
18.45,111.303213539148,110,-5.57229360614708,-5.98596180684094,-1.04002733860463,0.902187239282904,4.3805128244229,-5.06268822542423,-0.683474151744244,-0.0264241736959095
18.4666666666667,111.095567298473,110,-5.57229360614708,-6.82259905957422,-1.07422188058508,0.902187239282904,4.35789160008994,-5.9482058321316,-0.680329955536621,-0.0278792189521343
18.4833333333333,110.890363867037,110,-5.57229360614708,-7.63133018129944,-1.10451409789992,0.902187239282904,4.33533905704564,-6.8130834652846,-0.676078879606004,-0.0292110669945104
18.5,110.687653284351,110,-5.57229360614708,-8.41121711987244,-1.12989571600307,0.902187239282904,4.31285888762048,-7.65359599382273,-0.670238733311855,-0.0304024655193561
18.5166666666667,110.487487162506,110,-5.57229360614708,-9.16156533521757,-1.14970317118661,0.902187239282904,4.29045464679741,-8.46669534202637,-0.662474595982388,-0.0314440821724708
18.5333333333333,110.289918424042,109,-6.57229360614708,-9.88190075158555,-1.16356746834574,0.902187239282904,4.26812975568785,-9.24996512479951,-0.652579006052356,-0.0323331687171546
18.55,110.095001040864,109,-6.57229360614708,-10.6683055970398,-1.1713659741729,0.902187239282904,4.24588750493129,-10.0015674531598,-0.640452604194357,-0.0330723115608894
18.5666666666667,109.902789784969,109,-6.57229360614708,-11.4182447062328,-1.1850686950874,0.902187239282904,4.22373105801989,-10.7571612042484,-0.63128653650319,-0.0339184475134856
18.5833333333333,109.713339996727,109,-6.57229360614708,-12.1319986205,-1.199679659771,0.902187239282904,4.20166345454975,-11.5036314587188,-0.622917647529404,-0.0347623429060808
18.6,109.52670737346,109,-6.57229360614708,-12.8099950315741,-1.21181626759306,0.902187239282904,4.1796876134002,-12.2312293288346,-0.613860091121975,-0.0355326258369957
18.6166666666667,109.342947779089,109,-6.57229360614708,-13.4527906944214,-1.21932945583519,0.902187239282904,4.15780633584273,-12.9328938813724,-0.603149525273965,-0.0361864616746551
18.6333333333333,109.162117074532,109,-6.57229360614708,-14.0610546716548,-1.22100047801977,0.902187239282904,4.13602230858097,-13.6036988995276,-0.590218195780818,-0.0367021649221058
18.65,108.984270967864,109,-6.57229360614708,-14.6355528471046,-1.21630012943482,0.902187239282904,4.114338106723,-14.2404025875803,-0.574795267824052,-0.0370733825602864
18.6666666666667,108.809464882903,109,-6.57229360614708,-15.1771336466753,-1.20519873829827,0.902187239282904,4.09275619668765,-14.841082039221,-0.556827744658327,-0.0373045487554658
18.6833333333333,108.637753844802,109,-6.57229360614708,-15.6867149054146,-1.18801730341319,0.902187239282904,4.07127893904586,-15.4048373918553,-0.536418127873782,-0.0374073645304146
18.7,108.469192381179,109,-6.57229360614708,-16.1652718207296,-1.16531187091389,0.902187239282904,4.04990859129864,-15.931553174923,-0.51377565128792,-0.0373981004944167
18.7166666666667,108.303834437481,109,-6.57229360614708,-16.6138259328782,-1.13778466185959,0.902187239282904,4.02864731059289,-16.4217065143432,-0.489178483086623,-0.0372955575410544
18.7333333333333,108.141733305363,109,-6.57229360614708,-17.0334350752187,-1.10621663763569,0.902187239282904,4.00749715637626,-16.8762136481864,-0.462944757405305,-0.0371195508408612
18.75,107.982941563098,108,-7.57229360614708,-17.4251842381878,-1.0714171620911,0.902187239282904,3.98646009299251,-17.2963076997905,-0.43541068305601,-0.0368898075539577
18.7666666666667,107.827511027198,108,-7.57229360614708,-17.8865347579537,-1.0341872221409,0.902187239282904,3.96553799221837,-17.6834418934717,-0.406914296908822,-0.036625189364505
18.7833333333333,107.675492714678,108,-7.57229360614708,-18.3161634013969,-1.0071846439266,0.902187239282904,3.94473263574332,-18.0761887708125,-0.382984428019143,-0.0365933234776818
18.8,107.526936815449,107,-8.57229360614708,-18.7154076802966,-0.986078227316619,0.916109011966285,3.92408387240522,-18.4639851522576,-0.361842304978116,-0.0366907933542542
18.8166666666667,107.381892675803,107,-8.57229360614708,-19.181481945964,-0.968847508129667,0.933339731153237,3.90381558869003,-18.8397104765731,-0.342953991443691,-0.0368471489478043
18.8333333333333,107.240408789123,106,-9.57229360614708,-19.612259595355,-0.964763254789349,0.937423984493555,3.8838413280708,-19.2354124957118,-0.330255363722463,-0.0372640711467497
18.85,107.102532764926,106,-9.57229360614708,-20.1050800655791,-0.96630523335553,0.935882005927374,3.86400993686368,-19.6346684548151,-0.320299989213523,-0.0377895788221159
18.8666666666667,106.968311245863,105,-10.5722936061471,-20.5591992112851,-0.979951490724414,0.922235748558489,3.84416936720731,-20.0619471351661,-0.315725673023382,-0.0385718389301885
18.8833333333333,106.837789858946,104,-11.5722936061471,-21.0734783183127,-0.996944918886471,0.905242320396433,3.82419714123002,-20.4958248406565,-0.312590364227377,-0.0394302381789892
18.9,106.711013257619,104,-11.5722936061471,-21.6447810846399,-1.02469865683911,0.902187239282904,3.80425157340211,-20.9582042509067,-0.314381777572412,-0.0405016456924742
18.9166666666667,106.588025270656,103,-12.5722936061471,-22.1733053406715,-1.06725116167732,0.902187239282904,3.78443239221884,-21.4642696481047,-0.323056818429288,-0.0418528042288737
18.9333333333333,106.468869070013,103,-12.5722936061471,-22.7575675790091,-1.11397243203946,0.902187239282904,3.76474192093849,-21.9864621629321,-0.334031275139577,-0.043249451553958
18.95,106.353587334222,103,-12.5722936061471,-23.2971474342322,-1.16969728262529,0.902187239282904,3.74518117836694,-22.5418372432039,-0.349421721730557,-0.0447911765737791
18.9666666666667,106.242222427519,103,-12.5722936061471,-23.7942508129809,-1.2247920341718,0.902187239282904,3.72575111672145,-23.1041040993035,-0.365041654745029,-0.046269571335182
18.9833333333333,106.134816613678,103,-12.5722936061471,-24.2510524679442,-1.27306689016819,0.902187239282904,3.70645262351749,-23.6544745269006,-0.378157178234059,-0.0475561789378175
19,106.031412326155,103,-12.5722936061471,-24.6696887069681,-1.31088184193101,0.902187239282904,3.68728652341209,-24.1799662523595,-0.387117596067393,-0.048580859830071
19.0166666666667,105.932052522605,103,-12.5722936061471,-25.0522510830293,-1.33645022949939,0.902187239282904,3.66825358000431,-24.6720502662252,-0.391066432561444,-0.0493150722676925
19.0333333333333,105.836781163982,103,-12.5722936061471,-25.4007809894833,-1.34930026197734,0.902187239282904,3.64935449759414,-25.1255768573213,-0.389716911184682,-0.0497590613099103
19.05,105.745643879943,104,-11.5722936061471,-25.7172650887588,-1.34986228524525,0.902187239282904,3.63058992290029,-25.5379268991331,-0.38317890630316,-0.0499321429023678
19.0666666666667,105.658688920835,104,-11.5722936061471,-25.9072740410159,-1.33915571967938,0.902187239282904,3.61196044673807,-25.9083447040217,-0.371826833405986,-0.0498654267665159
19.0833333333333,105.575968568886,105,-10.5722936061471,-26.0751128439115,-1.30666329783718,0.902187239282904,3.59346660565799,-26.2004414592494,-0.350999217465376,-0.0493462946024854
19.1,105.497541326351,106,-9.57229360614708,-26.1260088733554,-1.25917577291316,0.902187239282904,3.57510888354602,-26.428003399559,-0.323552389839129,-0.0485340242345332
19.1166666666667,105.423475517248,107,-8.57229360614708,-26.0675568808616,-1.19015969568566,0.902187239282904,3.5568877131863,-26.5655086123928,-0.286558617750847,-0.0473019800798084
19.1333333333333,105.353855734366,108,-7.57229360614708,-25.907063242733,-1.09714345012604,0.902187239282904,3.53880347778703,-26.5977508901939,-0.238836744430295,-0.0456136672437103
19.15,105.288795971833,109,-6.57229360614708,-25.6515414250381,-0.980582268425547,0.921604970857356,3.52088463944649,-26.517209934723,-0.180519950550652,-0.0434927116473009
19.1666666666667,105.228471745619,110,-5.57229360614708,-25.3070336637276,-0.849518551354454,1.05266868792845,3.50454056491874,-26.3237952653868,-0.117483743029668,-0.0409986474790305
19.1833333333333,105.173161761471,110,-5.57229360614708,-24.8748055557435,-0.738452287831242,1.9021872392829,3.49623692236304,-26.0284694206961,-0.0739841330328137,-0.0381965043396181
19.2,105.123202115986,111,-4.57229360614708,-24.4239090274363,-0.64415418935791,1.9021872392829,3.49536656039701,-25.6613124767179,-0.0473973804407024,-0.0350792061389436
19.2166666666667,105.078913733947,112,-3.57229360614708,-23.8328360209424,-0.536627666325645,1.9021872392829,3.4946272597946,-25.2394504020118,-0.0139722953346073,-0.0317832944577655
19.2333333333333,105.04056440526,113,-2.57229360614708,-23.1148569765027,-0.405425195119187,1.9021872392829,3.49401501010135,-24.7245482629045,0.0308836842691477,-0.0280965488237602
19.25,105.008354605928,114,-1.57229360614708,-22.2824234958635,-0.246410106152284,1.9021872392829,3.49352589628442,-24.0943153739861,0.0890553104344614,-0.0239472638233968
19.2666666666667,104.982416401448,114,-1.57229360614708,-21.3471961836587,-0.0597304065598882,1.9021872392829,3.49315609669533,-23.3382569857337,0.160568750014545,-0.019356606228868
19.2833333333333,104.962818814379,115,-0.572293606147085,-20.4164308121984,0.151701737386197,1.9021872392829,3.49290188107373,-22.4543682781245,0.244232659625785,-0.0144032871836731
19.3,104.949575911772,116,0.427706393852915,-19.3978541999382,0.371443457810214,1.9021872392829,3.49275960859127,-21.4835562443252,0.332915007178798,-0.00944796308597182
19.3166666666667,104.942655574392,116,0.427706393852915,-18.3011459757377,0.599355713990872,1.9021872392829,3.49272572593484,-20.4214724353261,0.4265207999231,-0.00449536518924597
19.3333333333333,104.9419879018,117,1.42770639385292,-17.2316751007318,0.803900640236522,2.70608787951943,3.49881101172348,-19.2734636598353,0.502577654040163,0.000415127348836936
19.35,104.947472803566,117,1.42770639385292,-16.0673999300495,0.977961541362003,2.58676031823631,3.50990674910854,-18.1054844218786,0.55974589670161,0.00503035638392594
19.3666666666667,104.958986147972,118,2.42770639385292,-14.8921710494694,1.14686222251785,2.7049907950454,3.52274719617334,-16.8933770583774,0.613726853110608,0.00955542316403075
19.3833333333333,104.976383794464,118,2.42770639385292,-13.6166045177785,1.30530693135825,2.81590209123368,3.5375884307163,-15.6533692976169,0.661820318399898,0.0139102706148731
19.4,104.999504991001,118,2.42770639385292,-12.3414097299195,1.4626100324451,2.92601426199447,3.55435971914556,-14.3623135803071,0.708164766162547,0.0182911323674921
19.4166666666667,105.028175398013,119,3.42770639385292,-11.0651369676383,1.61280052660482,3.03114760790628,3.57300271895227,-13.0412632995213,0.750244861433044,0.022566896299398
19.4333333333333,105.062209559005,119,3.42770639385292,-9.69034275490122,1.75288236645046,3.12920489579822,3.59340755896359,-11.7046137192087,0.7868850659978,0.0266683565308062
19.45,105.101412847476,119,3.42770639385292,-8.31892671157039,1.89337824351345,3.22755200974232,3.61551448850778,-10.3248532014756,0.822730725850411,0.0308183557169322
19.4666666666667,105.14558304159,119,3.42770639385292,-6.95043896389726,2.02880391777045,3.32234998172222,3.63928585029225,-8.92040317692162,0.85545109785231,0.0348972680309534
19.4833333333333,105.194511613559,119,3.42770639385292,-5.58457761994332,2.15619451165953,3.41152339744457,3.66463536313105,-7.50427390212973,0.88385522365625,0.0388376881497
19.5,105.247984807867,119,3.42770639385292,-4.22137921929265,2.27431239921351,3.49420591873236,3.69145272181752,-6.08530547035687,0.907523177503794,0.042608422679222
19.5166666666667,105.305784575031,119,3.42770639385292,-2.86128373805523,2.38302173382738,3.57030245296207,3.71961995406522,-4.66929374674122,0.926518196285148,0.0462017184499092
19.5333333333333,105.367689314399,119,3.42770639385292,-1.5051218796882,2.48282191744789,3.64016258149643,3.74902143885059,-3.25993425935875,0.941174318182303,0.0496236430122253
19.55,105.43347446907,118,2.42770639385292,-0.154059670276272,2.57451916427163,3.70435065427305,3.77954931844461,-1.85956518468034,0.951948657840666,0.0528872422281025
19.5666666666667,105.502913045262,118,2.42770639385292,1.09411796614415,2.6590100576072,3.76349427960795,3.81110575947333,-0.469719666352506,0.959325472723254,0.056007974938024
19.5833333333333,105.57577604031,118,2.42770639385292,2.3402374298767,2.72561747837396,3.81011947414468,3.84353027034742,0.871592838200957,0.958819831269953,0.0587506810146264
19.6,105.651832845679,117,1.42770639385292,3.58207402125836,2.78078371211237,3.84873583776156,3.87664536078904,2.1760301387583,0.953395879435778,0.0612469209008624
19.6166666666667,105.730851639931,116,0.427706393852915,4.72059648875109,2.82896032997662,3.88245947026654,3.91033668541101,3.45224286045171,0.945088586975418,0.0635881151661356
19.6333333333333,105.812599755122,116,0.427706393852915,5.75908938987953,2.86148412462935,3.90522612652345,3.94445933977953,4.66923618833432,0.93026340111863,0.0655832442683808
19.65,105.896844010652,115,-0.572293606147085,6.79677835114595,2.8742015164946,3.91412830082912,3.97879541475003,5.80631114434571,0.90731203252941,0.0671353196927867
19.6666666666667,105.983351047585,115,-0.572293606147085,7.73339679087709,2.87749423550564,3.91643320413685,4.01317040194364,6.88743486405089,0.880893855407804,0.0684609959171208
19.6833333333333,106.071887727296,114,-1.57229360614708,8.66721269027657,2.86635574926984,3.90863626377179,4.0474346002838,7.89263492080234,0.84895691653454,0.0694478846525894
19.7,106.162221575952,113,-2.57229360614708,9.49739745611375,2.85016200043178,3.89730063958515,4.08147078938348,8.84561448833878,0.815662778205132,0.0702934792503155
19.7166666666667,106.254121235677,113,-2.57229360614708,10.2256098423263,2.82291991350427,3.87823117873589,4.11517491506302,9.72563528721583,0.778482672484723,0.0708661431903188
19.7333333333333,106.347356899871,112,-3.57229360614708,10.9497948599752,2.78159986013031,3.84930714137412,4.14839163718451,10.5185659945157,0.736222957505557,0.0710958893677332
19.75,106.441700722262,112,-3.57229360614708,11.5688113293084,2.73672110935111,3.81789201582868,4.18101610075299,11.2522589702752,0.693524172337041,0.0712054212867783
19.7666666666667,106.536927228903,111,-4.57229360614708,12.180449402512,2.68284623911744,3.78017960666511,4.21296638339943,11.9087896085287,0.648072320629085,0.0710760654541633
19.7833333333333,106.63281379252,111,-4.57229360614708,12.6837514986551,2.62864646448751,3.74223976442416,4.24418633845656,12.5127376014192,0.603656219618659,0.070892833033391
19.8,106.729134487685,110,-5.57229360614708,13.1768888204144,2.56734453252813,3.6993284120526,4.27462427767477,13.0435657710843,0.557349813166464,0.0705095085716589
19.8166666666667,106.825608125574,110,-5.57229360614708,13.5593815701308,2.50669812714259,3.65687592828272,4.3042412566976,13.5239108430789,0.51252826033977,0.0700921795924878
19.8333333333333,106.921858462241,109,-6.57229360614708,13.9299079087966,2.43935219316755,3.60973377450019,4.332994186586,13.931897440809,0.466006339870946,0.0694825639491835
19.85,107.017446016269,109,-6.57229360614708,14.188482313906,2.37273629761103,3.56310264761063,4.36084751522815,14.2893287801144,0.421013696824096,0.0688398315619612
19.8666666666667,107.111913311669,108,-7.57229360614708,14.4342415035333,2.29934240056325,3.51172691967718,4.38775879831808,14.5738910681464,0.374298377692713,0.068002431453718
19.8833333333333,107.204818997951,108,-7.57229360614708,14.5676127505666,2.22656188931037,3.46078056180016,4.41369205539107,14.8072405898444,0.329074199624148,0.067128686059964
19.9,107.295758735699,108,-7.57229360614708,14.6880981171453,2.14691731460135,3.40502935950385,4.43860439768147,14.9671186140366,0.282103249126839,0.0660576722684756
19.9166666666667,107.384375617947,107,-8.57229360614708,14.7928034168118,2.06786623612315,3.34969360456911,4.46245998173211,15.0753662246639,0.2366282605049,0.064949126764334
19.9333333333333,107.470363425785,107,-8.57229360614708,14.7827171250889,1.99354373212989,3.29766785177383,4.48528985326067,15.1468782834266,0.194384657331752,0.0638940797961094
19.95,107.553465424686,107,-8.57229360614708,14.7581321065304,1.9323548215536,2.77174690898202,4.50341760625097,15.1568783677083,0.164328277885711,0.0626843903256767
19.9666666666667,107.633470668426,107,-8.57229360614708,14.7006428191201,1.88995218214208,2.75266572124684,4.51662382648164,15.1397761765659,0.149042476054003,0.0614135802522845
19.9833333333333,107.710209459169,106,-9.57229360614708,14.5952462411939,1.84325225958468,2.73165075609601,4.52936558242559,15.0949387718489,0.131960629265392,0.0600593920722697
20,107.783549058421,106,-9.57229360614708,14.3499158589727,1.78994661570738,2.70766321635122,4.54160188732261,15.0132162675428,0.112112267347473,0.0585719498132825
20.0166666666667,107.853449710601,106,-9.57229360614708,14.0709941520296,1.71776314326212,2.67518065375086,4.55323410503769,14.8529319602075,0.0842389477513759,0.0566875353334451
20.0333333333333,107.920393949638,106,-9.57229360614708,13.7615396754295,1.63269094382465,2.636898164004,4.56414514747629,14.6249578051079,0.0510270653199365,0.0545341142562652
20.05,107.984914289813,106,-9.57229360614708,13.4239328120655,1.53959573347934,2.59500531934861,4.5742587059166,14.3393026844527,0.014645728737717,0.0522156149684403
20.0666666666667,108.047688914136,106,-9.57229360614708,13.0601072115383,1.44227615810702,2.55121151043106,4.58353101921875,14.0047726459443,-0.0232227606642317,0.0498131296118935
20.0833333333333,108.109934278897,105,-10.5722936061471,12.6717240762769,1.34358736967335,2.50680155563591,4.59194333133587,13.6288745204607,-0.0613237476849883,0.0473875573708452
20.1,108.17314917198,105,-10.5722936061471,12.1639399954639,1.24559348217134,2.46270430626,4.59949539137109,13.2178701354146,-0.0987592946682747,0.0449828675682561
20.1166666666667,108.239029633305,105,-10.5722936061471,11.6406457210338,1.13806446602962,2.41431624899623,4.60615289423162,12.7399912047461,-0.139948044113306,0.0423792478739997
20.1333333333333,108.30946269031,105,-10.5722936061471,11.1028856662735,1.02747935660885,2.36455294975689,4.61187223723629,12.2119477817391,-0.182044056430237,0.0397153039261389
20.15,108.386586476581,105,-10.5722936061471,10.5514654685993,0.918232270979961,2.31539176122389,4.61665041597113,11.6467041047267,-0.223135788446316,0.0370849917728506
20.1666666666667,108.472977304533,105,-10.5722936061471,9.98714366205434,0.816617255076439,2.1777955628712,4.61980200899064,11.0545822463513,-0.259475519464072,0.034547840154031
20.1833333333333,108.572073725125,106,-9.57229360614708,9.40760309265313,0.723787742066391,2.14646560223031,4.62140785898842,10.4459140005866,-0.290677513522643,0.032131361511822
20.2,108.688942394297,106,-9.57229360614708,8.90784873791842,0.635332560439202,2.11661197843113,4.62239771303244,9.82326740589273,-0.319978222925525,0.0298345138847987
20.2166666666667,108.831238616403,106,-9.57229360614708,8.38804594606231,0.56260039480343,2.09206487252906,4.62283382183456,9.22411582937167,-0.34246466481914,0.0278980737093053
20.2333333333333,109.009592479257,106,-9.57229360614708,7.85103751445877,0.500014106542968,2.07094200024116,4.62279132495883,8.63722719119585,-0.360583242372522,0.0261994082652901
20.25,109.236425403599,106,-9.57229360614708,7.29974459507114,0.443816601679118,2.05197534234961,4.62231936991628,8.05480704762812,-0.375978829097017,0.0246558642139775
20.2666666666667,109.523530986274,106,-9.57229360614708,6.73703459120405,0.39162670764785,2.03436125311405,4.62145004312032,7.47185225256629,-0.389691500870474,0.0232149201219293
20.2833333333333,109.880171084424,107,-8.57229360614708,6.16564108341318,0.342066211179521,2.01763458555599,4.62020501021442,6.88554428354399,-0.402321403735086,0.0218459503995313
20.3,110.312666179347,107,-8.57229360614708,5.6844784237741,0.29445820577067,2.0015668837305,4.61860026672524,6.29471248781318,-0.41416185062372,0.0205335880046288
20.3166666666667,110.824985084186,108,-7.57229360614708,5.19347089339331,0.260308309814477,1.99004129384529,4.61668491256835,5.73631601058892,-0.420229605570498,0.0195227456210238
20.3333333333333,111.419546738455,108,-7.57229360614708,4.79149891030074,0.234227252453958,1.98123893698611,4.61452185532964,5.19876979164565,-0.422887540875529,0.0186955353759901
20.35,112.097572417373,109,-6.57229360614708,4.37866065813148,0.224363998056079,1.97791008862683,4.61218453704885,4.71094200810196,-0.418623137741758,0.0182242098456928
20.3666666666667,112.858476138005,109,-6.57229360614708,4.05410040989256,0.223044487565813,1.97746475383637,4.60974444068637,4.25514837740311,-0.410797326956786,0.0179417465105989
20.3833333333333,113.700465863139,110,-5.57229360614708,3.71819305828083,0.236952085812504,1.98215856824462,4.60727312778148,3.85579889688873,-0.396535024657273,0.0179891785843432
20.4,114.620891047301,111,-4.57229360614708,3.47032579193528,0.257552560630227,1.98911122849561,4.60483371296235,3.49205639801448,-0.37956854810581,0.0181814541443432
20.4166666666667,115.616380406915,111,-4.57229360614708,3.30741535392615,0.291099812754697,2.00043342608761,4.60248579492138,3.18618283355783,-0.357205314661269,0.0186509185951471
20.4333333333333,116.682955639118,112,-3.57229360614708,3.13016917367674,0.340639678594198,2.01715313080845,4.60031448997199,2.9528772284273,-0.328158622229789,0.019460331672635
20.45,117.816131558716,113,-2.57229360614708,3.03834592318855,0.395294331436949,2.03559907614287,4.59837978238108,2.76417107963933,-0.297179495500559,0.0203746729455275
20.4666666666667,119.010998070993,113,-2.57229360614708,3.02919672007136,0.459933655460276,2.05741484800075,4.59672775670377,2.63725649752845,-0.262172352536017,0.0214972295289181
20.4833333333333,120.262281147646,114,-1.57229360614708,3.00368502873848,0.534709182981122,2.14280637162441,4.59586935482025,2.58304460934492,-0.223746939393946,0.0228766910917539
20.5,121.564392246355,115,-0.572293606147085,3.06379763698379,0.607923469591689,2.17575280059916,4.5959969755623,2.56915719229001,-0.187206783228335,0.024278546616289
20.5166666666667,122.911470165456,116,0.427706393852915,3.20889850274672,0.687516645943183,2.21156972995734,4.59665177351153,2.61255840116188,-0.148401872236712,0.0258215983552886
20.5333333333333,124.29741901544,117,1.42770639385292,3.43628884087492,0.77668694671737,2.25169636530572,4.59789623078861,2.72565756139975,-0.105980430715831,0.0275746106218097
20.55,125.715946448984,117,1.42770639385292,3.74340842001778,0.876714111296325,2.29670858936625,4.59980897300645,2.9161466973507,-0.0594351993169669,0.0295652315503777
20.5666666666667,127.16061406329,118,2.42770639385292,4.03154544645496,0.987603009848145,2.34660859371457,4.60247289327292,3.18819142313526,-0.00881543464270133,0.0317937805779892
20.5833333333333,128.624897704445,119,3.42770639385292,4.40099919628605,1.09691275829767,2.39579798051686,4.60592028149773,3.50649691380638,0.0404590757749789,0.0339935160749908
20.6,130.102233078034,120,4.42770639385292,4.84942037667172,1.2089702626798,2.44622385748881,4.6101572860898,3.88342781234493,0.0902706527494881,0.0362573431878177
20.6166666666667,131.586089660746,121,5.42770639385292,5.37434573766984,1.32619691839883,2.49897585256238,4.61521474253102,4.32720345118596,0.141656419063879,0.0386373336384653
20.6333333333333,133.070057723264,121,5.42770639385292,5.97332783082171,1.44965241291001,2.55453082509241,4.62113600370596,4.84277223243282,0.1950531990289,0.0411563733048817
20.65,134.547942803168,122,6.42770639385292,6.54764213531331,1.57947225575124,2.61294975437096,4.62796843824345,5.43259494159765,0.250493610519681,0.0438175344487311
20.6666666666667,136.013861690448,123,7.42770639385292,7.19746200875836,1.7035458643893,2.66878287825809,4.63571060251893,6.0603853625386,0.302725015287545,0.0463611075402266
20.6833333333333,137.462332778794,124,8.42770639385292,7.92021917096785,1.82662438041942,2.72416821047164,4.64433778867854,6.73798105121021,0.353835483869852,0.0488890436712407
20.7,138.888353752194,125,9.42770639385292,8.71316128849351,1.95157731774262,2.78039703226708,4.65385328561596,7.4733555799954,0.405075776947702,0.0514629732229082
20.7166666666667,140.287460977923,126,10.4277063938529,9.5735043905674,2.07989327548597,2.83813921325159,4.66427622149034,8.27136450000125,0.457085541007236,0.0541149299503179
20.7333333333333,141.655767227769,127,11.4277063938529,10.4985179602537,2.21209390467616,2.89762949638718,4.6756328273073,9.13444329374882,0.510079351284635,0.0568562181011455
20.75,142.989976931966,128,12.4277063938529,11.4855638761728,2.34806142632291,2.95881488112821,4.68795047080459,10.0632180612381,0.563993208457594,0.0596844284736681
20.7666666666667,144.287380602949,129,13.4277063938529,12.5321056016992,2.48728727816967,3.02146651445925,4.70125384085203,11.0570133225711,0.618595231898716,0.0625887653882609
20.7833333333333,145.545831654298,130,14.4277063938529,13.6356998020499,2.62905309898866,3.0852611338278,4.71556273385148,12.1142565580536,0.673565816011,0.0655539244460837
20.8,146.763709680203,131,15.4277063938529,14.7939790450122,2.7725564345978,3.14983763485191,4.73089098249461,13.2327880979574,0.728552961015525,0.0685627862072363
20.8166666666667,147.93987441605,133,17.4277063938529,16.0046314253005,2.91699317996257,3.21483417026606,4.74724615884258,14.4100895219162,0.783208261885102,0.0715981830600012
20.8333333333333,149.073614285445,134,18.4277063938529,17.3617382603558,3.06160752502769,3.27991062554536,4.76462976905816,15.6434452732133,0.83720843547553,0.0746439698902138
20.85,150.16459294896,135,19.4277063938529,18.7606035788775,3.21737803023776,3.3500073528899,4.78308495221533,16.9669746769103,0.895298146863472,0.0779357941660609
20.8666666666667,151.212796417342,136,20.4277063938529,20.1993753517556,3.37817030165274,3.42236387502664,4.80266813157536,18.3653677535755,0.954779126367344,0.0813422349263583
20.8833333333333,152.218482522802,137,21.4277063938529,21.6764592053267,3.53965758949353,3.49503315455499,4.82339658285632,19.82633139565,1.01376595158919,0.0847705823369733
20.9,153.182134042344,138,22.4277063938529,23.1903349903116,3.69893321227808,3.56670718480804,4.84526050076839,21.3401768414736,1.07100900391749,0.0881585384277521
20.9166666666667,154.104416137231,139,23.4277063938529,24.7394432974672,3.85416235435434,3.63656029874236,4.86823230848522,22.8993544864507,1.12573653458815,0.091466759859786
20.9333333333333,154.98613833735,140,24.4277063938529,26.3221233904234,4.0042868320577,3.70411631370887,4.89227355955477,24.4979981786606,1.17752148373812,0.0946725344048887
20.95,155.828221123928,141,25.4277063938529,27.9365872294573,4.14878628170159,3.76914106604862,4.91733984389112,26.1315147062161,1.22617424906033,0.0977646654592251
20.9666666666667,156.631666910807,142,26.4277063938529,29.5809174561927,4.28749296296105,3.83155907261538,4.94338411073536,27.7962355757743,1.27165988330456,0.100739504731544
20.9833333333333,157.397535203066,143,27.4277063938529,31.2530801275441,4.42045393088732,3.8913915081822,4.97035878680633,29.4891357737424,1.31403673232645,0.103597999474142
21,158.12692154044,144,28.4277063938529,32.9509454921844,4.54783284212327,3.94871201823837,4.99821701504888,31.2076165029313,1.35341291853086,0.10634358869639
21.0166666666667,158.820939772825,145,29.4277063938529,34.6723121501694,4.66984344892987,4.00361679130134,5.02691328042854,32.9493446174873,1.38991702581604,0.108980778214085
21.0333333333333,159.480707369265,145,29.4277063938529,36.4149315392709,4.78670739100877,4.05620556523685,5.05640363170368,34.712139591262,1.42367962575664,0.111514236272458
21.05,160.107333407812,146,30.4277063938529,38.0801734305274,4.89862985562517,4.10657067431423,5.08664565636342,36.4938985298053,1.45482273954292,0.113948272032728
21.0666666666667,160.701908875614,147,31.4277063938529,39.7681998233391,4.99412827854504,4.14954496462817,5.11755110129837,38.2556275217364,1.47842319268454,0.11603638265946
21.0833333333333,161.265498949215,148,32.4277063938529,41.4763478829998,5.07888677186704,4.18768628662307,5.14901462181863,40.007751109557,1.49702629112503,0.117900267119756
21.1,161.79913696418,148,32.4277063938529,43.2017214162991,5.15683746300531,4.22276409763529,5.18096664665808,41.7576978564596,1.5123905678669,0.119624088755779
21.1166666666667,162.303819821031,149,33.4277063938529,44.8450230510574,5.27984350740114,2.95815594076313,5.20336818717485,43.5173738245691,1.56158699567384,0.121260081372482
21.1333333333333,162.780504698484,149,33.4277063938529,46.4606670639398,5.44227556942701,2.99064235316831,5.2144621661159,45.2982049139295,1.64424539407249,0.122489887828019
21.15,163.230108058989,150,34.4277063938529,47.9096074896624,5.5794131182355,3.01806986293,5.22592915803416,47.0813801586949,1.71503934807255,0.12317528070841
21.1666666666667,163.653507635466,150,34.4277063938529,49.3012795529574,5.67084374388166,3.03635598805924,5.23764886796456,48.7924952666016,1.76508150351156,0.122894106130609
21.1833333333333,164.051544411234,151,35.4277063938529,50.5451626188473,5.71884911323937,3.04595706193078,5.2494732205023,50.4204738980795,1.79534358890795,0.121714062921399
21.2,164.425023783341,151,35.4277063938529,51.7485318327591,5.71599812397771,3.04538686407845,5.26124430541171,51.9245669958718,1.80258355944172,0.11949520469788
21.2166666666667,164.774716307396,152,36.4277063938529,52.8186976234945,5.67306102893674,3.03679944507025,5.27281194006674,53.3181805092274,1.79147565430533,0.116486474085234
21.2333333333333,165.101358357692,152,36.4277063938529,53.8609178589589,5.58775721765261,3.01973868281343,5.28403863653421,54.5778176110782,1.76103451116262,0.11265474417399
21.25,165.405652849506,153,37.4277063938529,54.7807253595683,5.47359821204911,2.99690688169273,5.29480764167619,55.7285680431728,1.71714558644431,0.108302561647685
21.2666666666667,165.688270104596,153,37.4277063938529,55.6818774592497,5.32936539167588,2.96806031761808,5.30502113285937,56.7544324835231,1.659304327114,0.103413745399574
21.2833333333333,165.949848909853,153,37.4277063938529,56.4686871413118,5.16851320989055,2.93588988126101,5.31460362570864,57.6849332538492,1.59338873982196,0.0982837499656714
21.3,166.190997698586,154,38.4277063938529,57.1475975764381,4.98906626527655,2.90000049233821,5.32349716108724,58.5063272856189,1.51858010342031,0.0928746401030273
21.3166666666667,166.412295853381,154,38.4277063938529,57.8209946135858,4.79154024361188,2.86049528800528,5.33164176950168,59.2119528603868,1.43514288284645,0.0872020453279225
21.3333333333333,166.614295071219,154,38.4277063938529,58.3920587278863,4.58979030464357,2.82014530021162,5.33900327723206,59.8371818504487,1.34914323995529,0.0815643430719805
21.35,166.797520842774,154,38.4277063938529,58.8663339434076,4.38137571420368,2.77846238212364,5.3455648529232,60.3715926324393,1.25957199634687,0.0759081304046639
21.3666666666667,166.962474028743,155,39.4277063938529,59.2491614523523,4.16582671757428,2.73535258279776,5.35130517986665,60.8100700784252,1.16627443542995,0.0702228828968671
21.3833333333333,167.109632434259,155,39.4277063938529,59.6420127395476,3.94395383830417,2.69097800694374,5.35620381954049,61.1513832974934,1.0696516315416,0.064525443417539
21.4,167.23945230575,155,39.4277063938529,59.947338105617,3.72912092239519,2.64801142376194,5.36026571289175,61.4340097689041,0.975562665167613,0.0590987381592733
21.4166666666667,167.352369836148,155,39.4277063938529,60.1701177829863,3.51792415848331,2.60577207097957,5.3635106470493,61.6489930584968,0.882583818897778,0.0538642489357275
21.4333333333333,167.448802688268,155,39.4277063938529,60.3152701428937,3.30868493793311,2.56392422686953,5.3659502431488,61.7915683317027,0.790036502382676,0.048781655866746
21.45,167.529151500652,155,39.4277063938529,60.387599036256,3.10091590792433,2.52237042086777,5.36759276942799,61.8601336623311,0.697756816398094,0.0438367409319991
21.4666666666667,167.593801351979,156,40.4277063938529,60.3917676468954,2.89491026016712,2.48116929131633,5.36844638818835,61.8554092036834,0.605918056555235,0.039032151427155
21.4833333333333,167.643123166851,156,40.4277063938529,60.4286470170873,2.6914337353629,2.44047398635548,5.3685212116476,61.7797652087838,0.514897411702662,0.0343805295203457
21.5,167.677475008392,156,40.4277063938529,60.4001640585875,2.503287675131,2.4028447743091,5.36785161097515,61.673648402775,0.43030369136079,0.0301497272627033
21.5166666666667,167.697203214552,156,40.4277063938529,60.31084264137,2.32620211770341,2.36742766282359,5.36648432639709,61.5289123021634,0.350329337316678,0.0262400355128427
21.5333333333333,167.702643488052,156,40.4277063938529,60.1651968379706,2.15748200803791,2.33368364089048,5.36445470736185,61.3408052959058,0.273844978786456,0.0225871990052129
21.55,167.694121965498,156,40.4277063938529,59.9676615245958,1.99557915612613,2.30130307050813,5.36179120753549,61.1072136026365,0.200215139017777,0.0191526179423531
21.5666666666667,167.671956198499,157,41.4277063938529,59.7225497909752,1.83975123321582,2.27013748592607,5.35851860454341,60.8280187804707,0.129151227229353,0.0159155955545697
21.5833333333333,167.636455996228,157,41.4277063938529,59.530386585422,1.68979656031637,2.24014655134618,5.35466021485514,60.5045663410819,0.0605970624181484,0.0128673510600448
21.6,167.587924233523,157,41.4277063938529,59.2927440916303,1.55764048394002,2.21371533607091,5.35026047123951,60.1761882835108,-0.000233020083734534,0.0102566878460411
21.6166666666667,167.526657605152,157,41.4277063938529,59.0137727057906,1.43823820214927,2.18983487971276,5.34537335591831,59.8335962146995,-0.055497692204833,0.00796737846038188
21.6333333333333,167.452947263855,157,41.4277063938529,58.6975866965963,1.32822161578575,2.16783156244005,5.34003898084477,59.4709078525178,-0.106633580785262,0.00592114016264038
21.65,167.367079396652,157,41.4277063938529,58.3481895837396,1.22546621161943,2.14728048160679,5.33428841536682,59.0849111388424,-0.154541571393283,0.00406767687764332
21.6666666666667,167.269335721855,157,41.4277063938529,57.9694284250284,1.12874172394175,2.12793558407125,5.32814721634259,58.674431141826,-0.199737269082213,0.00237670149541108
21.6833333333333,167.159993947386,157,41.4277063938529,57.5649686672728,1.0374370611319,2.10967465150928,5.32163792319326,58.2398004524688,-0.242469616837731,0.000831695978909089
21.7,167.039328122,158,42.4277063938529,57.1382831183867,0.954972617118864,2.04543313185073,5.31404079793305,57.7834899350697,-0.280167005069869,-0.00057594562088067
21.7166666666667,166.907608924804,158,42.4277063938529,56.7873712722092,0.87749575370946,2.03381160233932,5.30611816312736,57.3083840951844,-0.315581666034555,-0.00185387252900802
21.7333333333333,166.765104013992,157,41.4277063938529,56.4115995284639,0.816229978107822,2.02462173599908,5.29797954277381,56.8523863389876,-0.343919881435338,-0.00275942804797941
21.75,166.612078386001,157,41.4277063938529,55.9184341606861,0.765736828103356,2.01704776349841,5.28966185333293,56.4043802811854,-0.367509360022148,-0.0034167953593775
21.7666666666667,166.448794664147,157,41.4277063938529,55.4139656078587,0.710610896966951,2.00877887382795,5.28117489502098,55.9201311930985,-0.393031278899939,-0.00415823987564411
21.7833333333333,166.27551335746,157,41.4277063938529,54.9013485476626,0.653949130743528,2.00027960889443,5.27251457109839,55.4076435442109,-0.41914042460098,-0.00491628124255121
21.8,166.092493020476,157,41.4277063938529,54.3834028475297,0.598240127655765,1.99192325843127,5.26368368275553,54.8741527723066,-0.444750172748049,-0.00563793554667034
21.8166666666667,165.899990313049,157,41.4277063938529,53.862665161344,0.545418123251446,1.98399995777062,5.25469047530803,54.3260814834884,-0.469010752290087,-0.00628322107145373
21.8333333333333,165.698259999681,157,41.4277063938529,53.3414302596263,0.496928945060547,1.97672658104199,5.24554733451456,53.7690500293702,-0.491282049636867,-0.00682344733675518
21.85,165.487554913506,157,41.4277063938529,52.8217836302013,0.453799885846161,1.97025722215983,5.2362696526625,53.2079210739106,-0.511104453283553,-0.00723946296201073
21.8666666666667,165.26812590242,156,40.4277063938529,52.3056268447788,0.416708168276599,1.96469346452439,5.22687486744896,52.6468633321513,-0.528170069926436,-0.00751997601375248
21.8833333333333,165.040221811268,156,40.4277063938529,51.6983396075306,0.38604470161654,1.96009394452538,5.21738166597295,52.0894240305952,-0.542295769884057,-0.00766001484496735
21.9,164.80408954238,156,40.4277063938529,51.1039480894809,0.350157913873643,1.95471092636395,5.20779346590576,51.5016452677529,-0.558542778359654,-0.00790973522741734
21.9166666666667,164.559974086297,156,40.4277063938529,50.5236225598665,0.315261966012039,2.00858815281197,5.19792672219196,50.8985115308284,-0.573954177494962,-0.00815388247639037
21.9333333333333,164.308118494936,155,39.4277063938529,49.9603721735547,0.278751047339534,1.99626571776,5.18905078518489,50.2903046461558,-0.591486792749474,-0.00831561769939503
21.95,164.048763776898,155,39.4277063938529,49.3201845171932,0.249349920710481,1.98634283752269,5.17998699776264,49.6855776319805,-0.605587278500587,-0.00833632324789119
21.9666666666667,163.782148693997,155,39.4277063938529,48.70528611245,0.217105566704567,1.97546036804569,5.17074786222107,49.0562441429589,-0.620590801888625,-0.00842961004633903
21.9833333333333,163.508509579457,155,39.4277063938529,48.1152258016209,0.188110020884427,1.9656743713314,5.16133822332458,48.4207028005511,-0.63385904365498,-0.00846465210071832
22,163.228080213123,154,38.4277063938529,47.5494844713895,0.166042134581515,1.95822645970416,5.15179001990159,47.7922365574429,-0.643814292812138,-0.00836326866760602
22.0166666666667,162.941091778453,154,38.4277063938529,46.9112418629856,0.152829002958877,1.95376702778152,5.1421506381153,47.1800990970237,-0.64964704912006,-0.00808532928755418
22.0333333333333,162.647772924788,154,38.4277063938529,46.3025917610933,0.137460570504221,1.94858018182808,5.13243907918232,46.5535305507469,-0.656154988385686,-0.0078672567215819
22.05,162.34834981655,154,38.4277063938529,45.7229720238102,0.125301886373178,1.94447662593385,5.12266168887316,45.9288600459242,-0.661016676328093,-0.00759379064919337
22.0666666666667,162.043046136964,154,38.4277063938529,45.1717516065285,0.119557579714713,1.94253792243662,5.11284854132102,45.317798390302,-0.662859933988763,-0.00719678612724916
22.0833333333333,161.732083065572,153,37.4277063938529,44.6483414311843,0.121867714274643,1.9433175928506,5.10304302387574,44.7284225536345,-0.660998457483553,-0.00664206874323956
22.1,161.415679241976,153,37.4277063938529,44.0558919357061,0.132785772034214,1.94700243734445,5.09329443050936,44.1660360417097,-0.655220909395333,-0.00591892784009719
22.1166666666667,161.094050723407,153,37.4277063938529,43.4964640492942,0.140432425307693,1.94958318282425,5.08361740349364,43.5969534521222,-0.650701154776471,-0.00528218618660338
22.1333333333333,160.767410940941,153,37.4277063938529,42.9694335205253,0.14967281736721,1.95270181514434,5.07401010745611,43.0353864804908,-0.645331668182544,-0.00462694493794529
22.15,160.435970657505,153,37.4277063938529,42.4740654027538,0.163471902512245,1.95735900638079,5.06449237381497,42.4915454461898,-0.63784008027738,-0.00388978404170903
22.1666666666667,160.099937929738,153,37.4277063938529,42.0096213217616,0.183405022125747,1.96408643425034,5.05509650193986,41.9724625299862,-0.627563384425077,-0.00303748791617424
22.1833333333333,159.759518075138,153,37.4277063938529,41.5754165966191,0.210071453911421,1.97308635497801,5.04586064997724,41.4827212578157,-0.614265380695529,-0.00205794712280744
22.2,159.414913645406,152,36.4277063938529,41.1708432007426,0.243418102315933,1.98434084881453,5.03682429025445,41.0250743314673,-0.597994031867136,-0.000953062090449807
22.2166666666667,159.066324404838,152,36.4277063938529,40.6990133271452,0.282984491949487,1.99769450531586,5.02802525622602,40.6009475638572,-0.578973688713506,0.000266608359948737
22.2333333333333,158.713947271361,152,36.4277063938529,40.261900968259,0.316364866046339,2.00896038157354,5.01946244743382,40.1739013954194,-0.562600014419607,0.00133555215747994
22.25,158.357976185614,152,36.4277063938529,39.8587339383155,0.348233247335714,2.01971596025871,5.01111630365653,39.7562386514104,-0.546840534321259,0.00235521516472903
22.2666666666667,157.998602016984,152,36.4277063938529,39.4885673204368,0.381581882443905,2.03097112460772,5.00298849618861,39.3568760361402,-0.530402658991939,0.0033902416853642
22.2833333333333,157.636012531926,152,36.4277063938529,39.1503965939221,0.418145067950461,2.04331119971618,4.99509370621948,38.98198393175,-0.512546026497376,0.00447785653285852
22.3,157.270392360286,152,36.4277063938529,38.8432243506263,0.458750681159115,2.0570155941741,4.98745357703956,38.6355744965123,-0.492927157478665,0.00563561614214847
22.3166666666667,156.90192291096,152,36.4277063938529,38.5660943930483,0.503601440687465,2.07215272551492,4.98009243909977,38.320014217544,-0.471475384192926,0.0068675878395648
22.3333333333333,156.530782336377,152,36.4277063938529,38.3181039988231,0.552492471266997,2.08865344833552,4.97303443168452,38.0364523374259,-0.448297044904566,0.00816911264643391
22.35,156.157145565513,152,36.4277063938529,38.0984025031199,0.604973982208552,2.10636595827829,4.96630168851165,37.7851664091496,-0.423603979638721,0.00953035304431506
22.3666666666667,155.781184338188,152,36.4277063938529,37.9061821435635,0.660468541549108,2.12509537205573,4.95991330612508,37.5658320526486,-0.397662090940743,0.0109388394695218
22.3833333333333,155.403067188429,152,36.4277063938529,37.7406653302365,0.718352109301939,2.14463107617231,4.95388486637771,37.3777269455059,-0.370755892529704,0.0123812204245008
22.4,155.022959432319,153,37.4277063938529,37.6010911127891,0.778007102755542,2.1647646364629,4.94822833326496,37.2198800941034,-0.343165375448206,0.0138444001270837
22.4166666666667,154.641023146701,153,37.4277063938529,37.5830600331576,0.838854600223513,2.18530066685834,4.94295218751058,37.0911771975546,-0.315152045856273,0.0153162209812387
22.4333333333333,154.257417218451,153,37.4277063938529,37.5833699480793,0.912088456784882,2.2100170934478,4.93809722651483,37.0273678186485,-0.281878023106077,0.0170360094107276
22.45,153.872297432924,153,37.4277063938529,37.601597242497,0.990583792627506,2.34794994596528,4.93395855927338,37.0148067644504,-0.246822530820772,0.0188755193755159
22.4666666666667,153.485816530812,153,37.4277063938529,37.6413608135191,1.06334109124638,2.38069073034377,4.93196709766323,37.0392166643457,-0.216801472424242,0.0207489863601183
22.4833333333333,153.098124193041,154,38.4277063938529,37.7060372343048,1.13634790156487,2.4135437949871,4.93056366494476,37.0934431921728,-0.186922057157876,0.0226202761497954
22.5,152.709366824542,154,38.4277063938529,37.8912357782953,1.20900600759242,2.44623994269949,4.9297468286672,37.1754903907618,-0.157444983759679,0.02447685852339
22.5166666666667,152.319687389816,155,39.4277063938529,38.0937308307806,1.29254542481514,2.48383268044972,4.92955842361779,37.3205566372554,-0.123523196007126,0.0265600073764795
22.5333333333333,151.929225422916,155,39.4277063938529,38.4094460167171,1.38112394324883,2.52369301374487,4.93005569385381,37.5146422118203,-0.0877361852724723,0.0287448012425433
22.55,151.538117087615,155,39.4277063938529,38.7357216657487,1.48237183726355,2.5692545660515,4.93130624303956,37.7838227136306,-0.046818038935482,0.0311953446163298
22.5666666666667,151.146495288128,156,40.4277063938529,39.0727733450512,1.58812449458975,2.61684326184829,4.93337108591629,38.1074341968013,-0.00435896920677062,0.033736911293637
22.5833333333333,150.754489875574,156,40.4277063938529,39.5173655648955,1.6929824814591,2.6640293559395,4.93626069488756,38.4699661037165,0.0372877920051427,0.0362540018507767
22.6,150.362227852083,157,41.4277063938529,39.9674238609031,1.80528883361435,2.71456721440936,4.94000031610867,38.8970639349083,0.0817283150547224,0.0389259332890759
22.6166666666667,149.969833549665,158,42.4277063938529,40.5198937539445,1.91769233750026,2.76514879115802,4.94461438253801,39.3682925985405,0.12575195703318,0.0415953532898769
22.6333333333333,149.577428806058,158,42.4277063938529,41.1693061284628,2.03725894265769,2.81895376347886,4.95013011155728,39.9056494019605,0.17240894080739,0.0444141797817176
22.65,149.185133150991,159,43.4277063938529,41.8140664129854,2.16752826073749,2.87757495661477,4.9566135535024,40.5230259850832,0.223190591168935,0.0474587541790028
22.6666666666667,148.793064008533,159,43.4277063938529,42.5517739676627,2.29796629059104,2.93627207004887,4.96410026871588,41.1912439318615,0.273496542290007,0.0505034664987088
22.6833333333333,148.401336878633,160,44.4277063938529,43.281283261028,2.43368564854435,2.99734578112786,4.97260956174397,41.9260559082661,0.325534760445162,0.0536583173756205
22.7,148.010065466371,160,44.4277063938529,44.1004175187016,2.56550725470486,3.05666550390009,4.98214122647819,42.7001719634679,0.375318815493671,0.0567266892425491
22.7166666666667,147.619361862542,160,44.4277063938529,44.90809897427,2.6996567098415,3.11703275871158,4.99268804786756,43.5310823783744,0.425558824587512,0.0598423958138767
22.7333333333333,147.229336800333,160,44.4277063938529,45.7057602041825,2.82783268474472,3.17471194741803,5.00423075584423,44.3929932699559,0.472662948004847,0.0628275956999652
22.75,146.840099965687,161,45.4277063938529,46.4946700280215,2.9452678737716,3.22755778248013,5.01670163403149,45.267695150459,0.514608361478353,0.0655801566883873
22.7666666666667,146.451760344016,161,45.4277063938529,47.3720986364739,3.04968748915058,3.27454660940066,5.03000697797956,46.1428384242208,0.550472818064469,0.068051346790138
22.7833333333333,146.064426553935,160,44.4277063938529,48.2360885086456,3.15214360598089,3.32065186197431,5.0440898007788,47.0473472479338,0.585096860804387,0.0704783580609657
22.8,145.678207167031,160,44.4277063938529,48.9907311740133,3.24752999853399,3.3635757386232,5.05891093399462,47.9638328976706,0.616289222168845,0.072751780245701
22.8166666666667,145.293211141297,160,44.4277063938529,49.7387878458354,3.321385766435,3.39681083417865,5.07435474287334,48.843081348644,0.637848506048168,0.0745613781918987
22.8333333333333,144.909548284528,160,44.4277063938529,50.4799435785391,3.37805338337596,3.42231126180209,5.09027265877272,49.6891956493354,0.651763821407065,0.0760001890213894
22.85,144.527329696098,159,43.4277063938529,51.2133471432657,3.42120997517325,3.44173172811087,5.10654617163244,50.5061639473199,0.659713397603332,0.077147001156133
22.8666666666667,144.146668225918,158,42.4277063938529,51.8414411993267,3.45383667717562,3.45641374401193,5.12308171751183,51.297451363427,0.663055045330673,0.078065694214936
22.8833333333333,143.767678979775,158,42.4277063938529,52.3689059776077,3.46660126183477,3.46215780710855,5.1397584019369,52.0288897717165,0.657816507720349,0.0785559387113946
22.9,143.390479801895,157,41.4277063938529,52.8962896819484,3.45513776668747,3.45699923429227,5.15640515739569,52.6780473002704,0.642217452842408,0.0785238223486224
22.9166666666667,143.015191769734,157,41.4277063938529,53.3246739883154,3.43008124608507,3.44572380002118,5.17287888014938,53.2682049210415,0.620973396852693,0.0781972455857301
22.9333333333333,142.641939676015,157,41.4277063938529,53.7536376765063,3.38696785798981,3.42632277537832,5.18905568203373,53.7795586956826,0.592226900712615,0.0774802254567893
22.95,142.27085243571,157,41.4277063938529,54.1799467924693,3.36746030021915,3.41754437438152,5.19844008066751,54.2410854523047,0.58342658202755,0.0765876543846801
22.9666666666667,141.902063366957,157,41.4277063938529,54.6008202971237,3.34673556990308,2.57153435326352,5.20698231975105,54.6829791131407,0.574949546690101,0.0756144316917766
22.9833333333333,141.535710364724,157,41.4277063938529,54.9850387905365,3.35569638601468,2.57332651648584,5.20862186568948,55.1257482208663,0.588893938676361,0.0745779567798782
23,141.171936609062,158,42.4277063938529,55.3054901253382,3.35526144146371,2.57323952757565,5.21023677524805,55.5567074985877,0.598200582931306,0.0733704669817757
23.0166666666667,140.81089221338,158,42.4277063938529,55.6639458708253,3.33922759883179,2.57003275904926,5.21178523698677,55.952203949288,0.600181885487996,0.0718635958524737
23.0333333333333,140.452735004364,159,43.4277063938529,55.9629062532294,3.31679647424218,2.56554653413134,5.21323227685048,56.3345142192596,0.598845466283376,0.0702584122413834
23.05,140.097629995792,160,44.4277063938529,56.3034581703524,3.2824393813323,2.55867511554936,5.21454732912191,56.6832209990657,0.591802289242481,0.068439343949161
23.0666666666667,139.745747828796,161,45.4277063938529,56.6838777333188,3.24554431923004,2.55129610312891,5.21570806537932,57.0225736584806,0.583146096483115,0.0666096565766171
23.0833333333333,139.397262336381,162,46.4277063938529,57.1023324548307,3.2122397276386,2.54463518481062,5.2167177710602,57.3701686984156,0.575560660425388,0.0648993977192458
23.1,139.052347302971,163,47.4277063938529,57.5570096590182,3.18621947956822,2.53943113519655,5.21759590672577,57.7383189663076,0.570674834754329,0.0633843811918502
23.1166666666667,138.711172451046,165,49.4277063938529,58.0461913431124,3.16941060228324,2.53606935973955,5.21837114600432,58.1352344280511,0.569350340804144,0.0621014475702614
23.1333333333333,138.373898680939,166,50.4277063938529,58.6646487626856,3.16250111185407,2.53468746165372,5.21907639667779,58.5660117314909,0.571909591207815,0.0610604464698644
23.15,138.040672610955,168,52.4277063938529,59.3085005772872,3.17713513403768,2.53761426609044,5.21976650832184,59.0703947322537,0.583436918500541,0.0605035994189015
23.1666666666667,137.711620510685,169,53.4277063938529,60.0730996503325,3.20727129216394,2.54364149771569,5.22050359954014,59.637152416247,0.601332261856651,0.0602930524588821
23.1833333333333,137.386841787193,169,53.4277063938529,60.8552492535025,3.25994849915454,2.55417693911381,5.22135297136198,60.2938232782632,0.628674974509638,0.0605713549972766
23.2,137.066402265678,170,54.4277063938529,61.5582817669036,3.32613723683304,2.56741468664951,5.22237463746144,61.0202941441591,0.661559537124298,0.0611372798441135
23.2166666666667,136.750327592876,170,54.4277063938529,62.284524631867,3.38751274617951,2.57968978851881,5.22358163567378,61.7639359358423,0.692029538628615,0.0615963594974753
23.2333333333333,136.438597166392,170,54.4277063938529,62.9372797538714,3.4448681859137,2.59116087646564,5.22495983773433,62.5251157136653,0.720427294796632,0.0619676830443548
23.25,136.131139005452,170,54.4277063938529,63.5221510101923,3.48711838818786,2.59961091692048,5.22647641000732,63.2672546958892,0.741932000625021,0.0620178420795163
23.2666666666667,135.827825988936,169,53.4277063938529,64.0443337163384,3.50844375839874,2.60387599096265,5.22807077840035,63.9660583469498,0.754006229943007,0.061629755134876
23.2833333333333,135.528473959457,168,52.4277063938529,64.4121588370441,3.50669518590865,2.60352627646463,5.22966942140665,64.60649482185,0.755707485001231,0.0607664861811906
23.3,135.23284200489,167,51.4277063938529,64.6358657953409,3.47038039922062,2.59626331912703,5.23117485025137,65.1433855430716,0.742033195521712,0.0591934506173063
23.3166666666667,134.940635020991,165,49.4277063938529,64.7248887448709,3.39490584634579,2.58116840855206,5.23246346295122,65.5487682242479,0.710976988931883,0.0568270070956341
23.3333333333333,134.651508474319,163,47.4277063938529,64.59142879027,3.28031439599147,2.5582501184812,5.23340462562844,65.8074074034038,0.66255110601706,0.0536834342578985
23.35,134.36507510239,161,45.4277063938529,64.2492715960481,3.11779270212424,2.52574577970775,5.23385204179469,65.8762569821509,0.592923416476074,0.0495905875060417
23.3666666666667,134.080913170408,159,43.4277063938529,63.7111252543664,2.90558147941279,2.48330353516546,5.23364265298576,65.7309768544535,0.501329340386952,0.0445292805777586
23.3833333333333,133.798575798843,156,40.4277063938529,62.9886017478979,2.64649430242461,2.43148609976782,5.23261585531317,65.3608247705835,0.388998647109113,0.038577587437368
23.4,133.517600752407,154,38.4277063938529,61.9959289805458,2.34607765801729,2.37140277088636,5.23062555406816,64.7646319724008,0.258358301742877,0.0318698755097913
23.4166666666667,133.237520211004,151,35.4277063938529,60.8452218708837,1.99949858162726,2.30208695560836,5.22752583937579,63.9107522953216,0.107332330254199,0.0243174190247373
23.4333333333333,132.957870101413,149,33.4277063938529,59.4487288587586,1.61957277994541,2.22610179527199,5.22318650822431,62.820999386359,-0.0584794859438031,0.0162076683323552
23.45,132.678198635864,147,31.4277063938529,57.916741361642,1.20561328693446,2.1433098966698,5.21749634764723,61.4796985326096,-0.239334362862807,0.00753569151378995
23.4666666666667,132.398073710385,145,29.4277063938529,56.2562689093899,0.775841972044661,2.0185635350896,5.20965728907582,59.9203476847698,-0.42623695229465,-0.00137716597023756
23.4833333333333,132.117089045716,144,28.4277063938529,54.4724947084864,0.33663409459648,1.95268235347238,5.20062232894798,58.1710769310273,-0.617813213791388,-0.0102885306270746
23.5,131.834869160368,142,26.4277063938529,52.6675984334291,-0.103944312196083,1.79824292708682,5.19048041673667,56.2530801205323,-0.810621146828265,-0.0190179164326821
23.5166666666667,131.551073200918,141,25.4277063938529,50.7438628401358,-0.504550631454516,1.39763660782839,5.17456864840632,54.2287887987573,-0.979821704241349,-0.0271873785760209
23.5333333333333,131.265397608218,140,24.4277063938529,48.7909944221742,-0.864357552227338,1.03782968705557,5.15230198790852,52.11449023796,-1.124162240141,-0.0348660024525324
23.55,130.977578051199,139,23.4277063938529,46.7905024988146,-1.18574047156019,0.902187239282904,5.12558258937415,49.951555095024,-1.2473789411581,-0.0419290662276035
23.5666666666667,130.687391087998,139,23.4277063938529,44.7353514365563,-1.48887278059232,0.902187239282904,5.09853799652615,47.750408836278,-1.3640839247833,-0.0483956005381853
23.5833333333333,130.394655248068,138,22.4277063938529,42.7283718199224,-1.77690868305594,0.902187239282904,5.07151035655044,45.5093176292538,-1.47594133893662,-0.0543163532949252
23.6,130.099231087098,138,22.4277063938529,40.6778245656028,-2.03847732418107,0.902187239282904,5.04450619072375,43.266199381591,-1.57779507166352,-0.0594696377624257
23.6166666666667,129.801020084834,138,22.4277063938529,38.6900056481899,-2.27816579182735,0.902187239282904,5.01753180502093,41.0134318013106,-1.6714162185328,-0.0639776949023248
23.6333333333333,129.49996271667,138,22.4277063938529,36.7678578083323,-2.4865797200803,0.902187239282904,4.99059329537228,38.7856397663479,-1.75249721232286,-0.0676644779769402
23.65,129.196036018602,138,22.4277063938529,34.9136816876103,-2.65821166750498,0.902187239282904,4.96369655280709,36.6088059250499,-1.81839055709465,-0.0704423151106305
23.6666666666667,128.889250866414,138,22.4277063938529,33.1291942978657,-2.79049049465408,0.902187239282904,4.93684726848582,34.5019770425878,-1.86771659754433,-0.0722887698454652
23.6833333333333,128.579649120777,138,22.4277063938529,31.4155840029341,-2.88302237945706,0.902187239282904,4.91005093862309,32.4786611507009,-1.90004864572664,-0.0732283408816053
23.7,128.267300743311,138,22.4277063938529,29.7735621217985,-2.93698842917825,0.902187239282904,4.88331286930369,30.5479689600411,-1.91566152245191,-0.073318096549188
23.7166666666667,127.952300955988,138,22.4277063938529,28.2034112669257,-2.95466990370891,0.902187239282904,4.85663818119392,28.7155440444571,-1.91533195727387,-0.0726364980473663
23.7333333333333,127.634767492864,138,22.4277063938529,26.7050305352125,-2.93907711127225,0.902187239282904,4.83003181415016,26.9843188189242,-1.9001812822876,-0.0712747973048726
23.75,127.314837976175,138,22.4277063938529,25.2779776716618,-2.89366223841036,0.902187239282904,4.803498531727,25.3551270731021,-1.87155251493972,-0.0693305048313391
23.7666666666667,126.992667436563,138,22.4277063938529,23.9215083277167,-2.82209986939916,0.902187239282904,4.77704292558681,23.8271985932551,-1.83091530752747,-0.066902513805177
23.7833333333333,126.668425988336,138,22.4277063938529,22.6346125371978,-2.72812185191279,0.902187239282904,4.75066941981276,22.398557040363,-1.7797933912557,-0.0640875419577706
23.8,126.342296664296,138,22.4277063938529,21.4160485330883,-2.61539557313392,0.902187239282904,4.72438227512741,21.0663386118545,-1.71971009862352,-0.0609776151442108
23.8166666666667,126.014473410167,138,22.4277063938529,20.2643740280746,-2.48743670521032,0.902187239282904,4.69818559301863,19.8270459809605,-1.65214834142528,-0.0576583679992657
23.8333333333333,125.685159235552,138,22.4277063938529,19.1779750808485,-2.34754912943618,0.902187239282904,4.67208331977479,18.6767494823704,-1.57852207954039,-0.0542079795740415
23.85,125.354564516184,138,22.4277063938529,18.1550926687692,-2.19878611214024,0.902187239282904,4.64607925043117,17.6112454126506,-1.50015686040439,-0.0506965968489456
23.8666666666667,125.022905440914,138,22.4277063938529,17.1938470856443,-2.04392793002139,0.902187239282904,4.62017703262922,16.6261795690395,-1.4182774594148,-0.0471861277893224
23.8833333333333,124.690402596004,138,22.4277063938529,16.2922602811583,-1.88547206877478,0.902187239282904,4.59438017039071,15.717142702242,-1.33400102329201,-0.0437303092105135
23.9,124.357279678873,138,22.4277063938529,15.4482762559231,-1.72563287990946,0.902187239282904,4.56869202780819,14.8797433586362,-1.24833442478008,-0.0403749740334726
23.9166666666667,124.023762333274,138,22.4277063938529,14.6597796232861,-1.56634820475405,0.902187239282904,4.54311583265384,14.1096625937367,-1.16217478907304,-0.0371584582783191
23.9333333333333,123.690077097903,138,22.4277063938529,13.924612445956,-1.40929098523062,0.902187239282904,4.51765467990806,13.4026942173562,-1.07631235921168,-0.0341121009764856
23.95,123.356450460633,137,21.4277063938529,13.2405894522346,-1.25588429760861,0.902187239282904,4.49231153520967,12.7547735528336,-0.991435037121606,-0.0312608005946862
23.9666666666667,123.023108010792,137,21.4277063938529,12.5091542678389,-1.10731858443615,0.902187239282904,4.46708923822924,12.1619971337954,-0.908134075383789,-0.0286235999820643
23.9833333333333,122.69027368211,137,21.4277063938529,11.830545136732,-0.976595803181901,0.925591436101002,4.4420176328631,11.5836546648555,-0.832209082687176,-0.026464445677593
24,122.358169078677,137,21.4277063938529,11.2031682812921,-0.864929468004502,1.0372577712784,4.41825674494934,11.0269630168686,-0.765987555403013,-0.0246717459856459
