Tiempo_h,V_mgdL,g_mgdL,g1_mgdL,Kalman_mgdL,u,u_insu,IOB_U,z1,z2,z3
0,115.572293606147,109,-6.57229360614708,-5.57229360614708,-0,1.9021872392829,0,0,0,0
0.0166666666666667,115.572293606215,109,-6.57229360614708,-5.66851726491784,-0.687667738220456,1.9021872392829,0.031701728173464,-2.13826218723043,-0.30075543230776,-0.0144663507234917
0.0333333333333333,115.572293608134,110,-5.57229360614708,-5.75840822588504,-1.05330616562437,0.902187239282904,0.0481691080038754,-3.71841475741165,-0.442521711392433,-0.0232223543406442
0.05,115.57229365016,110,-5.57229360614708,-5.78065467999036,-1.2330403196094,0.902187239282904,0.0631840569418511,-4.83868859162371,-0.50343787119973,-0.0279158858868315
0.0666666666666667,115.572294566773,110,-5.57229360614708,-5.86859208866953,-1.28058045459175,0.902187239282904,0.0781831686407265,-5.58827614164797,-0.507977784314783,-0.029671130710967
0.0833333333333333,115.57230005338,110,-5.57229360614708,-6.01465155650884,-1.24861948359864,0.902187239282904,0.0931630302996382,-6.08834961272581,-0.478412928686612,-0.0297014364057199
0.1,115.572318286437,110,-5.57229360614708,-6.21180121899278,-1.17449199555996,0.902187239282904,0.108120343613047,-6.42898458531452,-0.430624409731619,-0.0288541119594211
0.116666666666667,115.572362651846,110,-5.57229360614708,-6.4535224139262,-1.08390195672237,0.902187239282904,0.123051921960553,-6.67603875378771,-0.375632451557956,-0.0277016888312567
0.133333333333333,115.57245192741,110,-5.57229360614708,-6.73378592251636,-0.993860649315039,0.908326589967865,0.137957709871428,-6.87664276609898,-0.320810423155211,-0.0266130748007995
0.15,115.572610143363,110,-5.57229360614708,-7.04681474660199,-0.91833258702801,0.983854652254893,0.153527106261207,-7.06435482508771,-0.273282508158222,-0.0258079671066387
0.166666666666667,115.572866255181,110,-5.57229360614708,-7.38467164272186,-0.864782878312499,1.0374043609704,0.170133327202829,-7.26361094654051,-0.236910020684551,-0.0253931884104145
0.183333333333333,115.573253645019,110,-5.57229360614708,-7.73852391403616,-0.833027512086087,1.06915972719682,0.187405575889039,-7.48801233074609,-0.211164184086738,-0.025388040471387
0.2,115.573809412104,110,-5.57229360614708,-8.10193884489893,-0.820297386466091,1.08188985281681,0.204999639650856,-7.74216916268533,-0.194435172372724,-0.0257542885616945
0.216666666666667,115.574573632315,110,-5.57229360614708,-8.47055179632338,-0.822763883399653,1.07942335588325,0.222627528160293,-8.0252347872913,-0.184726203489602,-0.0264272130761056
0.233333333333333,115.575588705748,110,-5.57229360614708,-8.84163389930709,-0.836495073164051,1.06569216611885,0.240066612723652,-8.33349160715981,-0.180076849517948,-0.0273356790790799
0.25,115.576898763954,110,-5.57229360614708,-9.21365843459182,-0.857986107683074,1.04420113159983,0.257156589065884,-8.6621037137333,-0.178787764756275,-0.0284137897340168
0.266666666666667,115.578549226613,110,-5.57229360614708,-9.58591971079754,-0.884394077283745,1.01779316199916,0.273790196843429,-9.0062044984963,-0.17951033138683,-0.0296065565296612
0.283333333333333,115.580586538227,110,-5.57229360614708,-9.95822713168649,-0.913584003762057,0.988603235520847,0.289901699774708,-9.36149048505776,-0.181252157832825,-0.0308716333094268
0.3,115.583057999584,110,-5.57229360614708,-10.3306775114486,-0.944066927852521,0.958120311430382,0.30545556522563,-9.72447493158776,-0.183336339843687,-0.0321787062581631
0.316666666666667,115.58601168,110,-5.57229360614708,-10.7034976909929,-0.974887167080765,0.927300072202139,0.32043663932779,-10.092526091653,-0.18534068456732,-0.0335076895564112
0.333333333333333,115.589496359817,110,-5.57229360614708,-11.0769445243416,-1.00560757508262,0.902187239282904,0.334864925154505,-10.4637940997298,-0.187114873099286,-0.0348465004037487
0.35,115.593561511693,110,-5.57229360614708,-11.4510569418398,-1.0378065102005,0.902187239282904,0.349121424530925,-10.8376319337703,-0.189902686619629,-0.0361881986815023
0.366666666666667,115.598257284873,110,-5.57229360614708,-11.8247950088383,-1.07171838833458,0.902187239282904,0.363311669373725,-11.2143792881197,-0.193953129236547,-0.037526047627544
0.383333333333333,115.603634508865,110,-5.57229360614708,-12.1963647421202,-1.10686961880336,0.902187239282904,0.37743407542177,-11.5937826936498,-0.199048739488186,-0.0388497567423975
0.4,115.609744651278,110,-5.57229360614708,-12.5641777160643,-1.14259332012011,0.902187239282904,0.391487126961151,-11.9748192796698,-0.204884952024583,-0.0401453429695643
0.416666666666667,115.616639722392,110,-5.57229360614708,-12.9268365266214,-1.17814911460388,0.902187239282904,0.405469375022774,-12.355999952018,-0.211121626617262,-0.0413977887614739
0.433333333333333,115.624372151596,110,-5.57229360614708,-13.2831208968935,-1.21280461721041,0.902187239282904,0.419379435620321,-12.7355927483209,-0.217418524852831,-0.042592798741134
0.45,115.63299465194,110,-5.57229360614708,-13.6319744228137,-1.24588825034239,0.902187239282904,0.433215988027745,-13.1117842361979,-0.22345869650767,-0.0437178898477686
0.466666666666667,115.642560082482,110,-5.57229360614708,-13.9724919544457,-1.27682081163566,0.902187239282904,0.44697777309548,-13.4827930342516,-0.228962843389398,-0.0447629947490672
0.483333333333333,115.653121314224,110,-5.57229360614708,-14.3039076057884,-1.30513157366505,0.902187239282904,0.460663591604552,-13.8469466580165,-0.233697057668367,-0.0457207173501009
0.5,115.664731103002,110,-5.57229360614708,-14.6255833836576,-1.33046337934362,0.902187239282904,0.474272302657822,-14.2027305653953,-0.237475794957575,-0.0465863467005411
0.516666666666667,115.677441971128,110,-5.57229360614708,-14.9369984242049,-1.35257015137006,0.902187239282904,0.487802822107584,-14.5488163981798,-0.240161514433944,-0.047357709878515
0.533333333333333,115.691306098608,110,-5.57229360614708,-15.2377388238902,-1.37130940672807,0.902187239282904,0.501254121018758,-14.8840749053773,-0.241662078467654,-0.0480349241886816
0.55,115.7063752241,110,-5.57229360614708,-15.5274880502423,-1.38663171571098,0.902187239282904,0.514625224166946,-15.2075778222339,-0.241926735625804,-0.0486200931754937
0.566666666666667,115.722700555401,110,-5.57229360614708,-15.8060179164862,-1.39856853476532,0.902187239282904,0.527915208570621,-15.5185920101813,-0.240941299718824,-0.049116978642416
0.583333333333333,115.740332689001,110,-5.57229360614708,-16.0731801030795,-1.40721944554346,0.902187239282904,0.541123202056738,-15.8165683915542,-0.23872297248531,-0.0495306713712585
0.6,115.759321538143,110,-5.57229360614708,-16.3288982083572,-1.41273952611236,0.902187239282904,0.554248381859069,-16.1011276012642,-0.235315129379893,-0.0498672759750807
0.616666666666667,115.779716268738,109,-6.57229360614708,-16.5731603098209,-1.41532734577699,0.902187239282904,0.567289973248586,-16.3720437949038,-0.230782289277112,-0.0501336198263419
0.633333333333333,115.801565242511,109,-6.57229360614708,-16.9023694824815,-1.41521389747339,0.902187239282904,0.580247248195214,-16.6292276738897,-0.225205413681464,-0.0503369919026077
0.65,115.824915966742,109,-6.57229360614708,-17.214183879321,-1.42454396233239,0.902187239282904,0.593119524060297,-16.9096848372046,-0.223878358672223,-0.050735069915245
0.666666666666667,115.849815050015,109,-6.57229360614708,-17.5089627381778,-1.43834986456453,0.902187239282904,0.60590616231914,-17.2012868167134,-0.224676193643239,-0.0512162223732654
0.683333333333333,115.876308163437,109,-6.57229360614708,-17.787109892623,-1.45316010972299,0.902187239282904,0.618606567312993,-17.4949523282649,-0.226098825064562,-0.0517042704880869
0.7,115.904440006817,109,-6.57229360614708,-18.0490669443125,-1.46664560649662,0.902187239282904,0.631220185029863,-17.7840092589054,-0.227125995355639,-0.0521497999290475
0.716666666666667,115.934254279355,109,-6.57229360614708,-18.2953069917524,-1.47733926626503,0.902187239282904,0.643746501913535,-18.0636793403711,-0.227101933849963,-0.0525233187048619
0.733333333333333,115.965793654429,109,-6.57229360614708,-18.5263288858066,-1.48441492612516,0.902187239282904,0.656185043700224,-18.3306631148877,-0.225644039686175,-0.0528099016420358
0.75,115.999099758117,108,-7.57229360614708,-18.7426519829188,-1.48751409513516,0.902187239282904,0.668535374282271,-18.5828067388676,-0.222570989859976,-0.0530050280450511
0.766666666666667,116.034213151115,108,-7.57229360614708,-19.0411688331004,-1.48661113033263,0.902187239282904,0.680797094598307,-18.8188354358052,-0.217846502668968,-0.0531113735582501
0.783333333333333,116.071173313756,108,-7.57229360614708,-19.3199873995225,-1.49380049808606,0.902187239282904,0.692969841549333,-19.0751164587026,-0.216736411609929,-0.0533865175410954
0.8,116.110018633861,108,-7.57229360614708,-19.5798791668307,-1.50419976548183,0.902187239282904,0.705053286940162,-19.3392781362409,-0.217147206664132,-0.0537215944675083
0.816666666666667,116.150786397186,108,-7.57229360614708,-19.8216247095287,-1.51450574484175,0.902187239282904,0.717047136445698,-19.6022737772022,-0.217647422932432,-0.0540448477498737
0.833333333333333,116.193512780241,108,-7.57229360614708,-20.0460088725907,-1.52260243316125,0.902187239282904,0.728951128601503,-19.8576538560609,-0.217306294974907,-0.0543120751591362
0.85,116.238232845286,108,-7.57229360614708,-20.253816454729,-1.52725330358638,0.902187239282904,0.740765033818169,-20.1009826916839,-0.215566632739861,-0.0544991820541777
0.866666666666667,116.284980537321,107,-8.57229360614708,-20.4458283608945,-1.52786132274591,0.902187239282904,0.752488653418955,-20.3293725978249,-0.21214524616963,-0.0545964196058023
0.883333333333333,116.33378868292,107,-8.57229360614708,-20.7191756572893,-1.52428315931504,0.902187239282904,0.764121818700221,-20.54111333005,-0.206955476261126,-0.0546039648244069
0.9,116.384688990738,107,-8.57229360614708,-20.9721831225227,-1.52857790242901,0.902187239282904,0.775664390014157,-20.7723540020469,-0.205248137192276,-0.0547787200157734
0.916666666666667,116.43771205358,107,-8.57229360614708,-21.2058186493445,-1.5358812533701,0.902187239282904,0.787116255873342,-21.0106594250272,-0.204937938933324,-0.0550122931790473
0.933333333333333,116.492887351886,107,-8.57229360614708,-21.4210400660981,-1.54294046586702,0.902187239282904,0.798477332076663,-21.2470258990347,-0.204615897097893,-0.0552340642963722
0.95,116.550243258517,107,-8.57229360614708,-21.6187915282859,-1.54770696229262,0.902187239282904,0.809747560856128,-21.4751168496361,-0.203381449523787,-0.0554012842031268
0.966666666666667,116.609807044757,107,-8.57229360614708,-21.8000003693028,-1.54901781942577,0.902187239282904,0.820926910044149,-21.6906520779958,-0.200710678136196,-0.0554913886300282
0.983333333333333,116.6716048874,108,-7.57229360614708,-21.9655743759128,-1.54634841790975,0.902187239282904,0.832015372260827,-21.8909216368869,-0.1963535204871,-0.0554960781193513
1,116.735661876851,108,-7.57229360614708,-22.0200419903189,-1.53962186988347,0.902187239282904,0.84301296412084,-22.0744005803415,-0.190254178682324,-0.0554167998764391
1.01666666666667,116.802002026153,108,-7.57229360614708,-22.0667037833087,-1.5171722499408,0.902187239282904,0.853919725459481,-22.2034698104633,-0.177289286230595,-0.0550111819604697
1.03333333333333,116.870648280846,109,-6.57229360614708,-22.1061787851082,-1.48465232485138,0.902187239282904,0.864735718577469,-22.2903903299225,-0.159849352264909,-0.0544099968751376
1.05,116.941622529602,110,-5.57229360614708,-22.0426965834223,-1.44633569724653,0.902187239282904,0.875461027504089,-22.3449207897646,-0.139756978242613,-0.0537103784440424
1.06666666666667,117.014945615549,110,-5.57229360614708,-21.882893895391,-1.39351319889243,0.902187239282904,0.886095757278305,-22.3378221670133,-0.113182551597596,-0.0527328921415881
1.08333333333333,117.090637348233,111,-4.57229360614708,-21.7295166658852,-1.32185158200837,0.902187239282904,0.896640033247427,-22.250487035587,-0.0781657193269352,-0.0513966969925055
1.1,117.168716516146,112,-3.57229360614708,-21.4862622326285,-1.24198220633435,0.902187239282904,0.907094000382971,-22.1092749604242,-0.0392725413924598,-0.0499387873825266
1.11666666666667,117.249200899763,113,-2.57229360614708,-21.159228682017,-1.14949148107975,0.902187239282904,0.917457822613328,-21.8972240637691,0.00544861523845594,-0.0482711956638242
1.13333333333333,117.332107285046,114,-1.57229360614708,-20.7542628194048,-1.0427901008584,0.902187239282904,0.927731682172883,-21.6046251233153,0.0567355017457732,-0.0463685993132702
1.15,117.417451477558,114,-1.57229360614708,-20.2769587687983,-0.924494998240624,0.977692241042279,0.938379544935986,-21.2275051580973,0.112824988998418,-0.0442468826231956
1.16666666666667,117.505248312682,115,-0.572293606147085,-19.8263879403795,-0.803105293473227,1.09908194580968,0.950848533761971,-20.7690826315356,0.167986332078719,-0.0419416901354132
1.18333333333333,117.595511591143,116,0.427706393852915,-19.2986635621759,-0.69181782611516,1.21036941316774,0.9651737498546,-20.2716977566424,0.216477927925177,-0.0397318566439451
1.2,117.688253798981,117,1.42770639385292,-18.6918251443509,-0.585129961040174,1.31705727824273,0.981234189870762,-19.7258540287275,0.260886604463187,-0.0375090896175535
1.21666666666667,117.78348566101,117,1.42770639385292,-18.0050231529546,-0.478844395488308,1.4233428437946,0.998988970556588,-19.1229643233276,0.303138149261277,-0.0351881860655102
1.23333333333333,117.881215615062,118,2.42770639385292,-17.3344234960896,-0.369988968686605,1.5321982705963,1.01845615350148,-18.4559333162522,0.344558129651752,-0.0327066594335206
1.25,117.981449261766,119,3.42770639385292,-16.5777348818223,-0.268006815256214,1.63418042402669,1.03959060590865,-17.7561565866134,0.381148018833946,-0.0302720111265264
1.26666666666667,118.084188786683,119,3.42770639385292,-15.735849093801,-0.165883947303159,1.73630329197974,1.06233774436788,-17.0069326388566,0.416064776217796,-0.0277391028309737
1.28333333333333,118.189432343381,120,4.42770639385292,-14.9065696277443,-0.059198029768108,1.9021872392829,1.08673685940677,-16.1958844140994,0.451232900638546,-0.0250127836197606
1.3,118.297173496028,120,4.42770639385292,-13.9869343367125,0.0434082165995549,1.9021872392829,1.11273068982414,-15.3516415156261,0.483028730206566,-0.0222860234122307
1.31666666666667,118.40740071672,121,5.42770639385292,-13.0770317007359,0.157422481517363,1.9021872392829,1.1386167515237,-14.4519058686663,0.520675307269017,-0.0194094332573311
1.33333333333333,118.520096965999,121,5.42770639385292,-12.0839134698416,0.274705496970718,1.9021872392829,1.16439173449648,-13.5169704774533,0.560631604858241,-0.0165606210446867
1.35,118.635239570934,121,5.42770639385292,-11.1129924552058,0.401029486929571,1.9021872392829,1.19005246393589,-12.5265780023733,0.605395006726174,-0.0136181564213946
1.36666666666667,118.752800371166,122,6.42770639385292,-10.1666231529713,0.526697468238646,1.9021872392829,1.21559589673106,-11.5066482960235,0.650728172107024,-0.0107904238339315
1.38333333333333,118.872746017184,122,6.42770639385292,-9.15042625893924,0.644850350031669,1.9021872392829,1.2410191180383,-10.4775315133853,0.693581698000227,-0.00821858776724985
1.4,118.995038347523,122,6.42770639385292,-8.16847329096205,0.762748971087836,1.9021872392829,1.2663193379289,-9.41804815590738,0.737046801333009,-0.0057416177980245
1.41666666666667,119.119634799597,122,6.42770639385292,-7.22186404470575,0.839793350097263,2.74198058938017,1.29808956023337,-8.35723960293641,0.753846128519092,-0.00352466272937294
1.43333333333333,119.246488799447,122,6.42770639385292,-6.28218145024955,0.86692215443121,2.76910939371411,1.33756930771733,-7.34349391196562,0.738415832744333,-0.00160720201076872
1.45,119.375549495229,122,6.42770639385292,-5.32328589857195,0.886432206768977,2.78861944605188,1.37729260713554,-6.37028112280199,0.71997996172685,0.000139401548175985
1.46666666666667,119.506760298637,122,6.42770639385292,-4.35035445052072,0.905901604616983,2.80808884389989,1.41719442709351,-5.41702667209118,0.701890046234338,0.0018743945018008
1.48333333333333,119.64005773941,122,6.42770639385292,-3.36833560319819,0.929317731690726,2.83150497097363,1.45730448705661,-4.47045416707955,0.685831939333416,0.00368558418948063
1.5,119.775371002553,122,6.42770639385292,-2.38154888172567,0.958235321972672,2.86042256125558,1.49769746845338,-3.52297600682829,0.672386671638533,0.00561115362671893
1.51666666666667,119.91262190326,122,6.42770639385292,-1.39353991013206,0.992702240411899,2.8948894796948,1.53846055556247,-2.57111855634619,0.661469683844327,0.0076575728527506
1.53333333333333,120.051725097127,122,6.42770639385292,-0.407091631673432,1.03194588136908,2.93413312065199,1.57967434724016,-1.61415930806977,0.652650302773622,0.00981319870468303
1.55,120.192588443097,122,6.42770639385292,0.575681258668417,1.07484571612644,2.97703295540934,1.62140335499209,-0.653046095506723,0.645367167147033,0.0120578711602387
1.56666666666667,120.335113388594,122,6.42770639385292,1.55320436661912,1.12023205540745,3.02241929469036,1.66369286174866,0.310398309394663,0.63906087558683,0.0143691643498403
1.58333333333333,120.479195329715,122,6.42770639385292,2.52431315159325,1.16705404606349,3.06924128534639,1.70656961411999,1.27401942535972,0.633245532852403,0.016726059067477
1.6,120.624723984983,122,6.42770639385292,3.48813707505874,1.21445624115514,3.11664348043804,1.75004450918362,2.23567103810828,0.627538428870791,0.0191107683824176
1.61666666666667,120.771583815499,122,6.42770639385292,4.44400580426227,1.26179626278774,3.16398350207064,1.79411603518661,3.19340334818335,0.621663402905215,0.0215093391043568
1.63333333333333,120.91965440088,121,5.42770639385292,5.39137879935436,1.30862839395183,3.21081563323473,1.83877370174736,4.14554576006054,0.615439543012545,0.0239115164995863
1.65,121.068810748418,121,5.42770639385292,6.23343866375148,1.35467072791696,3.25685796719986,1.8840010467864,5.0907223975746,0.608763328489605,0.0263102265590237
1.66666666666667,121.218923555049,121,5.42770639385292,7.07221285747212,1.38838333411198,3.29057057339488,1.92967471836755,5.99096919605167,0.596758650229522,0.0284506601169821
1.68333333333333,121.369859435591,120,4.42770639385292,7.90670704544779,1.41557331891188,3.31776055819479,1.97563523289729,6.85816297530063,0.582120146254897,0.030448214908197
1.7,121.521481127917,120,4.42770639385292,8.63904489686501,1.44009215974649,3.3422793990294,2.02180295123371,7.7013111677234,0.56660023591799,0.0323811932295063
1.71666666666667,121.673647718561,120,4.42770639385292,9.37002092136976,1.45287911481108,3.35506635409399,2.06804580350574,8.48986996066094,0.546398567641999,0.0340479202813033
1.73333333333333,121.826214926472,120,4.42770639385292,10.0974880594979,1.46102113422498,3.36320837350788,2.11422639835402,9.24064530453844,0.52473071624995,0.0355929917483999
1.75,121.979035394387,119,3.42770639385292,10.8189822036689,1.46884360218022,3.37103084146313,2.16030142471382,9.96564331769075,0.503505309651482,0.0371074046683112
1.76666666666667,122.131959036474,119,3.42770639385292,11.435806994131,1.47864971551027,3.38083695479317,2.20628199594196,10.6727883588562,0.483691906772421,0.0386419789572639
1.78333333333333,122.284833437951,119,3.42770639385292,12.0484149428146,1.47998492466699,3.38217216394989,2.25210224506508,11.3299563899554,0.460804578539674,0.0399693070901746
1.8,122.437504235601,118,2.42770639385292,12.6546426937009,1.47879751738132,3.38098475666422,2.29766992833547,11.9523235639047,0.437509624401582,0.0412124015564324
1.81666666666667,122.589815426767,118,2.42770639385292,13.1558549232988,1.47855251240952,3.38073975169242,2.34297031225218,12.5504643580374,0.415307089756242,0.0424456145744099
1.83333333333333,122.741609688175,118,2.42770639385292,13.6524477901545,1.46956527228835,3.37175251157125,2.38792765800603,13.0943187328236,0.39005298756842,0.0434576248931872
1.85,122.892728724002,117,1.42770639385292,14.1421642157598,1.45824759230446,3.36043483158736,2.43245002108129,13.6005761882719,0.364611066243639,0.0443815593144168
1.86666666666667,123.043013659307,117,1.42770639385292,14.5262850727682,1.44830545169433,3.35049269097724,2.47652875333576,14.0808600555589,0.34057590331579,0.0452974421580909
1.88333333333333,123.192305497615,117,1.42770639385292,14.9051563902023,1.43014530222449,3.33233254150739,2.52009690813664,14.5057976798175,0.313830262159982,0.0459965542370896
1.9,123.340445541737,116,0.427706393852915,15.2765127285265,1.4101778614399,3.31236510072281,2.56307204469763,14.8925039841243,0.287224196757295,0.0466126728407758
1.91666666666667,123.487275751142,116,0.427706393852915,15.5416669848987,1.3920583817519,3.29424562103481,2.60545456595358,15.2528511488473,0.262317906205942,0.0472253650357417
1.93333333333333,123.632639089895,116,0.427706393852915,15.8010312508233,1.36612201775187,3.26830925703477,2.64718555161052,15.5576060548459,0.234952326115383,0.0476249382256503
1.95,123.776379910061,116,0.427706393852915,16.0524319286069,1.33870585423464,3.24089309351754,2.68818938050187,15.8239630362098,0.207936311200818,0.0479440625423241
1.96666666666667,123.918344321751,116,0.427706393852915,16.2936487211188,1.31339930196297,3.21558654124587,2.72847211935586,16.0638469254482,0.182793784955592,0.048261286367773
1.98333333333333,124.058380564101,116,0.427706393852915,16.5227747678269,1.29186806364809,3.194055302931,2.76808285602167,16.2849312213631,0.160166811550695,0.0486163495744572
2,124.196339342794,116,0.427706393852915,16.7383741049152,1.27453624561156,3.17672348489446,2.80708757354486,16.4917121278684,0.140141957133661,0.0490232388675425
2.01666666666667,124.332074156237,116,0.427706393852915,16.9395099418817,1.2611079568981,3.163295196181,2.8455530185695,16.6864809206123,0.122495070233659,0.0494804183220936
2.03333333333333,124.465441545436,116,0.427706393852915,17.1256994026921,1.25093799035773,3.15312522964063,2.88353795878335,16.8701218194385,0.106861855240601,0.0499782748069147
2.05,124.59630129897,116,0.427706393852915,17.2968338891521,1.24327530027928,3.14546253956218,2.92108951200917,17.0427173531116,0.0928473376940437,0.0505041415586338
2.06666666666667,124.724516675053,116,0.427706393852915,17.4530904903875,1.23740772639315,3.13959496567606,2.95824266979866,17.2039750892206,0.0800888124151439,0.0510453937907566
2.08333333333333,124.849954565548,116,0.427706393852915,17.5948493064049,1.23273548681929,3.1349227261022,2.99502160711129,17.3535051647728,0.068285883022157,0.0515911203417391
2.1,124.972485589621,117,1.42770639385292,17.7226240137793,1.22879708313372,3.13098432241663,3.03144179628588,17.4909828673025,0.0572089994675555,0.0521328189980833
2.11666666666667,125.091984143366,117,1.42770639385292,17.9333654851893,1.2252662589278,3.12745349821071,3.0675122949904,17.6162289202058,0.0466953082833573,0.0526644776778776
2.13333333333333,125.208328422528,117,1.42770639385292,18.1252694482897,1.23331776128368,3.13550500056658,3.10334117559226,17.7660952763629,0.0414689049503887,0.053432567409139
2.15,125.321400429002,118,2.42770639385292,18.2995985450858,1.2469621524689,3.1491493917518,3.13906830114444,17.9279880925373,0.0387672385135966,0.0543170269620552
2.16666666666667,125.431085967831,118,2.42770639385292,18.554517333521,1.26229352256126,3.16448076184416,3.17475192145739,18.0925082307775,0.0368272421211107,0.0552375418238996
2.18333333333333,125.537274638934,118,2.42770639385292,18.7895276694547,1.28840066317366,3.19058790245657,3.21050268446538,18.2900599180605,0.0394741971822449,0.056395554795333
2.2,125.639859824478,119,3.42770639385292,19.0070778699757,1.31827246850326,3.22045970778616,3.24643759782312,18.5038834908451,0.0435367963590525,0.0576473363799945
2.21666666666667,125.738738635446,119,3.42770639385292,19.3062972571935,1.34768256335446,3.24986980263737,3.28258120649343,18.7221504604485,0.0471587203406837,0.0589033576128228
2.23333333333333,125.833811784508,119,3.42770639385292,19.58740430556,1.38581785935105,3.28800509863395,3.31900882092389,18.9740637935768,0.0542542863400484,0.0603647878382912
2.25,125.924983441211,119,3.42770639385292,19.8533315747247,1.42597958793317,3.32816682721607,3.35580566012947,19.2424647425289,0.0618290245818249,0.0618924832153935
2.26666666666667,126.012161022675,120,4.42770639385292,20.1071399219408,1.4643310068989,3.3665182461818,3.39297039041845,19.5155989270323,0.0682293325966237,0.0634035533625314
2.28333333333333,126.095254926521,120,4.42770639385292,20.4479817189618,1.49905825218447,3.40124549146738,3.43045556820055,19.7861204779833,0.0727306713562936,0.0648558335980141
2.3,126.174178280327,120,4.42770639385292,20.7757667152303,1.54105181468827,3.44323905397117,3.46829856934869,20.0868720661802,0.0800313094989236,0.0664847349087909
2.31666666666667,126.24884676183,120,4.42770639385292,21.0929672856388,1.58882960728441,3.01436796438199,3.50573788453876,20.4039046404903,0.0906287135974669,0.0681738999488103
2.33333333333333,126.319178424914,120,4.42770639385292,21.3857049833381,1.66874326255703,3.07030752307282,3.53665758172573,20.7407197808807,0.124779065758262,0.0698355368682498
2.35,126.385093889957,120,4.42770639385292,21.642308846479,1.73946716708385,3.1198142562416,3.56816892063824,21.0872128545997,0.154074252550952,0.0713356451861527
2.36666666666667,126.446517249166,120,4.42770639385292,21.8691033262573,1.79605267197704,3.15942410966683,3.60013359749744,21.4220606434883,0.176518957390942,0.072561957302122
2.38333333333333,126.503376733787,120,4.42770639385292,22.0713050964109,1.83708455206568,3.18814642572888,3.63237744061623,21.7329731485518,0.191683529057933,0.0734767551152812
2.4,126.555604911654,120,4.42770639385292,22.2529634773011,1.86329276944747,3.20649217789613,3.66472316216549,22.0140295459823,0.200068800124103,0.0740883745621703
2.41666666666667,126.603138603207,120,4.42770639385292,22.417050894888,1.87654657085401,3.21576983888071,3.69700922707668,22.2635169633541,0.202651071030081,0.0744303509868449
2.43333333333333,126.6459186793,121,5.42770639385292,22.5656285045827,1.87916868127533,3.21760531617563,3.72909892994273,22.48227708736,0.200575963926267,0.0745470394674087
2.45,126.683889887434,121,5.42770639385292,22.7963943979562,1.87350129604332,3.21363814651323,3.76088300482378,22.672510874525,0.194968054272476,0.0744843811525063
2.46666666666667,126.71700072924,121,5.42770639385292,23.0077151696371,1.87319245881636,3.21342196045436,3.79235125587237,22.8738598398893,0.191765152780464,0.0745347566031338
2.48333333333333,126.74520336977,121,5.42770639385292,23.2005213586159,1.87431833547361,3.21421007411443,3.82354262245656,23.0764959847465,0.189224900585771,0.0746154873514996
2.5,126.768453566536,121,5.42770639385292,23.3758980171802,1.87443678336267,3.21429298763677,3.85445939408296,23.2733539746713,0.186284704751633,0.0746742366300436
2.51666666666667,126.786710611035,121,5.42770639385292,23.5349080762297,1.87219969513501,3.21272702587741,3.88508215533086,23.4596618582513,0.182378144854119,0.0746812986480668
2.53333333333333,126.799937278106,121,5.42770639385292,23.6784975454111,1.86702070083428,3.2091017298669,3.91538053367373,23.6324408508593,0.177279816125085,0.074622901120643
2.55,126.808099780024,121,5.42770639385292,23.8074566389972,1.85880859766742,3.2033532576501,3.94532046330736,23.7900395151804,0.170982324321003,0.0744957746549864
2.56666666666667,126.811167723263,121,5.42770639385292,23.9224164006831,1.84776553348175,3.19562311272013,3.9748687289646,23.93173562508,0.163604190203888,0.0743030005399375
2.58333333333333,126.809114066466,122,6.42770639385292,24.0238656147714,1.83424267113706,3.18615710907884,4.00399550306957,24.0574174634667,0.155324753583394,0.0740510107153163
2.6,126.80191507865,122,6.42770639385292,24.2085347782911,1.81864326231165,3.17523752290106,4.03267548695454,24.1673429343167,0.14634106760388,0.073747549074864
2.61666666666667,126.789550296984,122,6.42770639385292,24.3742717290413,1.81289579189464,3.17121429360915,4.06096108617395,24.2988615942991,0.14178123837379,0.0736506117242248
2.63333333333333,126.772002485332,122,6.42770639385292,24.5218020212683,1.8116588191342,3.17034841267685,4.08893555967685,24.439901827074,0.139243388426553,0.0736488575588236
2.65,126.749257631062,122,6.42770639385292,24.6522102319832,1.81138975310921,3.17016006645935,4.1166308667368,24.5814216408381,0.137158258133926,0.0736674910470499
2.66666666666667,126.72130501145,122,6.42770639385292,24.7666799696983,1.80993282018743,3.1691402134141,4.1440461756231,24.7170345271628,0.134591243992311,0.0736601784402967
2.68333333333333,126.688137234381,122,6.42770639385292,24.8663389930554,1.80614258975121,3.16648705210875,4.17116176632176,24.8425248419162,0.131064755355774,0.0736015335404445
2.7,126.649750228953,122,6.42770639385292,24.9521796299323,1.79956664489649,3.16188389071045,4.1979488907472,24.9553510889988,0.126410478169183,0.073480704828061
2.71666666666667,126.606143204724,122,6.42770639385292,25.0250298586268,1.79019456483604,3.15532343466813,4.22437632798839,25.0541938681755,0.120653850418391,0.0732962496415013
2.73333333333333,126.557318591864,122,6.42770639385292,25.0855558886881,1.77827037742024,3.14697650347707,4.25041439378397,25.1385758730277,0.113928705152484,0.073052266538971
2.75,126.503281969738,122,6.42770639385292,25.1342821583976,1.76416028853025,3.13709944125408,4.27603709681077,25.2085619081054,0.106417795544002,0.0727556389192037
2.76666666666667,126.44404198877,122,6.42770639385292,25.1716189941922,1.74826532641482,3.12597296777328,4.30122302487928,25.2645351120237,0.0983140968335909,0.0724141916245735
2.78333333333333,126.379610288671,122,6.42770639385292,25.1978916323972,1.7309683913778,3.11386511324736,4.32595542181371,25.3070393217607,0.0897978476546401,0.0720355538654683
2.8,126.310001416657,122,6.42770639385292,25.2133669072814,1.71260620915496,3.10101158569137,4.35022179894389,25.3366750315539,0.0810248544566941,0.0716265385323588
2.81666666666667,126.235232784376,122,6.42770639385292,25.2182757623708,1.69345824158199,3.0876080083903,4.37401332350101,25.354036302446,0.0721223641716915,0.0711928771212938
2.83333333333333,126.15532469537,122,6.42770639385292,25.212830978916,1.67374631073747,3.07380965679913,4.39732414371307,25.3596772366461,0.063189634792949,0.070739182644127
2.85,126.07030035065,122,6.42770639385292,25.1972402764062,1.65364030165832,3.05973545044373,4.42015074726263,25.3540985230962,0.0543010967671538,0.0702690448478081
2.86666666666667,125.980185845917,122,6.42770639385292,25.1717153534485,1.63326669773429,3.04547392769691,4.44249140411683,25.3377466141413,0.045510647498391,0.0697851900294772
2.88333333333333,125.88501021015,121,5.42770639385292,25.1364776117362,1.61271782359924,3.03108971580237,4.46434571368964,25.3110200244879,0.0368561390089634,0.0692896605415554
2.9,125.78480540352,121,5.42770639385292,24.9954038618809,1.59206052330875,3.01662960559903,4.48571425670887,25.2742789054137,0.0283635085094335,0.0687839866118768
2.91666666666667,125.679606259797,121,5.42770639385292,24.8511810837581,1.57448616351363,2.61070601286404,4.50355028316892,25.1930609110707,0.0258051015140178,0.0680183156734462
2.93333333333333,125.56945044662,121,5.42770639385292,24.6902334026708,1.56578388893257,2.60678998930256,4.51751695407624,25.0935212422756,0.0320095678351993,0.0670821602898585
2.95,125.454378785962,120,4.42770639385292,24.5009872985285,1.54841057221775,2.59897199678089,4.53114943889206,24.9751066975706,0.0341491675931434,0.0659781923294672
2.96666666666667,125.334436095275,120,4.42770639385292,24.1906813337334,1.52151555123084,2.58686923733678,4.54438283132971,24.830988704142,0.0319120245126034,0.0646876096211735
2.98333333333333,125.209671781878,120,4.42770639385292,23.8647965015049,1.4738710488874,2.56542921128223,4.55710376583617,24.6211631520914,0.0205118973494571,0.0629689131579371
3,125.080140024894,119,3.42770639385292,23.525460338278,1.4121725343411,2.5376648797364,4.569186811923,24.3575781874833,0.00295580447266514,0.0609650489547327
3.01666666666667,124.945899745201,119,3.42770639385292,23.0777346565565,1.34172784244857,2.50596476838476,4.58055145971067,24.0508038581901,-0.0183844612374044,0.0587892654583055
3.03333333333333,124.807014500873,118,2.42770639385292,22.6250263366164,1.25492051976481,2.46690147317707,4.59110494931052,23.6728620254102,-0.0467433671316951,0.0562775392242766
3.05,124.663552318069,118,2.42770639385292,22.0712854398218,1.16024767979894,2.42429869519243,4.60076243315367,23.243554427393,-0.0783620689072201,0.0536115138653222
3.06666666666667,124.515585543149,117,1.42770639385292,21.5188696173023,1.05193827328029,2.37555946225903,4.60944546367226,22.741271183059,-0.115684822769834,0.0506667674036079
3.08333333333333,124.363190734186,117,1.42770639385292,20.8708191343793,0.939384528195956,2.32491027697108,4.61709360907432,22.1899666480443,-0.154582346136582,0.0476441818525304
3.1,124.206448537059,116,0.427706393852915,20.228753345168,0.817073032109473,2.26987010373217,4.62365703348173,21.5705374117145,-0.19740815023888,0.0444249116761863
3.11666666666667,124.045443540328,116,0.427706393852915,19.4951486790687,0.694254692531421,2.21460185092204,4.62910426275604,20.9082728237336,-0.240115570162746,0.0412068634553784
3.13333333333333,123.880264224363,115,-0.572293606147085,18.7712207265416,0.570093933867424,2.09459394196316,4.63238084405966,20.1861167179707,-0.28155479293381,0.0378618337261485
3.15,123.711002933041,114,-1.57229360614708,17.9570260219385,0.447215591452633,2.05312250139817,4.63466022015669,19.4301777458089,-0.322310161193367,0.0345701452661442
3.16666666666667,123.537755860275,114,-1.57229360614708,17.0559123964134,0.318203876916217,2.00958104774213,4.63604955466311,18.6190223452816,-0.3657526840415,0.0311847211614329
3.18333333333333,123.360623086506,113,-2.57229360614708,16.1702933214128,0.17937803271766,1.96272732532511,4.63650833344998,17.7383656254867,-0.413445058560869,0.0276269993976218
3.2,123.17970857736,113,-2.57229360614708,15.2033383811537,0.0413198754887761,1.91613269726037,4.63601855222394,16.8174061483913,-0.460764723979025,0.0241236145140115
3.21666666666667,122.995120124118,112,-3.57229360614708,14.256885200322,-0.0984990249652617,1.9021872392829,4.63408147804161,15.8411904681627,-0.508074855883547,0.0205671624418282
3.23333333333333,122.806969244858,112,-3.57229360614708,13.2348975034925,-0.240689230916736,1.9021872392829,4.63271820917741,14.8364495958983,-0.558552460311946,0.0171564156313959
3.25,122.615371022205,111,-4.57229360614708,12.2416127874402,-0.387103390036111,1.9021872392829,4.63120450745795,13.7833172646851,-0.611880269768136,0.0137733137659592
3.26666666666667,122.420443819259,111,-4.57229360614708,11.18243102405,-0.528047186714017,1.9021872392829,4.62954559360075,12.7091132334305,-0.663787573462771,0.0106219855831993
3.28333333333333,122.222308903732,110,-5.57229360614708,10.1612076937697,-0.668809393259291,1.9021872392829,4.62774655883072,11.5978707302793,-0.716505292477151,0.00758395524801427
3.3,122.02109003132,110,-5.57229360614708,9.08247432733047,-0.797290890104543,1.9021872392829,4.62527520975903,10.4777697398137,-0.763916364086733,0.00485499785097011
3.31666666666667,121.816913018886,109,-6.57229360614708,8.04927114746834,-0.857581486823606,1.0446057524593,4.6094811877235,9.35518878509836,-0.763394222158547,0.00227871404363449
3.33333333333333,121.609905353731,109,-6.57229360614708,6.93552295248826,-0.90462458737882,0.997562651904084,4.59238115573824,8.26850489740755,-0.756416256592102,-6.81981887433267e-05
3.35,121.400196455405,108,-7.57229360614708,5.81563624072832,-0.954587350468194,0.947599888814709,4.57435814170187,7.17723999971002,-0.750538441390517,-0.00249540945449527
3.36666666666667,121.187919128973,108,-7.57229360614708,4.59605165499689,-1.00779966266355,0.902187239282904,4.55543680656052,6.07991455779241,-0.745952986005758,-0.00500548026392917
3.38333333333333,120.973210734243,108,-7.57229360614708,3.38177552761989,-1.07901184731775,0.902187239282904,4.53626897554675,4.93863073139699,-0.750056180864525,-0.0078386923944614
3.4,120.756213695254,107,-8.57229360614708,2.176620683059,-1.16286670450902,0.902187239282904,4.51701243261213,3.76484043940633,-0.760785419518247,-0.010854265128454
3.41666666666667,120.537075532604,107,-8.57229360614708,0.889154669786143,-1.25414275349954,0.902187239282904,4.4976750567968,2.56914789022803,-0.775883289010147,-0.0139347596838438
3.43333333333333,120.315948554444,107,-8.57229360614708,-0.373863031406801,-1.36016417336312,0.902187239282904,4.47826449555551,1.3248562822128,-0.79854839698046,-0.0172308489033909
3.45,120.092989324133,107,-8.57229360614708,-1.60888861872829,-1.4718295846235,0.902187239282904,4.45878817018658,0.0538613006425579,-0.824833087588903,-0.0205421798587178
3.46666666666667,119.868358016292,106,-9.57229360614708,-2.81290073020497,-1.58222849352543,0.902187239282904,4.43925328114578,-1.22574525127467,-0.85169584151561,-0.0237216747729206
3.48333333333333,119.642217731697,106,-9.57229360614708,-4.07971597847917,-1.68626317279479,0.902187239282904,4.4196668132475,-2.49916271642874,-0.876850747118006,-0.0266657158346019
3.5,119.414733982063,106,-9.57229360614708,-5.30479577226457,-1.79221419037883,0.902187239282904,4.40003554075549,-3.79140043651729,-0.903837745650032,-0.0295559236016445
3.51666666666667,119.18607613398,106,-9.57229360614708,-6.48666076466209,-1.89244373627305,0.902187239282904,4.38036603236535,-5.08066089480371,-0.929282245814708,-0.0322325458717529
3.53333333333333,118.956415458078,106,-9.57229360614708,-7.6242044760721,-1.98177387998223,0.902187239282904,4.36066465608091,-6.35018003787173,-0.950845570157034,-0.0345933872270897
3.55,118.72592308248,105,-10.5722936061471,-8.71665821439906,-2.05693755683488,0.902187239282904,4.34093758398671,-7.58729077958889,-0.967000480556554,-0.0365802293862374
3.56666666666667,118.494769561549,105,-10.5722936061471,-9.859915613816,-2.11613363028206,0.902187239282904,4.32119079691859,-8.78264732462917,-0.976848393041894,-0.0381679130220401
3.58333333333333,118.263124492846,105,-10.5722936061471,-10.951348344167,-2.17055928264436,0.902187239282904,4.30143008903448,-9.96655920425217,-0.985171883759446,-0.0396057649252808
3.6,118.031156167399,105,-10.5722936061471,-11.9912293001846,-2.21510452102305,0.902187239282904,4.28166107228739,-11.1222496177297,-0.989687183628899,-0.0407911635554876
3.61666666666667,117.799031253748,105,-10.5722936061471,-12.9800547913262,-2.2467386901557,0.902187239282904,4.26188918080251,-12.2376165885079,-0.988995093061096,-0.0416690018532491
3.63333333333333,117.566914514925,105,-10.5722936061471,-13.9185178317735,-2.26398124048723,0.902187239282904,4.24211967516049,-13.3042515721074,-0.982362225433259,-0.0422188677087494
3.65,117.334968556734,105,-10.5722936061471,-14.807483366819,-2.26648388971478,0.902187239282904,4.22235764658863,-14.3166442164697,-0.969547402277737,-0.0424450157958876
3.66666666666667,117.103353605278,105,-10.5722936061471,-15.6479653468685,-2.25470296666661,0.902187239282904,4.2026080210619,-15.271539839269,-0.9506647173234,-0.0423685878721367
3.68333333333333,116.872227311515,106,-9.57229360614708,-16.4411055608584,-2.22964453052671,0.902187239282904,4.18287556331572,-16.1674219758375,-0.92607629379547,-0.0420216373719455
3.7,116.641744580586,106,-9.57229360614708,-17.0917966764649,-2.19266800655847,0.902187239282904,4.16316488077203,-17.004097165255,-0.896309008443442,-0.0414425956603953
3.71666666666667,116.412057423756,106,-9.57229360614708,-17.7038177767384,-2.13344536839653,0.902187239282904,4.14348042738071,-17.7453877971547,-0.856789755395996,-0.0404227290343365
3.73333333333333,116.183314830908,106,-9.57229360614708,-18.2783659248957,-2.05886648414608,0.902187239282904,4.12382650737777,-18.4050806853493,-0.81042474489944,-0.0391231605003991
3.75,115.95566266172,107,-8.57229360614708,-18.8166920774414,-1.97434040950745,0.902187239282904,4.10420727896225,-18.9945214364273,-0.759516283092378,-0.0376681761482219
3.76666666666667,115.729243553779,107,-8.57229360614708,-19.223731622511,-1.88408361296948,0.902187239282904,4.08462675789326,-19.5230738404423,-0.705878407463377,-0.0361525672212054
3.78333333333333,115.50419684605,107,-8.57229360614708,-19.6032469261656,-1.77946287625409,0.902187239282904,4.06508882100898,-19.9615185235811,-0.645730275848887,-0.0343974272048979
3.8,115.28065826665,108,-7.57229360614708,-19.9563654370293,-1.66820286339131,0.902187239282904,4.045597209669,-20.328569456546,-0.582400555446143,-0.0325744733249462
3.81666666666667,115.058758819705,108,-7.57229360614708,-20.1878642230103,-1.55592398665896,0.902187239282904,4.02615553312173,-20.6389238562405,-0.518342607773114,-0.0308050162849784
3.83333333333333,114.838624589226,109,-6.57229360614708,-20.401317077083,-1.43472317506228,0.902187239282904,4.00676727179836,-20.8671103107577,-0.450126302677818,-0.0289215026556133
3.85,114.620377145453,109,-6.57229360614708,-20.5012793691713,-1.31256726443849,0.902187239282904,3.98743578053475,-21.0343650956967,-0.381219665172174,-0.027096285855623
3.86666666666667,114.404133878113,110,-5.57229360614708,-20.5910873758636,-1.18308365019924,0.902187239282904,3.9681642917229,-21.1199936896539,-0.308863565711741,-0.0251938562049883
3.88333333333333,114.190008257172,110,-5.57229360614708,-20.5750460168925,-1.05516064808795,0.902187239282904,3.94895591839328,-21.1486346373095,-0.236938736254945,-0.0234046366413987
3.9,113.97811004002,111,-4.57229360614708,-20.556230819531,-0.924734166216823,0.97745307306608,3.93018553805469,-21.1021790062393,-0.164244220223185,-0.021601014883064
3.91666666666667,113.768545437972,111,-4.57229360614708,-20.4360588867535,-0.808112626072892,1.09407461321001,3.91336660130358,-21.0102986093371,-0.100070746077336,-0.0199689376180788
3.93333333333333,113.561417179067,112,-3.57229360614708,-20.3109663928582,-0.698267455495249,1.20391978378765,3.89851784707611,-20.8585954271778,-0.0413752468508098,-0.0183508025053382
3.95,113.356824354071,112,-3.57229360614708,-20.0778871012929,-0.600906451327507,1.3012807879554,3.8854747433167,-20.672281661397,0.00961633318023502,-0.0168817076848627
3.96666666666667,113.15486209418,113,-2.57229360614708,-19.8340056290639,-0.506203202475313,1.39598403680759,3.87411749094026,-20.4291892750746,0.0573686296355882,-0.0153605685692384
3.98333333333333,112.955621170186,113,-2.57229360614708,-19.4786712085948,-0.419155974143918,1.48303126513899,3.86435621812961,-20.149404071427,0.0998684112832672,-0.0139023517353764
4,112.759187568984,113,-2.57229360614708,-19.1109279910132,-0.330159601652008,1.5720276376309,3.85614932021552,-19.8083562485424,0.141387564453036,-0.0123057185056241
4.01666666666667,112.565642080781,113,-2.57229360614708,-18.7278206966763,-0.241561618020457,1.66062562126245,3.84950540394959,-19.4255387680716,0.17942343774518,-0.0106961592198516
4.03333333333333,112.375059948406,113,-2.57229360614708,-18.3267369790388,-0.159611877093486,1.74257536218942,3.84436183651948,-19.0137884158093,0.212886063174077,-0.00913741255508943
4.05,112.187510615608,113,-2.57229360614708,-17.9056816991109,-0.084928290451228,1.81725894883168,3.84060000683551,-18.5808027138981,0.241685052156581,-0.00765168770921523
4.06666666666667,112.003057495665,113,-2.57229360614708,-17.4634574008311,-0.0169598720251348,1.88522736725777,3.83810125731945,-18.1306373640561,0.266232605369716,-0.00623590095648556
4.08333333333333,111.821757772865,113,-2.57229360614708,-16.9995857276202,0.0459346055692641,1.93434146318139,3.83665348080589,-17.6649164931088,0.287549823847363,-0.00487396742020491
4.1,111.643662281038,113,-2.57229360614708,-16.5146350072228,0.105837637174305,1.97627358530492,3.83599953175148,-17.1834434930117,0.306913096750248,-0.00354607482870447
4.11666666666667,111.468815418112,113,-2.57229360614708,-16.0101175564685,0.164939404683202,1.9021872392829,3.8358365813777,-16.6856785442829,0.325713731360898,-0.0022357299521085
4.13333333333333,111.297255145355,113,-2.57229360614708,-15.4917632344065,0.232453300622172,1.9021872392829,3.83435473568476,-16.1673496637438,0.350557918443342,-0.000937430405584488
4.15,111.129013168317,113,-2.57229360614708,-14.966183259781,0.300486048688517,1.9021872392829,3.83293495273881,-15.6286149449654,0.375971516375496,0.000325475993613378
4.16666666666667,110.964115384664,112,-3.57229360614708,-14.4367427259224,0.367334608165752,1.9021872392829,3.8315756130492,-15.0740926595022,0.401191664349152,0.00151799080800828
4.18333333333333,110.802582390145,112,-3.57229360614708,-14.0028175307976,0.431441353127527,1.9021872392829,3.83027513326951,-14.5085443751753,0.425510516200501,0.00260945544334262
4.2,110.644429945069,112,-3.57229360614708,-13.5646637789823,0.479566351766576,1.9021872392829,3.82903196545214,-13.9736164924411,0.443103658889156,0.00332458837192399
4.21666666666667,110.489669400757,112,-3.57229360614708,-13.1248917645417,0.515836941763858,1.9021872392829,3.82784459631753,-13.4614686416416,0.455673616006849,0.0037634730859849
4.23333333333333,110.338308087593,112,-3.57229360614708,-12.6858361212406,0.543141168144715,1.9021872392829,3.8267115465378,-12.9668682016769,0.464408783431972,0.00399662656111294
4.25,110.190349666535,112,-3.57229360614708,-12.2495743120266,0.563469288452552,1.9021872392829,3.82563137003447,-12.4865070886746,0.470124628975139,0.0040732200364495
4.26666666666667,110.045794446442,111,-4.57229360614708,-11.8179443720944,0.578172754634675,1.9021872392829,3.82460265328997,-12.0184715267466,0.473371080915903,0.00402727615791189
4.28333333333333,109.904639669982,111,-4.57229360614708,-11.4889193649046,0.588158593126464,1.9021872392829,3.82362401467283,-11.5618336786986,0.474513375421284,0.00388228996397381
4.3,109.766879771045,111,-4.57229360614708,-11.1614701738817,0.582142193886408,1.9021872392829,3.82269410377606,-11.1533153017318,0.468591452184673,0.0034044744705917
4.31666666666667,109.632506606581,111,-4.57229360614708,-10.83703301586,0.565770042344684,1.9021872392829,3.82181160076866,-10.7808399274909,0.457991880357637,0.00272472746109737
4.33333333333333,109.501509665706,111,-4.57229360614708,-10.5168732791542,0.543078965421178,1.9021872392829,3.82097521575993,-10.4355543814559,0.444432590595196,0.00193545690689238
4.35,109.373876258678,111,-4.57229360614708,-10.2020978720945,0.516896304889839,1.9021872392829,3.82018368817631,-10.1110768081582,0.429127266403439,0.00110034856049759
4.36666666666667,109.249591688151,111,-4.57229360614708,-9.89366700788074,0.489150774672436,1.9021872392829,3.81943578615058,-9.80290252484776,0.412913406224994,0.000261914072984443
4.38333333333333,109.128639404838,111,-4.57229360614708,-9.5924054291482,0.461112359715455,1.9021872392829,3.81873030592314,-9.50793688690053,0.396351456782686,-0.00055271715211096
4.4,109.011001149493,111,-4.57229360614708,-9.29901307801831,0.433576067938851,1.9021872392829,3.81806607125511,-9.22413006637935,0.37980099966066,-0.00132738976856458
4.41666666666667,108.896657082863,111,-4.57229360614708,-9.0140752195033,0.407001454161049,1.9021872392829,3.81744193285312,-8.9501933416534,0.363478814306798,-0.00205359910199521
4.43333333333333,108.78558590508,111,-4.57229360614708,-8.73807202796161,0.381617479720163,1.9021872392829,3.81685676780547,-8.68538034809301,0.347502695668459,-0.00272801360358945
4.45,108.677764965733,111,-4.57229360614708,-8.4713876478836,0.357500357619472,1.9021872392829,3.81630947902948,-8.42931989481359,0.331924135501979,-0.00335065272121284
4.46666666666667,108.573170365728,111,-4.57229360614708,-8.21431874164173,0.334630481002142,1.9021872392829,3.8157989947298,-8.18188953240901,0.316752351570854,-0.00392356902145498
4.48333333333333,108.471777051854,111,-4.57229360614708,-7.9670825379856,0.312933277037665,1.9021872392829,3.81532426786755,-7.9431211628926,0.301971642474665,-0.00444991506213199
4.5,108.373558904884,111,-4.57229360614708,-7.72982439601532,0.292307814809938,1.9021872392829,3.81488427563991,-7.71313169957186,0.287553636271705,-0.00493330099017929
4.51666666666667,108.278488821894,111,-4.57229360614708,-7.50262490014485,0.272646179996409,1.9021872392829,3.81447801897018,-7.49207318078388,0.273465670677541,-0.00537736927493877
4.53333333333333,108.186538793412,111,-4.57229360614708,-7.28550650218367,0.253845974378613,1.9021872392829,3.81410452200789,-7.28009787474781,0.259676276864219,-0.00578552932615217
4.55,108.097679975897,111,-4.57229360614708,-7.07843972713619,0.235817774421755,1.9021872392829,3.81376283163897,-7.0773348306965,0.246158525760221,-0.00616080776412858
4.56666666666667,108.011882760021,111,-4.57229360614708,-6.8813489596563,0.218488965603866,1.9021872392829,3.8134520170056,-6.88387507308472,0.232891825408808,-0.00650578044084029
4.58333333333333,107.929116835121,111,-4.57229360614708,-6.69411782831292,0.201805037626303,1.9021872392829,3.81317116903569,-6.6997632333086,0.21986262230008,-0.00682256047367586
4.6,107.849351250167,111,-4.57229360614708,-6.51659420493277,0.185729163542642,1.9021872392829,3.81291939998177,-6.52499389358026,0.207064352029234,-0.00711282297146312
4.61666666666667,107.772554471542,111,-4.57229360614708,-6.34859483630014,0.170240679683474,1.9021872392829,3.81269584296903,-6.3595113022302,0.194496899734921,-0.00737785214995784
4.63333333333333,107.698694437885,111,-4.57229360614708,-6.18990962542061,0.155332922009906,1.9021872392829,3.81249965155251,-6.20321142669919,0.182165764115618,-0.00761860043161488
4.65,107.627738612229,111,-4.57229360614708,-6.04030557940692,0.141010749232467,1.9021872392829,3.81232999928303,-6.05594555454132,0.170081066804893,-0.00783575212957488
4.66666666666667,107.559654031627,111,-4.57229360614708,-5.89953044082765,0.127287986404979,1.9021872392829,3.81218607928188,-5.9175248459375,0.158256508576909,-0.00802978661253697
4.68333333333333,107.494407354444,112,-3.57229360614708,-5.76731601908425,0.114184948847561,1.9021872392829,3.81206710382405,-5.78772539335852,0.146708342872065,-0.00820103758422706
4.7,107.431964905479,112,-3.57229360614708,-5.54702377268076,0.10172615040386,1.9021872392829,3.8119723039298,-5.66629346315635,0.135454413552496,-0.00834974640824375
4.71666666666667,107.372292719042,112,-3.57229360614708,-5.34080103386901,0.101829571600559,1.9021872392829,3.8119009289644,-5.51597534209095,0.129714020387679,-0.00822595282953405
4.73333333333333,107.315356580122,112,-3.57229360614708,-5.14813150728514,0.109287393639915,1.9021872392829,3.81185224624597,-5.3487348071242,0.127279295557749,-0.0079490366808955
4.75,107.26112206376,112,-3.57229360614708,-4.96848846039013,0.120380687096897,1.9021872392829,3.81182554066116,-5.17356094066993,0.126561519755862,-0.00760282488109252
4.76666666666667,107.209554572719,112,-3.57229360614708,-4.80133844314775,0.132530784804067,1.9021872392829,3.8118201142886,-4.99709593333928,0.126448453372409,-0.0072441722415292
4.78333333333333,107.16061937355,113,-2.57229360614708,-4.64614463654122,0.14402318487834,1.9021872392829,3.81183528602988,-4.82414101718629,0.126190975474452,-0.00690971790662213
4.8,107.114281631139,113,-2.57229360614708,-4.40601238844374,0.153789995280626,1.9021872392829,3.81187039124806,-4.6580629653663,0.125313432899041,-0.00662117482410984
4.81666666666667,107.070506441812,113,-2.57229360614708,-4.18284533545657,0.173130806236639,1.9021872392829,3.81192478141335,-4.46414427292034,0.12874385354254,-0.00613928790363055
4.83333333333333,107.02925886506,113,-2.57229360614708,-3.97589574896408,0.196562547642566,1.9021872392829,3.81199782375605,-4.25605536519283,0.134130949876469,-0.00558651164784721
4.85,106.990503953959,113,-2.57229360614708,-3.78441752937508,0.220333228956898,1.9021872392829,3.81208890092648,-4.04386410706617,0.139848284619119,-0.00504451359961687
4.86666666666667,106.954206784346,114,-1.57229360614708,-3.60766969168616,0.241996140588856,1.9021872392829,3.81219741066171,-3.83482251551943,0.14481919261104,-0.00456456721283514
4.88333333333333,106.920332482792,114,-1.57229360614708,-3.34856198186371,0.260075391824311,1.9021872392829,3.81232276545914,-3.6339971920283,0.148378741757657,-0.00417566088619662
4.9,106.888846253439,114,-1.57229360614708,-3.10881102840548,0.285696103049312,1.9021872392829,3.81246439225663,-3.40779738720333,0.155366245856371,-0.00364062533424258
4.91666666666667,106.859713403747,114,-1.57229360614708,-2.88749067270339,0.31336447919405,1.9021872392829,3.81262173211912,-3.17058788131235,0.163413107954583,-0.00308046479525293
4.93333333333333,106.83289936918,114,-1.57229360614708,-2.68368490718804,0.339428346538004,1.9021872392829,3.81279423993165,-2.93280917460294,0.170924624091755,-0.00257310713063608
4.95,106.808369736896,114,-1.57229360614708,-2.49649126905615,0.361611246885166,1.9021872392829,3.81298138409854,-2.70185077956291,0.176887931524729,-0.00216472390675285
4.96666666666667,106.786090268467,114,-1.57229360614708,-2.32502379878461,0.378648157424192,1.9021872392829,3.81318264624877,-2.48274892648604,0.180721246079511,-0.00187851738458003
4.98333333333333,106.766026921658,114,-1.57229360614708,-2.16841559619314,0.390002587111602,1.9021872392829,3.81339752094727,-2.27874183482166,0.182156250837622,-0.00172148824402991
5,106.748145871321,114,-1.57229360614708,-2.02582100523387,0.395648598683874,1.9021872392829,3.81362551541217,-2.09170971270955,0.181147012200618,-0.00168960022925222
5.01666666666667,106.732413529419,114,-1.57229360614708,-1.89641745712092,0.395904421186633,1.9021872392829,3.81386614923773,-1.92252170420722,0.177800042951864,-0.00177167797723302
5.03333333333333,106.718796564213,114,-1.57229360614708,-1.77940699987313,0.391306869953496,1.9021872392829,3.81411895412299,-1.77130792959733,0.172321152032259,-0.00195230897843325
5.05,106.707261918652,113,-2.57229360614708,-1.6740175408321,0.382517877871329,1.9021872392829,3.81438347360591,-1.63767141018363,0.16497555624324,-0.00221396733931218
5.06666666666667,106.697776827973,113,-2.57229360614708,-1.67586129261425,0.370256145331121,1.9021872392829,3.81465926280298,-1.52085191139456,0.156058412268011,-0.00253853363823441
5.08333333333333,106.690308836561,113,-2.57229360614708,-1.68178207052661,0.34335699104108,1.9021872392829,3.81494588815415,-1.45682681831179,0.140672750717716,-0.00315850545467521
5.1,106.684825814073,112,-3.57229360614708,-1.69130784753413,0.307756053546965,1.9021872392829,3.81524292717293,-1.43219377764989,0.121342315285323,-0.00393819502961932
5.11666666666667,106.681295970856,112,-3.57229360614708,-1.80035765024678,0.267850804068959,1.9021872392829,3.81554996820168,-1.43643867150464,0.0999544245966252,-0.00477908717275652
5.13333333333333,106.679687872683,112,-3.57229360614708,-1.90608661700585,0.214943003208214,1.9021872392829,3.81586661017188,-1.49833971232919,0.0726948859650314,-0.0058616735440379
5.15,106.679970455385,111,-4.57229360614708,-2.00833653468678,0.156524144668089,1.9021872392829,3.81619246236936,-1.59929044165508,0.0427850779147209,-0.00701930179904113
5.16666666666667,106.68211306761,111,-4.57229360614708,-2.20334092356458,0.0978736339193747,1.9021872392829,3.81652714420426,-1.72511967080883,0.0125226465444648,-0.0081378103859063
5.18333333333333,106.686085534211,110,-5.57229360614708,-2.38856847771696,0.0306857016709867,1.9021872392829,3.81687028498585,-1.90213819061547,-0.0217069889702243,-0.00939293809397692
5.2,106.691858155518,110,-5.57229360614708,-2.66052962988033,-0.0375024380781102,1.9021872392829,3.81722152370188,-2.11017784311239,-0.0566339948517405,-0.0106207816029796
5.21666666666667,106.699401696129,110,-5.57229360614708,-2.9169694565747,-0.113494255093949,1.9021872392829,3.81758050880253,-2.37116226384719,-0.0952182104313301,-0.0119650127354462
5.23333333333333,106.708687378472,109,-6.57229360614708,-3.15831547842864,-0.188815076409857,1.9021872392829,3.81794689798882,-2.66178909336314,-0.133773924068328,-0.0132427017537045
5.25,106.719686880043,109,-6.57229360614708,-3.48138032651991,-0.257855304318153,1.9021872392829,3.81832035800533,-2.96484021398019,-0.169821515625411,-0.0143377803205031
5.26666666666667,106.73237233336,109,-6.57229360614708,-3.78420305953437,-0.329044528215808,1.9021872392829,3.81870056443732,-3.30482479593243,-0.206992667842827,-0.015433750110641
5.28333333333333,106.746716327927,108,-7.57229360614708,-4.06749641362594,-0.395271743737502,1.9021872392829,3.81908720151187,-3.66070026652411,-0.242169864691023,-0.0163806009060797
5.3,106.762691913622,108,-7.57229360614708,-4.42834902113413,-0.452063512194742,1.9021872392829,3.81947996190334,-4.01721844766981,-0.273351293502379,-0.0170892451353991
5.31666666666667,106.780272605086,108,-7.57229360614708,-4.76506637398571,-0.50878918116783,1.9021872392829,3.81987854654271,-4.40060156057927,-0.304567933215173,-0.017765084639299
5.33333333333333,106.799432386767,108,-7.57229360614708,-5.07861780520131,-0.559108669856326,1.9021872392829,3.82028266443095,-4.79129322332603,-0.333033638306178,-0.0182756833702175
5.35,106.820145718342,108,-7.57229360614708,-5.36998105132852,-0.599174948649219,1.9021872392829,3.82069203245624,-5.17533176817261,-0.357019432736437,-0.0185458626761334
5.36666666666667,106.84238754033,108,-7.57229360614708,-5.64013653976733,-0.626969314167031,1.9021872392829,3.82110637521499,-5.54307536217837,-0.375578161389141,-0.0185416887330049
5.38333333333333,106.866133279706,108,-7.57229360614708,-5.89006228355917,-0.641785373597617,1.9021872392829,3.82152542483661,-5.88818739635525,-0.388329739762475,-0.0182581486686277
5.4,106.891358855399,108,-7.57229360614708,-6.12072934270084,-0.643831659452608,1.9021872392829,3.82194892081192,-6.20683247714096,-0.395294889435226,-0.0177097545237345
5.41666666666667,106.918040683556,107,-8.57229360614708,-6.33309781271141,-0.633928495257547,1.9021872392829,3.82237660982512,-6.49704239772393,-0.396767521713977,-0.0169234603791016
5.43333333333333,106.946155682504,107,-8.57229360614708,-6.62447076823216,-0.613279400437532,1.9021872392829,3.82280824558928,-6.75821892015115,-0.393217797773506,-0.0159333974258902
5.45,106.975681277316,107,-8.57229360614708,-6.8933377501308,-0.595192452525975,1.9021872392829,3.82324358868528,-7.02772167883595,-0.390420156021199,-0.015027184718347
5.46666666666667,107.006595403936,107,-8.57229360614708,-7.14082414571357,-0.575938701022535,1.9021872392829,3.82368240640413,-7.294356035984,-0.386771779731264,-0.0141236831133529
5.48333333333333,107.038876512807,107,-8.57229360614708,-7.36803802667226,-0.553279870118244,1.9021872392829,3.82412447259256,-7.55034021097017,-0.381300752551135,-0.0131760241004123
5.5,107.072503571957,107,-8.57229360614708,-7.57606659094618,-0.526059906928899,1.9021872392829,3.82456956750184,-7.79050752157686,-0.373496633827076,-0.0121618035696639
5.51666666666667,107.107456069494,107,-8.57229360614708,-7.76597309363797,-0.493889732608965,1.9021872392829,3.82501747763988,-8.01167388311981,-0.363179082846795,-0.0110755796956052
5.53333333333333,107.143714015484,106,-9.57229360614708,-7.93879422891428,-0.456906080367441,1.9021872392829,3.82546799562625,-8.21213871132628,-0.350396821451919,-0.00992319271788316
5.55,107.181257943162,106,-9.57229360614708,-8.19189539211799,-0.415588963244002,1.9021872392829,3.82592092005047,-8.39129321940938,-0.335350686903879,-0.00871751804226329
5.56666666666667,107.220068909437,106,-9.57229360614708,-8.42381541222005,-0.382516619252617,1.9021872392829,3.8263760553331,-8.58629025482585,-0.323536458780138,-0.00772549599556096
5.58333333333333,107.260128494669,106,-9.57229360614708,-8.63571710605026,-0.353247784095776,1.9021872392829,3.82683321158987,-8.78559525187405,-0.313074055675216,-0.00684637419550636
5.6,107.30141880165,106,-9.57229360614708,-8.82873522092082,-0.324865735690064,1.9021872392829,3.82729220449863,-8.98100147339252,-0.302723251356774,-0.00601504877296296
5.61666666666667,107.343922453775,105,-10.5722936061471,-9.00397391393367,-0.295580427887489,1.9021872392829,3.82775285516917,-9.16686849735825,-0.291719364560963,-0.00519243774376924
5.63333333333333,107.387622592335,105,-10.5722936061471,-9.25886212069572,-0.264419469453058,1.9021872392829,3.8282149900157,-9.33951661198046,-0.279645127558857,-0.00435805983515952
5.65,107.4325028729,105,-10.5722936061471,-9.49199840204754,-0.242881251251911,1.9021872392829,3.82867844063213,-9.53372263659347,-0.271532214700144,-0.00375451885386854
5.66666666666667,107.47854746073,105,-10.5722936061471,-9.7046016188503,-0.225735507922642,1.9021872392829,3.82914304366995,-9.73612960628153,-0.265157211522433,-0.00326371186336468
5.68333333333333,107.525741025162,104,-11.5722936061471,-9.89785900017044,-0.209502006459269,1.9021872392829,3.82960864071867,-9.93714759385452,-0.259030679977481,-0.00280855084399355
5.7,107.574068732919,104,-11.5722936061471,-10.1692812173665,-0.192000599102519,1.9021872392829,3.83007507818893,-10.1300997541529,-0.252211545751486,-0.00234205202397317
5.71666666666667,107.623516240264,104,-11.5722936061471,-10.41754697476,-0.183892185091325,1.9021872392829,3.83054220719792,-10.3475175818066,-0.249362738902818,-0.00208905701207287
5.73333333333333,107.674069683948,103,-12.5722936061471,-10.6439534640003,-0.179390378808891,1.9021872392829,3.8310098834574,-10.5743890671612,-0.248010675519266,-0.0019202634319085
5.75,107.725715670857,103,-12.5722936061471,-10.9461217100486,-0.17467008713393,1.9021872392829,3.83147796716402,-10.7999298170578,-0.246505439489749,-0.00175224002333866
5.76666666666667,107.778441266305,103,-12.5722936061471,-11.2228405776462,-0.17925388055619,1.9021872392829,3.83194632289203,-11.0536006436198,-0.249013155372451,-0.00178534250031283
5.78333333333333,107.832233980866,102,-13.5722936061471,-11.4755167058983,-0.18660127544312,1.9021872392829,3.83241481948828,-11.3181322217628,-0.252725216834649,-0.00187474879747444
5.8,107.887081755679,102,-13.5722936061471,-11.8018793944497,-0.192420899199872,1.9021872392829,3.83288332996942,-11.5811168602911,-0.255778735521022,-0.00192812956684147
5.81666666666667,107.942972946112,102,-13.5722936061471,-12.1008242058597,-0.205981337277527,1.9021872392829,3.8333517314214,-11.8708826518169,-0.262217662262256,-0.00214174068995012
5.83333333333333,107.999896303705,101,-14.5722936061471,-12.3738625477371,-0.220641636453497,1.9021872392829,3.83381990490105,-12.1694038399164,-0.269177581067312,-0.00237005121079122
5.85,108.057840956284,101,-14.5722936061471,-12.7188262542311,-0.232118067879199,1.9021872392829,3.83428773533981,-12.4638019054466,-0.274787185355417,-0.00252233725294665
5.86666666666667,108.116796386135,101,-14.5722936061471,-13.0347109277912,-0.249760216420965,1.9021872392829,3.83475511144957,-12.7821481008606,-0.283114786586579,-0.00279795970998759
5.88333333333333,108.176752406136,100,-15.5722936061471,-13.3231253012491,-0.267055159337135,1.9021872392829,3.83522192563043,-13.1063175644666,-0.291341962147802,-0.0030553834836066
5.9,108.237698982398,100,-15.5722936061471,-13.6819956364904,-0.279874552721637,1.9021872392829,3.83568807388061,-13.4234464935746,-0.297656628949852,-0.00320832409508057
5.91666666666667,108.29962353839,100,-15.5722936061471,-14.0104089174823,-0.297736255388739,1.9021872392829,3.83615345570818,-13.7617006445705,-0.306193309455926,-0.00346070359598211
5.93333333333333,108.362505964273,99,-16.5722936061471,-14.3100620947361,-0.314298100289196,1.9021872392829,3.83661797404477,-14.1031032928452,-0.314202227549208,-0.00367544490514893
5.95,108.426316369468,99,-16.5722936061471,-14.6789663946701,-0.32559770994071,1.9021872392829,3.83708153516113,-14.4349725112751,-0.319939144169554,-0.00377046760404104
5.96666666666667,108.491015213267,99,-16.5722936061471,-15.0162904490013,-0.341309251164626,1.9021872392829,3.83754404858452,-14.7856747252546,-0.327603398519829,-0.00395354906092767
5.98333333333333,108.556554563697,99,-16.5722936061471,-15.3238094987674,-0.355234156775564,1.9021872392829,3.83800542701795,-15.1374416208104,-0.334505552705849,-0.00409106578023416
6,108.622879784085,99,-16.5722936061471,-15.6032522187501,-0.363539353233767,1.9021872392829,3.83846558626108,-15.4777995793119,-0.338956400793074,-0.00410396946923529
6.01666666666667,108.690028315591,99,-16.5722936061471,-15.8562972908721,-0.367608957782163,1.9021872392829,3.83892444513295,-15.79834171959,-0.340003711700397,-0.00395248390051937
6.03333333333333,108.758688204162,99,-16.5722936061471,-16.0845705953009,-0.363090956874958,1.9021872392829,3.83938192539635,-16.0937538708827,-0.337227721391533,-0.00362437051906826
6.05,108.829683955604,99,-16.5722936061471,-16.2896429659343,-0.349981703119209,1.9021872392829,3.83983795168384,-16.361044869452,-0.330583327224777,-0.00312600750684069
6.06666666666667,108.904584976539,99,-16.5722936061471,-16.4730284599681,-0.328851341735663,1.9021872392829,3.84029245142541,-16.598940707792,-0.320279229447821,-0.00247567409620018
6.08333333333333,108.985597184532,99,-16.5722936061471,-16.6361830941851,-0.300628415353104,1.9021872392829,3.84074535477772,-16.8074117585942,-0.306686680897921,-0.00169858622287116
6.1,109.075376689251,100,-15.5722936061471,-16.7805040034613,-0.266440396807732,1.9021872392829,3.84119659455492,-16.98730577303,-0.290271365193635,-0.000823284036283382
6.11666666666667,109.177118529929,100,-15.5722936061471,-16.8109715143725,-0.227497923791087,1.9021872392829,3.84164610616096,-17.1400654381174,-0.271543428200754,0.000120932740968049
6.13333333333333,109.295038315993,100,-15.5722936061471,-16.8313024704444,-0.173121545058919,1.9021872392829,3.84209382752338,-17.2305377926548,-0.245820898316453,0.00135592163270242
6.15,109.435730945732,101,-14.5722936061471,-16.8424983886963,-0.109703234409415,1.9021872392829,3.84253969902867,-17.2730246468633,-0.215832607141375,0.00273634615964049
6.16666666666667,109.6105991686,101,-14.5722936061471,-16.7491393508683,-0.0420539497831131,1.9021872392829,3.8429836634589,-17.2789655159294,-0.183654623921229,0.00415529508578794
6.18333333333333,109.837162514168,102,-13.5722936061471,-16.6545397961598,0.038161740540313,1.9021872392829,3.8434256659299,-17.2204983282876,-0.145641360922646,0.0057862394074776
6.2,110.135535990503,102,-13.5722936061471,-16.4629414224028,0.123143571769868,1.9021872392829,3.84386565383071,-17.1171119691011,-0.105160781660696,0.00745690522387286
6.21666666666667,110.522667064912,102,-13.5722936061471,-16.2773199571716,0.219248883249261,1.9021872392829,3.84430357676447,-16.9468347624316,-0.059433888095786,0.00929901931212065
6.23333333333333,111.010315590746,103,-12.5722936061471,-16.0979372226479,0.317454854103296,1.9021872392829,3.84473938649052,-16.7333655957975,-0.0123753349057673,0.0111159701950224
6.25,111.606393979405,103,-12.5722936061471,-15.8286385035601,0.411560538469326,1.9021872392829,3.84517303686791,-16.4946201469378,0.0332835817887858,0.0127775756428981
6.26666666666667,112.316367427642,104,-11.5722936061471,-15.5720114148511,0.509402519663066,1.9021872392829,3.84560448380004,-16.2069786538525,0.0809182932526271,0.0144536854386999
6.28333333333333,113.142896365694,104,-11.5722936061471,-15.2315815045576,0.603303506144575,1.9021872392829,3.84603368518071,-15.8924828137128,0.127163082741344,0.0159816846091925
6.3,114.086464149911,105,-10.5722936061471,-14.9096213806896,0.70016027346161,1.9021872392829,3.84646060084121,-15.5304533038451,0.174985155446801,0.0175114393273478
6.31666666666667,115.145883198289,105,-10.5722936061471,-14.5093473465766,0.791750831623399,1.9021872392829,3.84688519249871,-15.1449575901701,0.220778280190665,0.0188693846420559
6.33333333333333,116.318571822708,106,-9.57229360614708,-14.1327294197531,0.84179804565726,2.49144587124299,3.85607982107921,-14.7289916546102,0.236066969851822,0.0202134464595006
6.35,117.600783756971,107,-8.57229360614708,-13.6621831847331,0.881595547196039,2.51930412232013,3.86661098339442,-14.3185792313751,0.245393325825221,0.0214381249153348
6.36666666666667,118.98779819757,108,-7.57229360614708,-13.0840055668766,0.927542786494575,2.55146718982911,3.87763959534318,-13.8778836041682,0.257108856491829,0.0228060996988846
6.38333333333333,120.474074594595,108,-7.57229360614708,-12.4057846310538,0.98862863579324,2.59422728433817,3.88929199954966,-13.3754298269676,0.27500049865024,0.0245149372272786
6.4,122.053379241465,109,-6.57229360614708,-11.7306148764422,1.06874287668537,2.65030725296267,3.90176770865341,-12.7917517154655,0.300572535020786,0.0266555403083128
6.41666666666667,123.718888691894,110,-5.57229360614708,-10.9616907282741,1.15693616208932,2.71204255274543,3.91521788949972,-12.1531394651902,0.328934195633171,0.0289984667037429
6.43333333333333,125.46327393403,112,-3.57229360614708,-10.1040233832913,1.25753715665303,2.78246324894003,3.92976161898413,-11.4425595250148,0.361864876351385,0.0316406810001537
6.45,127.278880743585,113,-2.57229360614708,-9.0656598392629,1.37203655636747,2.86261282874013,3.94555063215672,-10.650033933038,0.399881982571419,0.0346194469534171
6.46666666666667,129.158098726492,114,-1.57229360614708,-7.95273949049708,1.51167798967308,2.96036183205406,3.96281559993143,-9.73379502137607,0.447666191589481,0.0381841912750012
6.48333333333333,131.093064403464,116,0.427706393852915,-6.76779038546535,1.66947773692432,3.07082165512993,3.98180359107757,-8.7050633571836,0.501969388985126,0.0421937937458967
6.5,133.075607399741,117,1.42770639385292,-5.41601078231417,1.83985293535459,3.19008429403112,4.00268818924896,-7.57426069911636,0.560227288802192,0.0465341882493614
6.51666666666667,135.097311200357,119,3.42770639385292,-4.00082573225934,2.03010007499793,3.32325729178145,4.02565850861869,-6.31351682192776,0.625457989571413,0.0513680949631496
6.53333333333333,137.149582285915,121,5.42770639385292,-2.42609205918878,2.2314626338682,3.46421108299064,4.05088735933887,-4.94288351417555,0.693725430152463,0.0565131184033417
6.55,139.223732420575,122,6.42770639385292,-0.697639975757166,2.44952976954268,3.61685807796278,4.07853503291562,-3.44098771218048,0.767339633821065,0.0620940326720673
6.56666666666667,141.31107672839,124,8.42770639385292,1.08289780604014,2.68637599994925,3.78265043924738,4.10880471793253,-1.79507396925832,0.847045017099444,0.0681617832471846
6.58333333333333,143.40304699113,126,10.4277063938529,3.01339101768882,2.93030011723858,3.95339732134991,4.14183630408065,-0.0356055129080173,0.92766627486298,0.0744692412809542
6.6,145.491316091971,128,12.4277063938529,5.08947068785179,3.18553808754353,4.13206390056337,4.17773258131147,1.85206208801007,1.01098814783879,0.0811096771711077
6.61666666666667,147.567926372571,130,14.4277063938529,7.30697486950223,3.45385073678159,4.31988275503001,4.21662986775289,3.87668269298831,1.09768882242872,0.0881245248211047
6.63333333333333,149.625412710494,133,17.4277063938529,9.66209206163155,3.73537673165699,4.5169509514428,4.25867432625019,6.04259267617515,1.18773392829011,0.0955207425746783
6.65,151.656910728964,135,19.4277063938529,12.2477453331537,4.02928268604367,4.72268511951347,4.30400701238242,8.35098172252516,1.28067347396837,0.10328417767521
6.66666666666667,153.656242077939,137,21.4277063938529,14.9583978232143,4.34576463476547,4.94422248361874,4.35282834832334,10.837812585048,1.38079276534851,0.111639515376925
6.68333333333333,155.617971464661,139,23.4277063938529,17.7917116518089,4.67760302431658,5.17650935630451,4.4053476523072,13.4882055316687,1.48480648250561,0.120438078227608
6.7,157.537433567884,141,25.4277063938529,20.7459216516103,5.01944481915137,5.41579861268886,4.46170061756811,16.2895247836371,1.59031377231649,0.129568290026543
6.71666666666667,159.410731208395,143,27.4277063938529,23.8194765615373,5.41748510794488,4.3400555378581,4.51183723019688,19.2385697307238,1.73206861320455,0.138947397607132
6.73333333333333,161.234708786905,145,29.4277063938529,26.9648884176008,5.87623260958195,4.54649191359478,4.55358790745126,22.3738612789687,1.91483082681446,0.148417361102142
6.75,163.006907527956,147,31.4277063938529,30.1385959061903,6.3232697674287,4.74765863462582,4.59860453890868,25.6577263906847,2.09008223494423,0.157658780638865
6.76666666666667,164.725509265557,148,32.4277063938529,33.3458101491877,6.74453133692951,4.93722634090119,4.64673449842254,29.0381161112399,2.25184116586602,0.166369831897085
6.78333333333333,166.389271520142,150,34.4277063938529,36.4940681841783,7.13473997966982,5.0521872392829,4.69745339914389,32.4803633328235,2.3984239292301,0.174405789583536
6.8,167.997457812171,152,36.4277063938529,39.6860987507085,7.49016315385554,5.0521872392829,4.74843147881814,35.9292255373706,2.53135661900032,0.1814705704094
6.81666666666667,169.549767380703,153,37.4277063938529,42.9151761653857,7.81680962634976,5.0521872392829,4.79923392953178,39.3887152486181,2.65358309987759,0.187678774368791
6.83333333333333,171.046267693448,155,39.4277063938529,46.0747886463837,8.11731572153438,5.0521872392829,4.8498531047011,42.8600544288872,2.76599075959414,0.193114437876412
6.85,172.487331752676,156,40.4277063938529,49.2581916278157,8.38109106372003,5.0521872392829,4.90028165090987,46.3038675117487,2.86370943960383,0.197580598887503
6.86666666666667,173.873581261848,157,41.4277063938529,52.3605378214971,8.61388995486696,5.0521872392829,4.95051250042834,49.7277001597171,2.94897313697123,0.201231544421652
6.88333333333333,175.205836017673,159,43.4277063938529,55.3802657489119,8.80769373808964,5.0521872392829,5.00053886389751,53.0978195869048,3.01803787390155,0.20392656920878
6.9,176.485069535128,160,44.4277063938529,58.4127466167239,8.95845073144981,5.0521872392829,5.05035422317532,56.3897881702368,3.06886486294533,0.205613805537483
6.91666666666667,177.712370656907,161,45.4277063938529,61.3550732166816,9.07692645542156,5.0521872392829,5.0999523243414,59.6234924569834,3.10588931532581,0.206555307146494
6.93333333333333,178.888910739075,162,46.4277063938529,64.2074580225786,9.1588657717504,5.0521872392829,5.14932717085711,62.7753534113041,3.1270502384316,0.206687995559965
6.95,180.015915917598,163,47.4277063938529,66.9705319416741,9.20296732295516,5.0521872392829,5.19847301687765,65.8292487847259,3.13156780467683,0.206013477845381
6.96666666666667,181.094643925411,165,49.4277063938529,69.6452957554882,9.33970423516108,3.3021872392829,5.22087705014325,68.8124131033069,3.21423691531055,0.204539593576822
6.98333333333333,182.126365002903,166,50.4277063938529,72.2685344325759,9.44491522117103,3.3021872392829,5.24038981264396,71.7503256564561,3.28572354315371,0.202137302243131
7,183.112348075338,167,51.4277063938529,74.6857855473596,9.50445608884812,3.3021872392829,5.2596720966317,74.6235293032028,3.33578368247751,0.198819027118052
7.01666666666667,184.053853173667,168,52.4277063938529,76.9124242358202,9.50072326218474,3.3021872392829,5.27872625416257,77.3603085962693,3.35650384514605,0.194248474290991
7.03333333333333,184.952125486607,169,53.4277063938529,78.9630908541472,9.42680131584223,3.3021872392829,5.2975546214843,79.9159040936944,3.34456665691129,0.18832670460592
7.05,185.808389534486,171,55.4277063938529,80.851698942826,9.28313727440351,3.3021872392829,5.31615951893257,82.2656585518156,3.29985857945031,0.181113686570205
7.06666666666667,186.623843915016,172,56.4277063938529,82.6878033587039,9.07502509740893,3.3021872392829,5.33454325083489,84.3996507351256,3.22441051878255,0.17276965315132
7.08333333333333,187.399656841385,173,57.4277063938529,84.3814598534236,8.82261858694703,3.3021872392829,5.35270810542166,86.355496704369,3.12680190379043,0.163762086694086
7.1,188.13696253565,174,58.4277063938529,85.9446921620924,8.53053357973338,3.3021872392829,5.37065635474436,88.1289152960115,3.0089424183368,0.15421505329772
7.11666666666667,188.836858459615,175,59.4277063938529,87.3888579041872,8.205470614519,3.3021872392829,5.38839025460053,89.7234602789546,2.87368946818805,0.14429221113784
7.13333333333333,189.500403324222,177,61.4277063938529,88.7246652021318,7.85517203867536,3.3021872392829,5.40591204446546,91.1480319975617,2.72440118491416,0.134173392896601
7.15,190.128591449736,178,62.4277063938529,90.0585481480042,7.48767889149899,3.3021872392829,5.42322394743034,92.4149832603706,2.56461435355743,0.124038329419249
7.16666666666667,190.722191942591,179,63.4277063938529,91.2975325041564,7.12270913739194,3.3021872392829,5.44032817014658,93.5756701407491,2.4030194627633,0.114305952390129
7.18333333333333,191.282112152331,180,64.4277063938529,92.4507078032947,6.76342847565108,3.25487293441312,5.45699930903761,94.6333424190739,2.24150059599585,0.105008151903922
7.2,191.809277849744,181,65.4277063938529,93.5249507609167,6.41676872556939,3.18554098439678,5.47237136976148,95.5963104803583,2.08450219133551,0.0961873801503187
7.21666666666667,192.304570758396,182,66.4277063938529,94.5243752152481,6.08527938112927,3.11924311550876,5.48640875049507,96.4745949571768,1.93335080905582,0.0878778570451797
7.23333333333333,192.768830663759,183,67.4277063938529,95.4523591206944,5.77031885124149,3.0562510095312,5.49916740171321,97.2767891401257,1.78872679266402,0.0800968491719792
7.25,193.202857740461,184,68.4277063938529,96.3124841317378,5.55784775741757,1.9021872392829,5.4932619776408,98.0356970910163,1.71326674028381,0.0728201944372528
7.26666666666667,193.607415072895,184,68.4277063938529,97.0704221717431,5.35809918736405,1.9021872392829,5.48584399744838,98.773764709801,1.64288640869857,0.0659093508397956
7.28333333333333,193.983232322044,185,69.4277063938529,97.6021294020706,5.15495930799504,1.9021872392829,5.47824677811143,99.4602839202359,1.56876860226304,0.0591521128013856
7.3,194.33101133671,186,70.4277063938529,98.0259327850721,4.92726626493913,1.9021872392829,5.47047805452278,100.025305794552,1.48174512100982,0.0521001489653553
7.31666666666667,194.651430852044,187,71.4277063938529,98.3563365239772,4.67694442519982,1.9021872392829,5.46254535831491,100.463615243937,1.38263049330985,0.0448069852640822
7.33333333333333,194.945149576446,187,71.4277063938529,98.6067274564572,4.4083834464986,1.9021872392829,5.45445602241053,100.778237503438,1.27333303852934,0.0373761734128659
7.35,195.212808268001,188,72.4277063938529,98.6930732741066,4.1272964955748,1.9021872392829,5.44621718547929,100.977742179431,1.15636774747628,0.0299354395588399
7.36666666666667,195.455031187845,188,72.4277063938529,98.7291308138196,3.8280160803391,1.9021872392829,5.43783579630226,101.037227765069,1.02930541439944,0.0223685164174501
7.38333333333333,195.67242716773,189,73.4277063938529,98.6286903936924,3.52195035145351,1.9021872392829,5.42931861804606,100.983010579042,0.897155717379409,0.0149225723253893
7.4,195.865590440543,189,73.4277063938529,98.5034328180573,3.20670497811351,1.9021872392829,5.42067223244845,100.802333665421,0.758954991304383,0.00754550159594428
7.41666666666667,196.0351013277,190,74.4277063938529,98.2651728939639,2.89521991330719,1.9021872392829,5.41190304391706,100.529398808435,0.620432130061695,0.000509630138573498
7.43333333333333,196.181526842172,190,74.4277063938529,98.0237152123671,2.58541378543496,1.9021872392829,5.40301728354302,100.156135644728,0.480814595292301,-0.0062386109201421
7.45,196.305421243049,191,75.4277063938529,97.6890960862862,2.28971804626145,1.9021872392829,5.39402101303118,99.7190661693537,0.345661223878352,-0.0124456639218348
7.46666666666667,196.407326562515,191,75.4277063938529,97.369437445454,2.00502008339948,1.9021872392829,5.38492012854853,99.2107235593834,0.21379452830517,-0.0181942592105959
7.48333333333333,196.487773116399,191,75.4277063938529,96.9731866224699,1.74241872120122,1.9021872392829,5.37572036449245,98.6670201678472,0.0902278234072437,-0.0232653540025421
7.5,196.547280003275,192,76.4277063938529,96.5106104040085,1.49732839421841,1.9021872392829,5.36642729718041,98.0790532857012,-0.0268331787658221,-0.0277779544784595
7.51666666666667,196.586355593294,192,76.4277063938529,96.0875431593228,1.26745775039838,1.9021872392829,5.35704634846262,97.4437922125138,-0.138214138826223,-0.0317987273442261
7.53333333333333,196.605498005768,192,76.4277063938529,95.6102726933643,1.06390127144896,1.9021872392829,5.34758278925919,96.7992931729156,-0.238907069418274,-0.0351105226880986
7.55,196.605195573396,192,76.4277063938529,95.0870309884123,0.881535674839405,1.9021872392829,5.33804174302329,96.137140912129,-0.330945575023882,-0.0378454033165046
7.56666666666667,196.585927290658,192,76.4277063938529,94.5253813049441,0.717214909767318,1.9021872392829,5.32842818913181,95.4536276086352,-0.415536784271524,-0.040089298812101
7.58333333333333,196.548163243862,193,77.4277063938529,93.9322537096294,0.569127840963172,1.9021872392829,5.31874696620487,94.7483696493817,-0.493329708202014,-0.0418971437034388
7.6,196.49236502067,193,77.4277063938529,93.4103373169458,0.436323937192324,1.9021872392829,5.30900277535573,94.0232480325992,-0.564614262756238,-0.0433039488237979
7.61666666666667,196.418986097277,193,77.4277063938529,92.8629607797616,0.330260287034604,1.9021872392829,5.29920018337229,93.3185803813582,-0.624265704630356,-0.0440825916296832
7.63333333333333,196.328472201932,193,77.4277063938529,92.2955773374907,0.245539626871189,1.9021872392829,5.28934362583182,92.6263070733849,-0.674476150674272,-0.0443688839902623
7.65,196.22126165393,193,77.4277063938529,91.7131459564605,0.178357973259476,1.9021872392829,5.27943741014991,91.9417449855122,-0.716779549503052,-0.0442604177259509
7.66666666666667,196.097785677637,193,77.4277063938529,91.1201606886436,0.126045785696701,1.9021872392829,5.26948571856527,91.2626441375218,-0.752241763991845,-0.0438275548323326
7.68333333333333,195.958468691552,193,77.4277063938529,90.5206791228464,0.0867237919899169,1.9021872392829,5.25949261106144,90.5884610910503,-0.781603545586022,-0.0431216206091006
7.7,195.803728572691,193,77.4277063938529,89.9183498872896,0.0590480472920146,1.9021872392829,5.24946202822675,89.9198043981742,-0.805386739327955,-0.0421809321707054
7.71666666666667,195.633976896928,194,78.4277063938529,89.3164391716397,0.0420239702278176,1.9021872392829,5.2393977940538,89.2580160058005,-0.823971975480373,-0.0410351640603913
7.73333333333333,195.449619156115,194,78.4277063938529,88.814213710203,0.0348732832189698,1.9021872392829,5.22930361867958,88.6048595520231,-0.837654415595374,-0.0397084472508091
7.75,195.251054953033,194,78.4277063938529,88.3118118345074,0.0488324728969386,1.9021872392829,5.21918310106751,87.9992675638533,-0.841482021858589,-0.0379713574900368
7.76666666666667,195.038678175337,194,78.4277063938529,87.8117189697194,0.0780726635339284,1.9021872392829,5.20903973163243,87.4309657014909,-0.837909785165875,-0.0359618505185638
7.78333333333333,194.812877149766,195,79.4277063938529,87.3161391687801,0.118275580288805,1.9021872392829,5.19887689480992,86.8925563272159,-0.828769707686334,-0.0337812475909586
7.8,194.574034777985,195,79.4277063938529,86.923372328866,0.166262277314,1.9021872392829,5.18869787157074,86.3788198615428,-0.815422972694219,-0.0315033253628536
7.81666666666667,194.322528655425,195,79.4277063938529,86.5326796359635,0.231597133846554,1.9021872392829,5.17850584188179,85.9231417383369,-0.793677211638418,-0.0289311674673994
7.83333333333333,194.058731174542,196,80.4277063938529,86.1457536222889,0.307349455670819,1.9021872392829,5.16830388711451,85.5108719706742,-0.766505281949537,-0.0262220330264167
7.85,193.783009613893,196,80.4277063938529,85.8604419041503,0.388541059548713,1.9021872392829,5.15809499240177,85.131190285314,-0.73606783768536,-0.0234865100484772
7.86666666666667,193.495726214413,196,80.4277063938529,85.5756084104243,0.483562582430983,1.9021872392829,5.14788204894435,84.8132028362119,-0.698707465416615,-0.0205499889768039
7.88333333333333,193.197238244259,197,81.4277063938529,85.2925994118425,0.584785214554007,1.9021872392829,5.13766785626799,84.5390332678235,-0.657729090661248,-0.0175811967650484
7.9,192.887898053531,197,81.4277063938529,85.1089634180358,0.6868891713371,1.9021872392829,5.12745512443203,84.29547004757,-0.61547175223535,-0.01469424105654
7.91666666666667,192.568053120162,197,81.4277063938529,84.9233087510125,0.798185840163094,1.9021872392829,5.11724647619054,84.1098869488662,-0.568341834969536,-0.0117123486628177
7.93333333333333,192.238046088189,198,82.4277063938529,84.7367661030184,0.911155536029918,1.9021872392829,5.10704444910704,83.9631919139384,-0.519624372022942,-0.00879816063430572
7.95,191.898214799591,198,82.4277063938529,84.6467051428216,1.02071827646667,1.9021872392829,5.09685149762355,83.8413599930296,-0.471579078837915,-0.006057133109597
7.96666666666667,191.548892320826,198,82.4277063938529,84.5515889756264,1.13551131819016,1.9021872392829,5.08666999508513,83.7712621131449,-0.42049249159362,-0.0033023093606237
7.98333333333333,191.190406965128,198,82.4277063938529,84.4524337605922,1.24839278244503,1.9021872392829,5.07650223572057,83.7335406849187,-0.369503870584598,-0.000685391406304908
8,190.823082311598,198,82.4277063938529,84.350165080245,1.35468665571812,1.9021872392829,5.06635043658032,83.7140842754321,-0.320712387301172,0.00169928598907887
8.01666666666667,190.447237222069,197,81.4277063938529,84.2456232378583,1.45154986909516,1.9021872392829,5.05621673943235,83.7028349091337,-0.275438400504548,0.00379941457398478
8.03333333333333,190.06318585666,197,81.4277063938529,84.0432109325391,1.53747950984904,1.9021872392829,5.04610321261699,83.6928398526114,-0.234427716527552,0.00559285573829919
8.05,189.671205339595,197,81.4277063938529,83.8460516794505,1.60004052853687,1.9021872392829,5.03601185286134,83.6425256876275,-0.203210969256345,0.00682839524189064
8.06666666666667,189.2714618852,196,80.4277063938529,83.6545425848431,1.64459112411641,1.9021872392829,5.02594458705435,83.5613195636828,-0.179598040323857,0.0076383447641028
8.08333333333333,188.864243882588,196,80.4277063938529,83.3726524083802,1.67544478773186,1.9021872392829,5.01590327398306,83.4569892227096,-0.161818434578155,0.00812843836929818
8.1,188.449852423835,195,79.4277063938529,83.1030811077195,1.68416001409648,1.9021872392829,5.0058897060311,83.2989307231863,-0.153650473435865,0.00813240214705426
8.11666666666667,188.028582427797,195,79.4277063938529,82.7494560994067,1.67870993579781,1.9021872392829,4.99590561084,83.1046045498459,-0.151733146780654,0.00783541262926887
8.13333333333333,187.600723090092,194,78.4277063938529,82.4141420236943,1.65310243432133,1.9021872392829,4.98595265293411,82.8505532788711,-0.158763106262139,0.00712232038167648
8.15,187.166558228856,193,77.4277063938529,82.0004379968029,1.61685183980157,1.9021872392829,4.97603243530995,82.5593985793493,-0.170682107675982,0.00620846146386418
8.16666666666667,186.726366554406,192,76.4277063938529,81.5140307595771,1.56483574814681,1.9021872392829,4.96614650099068,82.2113074215009,-0.189776126720162,0.00499360251688782
8.18333333333333,186.280421883953,192,76.4277063938529,80.9603460929459,1.49505971859132,1.9021872392829,4.95629633454634,81.7943710977963,-0.216986983208572,0.00344701592847426
8.2,185.828993317334,191,75.4277063938529,80.4409080013659,1.40767404486936,1.9021872392829,4.94648336358059,81.3025674567501,-0.25232412469631,0.00158431175216812
8.21666666666667,185.372345385823,190,74.4277063938529,79.8581880719574,1.31612274554162,1.9021872392829,4.93670896018478,80.7711423256466,-0.289976645841642,-0.00029969157135338
8.23333333333333,184.910738183173,189,73.4277063938529,79.2170612614255,1.21757302327202,1.9021872392829,4.92697444235973,80.1891586476298,-0.331175808032959,-0.0022631628484469
8.25,184.444427485889,189,73.4277063938529,78.5221595858514,1.11112622594952,1.9021872392829,4.91728107540614,79.5507387713066,-0.376321484390867,-0.0043214666633461
8.26666666666667,183.973664868066,188,72.4277063938529,77.874233242908,0.997179880337769,1.9021872392829,4.90763007328419,78.8537120356435,-0.425249972043872,-0.00646211520275625
8.28333333333333,183.49869781494,187,71.4277063938529,77.1750016011523,0.888841533594501,1.9021872392829,4.8980225999429,78.1355377906231,-0.472234948667759,-0.00840566131965671
8.3,183.019769838376,187,71.4277063938529,76.4286103340121,0.782559318714177,1.9021872392829,4.88845977061996,77.3862802944011,-0.518765105784505,-0.0102332184992826
8.31666666666667,182.537120596813,186,70.4277063938529,75.7353436630735,0.676483732721884,1.9021872392829,4.87894265311258,76.6001836941607,-0.565606436260932,-0.0119872168202383
8.33333333333333,182.050986021714,185,69.4277063938529,74.9964754220236,0.581832345180679,1.9021872392829,4.86947226901999,75.8115531140947,-0.607821486731662,-0.0134336991761646
8.35,181.561598452124,184,68.4277063938529,74.2157261568344,0.493475428864229,1.9021872392829,4.86004959495819,75.0076885264662,-0.647563880433489,-0.014691109013618
8.36666666666667,181.069186778687,184,68.4277063938529,73.3966177733669,0.408256989254274,1.9021872392829,4.85067556374742,74.1804204046882,-0.686156049243582,-0.0158321833515204
8.38333333333333,180.57397659823,183,67.4277063938529,72.6388352958658,0.324431480508132,1.9021872392829,4.84135106557311,73.3249783587498,-0.724323229154278,-0.0168974176291177
8.4,180.076190379829,182,66.4277063938529,71.8430782028084,0.253125450455915,1.9021872392829,4.83207694912058,72.4760782680409,-0.757172000740876,-0.0176550921445144
8.41666666666667,179.576047643175,182,66.4277063938529,71.012517647503,0.188995751624643,1.9021872392829,4.82285402268439,71.6210167200201,-0.786954134599692,-0.018228382396333
8.43333333333333,179.073765149901,181,65.4277063938529,70.2465085558582,0.128604088041145,1.9021872392829,4.81368305525245,70.7513308792678,-0.815121530924762,-0.0186960350678389
8.45,178.569557108474,180,64.4277063938529,69.4454403386153,0.0817837388956828,1.9021872392829,4.80456477756583,69.8987377348684,-0.837342846543895,-0.0188548153692855
8.46666666666667,178.063635393168,179,63.4277063938529,68.6121934577567,0.0422196472691851,1.9021872392829,4.79549988315443,69.0481057093739,-0.85629877582871,-0.018848601405586
8.48333333333333,177.556209777558,179,63.4277063938529,67.7494933806709,0.00564169049710959,1.9021872392829,4.78651270270375,68.1890006773672,-0.87384817394343,-0.0187706850320353
8.5,177.04748818293,178,62.4277063938529,66.956271506297,-0.028390719453371,1.87379651982953,4.77717144170764,67.3150301479011,-0.889545286614327,-0.0186779791678327
8.51666666666667,176.537676943966,177,61.4277063938529,66.1315275834293,-0.0493755650169104,1.85281167426599,4.7674402415758,66.4602838472489,-0.898753389719481,-0.0183545251886382
8.53333333333333,176.026981138499,177,61.4277063938529,65.2761614651901,-0.0643062923294986,1.8378809469534,4.75746732357945,65.6103242087147,-0.904695391192604,-0.0179409927590435
8.55,175.515605019603,176,60.4277063938529,64.4879499356468,-0.0778814072948423,1.82430583198806,4.7473126112021,64.7540999512425,-0.909497562760808,-0.0175337931534544
8.56666666666667,175.003752434222,175,59.4277063938529,63.6661195866229,-0.0815966424404877,1.82059059684242,4.7370770125406,63.9205699530739,-0.909594369366955,-0.016943802314754
8.58333333333333,174.491627245424,175,59.4277063938529,62.8128973446052,-0.0828670823451879,1.81932015693772,4.72685962964012,63.0917789021782,-0.908329305045036,-0.0163236762476167
8.6,173.979433819924,174,58.4277063938529,62.0272059662299,-0.0861796343106039,1.8160076049723,4.7166616360733,62.2549442578101,-0.907662657406725,-0.0157691060045062
8.61666666666667,173.467377478936,173,57.4277063938529,61.2090485454923,-0.0825022016098615,1.81968503767304,4.70653157727139,61.438521813777,-0.903734691235988,-0.0150830017320017
8.63333333333333,172.955664892507,173,57.4277063938529,60.3611210601446,-0.0786160920190203,1.82357114726388,4.69652599158956,60.6247676724965,-0.899561317842877,-0.0144071315704355
8.65,172.444504446539,172,56.4277063938529,59.5825792856632,-0.0783953278723568,1.82379191141055,4.68661392396924,59.8014594955361,-0.896797293101025,-0.0138260759636747
8.66666666666667,171.934106600978,171,55.4277063938529,58.7734910587484,-0.0722819135404309,1.82990532574247,4.67682128179018,58.9977213619519,-0.89132669966591,-0.0131329003554156
8.68333333333333,171.424684248022,171,55.4277063938529,57.9365062946058,-0.0666433373278281,1.83554390195508,4.66718977192438,58.1964422718774,-0.885967331933575,-0.0124614445240362
8.7,170.916453030899,170,54.4277063938529,57.1706687617636,-0.0650516958748921,1.83713554340801,4.65767953697872,57.3859241916693,-0.882231478888757,-0.0118903936404813
8.71666666666667,170.409631588919,169,53.4277063938529,56.375900884488,-0.057745111599161,1.84444212768374,4.64831175974843,56.5956807463975,-0.875908261215832,-0.0112087644026532
8.73333333333333,169.904441844902,169,53.4277063938529,55.5546956444644,-0.0509656857129428,1.85122155356996,4.63912613238271,55.8088582487416,-0.869757768656172,-0.0105478664567178
8.75,169.401109362304,168,52.4277063938529,54.8059417951368,-0.0482183871739255,1.85396885210898,4.63008235872837,55.0139015045248,-0.865261714822508,-0.00998500922868559
8.76666666666667,168.899863745644,168,52.4277063938529,54.0294158908568,-0.0397143462672108,1.86247289301569,4.62120194521836,54.2403763447422,-0.858196954299372,-0.00930864885009867
8.78333333333333,168.40093906438,167,51.4277063938529,53.3238346382286,-0.0316940513214756,1.87049318796143,4.61252513010043,53.4714148690914,-0.851322590985951,-0.00865006552667184
8.8,167.904574284352,166,50.4277063938529,52.5891695289036,-0.0162910119479481,1.88589622733496,4.60411539069993,52.7322627276741,-0.841294676805147,-0.0078365965640402
8.81666666666667,167.411013690149,166,50.4277063938529,51.8281393540782,-0.000992178704053732,1.90119506057885,4.59602877417428,52.0027889464778,-0.831427860323114,-0.00702548061326238
8.83333333333333,166.920507238273,165,49.4277063938529,51.1399062101392,0.00995706624757283,1.9021872392829,4.58822499525888,51.2690786654628,-0.823520915667278,-0.00631010372801148
8.85,166.433310787153,165,49.4277063938529,50.4241456909001,0.0267059812522348,1.9021872392829,4.58056607907736,50.5592679473097,-0.812961907503506,-0.00548788515661608
8.86666666666667,165.949686297029,164,48.4277063938529,49.7788929694278,0.0433064159319401,1.9021872392829,4.57297229139521,49.8559592226591,-0.80221486950459,-0.0046963146526527
8.88333333333333,165.469902002676,164,48.4277063938529,49.1032975252109,0.0676062560047501,1.9021872392829,4.56544352827549,49.1838504157521,-0.787860966918631,-0.00376947420842108
8.9,164.99423250501,163,47.4277063938529,48.4954689183722,0.0920133583945031,1.9021872392829,4.55797967211758,48.5222638548201,-0.773192081342971,-0.00287225802732521
8.91666666666667,164.522958728514,163,47.4277063938529,47.8546707167938,0.123536248634854,1.9021872392829,4.55058059212609,47.8934047817202,-0.755156955277363,-0.00185647949481117
8.93333333333333,164.056367688706,162,46.4277063938529,47.2791270686152,0.15405949322811,1.9021872392829,4.54324614476834,47.2748020118641,-0.73728129308713,-0.000897472805092183
8.95,163.5947520074,162,46.4277063938529,46.66821601257,0.190301360808773,1.9021872392829,4.53597617422036,46.6874082796702,-0.716648258241359,0.000147795187757182
8.96666666666667,163.138409104872,161,45.4277063938529,46.1202755012836,0.224024603580728,1.9021872392829,4.52877051280192,46.1079148975484,-0.696845416644609,0.00110257660689275
8.98333333333333,162.687639988206,161,45.4277063938529,45.5347962253511,0.261944256930541,1.9021872392829,4.52162898140057,45.5567521415338,-0.674966061501764,0.00211104803418078
9,162.242747545514,160,44.4277063938529,45.0102272088647,0.295900275058778,1.9021872392829,4.51455138988521,45.010324982255,-0.654572184885397,0.0029992674973856
9.01666666666667,161.80403424795,159,43.4277063938529,44.4461682599567,0.332736462320551,1.9021872392829,4.50753753750915,44.4889514823952,-0.632708016869414,0.00391521200198534
9.03333333333333,161.371799158143,159,43.4277063938529,43.8448177775938,0.364451550593617,1.9021872392829,4.50058721330312,43.9690501427225,-0.612872194449804,0.00468924397504727
9.05,160.946334147729,158,42.4277063938529,43.3046758353148,0.386170985955583,1.9021872392829,4.49370019645826,43.4340654579467,-0.59723885841458,0.00522364062643711
9.06666666666667,160.527919242207,158,42.4277063938529,42.7253862800182,0.407195444145092,1.9021872392829,4.48687625669948,42.9098142829303,-0.581806190477652,0.00572247260487494
9.08333333333333,160.1168170426,157,41.4277063938529,42.2055425496455,0.421331018121667,1.9021872392829,4.48011515464923,42.376980132641,-0.569295858319273,0.00605654110688563
9.1,159.713266224441,157,41.4277063938529,41.6448803646597,0.436896033058407,1.9021872392829,4.47341664218207,41.8592634503534,-0.556114865759229,0.00640663384161059
9.11666666666667,159.317474188433,157,41.4277063938529,41.1420832567049,0.446975664667399,1.9021872392829,4.46678046277008,41.3357422730917,-0.545285761125822,0.00662658646663541
9.13333333333333,158.929609033449,156,40.4277063938529,40.6933324765721,0.459368638948836,1.9021872392829,4.46020635181945,40.8289146630914,-0.533433022415752,0.00688505309795043
9.15,158.549791136726,156,40.4277063938529,40.1986014007318,0.478685540851589,1.9021872392829,4.45369403699834,40.3539479358534,-0.518532021706748,0.00727755225117988
9.16666666666667,158.178084747284,155,39.4277063938529,39.7568107350342,0.495349150708688,1.9021872392829,4.44724323855624,39.8834636279067,-0.504739423249954,0.00759766047675432
9.18333333333333,157.814490109123,155,39.4277063938529,39.2680198453765,0.515296966592014,1.9021872392829,4.44085366963509,39.4351403798358,-0.489479454379056,0.00797276952923312
9.2,157.458936708337,154,38.4277063938529,38.831231091184,0.529994979909372,1.9021872392829,4.43452503657218,38.983634168807,-0.476472895553187,0.00822124461708347
9.21666666666667,157.111278259318,154,38.4277063938529,38.3465812263292,0.546194682910929,1.9021872392829,4.42825703919523,38.5482674409496,-0.462801532320732,0.00848957338738018
9.23333333333333,156.771289991588,153,37.4277063938529,37.9131458161704,0.555991488212397,1.9021872392829,4.42204937110959,38.1050205446002,-0.451919229817343,0.00861066099624587
9.25,156.438668663974,153,37.4277063938529,37.4311307334797,0.566618247593078,1.9021872392829,4.41590171997794,37.6742795679713,-0.440701699393958,0.00874190561802917
9.26666666666667,156.11303552705,153,37.4277063938529,36.9996766802315,0.570533470329492,1.9021872392829,4.40981376779254,37.2328761117706,-0.432445557885721,0.00872424684388973
9.28333333333333,155.793942204705,152,36.4277063938529,36.6154082618208,0.575239107706072,1.9021872392829,4.40378519114022,36.8018748752269,-0.423908283486123,0.00872085208650489
9.3,155.480879200945,152,36.4277063938529,36.1787277182524,0.576173867013028,2.20467851946474,4.39966166688242,36.3944650117652,-0.419735168282217,0.00882725317106065
9.31666666666667,155.173286568387,152,36.4277063938529,35.7994959571183,0.558542614836417,2.19542211207202,4.39866767675221,35.9726897320036,-0.42804545271774,0.00885997920098172
9.33333333333333,154.870565691025,151,35.4277063938529,35.483476602173,0.54723365582654,2.18948490859184,4.39760483110022,35.5608264313127,-0.43334042659398,0.00901454522393948
9.35,154.572091416088,151,35.4277063938529,35.1284687118188,0.548423733178736,2.19010969920174,4.39655648286329,35.1816694256767,-0.433012774119486,0.00942516391534089
9.36666666666667,154.27722435009,151,35.4277063938529,34.8317637784097,0.553005212356685,2.19251497577016,4.39558806918337,34.8121839980426,-0.431078798309757,0.00989785133682606
9.38333333333333,153.985322890813,151,35.4277063938529,34.5885891026899,0.5667045942051,2.19970715124058,4.39475507495134,34.4722643155077,-0.42510206119649,0.0105566562695902
9.4,153.695754373414,150,34.4277063938529,34.3946559363517,0.592078140863337,2.21302826323616,4.39414838569159,34.1742763762062,-0.414050903575165,0.0114581872054987
9.41666666666667,153.407904903873,150,34.4277063938529,34.1499212090025,0.629590681105996,2.23272234686355,4.39387146632526,33.9250194502332,-0.397811040443051,0.0126143710051694
9.43333333333333,153.12118763553,150,34.4277063938529,33.9537484598998,0.666811781444245,2.25226342454113,4.39397082242719,33.6904520137204,-0.381822440087722,0.013759542059767
9.45,152.835049354634,150,34.4277063938529,33.8031859066473,0.707836718765312,2.27380151663469,4.3944616947597,33.4833490730011,-0.364320723888426,0.0149820089455065
9.46666666666667,152.548975364336,149,33.4277063938529,33.6954427758358,0.754722761323186,2.29841668897758,4.39538566648406,33.3118523675275,-0.344447775692129,0.0163267890103197
9.48333333333333,152.262492878084,149,33.4277063938529,33.531640017205,0.808139946765165,2.32646071133462,4.39679579616602,33.1805922503906,-0.321956765042831,0.0178093180026071
9.5,151.975173063479,149,33.4277063938529,33.4119964900694,0.856254553209658,2.35172087971797,4.39869181137681,33.0547397013598,-0.301988663327459,0.0191759093106736
9.51666666666667,151.686631823822,148,32.4277063938529,33.3341510021294,0.903932875145327,2.3767519987342,4.40104823381896,32.9471474464193,-0.282409884271506,0.0205307004386989
9.53333333333333,151.396529566121,148,32.4277063938529,33.1993319629816,0.954035575535874,2.40305591643924,4.40387285968466,32.8665226504018,-0.261985156712954,0.0219353558593014
9.55,151.104570224904,148,32.4277063938529,33.107669086598,0.98991390983494,2.59512697616736,4.40844393840905,32.7804497915055,-0.249821893446459,0.0231710864967643
9.56666666666667,150.810499672884,147,31.4277063938529,33.062517435274,1.01713695329807,2.61418310659155,4.41491306704586,32.6984623913419,-0.243694842603757,0.0243798651295229
9.58333333333333,150.514103572687,147,31.4277063938529,32.9699963775015,1.04855341009001,2.63617462634591,4.42175754359268,32.6354993648962,-0.23578971480285,0.0256756791628708
9.6,150.215204665528,147,31.4277063938529,32.9286277203761,1.07601153343048,2.65539531268424,4.4289722688434,32.567521569197,-0.229646011457424,0.0268836642171363
9.61666666666667,149.913659952503,146,30.4277063938529,32.93448665232,1.10642415042153,2.67668414457798,4.43655172045115,32.5146612914958,-0.222259210212769,0.0281521095341264
9.63333333333333,149.609357906953,146,30.4277063938529,32.8874615853853,1.14348956700642,2.7026299361874,4.4445511861837,32.4901788681249,-0.212079604071519,0.0295626875250313
9.65,149.302215756754,145,29.4277063938529,32.886664994417,1.17716298373778,2.72620132789935,4.45298241994593,32.4651322908791,-0.203483923297746,0.0309005241953064
9.66666666666667,148.992176821893,145,29.4277063938529,32.8324386260249,1.21321496706371,2.7514377162275,4.46183926184818,32.4562025149798,-0.193961596867713,0.0322893198972176
9.68333333333333,148.679207955979,145,29.4277063938529,32.8240438910795,1.24321121491648,2.77243508972444,4.47109343275339,32.4374802883316,-0.187151059432293,0.033547197420896
9.7,148.363297079942,144,28.4277063938529,32.8581462991966,1.27410562853653,2.79406117925847,4.48071495967835,32.4281500651434,-0.180005473870486,0.0348223465708145
9.71666666666667,148.04445089097,144,28.4277063938529,32.8350827797894,1.30981720642932,2.81905928378343,4.49073630383586,32.4411463084911,-0.170856919433753,0.0362002762124825
9.73333333333333,147.722692720741,143,27.4277063938529,32.8542920969271,1.34420962177902,2.50708156908346,4.50041813354422,32.4475897449654,-0.161299867781361,0.0374717966405674
9.75,147.39806049288,143,27.4277063938529,32.8047380388603,1.40298037762437,2.53352840921387,4.50567673145965,32.4751347600184,-0.134323717272574,0.0387534025508301
9.76666666666667,147.070605111264,143,27.4277063938529,32.7757575827817,1.45067937255716,2.55499295693363,4.51133469777641,32.4945472243067,-0.112438466181021,0.0397971415262397
9.78333333333333,146.740389455363,142,26.4277063938529,32.7669196740081,1.4911136045338,2.57318836132311,4.51732242466542,32.512787810411,-0.0939407784471651,0.040684659401786
9.8,146.407487295629,142,26.4277063938529,32.6810976036237,1.52708313204309,2.5893746487023,4.52359490179868,32.535335910499,-0.077582362853716,0.0414760309245889
9.81666666666667,146.071982054429,142,26.4277063938529,32.6197660935784,1.5488898944627,2.59918769179112,4.53007759533509,32.5293438507835,-0.0675235184450862,0.0419631627001992
9.83333333333333,145.73396550846,142,26.4277063938529,32.581466865148,1.56336684149958,2.60570231795772,4.53668978779712,32.5101352777472,-0.0607396871596938,0.0422925476817692
9.85,145.393536448068,141,25.4277063938529,32.5644517275386,1.57511586200705,2.61098937718607,4.54339327567227,32.4890021960026,-0.0552057066410687,0.0425628810895308
9.86666666666667,145.050799423848,141,25.4277063938529,32.4705436413082,1.58702660981199,2.6163492136983,4.55017765269819,32.4738460178715,-0.0496598687195094,0.0428361712587687
9.88333333333333,144.705863621388,141,25.4277063938529,32.4004237505061,1.58906914505399,2.6172683545572,4.55700200833121,32.432921040257,-0.0484312308198885,0.0428972235496087
9.9,144.358841850905,140,24.4277063938529,32.3520691488835,1.58752600660208,2.61657394225384,4.56381590075378,32.3817925692801,-0.0487563628219611,0.0428807434122772
9.91666666666667,144.009849640994,140,24.4277063938529,32.2270026134187,1.58636813615332,2.6160529005519,4.57060695634448,32.3314781069554,-0.0489029095254884,0.0428719095816288
9.93333333333333,143.659004427767,140,24.4277063938529,32.125626976336,1.57620217033814,2.61147821593507,4.57733867372437,32.2524122223297,-0.0529269332639005,0.0426691702413009
9.95,143.30642483168,140,24.4277063938529,32.0456886847292,1.56363148769786,2.60582140874694,4.5839685631855,32.1616148782818,-0.05793161257921,0.0424141087182328
9.96666666666667,142.952230014971,140,24.4277063938529,31.9848958882819,1.55273495992547,2.60091797124936,4.5904937786145,32.0710182030528,-0.0621447387125836,0.0421942194384404
9.98333333333333,142.596539113069,140,24.4277063938529,31.9411005348393,1.54575240087127,2.59777581967498,4.59693485199174,31.9885093813399,-0.0646093300538961,0.042057589373219
10,142.239470733775,140,24.4277063938529,31.91239187178,1.54364543879837,2.59682768674217,4.60332408738982,31.9188891187099,-0.0649317254467678,0.0420249124509577
10.0166666666667,141.881142518378,140,24.4277063938529,31.8971299748561,1.54653708206082,2.59812892621027,4.60969769119217,31.8646984816057,-0.0630850600417603,0.0420989063610326
10.0333333333333,141.521670759252,140,24.4277063938529,31.8939412716822,1.55404229376836,2.60150627147866,4.61609077552844,31.826897634037,-0.0592621462452325,0.0422713951179768
10.05,141.161170068855,140,24.4277063938529,31.9016922314997,1.56550615493193,2.60666500900227,4.62253448130187,31.8053994676554,-0.0537700121526973,0.0425284122358382
10.0666666666667,140.7997530954,140,24.4277063938529,31.9194525989521,1.58016728247565,2.61326251639695,4.62905459606655,31.799472317386,-0.0469579727153467,0.0428537027552856
10.0833333333333,140.437530280796,140,24.4277063938529,31.9464557554949,1.59726329403028,2.62095572159653,4.63567117132143,31.8080313219748,-0.0391715832175443,0.0432309837150531
10.1,140.07460965683,140,24.4277063938529,31.9820609109565,1.61609315850936,2.62942916061211,4.64239876226932,31.8298394688672,-0.0307257590336949,0.0436452808828483
10.1166666666667,139.711096674096,140,24.4277063938529,32.0257197304129,1.63604885170701,2.63840922255106,4.64924701505172,31.8636384303054,-0.0218914705023293,0.0440836077649372
10.1333333333333,139.347094020661,141,25.4277063938529,32.07694854479,1.65662624919014,2.64766905141847,4.65622140998376,31.9082270261957,-0.0128915622569608,0.0445351996636723
10.15,138.982701394889,141,25.4277063938529,32.2316638037559,1.67742287535375,2.65702753319209,4.66332403482286,31.9625022853235,-0.00390229833043678,0.0449914660096456
10.1666666666667,138.61801532976,141,25.4277063938529,32.3870120100414,1.70978762824371,2.67159167199257,4.67060153212459,32.0623979457246,0.00997350982484142,0.0456959815180914
10.1833333333333,138.253129090969,141,25.4277063938529,32.5429924086376,1.74794953373677,2.68876452946445,4.67811677470828,32.1945501027198,0.026185223866954,0.0465251125030815
10.2,137.888132624466,142,26.4277063938529,32.6998721130809,1.78792378213619,2.70675294124419,4.68589631508309,32.3486924199103,0.0429839297547838,0.0473934842489961
10.2166666666667,137.52311249897,142,26.4277063938529,32.9543609050656,1.82711634474031,2.72438959441604,4.69394225019249,32.5172077675984,0.059242154690353,0.0482455142639399
10.2333333333333,137.158151801412,142,26.4277063938529,33.2043441404357,1.87563212462287,2.74622169536319,4.70228850933307,32.7315614912469,0.0793263931955565,0.0492980875624481
10.25,136.793330076029,143,27.4277063938529,33.4504541288269,1.92712171413777,2.7693920106449,4.71097853837379,32.9754958107768,0.100449046300325,0.0504151425107789
10.2666666666667,136.428723288052,143,27.4277063938529,33.7898226850987,1.97746462329655,2.79204631976635,4.72001687230693,33.2370141315975,0.120818259924649,0.0515083651227203
10.2833333333333,136.064403754925,143,27.4277063938529,34.1207450692227,2.03586449068797,2.81832626009249,4.72943088207577,33.5445152989665,0.14441404072187,0.0527753037741435
10.3,135.700440089458,144,28.4277063938529,34.4442127920151,2.09551709577865,2.84516993238329,4.73925245238874,33.8797006561319,0.168259698933656,0.0540701264106417
10.3166666666667,135.336897136235,144,28.4277063938529,34.8576487577311,2.15215025883239,2.87065485575748,4.74947234434278,34.229302486031,0.190507442665006,0.055301244523762
10.3333333333333,134.973835934596,145,29.4277063938529,35.2595677186762,2.21500882442748,2.89894121027527,4.76010378581369,34.6210028120068,0.21516530841612,0.0566670664119929
10.35,134.611313682268,145,29.4277063938529,35.7474715312837,2.27744134976413,2.92703584667676,4.77116527850605,35.0361672124489,0.239332485505549,0.0580250119889116
10.3666666666667,134.249383726835,145,29.4277063938529,36.2200829092603,2.34704215320694,2.95835620822603,4.78268279388629,35.4983625021138,0.266291221963289,0.0595381080045319
10.3833333333333,133.888095519972,146,30.4277063938529,36.6788052865392,2.41608055682543,2.98942348985435,4.79467743583688,35.9859199905991,0.292670263294817,0.0610406314132664
10.4,133.527494566903,146,30.4277063938529,37.2214180610535,2.47984191537152,3.01811610120009,4.80712415116154,36.4833382382894,0.316440957821626,0.0624314735895286
10.4166666666667,133.167622433948,146,30.4277063938529,37.7467199684405,2.54745421998782,3.04854163827742,4.82001833307204,37.0169146957047,0.341573248843045,0.063906500824196
10.4333333333333,132.808516773146,147,31.4277063938529,38.2560646380097,2.61235377720639,3.07774643902578,4.8333605985194,37.5672395791038,0.365217042867694,0.0653249766828928
10.45,132.450211380935,147,31.4277063938529,38.8471119046941,2.67067906819305,3.10399281996978,4.84711295183926,38.1205990642539,0.385723110424595,0.0666040568761031
10.4666666666667,132.092736220721,146,30.4277063938529,39.4185108776582,2.7321552921777,3.13165712076287,4.86126325850357,38.7046483538444,0.407325785023932,0.0679523902392478
10.4833333333333,131.736117438084,146,30.4277063938529,39.875104666438,2.79061602137205,3.15796444890033,4.87580832032261,39.3009675047389,0.427349872302335,0.0692377397883062
10.5,131.380377428947,146,30.4277063938529,40.3204943153459,2.83078756754775,3.17604164467939,4.89066151334948,39.8596104659602,0.439222562369313,0.0701323484884583
10.5166666666667,131.025534919153,145,29.4277063938529,40.755250015237,2.85641410200111,3.1875735851834,4.90569804445207,40.3842558798371,0.444658507363243,0.0707163316197127
10.5333333333333,130.671605073562,145,29.4277063938529,41.0830622224708,2.87075080450962,3.19402510131223,4.92081940007945,40.878751506348,0.445140820183632,0.071059339323697
10.55,130.318599602776,144,28.4277063938529,41.4060608814171,2.86483580348886,3.19136335085289,4.93590218388284,41.3097427365861,0.436862572068884,0.07096888420883
10.5666666666667,129.966526928456,143,27.4277063938529,41.6269565202708,2.84635567194906,3.18304729165998,4.95082292374511,41.6927719551541,0.423248162764482,0.0706095895178602
10.5833333333333,129.61539240939,142,26.4277063938529,41.7505155753132,2.80911726823571,3.16629000998897,4.96546001090877,42.0028620945415,0.401690834738726,0.069848320663695
10.6,129.265198597806,141,25.4277063938529,41.7809750587881,2.75070098773997,3.14000268376589,4.97966055528285,42.2243663748814,0.371244356872751,0.0686328127913268
10.6166666666667,128.915945543107,140,24.4277063938529,41.7219449671337,2.67115748090564,3.10420810569044,4.99326360148899,42.3485071967215,0.332040447810892,0.0669637513121203
10.6333333333333,128.567631163159,138,22.4277063938529,41.5764218052445,2.57202889761386,3.05960024320914,5.00611483051957,42.371358602476,0.284853275170322,0.0648738027596406
10.65,128.220251620545,137,21.4277063938529,41.2505080042141,2.45564473287669,3.00722736907742,5.01807498877902,42.2922615852275,0.230787720777795,0.0624125274027509
10.6666666666667,127.873801745388,136,20.4277063938529,40.8486720815297,2.31297988007732,2.9430281853177,5.0289766787288,42.0757060014769,0.16603544958913,0.0593858409892591
10.6833333333333,127.528275496664,135,19.4277063938529,40.3722282946904,2.1522016930781,2.87067800116805,5.03865438458646,41.736799704711,0.0942542786102902,0.0559684411566789
10.7,127.183666426836,133,17.4277063938529,39.822021532707,1.97956627668688,2.792992063792,5.04699678615381,41.2882663239797,0.0182330363507348,0.052294103225431
10.7166666666667,126.839968164739,132,16.4277063938529,39.10234182805,1.7997074538942,2.71205559353529,5.05393353103003,40.7404896630459,-0.0599733164837724,0.0484618654329015
10.7333333333333,126.497174936461,131,15.4277063938529,38.3162660367013,1.60428491119497,2.62411544932064,5.05937703052156,40.0648296746083,-0.143933756047561,0.0442924159975781
10.75,126.155282063547,130,14.4277063938529,37.4641452115799,1.40113429621231,2.53269767257845,5.06324269000849,39.2802880656876,-0.230192953383717,0.0399534388805248
10.7666666666667,125.814286479628,128,12.4277063938529,36.5462531386951,1.20610121649605,2.30924639985032,5.06334867856072,38.4045751626486,-0.308748346881267,0.0355561347148087
10.7833333333333,125.474187227954,127,11.4277063938529,35.4620843183787,1.01035279483525,2.2431813075398,5.06204453331172,37.4504631083037,-0.386901431802561,0.0311585418931326
10.8,125.134985983209,126,10.4277063938529,34.3116318026622,0.802092123000481,2.17289333079557,5.05952942561098,36.3839080209052,-0.470092503748267,0.0265330355116528
10.8166666666667,124.79668772283,125,9.42770639385292,33.0981519422789,0.587216400377008,2.10037277441014,5.05575330674152,35.2185918579903,-0.555722299824576,0.0218065176076135
10.8333333333333,124.459301254207,124,8.42770639385292,31.8246328898739,0.370235976582653,2.02714188137955,5.05069550850643,33.966278896108,-0.641807469392681,0.0170751728234054
10.85,124.122839561519,123,7.42770639385292,30.4939309051348,0.154502000249877,1.95433166436724,5.04435758914399,32.6369550894906,-0.726878694397948,0.0124096159809894
10.8666666666667,123.787319973511,122,6.42770639385292,29.1088626892939,-0.0568223792467527,1.84536486003615,5.03660561846671,31.2391437692826,-0.809335821154781,0.00785983681507497
10.8833333333333,123.452764226354,121,5.42770639385292,27.6709621396683,-0.254271354020888,1.64791588526202,5.02586995169504,29.7826239669594,-0.882759366460225,0.00345651595063484
10.9,123.119198546795,120,4.42770639385292,26.1775257935494,-0.436244758446474,1.46594248083643,5.01191766441769,28.277710495571,-0.946118622432939,-0.000799044848697388
10.9166666666667,122.786653841012,119,3.42770639385292,24.6238936939287,-0.605094431837556,1.29709280744535,4.9949930666015,26.7293813473998,-1.00079556742786,-0.00493913388959956
10.9333333333333,122.455166095341,118,2.42770639385292,23.007199804792,-0.764101712986054,1.13808552629685,4.97529308734216,25.1378696320772,-1.04851323681634,-0.00901918481786175
10.95,122.124776888783,117,1.42770639385292,21.3259956159574,-0.916645788926162,0.985541450356741,4.95295916781993,23.5009061982066,-1.09096734973185,-0.0131003317259815
10.9666666666667,121.795533852044,117,1.42770639385292,19.5798721195404,-1.06792786754617,0.902187239282904,4.92852335211908,21.8148957405088,-1.13122361622674,-0.0172391055845767
10.9833333333333,121.467491223669,116,0.427706393852915,17.8677722451003,-1.22912824176392,0.902187239282904,4.9038445603804,20.0724824396483,-1.17685720077785,-0.0214763735495772
11,121.140712585943,115,-0.572293606147085,16.0951625479032,-1.39004577619792,0.902187239282904,4.87915773287941,18.3034400538833,-1.2237319742018,-0.0255689019412556
11.0166666666667,120.815269732206,115,-0.572293606147085,14.272457900947,-1.55460375443484,0.902187239282904,4.85446958049826,16.4938381124597,-1.27349765078788,-0.0296029918544934
11.0333333333333,120.491240049984,114,-1.57229360614708,12.505544996268,-1.72375492165421,0.902187239282904,4.82978659921824,14.6377346056031,-1.32652755897159,-0.0335993738693317
11.05,120.168706001524,113,-2.57229360614708,10.7006783457665,-1.8846608355331,0.902187239282904,4.80511507531454,12.7717926465285,-1.37716900348201,-0.0372879244179176
11.0666666666667,119.847754528662,113,-2.57229360614708,8.8659804882916,-2.04049348280025,0.902187239282904,4.78046109043922,10.887263266489,-1.42670365543584,-0.0407451319210798
11.0833333333333,119.528476398103,113,-2.57229360614708,7.10519536675156,-2.1923822638863,0.902187239282904,4.75583052659461,8.98081531574122,-1.47554129510779,-0.0440018504470607
11.1,119.210965537841,112,-3.57229360614708,5.41893606075792,-2.32826392439548,0.902187239282904,4.73122907099939,7.08986519146664,-1.51833121751456,-0.0468103648422881
11.1166666666667,118.895318394917,112,-3.57229360614708,3.71102573206852,-2.44054922018847,0.902187239282904,4.70666222084953,5.24208567684167,-1.55161836005985,-0.0490261271681106
11.1333333333333,118.581633331698,112,-3.57229360614708,2.08369716803555,-2.53691007047265,0.902187239282904,4.68213528797613,3.42044556172847,-1.57858888885408,-0.0508310317695708
11.15,118.270010069475,111,-4.57229360614708,0.53618373950454,-2.6103872287501,0.902187239282904,4.6576534034024,1.65105657592988,-1.59607998172351,-0.0520927943902292
11.1666666666667,117.960549182788,111,-4.57229360614708,-1.02894716232415,-2.65731753945082,0.902187239282904,4.63322152180171,-0.0477012872905906,-1.60233988578208,-0.0527534083889555
11.1833333333333,117.65335164457,111,-4.57229360614708,-2.51060188363822,-2.6883391844238,0.902187239282904,4.60884442585871,-1.70046525842833,-1.60186079140465,-0.0530580144690927
11.2,117.348518420161,111,-4.57229360614708,-3.9105766306064,-2.69868143981008,0.902187239282904,4.5845267305356,-3.28731811922525,-1.59246176847748,-0.0529189243056492
11.2166666666667,117.046150107114,111,-4.57229360614708,-5.23087341615713,-2.68624355531387,0.902187239282904,4.56027288724534,-4.79489564095948,-1.57310998872346,-0.0523079202388326
11.2333333333333,116.746346617192,110,-5.57229360614708,-6.47366787165472,-2.65083457748633,0.902187239282904,4.53608718793378,-6.21489329209959,-1.54360387601703,-0.0512381388383451
11.25,116.449206896752,110,-5.57229360614708,-7.73763716887684,-2.59358479544572,0.902187239282904,4.51197376907258,-7.54287282402325,-1.50432632980839,-0.0497502006529063
11.2666666666667,116.154828681787,110,-5.57229360614708,-8.92277953433663,-2.52838568791535,0.902187239282904,4.48793661556463,-8.81428780082284,-1.4612548939845,-0.0481518697286791
11.2833333333333,115.863308284102,110,-5.57229360614708,-10.0318416006306,-2.45253025132062,0.902187239282904,4.46397956456392,-10.0175187128397,-1.41318824325241,-0.0463907225217767
11.3,115.574740405351,110,-5.57229360614708,-11.0676450563741,-2.36507348372879,0.902187239282904,4.44010630921138,-11.1454770091933,-1.3596832258238,-0.0444533413003384
11.3166666666667,115.289217813709,109,-6.57229360614708,-12.0330646400005,-2.26629739431397,0.902187239282904,4.41632040228868,-12.1945173947472,-1.3008310898793,-0.0423526642716405
11.3333333333333,115.006829544581,109,-6.57229360614708,-13.0273657294538,-2.15730158768952,0.902187239282904,4.39262525979146,-13.1635749467382,-1.23708516641376,-0.0401184222334636
11.35,114.727659721243,109,-6.57229360614708,-13.9510330182492,-2.05158486167834,0.902187239282904,4.36902416442367,-14.0904593578106,-1.17433029358933,-0.0380401655201202
11.3666666666667,114.451788240513,109,-6.57229360614708,-14.8072065325831,-1.94579675253963,0.902187239282904,4.34552026901474,-14.9651079279897,-1.11115617274647,-0.0360425418111869
11.3833333333333,114.179291428681,109,-6.57229360614708,-15.5990164623998,-1.83818460671665,0.902187239282904,4.32211659986108,-15.7813657411492,-1.04683121844733,-0.0340864883158906
11.4,113.91024252839,109,-6.57229360614708,-16.3295688641864,-1.72812531624055,0.902187239282904,4.29881605999345,-16.5360399032134,-0.981107442914736,-0.0321580920606171
11.4166666666667,113.644712060997,109,-6.57229360614708,-17.0019330356054,-1.61576667553208,0.902187239282904,4.2756214323718,-17.2281506234104,-0.914070219561982,-0.030260147309118
11.4333333333333,113.382768097345,108,-7.57229360614708,-17.6191304422997,-1.50175568241652,0.902187239282904,4.25253538300896,-17.8583412409638,-0.846023766042384,-0.0284058392025781
11.45,113.124476461345,108,-7.57229360614708,-18.28048254796,-1.38703545308665,0.902187239282904,4.22956046402478,-18.4284162367636,-0.777404925487875,-0.0266140939006654
11.4666666666667,112.869900884334,108,-7.57229360614708,-18.8864490631133,-1.28458728915543,0.902187239282904,4.20669911663201,-18.9779573270318,-0.713919982939683,-0.025156381744888
11.4833333333333,112.619103123506,108,-7.57229360614708,-19.4400728928598,-1.19030589833796,0.902187239282904,4.1839536740555,-19.4978339111113,-0.653870351540742,-0.0239348642640985
11.5,112.372143054207,108,-7.57229360614708,-19.9443232823905,-1.10154074022633,0.902187239282904,4.16132636438586,-19.9821883559137,-0.596166668707934,-0.0228857356002508
11.5166666666667,112.1290787433,108,-7.57229360614708,-20.4020892441868,-1.01669864763995,0.902187239282904,4.13881931336921,-20.4276528866395,-0.540164270897354,-0.0219696636735112
11.5333333333333,111.889966508381,107,-8.57229360614708,-20.8161740932011,-0.936667581661928,0.965519657620976,4.11678544459864,-20.8329990719937,-0.48679657040233,-0.0211643652198813
11.55,111.65486096851,107,-8.57229360614708,-21.2834445641209,-0.865289702272728,1.03689753701018,4.09610375445231,-21.2006339855757,-0.439021636819177,-0.0204548262559977
11.5666666666667,111.423815045611,107,-8.57229360614708,-21.6996568109213,-0.812668491650835,1.08951874763207,4.07657926872988,-21.5697279218388,-0.40097570275999,-0.0200693384696834
11.5833333333333,111.196879833714,107,-8.57229360614708,-22.0640143212858,-0.800691614947963,1.10149562433494,4.06397071909669,-21.9318560060744,-0.390569355546563,-0.019856649434961
11.6,110.974104326923,107,-8.57229360614708,-22.3781250097225,-0.789147423527582,1.9021872392829,4.05148339683522,-22.2863395465688,-0.380333780406089,-0.019663262643033
11.6166666666667,110.755535145814,107,-8.57229360614708,-22.6176286006222,-0.778972887023562,1.9021872392829,4.0404003369565,-22.6207430634466,-0.372504507214601,-0.0193735950607696
11.6333333333333,110.541215843929,106,-9.57229360614708,-22.7617523720927,-0.786195374017887,1.9021872392829,4.03543399997843,-22.9253191875696,-0.380761650779479,-0.0188338924605917
11.65,110.331185332513,106,-9.57229360614708,-22.9165091590708,-0.772471551484305,1.9021872392829,4.03058892638307,-23.1746848177686,-0.379585895437567,-0.0178663223287882
11.6666666666667,110.125476707118,106,-9.57229360614708,-22.9884875923794,-0.74581946331716,1.9021872392829,4.02586249322949,-23.3863901756494,-0.372379788045101,-0.0166552539731303
11.6833333333333,109.924116783856,106,-9.57229360614708,-22.9863280693837,-0.700643091998721,1.9021872392829,4.02125213069323,-23.5382022651826,-0.356641198401671,-0.0150921275955272
11.7,109.727126063205,105,-10.5722936061471,-22.9180961605837,-0.635134603193745,1.9021872392829,4.01675532103441,-23.6176905895866,-0.331499102696015,-0.0131520948601184
11.7166666666667,109.534518939891,105,-10.5722936061471,-22.8876629356416,-0.5500254864903,1.9021872392829,4.01236959758525,-23.6195834642823,-0.29718926698739,-0.0108647508326568
11.7333333333333,109.346304048051,104,-11.5722936061471,-22.7995746049587,-0.459544666951884,1.9021872392829,4.00809254375682,-23.5806916629345,-0.259860749614401,-0.00854269337432424
11.75,109.162484672787,104,-11.5722936061471,-22.7568851881554,-0.361714318304421,1.9021872392829,4.00392179206441,-23.4921163105617,-0.218655789935582,-0.00614637359569429
11.7666666666667,108.983059185098,103,-12.5722936061471,-22.6633753077288,-0.268361879698568,1.9021872392829,3.99985502317146,-23.3872164136955,-0.178744710418681,-0.00392810743522353
11.7833333333333,108.808021473841,103,-12.5722936061471,-22.6213830244757,-0.175406835385217,1.9021872392829,3.9958899649515,-23.2538646589416,-0.138404574210562,-0.00179643906951077
11.8,108.63736135916,102,-13.5722936061471,-22.5340207536251,-0.0928569612470969,1.9021872392829,3.99202439156785,-23.1224425693911,-0.102049724852098,4.04617167874353e-05
11.8166666666667,108.471064978884,101,-14.5722936061471,-22.5030041923178,-0.0150750790927075,1.9021872392829,3.98825612257073,-22.978108860058,-0.0673040069160325,0.00171112051099147
11.8333333333333,108.309115144029,101,-14.5722936061471,-22.5272247754204,0.0492471126513886,1.9021872392829,3.9845830220115,-22.8487961660592,-0.038023596351766,0.00303807348916639
11.85,108.151491662411,100,-15.5722936061471,-22.5090657607032,0.0949543987302847,1.9021872392829,3.98100299757361,-22.7544485095744,-0.0165615744104402,0.00392474337635774
11.8666666666667,107.99817163119,99,-16.5722936061471,-22.5495782300031,0.131386468901072,1.9021872392829,3.9775139997201,-22.6718186125996,0.00104645078481745,0.00458310040186703
11.8833333333333,107.849129700235,98,-17.5722936061471,-22.64704979519,0.152632360340573,1.9021872392829,3.97411402085722,-22.6220996528464,0.0121514678108138,0.00489676079056291
11.9,107.704338308672,97,-18.5722936061471,-22.7996745078592,0.155582747185726,1.9021872392829,3.97080109451389,-22.619860458542,0.015302016237364,0.00481257650404609
11.9166666666667,107.563767897263,97,-18.5722936061471,-23.0055718897875,0.139149732634012,1.9021872392829,3.96757329453677,-22.6745681513072,0.00991972692123066,0.00432197099077283
11.9333333333333,107.427387099215,96,-19.5722936061471,-23.1664467962497,0.103663147884532,1.9021872392829,3.96442873430058,-22.7918009114304,-0.00395309290456719,0.00344664241264225
11.95,107.295162911926,96,-19.5722936061471,-23.3827585876397,0.0622989520560447,1.9021872392829,3.96136556593344,-22.9372343720223,-0.0206474848782101,0.0024778867001852
11.9666666666667,107.167060851999,95,-20.5722936061471,-23.5559258570288,0.0117106348719937,1.9021872392829,3.9583819795569,-23.1236130060588,-0.0416445050170378,0.00134899637350847
11.9833333333333,107.043045095595,95,-20.5722936061471,-23.7861435857838,-0.0377260272975664,1.9021872392829,3.95547620254046,-23.3221733763303,-0.0624398598077593,0.000284387955854677
12,106.923078606029,95,-20.5722936061471,-23.9745867913725,-0.0914711680921881,1.9021872392829,3.95264649877019,-23.5499442710841,-0.0853974445244615,-0.000832737038014965
12.0166666666667,106.807123250237,95,-20.5722936061471,-24.1248691530472,-0.140727543504096,1.9021872392829,3.94989116793132,-23.7814355573998,-0.106675521280726,-0.00181503617955142
12.0333333333333,106.695139905562,95,-20.5722936061471,-24.2403990587233,-0.180228005069866,1.9021872392829,3.94720854480449,-23.999177009991,-0.123928629042999,-0.00255620068845664
12.05,106.587088558113,95,-20.5722936061471,-24.3243851779993,-0.207255353557842,1.9021872392829,3.94459699857534,-24.1917916557105,-0.135900666473814,-0.00300746487045187
12.0666666666667,106.482928393785,95,-20.5722936061471,-24.3798424100797,-0.220889181430637,1.9021872392829,3.94205493215731,-24.3524755516654,-0.142110755973207,-0.00315971370969761
12.0833333333333,106.382617882862,95,-20.5722936061471,-24.4095981366732,-0.221432535184958,1.9021872392829,3.93958078152732,-24.4778046724612,-0.142612836091281,-0.00303000165194238
12.1,106.28611485901,96,-19.5722936061471,-24.4162987160336,-0.209980354510775,1.9021872392829,3.93717301507412,-24.5668042704378,-0.137813582089178,-0.00265152865499012
12.1166666666667,106.19337659336,96,-19.5722936061471,-24.3060586946939,-0.188099092118402,1.9021872392829,3.93483013295905,-24.6202281438871,-0.128336239838271,-0.00206630927305409
12.1333333333333,106.104359864255,97,-18.5722936061471,-24.1836210598397,-0.145701670400565,1.9021872392829,3.93255066648901,-24.6030298104849,-0.109719659727702,-0.00106976909830027
12.15,106.019021023186,97,-18.5722936061471,-23.9545546355242,-0.0898983006859936,1.9021872392829,3.93033317750144,-24.5301542254657,-0.0849738679450321,0.000173402671258828
12.1666666666667,105.937316057352,98,-17.5722936061471,-23.7230653583129,-0.014373771910736,1.9021872392829,3.92817625776096,-24.3770496315223,-0.0512816354090093,0.00178677007356945
12.1833333333333,105.859200649223,98,-17.5722936061471,-23.3941953676615,0.0713237651744625,1.9021872392829,3.92607852836762,-24.1662699558939,-0.0127342252740821,0.00355561728478567
12.2,105.784630233436,99,-16.5722936061471,-23.0716357407691,0.172061925013724,1.9021872392829,3.92403863917643,-23.8786353694647,0.0328251536163568,0.00557614292515633
12.2166666666667,105.71356005131,99,-16.5722936061471,-22.659926825575,0.277567418683323,1.9021872392829,3.92205526822796,-23.5403518961265,0.0809545059524307,0.00762248771096425
12.2333333333333,105.64594520324,100,-15.5722936061471,-22.2622720190728,0.392497806296944,1.9021872392829,3.92012712118991,-23.1345826669626,0.133683184330901,0.00979098789598879
12.25,105.58174069918,100,-15.5722936061471,-21.7827389611261,0.506725638175406,1.9021872392829,3.9182529308093,-22.6888921528969,0.186598349906592,0.0118634491029226
12.2666666666667,105.52090150742,101,-14.5722936061471,-21.3240740065784,0.625289223730852,1.9021872392829,3.91643145637518,-22.1870726769946,0.24186409210084,0.0139485817970746
12.2833333333333,105.463382601833,101,-14.5722936061471,-20.7899039605811,0.738585939384496,1.9021872392829,3.91466148319163,-21.6567881675563,0.295269297328276,0.015843190914651
12.3,105.409139007755,101,-14.5722936061471,-20.28255095382,0.830417353837464,2.48347938696913,3.91736907108807,-21.0846758804095,0.333303926123116,0.017673291556707
12.3166666666667,105.358125828588,102,-13.5722936061471,-19.7813636007906,0.887350457132079,2.52333255927536,3.92580163889091,-20.5186641432472,0.348451306295202,0.0192972253120285
12.3333333333333,105.310297828759,102,-13.5722936061471,-19.1702759969033,0.934767993784372,2.55652483493196,3.93488501436759,-19.9657012411447,0.359109333562937,0.0207319509850918
12.35,105.265608116991,103,-12.5722936061471,-18.5531909092583,0.987884326705779,2.59370626797695,3.94459986892282,-19.3822074867052,0.371910082414237,0.0223029412631576
12.3666666666667,105.224006878503,103,-12.5722936061471,-17.8349894350265,1.04352169279223,2.63265242423747,3.95498910927589,-18.775908910078,0.385436166275598,0.0239435321109299
12.3833333333333,105.185440448732,103,-12.5722936061471,-17.1190380138877,1.1109698875599,2.67986616057484,3.96613713022958,-18.1162570864883,0.403646657361406,0.0258560867332171
12.4,105.149850618234,104,-11.5722936061471,-16.405616264912,1.18304775410585,2.730320667157,3.97813312037116,-17.4208958288815,0.423343181766576,0.0278897518697308
12.4166666666667,105.117174116135,104,-11.5722936061471,-15.5982047202307,1.25500857978105,2.78069324512964,3.99099726136754,-16.7033107514728,0.442452937566027,0.0299431782866289
12.4333333333333,105.087342239266,104,-11.5722936061471,-14.7989765943637,1.33550361369516,2.83703976886951,4.00477865076604,-15.9364816693109,0.464695182600221,0.0322035417190176
12.45,105.06028060594,104,-11.5722936061471,-14.0072625045363,1.41730540726965,2.89430102437166,4.01952740312329,-15.1399594310257,0.486891732821743,0.0345173929877659
12.4666666666667,105.035909021115,105,-10.5722936061471,-13.2221903865205,1.49596094983042,2.9493599041642,4.03522621779653,-14.328027297345,0.507135187400776,0.0367881756242947
12.4833333333333,105.014141444169,105,-10.5722936061471,-12.3466378457019,1.56904430745271,3.0005182544998,4.05181823893428,-13.5106506543315,0.524435998953616,0.0389613200155711
12.5,104.994886052504,105,-10.5722936061471,-11.4825446588793,1.64705821053561,3.05512798665783,4.06929982031804,-12.6575624822725,0.543367744186767,0.0412617112891528
12.5166666666667,104.978045394257,105,-10.5722936061471,-10.6292371881984,1.72417118183046,3.10910706656423,4.0876872143433,-11.7855553014018,0.561389403183777,0.0435646057594178
12.5333333333333,104.963516622161,105,-10.5722936061471,-9.78596457148238,1.79692574499688,3.16003526078072,4.10694314617894,-10.9067123867031,0.57704275902322,0.0457941215782587
12.55,104.951191798686,105,-10.5722936061471,-8.95213625330586,1.86356370864586,3.206681835335,4.12700043468972,-10.0293381318381,0.58963542603418,0.0479097163573322
12.5666666666667,104.940958260582,105,-10.5722936061471,-8.12743403222744,1.92346950193825,3.24861589063968,4.14777844336349,-9.15886999125307,0.598982606983291,0.0498949012702919
12.5833333333333,104.932699029294,105,-10.5722936061471,-7.31184160872205,1.97673789912166,3.28590376866806,4.16919378373775,-8.29868526014155,0.605208789198446,0.0517483886229987
12.6,104.926293252707,105,-10.5722936061471,-6.50562446401166,2.02385679258106,3.31888699408965,4.19116667045718,-7.45076468500429,0.608603838802979,0.0534775313414102
12.6166666666667,104.921616664981,105,-10.5722936061471,-5.70928376178081,2.06548779841095,3.34802869817057,4.21362416863282,-6.61620633898755,0.609524718736417,0.0550937365213737
12.6333333333333,104.918542084979,105,-10.5722936061471,-4.92350034868595,2.10232482273044,3.37381461519421,4.2365013559432,-5.79560161698566,0.608333142969139,0.0566094687174447
12.65,104.916939974944,105,-10.5722936061471,-4.14907896306719,2.13501128194443,3.396695136644,4.25974119262633,-4.98929436732956,0.605359969953911,0.0580364610532398
12.6666666666667,104.916678996628,105,-10.5722936061471,-3.38689834497065,2.16409899363475,3.41705653482723,4.2832936807866,-4.19754716348029,0.600888370133702,0.0593847932494649
12.6833333333333,104.917626568838,104,-11.5722936061471,-2.63786985746091,2.19003482914051,3.43521161968126,4.30711471461311,-3.42063791154094,0.5951493243553,0.0606625542036678
12.7,104.919649400333,104,-11.5722936061471,-1.99926268374447,2.2131643976964,3.45140231767038,4.33116487994546,-2.65890712494318,0.588324537792694,0.0618758691027521
12.7166666666667,104.922613950515,105,-10.5722936061471,-1.36952662657702,2.22221167380136,3.45773541094385,4.3553354133928,-1.94966657064713,0.57561366184505,0.0627789039599651
12.7333333333333,104.926386801688,105,-10.5722936061471,-0.653651158246833,2.22305776750933,3.45832767653943,4.37949382585338,-1.28079650830408,0.559689609317168,0.0634930484365335
12.75,104.930835025043,105,-10.5722936061471,0.0442339362873654,2.23120810278182,3.46403291123018,4.40363769523182,-0.606357965794288,0.547278119529058,0.0643512591756163
12.7666666666667,104.93582654866,105,-10.5722936061471,0.722876437239657,2.24345555962333,3.47260613101924,4.42782840382601,0.0673648399484966,0.53691568127882,0.0652875108295588
12.7833333333333,104.941230503599,105,-10.5722936061471,1.3815313423232,2.25735783868515,3.48233772636251,4.45209463305076,0.734874722785036,0.527504170301001,0.0662508643229161
12.8,104.946917532741,105,-10.5722936061471,2.01977224932892,2.27116353598004,3.49200171446893,4.47644086776064,1.39163896909442,0.518269788285624,0.0672042361038193
12.8166666666667,104.952760022496,105,-10.5722936061471,2.63735702067386,2.28988166566032,3.50510440524513,4.49960152475877,2.03409462281574,0.513217952675558,0.0681222734679657
12.8333333333333,104.958632226653,105,-10.5722936061471,3.23428855015635,2.34183633546863,2.95601359024379,4.51554798636762,2.67526545370371,0.533287550920438,0.068970203884526
12.85,104.96441038475,106,-9.57229360614708,3.79122606880399,2.39069998225917,2.97800223129953,4.53093023634014,3.31775327059947,0.552871236699351,0.0696713539008987
12.8666666666667,104.969973230007,106,-9.57229360614708,4.38790566323912,2.42741898459071,2.99452578234872,4.54654199738295,3.94283397751788,0.566829052782117,0.0701232069164125
12.8833333333333,104.975203161149,106,-9.57229360614708,4.92691972294657,2.45929186583201,3.00886857890731,4.56232000686084,4.56794750835995,0.578381872424307,0.0704820051200191
12.9,104.979987116089,107,-8.57229360614708,5.4129583386545,2.47950640343136,3.01796512082701,4.57819889261914,5.16908033631271,0.584621988832675,0.0706012832903879
12.9166666666667,104.98421697425,107,-8.57229360614708,5.94656153338285,2.48491749601965,3.02040011249174,4.59407677977111,5.7309118828051,0.584259780490504,0.0704131660738048
12.9333333333333,104.987789684582,107,-8.57229360614708,6.4288451150357,2.48648605612061,3.02110596453718,4.60988525056036,6.28149521748862,0.582108997964611,0.0701524199226402
12.95,104.990607223693,108,-7.57229360614708,6.86312618888227,2.47949335534091,3.01795924918631,4.62557510245962,6.80406059574857,0.576158351005653,0.0697174885376206
12.9666666666667,104.992576451386,108,-7.57229360614708,7.34876067741369,2.46178526803521,3.00999060989875,4.64107200506568,7.28794024690263,0.565527860425243,0.0690617801593299
12.9833333333333,104.993608908267,109,-6.57229360614708,7.78590257630547,2.44457982394838,3.00224816005967,4.65633962918032,7.76392819943017,0.555119138440366,0.0684256171316704
13,104.993620585258,109,-6.57229360614708,8.27348695775583,2.42296123162639,2.99251979351478,4.67136098848959,8.2166462806241,0.542811583855895,0.0677032633106403
13.0166666666667,104.992665842127,110,-5.57229360614708,8.71153697348024,2.40598676622159,2.98488128408262,4.68613871944259,8.67283792887927,0.532540443020343,0.0670887641947352
13.0333333333333,104.991624951876,110,-5.57229360614708,9.19903915767366,2.38711802643283,2.97639035117768,4.70068068831491,9.1138100000149,0.521462638072399,0.0664416319754484
13.05,104.991545838044,111,-4.57229360614708,9.63617131910924,2.37424513586139,2.97059755042053,4.71500396164098,9.56370744067365,0.512996238241309,0.0659309158904785
13.0666666666667,104.994434716152,112,-3.57229360614708,10.1221223327663,2.3600299247598,2.96420070542481,4.72912351290383,10.0018834675846,0.503945792917329,0.0653990015368304
13.0833333333333,105.003085155532,113,-2.57229360614708,10.6536406273804,2.35184688354104,2.96051833687637,4.74305863294859,10.4510763055344,0.497503886661085,0.0650038984918015
13.1,105.020854775135,113,-2.57229360614708,11.2276777844233,2.35371280838271,2.96135800305512,4.75687068749554,10.9265970584722,0.495375082928804,0.0648316754989614
13.1166666666667,105.051781885456,114,-1.57229360614708,11.7452016827944,2.36730870995467,2.96747615876251,4.77064191441076,11.4380732953568,0.498234935416223,0.064918350266993
13.1333333333333,105.101199259849,115,-0.572293606147085,12.3064113277763,2.3811215466736,2.97369193528602,4.78441380940325,11.9540311541807,0.50105659291128,0.0650168536897914
13.15,105.177451588402,116,0.427706393852915,12.9090944218464,2.39990496246015,2.98214447238997,4.79820693475149,12.4894651515434,0.505894132427974,0.065229033324537
13.1666666666667,105.294935324301,116,0.427706393852915,13.5511566539299,2.42619350398405,2.99397431607573,4.8120687166085,13.0544053078672,0.513818859710337,0.0656091907770734
13.1833333333333,105.475682624064,117,1.42770639385292,14.1343753971899,2.46098276283154,3.0096294825571,4.82605945087873,13.6550851991665,0.525224720333338,0.0661786506574184
13.2,105.744902053541,117,1.42770639385292,14.7595924650863,2.49260193713715,3.02385811099462,4.84019561568119,14.258024445171,0.535034481392652,0.06668695844486
13.2166666666667,106.123804520001,118,2.42770639385292,15.3287160294381,2.52597114537555,3.0388742547019,4.85447284351658,14.8771863710845,0.545392466789665,0.0672395256983682
13.2333333333333,106.627128315391,118,2.42770639385292,15.9424190722987,2.55230879368794,3.05072619644248,4.86886835393451,15.4852969122765,0.552503904852094,0.0676478100861913
13.25,107.264824564631,118,2.42770639385292,16.5022810334105,2.57856789754952,3.06254279318019,4.88335684668451,16.1010998906813,0.559410538240054,0.0680607926662103
13.2666666666667,108.043799803749,118,2.42770639385292,17.0122246009167,2.59732190374574,3.07098209596849,4.89790721926142,16.7008560478591,0.56291160557414,0.0683189791138986
13.2833333333333,108.967460777297,118,2.42770639385292,17.475872566383,2.60470458282589,3.07430430155455,4.91244678359564,17.2688874029388,0.561381837913444,0.068339169213448
13.3,110.036497987468,118,2.42770639385292,17.8963864534465,2.59929397531076,3.07186952817274,4.92688360637728,17.7956227079565,0.554270761151505,0.0680905496162824
13.3166666666667,111.249514702808,119,3.42770639385292,18.2764186518702,2.58124612390696,3.06374799504104,4.94112147329473,18.2759335502357,0.541715805250633,0.0675761356290832
13.3333333333333,112.603367870389,119,3.42770639385292,18.7144924835047,2.55165016707553,3.05042981446689,4.95506919598237,18.7077822409931,0.52425562486025,0.0668189539864211
13.35,114.093448802618,119,3.42770639385292,19.1099104712906,2.52372822203348,3.03786493919797,4.96869302921991,19.1280920715723,0.507658490640274,0.0661023946287783
13.3666666666667,115.713914045273,119,3.42770639385292,19.4644679863228,2.49366620442852,3.02433703127574,4.98199003479828,19.5256266489677,0.490270490441325,0.0653444518844682
13.3833333333333,117.457879002003,119,3.42770639385292,19.7799584678961,2.45933675637154,3.0088887796501,4.99493543314112,19.8928314376498,0.471185700592823,0.0644992668011689
13.4,119.317609240257,119,3.42770639385292,20.0580721329508,2.41980393991591,2.99109901224506,5.00749332209184,20.2250154580681,0.450023390312612,0.0635465177422553
13.4166666666667,121.284675475879,119,3.42770639385292,20.3003511157342,2.37492940624984,2.97090547209533,5.01962407361653,20.519631006328,0.426751698739444,0.0624829837839106
13.4333333333333,123.350055678886,119,3.42770639385292,20.5081812479952,2.32507195110879,2.94846961728186,5.03128913909333,20.7756723253245,0.401553738142637,0.0613161080386836
13.45,125.504216749432,120,4.42770639385292,20.6828057025881,2.27086770075764,2.92407770462384,5.04245391465137,20.9931953425613,0.374730110025497,0.0600592879493112
13.4666666666667,127.737183209355,121,5.42770639385292,20.9217074035227,2.21307652185048,2.89807167411562,5.0530892156491,21.1729493457312,0.346631179437027,0.0587285841301644
13.4833333333333,130.038598761261,122,6.42770639385292,21.2198421143943,2.16414002577587,2.87605025088204,5.06321902286837,21.3530284746616,0.322644299734522,0.0575907453431927
13.5,132.397788354272,123,7.42770639385292,21.5725056893647,2.13092101667512,2.86110169678671,5.07293865723077,21.5592692407623,0.30568353791143,0.0567929882873277
13.5166666666667,134.803839720353,124,8.42770639385292,21.975621392368,2.11639175824947,2.85456353049517,5.08237951384298,21.8081160964112,0.296948169874215,0.0563991611408753
13.5333333333333,137.245677371166,125,9.42770639385292,22.4258451367452,2.12096015379938,2.85661930849262,5.09168505475642,22.1091007092154,0.296515786563803,0.0564181536094139
13.55,139.712150522428,127,11.4277063938529,22.9205549640481,2.14346943551196,2.86674848526328,5.10099547988366,22.4668819903097,0.303787350970472,0.0568253146377844
13.5666666666667,142.192153284794,128,12.4277063938529,23.5541311587955,2.18192026585681,2.88405135891847,5.11043881553219,22.8828533893455,0.31780708603442,0.0575779244246566
13.5833333333333,144.674765098216,130,14.4277063938529,24.2226931365416,2.2456273028349,2.91271952555861,5.12017376257032,23.3932812127305,0.342513024780497,0.0588760460176863
13.6,147.149405707203,132,16.4277063938529,25.021972612403,2.32668351500479,2.94919482103506,5.13035940613427,23.9838520884843,0.374362782300287,0.0605503428051264
13.6166666666667,149.605995358596,133,17.4277063938529,25.9458270076762,2.43073187282674,2.99601658205494,5.14114993149409,24.6796105610072,0.415704174042942,0.0627221647330021
13.6333333333333,152.035108500921,135,19.4277063938529,26.8924422920615,2.5594840413936,3.05395505791003,5.15272597158844,25.495512251921,0.467159463466115,0.0654286050823662
13.65,154.428108822761,137,21.4277063938529,27.9595533419395,2.70047927614392,3.11740291354767,5.16522344126424,26.4022612805169,0.523226776684787,0.06840268669762
13.6666666666667,156.777255430443,139,23.4277063938529,29.1427647178317,2.85699290160203,3.18783404500381,5.17874776472534,27.4148744615164,0.585261812137284,0.0717149586771689
13.6833333333333,159.075773599925,141,25.4277063938529,30.4380222368177,3.02986034488058,3.26562439447916,5.19341891282419,28.5420050268265,0.653550595427797,0.0753836725051418
13.7,161.31788781642,144,28.4277063938529,31.8416598746587,3.24843390394673,2.55187402007225,5.20325977527608,29.7919524050223,0.749618852889711,0.0793920581938067
13.7166666666667,163.498818900962,146,30.4277063938529,33.4189452323595,3.51614861321686,2.60541696192628,5.20688179291498,31.1938578861214,0.876808010293891,0.0836433364242255
13.7333333333333,165.614750844006,148,32.4277063938529,35.0386629906197,3.80037519730638,2.66226227874418,5.21133379534153,32.7650206044193,1.01069521178261,0.0881711462694378
13.75,167.662774603334,150,34.4277063938529,36.7018046174042,4.08537053431537,2.71926134614598,5.21664479714821,34.46218657479,1.14441966310816,0.0926367808170081
13.7666666666667,169.640814494822,152,36.4277063938529,38.4091603028454,4.36094467221776,2.77437617372646,5.2228007530796,36.253527076495,1.27352369562173,0.0968260995684305
13.7833333333333,171.547543547691,154,38.4277063938529,40.1611570903934,4.62099664718269,2.82638656871944,5.22976054388169,38.1161236634262,1.3953222938182,0.100615945126551
13.8,173.382293947496,156,40.4277063938529,41.9577832624507,4.86234805633898,2.8746568505507,5.23746759919966,40.0338452922324,1.50840014933927,0.103947560970014
13.8166666666667,175.144967321459,158,42.4277063938529,43.7985717304127,5.0838352212291,2.91895428352872,5.245858081167,41.9956035684618,1.6122196796756,0.10680603575392
13.8333333333333,176.835948349285,160,44.4277063938529,45.6826217101845,5.28561930429896,2.95931110014269,5.25486641955524,43.9939535892663,1.7068227248481,0.109204788636211
13.85,178.456024163761,161,45.4277063938529,47.6086433336705,5.46867537681409,2.99592231464572,5.26442885697339,46.0239983710798,1.79260927032067,0.111174165247719
13.8666666666667,180.006310825096,163,47.4277063938529,49.4786566901138,5.63442490649399,3.0290722205817,5.27448553879198,48.0825515812162,1.87017798634265,0.112753306715353
13.8833333333333,181.488187455239,165,49.4277063938529,51.3932060097855,5.77269296599141,3.05672583248119,5.28496043644047,50.1305622201867,1.93509017268836,0.113734388996588
13.9,182.903238153197,167,51.4277063938529,53.3498854899624,5.89048750293041,3.08028473986898,5.29577413301744,52.1789314189429,1.9903751133982,0.114278287190881
13.9166666666667,184.253201498559,168,52.4277063938529,55.3460112440553,5.99314085584097,3.1008154104511,5.30686758559723,54.2359089563272,2.03834278549653,0.11450704330119
13.9333333333333,185.539927220149,170,54.4277063938529,57.2823928298056,6.08461075366183,3.11910939001527,5.31819707188531,56.3074210090661,2.08071234266986,0.114511045480322
13.95,186.76533937118,172,56.4277063938529,59.2585812428714,6.15596783249643,3.13338080578219,5.32970895842583,58.3604739179644,2.1136047881265,0.114105333820089
13.9666666666667,187.931405420543,173,57.4277063938529,61.2714022287276,6.21458584448574,3.14510440818005,5.34134889169317,60.4097726442748,2.14022581620716,0.113454553460603
13.9833333333333,189.040110552427,174,58.4277063938529,63.2212612813233,6.26559397277257,3.15530603383742,5.35308316216353,62.465757975779,2.16281295300726,0.112672398286514
14,190.093436944332,176,60.4277063938529,65.1110490571578,6.30061919677865,3.16231107863863,5.3648710117271,64.4984824805909,2.1777381653703,0.111583712439598
14.0166666666667,191.093002587021,177,61.4277063938529,67.0398306029094,6.31538604747063,3.16526444877703,5.37665097800369,66.4876628531864,2.18315079384995,0.110103720829021
14.0333333333333,192.040627520735,178,62.4277063938529,68.9076108144733,6.32026636644258,3.16624051257142,5.38837355017697,68.4572923540105,2.18356831578057,0.108460126478858
14.05,192.9382410917,180,64.4277063938529,70.7168457734409,6.31037795663211,3.16426283060933,5.39999662725681,70.3874675606305,2.1768852604597,0.106552334908711
14.0666666666667,193.787711633967,181,65.4277063938529,72.5661983728347,6.28362235225607,3.15891170973412,5.41146677975767,72.2651604888435,2.1622045847925,0.104340776256615
14.0833333333333,194.590841949873,182,66.4277063938529,74.3553415348825,6.25158977308018,3.15250519389894,5.42274813886073,74.1194527831642,2.14458146761764,0.102077131339065
14.1,195.349366144141,183,67.4277063938529,76.0864870961651,6.20993910081213,3.14417505944533,5.43381514373913,75.9338841126755,2.12215359979408,0.0996699521022524
14.1166666666667,196.064947624779,184,68.4277063938529,77.7617878320511,6.15665331906601,3.1335179030961,5.4446319197254,77.6976508305784,2.09406660542824,0.0970788993989726
14.1333333333333,196.739178098426,185,69.4277063938529,79.3832892283019,6.09132128013353,3.12045149530961,5.45515878197378,79.4042288102756,2.06016390868097,0.0942984787712885
14.15,197.373577405981,185,69.4277063938529,80.9529142779989,6.01458722048235,3.10510468337937,5.46535663524932,81.0502550037463,2.02074867650585,0.0913456650637864
14.1666666666667,197.969594108449,186,70.4277063938529,82.3761115236558,5.92773934488399,3.0877351082597,5.47518977901768,82.6346395244804,1.97640560655962,0.0882507279325213
14.1833333333333,198.528606741084,187,71.4277063938529,83.757025770344,5.82062332841841,3.06631190496659,5.48460639984658,84.1209243528483,1.92274613263427,0.0848004532928918
14.2,199.051925503963,188,72.4277063938529,85.0969867571978,5.70038090386821,3.04226342005655,5.49355178561224,85.523027613122,1.8628962904248,0.0811528746879219
14.2166666666667,199.540794318242,188,72.4277063938529,86.3971491787363,5.59487271156706,1.9021872392829,5.4974706353432,86.8544749544724,1.81556272219991,0.0774284670333773
14.2333333333333,199.996393244284,189,73.4277063938529,87.5234528228893,5.55246927843404,1.9021872392829,5.48697991756625,88.1619662413597,1.81511546328996,0.0736583829014915
14.25,200.419842329184,189,73.4277063938529,88.5461704317522,5.48261708641981,1.9021872392829,5.47640821976834,89.3979469936707,1.8011690766485,0.0694203597011619
14.2666666666667,200.812207674903,190,74.4277063938529,89.3800395889843,5.38139987913286,1.9021872392829,5.46576090277417,90.5391296373518,1.77191898573182,0.0646502873028949
14.2833333333333,201.174506838686,190,74.4277063938529,90.137842430753,5.23725626358351,1.9021872392829,5.45504317523034,91.5369758325738,1.72220409936457,0.0591257123005467
14.3,201.507712795378,191,75.4277063938529,90.7326270167968,5.0584900591507,1.9021872392829,5.44426009712481,92.400634229312,1.65549911137578,0.0530503318984246
14.3166666666667,201.812756990545,191,75.4277063938529,91.2755427246682,4.84164758244131,1.9021872392829,5.43341658323242,93.1052388236873,1.57019318885943,0.0463733846143662
14.3333333333333,202.090531836442,191,75.4277063938529,91.6780634684429,4.60007244250451,1.9021872392829,5.42251740648768,93.6768089061865,1.47201295785534,0.0393995040759164
14.35,202.341892858687,192,76.4277063938529,91.9534669867649,4.3330985523048,1.9021872392829,5.41156720128666,94.1021128037326,1.36063890136851,0.0321277743703092
14.3666666666667,202.567660620546,192,76.4277063938529,92.2105698889028,4.04334606739507,1.9021872392829,5.40057046671903,94.3778358193483,1.23719062280055,0.0246265495752728
14.3833333333333,202.768622502507,192,76.4277063938529,92.3586019877566,3.74730966785766,1.9021872392829,5.38953156973188,94.5446149063636,1.10887517364887,0.0172536873381357
14.4,202.94553438395,192,76.4277063938529,92.4086869705102,3.44539146269805,1.9021872392829,5.37845474822659,94.5985706350566,0.975953325646842,0.0100156193581085
14.4166666666667,203.099122253997,193,77.4277063938529,92.3712207696562,3.13984072914896,1.9021872392829,5.36734411409007,94.5417917170854,0.839494457109885,0.00295735852535089
14.4333333333333,203.230083766071,193,77.4277063938529,92.3522570647898,2.83393938689946,1.9021872392829,5.35620365616179,94.3804278317612,0.701030002883326,-0.00385603673992315
14.45,203.339089742841,193,77.4277063938529,92.2583822629188,2.54330983581193,1.9021872392829,5.34503724313773,94.1602157096748,0.56750374332596,-0.0101023237532994
14.4666666666667,203.426785633425,193,77.4277063938529,92.0981961593578,2.26649123724104,1.9021872392829,5.33384862641264,93.8791788403897,0.438467594532625,-0.0158304016502015
14.4833333333333,203.493792922076,194,78.4277063938529,91.8796897133665,2.00328411043289,1.9021872392829,5.32264144286178,93.5390203235778,0.314008836343262,-0.0210610603125916
14.5,203.540710486184,194,78.4277063938529,91.7066294354825,1.7542323950485,1.9021872392829,5.31141921756338,93.1439168284988,0.19453102220703,-0.0257988778586164
14.5166666666667,203.568115901008,194,78.4277063938529,91.4834307961615,1.53214382914395,1.9021872392829,5.300185366463,92.7365809663594,0.0857967173103973,-0.0297904487642602
14.5333333333333,203.576566688593,195,79.4277063938529,91.216636915182,1.33281404489684,1.9021872392829,5.28894319898097,92.3113667046764,-0.013811374484192,-0.033149605006477
14.55,203.566601508767,195,79.4277063938529,91.0086514844688,1.1534696053595,1.9021872392829,5.277695920564,91.8659649917525,-0.105318662132693,-0.0359562115329705
14.5666666666667,203.538741290615,195,79.4277063938529,90.7626096293402,1.00420258815371,1.9021872392829,5.26644663518222,91.4373951495535,-0.184148320984424,-0.0380168101778273
14.5833333333333,203.493490303518,196,80.4277063938529,90.4838539224337,0.878615679417452,1.9021872392829,5.25519834777254,91.0150386640626,-0.252890320528136,-0.0394920323584695
14.6,203.431337167426,196,80.4277063938529,90.2736645300128,0.772193256961104,1.9021872392829,5.24395396662962,90.5922646221748,-0.31335740826053,-0.0404973637632321
14.6166666666667,203.352755802635,196,80.4277063938529,90.0341272202691,0.69367105889387,1.9021872392829,5.23271630574536,90.2023537933516,-0.361600006123923,-0.040865542643942
14.6333333333333,203.25820631987,197,81.4277063938529,89.7696064701818,0.635623203189028,1.9021872392829,5.22148808709804,89.8314689323611,-0.400698010153437,-0.0407755233090495
14.65,203.148135851931,197,81.4277063938529,89.5804726707883,0.592781710822474,1.9021872392829,5.21027194289205,89.4702211248229,-0.432837154369533,-0.0403546016565028
14.6666666666667,203.022979328528,198,82.4277063938529,89.3679671786089,0.573360719723116,1.9021872392829,5.19907041774929,89.1495394654008,-0.454342015478488,-0.0394419993075068
14.6833333333333,202.883160196253,198,82.4277063938529,89.2320299313964,0.56960369798365,1.9021872392829,5.18788597085315,88.8535917292955,-0.468483795228376,-0.0382188534178743
14.7,202.729091085881,199,83.4277063938529,89.0735128015456,0.587959643125914,1.9021872392829,5.17672097804603,88.608281137995,-0.472369968118046,-0.0365610689188276
14.7166666666667,202.561174429366,199,83.4277063938529,88.9920046725625,0.619468533497582,1.9021872392829,5.16557773388148,88.3938878155173,-0.469818105420168,-0.0346733143046023
14.7333333333333,202.37980302902,200,84.4277063938529,88.8880423404317,0.669807786884121,1.9021872392829,5.15445845363161,88.2333380513069,-0.458298690681377,-0.0324450670375402
14.75,202.185360581464,200,84.4277063938529,88.8609332278411,0.729574078528136,1.9021872392829,5.14336527525097,88.1046607851624,-0.441851591034393,-0.0300871421554625
14.7666666666667,201.978222158962,201,85.4277063938529,88.810964014942,0.804247404243557,1.9021872392829,5.13230026129756,88.0291068287262,-0.418062940199281,-0.0274897354050276
14.7833333333333,201.758754650773,201,85.4277063938529,88.837221175794,0.884407737155217,1.9021872392829,5.12126540081202,87.9834839514449,-0.391008695809329,-0.0248605172178833
14.8,201.527317167124,202,86.4277063938529,88.8397975247782,0.975647876946255,1.9021872392829,5.11026261115566,87.9881781507927,-0.358252941380394,-0.0220838929687079
14.8166666666667,201.284261408371,202,86.4277063938529,88.9176107622069,1.06875014629154,1.9021872392829,5.09929373980838,88.0194099477877,-0.323808274916495,-0.0193600345760709
14.8333333333333,201.029932001866,203,87.4277063938529,88.9706081230285,1.16956832942124,1.9021872392829,5.08836056612711,88.0971924943255,-0.285147239341413,-0.0165648549533553
14.85,200.764666808975,203,87.4277063938529,89.0975831170524,1.26918070785192,1.9021872392829,5.07746480306568,88.1975374250881,-0.246172860899407,-0.0138895759993259
14.8666666666667,200.488797204587,204,88.4277063938529,89.1983784634242,1.37375412180814,1.9021872392829,5.06660809885692,88.3403728501088,-0.204237842204987,-0.0112010986787675
14.8833333333333,200.202648331411,205,89.4277063938529,89.371701206287,1.47468372021429,1.9021872392829,5.05579203865766,88.501717458916,-0.163120958214041,-0.00868185587593148
14.9,199.906539331228,205,89.4277063938529,89.6136815779662,1.57844736103303,1.9021872392829,5.04501814615753,88.7015735248676,-0.12005059389285,-0.00619038078461537
14.9166666666667,199.600783555198,205,89.4277063938529,89.824175753617,1.68862985630032,1.9021872392829,5.03428788515215,88.9530568102397,-0.073483555613856,-0.00365113546822787
14.9333333333333,199.285688755203,206,90.4277063938529,90.005571355545,1.79486395435337,1.9021872392829,5.02360266108158,89.2270865634901,-0.0279594194541655,-0.00128481752427728
14.95,198.961557258145,206,90.4277063938529,90.2564969031117,1.89059403895478,1.9021872392829,5.01296382253463,89.5029377411194,0.0135932645537519,0.000776042272677995
14.9666666666667,198.62868612501,206,90.4277063938529,90.4766698843695,1.98396072760139,1.9021872392829,5.00237266271984,89.8032895799102,0.0546412029671686,0.00271293917033712
14.9833333333333,198.287367296411,206,90.4277063938529,90.6683507013111,2.0680025476853,1.9021872392829,4.9918304209037,90.1064832544365,0.0920940386636,0.00438319690965075
15,197.937887726275,206,90.4277063938529,90.8336940330696,2.13867121952246,1.9021872392829,4.98133828381686,90.3975095429845,0.124100388619941,0.00571063803809576
15.0166666666667,197.580529505224,205,89.4277063938529,90.974749745358,2.19402608750504,1.9021872392829,4.97089738702897,90.6664345030102,0.149713299741212,0.00666627707937331
15.0333333333333,197.215569975154,205,89.4277063938529,90.9971067502477,2.23361353076659,1.9021872392829,4.9605088162928,90.9071541788359,0.168631270128405,0.00725358156698714
15.05,196.843281836427,204,88.4277063938529,91.0050481402316,2.24610189377451,1.9021872392829,4.95017360885829,91.0794391998491,0.175798705488376,0.00724718412898527
15.0666666666667,196.463933249047,204,88.4277063938529,90.9037436995119,2.23794125099842,1.9021872392829,4.93989275475708,91.1943804053675,0.173882680843475,0.00680408590333928
15.0833333333333,196.077787929113,203,87.4277063938529,90.7970565267253,2.20258939355425,1.9021872392829,4.92966719805821,91.2246206051435,0.159911788679266,0.00580248910096955
15.1,195.685105241806,202,86.4277063938529,90.5897377020409,2.14968149501635,1.9021872392829,4.91949783809559,91.1907309285292,0.137962228599715,0.0044654842744355
15.1166666666667,195.286140292111,201,85.4277063938529,90.2888773597657,2.07465784553008,1.9021872392829,4.90938553066774,91.0721895046589,0.105962181045977,0.00270965654363487
15.1333333333333,194.881144014434,200,84.4277063938529,89.9012544917431,1.97635697131137,1.9021872392829,4.89933108921045,90.857379879859,0.0633073748995012,0.000526220079921194
15.15,194.47036326222,199,83.4277063938529,89.4333374748513,1.85590590293099,1.9021872392829,4.88933528594293,90.5412582473962,0.010395151889206,-0.00204500276571269
15.1666666666667,194.054040898679,198,82.4277063938529,88.8912860659793,1.71588645336358,1.9021872392829,4.87939885298793,90.1235328005662,-0.0517278418069893,-0.00493487898980059
15.1833333333333,193.632415889644,197,81.4277063938529,88.2809546952462,1.55971791002838,1.9021872392829,4.86952248346642,89.6072528766442,-0.121628522958329,-0.00805902739971711
15.2,193.205723399611,196,80.4277063938529,87.6078969002477,1.39120834663993,1.9021872392829,4.85970683256738,88.9977248097942,-0.197680244903212,-0.0113278344369903
15.2166666666667,192.774194891927,195,79.4277063938529,86.8773707555904,1.21423635722573,1.9021872392829,4.84995251859319,88.3016871921895,-0.278201263988854,-0.0146533686622166
15.2333333333333,192.338058234129,195,79.4277063938529,86.0943451629239,1.03253280132264,1.9021872392829,4.84026012398108,87.5266911597023,-0.361551246693695,-0.0179539425511082
15.25,191.897537809352,194,78.4277063938529,85.3598643424766,0.849538452676864,1.9021872392829,4.83063019630128,86.6806418739737,-0.446195719090601,-0.021156911600687
15.2666666666667,191.452854634759,193,77.4277063938529,84.5759020360067,0.68020984653292,1.9021872392829,4.82106324923217,85.8084413274883,-0.52554556537266,-0.0239500175840392
15.2833333333333,191.004226487874,193,77.4277063938529,83.7468216999271,0.521958279520142,1.9021872392829,4.81155976351312,84.9055410848786,-0.600607085956471,-0.0264014499935702
15.3,190.551868041724,192,76.4277063938529,82.9730916549777,0.373252810501568,1.9021872392829,4.80212018787526,83.9699796205647,-0.671944032108851,-0.0285548181576604
15.3166666666667,190.095991009632,191,75.4277063938529,82.1561389061314,0.245172311380327,1.9021872392829,4.79274493995089,83.0386319966532,-0.734618571946354,-0.0301869997577557
15.3333333333333,189.636767194478,191,75.4277063938529,81.299808851134,0.132135401631668,1.9021872392829,4.78343440716173,82.1004363658568,-0.790925129095332,-0.0314335425188201
15.35,189.174241966026,191,75.4277063938529,80.5040798574606,0.0303315412464298,1.9021872392829,4.77418894758666,81.1481608773144,-0.842421483913505,-0.0323880108336558
15.3666666666667,188.708607109846,190,74.4277063938529,79.7662738991377,-0.0488894577583362,1.85329778152457,4.76460671018511,80.2148070849418,-0.883484044872107,-0.0328636699869884
15.3833333333333,188.240073187011,190,74.4277063938529,78.9856608088712,-0.0976360223186599,1.80455121696424,4.754079420127,79.3251288678975,-0.909676227359623,-0.032775716421512
15.4,187.76884674387,190,74.4277063938529,78.258832067578,-0.128296216236955,1.77389102304595,4.74296277955106,78.4575174665263,-0.926803658028046,-0.032369214722137
15.4166666666667,187.295131256587,190,74.4277063938529,77.5807585348049,-0.138563557369689,1.76362368191321,4.73158233417771,77.631023713722,-0.934258704804406,-0.0315741343317345
15.4333333333333,186.81912806505,189,73.4277063938529,76.9480535569769,-0.129095139449097,1.77309209983381,4.72027538867391,76.8559436335722,-0.932722941049228,-0.0303838033347703
15.45,186.341037217053,189,73.4277063938529,76.2625106086753,-0.102071282103725,1.80011595717918,4.70935425301332,76.1368141744731,-0.923501004291266,-0.0288261520724658
15.4666666666667,185.861058118147,189,73.4277063938529,75.6260001500204,-0.071613211202434,1.83057402808047,4.69898604935008,75.4378706367157,-0.912914121937334,-0.0271941705313011
15.4833333333333,185.37938996654,188,72.4277063938529,75.0383143678791,-0.0345510018552718,1.86763623742763,4.68925764203028,74.7711826542662,-0.899679525537856,-0.0254147910137365
15.5,184.8962319505,188,72.4277063938529,74.4030195214361,0.0106196291543287,1.9021872392829,4.68029377161667,74.1450986452849,-0.883277206113503,-0.023448574941875
15.5166666666667,184.411783331613,188,72.4277063938529,73.8223879417795,0.0548990205833887,1.9021872392829,4.67173005857649,73.528727180948,-0.867068071147184,-0.0215293286563892
15.5333333333333,183.926243546225,188,72.4277063938529,73.2945262581846,0.10537893791373,1.9021872392829,4.66323666452714,72.939839544487,-0.847497800497841,-0.0195409521716484
15.55,183.439812310073,187,71.4277063938529,72.8162923450156,0.165105271512381,1.9021872392829,4.65481355420729,72.390852216069,-0.82323022695241,-0.0174225453780983
15.5666666666667,182.952689819472,187,71.4277063938529,72.2882843786644,0.235219487760904,1.9021872392829,4.64646067511444,71.8893044482245,-0.793747219202639,-0.0151555029051879
15.5833333333333,182.465077061927,187,71.4277063938529,71.8099986047056,0.303664906250553,1.9021872392829,4.6381779580716,71.4021206023318,-0.764299153244195,-0.0129995866381144
15.6,181.977176201165,187,71.4277063938529,71.3783806606911,0.374656139897211,1.9021872392829,4.62996531778025,70.9427929310682,-0.733086636972948,-0.0108628993747731
15.6166666666667,181.489191014094,186,70.4277063938529,70.9904789464,0.450400269144732,1.9021872392829,4.62182265335965,70.5199405461929,-0.699164326684556,-0.00869906808046216
15.6333333333333,181.001327365602,186,70.4277063938529,70.5470904827273,0.531691970271161,1.9021872392829,4.61374984887307,70.1385173021686,-0.662192772618677,-0.00649310646132041
15.65,180.513793712009,186,70.4277063938529,70.1479167988687,0.606475414255413,1.9021872392829,4.60574677384097,69.7637863376013,-0.627449181299115,-0.00450091500009689
15.6666666666667,180.026801627003,186,70.4277063938529,69.7901135477917,0.679202986050267,1.9021872392829,4.59781328374156,69.4082751613192,-0.593055651872288,-0.00262185367696176
15.6833333333333,179.540566345607,185,69.4277063938529,69.4709423314314,0.752472433014209,1.9021872392829,4.58994922049899,69.0801553858828,-0.557918537202272,-0.000797871127182258
15.7,179.055307322757,185,69.4277063938529,69.0914151667496,0.827559038076447,1.9021872392829,4.58215441295939,68.7843103429871,-0.521507143766864,0.000999198959378122
15.7166666666667,178.571248803369,184,68.4277063938529,68.7514491226127,0.892931103083766,1.9021872392829,4.57442867735511,68.4862005879901,-0.488884496955742,0.00252710285660645
15.7333333333333,178.088620400725,184,68.4277063938529,68.3520573527572,0.953575153146002,1.9021872392829,4.56677181775728,68.198734892985,-0.457950209852396,0.00389986750685501
15.75,177.607657679431,183,67.4277063938529,67.9931533729129,1.00071824469443,1.9021872392829,4.55918362651715,67.8936103870385,-0.43259102946567,0.00493802553721768
15.7666666666667,177.12860273823,183,67.4277063938529,67.5757426207626,1.04136177587857,1.9021872392829,4.55166388469623,67.5885441308138,-0.409838892876697,0.00580051062807273
15.7833333333333,176.651704786556,182,66.4277063938529,67.1997272232371,1.06817076118716,1.9021872392829,4.54421236248567,67.2589056308019,-0.392953400059105,0.00633902102851133
15.8,176.177220706715,182,66.4277063938529,66.7660980114189,1.08914078836397,1.9021872392829,4.53682881961496,66.9251849191599,-0.3785254187688,0.0067331982180429
15.8166666666667,175.705415591035,181,65.4277063938529,66.3747397091496,1.09759303274627,1.9021872392829,4.52951300575031,66.5648158844001,-0.369516168112857,0.00684758297172661
15.8333333333333,175.236563240013,180,64.4277063938529,65.9266233371982,1.10192479896237,1.9021872392829,4.52226466088283,66.1997978681756,-0.362326396503964,0.00686883019734705
15.85,174.770946603262,179,63.4277063938529,65.4252542952835,1.09567025886733,1.9021872392829,4.51508351570686,65.8086421184352,-0.359808281223736,0.00666425438687131
15.8666666666667,174.308858139838,179,63.4277063938529,64.8740185409744,1.07541104665608,1.9021872392829,4.50796929198853,65.3771164457525,-0.363513993994151,0.00617012071733438
15.8833333333333,173.850600068014,178,62.4277063938529,64.3725364108159,1.03989436031464,1.9021872392829,4.50092170292487,64.8964825117273,-0.374063079949047,0.00537064011529772
15.9,173.396484466696,177,61.4277063938529,63.8215065313765,1.00124938489976,1.9021872392829,4.49394045349359,64.3990810882513,-0.386224347885969,0.00453221182671009
15.9166666666667,172.946833181264,176,60.4277063938529,63.2241561083727,0.955458708037894,1.9021872392829,4.4870252407939,63.8710293695622,-0.401759068314537,0.00357201339942256
15.9333333333333,172.501977475604,175,59.4277063938529,62.5835891013454,0.900592370079257,1.9021872392829,4.48017575437831,63.3035682334341,-0.421536171198624,0.0024541513478389
15.95,172.062257359607,175,59.4277063938529,61.9027843770231,0.836179275435515,1.9021872392829,4.47339167657588,62.6917815354938,-0.445794743437783,0.00117476574516116
15.9666666666667,171.628020507796,174,58.4277063938529,61.2809521427654,0.762729380128014,1.9021872392829,4.46667268280694,62.0335901336699,-0.474344669979437,-0.000249169888527927
15.9833333333333,171.199620670661,173,57.4277063938529,60.6183802010191,0.693266076759002,1.9021872392829,4.46001844188953,61.3659418585268,-0.501517595860238,-0.00153799749670984
16,170.777415467111,173,57.4277063938529,59.9178863306562,0.62404299139285,1.9021872392829,4.45342861633771,60.6779902065228,-0.528907955404944,-0.00277492704375373
16.0166666666667,170.361763436059,172,56.4277063938529,59.2785257850599,0.552967090325655,1.9021872392829,4.44690286265204,59.9628231643647,-0.557409020760862,-0.00400541875509264
16.0333333333333,169.953020220551,172,56.4277063938529,58.6004376408043,0.491005694102321,1.9021872392829,4.44044083160215,59.2534588273162,-0.582213872482295,-0.00499855478437087
16.05,169.551533762806,171,55.4277063938529,57.9826546977772,0.432800035524097,1.9021872392829,4.43404216850193,58.5358630377259,-0.605597689118644,-0.00587523805070439
16.0666666666667,169.157638407993,170,54.4277063938529,57.3253000837976,0.386894802011875,1.9021872392829,4.42770651347721,57.8375202368626,-0.623787054877599,-0.00645958784278268
16.0833333333333,168.771647853856,170,54.4277063938529,56.631039060927,0.346166676251746,1.9021872392829,4.42143350172622,57.1401310191961,-0.639817491412541,-0.00691174400959538
16.1,168.393846947563,170,54.4277063938529,55.9987859513246,0.306014496771276,1.9021872392829,4.415222763773,56.4309480794841,-0.655663886924517,-0.00733308638810102
16.1166666666667,168.024482423874,169,53.4277063938529,55.4249073843659,0.275578553412545,1.9021872392829,4.40907392571391,55.7384516205411,-0.667317727293762,-0.00753229004198648
16.1333333333333,167.663752799755,169,53.4277063938529,54.809520727097,0.260094657007917,1.9021872392829,4.40298660945741,55.0820818748948,-0.672430094702579,-0.007407113121985
16.15,167.311797783956,168,52.4277063938529,54.2516530778348,0.244818162089571,2.03071677437993,4.3980311072908,54.4365046038318,-0.678903877420445,-0.00716797588301546
16.1666666666667,166.968687704287,168,52.4277063938529,53.655908844401,0.236354820994239,2.02627352030488,4.39410153127525,53.8172492103847,-0.68363151590289,-0.0066890404809377
16.1833333333333,166.634413470884,167,51.4277063938529,53.1251164896251,0.231950031194059,2.02396100565978,4.39017586232496,53.203542174245,-0.686281450141016,-0.00614278354566242
16.2,166.308877701688,167,51.4277063938529,52.5582330520627,0.23858523478699,2.02744448754607,4.38632200362476,52.6197744034416,-0.683886529815176,-0.00537783870139681
16.2166666666667,165.991888174912,167,51.4277063938529,52.0535001928488,0.247875951766339,2.03232211396023,4.38259660042571,52.0446235112421,-0.680144153587436,-0.00457267524776939
16.2333333333333,165.683154379037,166,50.4277063938529,51.6069333126434,0.266154506765073,2.04191835533457,4.37905212224992,51.49965557955,-0.672354659141689,-0.00359015244601654
16.25,165.382287476509,165,49.4277063938529,51.1185501722925,0.296455425264317,2.05782633754667,4.37578113620183,50.9987775800766,-0.659282344640929,-0.0023632309705561
16.2666666666667,165.088803993787,165,49.4277063938529,50.5913160332741,0.327978336096758,2.0743758657337,4.37283741480226,50.5132405618293,-0.645668604049158,-0.00112232209595215
16.2833333333333,164.802133221079,164,48.4277063938529,50.124662872212,0.354127984169628,2.08810443097196,4.37019952138667,50.0227057109432,-0.634366782478747,-8.89142818719536e-06
16.3,164.521627934105,164,48.4277063938529,49.618992300319,0.382983433860925,2.10325354205989,4.36785735243888,49.5504676560383,-0.62186516682224,0.00115056826687374
16.3166666666667,164.246577740457,163,47.4277063938529,49.1735243823555,0.407520808335643,2.11613566365912,4.36580041045788,49.0755109465267,-0.611212189960265,0.00220556806099389
16.3333333333333,163.976224176609,162,46.4277063938529,48.6885199288292,0.435462188183239,2.1308048880791,4.3640261055402,48.6204777293754,-0.599057210679941,0.00332206995584392
16.35,163.709776748647,162,46.4277063938529,48.1667505071242,0.459501299043414,2.1434254212807,4.36252867068578,48.1637690477886,-0.58857500029856,0.00434359249439148
16.3666666666667,163.446429007677,161,45.4277063938529,47.7072150399031,0.475525867262728,2.15183831959584,4.36125311966961,47.6906183736703,-0.58151316927869,0.00518135180462624
16.3833333333333,163.185373818552,160,44.4277063938529,47.2097796871051,0.493285095452247,2.16116191439533,4.36017383541508,47.2284641043785,-0.573622288121981,0.00604440506945179
16.4,162.925817304029,159,43.4277063938529,46.6767585675518,0.50680178168006,2.16825817466494,4.35927658736689,46.7592238015107,-0.567493558873038,0.00680463689063406
16.4166666666667,162.666991059374,159,43.4277063938529,46.1103430632154,0.512766665668351,2.17138973875879,4.35850716034653,46.2705853010775,-0.564527055010796,0.0073904987403597
16.4333333333333,162.408162372591,158,42.4277063938529,45.6087928320958,0.509732335195375,2.16979671526048,4.35779103658813,45.7546885933233,-0.565298213677047,0.00777005006796744
16.45,162.148642359632,158,42.4277063938529,45.0712178915935,0.509096795790691,2.16946305707302,4.35710175788039,45.2438740159894,-0.564842046097033,0.00818770752220091
16.4666666666667,161.887792060902,157,41.4277063938529,44.5956008792685,0.505791861309779,2.16772796647054,4.35643530583908,44.7233578274548,-0.565364417220555,0.00853502780708031
16.4833333333333,161.625026642561,157,41.4277063938529,44.0811155501468,0.508526853636709,2.16916383744218,4.35580826863619,44.2198169851659,-0.563102886068635,0.00899945186758136
16.5,161.359817906961,156,40.4277063938529,43.6259968120554,0.51033187768633,2.17011147506823,4.35523972810701,43.7140499196577,-0.561107426666088,0.00943210472006367
16.5166666666667,161.091695347336,156,40.4277063938529,43.1297539194498,0.51864537174501,2.17447605944903,4.35475560899539,43.2294390906775,-0.556174334369102,0.00999329635442217
16.5333333333333,160.820245989636,155,39.4277063938529,42.6909720574615,0.525709109605242,2.17818452182566,4.35437541495648,42.7444383874518,-0.551695434661511,0.0105172238449632
16.55,160.545113254031,155,39.4277063938529,42.2094847235065,0.538525606010416,2.18491318243837,4.35412020962489,42.2808484856301,-0.544651558602076,0.0111547422436495
16.5666666666667,160.265995007958,155,39.4277063938529,41.7841542646352,0.549145392017817,2.19048857009226,4.3540019462754,41.8161261432717,-0.53851069915163,0.0117357996558912
16.5833333333333,159.982640965868,155,39.4277063938529,41.4113940670579,0.564539550859354,2.19857050348406,4.35403320311307,41.3715030145347,-0.530259795882097,0.0124104170062121
16.6,159.694849711097,155,39.4277063938529,41.087796455976,0.588444597253643,2.21112065284107,4.35427259457383,40.9610794072332,-0.518327635122081,0.0132599797399173
16.6166666666667,159.402465506041,154,38.4277063938529,40.8103248714156,0.622359571889749,2.22892601452502,4.35480100538981,40.5934876070995,-0.50213203335917,0.0143182256222335
16.6333333333333,159.105374980146,154,38.4277063938529,40.4800262461024,0.666329486829034,2.25201021986815,4.35570558505151,40.2733487673857,-0.481726381657901,0.0155877826313264
16.65,158.803503729021,154,38.4277063938529,40.1971773340471,0.707911751758229,2.27384090895597,4.35701473696122,39.9655630265216,-0.462540041450648,0.0168024056732313
16.6666666666667,158.496812851648,154,38.4277063938529,39.9595696562995,0.751426485864302,2.29668614436166,4.35872659854703,39.6826107337837,-0.442696135404348,0.0180549285202434
16.6833333333333,158.185295583445,154,38.4277063938529,39.7650045302683,0.79927202975461,2.32180505490407,4.36086816760563,39.4328253565469,-0.421175821353055,0.0193974324586554
16.7,157.868974047059,154,38.4277063938529,39.6114250870391,0.852494950199574,2.34974708813768,4.36348107994781,39.2213091332183,-0.397558884276562,0.0208532332173947
16.7166666666667,157.547896088597,154,38.4277063938529,39.4969736450705,0.911244786413943,2.38059075215022,4.36661185537585,39.0507531257166,-0.371818176651232,0.0224264722437808
16.7333333333333,157.222132268576,154,38.4277063938529,39.420000930255,0.975120366737271,2.41412543181997,4.37030563229159,38.9221272255553,-0.34416409217131,0.0241094416447814
16.75,156.891772959611,154,38.4277063938529,39.3790469160788,1.04342157144226,2.44998356429009,4.37460250376013,38.8352320218318,-0.314932284933786,0.0258879250349051
16.7666666666667,156.556925601982,153,37.4277063938529,39.3728073515444,1.11532323708586,2.48773193875298,4.37953570264774,38.7891204690719,-0.284506742023944,0.0277448994469468
16.7833333333333,156.217712193628,153,37.4277063938529,39.30373798104,1.18998800703994,2.52693094297887,4.38513103044392,38.7824058663434,-0.253270398503653,0.0296629484010013
16.8,155.874266927745,153,37.4277063938529,39.2731707665793,1.23952073125129,2.76985175115881,4.39451911473927,38.7720729841631,-0.237887836029773,0.0313801019145477
16.8166666666667,155.526733954736,153,37.4277063938529,39.2868821751602,1.28397199115551,2.80096763309176,4.40477489890694,38.7652300553913,-0.225372799084532,0.0330247716204023
16.8333333333333,155.175265163245,153,37.4277063938529,39.3494816596867,1.32997437213074,2.83316929977442,4.41556954750273,38.7761570692859,-0.21237164286084,0.0347053782349796
16.85,154.820017884927,152,36.4277063938529,39.4575474664905,1.38119006611051,2.86902028556026,4.42694130441369,38.8171446239999,-0.197331002722986,0.0365020630721448
16.8666666666667,154.461152852945,152,36.4277063938529,39.5116135124208,1.43922707899145,2.90964619457692,4.43895835304602,38.8956765493699,-0.179617754139524,0.0384520223970543
16.8833333333333,154.098832535769,152,36.4277063938529,39.6114319329458,1.49282117188003,2.94716205959893,4.45162626520445,38.9787796128584,-0.164128419997214,0.0403138473322542
16.9,153.733219809987,152,36.4277063938529,39.7542529215233,1.5471406497079,2.98518569407843,4.46492224548421,39.0804873224384,-0.148594342418937,0.0421975498323976
16.9166666666667,153.364476813634,152,36.4277063938529,39.9373244029364,1.6050922440263,3.02575181010131,4.47886980843511,39.2101734448664,-0.131774340390666,0.0441664288224154
16.9333333333333,152.992763917978,151,35.4277063938529,40.1581017671986,1.66799276141741,3.06978217227509,4.49351646730573,39.3735352077808,-0.113140472523146,0.046250582333549
16.95,152.618238815601,151,35.4277063938529,40.3179828296872,1.75228102867691,2.69071370218751,4.5056409216127,39.5758348574371,-0.0808448776929382,0.0484571007182536
16.9666666666667,152.241055776162,151,35.4277063938529,40.5026276837908,1.84761243959031,2.73361283709854,4.51465913104337,39.7961479925561,-0.0386751856097157,0.0504969417645637
16.9833333333333,151.861365436598,151,35.4277063938529,40.6968169083644,1.93582801698228,2.77330984692493,4.52434859489148,40.0362389946641,-8.81102328435246e-05,0.0523853038928917
17,151.479315291415,150,34.4277063938529,40.9014259303362,2.01592105806362,2.80935171541153,4.53464960329788,40.2893430877543,0.0345235064122316,0.0541006180680033
17.0166666666667,151.095050033111,150,34.4277063938529,41.0205884629452,2.08783627500133,2.8417135630335,4.54549861393036,40.5513118166029,0.0651824253659276,0.0556417017465516
17.0333333333333,150.708711576845,150,34.4277063938529,41.1568727478171,2.14041955959486,2.86537604110059,4.55678664354211,40.7828700395525,0.0871216823087286,0.05676918709362
17.05,150.320438843469,150,34.4277063938529,41.3096926319386,2.1799986260719,2.88318662101526,4.56839135545973,40.9953148679471,0.103176996090647,0.0576186681641657
17.0666666666667,149.930367429499,149,33.4277063938529,41.4779398475532,2.21127588376405,2.89726138697673,4.58023154256984,41.1976392476485,0.115448534623749,0.0582909244995165
17.0833333333333,149.538629289216,149,33.4277063938529,41.5638608705494,2.23759257789383,2.90910389933513,4.59225595948436,41.3966313334798,0.12542373307389,0.0588575752233983
17.1,149.145352420626,149,33.4277063938529,41.6683740226836,2.24954169478578,2.9144810019365,4.60438695164149,41.5602001802625,0.129070570985056,0.0591167116298776
17.1166666666667,148.750660639026,149,33.4277063938529,41.7895431045269,2.25407975684198,2.9165231298618,4.61654224279075,41.7040247094513,0.129468035374217,0.0592174226728176
17.1333333333333,148.354673450098,148,32.4277063938529,41.9252207700091,2.25582772486605,2.91730971547263,4.62868262355295,41.8394760783977,0.128649939459404,0.0592587601580968
17.15,147.95750599167,148,32.4277063938529,41.9769052141468,2.25763580876788,2.91812335322845,4.6407966317036,41.9743584115719,0.127861265405225,0.0593018349867918
17.1666666666667,147.559269023654,148,32.4277063938529,42.0450203963785,2.24940815093869,2.91442090720531,4.65284193803705,42.0767282672312,0.122744990398764,0.0591299877879637
17.1833333333333,147.160068952754,148,32.4277063938529,42.1273460803597,2.23735598404803,2.90899743210452,4.66476620417737,42.1619082375252,0.116034577617872,0.0588763439789136
17.2,146.760007882738,148,32.4277063938529,42.2216173555225,2.22538637916536,2.90361110990731,4.67655469256382,42.2406667190967,0.109435974177296,0.058624661950976
17.2166666666667,146.359183683816,147,31.4277063938529,42.3256984974244,2.21571590772527,2.89925939775927,4.68821537440744,42.3201308874874,0.103904839577126,0.0584224767830715
17.2333333333333,145.957690076427,147,31.4277063938529,42.3413174919985,2.20937657659962,2.89640669875273,4.69976822404398,42.4046363643108,0.0998739544131041,0.05829193776745
17.25,145.555616725985,147,31.4277063938529,42.3692555199431,2.19495554597058,2.88991723496967,4.7111906734536,42.4595441026194,0.0924001903728944,0.0579881606605732
17.2666666666667,145.153049345976,147,31.4277063938529,42.4077124661315,2.17775526182569,2.88217710710446,4.7224418684168,42.4981860020421,0.083814139051584,0.0576247911002277
17.2833333333333,144.750069807402,146,30.4277063938529,42.4548628090087,2.16109241225085,2.87467882479579,4.73351299054176,42.5299440137879,0.0755611542546663,0.0572729299590134
17.3,144.346756254784,146,30.4277063938529,42.4126443708066,2.14683139516748,2.86826136710827,4.74441444038012,42.5610518139825,0.0684422568574605,0.0569725594945756
17.3166666666667,143.943183268213,146,30.4277063938529,42.3819878395706,2.12416306319262,2.85806061771958,4.75511943299891,42.5584135752994,0.0577794039568039,0.0564917308009105
17.3333333333333,143.539422103799,146,30.4277063938529,42.361210512685,2.09880730218304,2.84665052526527,4.76558670198719,42.5365806064252,0.0460846755172888,0.055953035939721
17.35,143.135540908415,146,30.4277063938529,42.3485910330111,2.07435281122193,2.83564600433277,4.77580958193087,42.5058759282671,0.0349199411481899,0.0554334074580584
17.3666666666667,142.731604882239,145,29.4277063938529,42.3425272913907,2.05282694623878,2.82595936509035,4.78580224123139,42.4732459910652,0.0251542470631262,0.054976323569013
17.3833333333333,142.32767640931,145,29.4277063938529,42.2452614912796,2.03516462650235,2.81801132120896,4.79558979887088,42.4430507029172,0.0171745515408207,0.0546018524677671
17.4,141.923815170709,145,29.4277063938529,42.1580647500868,2.00991819659817,2.80665042775208,4.80515435143414,42.3808266786169,0.00601931755392601,0.0540643649427644
17.4166666666667,141.520078288347,145,29.4277063938529,42.0796007847929,1.98239448658285,2.79426475824519,4.81445960422704,42.3001872888517,-0.00598214717192152,0.0534776034201199
17.4333333333333,141.116520536979,145,29.4277063938529,42.0084818872406,1.95593666967428,2.78235874063633,4.82350141851173,42.2108647997317,-0.0173762344714878,0.052913240887192
17.45,140.713194525395,144,28.4277063938529,41.9434163004189,1.93244561727764,2.77178776705784,4.83229511107198,42.1194832607883,-0.0273494741065917,0.0524120474102578
17.4666666666667,140.310150824879,144,28.4277063938529,41.7869284873736,1.91281002296574,2.76295174961749,4.84086631168077,42.0302785645745,-0.0355351724485832,0.0519931036099165
17.4833333333333,139.907438106286,144,28.4277063938529,41.6405427059986,1.88558651662725,2.75070117176517,4.84919747507149,41.9088029187261,-0.0468930857226703,0.0514108759131819
17.5,139.505103332029,144,28.4277063938529,41.5031479631441,1.85611484260607,2.73743891845563,4.85725280453471,41.7687777251577,-0.0590797912076967,0.0507798167106554
17.5166666666667,139.103191910255,144,28.4277063938529,41.3735564920401,1.82778433992143,2.72469019224755,4.86502895289923,41.6200994079333,-0.070622018344795,0.0501725937236834
17.5333333333333,138.701747792822,143,27.4277063938529,41.2506541365433,1.80254506657851,2.71333251924323,4.87254238063376,41.4695854796568,-0.0806855705835995,0.0496310372225608
17.55,138.300813580033,143,27.4277063938529,41.0371236644921,1.78133160016594,2.70378645935758,4.87982021042698,41.3216756538806,-0.0888847068680169,0.0491752179157684
17.5666666666667,137.900430679272,143,27.4277063938529,40.8346311462065,1.75273967231796,2.69092009182599,4.88684670001317,41.1421236216767,-0.100163297039859,0.0485604475474575
17.5833333333333,137.500639426511,143,27.4277063938529,40.6421933310207,1.72213984171949,2.67715016805667,4.89358810830523,40.9448419991167,-0.112165804885293,0.0479018467136582
17.6,137.101479151306,143,27.4277063938529,40.4587381176324,1.69294376342392,2.66401193282367,4.90004333274761,40.7399037059573,-0.123410664921724,0.0472725696276768
17.6166666666667,136.702988210543,143,27.4277063938529,40.2832565119252,1.66711588549154,2.6523893877541,4.90623120533455,40.5342860153637,-0.133058911161188,0.0467147635275521
17.6333333333333,136.305204044851,143,27.4277063938529,40.1148846034347,1.64559823748113,2.64270644614941,4.91218129108643,40.3325712580209,-0.140723089554546,0.0462486676675957
17.65,135.908163298513,142,26.4277063938529,39.9529373802152,1.62864773035785,2.63507871794394,4.91792753359067,40.1375620142946,-0.146316225298092,0.0458798389741516
17.6666666666667,135.511901909402,142,26.4277063938529,39.7005538790909,1.61609312219777,2.6294291442719,4.92350411837933,39.9507933305629,-0.149937278760149,0.0456046572689951
17.6833333333333,135.116455147636,142,26.4277063938529,39.459834699344,1.5958632256135,2.62032569080898,4.92889577350154,39.736017681714,-0.156819520755412,0.0451641469334529
17.7,134.721857626499,142,26.4277063938529,39.2301819475693,1.57297569877785,2.61002630373294,4.93406544095945,39.5058503056549,-0.16475776787274,0.0446658697608426
17.7166666666667,134.328143337972,141,25.4277063938529,39.0108472489473,1.55070298126683,2.60000358085298,4.93900687781792,39.2695923252641,-0.172326741172303,0.044180000369675
17.7333333333333,133.935345752519,141,25.4277063938529,38.7047236721127,1.53100669237502,2.59114025085166,4.94373325293782,39.0338243925724,-0.178684194149385,0.0437486295602556
17.75,133.543497890377,141,25.4277063938529,38.413584639726,1.50324577888006,2.57864783977893,4.94822152421756,38.7660634360627,-0.188436857036704,0.0431434388477445
17.7666666666667,133.152632343081,140,24.4277063938529,38.1364899052481,1.47333130750134,2.56518632765851,4.95243548394468,38.4816182020301,-0.198992241571977,0.0424911483342988
17.7833333333333,132.762781268301,140,24.4277063938529,37.7760156850698,1.44503598611618,2.55245343303518,4.95637489286077,38.1916271748147,-0.208712146939932,0.0418726674749405
17.8,132.373976409591,139,23.4277063938529,37.4335781461422,1.40888715307257,2.53618645816556,4.9600143676301,37.8669284883804,-0.221694364176752,0.0410847278577901
17.8166666666667,131.986249180138,138,22.4277063938529,37.0115345549801,1.37148530453486,2.51935562632359,4.96332224220738,37.5251461858079,-0.235050358253073,0.0402688378315984
17.8333333333333,131.599630720476,138,22.4277063938529,36.5145962064658,1.33091420349786,2.50109863085694,4.96511956129049,37.142830251145,-0.247931223573305,0.0392628701031196
17.85,131.214151946923,137,21.4277063938529,36.0436185020605,1.28224349502227,2.33494441885292,4.96547140441211,36.708651007022,-0.262677577903424,0.037974395312568
17.8666666666667,130.829843647545,137,21.4277063938529,35.4953217414578,1.23048022750254,2.31747431606501,4.96526416459442,36.2491134497971,-0.278461081135162,0.036610132353286
17.8833333333333,130.446736657532,136,20.4277063938529,34.965937813155,1.16828548498478,2.29648359046527,4.96468433067633,35.7428146897575,-0.298775598794189,0.0350376885642916
17.9,130.064862227443,135,19.4277063938529,34.3583182159909,1.10387428729827,2.27474481124607,4.96369954462495,35.2113123278217,-0.32003072116827,0.0334339353559204
17.9166666666667,129.684252354741,134,18.4277063938529,33.6776021082757,1.03086289317909,2.25010346573085,4.96227968293941,34.6335327786075,-0.344978618320855,0.0316624886881559
17.9333333333333,129.304939965569,134,18.4277063938529,32.9286022252259,0.946182192192382,2.22152372914783,4.96036863665192,33.9962497471399,-0.37491957473082,0.0296588869326113
17.95,128.926959022523,133,17.4277063938529,32.2120635952117,0.84901809094945,2.18873084497834,4.95789985310511,33.2921124339232,-0.41016916321944,0.0274073302990675
17.9666666666667,128.550344563191,132,16.4277063938529,31.4294893514058,0.751717365220261,2.15589185004474,4.95484217006815,32.5549537837868,-0.445341686758034,0.0251731286628599
17.9833333333333,128.175132716448,132,16.4277063938529,30.5847573612517,0.650288605717201,2.12165964371246,4.95118478671105,31.7721888498107,-0.482158004679179,0.022870443709566
18,127.801360683817,131,15.4277063938529,29.7779366842542,0.542821037065916,2.08538933929265,4.94690073452056,30.9361670064041,-0.521427875106841,0.0204585972875978
18.0166666666667,127.429066756465,130,14.4277063938529,28.9100649230817,0.440539992990172,2.05086948691709,4.94199216820101,30.0798814472839,-0.558268076729256,0.0181777383726391
18.0333333333333,127.058290341265,130,14.4277063938529,27.984718297535,0.338399809475694,2.01639717498095,4.93647546654549,29.1896486533275,-0.594870275428216,0.01591854502564
18.05,126.689071939862,129,13.4277063938529,27.1017863004926,0.2335528941364,1.98101134105394,4.93034522859368,28.2566480597871,-0.632461705767313,0.0136195857326869
18.0666666666667,126.321453156248,128,12.4277063938529,26.1622133533975,0.136426545984809,1.94823119855278,4.92362028793817,27.3127484408322,-0.666514287286142,0.0115034137159959
18.0833333333333,125.955476710163,128,12.4277063938529,25.1695396400979,0.0413181855646972,1.91613212691099,4.91632960149258,26.3432529646482,-0.699511781693542,0.00944628744060142
18.1,125.59118640263,127,11.4277063938529,24.223652697001,-0.0539025965140721,1.84828464276883,4.90822483440341,25.3386709025302,-0.732009286787047,0.0073751889754579
18.1166666666667,125.228627111209,126,10.4277063938529,23.2242834430236,-0.136042905731661,1.76614433355124,4.89866470173654,24.332000463755,-0.757326506596721,0.00550055662856118
18.1333333333333,124.867844830756,126,10.4277063938529,22.1720816046357,-0.212109066914892,1.69007817236801,4.88776857094476,23.3091846072194,-0.778666279233677,0.00367893035243732
18.15,124.50888677211,125,9.42770639385292,21.1639599929009,-0.287035193429058,1.61515204585385,4.87559724756589,22.2592350945651,-0.798275260575858,0.00180959979664756
18.1666666666667,124.151801535008,125,9.42770639385292,20.0984815575952,-0.35264346045918,1.54954377882372,4.86224794406666,21.2107272158846,-0.81274205344194,7.51464510872336e-05
18.1833333333333,123.796639291162,124,8.42770639385292,19.0737293600545,-0.416683972577847,1.48550326670506,4.84781070709485,20.1450973134093,-0.825561615925945,-0.00168414569354464
18.2,123.443451979406,124,8.42770639385292,17.9894530316897,-0.472557534903274,1.42962970437963,4.83237589257153,19.0857399658968,-0.833992938390052,-0.00332028914343051
18.2166666666667,123.092293438083,123,7.42770639385292,16.9447787718157,-0.528729597263878,1.37345764201903,4.81600797751244,18.0108363777243,-0.841806227885376,-0.005010145534692
18.2333333333333,122.743219464796,122,6.42770639385292,15.8402867693638,-0.578761495254656,1.32342574402825,4.79876473700711,16.9419612164403,-0.846288029448876,-0.00661133609553772
18.25,122.396287864753,122,6.42770639385292,14.6793524183522,-0.630959488606053,1.27122775067685,4.78067824525967,15.8564693511238,-0.851098631559717,-0.00829941080813508
18.2666666666667,122.051558533439,122,6.42770639385292,13.5617559833615,-0.689956622102128,1.21223061718078,4.76167458628497,14.7388815896732,-0.85818448860283,-0.0101773621989347
18.2833333333333,121.709093758239,121,5.42770639385292,12.4844160559605,-0.746445799769032,1.15574143951387,4.74172873575215,13.6163283239431,-0.863492842163342,-0.012046191306835
18.3,121.368960586143,121,5.42770639385292,11.3478829679372,-0.795355132416062,1.10683210686684,4.72093353334486,12.5074687867802,-0.864940670051025,-0.0137908748352721
18.3166666666667,121.031228968773,120,4.42770639385292,10.2520070986806,-0.84591480254762,1.05627243673528,4.69933717117504,11.3873656867412,-0.866604431751097,-0.0156059660737146
18.3333333333333,120.695970193884,120,4.42770639385292,9.09794160098321,-0.89194522907956,1.01024201020334,4.67697284796115,10.2757123934017,-0.865848905744927,-0.0173563819403893
18.35,120.363256901731,120,4.42770639385292,7.98581922400926,-0.941707238159089,0.960480001123815,4.6538464408174,9.14886229719109,-0.866279541348281,-0.0192184882659604
18.3666666666667,120.033163073463,119,3.42770639385292,6.91321799216,-0.988246063213594,0.913941176069309,4.62996333778029,8.0277731302748,-0.864891840172536,-0.0210422746073172
18.3833333333333,119.705764000845,119,3.42770639385292,5.78141065649194,-1.02970989684525,0.902187239282904,4.60579231962737,6.92630005748568,-0.861538104193784,-0.0227421566023399
18.4,119.381136241324,119,3.42770639385292,4.69186304078183,-1.07734468706701,0.902187239282904,4.58166583643401,5.81515748032177,-0.861568544576616,-0.0245247035892113
18.4166666666667,119.059357528756,119,3.42770639385292,3.64492554079986,-1.12472954363732,0.902187239282904,4.55759782010733,4.71150841015399,-0.862197441281229,-0.0262502846763343
18.4333333333333,118.740506576,118,2.42770639385292,2.64110798400833,-1.1674230521251,0.902187239282904,4.53359268674366,3.62837578434716,-0.86145553913502,-0.0278269078688331
18.45,118.424662798239,118,2.42770639385292,1.5842956675747,-1.20250283664494,0.902187239282904,4.50965469435834,2.57559139607162,-0.858015099106611,-0.0291978948933247
18.4666666666667,118.111906001883,118,2.42770639385292,0.576930627709071,-1.24011050669399,0.902187239282904,4.48578794684298,1.52341720605644,-0.856248747732886,-0.0305834970325785
18.4833333333333,117.802316068754,118,2.42770639385292,-0.381414413265091,-1.27415513029367,0.902187239282904,4.46199639783614,0.489250572577959,-0.853486717101309,-0.0318545733595163
18.5,117.495972651383,117,1.42770639385292,-1.29136094597045,-1.30070412941152,0.902187239282904,4.43828385450906,-0.514163712504076,-0.847970524600171,-0.0329320632679322
18.5166666666667,117.192954888687,117,1.42770639385292,-2.25005798756841,-1.3174553313285,0.902187239282904,4.4146539812684,-1.47777180394805,-0.838635610530023,-0.0337741102155822
18.5333333333333,116.893341146649,117,1.42770639385292,-3.15600627434195,-1.33520945564714,0.902187239282904,4.39111030337735,-2.43240516331647,-0.830138836238036,-0.0346160857488659
18.55,116.597208785799,117,1.42770639385292,-4.01048963248923,-1.34852235085353,0.902187239282904,4.36765621049713,-3.36193550598218,-0.820093300454067,-0.0353431722920511
18.5666666666667,116.304633955517,117,1.42770639385292,-4.81490504053785,-1.35406256037609,0.902187239282904,4.34429496015024,-4.25496083943983,-0.807007135273719,-0.0358891581228774
18.5833333333333,116.015691414152,117,1.42770639385292,-5.57074347785005,-1.3500630871884,0.902187239282904,4.32102968110725,-5.10377083546903,-0.79005679889043,-0.0362231827708615
18.6,115.73045437336,117,1.42770639385292,-6.27957239246294,-1.3358918628146,0.902187239282904,4.2978633766985,-5.90351514769602,-0.768908600135576,-0.0363394429676351
18.6166666666667,115.448994358009,117,1.42770639385292,-6.94301969839002,-1.31171767317034,0.902187239282904,4.27479892805251,-6.65153720561315,-0.743579127050924,-0.0362492674297484
18.6333333333333,115.171380487118,116,0.427706393852915,-7.56275921476646,-1.27825257158594,0.902187239282904,4.25183909726237,-7.34684265693702,-0.714326952686082,-0.0359750791586855
18.65,114.897677586564,116,0.427706393852915,-8.23685492703595,-1.23655533249205,0.902187239282904,4.2289865304817,-7.98967712928693,-0.681569394169039,-0.0355458546744747
18.6666666666667,114.627946214251,116,0.427706393852915,-8.8645956119817,-1.19977471003209,0.902187239282904,4.20624376095167,-8.61816787568036,-0.651019990929591,-0.035243919582997
18.6833333333333,114.362243406469,116,0.427706393852915,-9.44793613057968,-1.16402220635247,0.902187239282904,4.18361321196034,-9.22184910369461,-0.621013251351582,-0.0349830113180276
18.7,114.100623246263,116,0.427706393852915,-9.98883690883024,-1.12690861028473,0.902187239282904,4.16109719973594,-9.79365424186473,-0.590516752644186,-0.0347114895392168
18.7166666666667,113.843137286399,115,-0.572293606147085,-10.4892537095238,-1.08714042007858,0.902187239282904,4.13869793627527,-10.3291340765135,-0.558963972588174,-0.0344026214916823
18.7333333333333,113.589834865132,115,-0.572293606147085,-11.0474860035525,-1.04420669537591,0.902187239282904,4.11641753210861,-10.8258333283959,-0.52612397778258,-0.0340471096903482
18.75,113.340763343055,115,-0.572293606147085,-11.5630154865676,-1.01002943266911,0.902187239282904,4.09425799900254,-11.3197710446339,-0.49720136823744,-0.0338975563201267
18.7666666666667,113.095968281239,114,-1.57229360614708,-12.0379510495974,-0.980058445672464,0.92212879361044,4.07228091693886,-11.7988651464958,-0.470346415200388,-0.0338447067537301
18.7833333333333,112.855493580764,114,-1.57229360614708,-12.5700352504247,-0.952832013720386,0.949355225562518,4.05083467004597,-12.255481313363,-0.445439320162266,-0.033818080363506
18.8,112.619381582155,113,-2.57229360614708,-13.0573131937062,-0.937830525584139,0.964356713698764,4.02986364376341,-12.7217499162911,-0.426540527410526,-0.0340216132167276
18.8166666666667,112.387673115322,113,-2.57229360614708,-13.5971544203768,-0.927671236630413,0.974516002652491,4.00923096208125,-13.1814252735401,-0.410273177108755,-0.0343056821148741
18.8333333333333,112.160407467875,112,-3.57229360614708,-14.0888289856017,-0.928941253557179,0.973245985725725,3.98879674557391,-13.6591502332184,-0.399329728387113,-0.0348203357296045
18.85,111.93762236422,111,-4.57229360614708,-14.6312066827107,-0.932964902466187,0.969222336816717,3.96844904738354,-14.1336557045011,-0.389808808303646,-0.0353863528781642
18.8666666666667,111.719353979786,111,-4.57229360614708,-15.2211612080736,-0.945895141871306,0.956292097411598,3.94808689846502,-14.6266572434094,-0.384265711435298,-0.0361418382203826
18.8833333333333,111.505636976151,110,-5.57229360614708,-15.7597201207523,-0.970524385912619,0.931662853370284,3.92753656381525,-15.1523113548106,-0.383719138582111,-0.0371569057330858
18.9,111.296504548439,109,-6.57229360614708,-16.3474856269259,-0.996102899135434,0.90608434014747,3.90670042228024,-15.6822715560012,-0.383395084213417,-0.0382064750137267
18.9166666666667,111.091988481634,109,-6.57229360614708,-16.9828294997873,-1.02945949557082,0.902187239282904,3.88583476800024,-16.2342568192235,-0.386658006992238,-0.0394065303105893
18.9333333333333,110.892119246569,108,-7.57229360614708,-17.5669877468004,-1.07455851473605,0.902187239282904,3.86510325498965,-16.8213471858351,-0.395508056741331,-0.0408178437512369
18.95,110.696926162161,108,-7.57229360614708,-18.1991463093559,-1.12076562207877,0.902187239282904,3.84450862695487,-17.4149870332067,-0.405341589746844,-0.0422084534278765
18.9666666666667,110.506437541051,108,-7.57229360614708,-18.7794903871331,-1.17311887465865,0.902187239282904,3.82405187683836,-18.0318586453307,-0.418346951291928,-0.0436846019627137
18.9833333333333,110.320680798136,108,-7.57229360614708,-19.3108006692203,-1.22231404413169,0.902187239282904,3.80373392969331,-18.6457338103713,-0.43046674966186,-0.0450469721715872
19,110.139682540241,108,-7.57229360614708,-19.7957964310205,-1.26255985239906,0.902187239282904,3.78355564461929,-19.2381904566012,-0.439129118434512,-0.0461773422544899
19.0166666666667,109.963468650089,108,-7.57229360614708,-20.2371288580034,-1.29064258383743,0.902187239282904,3.76351781665314,-19.7968146787055,-0.442860474189196,-0.0470160387658988
19.0333333333333,109.792064374591,108,-7.57229360614708,-20.6373754290702,-1.30520058792217,0.902187239282904,3.7436211786159,-20.3137712338616,-0.440983814951202,-0.0475445938256545
19.05,109.625494426399,108,-7.57229360614708,-20.9990352719783,-1.3061661015288,0.902187239282904,3.7238664029168,-20.7846720629285,-0.433385411600117,-0.0477725302843031
19.0666666666667,109.463783108025,109,-6.57229360614708,-21.324525408011,-1.29433990264502,0.902187239282904,3.70425410331511,-21.2076852349684,-0.420335971420696,-0.0477274057741002
19.0833333333333,109.306954469637,109,-6.57229360614708,-21.5198203423412,-1.27107092462741,0.902187239282904,3.68478483664095,-21.5828372956465,-0.402354998989536,-0.0474474158403775
19.1,109.155032515255,110,-5.57229360614708,-21.6896033020344,-1.22612705585113,0.902187239282904,3.6654591044756,-21.874495364572,-0.374908511544973,-0.0467258388261508
19.1166666666667,109.008041478332,111,-4.57229360614708,-21.7394552031951,-1.16653920198732,0.902187239282904,3.64627735479254,-22.0971610083446,-0.340962103616446,-0.0457266870429093
19.1333333333333,108.866006198344,112,-3.57229360614708,-21.6773005952561,-1.08597036407823,0.902187239282904,3.62723998355973,-22.2259780957244,-0.297679311038287,-0.044326964666333
19.15,108.728952648746,113,-2.57229360614708,-21.510752870766,-0.982227914115437,0.919959325167466,3.60837235365888,-22.2463569831163,-0.244043197324036,-0.0424928181065742
19.1666666666667,108.596908698118,114,-1.57229360614708,-21.2464922496143,-0.861995346268181,1.04019189301472,3.59095068654839,-22.1529656096455,-0.18470450015699,-0.0402480122320574
19.1833333333333,108.469905247889,114,-1.57229360614708,-20.8867724194424,-0.759470510314679,1.9021872392829,3.58157477636217,-21.9529897921063,-0.143972308587134,-0.0376387313179814
19.2,108.34797789004,115,-0.572293606147085,-20.5010707491179,-0.671702756217124,1.9021872392829,3.57978124968069,-21.6750288483623,-0.119532283326217,-0.0346506079356879
19.2166666666667,108.231168831925,116,0.427706393852915,-19.9679220528382,-0.567812232335108,1.9021872392829,3.57812632825674,-21.3349224947435,-0.0870244093149075,-0.0314184890421161
19.2333333333333,108.119529384735,117,1.42770639385292,-19.3011023574879,-0.437345306861898,1.9021872392829,3.57660599901382,-20.8933910581632,-0.0418360547482746,-0.0277323501996995
19.25,108.013125993198,117,1.42770639385292,-18.5135471290353,-0.276342166398839,1.9021872392829,3.57521634240983,-20.3277405713454,0.0178565696335271,-0.023526474320839
19.2666666666667,107.912054860038,118,2.42770639385292,-17.7137365641366,-0.0852422200571311,1.9021872392829,3.57395353046155,-19.6274646846721,0.0919666171143265,-0.0188302312717729
19.2833333333333,107.816469314325,119,3.42770639385292,-16.8105709378842,0.120795728764937,1.9021872392829,3.57281382480865,-18.8277978761635,0.173958569441542,-0.01398175825971
19.3,107.726574533338,119,3.42770639385292,-15.8148521452018,0.342072506011942,1.9021872392829,3.57179357481624,-17.9208602101901,0.263969519269848,-0.00898188749533408
19.3166666666667,107.642576532452,120,4.42770639385292,-14.8330202753592,0.57657545019065,1.9021872392829,3.57088921571544,-16.9058314483571,0.361123456121245,-0.00388014324955423
19.3333333333333,107.564648523852,120,4.42770639385292,-13.7720288197974,0.817695064397019,2.47457378436082,3.56834515694837,-15.8225595677634,0.46503902884233,0.000996741651058644
19.35,107.492917375061,120,4.42770639385292,-12.7172646809199,0.996302500904654,2.59959898991616,3.57841458714001,-14.6801746796756,0.524929933706834,0.00568561610106112
19.3666666666667,107.427460615104,121,5.42770639385292,-11.6490744232532,1.15776822649839,2.71262499783178,3.59057257817987,-13.5247016824611,0.575930493135318,0.0100643325829371
19.3833333333333,107.368308182974,121,5.42770639385292,-10.469544084604,1.30311028799712,2.81436444088089,3.6046176242917,-12.3629373289054,0.618703552448519,0.0141460369585449
19.4,107.315446609159,122,6.42770639385292,-9.28060625936864,1.44580817227981,2.91425295987877,3.62043873142863,-11.161069115068,0.659232510505392,0.0182148771369457
19.4166666666667,107.268824295781,122,6.42770639385292,-7.98576593841586,1.58242760263543,3.0098865611277,3.63797593923733,-9.93260083222391,0.69610167342553,0.0221942387106078
19.4333333333333,107.22835693509,122,6.42770639385292,-6.6875979980742,1.72285912626018,3.10818862766503,3.65721303426226,-8.65002098829538,0.733639278364912,0.0262951092087618
19.45,107.193932563808,122,6.42770639385292,-5.38610699179444,1.86094052545708,3.20484560710286,3.67814817271531,-7.33225666731309,0.769185965203956,0.0303846920753854
19.4666666666667,107.165416040175,122,6.42770639385292,-4.0812782125663,1.99307141815518,3.29733723199153,3.70072317588012,-5.99306011360009,0.80124879615503,0.0343829976797664
19.4833333333333,107.14265288713,122,6.42770639385292,-2.77331680389909,2.11746656307377,3.38441383343454,3.724848910266,-4.64207445263559,0.829151287184386,0.0382478459940604
19.5,107.125472524953,122,6.42770639385292,-1.46275355165478,2.23354689274162,3.46567006420204,3.75042277698144,-3.28585546373846,0.852751448201346,0.0419624986691382
19.5166666666667,107.11369095479,121,5.42770639385292,-0.150464240593317,2.34147146629004,3.54121726568593,3.7773399437467,-1.92876221075071,0.872227455804892,0.0455260587530171
19.5333333333333,107.10711299913,121,5.42770639385292,1.06600451303467,2.44179750988224,3.61144549620047,3.80549989059558,-0.573680972267056,0.887923723822785,0.0489464286430554
19.55,107.105534201689,121,5.42770639385292,2.28764601641742,2.52371473843355,3.66878755618639,3.83473670136479,0.740526161780754,0.89530745401075,0.0519852173495002
19.5666666666667,107.108742425591,120,4.42770639385292,3.5123265513721,2.59365977129534,3.71774907918964,3.864866649643,2.02501751237176,0.897350815573284,0.0547734680141096
19.5833333333333,107.116519350277,120,4.42770639385292,4.6410343617961,2.65614842527112,3.76149113697269,3.8957694783171,3.28817658862503,0.896126575256536,0.0574036061482717
19.6,107.128641689273,119,3.42770639385292,5.77336857886358,2.70261195207252,3.79401560573366,3.92729526837326,4.4988806666437,0.888049972420238,0.0596863092557827
19.6166666666667,107.144882142808,119,3.42770639385292,6.80966441643858,2.7405292305726,3.82055770068373,3.95929513009411,5.67326831390144,0.876502841183644,0.0617766630338978
19.6333333333333,107.165010217151,118,2.42770639385292,7.84881454170111,2.76314233602857,3.8363868745029,3.99161808299266,6.78577174898268,0.858682022215626,0.0635243649588495
19.65,107.18879296319,117,1.42770639385292,8.79051941715035,2.77890425510127,3.84742021785379,4.02413021053007,7.85629555933215,0.838372252711162,0.0651061827391668
19.6666666666667,107.215995678142,116,0.427706393852915,9.63681411545961,2.78145925989623,3.84920872121026,4.05670338434159,8.86166659155999,0.812917791696515,0.0663815120893191
19.6833333333333,107.246382535523,116,0.427706393852915,10.3894933242244,2.76776605165742,3.8396234754431,4.08915607563209,9.78629627348031,0.781151748894884,0.0672788733802555
19.7,107.279717197313,115,-0.572293606147085,11.1462581047981,2.73699554060525,3.81808411770658,4.12128533882545,10.6203438292821,0.742885451595634,0.0677735376153867
19.7166666666667,107.315763416494,114,-1.57229360614708,11.8055110085291,2.7012131737948,3.79303646093926,4.1529603857958,11.3949985449542,0.703458177510691,0.0681203046449189
19.7333333333333,107.354280837319,114,-1.57229360614708,12.3681324009334,2.65599601950809,3.76138445293856,4.18408813210017,12.0947644678534,0.661008872876376,0.0682217830832716
19.75,107.394983763456,113,-2.57229360614708,12.9313876134375,2.59908932033202,3.72154976351532,4.2145376467199,12.7089671469995,0.614653600493115,0.0680256751526443
19.7666666666667,107.43750395772,113,-2.57229360614708,13.3936040101925,2.54125728313545,3.68106733747772,4.24423425626497,13.2675730147148,0.569107507430264,0.0677612046181283
19.7833333333333,107.481412119209,112,-3.57229360614708,13.8521997486683,2.4769821376074,3.63607473560809,4.27312705638038,13.7538165826159,0.52198985495107,0.0673092454307533
19.8,107.526254848204,112,-3.57229360614708,14.2059931904383,2.41467862358869,3.59246227579498,4.30118887091923,14.1927983541394,0.476948926198837,0.0668504723156334
19.8166666666667,107.57158484969,111,-4.57229360614708,14.5530562511445,2.3472392552521,3.54525471795937,4.3283935070097,14.5641072582061,0.430890110126805,0.0662325930232497
19.8333333333333,107.616980898569,111,-4.57229360614708,14.79290729201,2.28208307114122,3.49964538908176,4.35472358176578,14.8902885210441,0.387020717810281,0.0656152655519257
19.85,107.662059016708,110,-5.57229360614708,15.0242932534259,2.21154563360537,3.45026918280666,4.38015376841067,15.1492788549679,0.342004517983996,0.0648342426502618
19.8666666666667,107.706477248199,110,-5.57229360614708,15.147344264344,2.14279454619708,3.40214342162086,4.40466293222656,15.3626742303777,0.298944334760699,0.0640436040698465
19.8833333333333,107.749936202654,109,-6.57229360614708,15.26134003185,2.06811248692388,3.34986598012962,4.42822028858429,15.5079784684328,0.254487218699683,0.0630777221500886
19.9,107.792177033726,109,-6.57229360614708,15.2668630408116,1.99473168771013,3.29849942067999,4.45079935909024,15.6067113920795,0.21177005952492,0.0620918269307179
19.9166666666667,107.83297802912,108,-7.57229360614708,15.2635717528507,1.91505897501125,3.24272852179078,4.47236514392147,15.6365295745047,0.167498598457692,0.0609227664677457
19.9333333333333,107.872150594339,108,-7.57229360614708,15.1523645327855,1.83647128257824,3.18771713708767,4.4928885313534,15.6192378341946,0.1248757080119,0.0597287524368532
19.95,107.909535122986,108,-7.57229360614708,15.0331646597841,1.76808931573274,2.69782743136264,4.50897388411745,15.5352139697149,0.0927465720395225,0.0583487057714977
19.9666666666667,107.944997058282,107,-8.57229360614708,14.8884747232741,1.71686529213001,2.67477662074141,4.52044739890865,15.4214113006861,0.0742016787339122,0.0569099666649837
19.9833333333333,107.978423607299,107,-8.57229360614708,14.6076652555366,1.66274843161542,2.65042403350984,4.53140936560288,15.2809411149178,0.0545179015348636,0.0554170519011748
20,108.009721441815,107,-8.57229360614708,14.2967553450141,1.59258302092598,2.61884959869959,4.5417854882923,15.0709637718307,0.0280355044683519,0.0535873452703709
20.0166666666667,108.038918855096,107,-8.57229360614708,13.9586002677152,1.51160262129559,2.58240841886592,4.55147687100187,14.8011916825742,-0.00290032348047805,0.0515326544586514
20.0333333333333,108.066714155095,106,-9.57229360614708,13.5954595988053,1.42405562324246,2.54301226974201,4.56042024923332,14.4805696898519,-0.036397922259651,0.0493437083116774
20.05,108.093951501023,106,-9.57229360614708,13.1128413884146,1.33325587930209,2.50215238496884,4.56858077938634,14.1169814657339,-0.0709918980986341,0.0470912367363908
20.0666666666667,108.122247709763,106,-9.57229360614708,12.6148073011468,1.23003196508561,2.45570162357143,4.57589820949775,13.6802438221148,-0.11062272538803,0.0445780969298137
20.0833333333333,108.153859183034,106,-9.57229360614708,12.1024469269323,1.12171884368348,2.40696071894047,4.58231015520288,13.1884893179965,-0.152059507854074,0.0419612244768435
20.1,108.191499137702,106,-9.57229360614708,11.5765286683547,1.01337446724895,2.35820574954493,4.58780051444596,12.6558822801337,-0.193093276995158,0.039348791625987
20.1166666666667,108.238428387688,106,-9.57229360614708,11.0377242714581,0.908288627969442,2.31091712186915,4.59238435239431,12.0932056957405,-0.232305085858219,0.0368111037365209
20.1333333333333,108.298942753525,106,-9.57229360614708,10.4867462958105,0.811907419123858,2.17620599323721,4.59539198259398,11.5089906781532,-0.266330346112532,0.0343900439246131
20.15,108.379741979316,106,-9.57229360614708,9.92129816967478,0.724830506705832,2.14681753529612,4.5969030408834,10.9121461782981,-0.295017785865372,0.0321005508073548
20.1666666666667,108.492360116764,106,-9.57229360614708,9.3400442728229,0.642292916801662,2.11896109870346,4.59784027073005,10.3042052929517,-0.32174609716631,0.0299330489970032
20.1833333333333,108.654443992612,106,-9.57229360614708,8.74556903636922,0.563664877711988,2.0924241355107,4.59823025472392,9.68493999643657,-0.346789868202583,0.0278725496484141
20.2,108.886198190622,106,-9.57229360614708,8.1403399221247,0.488669258721721,2.06711311410148,4.59809713640565,9.05498012741411,-0.37026993893904,0.0259117524098692
20.2166666666667,109.204638731924,106,-9.57229360614708,7.52669740981773,0.417256126471577,2.04301118196706,4.59746422579022,8.41556271431353,-0.392208588188631,0.0240482984869912
20.2333333333333,109.621602297759,106,-9.57229360614708,6.90685348170183,0.349509030478662,2.02014653706945,4.59635499226866,7.76832939706634,-0.41257067384419,0.0222827260463961
20.25,110.145093617748,107,-8.57229360614708,6.28289512330419,0.285577511970978,1.99856964957311,4.59479361112572,7.11516805989651,-0.431293187339963,0.0206170037155018
20.2666666666667,110.780688238288,107,-8.57229360614708,5.7531478565369,0.225630918160027,1.97833767416191,4.5928051780675,6.458092661086,-0.448305407524187,0.0190535325842452
20.2833333333333,111.531173391026,107,-8.57229360614708,5.21702929033512,0.181545048648083,1.96345869320163,4.59045125696046,5.83609146494661,-0.458468529255675,0.017844685432277
20.3,112.397166694804,108,-7.57229360614708,4.67664565348287,0.14798460554612,1.95213204365472,4.58780837697674,5.2387607845991,-0.464127892074633,0.0168732303226105
20.3166666666667,113.377623456983,108,-7.57229360614708,4.23056156300125,0.121239768164833,1.94310566103853,4.58492780289581,4.65861554784525,-0.466912067717788,0.016057711183609
20.3333333333333,114.470112197867,109,-6.57229360614708,3.7785189082081,0.110568618684105,1.93950414808879,4.58187910980109,4.12751868749136,-0.462825424611369,0.0155943129992514
20.35,115.671041726427,110,-5.57229360614708,3.41930396030482,0.108976696059527,1.93896687420299,4.57873488558134,3.62988250982501,-0.45493459526894,0.0153305665831923
20.3666666666667,116.975849541699,111,-4.57229360614708,3.14931224388227,0.123515081008245,1.94387357912319,4.57557068929428,3.19150800266921,-0.440207007594078,0.0154152757813588
20.3833333333333,118.379168289119,112,-3.57229360614708,2.96518837630436,0.157516602619441,1.95534909266696,4.57249058533719,2.82934845658721,-0.41723916278838,0.015916639647013
20.4,119.874962178108,113,-2.57229360614708,2.86393695445933,0.211775817950291,1.97366157784113,4.56960967281098,2.5536933950486,-0.385736292150676,0.0168481584067805
20.4166666666667,121.456629654899,114,-1.57229360614708,2.84294639731977,0.285453753977228,1.99852788125022,4.56704245031962,2.36997420966063,-0.346114071902591,0.0181884263720222
20.4333333333333,123.117085870329,115,-0.572293606147085,2.89995948906273,0.376748169480053,2.02933974648242,4.56489558655871,2.28020545081976,-0.299204099517088,0.0198957393974413
20.45,124.848829736665,116,0.427706393852915,3.03301499497683,0.482789180924682,2.11944237069901,4.56338198534448,2.28409796497647,-0.24646931862154,0.0219184701844682
20.4666666666667,126.64399986235,117,1.42770639385292,3.2422604397616,0.597441856654942,2.17103607477763,4.56334500070165,2.37804641824487,-0.191708727577605,0.0242043666154244
20.4833333333333,128.494425262195,118,2.42770639385292,3.52816462886394,0.722255360944739,2.22720215170804,4.56416965963072,2.55955712384049,-0.133274017104555,0.0267132590641786
20.5,130.39168991309,119,3.42770639385292,3.88959587171939,0.855659992424998,2.28723423587415,4.56592737550037,2.82736396416286,-0.0718890940419096,0.029411709375543
20.5166666666667,132.327181764551,121,5.42770639385292,4.32546740802713,0.99615008047574,2.35045477549699,4.56867769695686,3.17967809435659,-0.00824153671743097,0.0322676390293891
20.5333333333333,134.292142184358,122,6.42770639385292,4.93104730891907,1.14235038228072,2.41624491130923,4.57246905397641,3.61443431218222,0.0570456539139436,0.0352517523588212
20.55,136.277744281547,123,7.42770639385292,5.60276568794808,1.30470453574983,2.48930428037033,4.57738707669168,4.16637003240108,0.128457444629995,0.0385883575579772
20.5666666666667,138.275188710587,124,8.42770639385292,6.33981897486666,1.47662168896236,2.56666699931597,4.58352685191526,4.82078197206159,0.203072806733195,0.0421363760374413
20.5833333333333,140.275815480474,126,10.4277063938529,7.1415714396515,1.65338667297379,2.64621124212111,4.59094103453805,5.56597625770653,0.278815562879536,0.0457948984244842
20.6,142.271227511534,127,11.4277063938529,8.10372108992365,1.83176037123601,2.72647940633911,4.59965237300847,6.39284973711193,0.354271763462923,0.0494946267777346
20.6166666666667,144.253418611817,128,12.4277063938529,9.12302790575183,2.02127910289176,2.81176283558419,4.60971060895074,7.33133628057453,0.433557947401614,0.0534403619364996
20.6333333333333,146.214896422918,130,14.4277063938529,10.1988841389283,2.21509074679039,2.89897807533858,4.62117070051083,8.36360404400786,0.51366806044734,0.0574853614189528
20.65,148.148790668498,131,15.4277063938529,11.4270686870041,2.40862718658211,2.98606947324485,4.63404485416754,9.47603714839452,0.592618267215875,0.0615318025400714
20.6666666666667,150.048938565054,132,16.4277063938529,12.70441509998,2.61068960613686,3.07699756204449,4.64836465379976,10.6953650212974,0.67421847470316,0.0657686845318594
20.6833333333333,151.909941975039,134,18.4277063938529,14.0303501100895,2.8141079737695,3.16853582747918,4.66416305224718,12.001564339488,0.755339836080138,0.0700424028848214
20.7,153.727194409555,135,19.4277063938529,15.5006356596077,3.01427398391019,3.25861053204249,4.6814289902895,13.3795833835065,0.833997130176945,0.0742542241034804
20.7166666666667,155.496879328872,137,21.4277063938529,17.0120370001476,3.22012062075619,3.35124151862319,4.70017119763057,14.8552584051102,0.914073179306471,0.0785959227257182
20.7333333333333,157.21594365504,138,22.4277063938529,18.6602260396371,3.42470481070266,3.4433044040991,4.72040117568806,16.4080468767723,0.992552288045381,0.0829187095657705
20.75,158.882051714474,140,24.4277063938529,20.3420233968006,3.63534660564239,3.53809321182198,4.74213554392764,18.0595464285726,1.07261079096769,0.0873797654793963
20.7666666666667,160.493525357738,141,25.4277063938529,22.1532240699364,3.84405650127045,3.63201266485461,4.76538383542808,19.7860609843492,1.15077955530742,0.0918078434670243
20.7833333333333,162.049275747328,143,27.4277063938529,23.9907900300792,4.05753477730292,3.72807788906922,4.79015454968189,21.6069305819641,1.22997112646782,0.0963468075569902
20.8,163.548731522549,144,28.4277063938529,25.9506472140825,4.26748005151198,3.82255326246329,4.81644568678685,23.4969116120506,1.30658868566485,0.100818691165294
20.8166666666667,164.991767061945,146,30.4277063938529,27.9298640730848,4.48049241472267,3.91840882590811,4.84425273528159,25.4743385121226,1.38351002951457,0.105365175224049
20.8333333333333,166.378633599974,147,31.4277063938529,30.024444275583,4.68830727669311,4.0119255137948,4.8735605031199,27.5133606812212,1.4571631587198,0.109809046130744
20.85,167.709895046211,149,33.4277063938529,32.1315070140508,4.89764282411209,4.10612651013335,4.90435191585451,29.6319876578704,1.53048550419851,0.114294481061541
20.8666666666667,168.986369464765,150,34.4277063938529,34.347084813533,5.10039414044197,4.19736460248179,4.93660030238737,31.804235205971,1.59998194513721,0.118647654768729
20.8833333333333,170.209076677154,152,36.4277063938529,36.568310413454,5.30345371134136,4.28874140938652,4.97027839968866,34.0481024886652,1.66867218967184,0.123016447370536
20.9,171.379192086786,153,37.4277063938529,38.8912213885411,5.49888840293196,4.37668702060229,5.00535068114336,36.3376693331357,1.73314132524821,0.127230683811164
20.9166666666667,172.498006534577,154,38.4277063938529,41.2129533328287,5.69375005446069,4.46437476379022,5.04178230346819,38.6910399789655,1.79648294218847,0.13144162919361
20.9333333333333,173.566891815446,156,40.4277063938529,43.5331924096454,5.88024763530606,4.54829867517063,5.0795313227492,41.0824187646874,1.85534767634001,0.135482124880832
20.95,174.587271427757,157,41.4277063938529,45.9478837748507,6.05389690142864,4.62644084492579,5.11851028541789,43.4931182053789,1.90785416268429,0.139255852867772
20.9666666666667,175.560596076947,158,42.4277063938529,48.3538993317847,6.22421061711491,4.70308201698461,5.15865449077656,45.9468846990806,1.95818463583936,0.142966774337781
20.9833333333333,176.488323297482,159,43.4277063938529,50.7506024182845,6.3850718246255,4.77546956036438,5.19990757567381,48.422165141741,2.00372561411021,0.146483572070738
21,177.371900703345,160,44.4277063938529,53.1372713045753,6.65260680772786,3.23270860082848,5.2177408534185,50.937960671229,2.13031720361242,0.149697509290731
21.0166666666667,178.212752522627,161,45.4277063938529,55.4569593910454,6.90941073863438,3.28406938700978,5.2339037398211,53.5123027731859,2.25476471936905,0.15238733508445
21.0333333333333,179.012270440829,162,46.4277063938529,57.658827530071,7.12935097895139,3.3021872392829,5.25051233986146,56.0883813294299,2.36245254365068,0.154241681614532
21.05,179.771809628286,163,47.4277063938529,59.752136391065,7.30005981648786,3.3021872392829,5.26701497673119,58.6075456635591,2.44854487874395,0.154972735520056
21.0666666666667,180.492686128989,164,48.4277063938529,61.7438927508784,7.41489328357192,3.3021872392829,5.28337672308192,61.0323489229774,2.5098901081911,0.15447715431644
21.0833333333333,181.176174092776,165,49.4277063938529,63.6402137703102,7.4725410434523,3.3021872392829,5.29959782092225,63.3397447833968,2.54560042591027,0.15277157117151
21.1,181.823503435616,166,50.4277063938529,65.4470204763527,7.47535821553174,3.3021872392829,5.31567854126407,65.5171752615496,2.55640395015193,0.14994955307424
21.1166666666667,182.435858027238,167,51.4277063938529,67.1700300058786,7.42807075583263,3.3021872392829,5.33161918312142,67.5597950350391,2.54409778575255,0.14615157459183
21.1333333333333,183.014374449743,168,52.4277063938529,68.8147496929219,7.33680853901849,3.3021872392829,5.34742007253421,69.4683073502928,2.51113631664874,0.141542944173028
21.15,183.560141315017,169,53.4277063938529,70.3864728282747,7.20839547400552,3.3021872392829,5.36308156161612,71.2472898546034,2.46032601599651,0.136297921229808
21.1666666666667,184.074199096398,169,53.4277063938529,71.8902759305219,7.04983945636382,3.3021872392829,5.37860402762632,72.903910710804,2.39460347493977,0.130588604105703
21.1833333333333,184.557540426987,170,54.4277063938529,73.2346599123198,6.86853500545979,3.27589424037486,5.39387568905612,74.4470309289766,2.31728339598203,0.124577564622289
21.2,185.011110738761,171,55.4277063938529,74.5257884093071,6.66140722068624,3.23446868342015,5.40839879394147,75.850441727596,2.22769429697256,0.118160829487041
21.2166666666667,185.435809341504,171,55.4277063938529,75.7656192566587,6.43972302858161,3.19013184499923,5.42206484481793,77.1375742860218,2.1308436749531,0.111580059116751
21.2333333333333,185.832490720364,172,56.4277063938529,76.8591670479067,6.21180825405831,3.14454889009457,5.43484078580659,78.3275547050141,2.03040673005236,0.105014149685654
21.25,186.201966244061,172,56.4277063938529,77.9101942752947,5.97195188173266,3.09657761562944,5.4466964956432,79.3987167687209,1.92396121896476,0.0983405257024134
21.2666666666667,186.545006147736,173,57.4277063938529,78.8234184255375,5.72983485298035,3.04815420987897,5.45761053241018,80.3755373582792,1.81577263721016,0.0917656876471258
21.2833333333333,186.862341691028,173,57.4277063938529,79.702341260222,5.48039660626288,2.99826656053548,5.46756765577026,81.2400116952347,1.70370301498382,0.0851791777865062
21.3,187.154667416309,174,58.4277063938529,80.4514671433562,5.23348036136594,2.94888331155609,5.47656260470149,82.0190028266218,1.59208958582798,0.0787890305098427
21.3166666666667,187.422643451328,174,58.4277063938529,81.1741338258518,4.98386572877792,2.89896038503849,5.4845962783149,82.6959524482031,1.4787254024824,0.07247947301566
21.3333333333333,187.666897814797,174,58.4277063938529,81.7747262528076,4.74103795759579,2.85039483080206,5.49167865300385,83.2984959480203,1.36779170630995,0.0664491416208716
21.35,187.888028693889,175,59.4277063938529,82.2601420266484,4.49931051175892,2.80204934163469,5.49782445725684,83.8103786424717,1.2568775932327,0.0605707713054417
21.3666666666667,188.086606674981,175,59.4277063938529,82.7335068179054,4.29879384330733,1.9021872392829,5.49431000028251,84.2309974085374,1.1761057222898,0.0547748196661199
21.3833333333333,188.263176920009,175,59.4277063938529,83.0693229159579,4.12934152714761,1.9021872392829,5.48479171864065,84.6190169376037,1.11555248241085,0.0492117896812854
21.4,188.41826216543,175,59.4277063938529,83.2497521319252,3.94893813930911,1.9021872392829,5.47516183871876,84.9362581560353,1.04842229231057,0.0436008179292675
21.4166666666667,188.552367104143,176,60.4277063938529,83.2907912850193,3.74740684979541,1.9021872392829,5.46542645721089,85.1449825170967,0.970291050863167,0.0377314983940697
21.4333333333333,188.665982001353,176,60.4277063938529,83.303740887911,3.52113839132312,1.9021872392829,5.45559150284173,85.2244480741731,0.879554292742021,0.031539228374895
21.45,188.759585036988,176,60.4277063938529,83.2000928380373,3.28281141542646,1.9021872392829,5.44566274020432,85.2032727580747,0.781716692294796,0.0253044838860336
21.4666666666667,188.833643837241,176,60.4277063938529,82.9930240840909,3.03075477095816,1.9021872392829,5.43564577351767,85.069645629806,0.676079985447509,0.0189958145824458
21.4833333333333,188.888616503263,176,60.4277063938529,82.6947876060036,2.76637335687985,1.9021872392829,5.42554605030566,84.8207733030387,0.563283611977626,0.0126476358335341
21.5,188.924952324833,177,61.4277063938529,82.3167526535847,2.49294354762297,1.9021872392829,5.41536886499896,84.4601615335937,0.444794724260152,0.00633251204557663
21.5166666666667,188.943092297562,177,61.4277063938529,81.9658024168428,2.21473702770373,1.9021872392829,5.40511936246142,83.9955362463238,0.322534373963798,0.000141330176898631
21.5333333333333,188.943469519158,177,61.4277063938529,81.5492205586725,1.94828930857173,1.9021872392829,5.39480254144251,83.4742460892362,0.203809976357194,-0.00558033590225632
21.55,188.926509512681,177,61.4277063938529,81.0761828222053,1.69295320225318,1.9021872392829,5.38442325795709,82.8958758811786,0.0885003146701522,-0.0108609498149858
21.5666666666667,188.892630506691,177,61.4277063938529,80.5551451590848,1.44923260637995,1.9021872392829,5.37398622859426,82.2635817206209,-0.0230228541306165,-0.0157038922519463
21.5833333333333,188.842243690317,178,62.4277063938529,79.9938804239374,1.21826226330101,1.9021872392829,5.36349603375632,81.5828487876579,-0.130115803409085,-0.0200993043805001
21.6,188.775753453542,178,62.4277063938529,79.4958719007001,1.00144035871237,1.9021872392829,5.35295712082967,80.8605583343767,-0.232020159189577,-0.0240322955219465
21.6166666666667,188.693557618014,178,62.4277063938529,78.9651951769984,0.81206877769967,1.9021872392829,5.34237380728859,80.1412727326678,-0.322770767715146,-0.0272382549387774
21.6333333333333,188.596047660604,178,62.4277063938529,78.408004657622,0.646172122848241,1.9021872392829,5.33175028373351,79.4205220603573,-0.403895274688536,-0.0298257834187636
21.65,188.48360893007,178,62.4277063938529,77.8299162356865,0.501015416617765,1.9021872392829,5.32109061686499,78.6966467390303,-0.476411306880294,-0.0318737054142818
21.6666666666667,188.356620856205,178,62.4277063938529,77.2360382330065,0.37470564639325,1.9021872392829,5.3103987523947,77.9699325263261,-0.540992467113062,-0.0334404925192536
21.6833333333333,188.215457150376,179,63.4277063938529,76.631001470481,0.265899415992547,1.9021872392829,5.29967851789464,77.2419527131607,-0.598090508759595,-0.0345711236755844
21.7,188.06048599624,179,63.4277063938529,76.1153458807747,0.173592305576311,1.9021872392829,5.28893362558584,76.5150737737769,-0.648023647745949,-0.0353019849724814
21.7166666666667,187.892070229536,179,63.4277063938529,75.5903952448868,0.10886192945512,1.9021872392829,5.27816767506786,75.8290646189691,-0.685838186484747,-0.0354141286687127
21.7333333333333,187.710567506035,179,63.4277063938529,75.0597364030483,0.0657493321804883,1.9021872392829,5.26738415599004,75.1746180482586,-0.713979036077596,-0.0350550780437701
21.75,187.516330457006,178,62.4277063938529,74.526594512287,0.0398092554256979,1.9021872392829,5.25658645066592,74.5453590119226,-0.734270634997658,-0.0343353827850671
21.7666666666667,187.309706831812,178,62.4277063938529,73.8974990452662,0.0277226979234092,1.9021872392829,5.24577783663184,73.9370920092456,-0.748076037941256,-0.0333380579604117
21.7833333333333,187.091039627527,178,62.4277063938529,73.2774598103118,0.0151091072821461,1.9021872392829,5.23496148915083,73.3102398521342,-0.761619603705619,-0.0323759361553726
21.8,186.860667205683,178,62.4277063938529,72.6685365945619,0.00532709833436738,1.9021872392829,5.2241387665857,72.6756109834235,-0.773445812911964,-0.0313776143007432
21.8166666666667,186.618923396477,178,62.4277063938529,72.0725108247862,0.001093049184393,1.9021872392829,5.21322639177784,72.0419646444428,-0.782240795235953,-0.0302965979038675
21.8333333333333,186.366137590923,178,62.4277063938529,71.4909070658839,0.00344268043715046,1.9021872392829,5.20230785106664,71.4162274332325,-0.787655288080856,-0.0291061499356765
21.85,186.102634821599,177,61.4277063938529,70.9250134445228,0.0126598166992373,1.9021872392829,5.19148797674058,70.8034985982369,-0.789691245782599,-0.0277940046070305
21.8666666666667,185.828735832714,177,61.4277063938529,70.2795435490689,0.0295279358955807,1.9021872392829,5.18067730570321,70.207632068924,-0.787848789759399,-0.0263579761348031
21.8833333333333,185.544757140327,177,61.4277063938529,69.6578082013472,0.0421289827761454,1.9021872392829,5.16987598448419,69.5948214102907,-0.787315048257037,-0.025054003530438
21.9,185.251011083597,177,61.4277063938529,69.060280739247,0.0553695740518692,1.9021872392829,5.15908653666111,68.9795744394146,-0.785987411806488,-0.023774581306774
21.9166666666667,184.947805867979,176,60.4277063938529,68.4872642383267,0.0724647851129974,1.9021872392829,5.14831140176579,68.3727386438141,-0.782475032996581,-0.0224516389939473
21.9333333333333,184.635445601313,176,60.4277063938529,67.8425510573901,0.0953510422017197,1.9021872392829,5.13755293734223,67.7822551346411,-0.775928947321192,-0.0210464635479449
21.95,184.314230323741,176,60.4277063938529,67.2285921983948,0.113121909710657,1.9021872392829,5.12681342096008,67.1767944492124,-0.771107631305825,-0.0197919335267904
21.9666666666667,183.984456032405,175,59.4277063938529,66.6450601377927,0.131303201650386,1.9021872392829,5.11609505218442,66.5724631233392,-0.765642149372003,-0.0185668334228876
21.9833333333333,183.646414701851,175,59.4277063938529,65.9951561083995,0.153438309536019,1.9021872392829,5.10539995450272,65.9810051235291,-0.75799895757454,-0.0172959923605502
22,183.30039430106,175,59.4277063938529,65.3807780724106,0.169700645849998,1.9021872392829,5.09473017720991,65.3737700424106,-0.752472782121057,-0.0161882157750919
22.0166666666667,182.946678807995,175,59.4277063938529,64.8010821295716,0.186306412945614,1.9021872392829,5.08408769725238,64.7686838668229,-0.746394940680479,-0.0151072677580443
22.0333333333333,182.58554822254,174,58.4277063938529,64.255145815898,0.207206479647934,1.9021872392829,5.07347442103169,64.1786594873139,-0.738051998835309,-0.0139694486269958
22.05,182.217278578665,174,58.4277063938529,63.6456237024404,0.234671966889477,1.9021872392829,5.06289218616901,63.6127048827282,-0.726443868822369,-0.0127294196275476
22.0666666666667,181.842141956659,174,58.4277063938529,63.0739128064276,0.257860474091284,1.9021872392829,5.05234276323074,63.0398349813102,-0.716294700237385,-0.0116193722330052
22.0833333333333,181.460406496194,174,58.4277063938529,62.5387114914863,0.282188491333618,1.9021872392829,5.0418278574165,62.4759918135806,-0.705277016478408,-0.0105210826585906
22.1,181.072336411026,173,57.4277063938529,62.0386803187864,0.31098819469397,1.9021872392829,5.03134911020998,61.9324097773411,-0.691944194683172,-0.00936441401649464
22.1166666666667,180.678192006053,173,57.4277063938529,61.4760952640616,0.346062671065902,1.9021872392829,5.02090810099346,61.4166835645693,-0.675500594313186,-0.00811393466927555
22.1333333333333,180.278229697472,173,57.4277063938529,60.952010817378,0.376225984544185,1.9021872392829,5.01050634862685,60.8966443518474,-0.660822871819011,-0.00700876560069465
22.15,179.872702036735,173,57.4277063938529,60.4648166460509,0.406653148282028,1.9021872392829,5.00014531299188,60.3872484684194,-0.645693110877755,-0.00593521145390777
22.1666666666667,179.461857739,173,57.4277063938529,60.0128962854922,0.440517757800216,1.9021872392829,4.98982639650217,59.8989149700823,-0.628739028642062,-0.00482575039225144
22.1833333333333,179.045941716744,172,56.4277063938529,59.5946357405514,0.479530930313084,1.9021872392829,4.97955094557989,59.4385692927483,-0.609210712418391,-0.0036460628091113
22.2,178.625195119198,172,56.4277063938529,59.1120736748385,0.524358912251,1.9021872392829,4.96932025209968,59.010473576841,-0.586806825782308,-0.00238506644560458
22.2166666666667,178.199855378244,172,56.4277063938529,58.6660616289209,0.563052653580452,1.9021872392829,4.95913555480054,58.5799090217896,-0.566741103591777,-0.00129749126809303
22.2333333333333,177.770156261422,172,56.4277063938529,58.2548179460613,0.600309418299387,1.9021872392829,4.94899804066633,58.1599067440006,-0.547011751972569,-0.000278677610597354
22.25,177.336327932635,172,56.4277063938529,57.8765838680311,0.639040072432068,1.9021872392829,4.93890884627549,57.7594571537831,-0.526370652812403,0.000734721346352211
22.2666666666667,176.898597021193,172,56.4277063938529,57.5296296808529,0.680852309049311,1.9021872392829,4.92886905912064,57.3844497178682,-0.504123177819752,0.00177636580926418
22.2833333333333,176.457186699772,172,56.4277063938529,57.212260050243,0.726424391881899,1.9021872392829,4.91887971889876,57.0384193111186,-0.479972662553868,0.00285914554096782
22.3,176.01231677187,172,56.4277063938529,56.9228186085984,0.775791748961538,1.9021872392829,4.90894181877235,56.7231362379596,-0.45390053873434,0.00398194990369057
22.3166666666667,175.564203769342,172,56.4277063938529,56.65969185233,0.828564492955447,1.9021872392829,4.89905630660246,56.4390702291962,-0.426074822745586,0.00513474671589519
22.3333333333333,175.113061060565,172,56.4277063938529,56.4213124053408,0.884090463154189,1.9021872392829,4.88922408615387,56.1857531395664,-0.396781051200788,0.00630233588077467
22.35,174.65909896977,172,56.4277063938529,56.206161701495,0.941575539791542,1.9021872392829,4.87944601827324,55.9620604807154,-0.366370894229736,0.00746707123757042
22.3666666666667,174.202524908073,172,56.4277063938529,56.0127721360362,1.00017066205038,1.9021872392829,4.86972292204065,55.7664281527481,-0.335224608215919,0.00861078512347219
22.3833333333333,173.74354351671,172,56.4277063938529,55.8397287330923,1.05903309356436,1.9021872392829,4.86005557589513,55.5970176433265,-0.303724248856588,0.00971610228815812
22.4,173.282356822964,172,56.4277063938529,55.6856703736556,1.1173679463424,1.9021872392829,4.85044471873468,55.4518404285864,-0.272235183166637,0.0107672910703705
22.4166666666667,172.819164409237,172,56.4277063938529,55.5492906257661,1.17445473205577,1.9021872392829,4.84089105099142,55.3288502371149,-0.241093940647255,0.0117507684713127
22.4333333333333,172.354163595736,172,56.4277063938529,55.4293382160407,1.22966270586676,1.9021872392829,4.83139523568225,55.2260101456869,-0.210600850176147,0.0126553505783356
22.45,171.887549637148,172,56.4277063938529,55.3246171792027,1.28245795898699,1.9021872392829,4.82195789943558,55.1413400961181,-0.181016237497449,0.0134723195802753
22.4666666666667,171.419515933728,172,56.4277063938529,55.2339867198601,1.33240456612083,1.9021872392829,4.8125796334947,55.0729493007345,-0.152559222728712,0.0141953624482401
22.4833333333333,170.950254257125,172,56.4277063938529,55.1563608184769,1.37916157339905,1.9021872392829,4.80326099469817,55.0190570934866,-0.125408369789446,0.0148204234730307
22.5,170.479954991282,173,57.4277063938529,55.0907076112637,1.42247719711052,1.9021872392829,4.79400250643777,54.9780050465428,-0.0997036097452274,0.0153455026295978
22.5166666666667,170.008807388688,173,57.4277063938529,55.1324060369683,1.4621812736085,1.9021872392829,4.78480465959447,54.9482625768265,-0.0755489956896511,0.0157704236696673
22.5333333333333,169.536999842222,173,57.4277063938529,55.178091400533,1.51006805314866,1.9021872392829,4.77566791345289,54.9654031319243,-0.0478152201418031,0.0163467450413547
22.55,169.064720172788,174,58.4277063938529,55.2271062611107,1.560869786245,1.9021872392829,4.76659269659464,55.0158891360372,-0.0187709780788487,0.0169580122422939
22.5666666666667,168.592155932881,174,58.4277063938529,55.3752057288329,1.61086399576262,1.9021872392829,4.75757940777112,55.0892639194657,0.00996042929603972,0.0175244461499979
22.5833333333333,168.119494726163,175,59.4277063938529,55.5194009919011,1.66940877283187,1.9021872392829,4.74862841675601,55.2144970755618,0.0424561907954116,0.0182443205846273
22.6,167.646924543064,175,59.4277063938529,55.7557658560941,1.72964202676839,1.9021872392829,4.73974006517812,55.3732625003158,0.0757498366494791,0.0189675174785422
22.6166666666667,167.174634112319,176,60.4277063938529,55.981629524805,1.79876463649498,1.9021872392829,4.73091466733474,55.5886996408278,0.112986471016332,0.0198451462008623
22.6333333333333,166.702813268239,176,60.4277063938529,56.2933816513636,1.86849877853346,1.9021872392829,4.7221525109862,55.8382469486919,0.150579593863667,0.0206972151783074
22.65,166.231653333385,177,61.4277063938529,56.5886638041094,1.94518182253089,1.9021872392829,4.71345385813174,56.1420469683729,0.191288253833186,0.0216576596941086
22.6666666666667,165.761347516108,177,61.4277063938529,56.9641733637136,2.0200768803645,1.9021872392829,4.70481894576736,56.4754954748906,0.231312651261288,0.0225384548919322
22.6833333333333,165.292091322173,177,61.4277063938529,57.3178539815071,2.09935210911164,1.9021872392829,4.69624798662575,56.8574204908296,0.273323599717285,0.0234719076268106
22.7,164.824082979375,178,62.4277063938529,57.650341141773,2.17430312210402,1.9021872392829,4.68774116989899,57.2624524591935,0.3135212534869,0.0242726860021298
22.7166666666667,164.357523873615,178,62.4277063938529,58.0586627871251,2.23937384150513,1.9021872392829,4.67929866194409,57.672086950989,0.349435573635363,0.024828387284272
22.7333333333333,163.892618994344,178,62.4277063938529,58.4410787803804,2.3032371785599,1.9021872392829,4.67092060697197,58.1101322746871,0.38479222420151,0.0253300619344196
22.75,163.429577386558,178,62.4277063938529,58.7985264737445,2.35914471827903,1.9021872392829,4.66260712772003,58.5552769596265,0.416622175936077,0.0256375058605475
22.7666666666667,162.968612605541,178,62.4277063938529,59.1319639453715,2.40305237164812,1.9021872392829,4.65435832610886,58.9923160904092,0.443104160748505,0.02567250591629
22.7833333333333,162.509943169338,178,62.4277063938529,59.4423630443798,2.43289588564088,1.9021872392829,4.64617428388327,59.4107591185965,0.46326443318809,0.025401401225166
22.8,162.053793002278,177,61.4277063938529,59.7307031239148,2.44802869943397,1.9021872392829,4.63805506323805,59.8037219935784,0.476742701428994,0.0248216701044019
22.8166666666667,161.600391860825,177,61.4277063938529,59.9016079528948,2.44878928753751,1.9021872392829,4.63000070742874,60.1670493418434,0.483610994227025,0.0239517115312275
22.8333333333333,161.149975730375,176,60.4277063938529,60.0584941396814,2.42428004553503,1.9021872392829,4.62201124136784,60.4616469635723,0.479033982103387,0.0225729942963925
22.85,160.702787178275,176,60.4277063938529,60.1057571777378,2.38113631382532,1.9021872392829,4.61408667220659,60.6991515850309,0.465791377160415,0.020843847056053
22.8666666666667,160.259075644193,175,59.4277063938529,60.1465718526325,2.31283438699142,1.9021872392829,4.60622698990281,60.8523358148708,0.440951216611006,0.018640213648384
22.8833333333333,159.819097643781,175,59.4277063938529,60.0850809466866,2.22892194333211,1.9021872392829,4.59843216777496,60.9416171665283,0.408581613721916,0.0161807481339082
22.9,159.38311685537,174,58.4277063938529,60.0241980695217,2.12469005708641,1.9021872392829,4.59070216304286,60.946137308505,0.366573963017529,0.0133764322201664
22.9166666666667,158.951404051884,174,58.4277063938529,59.86779856449,2.01068922141,1.9021872392829,4.58303691735518,60.8908110859285,0.319472794943565,0.0104625736777264
22.9333333333333,158.524236831471,173,57.4277063938529,59.7185243325302,1.88262402863713,1.9021872392829,4.57543635730416,60.7578366742806,0.265391482666804,0.00735376203408275
22.95,158.101899090362,173,57.4277063938529,59.4799765362949,1.75104153404353,1.9021872392829,4.56790039492772,60.5740870758304,0.208914062912289,0.00427995948795168
22.9666666666667,157.684680170614,173,57.4277063938529,59.2545220385227,1.61135817802832,1.9021872392829,4.56042892819923,60.322891244195,0.148066495299799,0.00114456178707201
22.9833333333333,157.272873604203,174,58.4277063938529,59.0418450148498,1.47364857815396,1.9021872392829,4.55302184150536,60.0316388847857,0.0872609679376937,-0.00183718434104291
23,156.866775364341,174,58.4277063938529,58.9379586963071,1.34463907355348,1.9021872392829,4.54567900611204,59.7207038544513,0.0295000176876755,-0.0045282489663974
23.0166666666667,156.466681526623,174,58.4277063938529,58.8400567009732,1.240425914651,1.9021872392829,4.53840028061896,59.4419415732761,-0.0180823367992454,-0.00659950904390225
23.0333333333333,156.07288523878,175,59.4277063938529,58.7479694362801,1.15810766722015,1.9021872392829,4.5311855114028,59.1936968437076,-0.0565798284401085,-0.00813352304123532
23.05,155.68567290172,176,60.4277063938529,58.7578746568589,1.09490909400061,1.9021872392829,4.52403453304942,58.9739756778376,-0.0870561640395379,-0.00920741924976813
23.0666666666667,155.305319479854,177,61.4277063938529,58.8635034665556,1.06011888616078,1.9021872392829,4.51694716877529,58.8175730785005,-0.10532204123718,-0.00964193170759272
23.0833333333333,154.932082889851,178,62.4277063938529,59.0587981738305,1.05799130983966,1.9021872392829,4.50992323083838,58.7469487082846,-0.109347992015876,-0.00937036125763223
23.1,154.566197468046,179,63.4277063938529,59.3379190815297,1.08925012885151,1.9021872392829,4.5029625209387,58.7752683804146,-0.0986362880990948,-0.00840292070670356
23.1166666666667,154.207866590484,181,65.4277063938529,59.6952494688386,1.15223489706268,1.9021872392829,4.49606483060879,58.9087979022037,-0.0737394746430064,-0.00679985626272698
23.1333333333333,153.857254616015,182,66.4277063938529,60.2217564027512,1.24376476884106,1.9021872392829,4.4892299415943,59.1487762435965,-0.0358951293562418,-0.00465145875551558
23.15,153.514478437184,184,68.4277063938529,60.809839164747,1.37167167565468,1.9021872392829,4.48245762622501,59.5298467783599,0.0184484361771147,-0.00181329534058401
23.1666666666667,153.179599044982,185,69.4277063938529,61.5511392929099,1.5262513595535,1.9021872392829,4.47574764777629,60.0349674578354,0.0852059667118036,0.0014847348859374
23.1833333333333,152.852613624334,185,69.4277063938529,62.3387356021875,1.71110497106404,1.9021872392829,4.46909976082142,60.6854405860555,0.166048568100506,0.00530072714652065
23.2,152.533448775001,186,70.4277063938529,63.0722354099585,1.91400487560239,1.9021872392829,4.46251371157486,61.454724448773,0.255735962188712,0.00935752218562561
23.2166666666667,152.221955473907,186,70.4277063938529,63.8502729766372,2.11349634428911,1.9021872392829,4.4559892382267,62.2836349413405,0.344918792057661,0.0131937156441231
23.2333333333333,151.917906341377,186,70.4277063938529,64.5726935925869,2.30744350859872,1.9021872392829,4.44952607126844,63.1658840248183,0.432578822481655,0.016770949373231
23.25,151.620995639074,185,69.4277063938529,65.2419936342376,2.48212556905233,1.9021872392829,4.4431239338104,64.0583345845375,0.512622944197353,0.0198086221778394
23.2666666666667,151.330842221449,185,69.4277063938529,65.7643015508024,2.62937805454422,1.9021872392829,4.43678254189086,64.9303745952329,0.581319161447824,0.0221532810062243
23.2833333333333,151.046995412187,184,68.4277063938529,66.2445202426166,2.73320862893746,1.9021872392829,4.43050160477705,65.7240714981313,0.631476981004894,0.0234925498677734
23.3,150.768943520832,182,66.4277063938529,66.5885078085469,2.79765686863202,1.9021872392829,4.4242808252584,66.4381019671762,0.664593031891496,0.023947025126881
23.3166666666667,150.496124493198,181,65.4277063938529,66.7081584159219,2.81539629031017,1.9021872392829,4.41811989993196,67.0367722606518,0.677230397847427,0.0233941783534885
23.3333333333333,150.227938035299,179,63.4277063938529,66.713893927949,2.7726383522866,1.9021872392829,4.41201851948034,67.4614795331838,0.663101234347152,0.0215802907419565
23.35,149.963758481764,177,61.4277063938529,66.5168443684542,2.67642453888595,1.9021872392829,4.40597636894227,67.7133511696527,0.624970884348961,0.0186993899856777
23.3666666666667,149.702947696033,174,58.4277063938529,66.1302872179219,2.52264684512149,3.66804003086795,4.40002709946625,67.7612712935991,0.560737186746565,0.0147078889455843
23.3833333333333,149.444867309534,172,56.4277063938529,65.5320799080989,2.17962730790157,3.427926354814,4.42148960576781,67.5459955155154,0.373496329328702,0.00972996930689895
23.4,149.188888391334,169,53.4277063938529,64.8826694409357,1.81241396563067,3.17087701522437,4.43881705263924,67.0385639673394,0.180988388852102,0.0040156293496343
23.4166666666667,148.934397136984,167,51.4277063938529,64.0674746388343,1.45047519702025,2.91751987719708,4.45190647722766,66.3271468918494,-0.00401656730946301,-0.00180215809282185
23.4333333333333,148.680800507588,165,49.4277063938529,63.1725736238101,1.09758584854943,2.67049733326751,4.46083965472546,65.4322252060258,-0.180084943937303,-0.00763455416994235
23.45,148.427532602777,163,47.4277063938529,62.1839353054787,0.770587944988997,2.30674591040213,4.46470228561845,64.4012881303194,-0.338609059628154,-0.0132246407349995
23.4666666666667,148.174060766423,161,45.4277063938529,61.0856703332245,0.470153559975195,2.14901785826988,4.46428401952341,63.265513088516,-0.480471277288411,-0.0184896517700039
23.4833333333333,147.919890935132,160,44.4277063938529,59.8672845658911,0.186828763271986,2.0002723400007,4.46133457349448,62.0326116725305,-0.612286336708743,-0.0234603916181382
23.5,147.664572002146,158,42.4277063938529,58.6238119044455,-0.0822121927657791,1.81997504651712,4.45583150297331,60.7017911259285,-0.735210285203058,-0.0282105867889679
23.5166666666667,147.407698799893,157,41.4277063938529,57.2514430539947,-0.322061133587452,1.58012610569545,4.44653460195896,59.3099945265626,-0.840922257593759,-0.0325655830036288
23.5333333333333,147.148913804089,156,40.4277063938529,55.8429700747758,-0.5413871067308,1.3608001325521,4.43343247230492,57.8454145069672,-0.933161364104255,-0.0367266827117985
23.55,146.887907893494,155,39.4277063938529,54.3884378956856,-0.73786538151661,1.16432185776629,4.41689406307095,56.3324067460556,-1.01145208955223,-0.0406170204238668
23.5666666666667,146.624420400589,154,38.4277063938529,52.8807042938646,-0.913329584630134,0.98885765465277,4.39729029077599,54.7825553894805,-1.07711187591536,-0.0442494776180381
23.5833333333333,146.35823861679,154,38.4277063938529,51.315185968655,-1.07390988550011,0.902187239282904,4.37540513389356,53.1989191521095,-1.13392579823353,-0.0476836009996463
23.6,146.089196755204,153,37.4277063938529,49.7882557008028,-1.23289305823656,0.902187239282904,4.35332428635428,51.576023200859,-1.1906626700762,-0.0509903185957535
23.6166666666667,145.817174282098,153,37.4277063938529,48.203860404867,-1.38167388555269,0.902187239282904,4.331295981767,49.9432269074186,-1.24385539294492,-0.0539667424468847
23.6333333333333,145.542093679006,153,37.4277063938529,46.6675176749612,-1.52585243384282,0.902187239282904,4.30932429305285,48.2852496899776,-1.29584669011251,-0.0567414960667833
23.65,145.263917606391,153,37.4277063938529,45.1815484834432,-1.65617786824503,0.902187239282904,4.28741314769726,46.6312397108242,-1.34251893110405,-0.0591262386599196
23.6666666666667,144.982645707472,153,37.4277063938529,43.7477743523477,-1.76666095925815,0.902187239282904,4.26556633138808,45.0034195460648,-1.38113486303186,-0.0610081399564491
23.6833333333333,144.698311266171,153,37.4277063938529,42.3675626761265,-1.85381427318377,0.902187239282904,4.24378749157406,43.4184174034712,-1.41002567316073,-0.0623312253934812
23.7,144.410977860444,153,37.4277063938529,41.0418693494293,-1.91604138692099,0.902187239282904,4.22208014094537,41.8883620053953,-1.42833899310873,-0.0630815059928464
23.7166666666667,144.120736101117,154,38.4277063938529,39.7712787834692,-1.95314842249158,0.902187239282904,4.20044766083763,40.4217813007483,-1.43583625065731,-0.0632752005090663
23.7333333333333,143.82770051251,154,38.4277063938529,38.6523988636372,-1.96595573485894,0.902187239282904,4.17889330456116,39.0243385470422,-1.4327305587714,-0.0629494766626747
23.75,143.532006588333,154,38.4277063938529,37.5827425629424,-1.94410006606367,0.902187239282904,4.15742020065692,37.7364090923267,-1.41435708961984,-0.0619050822205893
23.7666666666667,143.233808040697,154,38.4277063938529,36.5622126874646,-1.89481208457484,0.902187239282904,4.13603135608054,36.5473580058789,-1.38369919635273,-0.0603202891441148
23.7833333333333,142.933274249434,154,38.4277063938529,35.5904814448293,-1.82411426555107,0.902187239282904,4.11472965931614,35.4481351560023,-1.34326183300682,-0.058341743284774
23.8,142.630587911696,154,38.4277063938529,34.6670171074694,-1.73702601318077,0.902187239282904,4.09351788342113,34.430974189014,-1.29515203928167,-0.056089863389643
23.8166666666667,142.325942887041,154,38.4277063938529,33.7911087800715,-1.63773163204887,0.902187239282904,4.07239868900359,33.4891506616924,-1.24114476049494,-0.0536632739473003
23.8333333333333,142.019542230158,154,38.4277063938529,32.9618893556017,-1.52971810624756,0.902187239282904,4.05137462713351,32.6167880260625,-1.18273676463184,-0.0511424513931196
23.85,141.711596401532,154,38.4277063938529,32.1783567440293,-1.41588834491227,0.902187239282904,4.03044814218934,31.8087022517794,-1.12119090187416,-0.0485927296754154
23.8666666666667,141.402321645371,154,38.4277063938529,31.4393934572067,-1.29865449077184,0.902187239282904,4.00962157464103,31.0602775839021,-1.0575725298212,-0.0460667838243409
23.8833333333333,141.091938523687,154,38.4277063938529,30.7437846323651,-1.18001502168772,0.902187239282904,3.98889716377108,30.3673673378451,-0.992779583008758,-0.0436066878585993
23.9,140.780670595449,154,38.4277063938529,30.0902345753926,-1.06161866894909,0.902187239282904,3.96827705033469,29.726214782918,-0.927567484425389,-0.0412456251996568
23.9166666666667,140.468743228931,154,38.4277063938529,29.4773819035072,-0.945643103785699,0.956544135497204,3.94793015908944,29.1333147998564,-0.863171020614058,-0.0390093443114936
23.9333333333333,140.156382541067,154,38.4277063938529,28.905704924695,-0.839723216450987,1.06246402283192,3.92920458510426,28.5830333499642,-0.804898805445369,-0.0369140117524631
23.95,139.843814396102,154,38.4277063938529,28.3791028679504,-0.74472319908635,1.15746404019655,3.91226978679545,28.0693173812542,-0.753379775645836,-0.0349539210044287
23.9666666666667,139.531263358054,154,38.4277063938529,27.9022340648722,-0.658630974511665,1.24355626477124,3.89696121132449,27.5902476639115,-0.707504061341301,-0.0330977499914079
23.9833333333333,139.218951527784,154,38.4277063938529,27.4783187940431,-0.578827938561358,1.32335930072155,3.88315316079088,27.147269192651,-0.665948050817488,-0.0312986082006857
24,138.907097339996,154,38.4277063938529,27.1094404549702,-0.502693891292634,1.39949334799027,3.87076353700251,26.7435169066068,-0.627440959743033,-0.0295067977783178
