Tiempo_h,V_mgdL,g_mgdL,g1_mgdL,Kalman_mgdL,u,u_insu,IOB_U,z1,z2,z3
0,119.388059951016,113,-6.38805995101613,-9.38805995101613,-0,0.950705550801052,0,0,0,0
0.0166666666666667,119.388059951037,113,-6.38805995101613,-9.09898128794253,-0.910426112802495,0.0402794379985573,0.0125162156751386,-3.60085278468367,-0.491736333871947,-0.0243729375922834
0.0333333333333333,119.388059977899,113,-6.38805995101613,-8.85937100033259,-1.37915915903058,0,0.0118013836159997,-6.08182493585441,-0.724650499281898,-0.0379813049906699
0.05,119.388060733167,113,-6.38805995101613,-8.69964527891955,-1.58419765340162,0,0.0109732674996346,-7.71027670637299,-0.816990144542486,-0.0441942148622368
0.0666666666666667,119.388065471602,114,-5.38805995101613,-8.61500731199424,-1.61573348731836,0,0.0101424933821772,-8.72895481390191,-0.816300808790101,-0.0456323371073604
0.0833333333333333,119.388081689994,114,-5.38805995101613,-8.50143125711859,-1.53992958556455,0,0.00930936368175172,-9.32432552256218,-0.757505412701469,-0.0442063792668478
0.1,119.388122116758,114,-5.38805995101613,-8.45404106305465,-1.39494300968342,0,0.0084741717323708,-9.60009266524362,-0.660731666952087,-0.0410230283964352
0.116666666666667,119.388205207703,114,-5.38805995101613,-8.46587787275199,-1.21847724665803,0,0.007637201998621,-9.67321489006278,-0.546158585140255,-0.0371379349590078
0.133333333333333,119.388355324333,114,-5.38805995101613,-8.53044817211477,-1.03633815944959,0,0.00679873028578596,-9.62966650832383,-0.427739442931374,-0.0332562433974485
0.15,119.388602701013,114,-5.38805995101613,-8.64170510815777,-0.86970380667904,0.0810017441220121,0.00683163049408993,-9.53234046287588,-0.318646336115366,-0.0298225330007638
0.166666666666667,119.388983268596,114,-5.38805995101613,-8.78949560849648,-0.768501973196597,0.950705550801052,0.0158583358737452,-9.43830131008803,-0.260847723690772,-0.027075540060627
0.183333333333333,119.389538289438,114,-5.38805995101613,-8.93435275293571,-0.723359209020574,0.950705550801052,0.0316803520398638,-9.40927646363904,-0.245104044726711,-0.0250123424991481
0.2,119.390313214147,114,-5.38805995101613,-9.04579506749768,-0.693776530280458,0.950705550801052,0.0474948158640247,-9.43351576401901,-0.237157263807499,-0.0234236355316779
0.216666666666667,119.39135539575,114,-5.38805995101613,-9.12690615151044,-0.671398595879868,0.950705550801052,0.0632978356795106,-9.48418764816606,-0.232573671599051,-0.0220732294235607
0.233333333333333,119.392712101069,114,-5.38805995101613,-9.18058346602242,-0.650744986377732,0.950705550801052,0.0790856476337602,-9.54229809236494,-0.228428357600531,-0.020808928009056
0.25,119.394429208291,114,-5.38805995101613,-9.20954433350059,-0.628448691563797,0.950705550801052,0.0948546125726642,-9.59485256170239,-0.222911739077687,-0.0195395423422436
0.266666666666667,119.396550364969,114,-5.38805995101613,-9.2163321700348,-0.602667490744209,0.950705550801052,0.11060121299222,-9.63340150865434,-0.215024222485196,-0.0182172544562199
0.283333333333333,119.399116450376,114,-5.38805995101613,-9.20332289418699,-0.5726326539644,0.950705550801052,0.12632205005616,-9.6528950054366,-0.20434106105464,-0.0168242099753924
0.3,119.402165246309,114,-5.38805995101613,-9.17273146182681,-0.538306235481447,0.950705550801052,0.142013840678216,-9.65078582361215,-0.190832893054142,-0.0153624370308091
0.316666666666667,119.405731254526,114,-5.38805995101613,-9.12661848118066,-0.500123819955502,0.950705550801052,0.157673414667714,-9.6263315635782,-0.174730243491074,-0.0138463671336804
0.333333333333333,119.409845619294,114,-5.38805995101613,-9.06689686690126,-0.458804138075736,0.950705550801052,0.173297711937213,-9.58005570662162,-0.156422556882115,-0.0122973785628467
0.35,119.414536126065,114,-5.38805995101613,-8.99533849624871,-0.415210675428134,0.950705550801052,0.188883779770916,-9.51333506360877,-0.136384190965333,-0.0107399003947745
0.366666666666667,119.419827255361,114,-5.38805995101613,-8.9135808344745,-0.370253408360937,0.950705550801052,0.20442877015264,-9.42808731807916,-0.115121316071802,-0.00919871048678009
0.383333333333333,119.425740276393,114,-5.38805995101613,-8.82313350022649,-0.324821239030549,0.950705550801052,0.219929937152117,-9.32653744905498,-0.0931348945149121,-0.00769713758935077
0.4,119.432293368733,114,-5.38805995101613,-8.72538474525837,-0.279737672421404,0.950705550801052,0.235384634368437,-9.21104597052437,-0.0708959102017714,-0.00625593966926875
0.416666666666667,119.439501763127,114,-5.38805995101613,-8.62160782594204,-0.235733866443848,0.950705550801052,0.25079031242948,-9.08398530621995,-0.0488298231622832,-0.00489268023579051
0.433333333333333,119.447377894619,114,-5.38805995101613,-8.51296724705756,-0.193434462658938,0.950705550801052,0.266144516546191,-8.94765336732375,-0.0273078718238514,-0.00362146424987635
0.45,119.455931562729,114,-5.38805995101613,-8.4005248610838,-0.153352627698,0.950705550801052,0.281444884120566,-8.80421563064356,-0.00664336645726635,-0.00245292692725176
0.466666666666667,119.465170094657,114,-5.38805995101613,-8.28524580874543,-0.115891551636241,0.950705550801052,0.296689142406271,-8.65566881942777,0.0129084660070848,-0.00139439394965566
0.483333333333333,119.475098508462,114,-5.38805995101613,-8.16800428889901,-0.0813502984910917,0.950705550801052,0.311875106220806,-8.50382074572119,0.0311481931657742,-0.000450151527255448
0.5,119.485719673915,114,-5.38805995101613,-8.04958914797343,-0.0499324176315886,0.950705550801052,0.327000675708154,-8.3502820458099,0.0479282876443111,0.000378219567685951
0.516666666666667,119.497034469325,114,-5.38805995101613,-7.93070928112951,-0.0217561293615077,0.950705550801052,0.342063834150899,-8.19646648137959,0.0631482714465512,0.00109147961528741
0.533333333333333,119.509041933131,114,-5.38805995101613,-7.81199883907884,0.00313478537025261,0.950705550801052,0.357062645830774,-8.04359723169885,0.0767493644804676,0.00169235930627616
0.55,119.521739409388,114,-5.38805995101613,-7.6940222361149,0.024760014873355,0.950705550801052,0.371995253936668,-7.89271720188793,0.0887089792274419,0.00218519960005065
0.566666666666667,119.535122686621,114,-5.38805995101613,-7.57727895636838,0.0431920999053265,0.950705550801052,0.386859878519095,-7.7447018482121,0.0990353038836891,0.00257561323549619
0.583333333333333,119.549186129706,114,-5.38805995101613,-7.46220815661407,0.0585464585016989,0.950705550801052,0.401654814490195,-7.60027339713722,0.107762139599385,0.00287017481835093
0.6,119.563922804625,113,-6.38805995101613,-7.34919306513739,0.0709722309441602,0.950705550801052,0.416378429668298,-7.46001563004858,0.114944098977799,0.00307614326158696
0.616666666666667,119.579324596108,113,-6.38805995101613,-7.33484778635135,0.0806440414589672,0.950705550801052,0.431029162866164,-7.32438863592287,0.120652228972734,0.00320121805464066
0.633333333333333,119.595382318219,113,-6.38805995101613,-7.31709961068242,0.0782490529531807,0.950705550801052,0.445605522021974,-7.23068973256409,0.119773394585432,0.00300336799792793
0.65,119.612085818082,113,-6.38805995101613,-7.29640542188168,0.0681763507581616,0.950705550801052,0.460106082372206,-7.1669224665568,0.114624739052167,0.0026096687728005
0.666666666666667,119.629424072948,113,-6.38805995101613,-7.2731869241149,0.0536305159220488,0.950705550801052,0.474529484665515,-7.12396425321571,0.106910164175612,0.00211155562635894
0.683333333333333,119.64738528087,113,-6.38805995101613,-7.24783239404568,0.0369047447106415,0.950705550801052,0.488874433416784,-7.0949550806197,0.0978597621136679,0.0015732526100375
0.7,119.665956945268,113,-6.38805995101613,-7.22069840665965,0.0195969987676822,0.950705550801052,0.503139695200503,-7.07480649855119,0.0883404783748973,0.00103841071167588
0.716666666666667,119.685125953677,113,-6.38805995101613,-7.19211152920995,0.00278027408984244,0.950705550801052,0.517324096982666,-7.05980846728933,0.078943556992036,0.000535308423499569
0.733333333333333,119.704878650993,112,-7.38805995101613,-7.16236997843106,-0.0128639754203803,0.950705550801052,0.531426524490383,-7.04731565975007,0.070053298541104,8.09021314142399e-05
0.75,119.725200907512,112,-7.38805995101613,-7.22802784600417,-0.0269419106572276,0.950705550801052,0.545445920618427,-7.0354981304296,0.0619008221838072,-0.000316040552892851
0.766666666666667,119.746078182068,112,-7.38805995101613,-7.28697498679834,-0.0487725715036661,0.950705550801052,0.559381283871947,-7.06009062433096,0.0494091390030356,-0.000902497036043765
0.783333333333333,119.767495580565,112,-7.38805995101613,-7.33965115681894,-0.0741304593804142,0.950705550801052,0.573231666844592,-7.10809263015716,0.0348432808832824,-0.00156034555711585
0.8,119.789437910184,112,-7.38805995101613,-7.38647911781251,-0.100079638720293,0.950705550801052,0.586996174731307,-7.16980168871786,0.019794410161879,-0.00220958957925604
0.816666666666667,119.811889729539,112,-7.38805995101613,-7.4278644082033,-0.124660800212337,0.950705550801052,0.600673963875088,-7.2380957814789,0.00534045498295496,-0.00279878833076365
0.833333333333333,119.834835395048,111,-8.38805995101613,-7.46419522347909,-0.1466452069655,0.950705550801052,0.614264240346969,-7.30785861919227,-0.0078271387650877,-0.00329757959581343
0.85,119.858259103762,111,-8.38805995101613,-7.59212500384933,-0.165342337774438,0.950705550801052,0.627766258558564,-7.37552099298725,-0.0193039251339038,-0.00369087553666417
0.866666666666667,119.882144932881,111,-8.38805995101613,-7.70965081663549,-0.189956160787989,0.950705550801052,0.641179319906468,-7.47564280279386,-0.0340915495345913,-0.00422435264583405
0.883333333333333,119.906476876195,111,-8.38805995101613,-7.81732611338029,-0.216274286839913,0.950705550801052,0.654502771447866,-7.5944799401292,-0.0499197209875449,-0.00478202287946207
0.9,119.931238877635,111,-8.38805995101613,-7.91569257182106,-0.241461052093893,0.950705550801052,0.667736004606668,-7.72191203934127,-0.0652405533550077,-0.00528825539017581
0.916666666666667,119.956414862157,111,-8.38805995101613,-8.00527871575736,-0.263713418239232,0.950705550801052,0.680878453909569,-7.85064160607719,-0.079051441505573,-0.00569730596393363
0.933333333333333,119.981988764113,111,-8.38805995101613,-8.08659874946003,-0.28199154535461,0.950705550801052,0.693929595751361,-7.9755540002143,-0.0907558365381257,-0.0059851754238919
0.95,120.007944553304,111,-8.38805995101613,-8.16015158903258,-0.295809185245504,0.950705550801052,0.706888947188916,-8.09320789457485,-0.100054461300315,-0.00614332569983034
0.966666666666667,120.03426625886,111,-8.38805995101613,-8.22642007408077,-0.305071828237062,0.950705550801052,0.719756064763217,-8.20143132274125,-0.106860894876127,-0.00617387176786897
0.983333333333333,120.060937991111,111,-8.38805995101613,-8.28587034396878,-0.309952820945443,0.950705550801052,0.732530543348851,-8.29900296056122,-0.111236594341275,-0.006085940927491
1,120.087943961565,112,-7.38805995101613,-8.33895136384125,-0.310799543616695,0.950705550801052,0.745212015030382,-8.38540202026441,-0.113341356819426,-0.00589295075064505
1.01666666666667,120.115268501157,112,-7.38805995101613,-8.28981197733667,-0.308063265573275,0.950705550801052,0.757800148005043,-8.46061320994217,-0.113395990383594,-0.00561060587356227
1.03333333333333,120.142896076851,113,-6.38805995101613,-8.24122237487647,-0.292741885877053,0.950705550801052,0.770294645511172,-8.48802911825235,-0.106457894163068,-0.00500549236617823
1.05,120.170811306748,113,-6.38805995101613,-8.09707876629656,-0.269538486426863,0.950705550801052,0.78269524478187,-8.48047888628716,-0.0950187619115706,-0.00421307958911255
1.06666666666667,120.198998973767,114,-5.38805995101613,-7.95989342901885,-0.232448646102194,0.950705550801052,0.79500171602333,-8.4110385624702,-0.0757529901680492,-0.00308247509874561
1.08333333333333,120.227444038033,114,-5.38805995101613,-7.73330122055726,-0.188216354218984,0.950705550801052,0.807213861417307,-8.29973257134367,-0.0522677126777502,-0.00180355382550433
1.1,120.256131648028,115,-4.38805995101613,-7.51955128353518,-0.132156238770584,0.950705550801052,0.819331514147241,-8.12488495896602,-0.0219719637636241,-0.000258880433028755
1.11666666666667,120.285047150625,116,-3.38805995101613,-7.22201504376159,-0.0717940920081103,0.950705550801052,0.8313545374475,-7.91025433622734,0.0110780267943271,0.00134356672991584
1.13333333333333,120.31417610005,117,-2.38805995101613,-6.84639663173114,-0.00283331268020296,0.950705550801052,0.843282823675266,-7.63673130210903,0.04923493723203,0.0031141362526842
1.15,120.34350426588,118,-1.38805995101613,-6.39816374094955,0.0765983516487515,0.950705550801052,0.855116293404579,-7.29280215358479,0.0935534966368513,0.0050954060412981
1.16666666666667,120.373017640112,119,-0.388059951016132,-5.88254647404437,0.16670055293893,0.950705550801052,0.866854894542061,-6.87260899207191,0.144183591677481,0.00728436896736136
1.18333333333333,120.402702443397,119,-0.388059951016132,-5.3045374807348,0.266568995352512,0.950705550801052,0.87849860146386,-6.37443035127763,0.200669347534599,0.00964902345263954
1.2,120.432545130473,120,0.611940048983868,-4.76517585574244,0.374620080916015,0.950705550801052,0.890047414173353,-5.79949896029821,0.262173985729194,0.0121405918896093
1.21666666666667,120.462532394876,121,1.61194004898387,-4.16662776329064,0.479397290807935,0.950705550801052,0.901501357479169,-5.18803548104667,0.322449713400617,0.0144523841321642
1.23333333333333,120.492651172966,121,1.61194004898387,-3.51340225591906,0.58299149080309,0.950705550801052,0.912860480193095,-4.53240543491582,0.382576758566008,0.0166450237001278
1.25,120.522888647312,122,2.61194004898387,-2.90606950280046,0.686317120858026,0.950705550801052,0.924124854347425,-3.82874556941304,0.443008752435383,0.0187460642562448
1.26666666666667,120.553232249503,122,2.61194004898387,-2.24634212231899,0.779989964288605,0.950705550801052,0.935294574431353,-3.11289289912229,0.498576887049592,0.0205112884618779
1.28333333333333,120.583669662408,123,3.61194004898387,-1.63457416564598,0.808048900571941,1.75875445137299,0.958586871561544,-2.39503584662072,0.496731835453961,0.0220741737416755
1.3,120.614188798965,123,3.61194004898387,-0.94415705367795,0.820386581948324,1.77109213274938,0.983246765217255,-1.72359188768142,0.484326295603195,0.0233710931392275
1.31666666666667,120.644777223389,124,4.61194004898387,-0.250062969405822,0.835389554824033,1.78609510562508,1.00803334348586,-1.05464139445419,0.473572532886726,0.0247345045685451
1.33333333333333,120.675420504151,124,4.61194004898387,0.541132346704062,0.85343754154603,1.80414309234708,1.03299157736671,-0.384560767869307,0.464606845210613,0.0261781811559465
1.35,120.706100753083,124,4.61194004898387,1.32471880957291,0.883377187102659,1.83408273790371,1.05824970809371,0.324728094522657,0.462049779111647,0.0279489374023893
1.36666666666667,120.736795712386,124,4.61194004898387,2.09934229792089,0.9199449342926,1.87065048509365,1.08395636284189,1.06019726028333,0.462837950395382,0.0299164659321115
1.38333333333333,120.767478225618,124,4.61194004898387,2.86448188737588,0.959375703621659,1.91008125442271,1.11018537719129,1.81094885233977,0.464830365539869,0.0319849471783364
1.4,120.798115941643,125,5.61194004898387,3.620048756357,0.99916315065091,1.94986870145196,1.13695876989806,2.56842292829889,0.46664353758087,0.0340884250723165
1.41666666666667,120.828671195418,125,5.61194004898387,4.4624048050691,1.03778271896029,1.98848826976134,1.16426536388095,3.32624632818296,0.467473383698838,0.0361848259605002
1.43333333333333,120.859100957499,125,5.61194004898387,5.28928255295914,1.08352659857128,2.03423214937233,1.19215746877819,4.11673371056415,0.471757517292925,0.0384999871853356
1.45,120.88935680894,125,5.61194004898387,6.10123206785056,1.1313809838702,2.08208653467125,1.22070572571422,4.92409533965623,0.476685729362401,0.0409041832043936
1.46666666666667,120.919384941029,125,5.61194004898387,6.89913686098804,1.17824275995433,2.12894831075538,1.24991389119253,5.73665101537282,0.480579785308926,0.0433139482225837
1.48333333333333,120.949126178226,125,5.61194004898387,7.68389187474873,1.22241730730334,2.17312285810439,1.27974636490896,6.54624891074299,0.48258018319353,0.0456807282071699
1.5,120.97851602313,125,5.61194004898387,8.45623151953607,1.26318044766438,2.21388599846543,1.31014787394275,7.34754441834993,0.482379688508784,0.0479806326149728
1.51666666666667,121.007484754011,124,4.61194004898387,9.21665968256499,1.30042625187882,2.25113180267988,1.34105658377363,8.13728575646153,0.480013349378202,0.0502059752910787
1.53333333333333,121.035957604046,124,4.61194004898387,9.86916095228739,1.33440265842808,2.28510820922913,1.37241209313677,8.91368591290194,0.475703763867408,0.052358774843155
1.55,121.063854939165,124,4.61194004898387,10.516151671076,1.35642558983875,2.3071311406398,1.404077103254,9.63908311354071,0.464927519449729,0.0541960207087576
1.56666666666667,121.091092409108,124,4.61194004898387,11.1569959448588,1.37165249509046,2.32235804589151,1.43589427814456,10.3259589797152,0.450698575345745,0.0558446535543585
1.58333333333333,121.117581117961,124,4.61194004898387,11.790507110256,1.38361260571415,2.3343181565152,1.46777817441591,10.9840752648306,0.435041869752065,0.0573934438381914
1.6,121.143227886888,123,3.61194004898387,12.4153146466817,1.39453802091532,2.34524357171638,1.49969092010247,11.6205489606365,0.419209546848203,0.0588999719988697
1.61666666666667,121.167935565997,123,3.61194004898387,12.9338080459098,1.40569533252466,2.35640088332571,1.53162344888898,12.2402042261689,0.403888791468802,0.0603980718380284
1.63333333333333,121.19160332736,123,3.61194004898387,13.4471816825241,1.40857891290217,2.35928446370323,1.56349935158565,12.8092036132403,0.384553982624731,0.0616546049392028
1.65,121.214126995956,122,2.61194004898387,13.9539577319422,1.40804413815081,2.35874968895186,1.59522087892699,13.3419194538019,0.363960605821137,0.0627932829149522
1.66666666666667,121.235399427712,122,2.61194004898387,14.3561635307544,1.40709022225527,2.35779577305632,1.62675508206204,13.8487606082592,0.343763829903639,0.063892903249888
1.68333333333333,121.25531091104,122,2.61194004898387,14.7545569652018,1.39825576094642,2.34896131174747,1.65802454720756,14.299936867234,0.32000000140517,0.0647485296172659
1.7,121.273749575931,121,1.61194004898387,15.1472558890303,1.38694242191021,2.33764797271126,1.68894356666252,14.712580405427,0.295698419214952,0.0654996667555226
1.71666666666667,121.29060180031,121,1.61194004898387,15.4359691104202,1.37635972705956,2.32706527786061,1.71949738463717,15.0988576392126,0.272597835512909,0.0662323155532672
1.73333333333333,121.305752606867,120,0.611940048983868,15.7212402405636,1.35904816743234,2.30975371823339,1.74962844362151,15.4300048997972,0.246703612686711,0.066743238080198
1.75,121.31908604736,120,0.611940048983868,15.9047915685372,1.34029686151126,2.29100241231231,1.77926990410143,15.7236821563952,0.220954205553635,0.0671704575914142
1.76666666666667,121.330485604913,120,0.611940048983868,16.0869450357228,1.31405281140885,2.2647583622099,1.808340951624,15.9554374935602,0.19214755079984,0.0673468933791081
1.78333333333333,121.339834645745,119,-0.388059951016132,16.2653962499117,1.28647999381014,2.23718554461119,1.83677030135915,16.1461123358112,0.163699310031857,0.0674338737089831
1.8,121.347016872046,119,-0.388059951016132,16.3415213100063,1.26110783800773,2.21181338880879,1.86456643934598,16.3102956442429,0.137483053531825,0.0675279680121101
1.81666666666667,121.35191678402,118,-1.38805995101613,16.4156500649286,1.23051707985403,2.18122263065508,1.89169791150476,16.420694355097,0.10948429602302,0.0674291684655844
1.83333333333333,121.354420117011,118,-1.38805995101613,16.3894105818382,1.19987888037023,2.15058443117128,1.9181232436772,16.4957789529491,0.0825379580997341,0.0672743816088722
1.85,121.354414271401,117,-2.38805995101613,16.3631348819795,1.16294886896776,2.11365441976881,1.94378435601115,16.5114825022324,0.0533033307031448,0.0668932017652867
1.86666666666667,121.351788708688,117,-2.38805995101613,16.2383282227743,1.12568111870119,2.07638666950224,1.96862932781056,16.4887818949009,0.025052998591916,0.0664428477028503
1.88333333333333,121.346435367384,116,-3.38805995101613,16.1151569080493,1.08230856978356,2.03301412058461,1.99260001526734,16.4054442588726,-0.0052966545835517,0.0657658021541947
1.9,121.338249073179,116,-3.38805995101613,15.8949667416442,1.03903969069346,1.98974524149452,2.01565043470428,16.2837112771062,-0.0343451818739077,0.0650266290138606
1.91666666666667,121.327127887886,116,-3.38805995101613,15.6777963057677,0.990209987006334,1.94091553780739,2.03773128079406,16.1021672387685,-0.0651344737187617,0.0640712834817296
1.93333333333333,121.312973462271,115,-4.38805995101613,15.4611875732536,0.942035161406127,1.89274071220718,2.05880627107708,15.8835410916918,-0.0942749070390602,0.0630652914255834
1.95,121.295691407877,115,-4.38805995101613,15.1464946321231,0.897904797501761,1.84861034830281,2.07891804204691,15.6435078464381,-0.120020249401192,0.0621041550461232
1.96666666666667,121.275191668682,115,-4.38805995101613,14.8341396739622,0.850169844483435,1.80087539528449,2.09806613617313,15.3553388744166,-0.146555354915197,0.0609840955461721
1.98333333333333,121.251388880223,114,-5.38805995101613,14.5222143583276,0.803747818407799,1.75445336920885,2.11623600541009,15.0377584981932,-0.171221730702003,0.0598372572386782
2,121.224202708048,114,-5.38805995101613,14.1126539595925,0.78964653868417,0.950705550801052,2.12771156491279,14.7083656098405,-0.166816729667459,0.0587355691213947
2.01666666666667,121.193558184702,114,-5.38805995101613,13.6799251713339,0.804858293676229,1.75556384447728,2.13104530396259,14.3720868027298,-0.132679961712671,0.0573943964371516
2.03333333333333,121.159386511578,114,-5.38805995101613,13.2288701746642,0.795294510497328,0.950705550801052,2.13676417181678,14.0196067731159,-0.117433672057008,0.0557639211197049
2.05,121.121626267765,114,-5.38805995101613,12.7635329101609,0.78240735564049,0.950705550801052,2.14048113478337,13.6464570831856,-0.101512394664086,0.0538486547589114
2.06666666666667,121.080223759331,114,-5.38805995101613,12.2599043111851,0.757703872949842,0.950705550801052,2.14402756626103,13.2498183929617,-0.092922711424411,0.0516726672533152
2.08333333333333,121.035133964897,114,-5.38805995101613,11.7246176067655,0.719733678353051,0.950705550801052,2.14740800889832,12.818044423145,-0.0925099901219631,0.0492079347022901
2.1,120.98632141213,114,-5.38805995101613,11.163740711712,0.668854541708229,0.950705550801052,2.15062690303078,12.3458162596506,-0.100136328526258,0.0464750877269785
2.11666666666667,120.933760543782,114,-5.38805995101613,10.5828078605203,0.606565264659647,0.950705550801052,2.15368858880193,11.8323034674389,-0.115032795577114,0.0435241151866686
2.13333333333333,120.877435742911,115,-4.38805995101613,9.9868504242157,0.535016415195864,0.950705550801052,2.15659730824229,11.2797534217524,-0.136059648130899,0.0404204271617096
2.15,120.817341137473,115,-4.38805995101613,9.47670945674331,0.456658686723856,0.950705550801052,2.15935720730742,10.6924200085525,-0.161895030835262,0.0372350317679993
2.16666666666667,120.753480260706,115,-4.38805995101613,8.95414301751584,0.383502546286992,0.950705550801052,2.16197233787575,10.1127066247587,-0.185971821468607,0.0342878014173381
2.18333333333333,120.68586561774,115,-4.38805995101613,8.42306681869434,0.313756793011225,0.950705550801052,2.16444665970686,9.53442798654109,-0.209186924096994,0.0315241146580763
2.2,120.614518192885,115,-4.38805995101613,7.8870128845051,0.246604163234443,0.950705550801052,2.16678404236104,8.95453521106452,-0.231920239329195,0.0289168573136429
2.21666666666667,120.53946692185,115,-4.38805995101613,7.34915390052955,0.181862920657409,0.950705550801052,2.16898826708088,8.37218969951744,-0.254212349503914,0.0264565457719453
2.23333333333333,120.460748146316,115,-4.38805995101613,6.81232668150226,0.119738690915401,0.950705550801052,2.17106302863559,7.78805561617729,-0.275895552046259,0.0241441716895247
2.25,120.378405063574,115,-4.38805995101613,6.27905473817855,0.0606459544483431,0.950705550801052,2.17301193712876,7.20376516468901,-0.296688739602855,0.0219861315985147
2.26666666666667,120.292487180507,115,-4.38805995101613,5.75156993036911,0.0050828615474933,0.950705550801052,2.17483851977025,6.62151977287671,-0.316264481743706,0.0199907387801395
2.28333333333333,120.203049778719,115,-4.38805995101613,5.23183319912718,-0.0464535362757749,0.950705550801052,2.17654622261299,6.04379756037159,-0.334294929111504,0.0181659224589355
2.3,120.110153395686,115,-4.38805995101613,4.7215543763573,-0.0935217833356299,0.950705550801052,2.17813841225519,5.47314337237028,-0.350481762125654,0.0165178057390775
2.31666666666667,120.013863325368,115,-4.38805995101613,4.2222110748319,-0.135768174087792,0.950705550801052,2.17961837750879,4.91202246047594,-0.364574281099658,0.015049922741685
2.33333333333333,119.914249140609,115,-4.38805995101613,3.73506666579279,-0.172942721094842,0.950705550801052,2.18098933103471,4.36272277821718,-0.376378832211393,0.0137628903854945
2.35,119.811384238766,115,-4.38805995101613,3.26118735501399,-0.204903680372286,0.950705550801052,2.18225441094553,3.82729399988874,-0.385762042515345,0.0126543938656973
2.36666666666667,119.705345411379,115,-4.38805995101613,2.80145837144702,-0.231614256540284,0.950705550801052,2.18341668237632,3.30751390317941,-0.392649762915259,0.0117193793209359
2.38333333333333,119.596212438141,115,-4.38805995101613,2.35659928539222,-0.253134224201926,0.950705550801052,2.18447913902407,2.80487479094158,-0.397023162709625,0.0109503742273687
2.4,119.484067705066,115,-4.38805995101613,1.9271784755723,-0.269608505492378,0.950705550801052,2.1854447046565,2.32058425777106,-0.398913060060337,0.010337877180727
2.41666666666667,119.368996375495,115,-4.38805995101613,1.51362676655757,-0.281254199469789,0.950705550801052,2.18631623459074,1.85557590866244,-0.398393290796343,0.00987077510922327
2.43333333333333,119.25108801876,115,-4.38805995101613,1.11625025973502,-0.288347136573386,0.950705550801052,2.18709651714238,1.41052667210657,-0.395573698086953,0.00953675856518395
2.45,119.130434005511,115,-4.38805995101613,0.735242382452684,-0.291208706088447,0.950705550801052,2.18778827504572,0.985878169556086,-0.390593155285086,0.00932271535121356
2.46666666666667,119.007126219316,114,-5.38805995101613,0.370695181132846,-0.290193456443447,0.950705550801052,2.18839416684549,0.581860248869775,-0.383612903566124,0.00921508997737125
2.48333333333333,118.881256883044,114,-5.38805995101613,-0.0736727240711926,-0.28567778106502,0.950705550801052,2.18891678826073,0.198515295163459,-0.374810386704785,0.00920020182655662
2.5,118.752918393491,114,-5.38805995101613,-0.49558459371129,-0.287555523697322,0.950705550801052,2.18935867352138,-0.201224293638689,-0.36957038492477,0.00901455763643519
2.51666666666667,118.622203162236,114,-5.38805995101613,-0.895408994548411,-0.292033532908958,0.950705550801052,2.18972229667806,-0.60536834761037,-0.365862191695175,0.00876409557630893
2.53333333333333,118.489203463596,114,-5.38805995101613,-1.27358288728701,-0.296505268732974,0.950705550801052,2.19001007288554,-1.00500207718968,-0.362275892734791,0.00851977078860014
2.55,118.354011290278,114,-5.38805995101613,-1.63060204981556,-0.29926699859287,0.950705550801052,2.19022435966049,-1.39364294067147,-0.357876779287618,0.00832624915317879
2.56666666666667,118.216718217158,114,-5.38805995101613,-1.96701225225427,-0.299292946956953,0.950705550801052,2.19036745811393,-1.76672063771693,-0.352089552883051,0.00820874794772489
2.58333333333333,118.077415273424,114,-5.38805995101613,-2.28340114544842,-0.296058133147818,0.950705550801052,2.19044161415886,-2.12115785545023,-0.344606691111513,0.00817838376626082
2.6,117.936192823216,114,-5.38805995101613,-2.58039082521113,-0.289399671586248,0.950705550801052,2.19044901969365,-2.45503331347112,-0.335316355240392,0.00823632200523272
2.61666666666667,117.793140454766,114,-5.38805995101613,-2.85863103539792,-0.279408992796557,0.950705550801052,2.19039181376156,-2.76731190591831,-0.324246056458441,0.00837696779798864
2.63333333333333,117.648346877948,114,-5.38805995101613,-3.11879297377004,-0.266348832117814,0.950705550801052,2.19027208368688,-3.05762943392842,-0.311518987780857,0.00859039348837955
2.65,117.50189983011,114,-5.38805995101613,-3.36156366556048,-0.250589976598654,0.950705550801052,2.19009186618814,-3.32612165356797,-0.297320497883647,0.00886416092829392
2.66666666666667,117.353885989973,114,-5.38805995101613,-3.58764087068185,-0.232563700957748,0.950705550801052,2.18985314846889,-3.57328921039359,-0.281872651973644,0.00918466668525711
2.68333333333333,117.204390899345,114,-5.38805995101613,-3.79772849159608,-0.212726595705847,0.950705550801052,2.18955786928637,-3.79989155722399,-0.265415210415693,0.00953811350944468
2.7,117.053498892386,114,-5.38805995101613,-3.99253244999137,-0.191535123621816,0.950705550801052,2.18920791999865,-4.00686421074719,-0.248191672536177,0.00991119118266353
2.71666666666667,116.901293032114,114,-5.38805995101613,-4.17275700157141,-0.169427758928604,0.950705550801052,2.18880514559048,-4.19525474050745,-0.230439292707077,0.0102915333645514
2.73333333333333,116.747855053829,114,-5.38805995101613,-4.3391014594462,-0.146812986809869,0.950705550801052,2.18835134567841,-4.36617373835662,-0.212382188387379,0.0106680036075623
2.75,116.593265315131,113,-6.38805995101613,-4.49225729781392,-0.124061786016191,0.950705550801052,2.18784827549556,-4.52075771905637,-0.194226833484899,0.0110308527885669
2.76666666666667,116.437602752202,113,-6.38805995101613,-4.72918821796111,-0.101503498058683,0.950705550801052,2.18729764685633,-4.66014147955574,-0.176159372030977,0.0113717813508718
2.78333333333333,116.280944842,113,-6.38805995101613,-4.94820624870878,-0.0889298746241949,0.950705550801052,2.18670112910159,-4.82238453711148,-0.163540996482331,0.0114339713967072
2.8,116.123367570043,113,-6.38805995101613,-5.15018244644815,-0.0823995766770903,0.950705550801052,2.18606035002462,-4.99631222576251,-0.154289725463086,0.0113310467714325
2.81666666666667,115.964945403442,113,-6.38805995101613,-5.33597689057715,-0.0791206932359165,0.950705550801052,2.18537689677818,-5.17366089360475,-0.146921346696164,0.0111423853050645
2.83333333333333,115.80575126886,112,-7.38805995101613,-5.50643565355752,-0.0771754517796343,0.950705550801052,2.1846523167632,-5.3484486855335,-0.140408352849546,0.0109215592844525
2.85,115.645856535087,112,-7.38805995101613,-5.75867077809186,-0.0753032484097398,0.950705550801052,2.18388811849927,-5.51647034466442,-0.134068391356786,0.0107029484139465
2.86666666666667,115.4853309999,112,-7.38805995101613,-5.99113632911678,-0.0822362527888949,0.950705550801052,2.18308577247741,-5.71183956787773,-0.132673207225429,0.0102569272642597
2.88333333333333,115.32424288094,112,-7.38805995101613,-6.20483908160693,-0.0933712514285911,0.950705550801052,2.18224671199544,-5.92052215018751,-0.133762104541162,0.00971286003850623
2.9,115.162658810287,111,-8.38805995101613,-6.40076853612564,-0.105548274163246,0.950705550801052,2.18137233397624,-6.13223511077549,-0.135629171710204,0.00915755031607696
2.91666666666667,115.000643832478,111,-8.38805995101613,-6.67617654685667,-0.116694457733214,0.950705550801052,2.18046399976932,-6.33962159488528,-0.137140226732934,0.00864610331496273
2.93333333333333,114.838261405695,110,-9.38805995101613,-6.92965308014513,-0.135050288915003,0.950705550801052,2.17952303593594,-6.57453702784462,-0.142785360246044,0.00796043074667037
2.95,114.675573405864,110,-9.38805995101613,-7.25861926906016,-0.155756013009967,0.950705550801052,2.17855073501816,-6.82137779626963,-0.149948153545413,0.00723481794343745
2.96666666666667,114.512640133436,110,-9.38805995101613,-7.56183554957267,-0.185069630837611,0.950705550801052,2.17754835629213,-7.10576446222944,-0.162055107616794,0.00630639131126722
2.98333333333333,114.349520322607,109,-10.3880599510161,-7.84061113966662,-0.216764013522483,0.950705550801052,2.17651712650585,-7.40744346734659,-0.175747975789109,0.00534650401984829
3,114.186271152773,109,-10.3880599510161,-8.19251560594247,-0.246689575825807,0.950705550801052,2.17545824060188,-7.71168035885585,-0.188759643305987,0.00446573859275639
3.01666666666667,114.022948262002,108,-11.3880599510161,-8.51645328016694,-0.281755042991176,0.950705550801052,2.17437286242509,-8.04497740794304,-0.204840396331901,0.0034798909132833
3.03333333333333,113.859605762335,108,-11.3880599510161,-8.91015513409311,-0.316321328411571,0.950705550801052,2.17326212541584,-8.38794735959381,-0.220927720541455,0.00254136334637342
3.05,113.696296256727,107,-12.3880599510161,-9.27268588630687,-0.356269462360316,0.950705550801052,2.17212713328897,-8.76363394273706,-0.240217903786881,0.0014941379891938
3.06666666666667,113.533070857465,107,-12.3880599510161,-9.70193520025689,-0.395281577204082,0.950705550801052,2.17096896069865,-9.15012557462314,-0.259277849349123,0.000508617916169968
3.08333333333333,113.369979205889,106,-13.3880599510161,-10.0971241961711,-0.438820134111765,0.950705550801052,2.1697886538896,-9.56866756947208,-0.281070952697658,-0.000560707762626579
3.1,113.207069493272,105,-14.3880599510161,-10.5562961300428,-0.480339625269758,0.950705550801052,2.16858723133483,-9.99610957534577,-0.302033054702517,-0.0015383354893165
3.11666666666667,113.044388482708,105,-14.3880599510161,-11.0751050658211,-0.525212054667436,0.950705550801052,2.16736568436013,-10.45288558654,-0.32507037336521,-0.0025684766207232
3.13333333333333,112.881981531892,104,-15.3880599510161,-11.5531018774551,-0.57640294009079,0.950705550801052,2.16612497775569,-10.9523033551918,-0.351810534206369,-0.00372686662150776
3.15,112.71989261664,103,-16.3880599510161,-12.088656893585,-0.625663883862196,0.950705550801052,2.16486605037503,-11.465350791632,-0.377769310271855,-0.00479159593300639
3.16666666666667,112.558164355061,103,-16.3880599510161,-12.6777472552458,-0.6772615378272,0.950705550801052,2.16358981572146,-12.0082203741261,-0.405247504023297,-0.00587784917168846
3.18333333333333,112.396838032261,102,-17.3880599510161,-13.2202417658687,-0.733499492366876,0.950705550801052,2.16229716252239,-12.5912340185103,-0.435502434455068,-0.00704504811370494
3.2,112.235953625474,102,-17.3880599510161,-13.8148225343795,-0.785790737012176,0.950705550801052,2.16098895529168,-13.1833588590722,-0.4638524241262,-0.0080640735352942
3.21666666666667,112.075549829537,101,-18.3880599510161,-14.3614888612006,-0.806896333464348,0.143809217336704,2.15328728466916,-13.793820205704,-0.46390175638277,-0.00905341060324327
3.23333333333333,111.915664105458,100,-19.3880599510161,-14.9871239553009,-0.798391992746363,0.950705550801052,2.14049933658803,-14.3604309834167,-0.439172341663741,-0.0099017128007646
3.25,111.75633324398,100,-19.3880599510161,-15.6847740607438,-0.803705682214213,0.146999868586838,2.12895657962504,-14.9341908090669,-0.424735189861739,-0.0109332106518057
3.26666666666667,111.597594458467,99,-20.3880599510161,-16.3518182702528,-0.806666661546508,0.144038889254544,2.11408812302278,-15.5398249698852,-0.403571449609774,-0.0123105490420388
3.28333333333333,111.439485758543,99,-20.3880599510161,-17.1124985053645,-0.817462293203257,0.133243257597794,2.09910214568743,-16.152534226542,-0.38717710808886,-0.0138765033286094
3.3,111.28204698703,99,-20.3880599510161,-17.8619620339332,-0.843671998228463,0.107033552572589,2.0838022341796,-16.8090718700326,-0.379379011158737,-0.0158493854290583
3.31666666666667,111.12532084398,98,-21.3880599510161,-18.5990335794001,-0.878977089630181,0.0717284611708708,2.06799091902453,-17.4949322519431,-0.376464815063536,-0.0180745391704442
3.33333333333333,110.969353490625,98,-21.3880599510161,-19.4198587945267,-0.918796343857078,0.0319092069439739,2.05156106821189,-18.1978781734713,-0.375797860319459,-0.0204369823301969
3.35,110.814194942647,97,-22.3880599510161,-20.2224924061616,-0.969134807571831,0,2.03438657415056,-18.9451200752335,-0.380467175808564,-0.0231068292908918
3.36666666666667,110.659899314853,97,-22.3880599510161,-21.1043823261021,-1.02413934342885,0,2.01651002062307,-19.7169685042746,-0.387428319906969,-0.0259144297390113
3.38333333333333,110.506524917794,97,-22.3880599510161,-21.9639806687854,-1.0923593902395,0,1.9985699001631,-20.5375325643889,-0.402527841641768,-0.0289969930150991
3.4,110.354134269222,96,-23.3880599510161,-22.8005570946563,-1.16717114785046,0,1.98065642002879,-21.3864602367543,-0.422350092467719,-0.0321582303971658
3.41666666666667,110.202793993513,96,-23.3880599510161,-23.7087884200494,-1.24339759470442,0,1.96277340833539,-22.2478379844765,-0.444063151881341,-0.035258079870542
3.43333333333333,110.05257462232,96,-23.3880599510161,-24.5850077792972,-1.32674149484544,0,1.94492456244937,-23.1458677405897,-0.470747129879049,-0.0384476232871731
3.45,109.903550331766,96,-23.3880599510161,-25.428391575219,-1.41032199034334,0,1.92711345221567,-24.0582086062413,-0.498641274563967,-0.0415415884305407
3.46666666666667,109.755798642339,95,-24.3880599510161,-26.2383669100391,-1.48933230919235,0,1.90934352311466,-24.9676939652235,-0.525071352816836,-0.0444159267019661
3.48333333333333,109.609400099279,95,-24.3880599510161,-27.110869767102,-1.56057653957214,0,1.89161809935041,-25.8613360569895,-0.54821315068864,-0.0469934780037161
3.5,109.464437945958,95,-24.3880599510161,-27.9434004430233,-1.63160185742485,0,1.87394038687164,-26.7664547633949,-0.572097712101447,-0.0494824561562591
3.51666666666667,109.320997799195,95,-24.3880599510161,-28.7362147647662,-1.69463311505662,0,1.85579321637088,-27.6636023126843,-0.591497865353237,-0.0517482955944008
3.53333333333333,109.179167332902,95,-24.3880599510161,-29.4897357543149,-1.75866894645121,0.0475352775400526,1.83966155976248,-28.5400090181489,-0.615726566355708,-0.0537124937051882
3.55,109.0390359737,95,-24.3880599510161,-30.2011639125365,-1.81255264687862,0.0475352775400526,1.82375869532411,-29.3900152098819,-0.635322339643179,-0.0553217067518789
3.56666666666667,108.900694578073,95,-24.3880599510161,-30.8682300533291,-1.85371503081735,0.0475352775400526,1.80791458458713,-30.2031843609057,-0.648465993738834,-0.0565429024076203
3.58333333333333,108.764235062103,95,-24.3880599510161,-31.4924793562955,-1.8812508969594,0.0475352775400526,1.79213148471775,-30.9713100530632,-0.654553520360976,-0.0573657784683976
3.6,108.629750063036,95,-24.3880599510161,-32.0754993216975,-1.89523081427213,0.0475352775400526,1.77641156453678,-31.6894411590463,-0.653514477853374,-0.0578062008118367
3.61666666666667,108.49733265975,95,-24.3880599510161,-32.6189073780147,-1.89639091701805,0.0475352775400526,1.76075690678637,-32.3550862235073,-0.645649078108322,-0.057897101433196
3.63333333333333,108.367076141174,95,-24.3880599510161,-33.1243396890856,-1.88589668150347,0.0475352775400526,1.74516951034644,-32.9675843936186,-0.631503239341241,-0.0576816426364621
3.65,108.239073815293,95,-24.3880599510161,-33.5934410854432,-1.86516529657054,0.0475352775400526,1.72965129240202,-33.5276107392989,-0.611773827624843,-0.0572081637883329
3.66666666666667,108.113418854553,95,-24.3880599510161,-34.0278560471258,-1.83208549610034,0,1.71346403574792,-34.0360954299501,-0.583913849836115,-0.0565268410938607
3.68333333333333,107.990204176708,96,-23.3880599510161,-34.4325901404168,-1.78784339038378,0,1.696475992039,-34.4911824421621,-0.548319909486473,-0.0556958155765871
3.7,107.869522395327,96,-23.3880599510161,-34.7159486876084,-1.73915498376719,0,1.67956301880655,-34.8981699610271,-0.510213228696546,-0.05478437058551
3.71666666666667,107.751465874134,96,-23.3880599510161,-34.9811507706735,-1.67879943854535,0,1.66272712926766,-35.226898778229,-0.465631787053026,-0.0536058343575242
3.73333333333333,107.636126812355,96,-23.3880599510161,-35.2288671657435,-1.61268021079856,0,1.64597025191712,-35.4951471927387,-0.417742019961725,-0.0523254461251266
3.75,107.52359733883,97,-22.3880599510161,-35.4597816128724,-1.5450641199316,0,1.62929423274071,-35.7167282330668,-0.368859181039595,-0.0510595127155941
3.76666666666667,107.413969635345,97,-22.3880599510161,-35.5783034413877,-1.47895514381518,0,1.61270083737908,-35.9023155237837,-0.320638191949693,-0.0498869535444262
3.78333333333333,107.307336111204,98,-21.3880599510161,-35.68748496565,-1.40688542180666,0,1.59619175324323,-36.0231611506298,-0.269028885747963,-0.0486084548360807
3.8,107.203789655574,98,-21.3880599510161,-35.6915224214256,-1.33434541201632,0,1.5797685915826,-36.0977733261232,-0.217014406921287,-0.0473726466797523
3.81666666666667,107.103424003863,99,-20.3880599510161,-35.6932425958763,-1.25558159644265,0,1.56343288950669,-36.103241126325,-0.161469117428456,-0.0460271373578975
3.83333333333333,107.006334272093,99,-20.3880599510161,-35.596606222181,-1.1772140875029,0,1.54718611196128,-36.0623417792082,-0.105993236937697,-0.0447504211242973
3.85,106.912617744778,100,-19.3880599510161,-35.5041968496449,-1.09418196878703,0,1.53102965366007,-35.9552104196758,-0.0478468284633438,-0.0434073965842062
3.86666666666667,106.822375059781,101,-18.3880599510161,-35.3197262730152,-1.01347651051516,0,1.51496484097277,-35.8067235390326,0.00915573994533762,-0.0421847597987119
3.88333333333333,106.735712049533,102,-17.3880599510161,-35.0492426350595,-0.932663465127326,0.018042085673726,1.4994986004907,-35.5989940746951,0.0653983441036906,-0.0409487789750705
3.9,106.652742708461,102,-17.3880599510161,-34.6962160291503,-0.853070579608042,0.0976349711930095,1.48545851859134,-35.3243118258557,0.11869153997672,-0.0396264599737612
3.91666666666667,106.573594389709,103,-16.3880599510161,-34.3576712371767,-0.772995070946257,0.177710479854794,1.47285534713764,-34.979047992528,0.170003190059049,-0.0381731782296108
3.93333333333333,106.498417553642,103,-16.3880599510161,-33.9318741101609,-0.700300602602232,0.25040494819882,1.46162563640052,-34.5972849760534,0.215214308767122,-0.0368071227594468
3.95,106.427407116372,104,-15.3880599510161,-33.5165177313744,-0.629466129039218,0.321239421761834,1.45169511264213,-34.1642843876356,0.257483418404377,-0.0353881488278219
3.96666666666667,106.360840977887,104,-15.3880599510161,-33.0112443880273,-0.56600583642952,0.384699714371532,1.44298169183179,-33.7059091341387,0.293983623614635,-0.0340724108035824
3.98333333333333,106.299068068541,105,-14.3880599510161,-32.5150679316425,-0.503125562031207,0.447579988769845,1.43542219362638,-33.2018880948423,0.328539756195849,-0.032684408603109
4,106.242435631407,105,-14.3880599510161,-31.928769727631,-0.445802792599418,0.504902758201634,1.4289603633763,-32.6746662294648,0.358571831119462,-0.031363646388382
4.01666666666667,106.191242795734,105,-14.3880599510161,-31.3522724431705,-0.386141326567993,0.564564224233059,1.42357238060766,-32.1021221561649,0.387854824380667,-0.0299301342554304
4.03333333333333,106.145722066666,106,-13.3880599510161,-30.783282246736,-0.330417360628767,0.620288190172285,1.41923930256176,-31.5059550763142,0.413625596619794,-0.0285259649017509
4.05,106.106036083012,106,-13.3880599510161,-30.1234911857104,-0.281158926784443,0.669546624016608,1.41587008692629,-30.9007666998891,0.434674623527707,-0.0272271899855532
4.06666666666667,106.072282151507,106,-13.3880599510161,-29.4737847476537,-0.230056818579583,0.720648732221469,1.41342946560863,-30.2588852679821,0.455594758374976,-0.025814976420908
4.08333333333333,106.044500264176,106,-13.3880599510161,-28.8327745524538,-0.181553070675827,0.769152480125225,1.41190571821468,-29.5983181846646,0.474020864987612,-0.0244106201891465
4.1,106.022682205506,106,-13.3880599510161,-28.1992070134771,-0.137943463119791,0.812762087681261,1.41123189269983,-28.9314533064032,0.488827779855065,-0.0230818283167069
4.11666666666667,106.006780474578,106,-13.3880599510161,-27.5721884147578,-0.100081678139269,0.850623872661783,1.41131547155742,-28.2663149379916,0.499705043307399,-0.021859351163828
4.13333333333333,105.996716397005,106,-13.3880599510161,-26.9512593296207,-0.0679317226680914,0.88277382813296,1.41205759519075,-27.6077499227035,0.506829610021125,-0.0207503582294845
4.15,105.992387171495,106,-13.3880599510161,-26.3363779701608,-0.0409732731180371,0.909732277683015,1.41336434451823,-26.9584380944905,0.510630122525498,-0.0197484812529296
4.16666666666667,105.99367180363,106,-13.3880599510161,-25.7278556618106,-0.0184795305234935,0.932226020277558,1.41515237267684,-26.3196895469705,0.511628627246032,-0.0188408689630982
4.18333333333333,106.000436083248,106,-13.3880599510161,-25.1262736541431,0.000306917840353175,0.951012468641405,1.41735079422194,-25.6920328647481,0.510343029290586,-0.018012788256937
4.2,106.012536705455,106,-13.3880599510161,-24.5323994368057,0.0160744524105078,0.96678000321156,1.41990081023947,-25.0756208133952,0.50723410248071,-0.0172503489225227
4.21666666666667,106.029824443208,106,-13.3880599510161,-23.9471125769449,0.0293960447982631,0.980101595599315,1.42275414104668,-24.4704891545978,0.502683030830153,-0.0165418853504034
4.23333333333333,106.052146662477,106,-13.3880599510161,-23.3713444689052,0.0407174137493181,0.99142296455037,1.42587099126532,-23.8767051426059,0.496988264986687,-0.0158784429622727
4.25,106.079349288853,106,-13.3880599510161,-22.8060327969795,0.0503654522348842,1.00107100303594,1.42921799811963,-23.2944385099251,0.490373313916554,-0.0152537182774056
4.26666666666667,106.111278267344,106,-13.3880599510161,-22.2520894526342,0.0585667674690412,1.00927231827009,1.43276641157007,-22.7239818963433,0.48299961637774,-0.0146637070040506
4.28333333333333,106.14778066603,106,-13.3880599510161,-21.710379665101,0.0654695994942791,1.01617515029533,1.43649061534149,-22.1657413465422,0.474980697436788,-0.0141062333023031
4.3,106.188705512461,106,-13.3880599510161,-21.1817098252458,0.0711650391679921,1.02187058996904,1.44036700885036,-21.6202116457436,0.466395383406514,-0.0135804688151893
4.31666666666667,106.233904406262,106,-13.3880599510161,-20.6668216212561,0.075705393035812,1.02641094383686,1.44437321895262,-21.087946344468,0.457298965285504,-0.0130865021332528
4.33333333333333,106.28323194636,106,-13.3880599510161,-20.1663904559853,0.0791188470603873,1.02982439786144,1.44848758606349,-20.5695284882681,0.447731940903784,-0.0126249860800257
4.35,106.336545975219,106,-13.3880599510161,-19.681026542859,0.0814203938126575,1.03212594461371,1.45268886228289,-20.0655452705571,0.43772641413204,-0.0121968688078124
4.36666666666667,106.393707639312,106,-13.3880599510161,-19.211277496358,0.0826194368762451,1.0333249876773,1.45695606260121,-19.5765679211958,0.427310465853328,-0.0118032022800886
4.38333333333333,106.45458137241,106,-13.3880599510161,-18.757631599301,0.0827246842626163,1.03343023506367,1.46126841897607,-19.1031369474441,0.416510904361764,-0.011445015662165
4.4,106.51903484806,106,-13.3880599510161,-18.320521223977,0.0817469802272718,1.03245253102832,1.46560539766611,-18.6457521748878,0.405354806529825,-0.0111232392707141
4.41666666666667,106.586938905945,107,-12.3880599510161,-17.9003261057771,0.0797006702425837,1.03040622104364,1.46994675060427,-18.2048667331184,0.393870215438642,-0.0108386653695888
4.43333333333333,106.658167457741,107,-12.3880599510161,-17.401093714681,0.0766039950690795,1.02730954587013,1.47427258067751,-17.7808840637189,0.382086292794181,-0.0105919340358799
4.45,106.732597378614,107,-12.3880599510161,-16.9254635828491,0.0815791062549435,0.950705550801052,1.47864600795305,-17.3373257112713,0.37486015997399,-0.0101334746963195
4.46666666666667,106.810108392888,107,-12.3880599510161,-16.4759791295794,0.0973053093186449,0.950705550801052,1.48165288325477,-16.8843514838174,0.376233410173338,-0.00958483681872725
4.48333333333333,106.89058302535,107,-12.3880599510161,-16.0546565119196,0.11322694202747,0.950705550801052,1.4846842204667,-16.4313834012433,0.377921834923587,-0.00904745013556369
4.5,106.973906685413,108,-11.3880599510161,-15.6605042977548,0.12653945775091,0.950705550801052,1.48773844259704,-15.9889788809315,0.378385537957513,-0.0085948465850021
4.51666666666667,107.059967726505,108,-11.3880599510161,-15.1962227749892,0.135560442880817,0.950705550801052,1.49081401725287,-15.5645248896961,0.376679615234778,-0.00826838143619277
4.53333333333333,107.148657433819,108,-11.3880599510161,-14.7631334181674,0.148935859451465,0.950705550801052,1.49390945561019,-15.1260091415007,0.377495791641459,-0.00783628605376827
4.55,107.239869968397,108,-11.3880599510161,-14.3599733002823,0.162211442178536,0.950705550801052,1.49702331140571,-14.6887377095802,0.378423318564544,-0.00741963205226727
4.56666666666667,107.333502286416,108,-11.3880599510161,-13.9854697783237,0.172534017358574,0.950705550801052,1.50015417994974,-14.26363563955,0.377895471999151,-0.00709303754317216
4.58333333333333,107.429454045338,109,-10.3880599510161,-13.6383477971813,0.178236498977788,0.950705550801052,1.50330069716,-13.8582304351237,0.374975239433901,-0.0068972213677143
4.6,107.527627504289,109,-10.3880599510161,-13.2210538026457,0.178514231875678,0.950705550801052,1.50646153861567,-13.4774374791466,0.369187453222581,-0.00684871650622714
4.61666666666667,107.627927423423,109,-10.3880599510161,-12.8346832184119,0.1826800850549,0.950705550801052,1.5096354186315,-13.087238164684,0.365584887984924,-0.0066973601291754
4.63333333333333,107.730260965346,110,-9.38805995101613,-12.4777729480094,0.186776422365762,0.950705550801052,1.51282108935149,-12.7013191856905,0.362029544045832,-0.00655096653479609
4.65,107.834537600554,110,-9.38805995101613,-12.0525916217975,0.188310034707001,0.950705550801052,1.5160173398617,-12.3293073167865,0.357156096973639,-0.0064749697585417
4.66666666666667,107.940669018102,110,-9.38805995101613,-11.6600668358621,0.195370565148676,0.950705550801052,1.51922299532193,-11.9407510130327,0.355368339080416,-0.00625414341353621
4.68333333333333,108.048569042195,111,-8.38805995101613,-11.2985773926734,0.203133999108987,0.950705550801052,1.52243691611572,-11.5520040665336,0.354065022550635,-0.00602061525499985
4.7,108.158153555007,111,-8.38805995101613,-10.8702432674451,0.208511864626572,0.950705550801052,1.52565799701855,-11.1746565869921,0.351559364404937,-0.00585613699140147
4.71666666666667,108.269340425789,111,-8.38805995101613,-10.4758525505112,0.219202235050902,0.950705550801052,1.52888516638356,-10.7796736255905,0.35204081596527,-0.00555585835638018
4.73333333333333,108.382049446119,112,-7.38805995101613,-10.1136533787637,0.23014048992822,0.950705550801052,1.53211738534476,-10.3844040557344,0.352773692385791,-0.0052579378777438
4.75,108.496202271041,112,-7.38805995101613,-9.68564358298715,0.238107538764358,0.950705550801052,1.53535364703715,-10.0011110230327,0.351995444908482,-0.00504704406811822
4.76666666666667,108.611722365718,112,-7.38805995101613,-9.29249730404076,0.250749214292073,0.950705550801052,1.53859297583349,-9.60118923039881,0.353861977475519,-0.00471907144983463
4.78333333333333,108.728534957214,113,-6.38805995101613,-8.93235659330909,0.263002859770701,0.950705550801052,1.54183442659739,-9.20223571265184,0.355633629096249,-0.00441146469367972
4.8,108.846566990943,113,-6.38805995101613,-8.50712072640577,0.271687255501253,0.950705550801052,1.54507708395244,-8.81662870818199,0.355563816320185,-0.00420725355986386
4.81666666666667,108.965747091352,113,-6.38805995101613,-8.11737248500348,0.284508335282162,0.950705550801052,1.5483200615669,-8.41578257563411,0.357837101162068,-0.00390016233953691
4.83333333333333,109.086005526363,114,-5.38805995101613,-7.76116942393357,0.296475708921445,0.950705550801052,1.55156250145385,-8.01724758856814,0.359749793724112,-0.00362521849317512
4.85,109.207274175165,114,-5.38805995101613,-7.34033285406587,0.304485328939806,0.950705550801052,1.55480357328628,-7.63331098137617,0.359594672890238,-0.00346298820626632
4.86666666666667,109.329486498916,114,-5.38805995101613,-6.95537379719256,0.316320108632991,0.950705550801052,1.55804247372701,-7.23526862207871,0.361596261764146,-0.00320482242435852
4.88333333333333,109.452577513958,115,-4.38805995101613,-6.60428393124278,0.327062996494999,0.950705550801052,1.56127842577297,-6.84053729629326,0.363089505229409,-0.0029835537542244
4.9,109.576483767202,115,-4.38805995101613,-6.18882425736926,0.333677441048976,0.950705550801052,1.56451067811365,-6.46126490148734,0.362403225243581,-0.00287778428134485
4.91666666666667,109.701143313317,116,-3.38805995101613,-5.80945074601913,0.344006735421931,0.950705550801052,1.56773850450346,-6.06860866929558,0.363794626481856,-0.00267715749740866
4.93333333333333,109.82649569343,116,-3.38805995101613,-5.36782237194524,0.353186498143432,0.950705550801052,1.5709612031476,-5.67985199304352,0.364627570861965,-0.0025130621971259
4.95,109.952481915065,116,-3.38805995101613,-4.96429378144637,0.367730691497495,0.950705550801052,1.57417809610127,-5.27007101153901,0.36845259007958,-0.00221295294872563
4.96666666666667,110.079044433057,116,-3.38805995101613,-4.59670635766588,0.381829815462574,0.950705550801052,1.57738852868192,-4.85950586826856,0.372126827798522,-0.00193458358468145
4.98333333333333,110.206127131241,116,-3.38805995101613,-4.2629595739886,0.391840565902402,0.950705550801052,1.58059186889426,-4.46237897095193,0.373650925358104,-0.00177307553228271
5,110.333675304706,116,-3.38805995101613,-3.96101499494941,0.395708096636024,0.950705550801052,1.58378750686779,-4.08828646878685,0.371870081347943,-0.00177832485376563
5.01666666666667,110.461635642459,116,-3.38805995101613,-3.68889953757289,0.392518362213574,0.950705550801052,1.58697485430654,-3.74330349972966,0.366241395589685,-0.00196837969886903
5.03333333333333,110.589956210359,116,-3.38805995101613,-3.44470805749117,0.382154070130662,0.950705550801052,1.59015334395094,-3.43085809858445,0.356654164273297,-0.0023396242168413
5.05,110.718586434185,116,-3.38805995101613,-3.22660532051032,0.365032811580028,0.950705550801052,1.5933224290513,-3.15241862418952,0.34329230941262,-0.00287444354132371
5.06666666666667,110.847477082752,116,-3.38805995101613,-3.03282741672074,0.341910064342713,0.950705550801052,1.59648158285294,-2.90803130108863,0.326530188082887,-0.00354691267002836
5.08333333333333,110.976580250979,116,-3.38805995101613,-2.86168267077987,0.313733130805677,0.950705550801052,1.59963029809251,-2.69673767411245,0.306854714351448,-0.00432694466691843
5.1,111.105849342858,116,-3.38805995101613,-2.71155209864243,0.281534821635685,0.950705550801052,1.60276808650547,-2.51689619059731,0.284808105196717,-0.00518324627486921
5.11666666666667,111.235239054253,115,-4.38805995101613,-2.58088945777705,0.24635793174503,0.950705550801052,1.60589447834431,-2.36642754442382,0.260946685575932,-0.00608535814904551
5.13333333333333,111.364705355506,115,-4.38805995101613,-2.56450354392154,0.209203371224492,0.950705550801052,1.60900902190742,-2.24299966408235,0.235812102337611,-0.00700499953667584
5.15,111.494205473806,115,-4.38805995101613,-2.55863587332637,0.161490625146803,0.950705550801052,1.61211128307837,-2.18111177841147,0.204715345194525,-0.00816685208375406
5.16666666666667,111.623697875326,114,-5.38805995101613,-2.56217237837768,0.108233108129164,0.950705550801052,1.61520084487537,-2.16605006106075,0.170342577609744,-0.00942998126014525
5.18333333333333,111.753142247088,114,-5.38805995101613,-2.67035648034657,0.0531467926034192,0.950705550801052,1.61827730701064,-2.18611386029433,0.134707911368001,-0.0106925932750236
5.2,111.882499478586,114,-5.38805995101613,-2.77986437151015,-0.0105808842703792,0.950705550801052,1.62134028545964,-2.26898826496308,0.0940959554053107,-0.0121334069628852
5.21666666666667,112.011731643144,114,-5.38805995101613,-2.8900145711931,-0.0768733705309484,0.950705550801052,1.6243894120398,-2.39512972154575,0.0517926430629104,-0.0135857310036611
5.23333333333333,112.140801979042,114,-5.38805995101613,-3.00019649254341,-0.141467184783414,0.950705550801052,1.62742433399864,-2.54953718553408,0.0101360142462532,-0.0149365297348023
5.25,112.269674870407,113,-6.38805995101613,-3.10986573720724,-0.201490658634245,0.950705550801052,1.63044471361109,-2.72081618320302,-0.0292681891608528,-0.0161134594095349
5.26666666666667,112.398315827895,113,-6.38805995101613,-3.31482218543573,-0.255129195799727,0.950705550801052,1.63345022778574,-2.90042248938941,-0.0653745799151106,-0.0170746305821329
5.28333333333333,112.526691469183,113,-6.38805995101613,-3.51228398158582,-0.310866201143349,0.950705550801052,1.63644056767998,-3.11899921674666,-0.102758282336641,-0.0180505294773636
5.3,112.654769499301,113,-6.38805995101613,-3.70209600565112,-0.364079128533107,0.950705550801052,1.63941543832366,-3.35974246929243,-0.138889121513604,-0.0189187293698769
5.31666666666667,112.78251869081,113,-6.38805995101613,-3.88415754991412,-0.411757714739382,0.950705550801052,1.6423745582513,-3.61016405345508,-0.172087359570144,-0.0196036322274013
5.33333333333333,112.909908863875,113,-6.38805995101613,-4.05841690113329,-0.452099987563091,0.950705550801052,1.64531765914244,-3.86115549264199,-0.201315507085803,-0.020064190935257
5.35,113.036910866247,113,-6.38805995101613,-4.22486627086656,-0.484195172107956,0.950705550801052,1.64824448547024,-4.10623761211025,-0.226014215919163,-0.0202843452042281
5.36666666666667,113.163496553177,113,-6.38805995101613,-4.38353706099394,-0.507776385593972,0.950705550801052,1.65115479415786,-4.34096098452417,-0.245973670266293,-0.0202656271881351
5.38333333333333,113.289638767298,113,-6.38805995101613,-4.53449545126237,-0.523029190562488,0.950705550801052,1.65404835424274,-4.56242875319048,-0.261233474746819,-0.0200214952109286
5.4,113.415311318502,113,-6.38805995101613,-4.67783829552635,-0.530444688659687,0.950705550801052,1.65692494654834,-4.76891849435711,-0.272005339866708,-0.0195730379435261
5.41666666666667,113.540488963827,113,-6.38805995101613,-4.81368931329045,-0.530707980501278,0.950705550801052,1.65978436336347,-4.95958402562658,-0.278613934619431,-0.0189457600897726
5.43333333333333,113.665147387393,113,-6.38805995101613,-4.94219556316543,-0.52461457294753,0.950705550801052,1.66262640812881,-5.13422156745866,-0.281452153400852,-0.0181672168050777
5.45,113.789263180398,113,-6.38805995101613,-5.0635241849201,-0.513008751163127,0.950705550801052,1.66545089513061,-5.29308754640172,-0.280947763195777,-0.0172653098919373
5.46666666666667,113.912813821211,113,-6.38805995101613,-5.17785939693952,-0.496739105284297,0.950705550801052,1.66825764920138,-5.43675769825182,-0.277538984858312,-0.01626709612635
5.48333333333333,114.035777655576,113,-6.38805995101613,-5.28539973607952,-0.476627356945855,0.950705550801052,1.67104650542737,-5.56601907512814,-0.271657042250974,-0.0151979883853695
5.5,114.158133876945,113,-6.38805995101613,-5.38635552713056,-0.453447407915195,0.950705550801052,1.67381730886286,-5.68178815592285,-0.263714104096127,-0.0140812548236924
5.51666666666667,114.279862506973,113,-6.38805995101613,-5.48094656936666,-0.427912163566019,0.950705550801052,1.67656991425092,-5.78504956576093,-0.25409536142209,-0.0129377412231865
5.53333333333333,114.400944376174,113,-6.38805995101613,-5.56940002794965,-0.400666194294526,0.950705550801052,1.67930418575059,-5.87681097765531,-0.243154241526054,-0.0117857576694726
5.55,114.521361104781,113,-6.38805995101613,-5.6519485182824,-0.372282710030043,0.950705550801052,1.6820199966704,-5.95807064049197,-0.231209968232503,-0.0106410835996296
5.56666666666667,114.641095083795,113,-6.38805995101613,-5.72882837175092,-0.343263654698156,0.950705550801052,1.68471722920806,-6.02979468665711,-0.218546846823118,-0.00951705559575311
5.58333333333333,114.760129456268,113,-6.38805995101613,-5.80027807166078,-0.314041993668243,0.950705550801052,1.68739577419606,-6.09290194886231,-0.205414787713219,-0.00842471054816885
5.6,114.878448098809,113,-6.38805995101613,-5.86653684855416,-0.284985480045683,0.950705550801052,1.69005553085333,-6.14825448288831,-0.19203069181569,-0.00737296337189557
5.61666666666667,114.996035603343,112,-7.38805995101613,-5.92784342448619,-0.25640135516548,0.950705550801052,1.69269640654253,-6.19665237076244,-0.178580407556522,-0.00636880365210509
5.63333333333333,115.112877259118,112,-7.38805995101613,-6.08071750536853,-0.228541573024959,0.950705550801052,1.69531831653312,-6.23883168357939,-0.165221038787406,-0.00541749968218925
5.65,115.22895903499,112,-7.38805995101613,-6.22303710978505,-0.211113904679625,0.950705550801052,1.69792118376984,-6.31241134797405,-0.157280131829701,-0.00477276275378941
5.66666666666667,115.344267561964,112,-7.38805995101613,-6.35525031490356,-0.200091659146867,0.950705550801052,1.70050493864673,-6.40575042900001,-0.152640310127338,-0.00431792817486007
5.68333333333333,115.458790116037,112,-7.38805995101613,-6.47780612998888,-0.192599967768149,0.950705550801052,1.70306951878636,-6.5101060457946,-0.149782314112892,-0.00397074075019307
5.7,115.572514601312,112,-7.38805995101613,-6.59115219065867,-0.186643113207802,0.950705550801052,1.7056148688243,-6.61901404560233,-0.147645431130638,-0.00367497830529775
5.71666666666667,115.685429533413,111,-8.38805995101613,-6.69573271041741,-0.180889282712988,0.950705550801052,1.70814094019865,-6.72779139928901,-0.145516964775533,-0.00339387679733109
5.73333333333333,115.7975240232,111,-8.38805995101613,-6.88826928069918,-0.174501544166073,0.950705550801052,1.71064769094454,-6.83313767142621,-0.142945133005142,-0.00310500009273127
5.75,115.908787760779,111,-8.38805995101613,-7.06683760030909,-0.176511575562518,0.950705550801052,1.71313508549351,-6.96976358768995,-0.144867508460942,-0.00304622547462014
5.76666666666667,116.019210999816,111,-8.38805995101613,-7.23207870773332,-0.182521679168939,0.950705550801052,1.71560309447765,-7.12399364197907,-0.148939959227943,-0.00309367187263679
5.78333333333333,116.128784542162,110,-9.38805995101613,-7.38462942002449,-0.189507155576092,0.950705550801052,1.7180516945384,-7.28572099616624,-0.153536100453588,-0.00316397204659403
5.8,116.237499722777,110,-9.38805995101613,-7.6214022740852,-0.195478743354644,0.950705550801052,1.72048086813991,-7.44762698920315,-0.157573840276595,-0.00320397106493424
5.81666666666667,116.34534839497,110,-9.38805995101613,-7.84066149880059,-0.208723288714454,0.950705550801052,1.72289060338685,-7.64150280859231,-0.165575410786397,-0.00343265346686395
5.83333333333333,116.452322915935,109,-10.3880599510161,-8.0432335841845,-0.224401263592318,0.950705550801052,1.72528089384662,-7.85160630668984,-0.174942380010818,-0.0037159057921608
5.85,116.558416132601,109,-10.3880599510161,-8.32621975340114,-0.239267571848349,0.950705550801052,1.7276517383758,-8.06642074953865,-0.183912828042698,-0.00396633658471047
5.86666666666667,116.663621367783,109,-10.3880599510161,-8.58807111573067,-0.260776424289675,0.950705550801052,1.73000314095082,-8.31466503177878,-0.196551660261715,-0.00438105207989737
5.88333333333333,116.767932406639,108,-11.3880599510161,-8.82979851442258,-0.28357202144469,0.950705550801052,1.73233511050272,-8.57840078302217,-0.209970570563102,-0.00481317346367876
5.9,116.871343483422,108,-11.3880599510161,-9.1486843682048,-0.304125792422406,0.950705550801052,1.73464766075585,-8.84459159969775,-0.222241983954303,-0.00516913675759525
5.91666666666667,116.973849268534,108,-11.3880599510161,-9.44335727774936,-0.329776337179029,0.950705550801052,1.73694081007057,-9.14095445643123,-0.237355624082648,-0.00564452655293362
5.93333333333333,117.075444855874,108,-11.3880599510161,-9.71500140459236,-0.355170046773168,0.950705550801052,1.73921458128976,-9.4489409562077,-0.252412324162613,-0.00609411042137043
5.95,117.176125750475,108,-11.3880599510161,-9.96478530602278,-0.376860098475422,0.950705550801052,1.74146900158906,-9.75519730090727,-0.265517871860881,-0.00642801885454563
5.96666666666667,117.275887856435,107,-12.3880599510161,-10.193857893411,-0.392811845168604,0.950705550801052,1.74370410233083,-10.0503912292359,-0.27552759253172,-0.00659678323666218
5.98333333333333,117.374727465122,107,-12.3880599510161,-10.4996275352733,-0.402017625771512,0.950705550801052,1.74591991892159,-10.3282771610196,-0.2818465900583,-0.00657977406438743
6,117.472641243668,107,-12.3880599510161,-10.7808373621079,-0.413704716270831,0.950705550801052,1.74811649067313,-10.6219010032314,-0.289471303966076,-0.00662630603032406
6.01666666666667,117.56969796332,108,-11.3880599510161,-11.0387753238696,-0.42498419066101,0.950705550801052,1.75029386066694,-10.9168690523976,-0.296251905660365,-0.00662989792348491
6.03333333333333,117.666591586022,108,-11.3880599510161,-11.1784210732923,-0.432340033656752,0.950705550801052,1.75245207562204,-11.2030428856834,-0.30084164422248,-0.00652784772834886
6.05,117.764008750042,108,-11.3880599510161,-11.3033642435647,-0.424935020641998,0.950705550801052,1.7545911857661,-11.4366098019473,-0.297289181441317,-0.00603900605958545
6.06666666666667,117.862650140963,108,-11.3880599510161,-11.4145889419607,-0.406418144150432,0.950705550801052,1.75671124470976,-11.625447268123,-0.287492526491279,-0.00527338150449801
6.08333333333333,117.963903935706,108,-11.3880599510161,-11.5130396985991,-0.379801029161011,0.950705550801052,1.75881230932414,-11.7763502798111,-0.273031709676059,-0.00432037036269999
6.1,118.069572814169,109,-10.3880599510161,-11.5996211294733,-0.347551346536453,0.950705550801052,1.76089443962135,-11.8951689126601,-0.255213877623208,-0.00325192199263754
6.11666666666667,118.181901221939,109,-10.3880599510161,-11.5789152229301,-0.311674173770902,0.950705550801052,1.7629576986381,-11.9869302006992,-0.235112745283219,-0.00212527933793648
6.13333333333333,118.303994730159,109,-10.3880599510161,-11.554103126821,-0.264277043854814,0.950705550801052,1.7650021523222,-12.0189992675184,-0.208406344163298,-0.000735384937285216
6.15,118.440922814929,110,-9.38805995101613,-11.5257528234086,-0.210826935689281,0.950705550801052,1.76702786942192,-12.0073188581433,-0.17802492451246,0.000764065490532668
6.16666666666667,118.601498006363,110,-9.38805995101613,-11.3981053421145,-0.155322205419001,0.950705550801052,1.76903492137826,-11.9643378068519,-0.146136468528453,0.002263473468224
6.18333333333333,118.798955802338,111,-8.38805995101613,-11.2739986906099,-0.0911102089325958,0.950705550801052,1.77102338221983,-11.8627604938303,-0.109114531950401,0.00393725344221383
6.2,119.048243498674,111,-8.38805995101613,-11.0573748422909,-0.0243421087995623,0.950705550801052,1.77299332846055,-11.7222569472952,-0.0702884470603661,0.00561680879160229
6.21666666666667,119.362119552992,112,-7.38805995101613,-10.8507719560443,0.0502069302830804,0.950705550801052,1.77494483899994,-11.520819680856,-0.0268121052924707,0.00743873602164707
6.23333333333333,119.749790166539,112,-7.38805995101613,-10.5578329220054,0.125499871948795,0.950705550801052,1.77687799502595,-11.2819019219347,0.0174915169839903,0.00921223995037316
6.25,120.217678610089,112,-7.38805995101613,-10.2807989665309,0.206274437079482,0.950705550801052,1.77879287992035,-10.9861165485122,0.0651875065782309,0.0110630202375502
6.26666666666667,120.770235299658,113,-6.38805995101613,-10.0193020312201,0.285293888799872,0.950705550801052,1.78068957916658,-10.658646850403,0.11232662610123,0.0127973563570768
6.28333333333333,121.409537987446,113,-6.38805995101613,-9.67665515959078,0.357792214476243,0.950705550801052,1.78256818025999,-10.318108020024,0.156260956199886,0.0142934919862336
6.3,122.135833991236,114,-5.38805995101613,-9.35478010902821,0.430360915856924,0.950705550801052,1.78442877262042,-9.94103678015415,0.200521764390301,0.0157327824556257
6.31666666666667,122.947942933182,115,-4.38805995101613,-8.95671756155089,0.497267809989719,0.950705550801052,1.78627144750711,-9.54918637882926,0.24195044353037,0.0169660289940648
6.33333333333333,123.843471641775,115,-4.38805995101613,-8.48783953406618,0.564465558843315,0.950705550801052,1.78809629793587,-9.12134262478892,0.283739186766258,0.0181567253536901
6.35,124.819011207332,116,-3.38805995101613,-8.04956462521344,0.635331463845533,0.950705550801052,1.78990341859838,-8.64387404928235,0.327714937298662,0.0193947898144959
6.36666666666667,125.870416461132,117,-2.38805995101613,-7.54443676178601,0.701908633786234,0.950705550801052,1.79169290578373,-8.14580000621699,0.369531274777473,0.020468852052781
6.38333333333333,126.992846790121,117,-2.38805995101613,-6.97733935208315,0.768671590964801,0.950705550801052,1.79346485730199,-7.61116874942284,0.411584310313938,0.021502082956621
6.4,128.180794142936,118,-1.38805995101613,-6.44921204645361,0.807268478946904,1.75797402974796,1.80146479378899,-7.03557897357766,0.427136582009358,0.0225622564584084
6.41666666666667,129.428169002597,119,-0.388059951016132,-5.83403952701165,0.806442487009126,1.75714803781018,1.81673890646335,-6.48608207491036,0.408471500997126,0.0235043388041058
6.43333333333333,130.728376624674,120,0.611940048983868,-5.11153930005961,0.813599098015081,1.76430464881613,1.83204573596283,-5.92594714605861,0.39457595093523,0.0246426817225543
6.45,132.074391941266,121,1.61194004898387,-4.2918393772347,0.83727150907775,1.7879770598788,1.84759350291088,-5.31454680718296,0.389781292108842,0.0262219068066925
6.46666666666667,133.458843851283,122,2.61194004898387,-3.38359362123176,0.880614749969167,1.83132030077022,1.86368480710634,-4.62737603578922,0.395377259630489,0.0283489317441814
6.48333333333333,134.874117565692,124,4.61194004898387,-2.39369442433941,0.943464345273972,1.89416989607502,1.88064494865669,-3.8516385986893,0.410831811398064,0.0310428091579311
6.5,136.312479631249,125,5.61194004898387,-1.23104422482987,1.02384842213839,1.97455397293944,1.89877985467144,-2.98248156802963,0.434670572846403,0.0342721884333278
6.51666666666667,137.766224823961,127,7.61194004898387,-0.00171155559802261,1.12812555550318,2.07883110630423,1.91843769563746,-1.98318908861697,0.469894987324048,0.0382317206108632
6.53333333333333,139.227837594694,128,8.61194004898387,1.38857539875184,1.2487477590698,2.19945330987086,1.93994676120517,-0.86938655433432,0.511995877695419,0.0427411508262408
6.55,140.690155136933,130,10.6119400489839,2.83674575009681,1.38913207777241,2.33983762857346,1.96360775193429,0.381900766260703,0.562466619926761,0.0479117819126872
6.56666666666667,142.146516571485,131,11.6119400489839,4.43960154707069,1.54057294966299,2.49127850046404,1.98966818605885,1.74656269618109,0.616301841555331,0.0535255329243975
6.58333333333333,143.590884276258,133,13.6119400489839,6.09603103919764,1.70644134343492,2.65714689423597,2.01833856142196,3.24292707635407,0.675111406464878,0.0596851606132322
6.6,145.017927955221,135,15.6119400489839,7.9042350999758,1.87860013840907,2.82930568921013,2.04978093453133,4.84485476459265,0.734329514781983,0.0661810338782041
6.61666666666667,146.423068181642,136,16.6119400489839,9.8602953005496,2.06125994645365,3.0119654972547,2.08413230288442,6.57029259902955,0.79613265209633,0.0731326617503186
6.63333333333333,147.802481802342,138,18.6119400489839,11.8642934893805,2.2562753069911,3.20698085779215,2.12157836148564,8.43047907802465,0.861353607973362,0.0805998077872231
6.65,149.153075516489,140,20.6119400489839,14.0154307956468,2.45487957031721,3.40558512111826,2.16223889835123,10.3947633021711,0.925153757142189,0.0883524155545436
6.66666666666667,150.47243587449,141,21.6119400489839,16.3105374300775,2.66121334924926,3.61191890005031,2.20620310790641,12.4784822355131,0.989746199364963,0.0965042540280741
6.68333333333333,151.758763953159,143,23.6119400489839,18.6501917132739,2.8773766738135,3.82808222461455,2.25361053846782,14.6915782832611,1.05616722203714,0.105118018162456
6.7,153.010801983278,145,25.6119400489839,21.1338701620697,3.09499373581128,4.04569928661234,2.30454025097713,17.0029461954729,1.11985115382073,0.113970960526549
6.71666666666667,154.227757665641,146,26.6119400489839,23.7585020542536,3.31863137889951,4.26933692970057,2.35904758360338,19.4279564939559,1.18329207559847,0.123185682110033
6.73333333333333,155.409230294964,147,27.6119400489839,26.4246354827186,3.55078698174513,4.50149253254618,2.41724511717512,21.9768248961266,1.24778068288139,0.132833497075626
6.75,156.555141494578,149,29.6119400489839,29.1353476029648,3.78342139447684,4.73412694527789,2.47919106581607,24.6187976422575,1.30896323832106,0.142699142246787
6.76666666666667,157.665672126247,150,30.6119400489839,31.9897563182239,4.01226687205725,4.9629724228583,2.54484233296381,27.3327480438288,1.36467245544208,0.152661138035221
6.78333333333333,158.74120601899,151,31.6119400489839,34.8876843174798,4.24471217174772,5.19541772254878,2.61418943490013,30.1418995204659,1.41901880906974,0.16291324185495
6.8,159.782280696864,152,32.6119400489839,37.8310417465583,4.4759468084772,5.42665235927825,2.68723560980223,33.0254020689581,1.46946858781835,0.173323129688769
6.81666666666667,160.789488335868,153,33.6119400489839,40.8213905741128,4.70364841684193,5.65435396764298,2.76392540653453,35.9691845540183,1.51491722462994,0.183821032675562
6.83333333333333,161.763210341134,154,34.6119400489839,43.8597275135864,4.92712409599038,5.87782964679143,2.84417869592377,38.9643176902454,1.55517406433492,0.194379282411669
6.85,162.704178500709,155,35.6119400489839,46.9464360903663,5.14665185943264,6.09735741023369,2.92791208364555,42.005527153358,1.59057451307719,0.204996245520808
6.86666666666667,163.613221776624,155,35.6119400489839,50.0813370878023,5.36300795082757,6.31371350162863,3.01505095164027,45.0899613715497,1.62170686343446,0.215684523335617
6.88333333333333,164.49116394722,156,36.6119400489839,53.1675045936036,5.57715069602655,6.5278562468276,3.10553498070947,48.2162417314135,1.64923355257073,0.226462854575098
6.9,165.338807279049,157,37.6119400489839,56.3063014712842,5.78092648708288,6.73163203788393,3.19923687164897,51.346946266137,1.66895782148655,0.237100924128933
6.91666666666667,166.156919566557,157,37.6119400489839,59.495959113879,5.97986002996014,6.93056558076119,3.29601634431513,54.4945511896959,1.68412055095368,0.247734564165105
6.93333333333333,166.946223987163,158,38.6119400489839,62.6378416047879,6.17771297211351,7.12841852291456,3.39580959111373,57.6685550169408,1.69689300169199,0.25845819958431
6.95,167.707391405604,159,39.6119400489839,65.8317645217518,6.36774625211239,7.31845180291344,3.4985203832568,60.8387464483609,1.7037860516499,0.269082459394655
6.96666666666667,168.441034762682,159,39.6119400489839,69.0747108160803,6.69693527216193,5.6385602413144,3.57523548829344,64.0732644941863,1.83684387954076,0.279707730674724
6.98333333333333,169.147705294003,160,40.6119400489839,72.2021279476199,7.02787460624582,5.85070555080105,3.65262575636048,67.4246915024263,1.97229156541828,0.290154876334171
7,169.827891648937,161,41.6119400489839,75.256760350669,7.33663517875627,5.85070555080105,3.73090146489831,70.7993291967603,2.09662267027655,0.299830230161321
7.01666666666667,170.482022949435,161,41.6119400489839,78.2437196158478,7.61931390403579,5.85070555080105,3.80881882977957,74.1546119384431,2.20967119245964,0.308495815668672
7.03333333333333,171.110472340594,162,42.6119400489839,81.0642720080202,7.87049767092775,5.85070555080105,3.88636897703274,77.4625552516933,2.30815538786689,0.31604250660088
7.05,171.713560206394,163,43.6119400489839,83.8189334810875,8.07780064626025,5.85070555080105,3.963543413304,80.6653566268843,2.38496114152895,0.322182124068185
7.06666666666667,172.291557351972,164,44.6119400489839,86.5061997537186,8.24444123927276,5.85070555080105,4.04033401586905,83.7601638668336,2.44144015434724,0.327047663296863
7.08333333333333,172.844688212907,164,44.6119400489839,89.1250608795099,8.37386034938793,5.85070555080105,4.11673302286896,86.7457772661833,2.47910919313048,0.330773638369206
7.1,173.373134103379,165,45.6119400489839,91.5786698836021,8.46960271687751,5.85070555080105,4.19273302376446,89.6223389621854,2.49958464773963,0.333492864376387
7.11666666666667,173.877036482057,166,46.6119400489839,93.9692188019846,8.52571694363378,5.85070555080105,4.26832695000477,92.3541212008027,2.49933290416174,0.335084030579365
7.13333333333333,174.356500210197,167,47.6119400489839,96.2966834198527,8.54987801033806,5.85070555080105,4.34350806590624,94.9554466819933,2.48224626522702,0.335788895217287
7.15,174.811596774651,168,48.6119400489839,98.5613518735697,8.5484507070433,5.85070555080105,4.41826995973653,97.4383447108494,2.45156965047514,0.335806396271158
7.16666666666667,175.24236745068,168,48.6119400489839,100.763789297036,8.52672639023973,5.85070555080105,4.49260653500018,99.8130157516389,2.41001753511018,0.335300344640191
7.18333333333333,175.648826383145,169,49.6119400489839,102.808522340381,8.61877981417837,4.10070555080105,4.54000469135121,102.135138352901,2.47817614412946,0.334357710371248
7.2,176.030963624998,170,50.6119400489839,104.738034006522,8.6923659081774,4.10070555080105,4.58431474332649,104.414482789847,2.54009825417743,0.332584116310222
7.21666666666667,176.388749432773,170,50.6119400489839,106.499686783537,8.72700980375143,4.10070555080105,4.62819731447252,106.608261244468,2.57959484039192,0.329816365392197
7.23333333333333,176.722141063588,171,51.6119400489839,108.011648562619,8.71440735648972,4.10070555080105,4.67165464504753,108.66656156574,2.5918875231242,0.325872736265748
7.25,177.031088901805,172,52.6119400489839,109.389909345752,8.64309744874639,4.10070555080105,4.71468901461288,110.523329381341,2.57043315244648,0.320495426568042
7.26666666666667,177.315540933544,172,52.6119400489839,110.647090465395,8.5195741722853,4.10070555080105,4.75730274017656,112.177030994504,2.51844780948248,0.313908540945389
7.28333333333333,177.575446080728,173,53.6119400489839,111.698753710259,8.35184327844645,4.10070555080105,4.79949817438643,113.634228866306,2.44004058433729,0.306368314817562
7.3,177.810756742064,173,53.6119400489839,112.658349276524,8.13903957294925,4.10070555080105,4.84127770377213,114.869956972609,2.33454399812416,0.297888850061345
7.31666666666667,178.021430758875,173,53.6119400489839,113.439747644313,7.89400526867182,4.10070555080105,4.88264374703451,115.911837026783,2.20879459207847,0.288844522563228
7.33333333333333,178.207432948698,174,54.6119400489839,114.058474729592,7.61848438876109,4.10070555080105,4.92359875338149,116.749460773609,2.06366262794761,0.279304630523611
7.35,178.368736304715,174,54.6119400489839,114.625450720042,7.31682163480908,4.10070555080105,4.96414520090936,117.383096422778,1.90146160240226,0.269404546712702
7.36666666666667,178.505322931308,175,55.6119400489839,115.052093050005,7.00434012464212,4.10070555080105,5.00428559502842,117.857378304071,1.73054449566452,0.2595636007114
7.38333333333333,178.617184768038,175,55.6119400489839,115.447837842542,6.68886265640946,3.96069374618531,5.04289638997335,118.174148233143,1.5572910793373,0.249842164729187
7.4,178.704324146927,175,55.6119400489839,115.717805218948,6.38888116749357,3.82570207617316,5.07879066302187,118.38322934319,1.39399459079268,0.240568242253762
7.41666666666667,178.766754331103,175,55.6119400489839,115.864794881951,6.10217080772167,3.6966824142758,5.11207959389088,118.485609758055,1.23935458052228,0.231680941133067
7.43333333333333,178.804500247252,175,55.6119400489839,115.892287596673,5.82674761210302,3.57274197624741,5.14285936163072,118.481938529336,1.0922149987283,0.223125890182861
7.45,178.817599348548,176,56.6119400489839,115.80435596431,5.56096094951144,3.4531379780812,5.17121305499269,118.373032025633,0.951612821257463,0.214857685682195
7.46666666666667,178.806102582094,176,56.6119400489839,115.701805994632,5.30352453696015,3.33729159243312,5.19721327399956,118.16018976312,0.816792501731501,0.206840724158126
7.48333333333333,178.770075376021,176,56.6119400489839,115.487138391805,5.11062538987866,1.97283062877678,5.21125589775552,117.890495856189,0.735797661264789,0.199293309043411
7.5,178.709598552861,176,56.6119400489839,115.122101090152,4.97798635315386,1.94630282143182,5.2125890582929,117.608921293725,0.707273404392493,0.191962627446665
7.51666666666667,178.624770121818,176,56.6119400489839,114.576695774588,4.83257169895596,1.91721989059224,5.21309883921075,117.270274414431,0.669883798356509,0.184457818352769
7.53333333333333,178.515708818352,176,56.6119400489839,113.871268535149,4.66268737282286,1.88324302536562,5.21273275232275,116.82020170628,0.617342603002748,0.17647118584895
7.55,178.382556924973,176,56.6119400489839,113.024481675871,4.46405817831342,1.84351718646374,5.2114123104148,116.227919971701,0.5473871974494,0.167897855451429
7.56666666666667,178.225481731463,176,56.6119400489839,112.053294375194,4.23729430519872,1.7981644118408,5.20905335720254,115.479783654588,0.460409785464967,0.158764521129135
7.58333333333333,178.044676069899,176,56.6119400489839,110.973039143496,3.98600431273422,1.7479064133479,5.2055790722363,114.574204412209,0.358436342927284,0.149176778460201
7.6,177.840358300618,176,56.6119400489839,109.797552630547,3.71542730142964,1.69379101108698,5.20092758408387,113.517722570507,0.244385229067315,0.139281289966713
7.61666666666667,177.612771956675,176,56.6119400489839,108.539331658689,3.39877284272319,1.63046011934569,5.20169749840686,112.316271311291,0.0917361543347737,0.129243600935411
7.63333333333333,177.362185150894,176,56.6119400489839,107.209467250215,3.08492844760112,2.33892335222156,5.19958460872832,110.959417141927,-0.0575442798399062,0.119289763152646
7.65,177.088889792245,176,56.6119400489839,105.84473505591,2.7604806381137,2.19292183795222,5.19889773967233,109.489555242108,-0.218601247166849,0.109618094312213
7.66666666666667,176.79320011163,176,56.6119400489839,104.475054052222,2.43383291960043,2.04593036462124,5.19969345111968,107.925360308148,-0.386712734891855,0.100452568657935
7.68333333333333,176.475450076817,175,55.6119400489839,103.097520387162,2.14696999987974,1.67530792576046,5.19535022562761,106.308045534089,-0.526822231837929,0.0920198151766688
7.7,176.135991251288,175,55.6119400489839,101.60548553525,1.8958847823605,1.59056666484772,5.18756319128051,104.672810685063,-0.64402447214722,0.0844042093467488
7.71666666666667,175.775191638269,175,55.6119400489839,100.094366958711,1.66203984956447,1.51164400002906,5.1781736946967,102.998344775057,-0.751567827982494,0.0773253356139478
7.73333333333333,175.393435316574,175,55.6119400489839,98.5679791252375,1.4471185796134,1.43910807142057,5.16729435315109,101.300126059452,-0.848569527379755,0.0708219164137869
7.75,174.991122235675,175,55.6119400489839,97.0302205521999,1.25163047280542,1.37313083537288,5.15504380972568,99.5898650378231,-0.934789956538429,0.0649011537845301
7.76666666666667,174.568667918272,175,55.6119400489839,95.4850711734319,1.07530947704942,1.31362249930523,5.1415412703901,97.876466607427,-1.01041323481195,0.0595496330050436
7.78333333333333,174.126503060056,175,55.6119400489839,93.9365667773834,0.917410618290314,1.26033163447403,5.12690298594103,96.1667979522537,-1.07588405754026,0.054741413176405
7.8,173.665073096047,176,56.6119400489839,92.3887612682209,0.776923583814833,1.21291726033856,5.11124016120062,94.4662828130848,-1.13179041066976,0.0504438286148284
7.81666666666667,173.18483769666,176,56.6119400489839,90.9419668393756,0.652720586174471,1.17099874863494,5.09465787491643,92.7793473147396,-1.17878252851528,0.0466214846347307
7.83333333333333,172.686270199953,176,56.6119400489839,89.497790106673,0.553020026178591,1.13734980963633,5.07728308547891,91.1466506254134,-1.21245004949707,0.0434888667460599
7.85,172.169857014921,176,56.6119400489839,88.0604158411292,0.47234509240422,1.11012201948748,5.05924757825548,89.5590744872073,-1.23582389191516,0.0408932284905367
7.86666666666667,171.636096983407,176,56.6119400489839,86.6340502572935,0.406618427029856,1.08793926992363,5.04065627014665,88.0101737969828,-1.25116169586307,0.0387206202946696
7.88333333333333,171.085500680826,176,56.6119400489839,85.2227861970142,0.352877048587437,1.06980155469931,5.02159423548609,86.4957790428666,-1.26010624827762,0.0368879186654333
7.9,170.518589719406,176,56.6119400489839,83.8305129466793,0.309018322952078,1.05499923479738,5.00213222001509,85.0135726345461,-1.26382628322573,0.0353357600675376
7.91666666666667,169.935896052954,176,56.6119400489839,82.4608599688982,0.273583290659532,1.04303991139864,4.98233083600462,83.5626803672661,-1.26313632045063,0.0340225383896648
7.93333333333333,169.337961324919,176,56.6119400489839,81.1171656290355,0.245578470712238,1.03358828466643,4.9622436519285,82.1433020066771,-1.25859503710882,0.0329194853193327
7.95,168.72533620888,176,56.6119400489839,79.802463731531,0.224334030175975,1.02641828598544,4.94191938695296,80.7563927672652,-1.25058342352647,0.0320067668009508
7.96666666666667,168.098579740463,176,56.6119400489839,78.5194822505621,0.209394400057235,1.02137616082037,4.92140340334889,79.4033991856711,-1.23936494932891,0.0312704812883288
7.98333333333333,167.458258674247,176,56.6119400489839,77.2706499955742,0.200436603436323,1.01835290446081,4.90073866550223,78.0860476114102,-1.22513039742069,0.0307004249600056
8,166.804946923419,175,55.6119400489839,76.0581080803839,0.197211409950072,1.0172644016592,4.87996630712141,76.8061804577317,-1.20803009268351,0.03028848635422
8.01666666666667,166.139225130067,175,55.6119400489839,74.7874413637404,0.19950269214994,1.01803770940166,4.85912592151685,75.5656338336665,-1.18819609699854,0.0300275411913436
8.03333333333333,165.461680287681,174,54.6119400489839,73.5626152495175,0.197734606036996,1.01744098033854,4.83822726504556,74.329242538438,-1.1708262412812,0.0296607376411624
8.05,164.772905395839,173,53.6119400489839,72.2883856708252,0.196056843861755,1.01687473560439,4.81726734067072,73.1110165126788,-1.15365828081027,0.0292997663442844
8.06666666666667,164.073499166073,173,53.6119400489839,70.9714756848195,0.187908223105379,1.01412457609912,4.79623391626821,71.8848955252143,-1.14024068812801,0.0287694684429748
8.08333333333333,163.364065791379,172,52.6119400489839,69.7142950574754,0.170047982603135,1.00809674492961,4.77508752020381,70.634548587568,-1.13230325397935,0.0279847850297682
8.1,162.645214786764,171,51.6119400489839,68.4199385746072,0.150851811104783,1.00161803704892,4.75380538816763,69.38777806109,-1.12527722193521,0.0271713905349011
8.11666666666667,161.91756090473,170,50.6119400489839,67.0935058591047,0.126397059965524,0.993364558539416,4.73237464153818,68.1282371705097,-1.12127729639397,0.0262247481912626
8.13333333333333,161.181724127015,169,49.6119400489839,65.7396225515576,0.0949257869742701,0.982743003904868,4.71076661489347,66.8461091958615,-1.12123365140729,0.0250989733803633
8.15,160.438330684464,168,48.6119400489839,64.3624026530268,0.0561204658487853,0.969646208025017,4.68894691269729,65.5363701565326,-1.12529079822944,0.0237869853579646
8.16666666666667,159.687878882353,167,47.6119400489839,62.9654596642013,0.0104102494928786,0.954219010004898,4.66691206588037,64.1973622039904,-1.1332427149942,0.0223056320112019
8.18333333333333,158.930797620499,166,46.6119400489839,61.5519445596249,-0.0392473596573927,0.911458191143659,4.64425177522639,62.8301651406348,-1.1427668289946,0.0206847161614012
8.2,158.167748096562,165,45.6119400489839,60.1237155252227,-0.0907665604103225,0.859938990390729,4.62075978399424,61.4384890143819,-1.15238943123506,0.0189559184522225
8.21666666666667,157.399399799354,164,44.6119400489839,58.6812506522711,-0.143141501885424,0.807564048915628,4.59641004296583,60.0260404899131,-1.1615457815338,0.0171446639569981
8.23333333333333,156.626426740305,163,43.6119400489839,57.2247131865229,-0.195791638904422,0.75491391189663,4.57119964240143,58.5956847140793,-1.1699386050935,0.0152672840788663
8.25,155.849508347688,162,42.6119400489839,55.7542785449676,-0.248431750501569,0.702273800299483,4.54513276445557,57.1494792636016,-1.17744026928394,0.0133326891366671
8.26666666666667,155.069330295577,161,41.6119400489839,54.2701621422421,-0.300972494270315,0.649733056530737,4.51821662550722,55.6888584209339,-1.18403293803577,0.0113447281938232
8.28333333333333,154.286585194136,160,40.6119400489839,52.772626963697,-0.353443396002341,0.597262154798711,4.49045888423247,54.2148032586023,-1.18976309143749,0.00930406108405907
8.3,153.501973055844,158,38.6119400489839,51.2619791688987,-0.405937041857637,0.544768508943415,4.46186615036219,52.7279842419095,-1.19470917653086,0.00720954646281071
8.31666666666667,152.716201432684,157,37.6119400489839,49.6422750449096,-0.458571341761938,0.492134209039114,4.43244326678711,51.2288722609708,-1.19896019251298,0.00505920405578968
8.33333333333333,151.92998509326,156,36.6119400489839,48.0162301629051,-0.520566263710828,0.430139287090224,4.40211049638982,49.6809881289368,-1.207429747763,0.00260077224931851
8.35,151.144045077093,155,35.6119400489839,46.3836778909967,-0.587336269400062,0.36336928140099,4.37075873190728,48.097359497276,-1.2174980307165,-4.98211994291284e-05
8.36666666666667,150.359106929695,154,34.6119400489839,44.7440116408153,-0.655882689985932,0.29482286081512,4.3383415136193,46.4879633787485,-1.22749676149333,-0.002814480671755
8.38333333333333,149.575897919677,153,33.6119400489839,43.0964986423475,-0.724425247051608,0.226280303749443,4.30485173442706,44.8599989554324,-1.23647450259113,-0.00564486688869494
8.4,148.795143008709,152,32.6119400489839,41.4404629464748,-0.792059243062801,0.158646307738251,4.27030429211316,43.2183552826511,-1.243985078661,-0.00851453445611054
8.41666666666667,148.017559221251,151,31.6119400489839,39.7753756432717,-0.858466516120842,0.0922390346802094,4.23472400607911,41.5661315721613,-1.2499131581602,-0.0114120969761131
8.43333333333333,147.243848173166,150,30.6119400489839,38.1008838530383,-0.923689316670059,0.0270162341309924,4.1981378149307,39.9051260299953,-1.25434038798585,-0.0143357465818661
8.45,146.474686626184,149,29.6119400489839,36.4168028691459,-0.987966077935563,0,4.16057036877218,38.2362536305706,-1.25745014834359,-0.0172891714339286
8.46666666666667,145.710714956863,148,28.6119400489839,34.7230890330667,-1.05466233078838,0,4.12266249358077,36.5589467267738,-1.26223950968539,-0.0202778123744324
8.48333333333333,144.952523707395,147,27.6119400489839,33.0216013954813,-1.12599294428501,0,4.08485950352242,34.8702568720636,-1.27070333939744,-0.0233009148192497
8.5,144.200638686888,146,26.6119400489839,31.3162613683504,-1.20152640734007,0,4.04717488596793,33.1685949255998,-1.28260655522308,-0.0263439097789702
8.51666666666667,143.455505420696,145,25.6119400489839,29.6109995261974,-1.28024613331505,0,4.00961469496097,31.4547057187921,-1.29737732271587,-0.0293782900431284
8.53333333333333,142.717474169518,144,24.6119400489839,27.9093189771567,-1.36081301347333,0,3.97218475784058,29.7310254113228,-1.3142601496504,-0.0323680933212352
8.55,141.986787020487,143,23.6119400489839,26.2143246110449,-1.44177387205352,0,3.93489068098932,28.0010182959019,-1.3324281664332,-0.0352756639764542
8.56666666666667,141.263568600993,142,22.6119400489839,24.52875112454,-1.52170330857405,0,3.89773785545482,26.2686871828923,-1.35106049548706,-0.0380654568910128
8.58333333333333,140.547821755789,141,21.6119400489839,22.8549898187509,-1.59929546054234,0,3.86073146244722,24.5382190056731,-1.36939321392054,-0.0407063871642648
8.6,139.839429049996,141,21.6119400489839,21.1951141709985,-1.67341863865752,0,3.82387647871526,22.8137349981287,-1.38675059681732,-0.0431731176050102
8.61666666666667,139.13816028756,140,20.6119400489839,19.6471867975794,-1.74314291771933,0,3.78717768180331,21.0991210488171,-1.40256186914668,-0.0454465868422766
8.63333333333333,138.443685506558,139,19.6119400489839,18.1103609183225,-1.79824281587146,0,3.75063965519186,19.4348655156353,-1.41117083195573,-0.0472640488523352
8.65,137.755592289409,138,18.6119400489839,16.5861149300867,-1.84238807610016,0,3.71426679332386,17.8118514404634,-1.41445279969324,-0.0487377375325777
8.66666666666667,137.073405831711,137,17.6119400489839,15.0757048297701,-1.87824897617962,0,3.6780633065193,16.2234819364057,-1.41376819002816,-0.0499496964959706
8.68333333333333,136.396610098697,136,16.6119400489839,13.5801822130446,-1.90775497285839,0,3.64203322578023,14.6650519415963,-1.41009552126111,-0.0509596353409124
8.7,135.724668536426,135,15.6119400489839,12.1004113209438,-1.93229273571671,0,3.60618040748857,13.1332583810092,-1.40413346771202,-0.0518109179298804
8.71666666666667,135.057043116775,134,14.6119400489839,10.637085154068,-1.95285654318587,0,3.57050853799887,11.6258207698533,-1.39637853882238,-0.0525350887567229
8.73333333333333,134.393210885183,134,14.6119400489839,9.19074067660205,-1.97016142755955,0,3.53502113812823,10.1411896139435,-1.38718364966525,-0.0531552614253768
8.75,133.73267756543,133,13.6119400489839,7.8580557435256,-1.98472735834918,0,3.49972156754544,8.67832431480986,-1.37680179585387,-0.0536886268750158
8.76666666666667,133.074988102258,132,12.6119400489839,6.53694087500041,-1.98743539532162,0,3.46461302906152,7.2734724608567,-1.36022149658021,-0.0538983242066327
8.78333333333333,132.41973426576,131,11.6119400489839,5.22776449513009,-1.98276807426438,0,3.42969857282358,5.91390085488345,-1.33980798073813,-0.0539137726979413
8.8,131.766559599462,130,10.6119400489839,3.93079638287219,-1.97396003873395,0,3.39498110041414,4.58995953171281,-1.31727917759311,-0.0538269996202656
8.81666666666667,131.115162078786,130,10.6119400489839,2.64621706596326,-1.96329756007219,0,3.36046336885775,3.29439371757442,-1.29385912329819,-0.0537018263698573
8.83333333333333,130.465294875541,129,9.61194004898387,1.47040924145082,-1.95235301780749,0,3.32614799453688,2.02179697194671,-1.27039838985521,-0.0535810244567263
8.85,129.816765614841,128,8.61194004898387,0.301044340884582,-1.93266179576873,0,3.29203745701908,0.805124937561176,-1.24227143620723,-0.0532418954093787
8.86666666666667,129.169434478399,128,8.61194004898387,-0.86169714938601,-1.90905925122603,0,3.25813410279697,-0.370790304135854,-1.21206753608912,-0.0528195474259117
8.88333333333333,128.523211463922,127,7.61194004898387,-1.92140426334214,-1.88490822472903,0,3.22444014894323,-1.51735261580688,-1.1816065604854,-0.052405546927348
8.9,127.878053062112,126,6.61194004898387,-2.98035220499922,-1.85295374585314,0,3.1909576866821,-2.60608648662726,-1.14692736278334,-0.0518089643932799
8.91666666666667,127.233958565777,125,5.61194004898387,-4.03828501689416,-1.81880107377593,0,3.15768868487921,-3.65544449288043,-1.11105119253046,-0.0511839606384573
8.93333333333333,126.590966182375,125,5.61194004898387,-5.09497953691333,-1.78625457127143,0,3.12463499345154,-4.67917888586807,-1.07605492943548,-0.0506318165682462
8.95,125.949149083535,124,4.61194004898387,-6.05396032137751,-1.75776547990728,0,3.09179834669902,-5.68738102557109,-1.0433014593803,-0.0502145705029814
8.96666666666667,125.308611492943,123,3.61194004898387,-7.0174189802245,-1.72527673062925,0,3.05918036655951,-6.65036420322988,-1.00842397127295,-0.0497156598216454
8.98333333333333,124.669484887359,123,3.61194004898387,-7.98499933303507,-1.69369126338374,0,3.02678256578882,-7.58546754780484,-0.974085245703885,-0.0492671207741568
9,124.03192436387,122,2.61194004898387,-8.86008105562543,-1.66620152279732,0,2.99460635106716,-8.50542291790468,-0.942046826422531,-0.0489512534279449
9.01666666666667,123.396105209239,121,1.61194004898387,-9.74470101544352,-1.63522265249213,0,2.96265302603377,-9.38244230289837,-0.908198773397804,-0.0485639570182477
9.03333333333333,122.762219693637,121,1.61194004898387,-10.6383402588911,-1.60593029857474,0,2.93092379425113,-10.2351860272677,-0.875354828269101,-0.0482440325170474
9.05,122.130474100571,120,0.611940048983868,-11.4442093296575,-1.5816443923503,0,2.89941976210022,-11.0772611486314,-0.84534973969136,-0.0480764772373336
9.06666666666667,121.50108599689,119,-0.388059951016132,-12.2641711254323,-1.5548044528751,0,2.86814194160835,-11.8814137249753,-0.814090963206647,-0.0478570725157159
9.08333333333333,120.874281740823,119,-0.388059951016132,-13.0975292649928,-1.53053977460075,0,2.83709125321095,-12.6665802914293,-0.784370801828076,-0.0477226389431481
9.1,120.25029422173,118,-1.38805995101613,-13.8473146533605,-1.51207786227009,0,2.80626852844875,-13.4464520701417,-0.75797673954536,-0.0477550467680226
9.11666666666667,119.629360822227,117,-2.38805995101613,-14.6152094607155,-1.4917382664447,0,2.77567451260159,-14.1937189684638,-0.730752997649552,-0.0477463331755163
9.13333333333333,119.011721450626,117,-2.38805995101613,-15.4003364950982,-1.4745164871185,0,2.74530986726043,-14.9271614645472,-0.705420039981622,-0.0478293416538608
9.15,118.397611691566,116,-3.38805995101613,-16.1055466643205,-1.46350235594978,0,2.71517517283863,-15.6602461515874,-0.683690312048162,-0.0480820037265702
9.16666666666667,117.787250165382,115,-4.38805995101613,-16.8323437502042,-1.45088089179038,0,2.68527093102397,-16.3653938235004,-0.661333672685986,-0.0482926408314086
9.18333333333333,117.180836981019,115,-4.38805995101613,-17.5796744822891,-1.44152096966781,0,2.65559756717258,-17.0610896838585,-0.640999588361744,-0.0485907222945794
9.2,116.5785555141,114,-5.38805995101613,-18.2502166132431,-1.43839674948012,0,2.62615543264605,-17.7604926493911,-0.624334649987449,-0.0490512160938358
9.21666666666667,115.980574041591,113,-6.38805995101613,-18.9453042255841,-1.43359028378826,0,2.59694480709287,-18.4357135996129,-0.607049089779499,-0.0494599231146949
9.23333333333333,115.38704723636,113,-6.38805995101613,-19.6637182630488,-1.43188097981194,0,2.56796590067552,-19.1049329342285,-0.59173954163173,-0.0499442409603775
9.25,114.798117535164,112,-7.38805995101613,-20.3079749947203,-1.43616712448016,0,2.53921885624426,-19.7810150353711,-0.580006741517365,-0.0505775018648845
9.26666666666667,114.213916391912,112,-7.38805995101613,-20.9792516471099,-1.43846809636017,0,2.51070375145872,-20.4357899866033,-0.567521952457538,-0.0511442814644976
9.28333333333333,113.63456542659,111,-8.38805995101613,-21.5798945936849,-1.44351309743594,0,2.48242060085863,-21.0871733088854,-0.556849440732921,-0.0517711291019523
9.3,113.060177479036,110,-9.38805995101613,-22.2109123260618,-1.44465607400664,0,2.4543693578845,-21.710835006837,-0.544367069914235,-0.0522809064894928
9.31666666666667,112.49085757568,110,-9.38805995101613,-22.8707669549676,-1.44757824432062,0,2.4265499168495,-22.3275729542586,-0.533146849233238,-0.0528270329292065
9.33333333333333,111.926703816507,109,-10.3880599510161,-23.4616635054276,-1.45579898811077,0,2.39896211486361,-22.9521330279862,-0.52511844463442,-0.0535005602906266
9.35,111.367808188666,109,-10.3880599510161,-24.0844762523488,-1.46174833261976,0,2.37160573371089,-23.5576556514707,-0.516171745572424,-0.054097621505815
9.36666666666667,110.814257312557,108,-11.3880599510161,-24.6412574963965,-1.47041062777302,0,2.3444805016811,-24.1629271562002,-0.509007699775186,-0.054751822813443
9.38333333333333,110.266133125577,108,-11.3880599510161,-25.2327310142345,-1.47528213954119,0,2.31758609535652,-24.7441535284826,-0.500081019795155,-0.0552898636060919
9.4,109.723513508244,107,-12.3880599510161,-25.7608013314089,-1.4821064640557,0,2.29092214135498,-25.3224167101345,-0.492497848686213,-0.0558667606420561
9.41666666666667,109.186472856963,107,-12.3880599510161,-26.3260476022233,-1.48490487089035,0,2.26448821803001,-25.8756134458558,-0.482995714645463,-0.0563237020770899
9.43333333333333,108.65508260731,106,-13.3880599510161,-26.8302332500963,-1.48976914022323,0,2.23828385712913,-26.4260441983794,-0.47487069340361,-0.0568250250527211
9.45,108.129411711359,106,-13.3880599510161,-27.3738001576983,-1.49093699254348,0,2.2123085454111,-26.9524581700346,-0.464980606019947,-0.0572174375730792
9.46666666666667,107.609527072288,105,-14.3880599510161,-27.8583785650522,-1.49462011278362,0,2.18656172622307,-27.477726916567,-0.456690393715531,-0.0576680558544205
9.48333333333333,107.095493939232,105,-14.3880599510161,-28.3842814693375,-1.49510685001382,0,2.1610428010385,-27.9809566630271,-0.446889493908206,-0.0580244406980477
9.5,106.587376265088,104,-15.3880599510161,-28.8530146887744,-1.49861120375475,0,2.13575113095665,-28.4852151409383,-0.438948169516339,-0.0584532549043364
9.51666666666667,106.085237029802,104,-15.3880599510161,-29.3647713882828,-1.49939148120064,0,2.11068603816459,-28.9696857814088,-0.429743273369173,-0.0588007663083468
9.53333333333333,105.589138531447,103,-16.3880599510161,-29.820942233014,-1.50361128908451,0,2.08584680736249,-29.4574273069511,-0.422620932241089,-0.0592318514788353
9.55,105.099142647256,103,-16.3880599510161,-30.3216099709434,-1.50546709247659,0,2.0612326871529,-29.9275533677718,-0.414427062307926,-0.0595907511598205
9.56666666666667,104.615311066596,102,-17.3880599510161,-30.7680596138965,-1.51105568529913,0,2.03684289139503,-30.4030117374771,-0.408473546760996,-0.0600402536868201
9.58333333333333,104.137705497781,101,-18.3880599510161,-31.2602730212613,-1.51450634998817,0,2.0126766005246,-30.8627789080407,-0.401571265296349,-0.0604225743381062
9.6,103.666387850451,101,-18.3880599510161,-31.7957216677481,-1.52185148581214,0,1.98873296284011,-31.329650565209,-0.396998028539645,-0.0608986202444518
9.61666666666667,103.201420395188,100,-19.3880599510161,-32.275656891003,-1.53666648879895,0,1.96501109575625,-31.8193911838216,-0.39672947837595,-0.0615588805868556
9.63333333333333,102.742865901925,100,-19.3880599510161,-32.8000368947257,-1.5512402330552,0,1.94151008702519,-32.3054394242321,-0.396593144776002,-0.0621937411382166
9.65,102.290787758639,99,-20.3880599510161,-33.270035934867,-1.57029229662434,0,1.91822899592645,-32.8063616196887,-0.399158186286447,-0.0629279986991294
9.66666666666667,101.845250071767,98,-21.3880599510161,-33.7855379489109,-1.58698493349648,0,1.89516685442604,-33.2977822229716,-0.400707092764903,-0.0635780238869953
9.68333333333333,101.40631774972,98,-21.3880599510161,-34.3439284098991,-1.60669792511924,0,1.87232266830559,-33.7999605616783,-0.404154589651796,-0.0642880805442308
9.7,100.974056570853,97,-22.3880599510161,-34.8463837010695,-1.63259246329269,0,1.84969541826205,-34.3267679567871,-0.411239493506168,-0.0651388930702194
9.71666666666667,100.548533237251,97,-22.3880599510161,-35.3927972866147,-1.6567216215974,0,1.82728406097874,-34.8502543160167,-0.417647813681331,-0.0659161394654364
9.73333333333333,100.129815415655,96,-23.3880599510161,-35.8842881058103,-1.68370045762388,0,1.80508753016826,-35.3879902609556,-0.425878074820013,-0.0667435467382186
9.75,99.7179717669307,96,-23.3880599510161,-36.4206934500293,-1.70668121680706,0,1.78310473758804,-35.9149085340402,-0.43219386945651,-0.0674389566333864
9.76666666666667,99.3130719655029,95,-24.3880599510161,-36.9030774945395,-1.73109970961273,0,1.76133457402896,-36.450809829773,-0.439527844111392,-0.0681498045636203
9.78333333333333,98.9151867102894,95,-24.3880599510161,-37.4312242913115,-1.75071167774568,0,1.7397759102778,-36.9723370380761,-0.444465330715107,-0.0687110888653992
9.8,98.5243877287833,94,-25.3880599510161,-37.9061463965438,-1.77138804977855,0,1.71842759805406,-37.5005886178177,-0.450173235378133,-0.0692823642059438
9.81666666666667,98.1407477761304,94,-25.3880599510161,-38.4275779408409,-1.78719022262432,0,1.69728847092163,-38.0131796878717,-0.453403553613556,-0.0697069107244536
9.83333333333333,97.7643406312943,94,-25.3880599510161,-38.8964833173668,-1.8041961704685,0,1.67635734517609,-38.5319253450134,-0.457438073449154,-0.0701496736007317
9.85,97.3952410927512,93,-26.3880599510161,-39.316267688303,-1.81660007263024,0,1.65563302070798,-39.034957917355,-0.459104413261978,-0.070457174302219
9.86666666666667,97.0335249766305,93,-26.3880599510161,-39.786489997474,-1.82105187141853,0,1.63511428184266,-39.5075086093784,-0.456533897745536,-0.0705460674594492
9.88333333333333,96.6792691208606,92,-27.3880599510161,-40.2079391990028,-1.82547318893074,0,1.61479989815738,-39.9771517824068,-0.453999941179181,-0.0706324763726936
9.9,96.3325513997689,92,-27.3880599510161,-40.6801282616464,-1.82533170998678,0,1.5946886252759,-40.426315507857,-0.449023509382249,-0.0705972784274673
9.91666666666667,95.9934507548159,92,-27.3880599510161,-41.1038036776235,-1.82762465921237,0,1.57477920564135,-40.880326267464,-0.445398672840436,-0.0706288506174022
9.93333333333333,95.6620472488767,92,-27.3880599510161,-41.4821566845658,-1.82710217261642,0,1.55507036926773,-41.3198158554365,-0.440272457534408,-0.0705867350081796
9.95,95.3384221539521,92,-27.3880599510161,-41.8182542872427,-1.82070358838354,0,1.53556083447047,-41.7317343683413,-0.431952813555315,-0.0703931084431443
9.96666666666667,95.0226580857827,91,-28.3880599510161,-42.1150376984365,-1.8069428093373,0,1.5162493085768,-42.1078319249605,-0.419589381339041,-0.0700143990505936
9.98333333333333,94.7148392041595,91,-28.3880599510161,-42.4716041759471,-1.78543626013628,0,1.49713448861596,-42.4434595875166,-0.402927137281995,-0.0694472967965112
10,94.4150515057999,91,-28.3880599510161,-42.7882852720205,-1.76604950876424,0,1.47821506199023,-42.7735740020917,-0.387314672963962,-0.0689581883357374
10.0166666666667,94.1233832492644,91,-28.3880599510161,-43.0678600087262,-1.74543163132342,0,1.45948970712672,-43.0858573177485,-0.370943716290091,-0.0684563299540263
10.0333333333333,93.8399255716903,91,-28.3880599510161,-43.3129876274793,-1.72169620841066,0,1.44095709411076,-43.3723019207993,-0.352783194552783,-0.0678927502895968
10.05,93.5647733910876,91,-28.3880599510161,-43.5262075481187,-1.69399812616961,0,1.42261588530106,-43.6281490482048,-0.332359047658281,-0.0672476396457478
10.0666666666667,93.298026747375,91,-28.3880599510161,-43.7099399207104,-1.66221030645106,0,1.40446473592724,-43.8510534316341,-0.309585198119908,-0.0665208094842713
10.0833333333333,93.0397928451831,92,-27.3880599510161,-43.8664867029635,-1.6266793892419,0,1.38650229466996,-44.0404296334065,-0.284635072727514,-0.0657245636290744
10.1,92.7901892788497,92,-27.3880599510161,-43.9017505917291,-1.58804347212439,0,1.36872720422426,-44.196943972644,-0.257845114581385,-0.0648784528307975
10.1166666666667,92.5493493899714,92,-27.3880599510161,-43.9201586526697,-1.53759267930861,0,1.35113810184632,-44.2851760861523,-0.224446699358968,-0.0637555289670378
10.1333333333333,92.3174318530576,92,-27.3880599510161,-43.9234520046759,-1.48036874379057,0,1.33373361988411,-44.3194641459851,-0.187132233618289,-0.0624986998969764
10.15,92.0946399109892,93,-26.3880599510161,-43.9132567902354,-1.42021684004216,0,1.31651238629236,-44.3115237542463,-0.147977965046102,-0.0612143261748319
10.1666666666667,91.8812686958245,93,-26.3880599510161,-43.7948060754942,-1.36001820263546,0,1.29947302513212,-44.2709024680583,-0.108560932779591,-0.0599796125936517
10.1833333333333,91.6778138618368,93,-26.3880599510161,-43.6718660955723,-1.29237598625277,0,1.28261415705527,-44.1684115831128,-0.0648588760004647,-0.058598702697381
10.2,91.4849824735903,94,-25.3880599510161,-43.5455282272134,-1.22296829636203,0,1.26593439977449,-44.0225853918723,-0.0199477860923862,-0.0572266408632899
10.2166666666667,91.3035178241634,94,-25.3880599510161,-43.3204993351872,-1.15579605719102,0,1.24943236851883,-43.8477876070583,0.0239731116002134,-0.0559688000834934
10.2333333333333,91.1340770470323,94,-25.3880599510161,-43.1000296704796,-1.08406029931495,0,1.23310667647534,-43.6181045681619,0.0705823134504894,-0.0546427367863939
10.25,90.9771794981872,95,-24.3880599510161,-42.8847062660604,-1.0136635012995,0,1.21695593521711,-43.3541711309569,0.116661324411853,-0.0534065778362181
10.2666666666667,90.8331941934294,95,-24.3880599510161,-42.5787444946212,-0.950394348373363,0.00031120242768834,1.20134936709713,-43.0720019951096,0.158348604120913,-0.0523615046965212
10.2833333333333,90.7023474518947,96,-23.3880599510161,-42.2831908102238,-0.89027302665811,0.0604325241429413,1.18693091849053,-42.7489269744655,0.196623360272073,-0.0513114367040007
10.3,90.5847399189563,96,-23.3880599510161,-41.8982744585395,-0.837850709425164,0.112854841375888,1.17362316125906,-42.4072630369684,0.229158980928641,-0.0503848610105045
10.3166666666667,90.4803668329049,97,-22.3880599510161,-41.5231128955144,-0.785741242737705,0.164964308063347,1.16136164181344,-42.0243301569921,0.260095724657379,-0.0493901395776747
10.3333333333333,90.3891382002366,98,-21.3880599510161,-41.0585785446308,-0.738609263321856,0.212096287479196,1.15009629942175,-41.6208851230444,0.287007425241978,-0.0484575904177001
10.35,90.3108972396345,98,-21.3880599510161,-40.5083595242837,-0.68946504058406,0.261240510216992,1.13980440115395,-41.173670384215,0.313754759092034,-0.0474028770966018
10.3666666666667,90.245436445418,99,-20.3880599510161,-39.9725486867348,-0.634370461769992,0.316335089031059,1.13055265721987,-40.6667953515065,0.342416354093301,-0.0461168962059893
10.3833333333333,90.1925111117779,100,-19.3880599510161,-39.3523110971487,-0.580624851015976,0.370080699785076,1.1223716701427,-40.1271551363794,0.369020921331914,-0.0447945960739675
10.4,90.1518504263274,100,-19.3880599510161,-38.6512284829211,-0.523121799606906,0.427583751194146,1.11528194900244,-39.5365725410866,0.396346730705502,-0.0432989854088756
10.4166666666667,90.1231663661253,101,-18.3880599510161,-37.9690888400185,-0.459176198183487,0.491529352617564,1.10936753539137,-38.8830782749746,0.425769595955152,-0.0415533622930753
10.4333333333333,90.1061606391027,101,-18.3880599510161,-37.2066857321903,-0.396849349259125,0.553856201541927,1.104659769862,-38.1964075593733,0.452905490505947,-0.0397731445128537
10.45,90.100529920607,101,-18.3880599510161,-36.4635242800063,-0.331438948947379,0.619266601853673,1.10117034325323,-37.4603089944715,0.480327375957735,-0.0378329079787334
10.4666666666667,90.1059697718165,101,-18.3880599510161,-35.7367299362432,-0.269520691944175,0.681184858856877,1.0988872962252,-36.7008524825753,0.504516868311739,-0.0359113645691638
10.4833333333333,90.122177671536,101,-18.3880599510161,-35.0236749737939,-0.214469597909529,0.736235952891523,1.09771717724943,-35.9357136651617,0.523804085019411,-0.0341072698237217
10.5,90.1488550640044,101,-18.3880599510161,-34.3223095101372,-0.167515687036967,0.783189863764085,1.09752922893594,-35.1760703183264,0.537730510412354,-0.0324643806293016
10.5166666666667,90.1857084063692,101,-18.3880599510161,-33.631268352077,-0.128570342483618,0.822135208317433,1.09818393500457,-34.4283860317585,0.546559712096744,-0.0309914799067389
10.5333333333333,90.2324496879311,101,-18.3880599510161,-32.9498427735068,-0.0968313759063621,0.85387417489469,1.09954970041125,-33.6959255997564,0.550925698396592,-0.0296773802707044
10.55,90.288796633824,100,-19.3880599510161,-32.2778816852168,-0.0711968219839813,0.879508728817071,1.10151110505284,-32.9799480176417,0.551597380998018,-0.0285014401297334
10.5666666666667,90.3544727147689,100,-19.3880599510161,-31.7119482956512,-0.0505260628480439,0.900179487953008,1.10397159105912,-32.2805848106143,0.549333899197724,-0.0274404042489108
10.5833333333333,90.4292069388066,99,-20.3880599510161,-31.1502723281299,-0.0428873156278799,0.907818235173172,1.10677019464729,-31.6342757754936,0.539979448978784,-0.0267224993248219
10.6,90.5127334969603,99,-20.3880599510161,-30.6904504563133,-0.0427309017643817,0.90797464903667,1.10973424560065,-31.0277514947241,0.526781802499676,-0.0262113528717591
10.6166666666667,90.6047914076892,98,-21.3880599510161,-30.2319813797909,-0.0554040747389133,0.895301476062139,1.1126854454288,-30.4876762408963,0.507073666969972,-0.0260629483003281
10.6333333333333,90.7051241934376,97,-22.3880599510161,-29.8736872160927,-0.0738755241066195,0.876830026694432,1.11546829482411,-29.9940964992411,0.484870644348002,-0.0260993782815952
10.65,90.8134795806569,96,-23.3880599510161,-29.6123842045618,-0.102860919295597,0.847844631505454,1.11793888926403,-29.5694340921211,0.457789095946431,-0.0264566770544069
10.6666666666667,90.92960922296,95,-24.3880599510161,-29.4453247964305,-0.144336007012586,0.806369543788466,1.1198992929234,-29.2281281857129,0.425002691954775,-0.0272011389525933
10.6833333333333,91.0532684904219,94,-25.3880599510161,-29.3703956461326,-0.198534556891505,0.752170993909547,1.12113452279343,-28.9786690262759,0.386647705404548,-0.0283533022846274
10.7,91.1842164066281,93,-26.3880599510161,-29.386135566021,-0.264696592479362,0.68600895832169,1.12143504386886,-28.825383055796,0.343385334181788,-0.0299063559031346
10.7166666666667,91.3222157181578,92,-27.3880599510161,-29.4916534811367,-0.341593222148152,0.6091123286529,1.12060872562146,-28.7698757522071,0.296100715833088,-0.0318393604916758
10.7333333333333,91.467033052776,92,-27.3880599510161,-29.6865018019403,-0.42786835929035,0.522837191510702,1.11848564328364,-28.8121205591617,0.245711664757665,-0.0341260999398142
10.75,91.618439177383,91,-28.3880599510161,-29.8742581203408,-0.522240607021342,0.42846494377971,1.11491840518148,-28.9512285341971,0.193059652020637,-0.0367405155595804
10.7666666666667,91.7762094123583,90,-29.3880599510161,-30.1573226300721,-0.61450499665433,0.336200554146722,1.10986259203486,-29.1491232807935,0.143685459397965,-0.0394095807115375
10.7833333333333,91.9401241309121,89,-30.3880599510161,-30.5352859134202,-0.70846303711003,0.242242513691022,1.10331835967213,-29.4172469845741,0.0954641446080684,-0.0422326412958276
10.8,92.1099692489992,89,-30.3880599510161,-31.0073031317371,-0.80651957925997,0.144185971541082,1.09523515477054,-29.7641273065466,0.047100997407065,-0.0452753719572146
10.8166666666667,92.285536762859,88,-31.3880599510161,-31.4760780794815,-0.910023595068832,0.0406819557322201,1.08553207499923,-30.19569249247,-0.00208355218234573,-0.0485773448942108
10.8333333333333,92.4666253375932,88,-31.3880599510161,-32.0429383226142,-1.01053852242564,0,1.07420789044769,-30.6789010349471,-0.0475725767686044,-0.0519091181529618
10.85,92.653040907529,87,-32.3880599510161,-32.6097330673374,-1.11825794941811,0,1.06237049079049,-31.2303521569734,-0.0969594819685417,-0.0553948341793302
10.8666666666667,92.8445972316089,86,-33.3880599510161,-33.2730821914407,-1.2292935538294,0,1.05060871333227,-31.8286257175631,-0.149199541057842,-0.0588494541281909
10.8833333333333,93.0411162578365,86,-33.3880599510161,-34.0240982267226,-1.34840725746409,0,1.03892320707065,-32.4950702161045,-0.206863829884772,-0.0623981061816434
10.9,93.2424282354143,85,-34.3880599510161,-34.7581463657789,-1.47740848180646,0,1.02731458024981,-33.2415382637332,-0.270941089639974,-0.0660837543101232
10.9166666666667,93.4483716289416,85,-34.3880599510161,-35.5697489912997,-1.60661321332858,0,1.01578340150857,-34.0359906038026,-0.336146834196786,-0.0696455402083785
10.9333333333333,93.6587929063838,85,-34.3880599510161,-36.3550726194525,-1.73876127938021,0,1.00433020100212,-34.8906218465962,-0.403921851910718,-0.0731587096935264
10.95,93.8735462482703,84,-35.3880599510161,-37.1131169923313,-1.86516131706226,0,0.992955471497707,-35.7742858374392,-0.469477403480647,-0.0763952293774925
10.9666666666667,94.0924932092587,84,-35.3880599510161,-37.9394070765292,-1.98004273552468,0,0.981659669445094,-36.6634825523869,-0.529564328624863,-0.0792121522498726
10.9833333333333,94.3155023532204,84,-35.3880599510161,-38.7310487374111,-2.08936104142855,0,0.970443216022052,-37.5777296890164,-0.587309934133678,-0.0817801588299945
11,94.5424488764106,84,-35.3880599510161,-39.4879200905759,-2.19416746605661,0.0475352775400526,0.960761836022341,-38.4947487887511,-0.645809648008372,-0.0839450929461489
11.0166666666667,94.7732142281544,84,-35.3880599510161,-40.206713731794,-2.28392148290182,0.0475352775400526,0.951318603024936,-39.398480103102,-0.696813517513278,-0.08561025356012
11.0333333333333,95.0076856964617,84,-35.3880599510161,-40.8846880443459,-2.35517953341596,0.0475352775400526,0.941954991231632,-40.272685989944,-0.738011601870358,-0.0867229830404494
11.05,95.2457559304682,84,-35.3880599510161,-41.5229497166188,-2.4066203878502,0.0475352775400526,0.932670894493739,-41.1049652277381,-0.768530526324581,-0.0872679759087605
11.0666666666667,95.4873224938186,84,-35.3880599510161,-42.1226801621495,-2.4382748013463,0.0475352775400526,0.923466189281965,-41.8873960720696,-0.788236047603418,-0.0872662266605255
11.0833333333333,95.7322874798897,84,-35.3880599510161,-42.6851215999566,-2.45110039997649,0.0475352775400526,0.914340735276185,-42.6154518104277,-0.797509912054241,-0.086762540693611
11.1,95.9805571746792,84,-35.3880599510161,-43.2115643488026,-2.44665765247705,0.0475352775400526,0.905294375940676,-43.2871435632527,-0.797078571747776,-0.0858161433334584
11.1166666666667,96.2320417576851,84,-35.3880599510161,-43.7033352658662,-2.42686589433287,0.0475352775400526,0.896326939085133,-43.902346336281,-0.787883128767009,-0.0844937259445998
11.1333333333333,96.4866550345229,85,-34.3880599510161,-44.1617872622377,-2.39382241652529,0.0475352775400526,0.8874382374118,-44.4622724126512,-0.770981901191979,-0.0828643973766347
11.15,96.7443141969384,85,-34.3880599510161,-44.4920072205818,-2.34967093816357,0.0475352775400526,0.878628069048983,-44.9690628267402,-0.747478660948603,-0.08099611437148
11.1666666666667,97.0049396069687,85,-34.3880599510161,-44.7977291535741,-2.28700282006856,0.0475352775400526,0.869896218071273,-45.3885265111905,-0.713274253758696,-0.078703289098867
11.1833333333333,97.2684546026594,86,-33.3880599510161,-45.0801139521422,-2.21198927608457,0.0475352775400526,0.861242455006752,-45.736045625756,-0.671648419327809,-0.0761642404593731
11.2,97.5347853231676,86,-33.3880599510161,-45.2440283362321,-2.12945947853178,0.0475352775400526,0.852666537331472,-46.0242407095461,-0.625195174372849,-0.0735156828220797
11.2166666666667,97.8038605513624,86,-33.3880599510161,-45.3929621520324,-2.03364875703431,0.0475352775400526,0.844168209951487,-46.2265139052051,-0.570753157181782,-0.0706108858163381
11.2333333333333,98.0756115722505,87,-32.3880599510161,-45.5278119271465,-1.93160310273902,0.0475352775400526,0.835747205672707,-46.3635986522582,-0.512128283887558,-0.0676453454798986
11.25,98.3499720457194,87,-32.3880599510161,-45.5531633138007,-1.82846959806488,0.0475352775400526,0.82740324565885,-46.4517393936459,-0.452139466149671,-0.0647576284500126
11.2666666666667,98.6268778922329,87,-32.3880599510161,-45.5722115810467,-1.71840895607788,0.0475352775400526,0.819136039877742,-46.466644078448,-0.387634813100173,-0.0617924026681841
11.2833333333333,98.9062671902358,88,-31.3880599510161,-45.5855480840818,-1.60812611641695,0.0475352775400526,0.810945287536236,-46.4303579580338,-0.322280570744445,-0.0589298024721799
11.3,99.1880800841308,88,-31.3880599510161,-45.4974453569833,-1.50225640716765,0.0475352775400526,0.802830677503987,-46.3596986603625,-0.258657530494992,-0.056289038171641
11.3166666666667,99.4722587017952,88,-31.3880599510161,-45.4107800055597,-1.39434983435219,0.0475352775400526,0.794791888726344,-46.2304087499877,-0.193315556158354,-0.0536934636448327
11.3333333333333,99.7587470806859,89,-30.3880599510161,-45.3258213436973,-1.2904545874248,0.0475352775400526,0.786828590626585,-46.0641852125355,-0.129591090227035,-0.0513014104658675
11.35,100.047491101673,89,-30.3880599510161,-45.1465184342454,-1.19454140264486,0.0475352775400526,0.778940443497749,-45.877234748457,-0.0697244728330965,-0.0492108271948949
11.3666666666667,100.338438429808,90,-29.3880599510161,-44.9754247253577,-1.09951465644214,0,0.771127098884279,-45.6445183075634,-0.00992941136504134,-0.0472250398288461
11.3833333333333,100.631538462855,90,-29.3880599510161,-44.7195751026535,-1.00293821653576,0,0.761774442058169,-45.383719013816,0.0539691750081942,-0.0454875461637275
11.4,100.92674232259,91,-28.3880599510161,-44.4842069978944,-0.911327801609476,0.0393777491915757,0.753270326803956,-45.0741025750307,0.114010144386577,-0.0438524655620136
11.4166666666667,101.224002920349,91,-28.3880599510161,-44.16888231255,-0.8345305503104,0.116175000490651,0.746245117945993,-44.7471301473246,0.163673957381605,-0.0424919001645515
11.4333333333333,101.523274972644,91,-28.3880599510161,-43.8695188340704,-0.765356294063956,0.185349256737096,0.740515082601406,-44.3867957044524,0.207181852971618,-0.041229124100317
11.45,101.824514868289,92,-27.3880599510161,-43.5807879724477,-0.707732704370444,0.242972846430608,0.735915376938163,-44.0166845413831,0.242683909571375,-0.040183831596747
11.4666666666667,102.127680381963,92,-27.3880599510161,-43.202270983113,-0.662600232102123,0.288105318698929,0.732242140500571,-43.6507254536764,0.269997785284299,-0.0393981127856464
11.4833333333333,102.43273025204,93,-26.3880599510161,-42.8334400003383,-0.620054960425188,0.330650590375864,0.729374017868083,-43.2592390935362,0.29470594788719,-0.0386168383480876
11.5,102.739623741407,93,-26.3880599510161,-42.3757288601423,-0.583125807575218,0.367579743225833,0.727238353643387,-42.8576972016994,0.31529619323364,-0.0379278992065885
11.5166666666667,103.048320229748,94,-25.3880599510161,-41.9297071912088,-0.543859196116946,0.406846354684105,0.725811225810932,-42.4190973959985,0.336148186071149,-0.0371209591961807
11.5333333333333,103.358778871739,94,-25.3880599510161,-41.3973680166665,-0.506932410715743,0.443773140085309,0.725087428611082,-41.9619022055653,0.354756239804256,-0.0363229621632817
11.55,103.670958353541,94,-25.3880599510161,-40.8794824255086,-0.465683515918586,0.485022034882466,0.725086060789518,-41.4619278135976,0.374736646224153,-0.0353549569639941
11.5666666666667,103.984816662792,95,-24.3880599510161,-40.3743096384794,-0.425736050166583,0.524969500634469,0.725826387656798,-40.9400363642344,0.393035170840369,-0.0343674363273095
11.5833333333333,104.300310847847,95,-24.3880599510161,-39.7838487548027,-0.3901753677984,0.560530183002652,0.727256205283229,-40.4107690246824,0.408074106378693,-0.0334480367316049
11.6,104.617396814724,96,-23.3880599510161,-39.2090683492285,-0.35123847425111,0.599467076549942,0.729369904001137,-39.846815478032,0.424098721678718,-0.0323899627716972
11.6166666666667,104.936029203273,96,-23.3880599510161,-38.5522187709771,-0.313843597879741,0.636861952921311,0.732176955350647,-39.2667035464575,0.438447479287216,-0.0313253516129554
11.6333333333333,105.256161263583,96,-23.3880599510161,-37.9142159176214,-0.271568395816079,0.679137154984973,0.735707120951337,-38.6465072306051,0.454587796458078,-0.0300807317840813
11.65,105.577744709824,97,-22.3880599510161,-37.293379488992,-0.230246493205655,0.720459057595397,0.739986590503291,-38.0074169187083,0.469338269538448,-0.0288115793983308
11.6666666666667,105.900729568128,97,-22.3880599510161,-36.5917091996526,-0.193131834338211,0.757573716462841,0.744966948707241,-37.3642966347866,0.481021246563162,-0.0276096457209162
11.6833333333333,106.22506406246,97,-22.3880599510161,-35.9101340124267,-0.152586769451895,0.798118781349157,0.750643950470926,-36.6901118912668,0.493809112411175,-0.0262712771553585
11.7,106.550694576429,97,-22.3880599510161,-35.2471218063223,-0.11361569119957,0.837089859601482,0.757026696606413,-36.0036012543879,0.504991249791401,-0.0249308342191276
11.7166666666667,106.877565611031,97,-22.3880599510161,-34.601151888277,-0.0789502269182862,0.871755323882766,0.764060839022025,-35.3178127619301,0.513178220495669,-0.0236663456911782
11.7333333333333,107.205619716136,98,-21.3880599510161,-33.9709894085986,-0.0497586425646216,0.90094690823643,0.77166031903516,-34.6412778559956,0.517870437523742,-0.022516115496259
11.75,107.534797444176,98,-21.3880599510161,-33.2595129146444,-0.0262152587580645,0.924490292042987,0.779728469365427,-33.9791703387071,0.519118796747255,-0.0214924060784333
11.7666666666667,107.865037369092,98,-21.3880599510161,-32.5686436086102,0.00117295489539547,0.951878505696447,0.788253450200791,-33.297491597613,0.522101983495303,-0.0203418758533377
11.7833333333333,108.19627612748,97,-22.3880599510161,-31.8977667129322,0.0283724927158907,0.979078043516942,0.797259950983976,-32.6102935212751,0.524603586888305,-0.0191712295197064
11.8,108.528448492218,97,-22.3880599510161,-31.3423922501244,0.0530266046994538,1.00373215550051,0.806720157223421,-31.9277054542664,0.525390662476871,-0.0180460659219718
11.8166666666667,108.861487413226,97,-22.3880599510161,-30.7994758556995,0.0648726745497794,1.01557822535083,0.81649493473962,-31.2934558066048,0.519089988798628,-0.0172520542657487
11.8333333333333,109.195324045733,97,-22.3880599510161,-30.2690642206311,0.0682344374280006,1.01893998822905,0.826405368459259,-30.6992155734809,0.508297120643662,-0.0166863700703355
11.85,109.529887853082,97,-22.3880599510161,-29.7518759230074,0.066311939315835,1.01701749011689,0.836335022641777,-30.137879748035,0.494904542408849,-0.0162714755106674
11.8666666666667,109.86510678247,96,-23.3880599510161,-29.2489639526516,0.061322627908003,1.01202817870905,0.846212373257964,-29.603892867775,0.480205102545553,-0.0159527278282535
11.8833333333333,110.200907482252,96,-23.3880599510161,-28.8577689404042,0.0546925377557389,1.00539808855679,0.855996055476789,-29.0932417624937,0.465018006896139,-0.0156944069009108
11.9,110.537215540083,96,-23.3880599510161,-28.4770540368286,0.0381525425455709,0.988858093346623,0.86558076368279,-28.6400984437678,0.44498556016278,-0.0157253976791021
11.9166666666667,110.873955728572,96,-23.3880599510161,-28.1083546136383,0.0168095506538136,0.967515101454865,0.874843990366722,-28.2301524591218,0.423032557471827,-0.0159169848856548
11.9333333333333,111.211052251067,96,-23.3880599510161,-27.7534902086579,-0.00610633395317473,0.944599216847877,0.883732099451168,-27.8529257693128,0.400965778894641,-0.0161855869056768
11.95,111.548429015386,96,-23.3880599510161,-27.4142356322815,-0.0287631707258265,0.921942380075225,0.8922331622361,-27.5012681896032,0.379774072308408,-0.0164820184473523
11.9666666666667,111.886009965089,96,-23.3880599510161,-27.092141614635,-0.0503030741004947,0.900402476700557,0.900357327876084,-27.1706909283497,0.359887312301012,-0.0167816181923306
11.9833333333333,112.223719418216,96,-23.3880599510161,-26.7884583078662,-0.070497108235439,0.880208442565613,0.908123594340429,-26.8586888505754,0.341382838047909,-0.0170759941763501
12,112.561482419128,96,-23.3880599510161,-26.5041241615018,-0.0894834336246882,0.861222117176364,0.915551617183871,-26.5641352631051,0.32413921320187,-0.0173666117249986
12.0166666666667,112.89922503634,97,-22.3880599510161,-26.2397920707747,-0.107581387761717,0.843124163039335,0.922657226115823,-26.2867867106403,0.307943324561301,-0.0176601336156179
12.0333333333333,113.236874623743,97,-22.3880599510161,-25.8995904815569,-0.125168695436597,0.825536855364455,0.929450491323379,-26.026905569119,0.292559520251728,-0.0179652600085387
12.05,113.574360096264,98,-21.3880599510161,-25.5860935255813,-0.133507274936801,0.817198275864251,0.936018009699422,-25.7481596672955,0.282596957051912,-0.018040696100254
12.0666666666667,113.91161215339,98,-21.3880599510161,-25.2025547434281,-0.137599172522887,0.813106378278165,0.942468390171598,-25.4638459120034,0.275178285908618,-0.0180121724183827
12.0833333333333,114.248563467856,99,-20.3880599510161,-24.8503205658142,-0.131673429208199,0.950705550801052,0.948924117336546,-25.1473591746563,0.273260680884262,-0.0177157052060397
12.1,114.585148886531,100,-19.3880599510161,-24.4267896737291,-0.132508444622258,0.950705550801052,0.95755310088671,-24.8228353233623,0.263863282605807,-0.0173190511679931
12.1166666666667,114.92130547512,101,-18.3880599510161,-23.9321672113127,-0.12276215002124,0.950705550801052,0.966163220652206,-24.4676515356619,0.260473672409652,-0.0166523810638407
12.1333333333333,115.256972294181,102,-17.3880599510161,-23.3717455625332,-0.0983907467187569,0.950705550801052,0.974752830990063,-24.0613797330248,0.265367942837443,-0.0156192829060012
12.15,115.592090168589,103,-16.3880599510161,-22.7505651084949,-0.0578763685304237,0.950705550801052,0.983320344401404,-23.5916027094543,0.279463700542006,-0.0141933557646543
12.1666666666667,115.92660153865,104,-15.3880599510161,-22.0734168628241,-0.00143281204605508,0.950705550801052,0.99186423008148,-23.0518582497054,0.302735951356333,-0.0123948199110069
12.1833333333333,116.260450362344,105,-14.3880599510161,-21.3448460450054,0.0695942055017949,0.950705550801052,1.0003830125014,-22.4400310251643,0.334533029301921,-0.0102730654990821
12.2,116.59358204832,106,-13.3880599510161,-20.5691564722058,0.153173940392948,0.950705550801052,1.00887527002089,-21.757103169345,0.373813693618715,-0.00789383672606651
12.2166666666667,116.925943407677,107,-12.3880599510161,-19.7504156590945,0.246918130441649,0.950705550801052,1.01733963353149,-21.0061911509127,0.4193223955919,-0.00533000965656901
12.2333333333333,117.257482617305,108,-11.3880599510161,-18.8924605236888,0.348315892226919,0.950705550801052,1.02577478512947,-20.1918102711036,0.469716356755998,-0.00265513386226444
12.25,117.588149190311,109,-10.3880599510161,-17.9989036053658,0.454897353725879,0.950705550801052,1.03417945681803,-19.3193193383656,0.523655366484299,6.09203869724856e-05
12.2666666666667,117.917893950677,110,-9.38805995101613,-17.0731397088603,0.564342970342163,0.950705550801052,1.04255242923797,-18.3945072508933,0.579862987914717,0.00275472909805011
12.2833333333333,118.246669010292,110,-9.38805995101613,-16.1183528953446,0.674551918117718,0.950705550801052,1.05089253042645,-17.4232907082092,0.637166063955661,0.00537090385207569
12.3,118.574427747137,111,-8.38805995101613,-15.2338063576803,0.783680093524951,0.950705550801052,1.05919863460311,-16.411498374913,0.694517963241934,0.00786282202015627
12.3166666666667,118.901124783824,112,-7.38805995101613,-14.3199282123039,0.820052412496597,1.77075796329765,1.07985770955888,-15.4235382724991,0.690522443904452,0.00996518698142377
12.3333333333333,119.226715942601,113,-6.38805995101613,-13.3509956253914,0.843700673637083,1.79440622443814,1.10211347795574,-14.4715195690171,0.677528827980563,0.0118877999431284
12.35,119.55115762056,114,-5.38805995101613,-12.3036929889187,0.869610862523974,1.82031641332503,1.12473781543033,-13.5233450179133,0.665888652287615,0.013872486945116
12.3666666666667,119.87440443538,114,-5.38805995101613,-11.185097216053,0.905388585347328,1.85609413614838,1.14783323087043,-12.5465291071535,0.65958348125783,0.0161309239076911
12.3833333333333,120.196405890434,115,-4.38805995101613,-10.0977272735644,0.954370997733792,1.90507654853484,1.17159112601985,-11.5206909868719,0.66015900349672,0.018766625632729
12.4,120.517105100631,116,-3.38805995101613,-8.94430395574037,1.00806605982529,1.95877161062634,1.19615145868897,-10.4712903144886,0.662816697767219,0.02156182076568
12.4166666666667,120.836438473258,116,-3.38805995101613,-7.72924356395408,1.07020646914504,2.02091201994609,1.22162252544879,-9.38049136903744,0.669444136484136,0.0246240371515064
12.4333333333333,121.154335564004,117,-2.38805995101613,-6.552610840251,1.14216843735698,2.09287398815804,1.24815376078732,-8.23753544114756,0.680596576960631,0.0280004464198089
12.45,121.470719042952,118,-1.38805995101613,-5.31507059246071,1.21477357180942,2.16547912261047,1.27582173043003,-7.07363763827109,0.691204466857674,0.0314496436112121
12.4666666666667,121.785504702184,118,-1.38805995101613,-4.01943992282013,1.29184610514098,2.24255165594203,1.30466682183588,-5.87393432375807,0.703310016800605,0.0350761771680115
12.4833333333333,122.098601448042,119,-0.388059951016132,-2.76461994051523,1.37526954523887,2.32597509603992,1.33477583250088,-4.62877083242587,0.71783861073186,0.0389358994851787
12.5,122.409911309047,119,-0.388059951016132,-1.45048495300053,1.45654207931638,2.40724763011744,1.36617271998893,-3.36931557709031,0.730166234086473,0.0428014708940352
12.5166666666667,122.719329406553,120,0.611940048983868,-0.175639547116539,1.54017921281279,2.49088476361384,1.3988567421675,-2.08003326171543,0.742770587881396,0.0467928296833692
12.5333333333333,123.026769458086,120,0.611940048983868,1.15993111723833,1.6195838495456,2.57028940034665,1.43280191643754,-0.78716397572546,0.752129844890487,0.0507301063238415
12.55,123.332260200083,121,1.61194004898387,2.45730637313528,1.70055752662798,2.65126307742903,1.46798394210334,0.528668472243447,0.761449739038211,0.0547661218188959
12.5666666666667,123.635839468636,121,1.61194004898387,3.8161142525026,1.77730162894117,2.72800717974222,1.50437046482136,1.84402946620986,0.767647264535251,0.0587421025814867
12.5833333333333,123.937508435599,121,1.61194004898387,5.13705841441654,1.8560569100786,2.80676246087966,1.54194097711312,3.18021369894179,0.774157779419684,0.0628230779370052
12.6,124.237236084444,122,2.61194004898387,6.42316328522,1.93121657177309,2.88192212257414,1.5806720642173,4.51500214344188,0.777986750719715,0.0668562122284923
12.6166666666667,124.534963055606,122,2.61194004898387,7.77352278489818,1.99995549006185,2.95066104086291,1.62047136442385,5.83355301201568,0.777743460338752,0.0707583019011907
12.6333333333333,124.830605004382,122,2.61194004898387,9.08809571131283,2.07040559406034,3.02111114486139,1.66129850448235,7.16355212318006,0.777910461491128,0.0747439397788091
12.65,125.124055509963,122,2.61194004898387,10.3691461189658,2.13803978202852,3.08874533282958,1.70313463207246,8.48723943199502,0.776065635827035,0.0786898961739542
12.6666666666667,125.415188649098,123,3.61194004898387,11.6188178546093,2.20054344979159,3.15124900059264,1.74590494713507,9.79267115076983,0.771064159131268,0.0825282399573184
12.6833333333333,125.703861259213,123,3.61194004898387,12.9351825354164,2.25708826841531,3.20779381921636,1.7895092782307,11.0724225236589,0.762599959687901,0.0862291824900663
12.7,125.989914877935,123,3.61194004898387,14.2172387353182,2.3168625946028,3.26756814540385,1.83392448794439,12.3591938849554,0.755695197745706,0.09003733842527
12.7166666666667,126.273177465538,123,3.61194004898387,15.466456177114,2.37575871454768,3.32646426534874,1.87916096319134,13.6383644681558,0.74810594360259,0.0938432494825427
12.7333333333333,126.553464958505,124,4.61194004898387,16.6843872855659,2.43148424728685,3.3821897980879,1.9251766198595,14.8997599138263,0.738646558853202,0.0975822983585923
12.75,126.830582628647,124,4.61194004898387,17.9687113045863,2.48301326087967,3.43371881168072,1.97190241237842,16.1367898845837,0.726854507760989,0.101221935205289
12.7666666666667,127.104326226452,125,5.61194004898387,19.2182076747188,2.53923923126461,3.48994478206566,2.01934215336805,17.3823999455072,0.717549825851619,0.105001040941302
12.7833333333333,127.374483006275,125,5.61194004898387,20.5305479889224,2.59574063390373,3.54644618470479,2.0675280757625,18.6218823751796,0.708284409049672,0.108803493124997
12.8,127.640832673147,125,5.61194004898387,21.8049500989797,2.6590376218019,3.60974317260295,2.116517523747,19.881653641228,0.702517516318112,0.112808364719461
12.8166666666667,127.903148250671,126,6.61194004898387,23.0434367786773,2.72317014693509,3.67387569773614,2.16636396962272,21.1421050560305,0.696940014745101,0.116859672620588
12.8333333333333,128.161196872893,126,6.61194004898387,24.3445341353338,2.78465505438644,3.73536060518749,2.21704330968354,22.3893820064308,0.689696502867487,0.12086211493028
12.85,128.414740503903,127,7.61194004898387,25.6079875228182,2.85087622829024,3.80158177909129,2.26857161615621,23.6512071677334,0.684775313754279,0.125014781384435
12.8666666666667,128.663536556224,128,8.61194004898387,26.9323982767056,2.91659645990569,3.86730201070674,2.32097430711883,24.9093839356445,0.679299988536567,0.129178962745909
12.8833333333333,128.90733838068,128,8.61194004898387,28.31407918409,2.98799477302667,3.93870032382772,2.37429250020385,26.188204259974,0.676571626124346,0.133523203218543
12.9,129.145895716756,129,9.61194004898387,29.6533601422001,3.06816963529579,4.01887518609684,2.42864301189775,27.5037697686823,0.678115914321404,0.138138892987956
12.9166666666667,129.378955100079,129,9.61194004898387,31.0498155019277,3.14907083035484,4.09977638115589,2.4840933757721,28.8290547675659,0.679477739420636,0.142814674063664
12.9333333333333,129.606260183381,130,10.6119400489839,32.4045437926777,3.23519657042171,4.18590212122276,2.54068982609309,30.1820690196061,0.683046641162609,0.14767404695023
12.95,129.827552014321,131,11.6119400489839,33.8175062598182,3.31967903687024,4.27038458767129,2.59845082771568,31.5379183969627,0.685080780120602,0.152533628023306
12.9666666666667,130.04256922591,131,11.6119400489839,35.2862183491626,3.40794284825657,4.35864839905762,2.65739106860719,32.9166210098723,0.688517832169867,0.157539389817854
12.9833333333333,130.251048175426,132,12.6119400489839,36.7119838816515,3.50289929918715,4.4536048499882,2.71759337399752,34.3318236188558,0.694837119829758,0.162774867479818
13,130.452723097352,133,13.6119400489839,38.1951098555611,3.59664312659303,4.54734867739409,2.77909110464134,35.7553210277095,0.699716163714797,0.168029808079426
13.0166666666667,130.647426204476,134,14.6119400489839,39.7334899681794,3.69398326029046,4.64468881109151,2.84190026918942,37.2047804181404,0.705760148889456,0.173433615936318
13.0333333333333,130.835784844469,135,15.6119400489839,41.325058694376,3.79751709780353,4.74822264860458,2.90609739590709,38.6922885907776,0.714290190061329,0.17906079857644
13.05,131.018372074898,135,15.6119400489839,42.9680537546163,3.90832710856065,4.8590326593617,2.97178867023189,40.2255194817756,0.725766407738733,0.184947298306617
13.0666666666667,131.195814970508,136,16.6119400489839,44.5648367377885,4.02653900047513,4.97724455127618,3.03908960037317,41.8088876975874,0.740120039705629,0.191103933788643
13.0833333333333,131.36959335836,137,17.6119400489839,46.2168190993707,4.14263701691983,5.09334256772088,3.10803008630609,43.407714749049,0.752169271895736,0.197276572783718
13.1,131.54169764883,138,18.6119400489839,47.9228827732205,4.26064909094587,5.21135464174692,3.17860307503863,45.0354356129629,0.764136871840889,0.20357157514101
13.1166666666667,131.714672280949,139,19.6119400489839,49.6817591313502,4.38293696657016,5.33364251737121,3.25085382372641,46.7016112939733,0.777267728458967,0.210054481004713
13.1333333333333,131.892150170055,140,20.6119400489839,51.4922731094787,4.51067396130615,5.4613795121072,3.32485625244274,48.4126074896645,0.79212287901956,0.216761012062081
13.15,132.080245037556,141,21.6119400489839,53.35346134774,4.64424430864396,5.59494985944501,3.40069660273213,50.1723314320398,0.808819916852099,0.223706543800875
13.1666666666667,132.28977344662,142,22.6119400489839,55.2646078809613,4.78355330254549,5.73425885334654,3.47846299039006,51.9829154613345,0.827216185448061,0.230893643588667
13.1833333333333,132.537061482522,143,23.6119400489839,57.2252307704301,4.99724136221629,4.44877450435246,3.54422859765182,53.8615900150652,0.909893501765964,0.238308087260244
13.2,132.840518076731,143,23.6119400489839,59.1852762369222,5.25813792241052,4.63140209648841,3.60244864845602,55.86591876903,1.03347267101698,0.245778782158629
13.2166666666667,133.21578430221,144,24.6119400489839,61.0056432728147,5.50336448129776,4.80306068770948,3.6632555157014,57.9493443418968,1.14529881543342,0.252964202470755
13.2333333333333,133.674065697151,144,24.6119400489839,62.8011458440443,5.71300175109618,4.94980677656838,3.72633497026057,60.0189421256154,1.23500607029678,0.259312443938493
13.25,134.223105183165,145,25.6119400489839,64.4852936797122,5.88795093302479,5.07227120391841,3.79127021046212,62.0532577862024,1.30364592308787,0.264825359604605
13.2666666666667,134.868195229249,145,25.6119400489839,66.1675387354621,6.02279667079004,5.16666322035408,3.85761482319469,64.0067588183975,1.34886255063425,0.269334469797362
13.2833333333333,135.611676101654,145,25.6119400489839,67.7559280799743,6.12717876787482,5.23973068831343,3.92495390179474,65.8914218442796,1.37642305219535,0.273077010159937
13.3,136.453618110162,145,25.6119400489839,69.2586696178874,6.20027474042372,5.29089786909766,3.99291946264724,67.6839192905512,1.38634513348524,0.276012366187947
13.3166666666667,137.392327022249,145,25.6119400489839,70.6820000634769,6.24428382685962,5.32170422960278,4.06115305167295,69.3730146558157,1.38026508203454,0.278181792727991
13.3333333333333,138.424613163124,145,25.6119400489839,72.0304021549131,6.26293573773141,5.33476056721304,4.12933185823087,70.9554370124521,1.36059727644841,0.279669661252923
13.35,139.546016542903,145,25.6119400489839,73.3069173376426,6.26049008110161,5.33304860757218,4.19718042715147,72.4327651160626,1.32997812185238,0.280577146664871
13.3666666666667,140.750992830045,145,25.6119400489839,74.5134815210691,6.24111362094359,5.31948508546157,4.26447299844613,73.8091913102685,1.29092668263872,0.281005584616319
13.3833333333333,142.033065286554,145,25.6119400489839,75.6512403522505,6.20853408466841,5.29667941006894,4.33103027068846,75.0900059451628,1.24566218980227,0.281046975633886
13.4,143.384948873976,146,26.6119400489839,76.7208211701745,6.16588561774746,5.26682548322428,4.39671329958505,76.2806407469982,1.19602891106764,0.280779495384172
13.4166666666667,144.798654191563,146,26.6119400489839,77.8188354729713,6.11567865879353,5.23168061195652,4.46141635868155,77.3861241347614,1.14348961168364,0.280266298977156
13.4333333333333,146.26558062702,146,26.6119400489839,78.8431251007031,6.12614327783938,3.70747002582877,4.51354675186077,78.4578982775356,1.14608800924366,0.279802480184387
13.45,147.776609881203,147,27.6119400489839,79.742416595281,6.19577782864299,3.7388055736904,4.55190822649448,79.5517670003152,1.20456151456714,0.279160893867873
13.4666666666667,149.322212640533,147,27.6119400489839,80.5705167793129,6.24107435592725,3.75918901096831,4.59027108767103,80.6164944057814,1.24830136270707,0.277933531780508
13.4833333333333,150.892579707333,148,28.6119400489839,81.2414667843388,6.25879711645537,3.76716425320597,4.62844224591404,81.6243028930907,1.27576038142763,0.276031750127145
13.5,152.477780965263,149,29.6119400489839,81.8663132237978,6.24016150360867,3.75877822742495,4.66618168581593,82.5238939359375,1.28241730033043,0.273217991628393
13.5166666666667,154.067950477971,149,29.6119400489839,82.4518424803074,6.19234019034496,3.73725863645628,4.70324778861005,83.3225922148203,1.27241431917396,0.269682552395871
13.5333333333333,155.653488950383,150,30.6119400489839,82.9069909062514,6.12223444887776,3.70571105279604,4.73945200494512,84.0308016769877,1.24969723447485,0.265608548528627
13.55,157.225267670651,151,31.6119400489839,83.3381309306708,6.02671386798374,3.66272679139374,4.77461732312012,84.6231748513236,1.2127525683621,0.260910118915028
13.5666666666667,158.774814847312,152,32.6119400489839,83.7480278664273,5.91547985934131,3.61267148750464,4.80859525774408,85.1236373956209,1.16700741171832,0.255845536796396
13.5833333333333,160.294467003578,154,34.6119400489839,84.138609122162,5.79589676190134,3.55885909365665,4.84130121409226,85.5523107557107,1.11656212450581,0.250610555476073
13.6,161.77712774696,155,35.6119400489839,84.6075947481693,5.67334898140687,3.50371259243414,4.87269832240148,85.9255963712044,1.06439891346309,0.245347962743642
13.6166666666667,163.216675500116,156,36.6119400489839,85.0538209005805,5.5609330975705,3.45312544470778,4.90282175982402,86.2934205787822,1.01762355756198,0.240407534954649
13.6333333333333,164.60836232311,158,38.6119400489839,85.4787621082267,5.45674002257105,3.40623856095803,4.93174488157134,86.653448821584,0.975160104647891,0.235736812196272
13.65,165.948379961586,159,39.6119400489839,85.980406293651,5.35928478411754,3.36238370365395,4.95952852430206,87.0039520715572,0.936173785594733,0.231294727852815
13.6666666666667,167.233795797288,160,40.6119400489839,86.4582466656308,5.27677794629248,3.32525562663267,4.98626173307228,87.3807487283496,0.905069483465766,0.227300304896907
13.6833333333333,168.462471746429,162,42.6119400489839,86.9145750162941,5.20399708751277,3.2925042401818,5.01204117672268,87.7709118874216,0.87895146766271,0.22361243870962
13.7,169.632973252164,163,43.6119400489839,87.448207369723,5.13734517685148,3.26251088038422,5.03693080508938,88.1650489375264,0.855835340004323,0.220133584104907
13.7166666666667,170.744475485648,164,44.6119400489839,87.9593859744063,5.08380405557832,3.2384173758113,5.06101035022709,88.5936569043817,0.839466906814272,0.217049939483694
13.7333333333333,171.796671976525,165,45.6119400489839,88.4510253910365,5.03754553260506,3.21760104047333,5.08436035424885,89.040291009575,0.826635521446812,0.214204257844882
13.75,172.789689017946,167,47.6119400489839,88.9261375793572,4.99478469182803,3.19835866212367,5.10702570069813,89.4933777730115,0.81527123840733,0.211494042583487
13.7666666666667,173.724007728005,168,48.6119400489839,89.4839391317719,4.95325743142736,3.17967139494337,5.12902889701553,89.9452905307245,0.804149229558439,0.208857559272878
13.7833333333333,174.600394687178,169,49.6119400489839,90.0248292780415,4.92110647816419,3.16520346597494,5.15041752652423,90.4283716780232,0.797673023185686,0.206512211279216
13.8,175.419841254711,170,50.6119400489839,90.5517005998727,4.89346652955321,3.1527654891,5.17124788360225,90.9278966403686,0.79317504693098,0.20432665425989
13.8166666666667,176.1835112801,171,51.6119400489839,91.0674168221432,4.86731836678977,3.14099881585645,5.19154702273688,91.4337754029568,0.789015579242872,0.202219012346682
13.8333333333333,176.892696678912,172,52.6119400489839,91.5746788645922,4.88665698763392,1.92803694832784,5.20206552267637,91.9477328480383,0.825901287254994,0.200140252010701
13.85,177.54878010543,173,53.6119400489839,92.0341598200736,4.95364594858171,1.94143474051739,5.20150142675739,92.5185021289855,0.906909503861886,0.19795255291964
13.8666666666667,178.153204789648,174,54.6119400489839,92.4121576855026,5.00307980474474,1.95132151175,5.20082542979593,93.1099071700449,0.976538870280912,0.19536388723192
13.8833333333333,178.707451608644,174,54.6119400489839,92.7213384508619,5.03050387824932,3.21443229601325,5.19891107547993,93.6738790151116,1.03432034146013,0.192125140534325
13.9,179.213020519006,175,55.6119400489839,92.9205352308692,5.00699222126473,1.952103995054,5.20082812712001,94.1751230894959,1.05522196808694,0.188159133436918
13.9166666666667,179.671414177038,176,56.6119400489839,93.1167763884828,4.91707955922317,1.93412146264569,5.20876676979003,94.5766855425067,1.02672455333531,0.183371013102446
13.9333333333333,180.084123504126,176,56.6119400489839,93.269981857063,4.85116820691081,1.92093919218321,5.2066354768255,94.8836247027607,1.02724734459171,0.178088263494209
13.95,180.452617969135,177,57.6119400489839,93.2915726877952,4.76557211857037,1.90381997451513,5.20398782015994,95.1301854014499,1.0153617519168,0.172407711454487
13.9666666666667,180.778338771912,177,57.6119400489839,93.2909744968587,4.65370424021265,1.88144639884358,5.20075507888183,95.2790978578026,0.987534291137082,0.166161850522602
13.9833333333333,181.062693596903,178,58.6119400489839,93.1778083567697,4.481910861068,1.84708772301465,5.20541407834994,95.3232663988851,0.910173186434711,0.159595495184062
14,181.30705268892,178,58.6119400489839,93.0591740553424,4.33500342658308,1.81770623611767,5.20068908300848,95.2668495966584,0.860641026201095,0.152704563953208
14.0166666666667,181.512746088098,179,59.6119400489839,92.8426150558061,4.13936997315647,1.77857954543235,5.20326535482478,95.1380411423785,0.768546446193661,0.145728667123796
14.0333333333333,181.681061937065,179,59.6119400489839,92.6337393126152,3.94213567541801,1.73913268588465,5.20339315257605,94.8984307524999,0.677468691219027,0.138656103500757
14.05,181.81324565159,179,59.6119400489839,92.3385891409151,3.75185557436574,1.7010766656742,5.20169775833108,94.5959177712648,0.590911346157232,0.131794171918809
14.0666666666667,181.910499738442,179,59.6119400489839,91.9652988882402,3.5553595451022,1.66177745982149,5.20047518327558,94.2158420436363,0.497679785909066,0.125089717369484
14.0833333333333,181.97398419374,179,59.6119400489839,91.5215075489189,3.36028553715524,2.46283404252091,5.19808300148127,93.7752625353066,0.404839675574901,0.118518157428186
14.1,182.004817349962,179,59.6119400489839,91.0435698419965,3.16138838835491,2.37333032556076,5.19564508545264,93.2424379199433,0.307802265616683,0.112094054919891
14.1166666666667,182.004076437103,179,59.6119400489839,90.5621419746644,2.94208036978261,2.27464171720323,5.19761645161604,92.6479425485508,0.18946044555464,0.105950388967269
14.1333333333333,181.972797208192,179,59.6119400489839,90.073436100536,2.73974696187575,2.18359168364514,5.19782185018664,92.0028118388295,0.0816157874987264,0.100265617700064
14.15,181.911974125399,179,59.6119400489839,89.574059717869,2.55804778707395,2.10182705498433,5.19640995286027,91.3319928872541,-0.0138774327827301,0.0951376585550592
14.1666666666667,181.822561452839,179,59.6119400489839,89.0616287138095,2.3977985237216,2.02971488647577,5.1935457409049,90.651043832559,-0.0967224108971875,0.0905882588964805
14.1833333333333,181.705474872767,179,59.6119400489839,88.5347392493462,2.25806002497817,1.96683256204123,5.18939341634731,89.9688818727639,-0.167573365292807,0.0865921626102973
14.2,181.561593444502,179,59.6119400489839,87.9928661312861,2.13692682966947,1.91232262415232,5.18410631358354,89.2899496715831,-0.227598573934742,0.083098228209921
14.2166666666667,181.391761739966,179,59.6119400489839,87.4362254612457,2.04072632227409,1.63945068456856,5.17606754682399,88.6174059259255,-0.270297397334247,0.0800434621326463
14.2333333333333,181.196792092716,178,58.6119400489839,86.8577734792636,1.96692592890099,1.61454305180514,5.16529165755624,87.960928046283,-0.297047247538834,0.0773418296784034
14.25,180.977466977305,178,58.6119400489839,86.1561302559245,1.90088730342663,1.59225501570754,5.15398687325959,87.3126437477981,-0.319738281903075,0.0748806923644327
14.2666666666667,180.734541597843,178,58.6119400489839,85.4379108440359,1.82971529149571,1.56823446168086,5.14216528227392,86.62545014701,-0.345361321353759,0.0723132020040843
14.2833333333333,180.468746287429,177,57.6119400489839,84.7068355794249,1.75572417300828,1.54326245919135,5.12981208140358,85.9055769035497,-0.372633640033533,0.0697014449968983
14.3,180.1807885682,177,57.6119400489839,83.8699080193652,1.68093689867989,1.51802175410552,5.11692457812402,85.1593175382927,-0.400437868606387,0.0670991923630068
14.3166666666667,179.871354976545,177,57.6119400489839,83.0324184484752,1.59767596028513,1.48992118739728,5.10348201652427,84.3557989161581,-0.432913990183677,0.0643008439824744
14.3333333333333,179.541112679744,176,56.6119400489839,82.1966886002766,1.51166212577864,1.46089151825134,5.08946077822048,83.5130317036484,-0.466925249143037,0.0614601534173005
14.35,179.190710943504,176,56.6119400489839,81.2683654150982,1.42697487846654,1.43230957228351,5.07486454370741,82.6455211474769,-0.50024186413869,0.0586857365278566
14.3666666666667,178.820782446725,175,55.6119400489839,80.351490572633,1.33702122241432,1.40195021336589,5.05968762880735,81.7278275274579,-0.536424275527957,0.0558004332391201
14.3833333333333,178.431944486093,175,55.6119400489839,79.3509937481392,1.24793444575271,1.37188342624259,5.04392559468282,80.7812967444886,-0.572123610624455,0.0529682745325639
14.4,178.024800058674,174,54.6119400489839,78.370198497988,1.15439932680285,1.34031532359702,5.02757390437646,79.7853276661648,-0.610207799246104,0.0500463209914644
14.4166666666667,177.599938893816,174,54.6119400489839,77.3133581225116,1.06326086553746,1.30955609291995,5.01063478099601,78.7645285383844,-0.646945993387615,0.0472174246582878
14.4333333333333,177.157938416748,173,53.6119400489839,76.2831836144636,0.969518080798521,1.27791790307055,4.99311317279856,77.7003561253634,-0.685041662247779,0.0443467045137656
14.45,176.699364590873,173,53.6119400489839,75.1833875965996,0.880064009963087,1.24772715416359,4.97502175936319,76.6185842896639,-0.720744703309669,0.0416179066134293
14.4666666666667,176.224772680723,172,52.6119400489839,74.1162113471483,0.789778613703653,1.21725583292603,4.95637570922076,75.5011965902626,-0.756830037554483,0.0388925867705324
14.4833333333333,175.734707924048,172,52.6119400489839,72.984962495566,0.705341183872152,1.1887582003579,4.93719695815796,74.3740544131961,-0.789669978254884,0.0363484409024932
14.5,175.229706183532,172,52.6119400489839,71.8915331035232,0.62137420483214,1.1604193449319,4.91750858369101,73.2189420280264,-0.822184921088454,0.033839867807282
14.5166666666667,174.710294559848,171,51.6119400489839,70.8352101041386,0.544290004437421,1.13440342729868,4.89733893808546,72.0613476281512,-0.850897015509162,0.0315372213607911
14.5333333333333,174.176991912439,171,51.6119400489839,69.7189794489786,0.477822477589453,1.11197063698749,4.87674443353229,70.9194963620725,-0.873799522975225,0.0295379450348961
14.55,173.630309328782,170,50.6119400489839,68.6445721042544,0.414418585645131,1.09057182345628,4.85576828238231,69.7690433477078,-0.895007894097624,0.027637452435628
14.5666666666667,173.070750528154,170,50.6119400489839,67.5149152817956,0.358938999911952,1.07184746327134,4.83444853611973,68.6306793999664,-0.911894770457921,0.0259642854099554
14.5833333333333,172.498812234729,170,50.6119400489839,66.4315885066951,0.30468997986166,1.05353841900436,4.81281559116903,67.4820543024963,-0.928103119927288,0.0243375300801379
14.6,171.914984501488,170,50.6119400489839,65.3935915221213,0.257166003162623,1.03749907686844,4.79089884656605,66.3454089798609,-0.940657726415504,0.0229031651885317
14.6166666666667,171.319751015274,169,49.6119400489839,64.399903553045,0.219489820339178,1.02478336516552,4.76875146470731,65.236454137715,-0.94788537984396,0.0217426500438137
14.6333333333333,170.713589328611,169,49.6119400489839,63.3533087685854,0.193092654623021,1.01587432173632,4.74643901293429,64.1658240182009,-0.949039292178223,0.020891654260443
14.65,170.096971049414,169,49.6119400489839,62.3553663055715,0.168883940396923,1.00770388068501,4.72400311087661,63.1034076967577,-0.949073203909823,0.0201047712826326
14.6666666666667,169.470362051498,169,49.6119400489839,61.4050967534971,0.150762299598159,1.00158782691543,4.70147322272921,62.0656041503907,-0.945881394691551,0.0194854241515306
14.6833333333333,168.834222640362,169,49.6119400489839,60.5014901069178,0.140857194821394,0.998244854053272,4.67889534651511,61.0638342663541,-0.938328717982803,0.0190889590661669
14.7,168.189007662833,169,49.6119400489839,59.643584579581,0.140045261575449,0.997970826582766,4.65632356888857,60.1056609236214,-0.925965581356992,0.0189368536803104
14.7166666666667,167.535166585517,168,48.6119400489839,58.8305012471029,0.14835523856376,1.00077544381632,4.63381419984645,59.1957380054648,-0.908804785962402,0.0190278216504976
14.7333333333333,166.873143559706,168,48.6119400489839,57.9651673230382,0.165275995056908,1.00648619913276,4.61142190297555,58.3365874706085,-0.887152053042972,0.0193462297802796
14.75,166.203377484844,168,48.6119400489839,57.1492264118257,0.180617220080537,1.01166386257823,4.58916892205391,57.4923092254324,-0.866550972755366,0.0196182800002135
14.7666666666667,165.526302079307,168,48.6119400489839,56.3816953482879,0.197772017774209,1.01745360679985,4.56706089110324,56.6752933433535,-0.845160094190807,0.0199350817611535
14.7833333333333,164.842345964956,168,48.6119400489839,55.6614629763314,0.218764966523115,1.0245387270026,4.54511830404956,55.8942762569159,-0.821889633695782,0.0203504371790229
14.8,164.151932770486,168,48.6119400489839,54.9873729079588,0.244622108841495,1.03326551253506,4.52336989873645,55.1550908784877,-0.796196961760859,0.0208910503572007
14.8166666666667,163.455481255963,168,48.6119400489839,54.3582698054436,0.275668796485444,1.04374376961489,4.50184791211872,54.4613245686855,-0.767922248872866,0.0215647168023685
14.8333333333333,162.753405426923,168,48.6119400489839,53.7730207410288,0.307830811794909,1.11231672699338,4.48138835272711,53.813471470335,-0.740747296985639,0.0223681189315363
14.85,162.046115044654,168,48.6119400489839,53.2324827499207,0.344108343751153,1.13136243127041,4.4613796585338,53.2108258672157,-0.711871265560901,0.0232966610998558
14.8666666666667,161.334018590862,168,48.6119400489839,52.7374866787195,0.384705488022807,1.15267593201303,4.44178497201264,52.6548192176314,-0.681074804978516,0.0243462327007499
14.8833333333333,160.617520778494,168,48.6119400489839,52.2869149313689,0.429388357270149,1.17613443836788,4.42264392346241,52.1465439161079,-0.648516984574776,0.0255113162856207
14.9,159.896954883825,168,48.6119400489839,51.8797063395898,0.47772004194124,1.2015085728202,4.4039929144988,51.6861202662036,-0.614463542508947,0.0267808770421348
14.9166666666667,159.172461451134,168,48.6119400489839,51.5148430115353,0.529166696582554,1.22851806650689,4.3858638308091,51.2730063769779,-0.579228043630155,0.0281411818675586
14.9333333333333,158.444421214649,168,48.6119400489839,51.1913329384783,0.583168687268122,1.25686911161682,4.36828352454486,50.9062307108126,-0.543132801237291,0.0295776977532727
14.95,157.713236431367,168,48.6119400489839,50.9081921325126,0.639185118752435,1.28627773814608,4.35127379827329,50.5845597008986,-0.506484763789158,0.0310762868036747
14.9666666666667,156.979303596695,167,47.6119400489839,50.6644285396598,0.696718918963105,1.31648298325668,4.33485169010391,50.3066133299376,-0.469562259736206,0.0326238860886418
14.9833333333333,156.243014068686,167,47.6119400489839,50.3627462723544,0.75532836846426,1.34725294424479,4.31902991660704,50.0709407220023,-0.432609254737469,0.0342088271693521
15,155.504754705615,166,46.6119400489839,50.1044574759368,0.805339757987677,1.37350892374458,4.30377343026672,49.8391807570827,-0.400834514180997,0.0355709036968436
15.0166666666667,154.764908545507,165,45.6119400489839,49.7918108552029,0.850890078783347,1.39742284216231,4.28902720320362,49.622372582712,-0.371928550912711,0.0368198382729193
15.0333333333333,154.023855506595,164,44.6119400489839,49.4291276595215,0.885471751596204,1.41557822038906,4.27472209498263,49.3916997226438,-0.34934856150542,0.037779649095221
15.05,153.281973136423,163,43.6119400489839,49.0202238539268,0.905996476413745,1.42635370091827,4.26074773656659,49.1283140873948,-0.334654888322413,0.0383652102008793
15.0666666666667,152.539637387827,162,42.6119400489839,48.5682716673481,0.911663162898551,1.42932871132279,4.24697730097738,48.8208196307432,-0.328151239037166,0.0385524165697158
15.0833333333333,151.797223448498,161,41.6119400489839,48.0757832353893,0.903096266763933,1.42483109085212,4.23328359211301,48.4631620007011,-0.329368947060841,0.0383554142985615
15.1,151.055106604246,160,40.6119400489839,47.5446668477747,0.881717167872707,1.41360706393422,4.2195486509888,48.0529384388452,-0.337417918336444,0.037809941725075
15.1166666666667,150.313663228306,159,39.6119400489839,46.9763205004141,0.849306520140848,1.396591473875,4.20566872923413,47.5900998986847,-0.351229075711046,0.0369616933582261
15.1333333333333,149.573271935875,157,37.6119400489839,46.371738826126,0.807716386585491,1.37475665375843,4.19155611476261,47.0759949975262,-0.369712233965547,0.0358586341045242
15.15,148.834314797343,156,36.6119400489839,45.6353356080587,0.758695055561772,1.34902045497098,4.17713895213344,46.5126966751059,-0.391850752321345,0.0345462932753178
15.1666666666667,148.097178599145,154,34.6119400489839,44.8699600291402,0.694503099989146,1.31531967829535,4.16231595488277,45.8656669218875,-0.421750950654779,0.0328151981634366
15.1833333333333,147.362256181203,153,33.6119400489839,43.9793115251493,0.620920616433481,1.27668887442863,4.14698177829721,45.1497617335156,-0.456175577502811,0.0308183354713636
15.2,146.629947794011,152,32.6119400489839,43.0654257849627,0.532795382139199,1.23042312642413,4.13103034403137,44.3398067655759,-0.49782406814817,0.0284155530868266
15.2166666666667,145.900662467466,150,30.6119400489839,42.1275074761426,0.437422537878713,1.18035238318738,4.11436925960413,43.4572324465268,-0.542652306843192,0.0258007748811313
15.2333333333333,145.174819334076,149,29.6119400489839,41.0682865151246,0.339693709785737,1.12904474843856,4.09695911869354,42.5181442666011,-0.587975707633355,0.0231045870156259
15.25,144.452848921115,148,28.6119400489839,39.9891873453503,0.233389319427024,1.07323494350024,4.07875115995088,41.4973313104016,-0.637133709938689,0.0201594435814469
15.2666666666667,143.735194366715,147,27.6119400489839,38.8890900980321,0.124722553981533,1.01618489164136,4.05970087383258,40.415462439389,-0.68671968107335,0.0171312726545228
15.2833333333333,143.022312497052,146,26.6119400489839,37.7669007591544,0.0175859749997327,0.959938187675911,4.03980762297343,39.2875461627826,-0.734631556722773,0.014124686137825
15.3,142.314674684557,145,25.6119400489839,36.6217376964706,-0.0840195997216037,0.866685951079448,4.01873128510233,38.1245801962618,-0.77807224254589,0.0111991414886881
15.3166666666667,141.612767274412,144,24.6119400489839,35.4516679431104,-0.177411760001144,0.773293790799908,3.99614759799059,36.9356562779636,-0.814992891150642,0.00837857873500766
15.3333333333333,140.917091423477,144,24.6119400489839,34.2538057003314,-0.263222421439962,0.687483129361089,3.97217926448226,35.7262134996791,-0.845957903169562,0.00565675791492385
15.35,140.228162222623,143,23.6119400489839,33.1222567693935,-0.342861132751983,0.607844418049068,3.94694377768852,34.4980286865929,-0.871945296631141,0.00300666179903225
15.3666666666667,139.546506814424,142,22.6119400489839,31.9533486061693,-0.408890735955551,0.541814814845501,3.92061547764306,33.2874495902299,-0.889202106216042,0.00064239882948966
15.3833333333333,138.872661148623,142,22.6119400489839,30.7469659036455,-0.467612733924813,0.483092816876239,3.89336895582309,32.0801144886538,-0.901426849763195,-0.00159067414615295
15.4,138.20716507181,141,21.6119400489839,29.6001976002448,-0.523506454610018,0.427199096191034,3.86528967259514,30.8642910339552,-0.911198035914017,-0.00380516600963096
15.4166666666667,137.550555357233,141,21.6119400489839,28.4119372121514,-0.57043256648461,0.380272984316442,3.83648437983749,29.6679091484703,-0.915354075855128,-0.00582755186051134
15.4333333333333,136.903356355122,140,20.6119400489839,27.2803823783401,-0.614870039059637,0.335835511741415,3.80704838048552,28.4719425078801,-0.917563699066268,-0.00782372947750499
15.45,136.266068065512,140,20.6119400489839,26.1054747415324,-0.651741708192879,0.298963842608173,3.77707315857947,27.2994112418927,-0.91521185722456,-0.00965015732194516
15.4666666666667,135.639151605033,139,19.6119400489839,24.9862947865821,-0.687952501563853,0.262753049237199,3.74662665034729,26.1282426959577,-0.912152605315915,-0.0114865002994814
15.4833333333333,135.023012314449,139,19.6119400489839,23.8234637757158,-0.718453670993306,0.232251879807746,3.71576939723269,24.9797733323911,-0.905736767707071,-0.0131925281635123
15.5,134.417981131187,138,18.6119400489839,22.7165416064886,-0.74995775592534,0.200747794875712,3.6845398948686,23.8311776267295,-0.899667868980446,-0.0149451265949898
15.5166666666667,133.824295267566,138,18.6119400489839,21.5664538586688,-0.777125165235234,0.173580385565818,3.65297334943804,22.7036258923907,-0.891099712107045,-0.0165982912123226
15.5333333333333,133.242079676624,137,17.6119400489839,20.4729239600933,-0.806357531780976,0.144348019020076,3.62108797358127,21.5744570443775,-0.883535975555094,-0.018322180294368
15.55,132.671331211792,137,17.6119400489839,19.3369356092823,-0.832029531165351,0.118676019635701,3.58890367322372,20.4651581313199,-0.873952026558617,-0.0199643367201526
15.5666666666667,132.111907377841,136,16.6119400489839,18.2581968089122,-0.86030407674089,0.0904014740601615,3.55642772568014,19.3534220952033,-0.865705305104817,-0.0216893807446482
15.5833333333333,131.563521279873,136,16.6119400489839,17.1376285475976,-0.885370636362178,0.0653349144388735,3.5236726203177,18.2610602867187,-0.855659310266214,-0.0233404758951924
15.6,131.025743862774,136,16.6119400489839,16.0748489828267,-0.913257770989933,0.0374477798111188,3.49064086377285,17.1660272561083,-0.847091188800694,-0.0250790205218946
15.6166666666667,130.498013643384,135,15.6119400489839,15.0669592041895,-0.938064089988549,0.0126414608125028,3.45734203451664,16.0903227686219,-0.836810529548159,-0.0267459783376091
15.6333333333333,129.979653270898,135,15.6119400489839,14.0148328125047,-0.956662345866008,0,3.42385963537068,15.0488525454128,-0.823234650787646,-0.0282513319396202
15.65,129.469891431021,135,15.6119400489839,13.0183585674811,-0.976912913374575,0,3.39022953477142,14.014099863738,-0.810677587038581,-0.0298033268528585
15.6666666666667,128.967888154173,134,14.6119400489839,12.0750336942218,-0.994071258799549,0,3.35647032552056,13.0040041855972,-0.796584689211627,-0.0312734962279573
15.6833333333333,128.472761391948,134,14.6119400489839,11.0861342462793,-1.00646931931915,0,3.32282449000604,12.0303517334701,-0.78045059395435,-0.032589669482186
15.7,127.983612932799,133,13.6119400489839,10.1520894096498,-1.02242643916993,0,3.28935888029498,11.0631775717749,-0.766890104584536,-0.0339674207178993
15.7166666666667,127.499552152805,133,13.6119400489839,9.17503695565667,-1.03715025971056,0,3.25608046842133,10.1189492174808,-0.753297104387743,-0.0352775065319341
15.7333333333333,127.019716593142,132,12.6119400489839,8.25586892184731,-1.05708006334625,0,3.22299194911828,9.17241343016982,-0.743165266430988,-0.0366912283243107
15.75,126.5432888142,132,12.6119400489839,7.29652594733719,-1.07624702579094,0,3.19009588104926,8.24385951470677,-0.733248503321306,-0.0380474183050672
15.7666666666667,126.06950939251,131,11.6119400489839,6.39750533404815,-1.10032176589444,0,3.15739469050348,7.31082398368694,-0.72662256297403,-0.0394967849247338
15.7833333333333,125.597686223714,130,10.6119400489839,5.46038390669877,-1.12287560172489,0,3.12489067500746,6.39550647015714,-0.719786989337329,-0.0408664306425507
15.8,125.127200490711,130,10.6119400489839,4.48904189131242,-1.14934128385861,0,3.09258600685451,5.47668930846886,-0.715681636270672,-0.0423016003978975
15.8166666666667,124.657509760257,129,9.61194004898387,3.58338852135562,-1.1827134586549,0,3.0604827365536,4.54037578527983,-0.715950655822313,-0.0438781901163297
15.8333333333333,124.18814870621,128,8.61194004898387,2.64445010413354,-1.21475765182944,0,3.02858279619953,3.61493296686661,-0.716117983514646,-0.0453740404534714
15.85,123.718727945038,127,7.61194004898387,1.67559252196509,-1.24974972781119,0,2.99688800276595,2.68353292809144,-0.718489852809145,-0.0469039667655324
15.8666666666667,123.248931427975,127,7.61194004898387,0.679962823917103,-1.29000399707652,0,2.96540006132285,1.7352058675473,-0.724329653332976,-0.0485270700276176
15.8833333333333,122.77851277838,126,6.61194004898387,-0.243219838230297,-1.33645453537815,0,2.93412056818004,0.763364848688174,-0.734160875291093,-0.0502640023461297
15.9,122.307290902306,125,5.61194004898387,-1.1935774381298,-1.37959095951518,0,2.90305101395833,-0.198402865018108,-0.742801632312755,-0.0518599866305804
15.9166666666667,121.835145141174,124,4.61194004898387,-2.16835193279886,-1.4229855064606,0,2.87219278658978,-1.16337930675029,-0.752157163843894,-0.0534134610877616
15.9333333333333,121.362010181418,123,3.61194004898387,-3.16496508086979,-1.46865724880111,0,2.84154717424858,-2.14025507518227,-0.763309420249948,-0.0549785032311252
15.95,120.887870888526,123,3.61194004898387,-4.18101156416348,-1.51752802065101,0,2.81111536821393,-3.13428374178224,-0.776754434469322,-0.0565783922809162
15.9666666666667,120.412757192666,122,2.61194004898387,-5.11796939853319,-1.56976889129313,0,2.78089846566657,-4.14818600859475,-0.792583588854135,-0.0582158173737785
15.9833333333333,119.936739119695,121,1.61194004898387,-6.07611458126906,-1.61555483287593,0,2.75089747242007,-5.14590674435932,-0.805423883568993,-0.0596305000800237
16,119.459922034253,120,0.611940048983868,-7.05330142589741,-1.65845334268768,0,2.72111330558844,-6.1393031185419,-0.817158015070322,-0.0609237526648566
16.0166666666667,118.982441883335,120,0.611940048983868,-8.04752390139686,-1.70068390162237,0,2.69154679619144,-7.13640585080726,-0.828958842687087,-0.0621578457771892
16.0333333333333,118.504456548401,119,-0.388059951016132,-8.96062769744937,-1.74349563507094,0,2.66219869169869,-8.14235754128402,-0.841485295043768,-0.0633673190034515
16.05,118.026136609134,119,-0.388059951016132,-9.89322650169939,-1.77795056638501,0,2.63306965851417,-9.12320356491391,-0.849836191609909,-0.0643176002500731
16.0666666666667,117.547662372788,118,-1.38805995101613,-10.7472013253928,-1.80833818117467,0,2.60416028440208,-10.0926129477127,-0.856282730474531,-0.065130457717273
16.0833333333333,117.069221997857,118,-1.38805995101613,-11.6231850917912,-1.82795256495626,0,2.57547108085559,-11.0232240816917,-0.857117515803952,-0.0656342014241205
16.1,116.591009778326,117,-2.38805995101613,-12.4230636152144,-1.84268662210789,0,2.54700248540941,-11.9337567100185,-0.855478508883927,-0.065994711272144
16.1166666666667,116.113224591212,117,-2.38805995101613,-13.2474617340632,-1.84695280111119,0,2.51875486389764,-12.8006747357374,-0.848271378357094,-0.0660700726585332
16.1333333333333,115.636068505658,116,-3.38805995101613,-13.9982457299132,-1.84739161890154,0,2.49072851265786,-13.6455546695062,-0.83905201567073,-0.0660451144812148
16.15,115.159745548676,116,-3.38805995101613,-14.7760108003236,-1.83888297399377,0,2.46292366068275,-14.446955313669,-0.824995469349398,-0.0657888088195933
16.1666666666667,114.684460620342,115,-4.38805995101613,-15.4825847217669,-1.82832609800953,0,2.43534047172025,-15.2279526007441,-0.809815342548796,-0.0654909727645711
16.1833333333333,114.21041854979,115,-4.38805995101613,-16.2185164746426,-1.81070686047811,0,2.40797904632343,-15.9681426769298,-0.790761773276106,-0.065021350427863
16.2,113.737823282363,114,-5.38805995101613,-16.8855809710814,-1.79292131640467,0,2.3808394238512,-16.6912833091225,-0.771563566992525,-0.0645676122349401
16.2166666666667,113.266877187806,114,-5.38805995101613,-17.5842686617619,-1.76987668725542,0,2.3539215844207,-17.3773817636517,-0.749443845605718,-0.0639954279951611
16.2333333333333,112.797780479225,113,-6.38805995101613,-18.2162911666544,-1.74834067695701,0,2.3272254508127,-18.050403381271,-0.72807579619091,-0.0634872144149887
16.25,112.330730732603,112,-7.38805995101613,-18.8820717100483,-1.72306194507241,0,2.30075089033079,-18.6904123900152,-0.704608707184399,-0.0629027649048429
16.2666666666667,111.865922496954,112,-7.38805995101613,-19.5795341179593,-1.70063395834339,0,2.27449771661546,-19.3213219531393,-0.682631543255777,-0.0624184037238185
16.2833333333333,111.403546985569,111,-8.38805995101613,-20.2103896511252,-1.68513176742322,0,2.24846569141405,-19.9600138748943,-0.664401480805778,-0.0621378667440889
16.3,110.943791839332,110,-9.38805995101613,-20.8750609273508,-1.66928208330115,0,2.2226545263074,-20.5810223744368,-0.64599708784312,-0.0618626786112072
16.3166666666667,110.486840953589,109,-10.3880599510161,-21.5714709487583,-1.6581820318738,0,2.19706388439438,-21.2039723925541,-0.630208275601555,-0.0617267791341356
16.3333333333333,110.032874360661,109,-10.3880599510161,-22.2976125715787,-1.65481965336333,0,2.17169338193493,-21.8424464573701,-0.618705681179144,-0.0618037910998264
16.35,109.582068160678,108,-11.3880599510161,-22.9552681612371,-1.66065677836016,0,2.14654258995275,-22.5054104840924,-0.61234316771763,-0.0621244868354542
16.3666666666667,109.134594494,107,-12.3880599510161,-23.6449329401958,-1.66657252479171,0,2.12161103579828,-23.1613957558445,-0.606195356001256,-0.0624401653527528
16.3833333333333,108.69062154907,106,-13.3880599510161,-24.3646034957613,-1.67640199887776,0,2.09689820467312,-23.8255324154345,-0.602355389063122,-0.0628517454701404
16.4,108.250313600121,105,-14.3880599510161,-25.1123467820603,-1.69231434853835,0.0475352775400526,2.07240354111643,-24.5080906663847,-0.602031132560341,-0.0634126818813891
16.4166666666667,107.813831068374,104,-15.3880599510161,-25.8829324923187,-1.72315921451187,0.0475352775400526,2.04974020834997,-25.2187765281539,-0.612979838084113,-0.0641395060121458
16.4333333333333,107.381330571072,103,-16.3880599510161,-26.6716059483214,-1.76026734572022,0.0475352775400526,2.0272933952955,-25.961502949687,-0.627565001458664,-0.0650061356148712
16.45,106.952964924179,103,-16.3880599510161,-27.4773902977367,-1.80226714524779,0.0475352775400526,2.00506202482473,-26.7338795335024,-0.645066958957203,-0.0659711816940224
16.4666666666667,106.528883169476,102,-17.3880599510161,-28.2030482124554,-1.84791051937784,0.0475352775400526,1.98304499804081,-27.5334658580781,-0.664822142782133,-0.0669979539705564
16.4833333333333,106.10923064609,101,-18.3880599510161,-28.9500058546932,-1.88657718926937,0.0475352775400526,1.96124119526383,-28.320899361548,-0.681033313827397,-0.0678046060932223
16.5,105.694149091726,101,-18.3880599510161,-29.7171421782497,-1.92147309236845,0.0475352775400526,1.93964947699008,-29.1060922764206,-0.695390416643148,-0.06848306006729
16.5166666666667,105.283776763103,100,-19.3880599510161,-30.4070762670719,-1.95474686543094,0.0475352775400526,1.91826868482579,-29.8961119569046,-0.709030105293226,-0.0690941804368994
16.5333333333333,104.878248568496,100,-19.3880599510161,-31.1210919404799,-1.97825578154829,0.0475352775400526,1.89709764239578,-30.6588794993383,-0.717479051274198,-0.0694260484982759
16.55,104.477696207457,99,-20.3880599510161,-31.7616450088666,-1.99697297700542,0.0475352775400526,1.87613515622773,-31.4098284053884,-0.723381309312354,-0.0696193451854534
16.5666666666667,104.082248314161,99,-20.3880599510161,-32.4298553985651,-2.00476430677681,0.0475352775400526,1.85538001661255,-32.1232108806767,-0.723346088193108,-0.069517672821304
16.5833333333333,103.692030601821,99,-20.3880599510161,-33.0280152795061,-2.00798709754799,0.0475352775400526,1.83483099844132,-32.8191874693787,-0.720773134685121,-0.0692988270054423
16.6,103.307166006349,98,-21.3880599510161,-33.5607993569319,-2.00141852639026,0.0475352775400526,1.81448686201955,-33.4754800813095,-0.712778308854928,-0.0688297505080676
16.6166666666667,102.927774828041,98,-21.3880599510161,-34.1289779785168,-1.98246798807789,0.0475352775400526,1.794346353859,-34.0777931009922,-0.697883745730926,-0.0680514666473915
16.6333333333333,102.553974870553,98,-21.3880599510161,-34.6344937326916,-1.95990020862615,0.0475352775400526,1.77440820744782,-34.6547798899252,-0.680806356418797,-0.0672058242254936
16.65,102.185881576905,98,-21.3880599510161,-35.0816734569799,-1.93004347473673,0.0475352775400526,1.75467114399927,-35.1903413513142,-0.659527295959808,-0.0661989856653976
16.6666666666667,101.823608162696,98,-21.3880599510161,-35.4746602576751,-1.89122177958307,0.0475352775400526,1.73513387317977,-35.6745640902046,-0.633095562985817,-0.0649930173303573
16.6833333333333,101.467265747157,97,-22.3880599510161,-35.8174131323502,-1.84314383233076,0.0475352775400526,1.71579509381652,-36.1021529647254,-0.601308735230166,-0.0635878295690282
16.7,101.116963483216,97,-22.3880599510161,-36.2099901464163,-1.77891221107199,0,1.69511280450727,-36.4683265271697,-0.557599375601348,-0.0620107224851702
16.7166666666667,100.772808689479,97,-22.3880599510161,-36.5569976287224,-1.71698030502343,0,1.6745536995796,-36.8087977431811,-0.514695995406724,-0.0605646455435909
16.7333333333333,100.434907021052,97,-22.3880599510161,-36.8650333333227,-1.65584442838488,0,1.65418993507755,-37.1168983611424,-0.471952492526618,-0.0591963858349158
16.75,100.10336271626,97,-22.3880599510161,-37.1368194588933,-1.59493085393421,0,1.63402056867541,-37.3902565057501,-0.429085006118966,-0.0578885440219943
16.7666666666667,99.7782788454517,96,-23.3880599510161,-37.3749603912203,-1.53416127933333,0,1.61404463745627,-37.628220911295,-0.386075589427675,-0.0566373519831319
16.7833333333333,99.4597575412166,96,-23.3880599510161,-37.678225326916,-1.47377545445779,0,1.59426115882416,-37.8313736525583,-0.343078801637887,-0.0554475206459585
16.8,99.1479002304003,96,-23.3880599510161,-37.9466271810424,-1.42370573198869,0,1.57466913139209,-38.0380996802396,-0.305548890281273,-0.0545784475145861
16.8166666666667,98.8428078880507,96,-23.3880599510161,-38.1826363028966,-1.38028623693268,0,1.55526753584654,-38.2381529757055,-0.27157103392812,-0.0539225274838763
16.8333333333333,98.5445813353663,95,-24.3880599510161,-38.388613658302,-1.34106656271716,0,1.53605533578888,-38.4245919421425,-0.239865509549439,-0.0534079052769534
16.85,98.2533216092702,95,-24.3880599510161,-38.6630937325132,-1.3044880616371,0,1.5170314785543,-38.5929919160942,-0.209620494518914,-0.0529887051023517
16.8666666666667,97.9691304415909,95,-24.3880599510161,-38.9058636439367,-1.27913967393791,0,1.49819489600867,-38.777768887062,-0.185559236434165,-0.0528875058219473
16.8833333333333,97.692110903592,95,-24.3880599510161,-39.1191769998529,-1.26037102155431,0,1.47954450532392,-38.9655447176776,-0.165222599412063,-0.0529706440514102
16.9,97.422368302088,95,-24.3880599510161,-39.3051871589821,-1.24502856911135,0,1.46107920973243,-39.1469185814162,-0.146933815974491,-0.0531485506246026
16.9166666666667,97.1600114674141,94,-25.3880599510161,-39.4659475519664,-1.23106953292988,0,1.4427978992608,-39.3155459534145,-0.129599473157396,-0.0533640465578646
16.9333333333333,96.9051546741748,94,-25.3880599510161,-39.6996950667664,-1.21726203075845,0,1.42469945144354,-39.4674071994063,-0.112554384544775,-0.0535833155743788
16.95,96.6579206362686,94,-25.3880599510161,-39.9059295436559,-1.21245960346662,0,1.40678273201722,-39.6371759965808,-0.100638216448526,-0.0540389605267759
16.9666666666667,96.4184454546659,94,-25.3880599510161,-40.0866279201262,-1.21222887730944,0,1.38904659559532,-39.8116200489,-0.0914854008960093,-0.0546057591533079
16.9833333333333,96.1868874723421,94,-25.3880599510161,-40.2436776991314,-1.21359701342809,0,1.37148988632441,-39.9814005872798,-0.0834955894729689,-0.055201351252025
17,95.9634451655722,93,-26.3880599510161,-40.3788773998069,-1.21467430702939,0,1.35411143852205,-40.140173437179,-0.0756390204494237,-0.0557748048714947
17.0166666666667,95.7484020026114,93,-26.3880599510161,-40.5902200052207,-1.21436097810853,0,1.33691007729672,-40.2838748771775,-0.0673047283443778,-0.0562977958128788
17.0333333333333,95.5422207840939,93,-26.3880599510161,-40.7769724589079,-1.22162672605609,0,1.31988461915031,-40.4471034805294,-0.0633796874529617,-0.0570078215787291
17.05,95.3455318914593,93,-26.3880599510161,-40.9408897571032,-1.23214216998171,0,1.30303387256355,-40.6165311796667,-0.0615406011785148,-0.0577840762121052
17.0666666666667,95.1589829655812,93,-26.3880599510161,-41.0836483162485,-1.24302910329801,0,1.28635663856478,-40.7827106735245,-0.0602257345179292,-0.0585482268609778
17.0833333333333,94.9831419295506,93,-26.3880599510161,-41.2068462806285,-1.2524851490973,0,1.2698517112823,-40.9391824686879,-0.0584412763123117,-0.0592530465936604
17.1,94.8184570069972,93,-26.3880599510161,-41.3120041808658,-1.25949203557799,0,1.25351787848102,-41.081765187647,-0.0556102510296814,-0.0598736432186612
17.1166666666667,94.6652480946521,93,-26.3880599510161,-41.400565901921,-1.2635905433294,0,1.23735392208332,-41.2079940455668,-0.0514554490911699,-0.0604007483263803
17.1333333333333,94.5237142622704,92,-27.3880599510161,-41.4738999222131,-1.26470839812579,0,1.22135861867496,-41.3166788071403,-0.0459094527777564,-0.0608356340024716
17.15,94.3939486333612,92,-27.3880599510161,-41.6295833974483,-1.26303001968904,0,1.20553073999595,-41.4075578150141,-0.0390461527387106,-0.061186308956886
17.1666666666667,94.2759557515521,92,-27.3880599510161,-41.7664821543369,-1.26840485159751,0,1.18986905341713,-41.5179756446767,-0.0362259227699742,-0.0617146757152392
17.1833333333333,94.1696688069345,92,-27.3880599510161,-41.885965153761,-1.27708005208379,0,1.17437232240245,-41.6365310817242,-0.0354394986395686,-0.062315487541415
17.2,94.074965417395,92,-27.3880599510161,-41.9893381148704,-1.28652990154131,0,1.15903930695755,-41.755073592111,-0.0353206805146388,-0.0629195184744548
17.2166666666667,93.9916814139432,92,-27.3880599510161,-42.0778439761213,-1.29514192877683,0,1.1438687640648,-41.8679606390672,-0.0349845642362645,-0.063484040995402
17.2333333333333,93.9196224968083,92,-27.3880599510161,-42.1526636144494,-1.30197256006851,0,1.12885944810522,-41.9714669010738,-0.0339011258394037,-0.0639854643903648
17.25,93.8585738491717,92,-27.3880599510161,-42.2149167909995,-1.30655824659369,0,1.11401011126747,-42.0633163594432,-0.0317970930615889,-0.0644136895162558
17.2666666666667,93.8083079008955,92,-27.3880599510161,-42.2656632941497,-1.30877069014124,0,1.0993195039444,-42.1423135187399,-0.0285803669601436,-0.0647678210846203
17.2833333333333,93.7685904750582,92,-27.3880599510161,-42.3059042527836,-1.30870696823782,0,1.08478637511728,-42.2080543853593,-0.0242823466620259,-0.0650529483431932
17.3,93.739185554875,92,-27.3880599510161,-42.3365835948618,-1.30660714258596,0,1.07040947272808,-42.2607014189328,-0.0190144024585584,-0.0652777619185083
17.3166666666667,93.7198588948894,93,-26.3880599510161,-42.358589628345,-1.30279338926566,0,1.05618754404009,-42.300809620918,-0.0129354715865331,-0.0654528208752772
17.3333333333333,93.7103806781174,93,-26.3880599510161,-42.2764741142856,-1.29762587367956,0,1.04211933598719,-42.3291933454147,-0.00622834584882426,-0.0655893216434564
17.35,93.7105273971766,93,-26.3880599510161,-42.1933757148011,-1.28196589559975,0,1.02820359551191,-42.3098787811015,0.00611398954874809,-0.0654482897305527
17.3666666666667,93.7200831928176,93,-26.3880599510161,-42.1098092085292,-1.26035031291039,0,1.01443906989277,-42.2561731037649,0.0216822100090327,-0.065159038629995
17.3833333333333,93.7388408040991,93,-26.3880599510161,-42.026235738282,-1.23609673848126,0,1.0008245070609,-42.1784540777157,0.0386989786468437,-0.0648142308447772
17.4,93.7666019156961,93,-26.3880599510161,-41.9430663748912,-1.21157302993228,0,0.987358655906442,-42.0847531807326,0.0558817695636895,-0.064478247517091
17.4166666666667,93.8031771341206,93,-26.3880599510161,-41.8606655396524,-1.1884131418187,0,0.974040266574811,-41.981229467874,0.0723326464169941,-0.0641938570778998
17.4333333333333,93.8483857547948,93,-26.3880599510161,-41.7793542839305,-1.16768934858004,0,0.960868090753151,-41.8725537915162,0.0874500124840466,-0.0639875048184914
17.45,93.9020553780887,94,-25.3880599510161,-41.6994134253444,-1.1500490591121,0,0.947840881947197,-41.7622195846357,0.100858232514574,-0.06387348721028
17.4666666666667,93.9640214199739,94,-25.3880599510161,-41.5248039315887,-1.13582296555387,0,0.934957395748771,-41.6527935820674,0.11235175861642,-0.063857226846846
17.4833333333333,94.0341265539292,94,-25.3880599510161,-41.3580914547441,-1.11560438734514,0,0.922216390094168,-41.5091708844371,0.127047691885659,-0.0636878631372815
17.5,94.1122201132231,94,-25.3880599510161,-41.1992364277211,-1.09351136642579,0,0.909616625513631,-41.3448812485592,0.142733208621569,-0.0634792401716341
17.5166666666667,94.198157476475,95,-24.3880599510161,-41.0481650055435,-1.07235709313544,0,0.897156865372148,-41.1700633272854,0.157879047954728,-0.0633068170359088
17.5333333333333,94.2917994542549,95,-24.3880599510161,-40.8084905432868,-1.05396707438515,0,0.884835876101788,-40.9921904617247,0.171476598816001,-0.0632173594512826
17.55,94.3930116902684,95,-24.3880599510161,-40.5824390710092,-1.02992337309178,0,0.872652427425781,-40.779707166051,0.188105742520968,-0.0629865634919064
17.5666666666667,94.5016640872239,95,-24.3880599510161,-40.3696401893805,-1.00495609905815,0,0.86060529257455,-40.5486406488302,0.205215558935217,-0.0627439674921877
17.5833333333333,94.6176302646086,96,-23.3880599510161,-40.1696986801599,-0.982943086560777,0,0.848841448446666,-40.3110066821586,0.22042163605012,-0.06257275366024
17.6,94.7407870538285,96,-23.3880599510161,-39.8853229891822,-0.966602974727245,0,0.837524712526188,-40.07624926781,0.231928627323006,-0.0625200824148352
17.6166666666667,94.8710140327031,96,-23.3880599510161,-39.6173469218289,-0.947243985341291,0.00346156545976128,0.826642729898967,-39.8138143382577,0.244486370150097,-0.0623541188356632
17.6333333333333,95.0081931035057,97,-22.3880599510161,-39.3640652445888,-0.92919130987819,0.0215142409228615,0.816205459540164,-39.5397690339529,0.255747869801203,-0.062190761019988
17.65,95.1522081115899,97,-22.3880599510161,-39.0275442690095,-0.914781004047462,0.03592454675359,0.8061681476963,-39.2651721121811,0.264521461750869,-0.0620965523273889
17.6666666666667,95.3029445065339,97,-22.3880599510161,-38.7087766852391,-0.89588808942895,0.0548174613721021,0.796541780104572,-38.9602940401368,0.275216176052045,-0.0618533496266545
17.6833333333333,95.4602890046006,97,-22.3880599510161,-38.4062425148104,-0.877322597567568,0.0733829532334838,0.787356236457733,-38.642053924803,0.285192139263801,-0.0615885101322602
17.7,95.6241292165168,98,-21.3880599510161,-38.1183635444002,-0.861805560963925,0.0888999898371265,0.77857956212331,-38.3223276733463,0.293029652481665,-0.0613779118428229
17.7166666666667,95.7943533281116,98,-21.3880599510161,-37.7474958909004,-0.850597403464679,0.100108147336373,0.770147350704426,-38.0089245716136,0.298145124801447,-0.0612605609281401
17.7333333333333,95.9708498219823,98,-21.3880599510161,-37.3949727958721,-0.834910951773095,0.115794599027957,0.762065225561807,-37.6697572497762,0.305310843182299,-0.0610007944097373
17.75,96.1535071874862,98,-21.3880599510161,-37.0595981359906,-0.819196753143872,0.13150879765718,0.754366093317604,-37.3201425793877,0.312074186587198,-0.060715951778174
17.7666666666667,96.3422136956799,98,-21.3880599510161,-36.7400656618002,-0.806023363692924,0.144682187108128,0.747025200138164,-36.9709485894192,0.317084798768958,-0.0604771501250629
17.7833333333333,96.536857220761,98,-21.3880599510161,-36.4352207321157,-0.796629356620141,0.154076194180911,0.739986729791444,-36.6294136914115,0.319755982350783,-0.060322052697611
17.8,96.7373250513055,98,-21.3880599510161,-36.144181473351,-0.791379588991894,0.159325961809158,0.733182006844971,-36.3000110555689,0.319990737280339,-0.0602657284466321
17.8166666666667,96.9435037663181,98,-21.3880599510161,-35.8663690181978,-0.790116189247483,0.160589361553568,0.726540995813992,-35.9852376757198,0.317974934172254,-0.0603092083370156
17.8333333333333,97.1552791928925,98,-21.3880599510161,-35.6014845533426,-0.792411237941478,0.158294312859574,0.719998798677935,-35.6862708821063,0.314031209542435,-0.0604457893462566
17.85,97.3725364227565,98,-21.3880599510161,-35.3494600042737,-0.797736348252725,0.152969202548327,0.713498662328505,-35.4034763140981,0.308523036908312,-0.0606653749627941
17.8666666666667,97.5951598716348,98,-21.3880599510161,-35.1104001068055,-0.805567100483868,0.145138450317184,0.706992727890137,-35.1367758085876,0.301797386002028,-0.060957237814364
17.8833333333333,97.823033370373,98,-21.3880599510161,-34.8845265866692,-0.815439709624205,0.135265841176846,0.700441458010948,-34.8858960662722,0.294155154220009,-0.0613115984046573
17.9,98.0560402798117,98,-21.3880599510161,-34.6721300771886,-0.826974976798787,0.123730574002264,0.693812407768734,-34.6505233351853,0.285840230095726,-0.0617203728675461
17.9166666666667,98.2940636249295,98,-21.3880599510161,-34.4735319642931,-0.839881556822102,0.11082399397895,0.687078779617745,-34.4303888237699,0.277040025080763,-0.0621773792738756
17.9333333333333,98.5369862800478,98,-21.3880599510161,-34.2890562098745,-0.853947527092206,0.0967580237088453,0.680218028445996,-34.2253064040199,0.267892222200965,-0.0626782237778631
17.95,98.7846912356927,97,-22.3880599510161,-34.119010027272,-0.869026533514008,0.0816790172870442,0.673210656509777,-34.0351799411832,0.258494145741181,-0.0632200248793028
17.9666666666667,99.0370618553424,97,-22.3880599510161,-34.0599543772686,-0.885022578273231,0.0656829725278206,0.666039252656256,-33.8599932646135,0.248912479331542,-0.0638010812344769
17.9833333333333,99.2939820942208,97,-22.3880599510161,-34.0097756498599,-0.910976040580331,0.039729510220721,0.658605177341362,-33.7366233059802,0.234365040735707,-0.06467060734296
18,99.5553367289185,97,-22.3880599510161,-33.9692122071786,-0.942157084781144,0.00854846601990766,0.650783189457237,-33.6524176895895,0.217579243580462,-0.0657103380207831
18.0166666666667,99.8210116417258,97,-22.3880599510161,-33.9394013802667,-0.975454061719246,0,0.642512886145255,-33.5977673369385,0.200310232397867,-0.0668404910140235
18.0333333333333,100.090894111776,97,-22.3880599510161,-33.9215586183472,-1.00909699476642,0,0.63379460270012,-33.5658445050467,0.183490645707737,-0.0680115952826099
18.05,100.364873125182,97,-22.3880599510161,-33.9164772322049,-1.0439884176841,0,0.625016103468581,-33.5528257791492,0.165912374915684,-0.0691956997816233
18.0666666666667,100.642839630294,97,-22.3880599510161,-33.9236447749425,-1.08024331088114,0,0.616329438700889,-33.557398381207,0.14724092588478,-0.0703751929486837
18.0833333333333,100.9246867245,97,-22.3880599510161,-33.9416951307076,-1.11728543718928,0,0.607733933561961,-33.57838310373,0.127800775456355,-0.0715346749714019
18.1,101.21030979339,97,-22.3880599510161,-33.9693571905366,-1.15451640633005,0,0.599228911032472,-33.6142633054316,0.107932366271528,-0.072658723159653
18.1166666666667,101.499606616384,97,-22.3880599510161,-34.0054507699027,-1.19135898321136,0,0.59081369215588,-33.6633380947018,0.0879683281588611,-0.0737330370072061
18.1333333333333,101.792477447972,97,-22.3880599510161,-34.0488825234429,-1.22728515896515,0,0.582487596278044,-33.7238346444936,0.0682177405981162,-0.0747451410811347
18.15,102.088825080593,97,-22.3880599510161,-34.0986418772296,-1.26183286191456,0,0.574249941279597,-33.7939887092149,0.048956436195135,-0.0756847633188312
18.1666666666667,102.388554893318,97,-22.3880599510161,-34.1537969966512,-1.29461433953842,0,0.566100043801245,-33.8721005889676,0.0304217749132376,-0.0765439799560077
18.1833333333333,102.691574889289,97,-22.3880599510161,-34.2134908058277,-1.32531856499161,0,0.558037219462171,-33.9565723062148,0.0128106639102455,-0.0773171973005779
18.2,102.997795724112,97,-22.3880599510161,-34.2769370725065,-1.35370948120498,0,0.550060783071693,-34.0459305622963,-0.00372012601043509,-0.0780010238902058
18.2166666666667,103.307130726809,97,-22.3880599510161,-34.3434165705435,-1.37962146607698,0,0.542170048834351,-34.1388390746871,-0.0190520761640436,-0.0785940733935613
18.2333333333333,103.619495914598,98,-21.3880599510161,-34.4122733303816,-1.40295306252849,0,0.534364330548574,-34.2341031180859,-0.0331020220089267,-0.0790967282570614
18.25,103.934810002434,98,-21.3880599510161,-34.3866283772448,-1.42365974984411,0,0.526642941799074,-34.330668468408,-0.045818657372622,-0.0795108860055591
18.2666666666667,104.252994408091,98,-21.3880599510161,-34.36829786644,-1.4322406632934,0,0.519005196143133,-34.3906698300538,-0.0519820542032172,-0.0795897426286251
18.2833333333333,104.573973253339,98,-21.3880599510161,-34.3565770320324,-1.4329267091346,0,0.511450407290921,-34.4255678570583,-0.0538177294441519,-0.0794565615194553
18.3,104.897673361721,98,-21.3880599510161,-34.350805234485,-1.42879225119914,0,0.503977889279982,-34.4439850167419,-0.0529523696956065,-0.0791998434059971
18.3166666666667,105.224024253277,99,-20.3880599510161,-34.350364409528,-1.42202596544107,0,0.496586956644051,-34.4523185112298,-0.0505522729490264,-0.0788816655528396
18.3333333333333,105.552958136548,99,-20.3880599510161,-34.258394867413,-1.41414452652482,0,0.489276924576317,-34.4552315380966,-0.047432884083386,-0.0785442275898026
18.35,105.884409898087,99,-20.3880599510161,-34.1767153567445,-1.39665468662007,0,0.48204710908728,-34.4190990870646,-0.0389483533976701,-0.0779649999053533
18.3666666666667,106.218317089721,100,-19.3880599510161,-34.1046088140891,-1.374379919756,0,0.474896827157332,-34.3584647903397,-0.0276770108738844,-0.0772797021515491
18.3833333333333,106.55461991372,100,-19.3880599510161,-33.9451064808443,-1.35068094406055,0,0.467825396884189,-34.284133406824,-0.0154334390654173,-0.07658075495271
18.4,106.893261206053,100,-19.3880599510161,-33.7999095966952,-1.31830588344892,0,0.460832137625303,-34.1670423201696,0.00174556896592972,-0.0756781972400384
18.4166666666667,107.234186417873,101,-18.3880599510161,-33.6681766432152,-1.28286552163424,0,0.453916370135379,-34.0250608163484,0.020839096416515,-0.0747271948146074
18.4333333333333,107.577343595355,101,-18.3880599510161,-33.452808826499,-1.24817062496595,0,0.447077416699111,-33.8713571526629,0.0397697142792804,-0.0738300276521793
18.45,107.922683358027,102,-17.3880599510161,-33.2553730153796,-1.20717334838549,0,0.440314601259263,-33.678489480052,0.0623701954938387,-0.0727997472522919
18.4666666666667,108.270158875702,102,-17.3880599510161,-32.9786075066973,-1.16551326881628,0,0.433627249540212,-33.4653797920102,0.0855847034565358,-0.0717897911167898
18.4833333333333,108.61972584413,103,-16.3880599510161,-32.7239128244468,-1.11740349946493,0,0.427014689167059,-33.208872820863,0.112564546377573,-0.070647611491398
18.5,108.971342459485,103,-16.3880599510161,-32.3938586750343,-1.06931495627906,0,0.42047624978042,-32.9310273486761,0.139798380186299,-0.069548514251655
18.5166666666667,109.324969391794,104,-15.3880599510161,-32.0896758181389,-1.01597122787658,0,0.414011263147016,-32.6109296388342,0.170151909384474,-0.0683525896665541
18.5333333333333,109.680569757474,104,-15.3880599510161,-31.7137639829981,-0.965328346565872,0,0.407865065510019,-32.2724591975735,0.198850839425928,-0.0672409264589677
18.55,110.038109090796,105,-14.3880599510161,-31.3659780957323,-0.914929821057021,0.0357757297440312,0.402609192974757,-31.897774935539,0.226194774325394,-0.0660711511450443
18.5666666666667,110.397555313477,105,-14.3880599510161,-30.9457336836211,-0.870860363137451,0.0798451876636009,0.398212958276139,-31.5126363282325,0.248943600038867,-0.0650083316403211
18.5833333333333,110.758878666827,106,-13.3880599510161,-30.5511119449781,-0.826696968472638,0.124008582328414,0.394627055862621,-31.0968411994308,0.270684104219028,-0.0638851656429777
18.6,111.122051540279,106,-13.3880599510161,-30.081922185635,-0.787663974162078,0.163041576638974,0.391804129381305,-30.6727011701435,0.288673697067746,-0.0628464301313735
18.6166666666667,111.487048244798,107,-12.3880599510161,-29.6371060918119,-0.747042889758106,0.203662661042946,0.38971740537063,-30.217753228663,0.3066228948084,-0.0617150178866408
18.6333333333333,111.85384480223,107,-12.3880599510161,-29.1171526282628,-0.710075169122535,0.240630381678516,0.388344175166565,-29.7531495513784,0.321741249975585,-0.0606341743637048
18.65,112.22241869473,108,-11.3880599510161,-28.6215089952649,-0.670228459993965,0.280477090807087,0.387680506807066,-29.2560082410974,0.337603235946845,-0.0594299714829786
18.6666666666667,112.5927485658,108,-11.3880599510161,-28.0510190362616,-0.633001180307468,0.317704370493584,0.387722775563861,-28.7475203282542,0.35125007542319,-0.058251049030296
18.6833333333333,112.964813898542,109,-10.3880599510161,-27.5053642016534,-0.592126780282176,0.358578770518875,0.388481745516038,-28.2050922714951,0.366089972496149,-0.0569294646148349
18.7,113.338594721064,109,-10.3880599510161,-26.8855320529593,-0.553343341784411,0.397362209016641,0.38996426636647,-27.6503096958425,0.379018507419996,-0.055619476709114
18.7166666666667,113.71407138157,110,-9.38805995101613,-26.2912838936343,-0.510581707999155,0.440123842801897,0.39218793842208,-27.0609888169637,0.393326641484561,-0.0541579117260575
18.7333333333333,114.091224318509,110,-9.38805995101613,-25.6236449810136,-0.469731139837731,0.48097441096332,0.395163553780076,-26.4590882412366,0.405822072994662,-0.0527027805268827
18.75,114.470033804983,110,-9.38805995101613,-24.9823886426053,-0.424830635420947,0.950705550801052,0.398910507700269,-25.8227359105123,0.419734361502923,-0.0510936715214333
18.7666666666667,114.850479671671,110,-9.38805995101613,-24.3500376018173,-0.414092744336954,0.950705550801052,0.410050634519107,-25.1871699688801,0.402385948373124,-0.0494756747380198
18.7833333333333,115.232540749653,110,-9.38805995101613,-23.7124776288894,-0.401222494957646,0.950705550801052,0.421234471495439,-24.5659915470694,0.386966833455257,-0.0478424881481215
18.8,115.616193815122,111,-8.38805995101613,-23.0734048867222,-0.384346021021999,0.950705550801052,0.432457693197874,-23.9501339234585,0.37449403518947,-0.0461459490898763
18.8166666666667,116.001412756898,111,-8.38805995101613,-22.339838744033,-0.362838009715587,0.950705550801052,0.443716102635234,-23.3345951084971,0.365314034836953,-0.0443724780150132
18.8333333333333,116.388168155566,111,-8.38805995101613,-21.617070078392,-0.327386466272036,0.950705550801052,0.455005628234019,-22.6803304869635,0.364525255102148,-0.0422805845972895
18.85,116.776427130828,111,-8.38805995101613,-20.9074741945312,-0.282871539261684,0.950705550801052,0.466322320880022,-21.9995065976721,0.36952772700437,-0.0400107554472062
18.8666666666667,117.166153360691,111,-8.38805995101613,-20.2131036314686,-0.233254905678671,0.950705550801052,0.477662351022828,-21.3026692404556,0.378185929140067,-0.0376743448770319
18.8833333333333,117.557307211679,110,-9.38805995101613,-19.5357131559146,-0.181694930744655,0.950705550801052,0.489022005841928,-20.5988581599995,0.388774163850141,-0.0353576098422522
18.9,117.94984594029,110,-9.38805995101613,-18.9730661110605,-0.130655160118529,0.950705550801052,0.500397686473215,-19.8957326655913,0.399924356675078,-0.0331254335006975
18.9166666666667,118.34372393876,111,-8.38805995101613,-18.4240352384413,-0.0915103607625324,0.950705550801052,0.51178590529465,-19.236648059949,0.405380481245337,-0.0312746704887968
18.9333333333333,118.738893006353,111,-8.38805995101613,-17.793553977169,-0.0614422975702015,0.950705550801052,0.523183283269913,-18.6146401914272,0.406571451535822,-0.0297181669820894
18.95,119.135302632811,111,-8.38805995101613,-17.184989888792,-0.0288974134616454,0.950705550801052,0.534586547348863,-17.9877588222462,0.409726391521109,-0.0281420902303559
18.9666666666667,119.53290028062,111,-8.38805995101613,-16.5989493493336,0.00342187650115992,0.950705550801052,0.545992527923679,-17.3647078351994,0.413361990238497,-0.0266187548439152
18.9833333333333,119.931630805987,112,-7.38805995101613,-16.0358622659995,0.0335936037673303,0.950705550801052,0.55739815633955,-16.7522993454541,0.416403219838124,-0.0251973387817814
19,120.331433262986,113,-6.38805995101613,-15.3997165318547,0.0603156334863769,0.950705550801052,0.568800462458823,-16.1557759534841,0.418101872974842,-0.0239089200740625
19.0166666666667,120.732240021414,113,-6.38805995101613,-14.6967130927496,0.0922786439598255,0.950705550801052,0.580196572277519,-15.5421364813624,0.423165631879891,-0.0225206433930015
19.0333333333333,121.133977485945,114,-5.38805995101613,-14.0289899765571,0.13436692729608,0.950705550801052,0.591583705593175,-14.8895636760229,0.434280919340117,-0.0209081395437768
19.05,121.536566805746,115,-4.38805995101613,-13.2997094053252,0.179254326368421,0.950705550801052,0.602959173722968,-14.2216072266671,0.447489442204721,-0.0192726685651357
19.0666666666667,121.93992452951,116,-3.38805995101613,-12.5142799018991,0.231440467324893,0.950705550801052,0.614320377271104,-13.5188676103201,0.465245654236586,-0.0174973033831098
19.0833333333333,122.343963209482,118,-1.38805995101613,-11.6777979879133,0.293004225560502,0.950705550801052,0.625664803944477,-12.7694548001414,0.488709930526372,-0.0155330192372163
19.1,122.748591957959,119,-0.388059951016132,-10.6987744536334,0.36435412601588,0.950705550801052,0.63699002641562,-11.9670494203212,0.518140857997351,-0.0133765410103387
19.1166666666667,123.153716959561,120,0.611940048983868,-9.68406544410767,0.454300418039983,0.950705550801052,0.648293700231994,-11.0724419160922,0.558389700193484,-0.0108038465903052
19.1333333333333,123.559241942433,122,2.61194004898387,-8.63766966876331,0.557281348889231,0.950705550801052,0.659573561770664,-10.0985026911798,0.606505785904348,-0.00797702765706088
19.15,123.965109786453,123,3.61194004898387,-7.4670243121111,0.668553475332438,0.950705550801052,0.670827426237459,-9.05712359201659,0.659941996828516,-0.00503092869316945
19.1666666666667,124.371414067538,125,5.61194004898387,-6.27793876070724,0.784952498362779,0.950705550801052,0.683814496355898,-7.92220580616228,0.713803125795651,-0.00182558110379722
19.1833333333333,124.778252818649,126,6.61194004898387,-4.97711142567958,0.853453455007727,1.80415900580878,0.707943841329934,-6.74529841717357,0.722416408476419,0.00146724034864355
19.2,125.18568826677,127,7.61194004898387,-3.6399333848883,0.927212811776921,1.87791836257797,0.734150624981871,-5.51819780842297,0.731389700001575,0.00507636916726824
19.2166666666667,125.593751670871,129,9.61194004898387,-2.23996536127898,1.00902354750028,1.95972909830133,0.761620760103606,-4.24262870447734,0.743802777797145,0.00895971819803665
19.2333333333333,126.002446141159,130,10.6119400489839,-0.684361328662906,1.09976157674605,2.0504671275471,0.790491290921038,-2.91050379378571,0.759964008409568,0.0131498164819558
19.25,126.41174886319,131,11.6119400489839,0.921756872419498,1.20826724871978,2.15897279952084,0.820986041777023,-1.48108030050402,0.784390873194131,0.0178989072922535
19.2666666666667,126.821613316526,132,12.6119400489839,2.57679072337265,1.32899011396438,2.27969566476543,0.853346295899553,0.0340218425071885,0.813771184628094,0.0230742637822627
19.2833333333333,127.231971325937,133,13.6119400489839,4.28011507493407,1.45775163530597,2.40845718610702,0.887732291984813,1.62448996936471,0.845657423436013,0.0285736951456331
19.3,127.642734845083,135,15.6119400489839,6.03163802108387,1.59160448553008,2.54231003633114,0.92424496202341,3.28185115100941,0.878357013781349,0.0343235015500584
19.3166666666667,128.05379744446,136,16.6119400489839,7.92777889400178,1.72861306764646,2.67931861844752,0.962944602843691,4.99954855340258,0.910784997266285,0.040274052888661
19.3333333333333,128.46503556999,137,17.6119400489839,9.86635174408447,1.87671653098864,2.8274220817897,1.00394830897886,6.80959083886452,0.947140183068499,0.0466446389686113
19.35,128.876309549495,138,18.6119400489839,11.8479827444967,2.03061474463081,2.98132029543186,1.04738586484654,8.69584816212008,0.984418616317961,0.0533003185109169
19.3666666666667,129.28746436946,138,18.6119400489839,13.8736041244778,2.18698211039705,3.13768766119811,1.09331561850491,10.6463115189837,1.02079006143809,0.0601537548614475
19.3833333333333,129.698330274243,139,19.6119400489839,15.8478346366451,2.34395649324988,3.29466204405093,1.14175299766477,12.6525286767823,1.05527837895232,0.0671537106249391
19.4,130.108723227969,140,20.6119400489839,17.8737203157076,2.49158983866129,3.44229538946235,1.19260841365591,14.6720516013805,1.08266072903399,0.074024507548885
19.4166666666667,130.518445270154,141,21.6119400489839,19.9511308967903,2.6343795452129,3.58508509601396,1.24575613077116,16.7141149189892,1.10560180347215,0.0808754357084038
19.4333333333333,130.927284789625,142,22.6119400489839,22.0792055823962,2.77559629566771,3.72630184646876,1.30113450237396,18.7864033205342,1.12600546142719,0.0877878356241839
19.45,131.335016736459,142,22.6119400489839,24.2567060544651,2.9174579420937,3.86816349289475,1.35872696888038,20.8947842570815,1.14513799489496,0.0948182626241207
19.4666666666667,131.741402789538,143,23.6119400489839,26.3859712969186,3.06134691733036,4.01205246813141,1.41854636204291,23.0433722276474,1.16376965355098,0.10200309413296
19.4833333333333,132.146191528669,143,23.6119400489839,28.5679861048764,3.19892608963239,4.14963164043344,1.48054024232582,25.1979360325459,1.1774827609462,0.109113333734737
19.5,132.54911865657,143,23.6119400489839,30.7046495777145,3.33522367260989,4.28592922341094,1.54463735125642,27.3726073482855,1.18913888333715,0.116277166062447
19.5166666666667,132.949907193413,144,24.6119400489839,32.7999019002779,3.46428908906337,4.41499463986442,1.61075098546426,29.5407659698731,1.195656219717,0.123327397656944
19.5333333333333,133.348267625898,144,24.6119400489839,34.9534450496293,3.58347127697245,4.5341768277735,1.67872437436065,31.6851379381202,1.19583664501925,0.130180392945924
19.55,133.743898066589,144,24.6119400489839,37.0655627910435,3.70134200395198,4.65204755475303,1.74845803730965,33.8322880435796,1.1944895119082,0.137057945047486
19.5666666666667,134.136484473849,144,24.6119400489839,39.138611548296,3.8139110489182,4.76461659971925,1.81988226017821,35.9641385297792,1.18955833346847,0.143847334110477
19.5833333333333,134.525700893175,144,24.6119400489839,41.1746536584296,3.91939417024595,4.870099721047,1.89288032704481,38.0688642890612,1.18024595526447,0.150491705404864
19.6,134.911209772271,144,24.6119400489839,43.1752790639502,4.01743100457905,4.9681365553801,1.96731848878169,40.1393482860112,1.16654692467186,0.156971352972807
19.6166666666667,135.292662354511,143,23.6119400489839,45.1415745665291,4.10849196862322,5.05919751942427,2.04306451640925,42.171802916003,1.14889941351154,0.163289188320612
19.6333333333333,135.669699122638,143,23.6119400489839,46.9778944537037,4.19345735146237,5.14416290226343,2.11999785692561,44.1646415584337,1.12794292984218,0.169460183565607
19.65,136.041950273941,143,23.6119400489839,48.786874847948,4.26423923567007,5.21494478647112,2.19793141673652,46.0807860924984,1.09953501980344,0.175254153242968
19.6666666666667,136.409036216365,142,22.6119400489839,50.5680075494056,4.32650874387924,5.2772142946803,2.27666740237727,47.933453467838,1.06701138410928,0.180809399131316
19.6833333333333,136.770568113821,142,22.6119400489839,52.2239067727288,4.38421048794986,5.33491603875091,2.35608772803946,49.7331538827667,1.03265341138312,0.186224036511504
19.7,137.126148511666,142,22.6119400489839,53.8556343622552,4.43079615718245,5.3815017079835,2.436045473254,51.4508626791075,0.993081443003077,0.191312854422845
19.7166666666667,137.475371989256,142,22.6119400489839,55.4614229401763,4.47246328763263,5.42316883843368,2.51639975323906,53.1047469506726,0.951822937018835,0.196233088550249
19.7333333333333,137.817825884349,141,21.6119400489839,57.0392687805281,4.51306713699155,5.4637726877926,2.59709270714818,54.7080362875425,0.911014844189897,0.201085402479891
19.75,138.153091123568,141,21.6119400489839,58.4910332884889,4.55474338587099,5.50544893667204,2.67811582464271,56.2697605871864,0.871791430078749,0.205927990192314
19.7666666666667,138.480743160516,141,21.6119400489839,59.9175654403331,4.58934809323779,5.54005364403884,2.75940337055089,57.7588172192328,0.829785511816969,0.210539171600998
19.7833333333333,138.800352911546,141,21.6119400489839,61.3172492006278,4.62178468574889,5.57249023654994,2.84087162088697,59.1912550072108,0.787737261792245,0.215045902189872
19.8,139.11148764896,141,21.6119400489839,62.6884558432703,4.65492913449707,5.60563468529812,2.92250102297326,60.5784527374745,0.747195644669634,0.219525531906649
19.8166666666667,139.413711892529,140,20.6119400489839,64.0298230477292,4.69022339285682,5.64092894365787,3.00430753465708,61.927992396055,0.708882641829919,0.224019522368091
19.8333333333333,139.706588337338,140,20.6119400489839,65.2440997081908,4.72816637981714,5.6788719306182,3.08632299205589,63.2445830908623,0.672988225034177,0.228545124982149
19.85,139.989678731737,140,20.6119400489839,66.4330968290882,4.75959175941444,5.71029731021549,3.16850009361751,64.4940739242015,0.634566231617809,0.232854528779389
19.8666666666667,140.262544680885,140,20.6119400489839,67.5961299159392,4.78883486573908,5.73954041654014,3.25076049567302,65.6905583404462,0.596043162385105,0.237059761398144
19.8833333333333,140.524748427594,140,20.6119400489839,68.732414895428,4.81851751888579,5.76922306968685,3.33308332564059,66.8443251953332,0.55883413379278,0.241231169311422
19.9,140.775853657556,140,20.6119400489839,69.8413240075505,4.85002815697221,5.80073370777326,3.41548076424048,67.9625047511324,0.523639475413795,0.245408416984026
19.9166666666667,141.015426284545,140,20.6119400489839,70.9225109246737,4.88392746033773,5.83463301113878,3.4979810077507,69.0497918241239,0.49068969303743,0.249610068928832
19.9333333333333,141.243035228349,139,19.6119400489839,71.9759494184971,5.0267393876498,4.46942312215591,3.55884761716983,70.1479494121287,0.557084627531529,0.253801326556069
19.95,141.458253161054,139,19.6119400489839,72.8568662957113,5.16918573412149,4.56913556468609,3.6187736563833,71.2884585655327,0.625329424015729,0.257772166676892
19.9666666666667,141.660658265902,139,19.6119400489839,73.627342035623,5.28039030664239,4.64697876545073,3.67972531368407,72.382587270072,0.674963404981313,0.260974886259207
19.9833333333333,141.849838004764,139,19.6119400489839,74.3017525596156,5.35587119240789,4.69981538548658,3.7413057280469,73.3913144116009,0.704067624944149,0.263268804746203
20,142.025392281984,139,19.6119400489839,74.8917566118431,5.39643474616134,4.72820987311399,3.80309881713077,74.2945709905178,0.713605693739331,0.264654549363939
20.0166666666667,142.187013003963,139,19.6119400489839,75.4064448578034,5.40584352869331,4.73479602088637,3.86471674189206,75.0851892301123,0.706100328797147,0.265213810706731
20.0333333333333,142.335041614758,139,19.6119400489839,75.8526854697008,5.38919538909694,4.72314232316891,3.92582443990082,75.764191967032,0.684724914755025,0.265067016959765
20.05,142.469802797927,139,19.6119400489839,76.2355471917643,5.35186777598964,4.6970129939938,3.98614867573579,76.3373109649107,0.652721212177079,0.264345396810758
20.0666666666667,142.591674070601,139,19.6119400489839,76.5587244196449,5.29888772462069,4.65992695803553,4.04547742150261,76.8125495195793,0.61306000054099,0.263173984978636
20.0833333333333,142.701734397851,139,19.6119400489839,76.8249210754239,5.23460628674708,4.61492995152401,4.10365371238612,77.1985747132152,0.568273592714752,0.261662528096668
20.1,142.801490983412,139,19.6119400489839,77.0361726827431,5.16257868967528,4.56451063357375,4.16056697595645,77.5037424194789,0.520402859962024,0.259901793921206
20.1166666666667,142.892912332872,139,19.6119400489839,77.1941009720085,5.08557352265332,4.51060701665838,4.216143759169,77.735577737123,0.471014747978098,0.257963321852302
20.1333333333333,142.978853910021,140,20.6119400489839,77.3001044181832,5.00565459212025,4.45466376528522,4.27033901411398,77.9005655226083,0.421258280155474,0.255901159648476
20.15,143.064169298849,140,20.6119400489839,77.4517755625194,4.92429617437886,4.39771287286625,4.32312854965304,78.0041377188838,0.371937019903458,0.253754561600901
20.1666666666667,143.157488630428,140,20.6119400489839,77.5480684103702,4.85172543818553,4.34691335753093,4.37456118778727,78.0876390023017,0.328519542006488,0.251801000174629
20.1833333333333,143.271873759869,140,20.6119400489839,77.5907893745983,4.78404623161728,4.29953791293314,4.42471679636868,78.1421516581771,0.288770889347025,0.249940639010778
20.2,143.422085547088,140,20.6119400489839,77.5821435759997,4.71858767102921,4.2537169205215,4.47363753699791,78.1611236445414,0.251169761305946,0.248104573902725
20.2166666666667,143.620697391194,140,20.6119400489839,77.5245212797588,4.69740315362523,3.0645369699324,4.51247139152486,78.1479946976096,0.254607239586955,0.246245776703018
20.2333333333333,143.876751739838,141,21.6119400489839,77.3805607625613,4.72033554597848,3.07485654649137,4.54037718017842,78.1497314467186,0.300048116229283,0.244227779082442
20.25,144.196535825677,141,21.6119400489839,77.2158498599815,4.72439076473869,3.07668139493346,4.56794163518728,78.1307353526329,0.333873090399508,0.241769100597102
20.2666666666667,144.584397915253,141,21.6119400489839,76.9424504091064,4.71023664627571,3.07031204162512,4.59503192488702,78.0818079785309,0.356602998258281,0.238885887657939
20.2833333333333,145.042349140583,142,22.6119400489839,76.5733559105979,4.67089137837906,3.05260667107163,4.62148918705914,77.9639920473127,0.364625935582987,0.235389104434462
20.3,145.570601521262,142,22.6119400489839,76.2162225089792,4.60459479022019,3.02277320640014,4.64712301911109,77.7553727656514,0.35719091389805,0.23122964931306
20.3166666666667,146.167973718514,143,23.6119400489839,75.7784312294028,4.52217022840266,2.98568215358225,4.67178071913895,77.4830898567606,0.340344384221479,0.226695911644061
20.3333333333333,146.832106255972,143,23.6119400489839,75.3648552396367,4.42252663635497,2.94084253716079,4.6953430024985,77.1331885836613,0.313632226146942,0.221756877153036
20.35,147.559641263955,144,24.6119400489839,74.8806283124837,4.3160999378002,2.89295052281114,4.71772911885165,76.7368872587403,0.2828239273454,0.216690712296282
20.3666666666667,148.346370616889,145,25.6119400489839,74.428869261461,4.20081331177963,2.84107154110189,4.73888643429987,76.2816658169805,0.246868737539156,0.211440141232236
20.3833333333333,149.187356715977,145,25.6119400489839,74.0096666012054,4.08583931960019,2.78933324462114,4.75879231667117,75.7984818221308,0.210796790693196,0.206249621347339
20.4,150.077030860201,146,26.6119400489839,73.5265237390184,3.97709365200513,2.74039769420336,4.77748021899173,75.3104531296238,0.177819739289745,0.201276435181205
20.4166666666667,151.009275290284,147,27.6119400489839,73.0815500154918,3.86874066733492,2.69163885110176,4.79498070115597,74.7974094987578,0.144770486722167,0.196362793861844
20.4333333333333,151.97749645501,148,28.6119400489839,72.6742536238069,3.76694886583624,2.64583254042736,4.81132901039266,74.2835242393846,0.114995468132796,0.191672839252661
20.45,152.974698390558,149,29.6119400489839,72.3041200691845,3.67531959319422,2.60459936773845,4.82659658020142,73.7861727370654,0.0904150282070591,0.187301997750712
20.4666666666667,153.993565636208,149,29.6119400489839,71.9707695885395,3.59561850159068,2.56873387651686,4.84087461045303,73.3173975159845,0.0719352512146069,0.183296563464216
20.4833333333333,155.026563992685,150,30.6119400489839,71.577745482665,3.52835867289318,2.53846695360298,4.85426255931141,72.8851989080547,0.0597748188149607,0.179669311069129
20.5,156.066064027885,151,31.6119400489839,71.2274498300402,3.46392802020791,2.50947315989461,4.86682273652867,72.4577234538229,0.0486871683076702,0.176161479183833
20.5166666666667,157.104486612692,152,32.6119400489839,70.9197642491679,3.4059885047571,2.48340037794175,4.87859870111446,72.0504010677922,0.0406495970979062,0.172870236345432
20.5333333333333,158.134463168454,153,33.6119400489839,70.6545197134933,3.35659048427291,2.46117126872386,4.88965506619336,71.6742714134642,0.0367454994191429,0.169849619228202
20.55,159.148997807599,153,33.6119400489839,70.4315920023908,3.3166402109781,2.4431936457412,4.90006722190952,71.3369377844983,0.0374273757937971,0.167123048600632
20.5666666666667,160.14161591763,154,34.6119400489839,70.1546609456749,3.28627033512082,2.42952720160542,4.90991418931157,71.0434006738098,0.0427243556584844,0.164693249136076
20.5833333333333,161.106333685645,155,35.6119400489839,69.9261390618476,3.25580242760269,2.41581664322226,4.919236166271,70.7598584240196,0.047372210445044,0.162299817701771
20.6,162.037754725667,156,36.6119400489839,69.7457990079337,3.22902304386729,2.40376592054133,4.92805480338169,70.5005294223764,0.053433932712784,0.160043391335099
20.6166666666667,162.931577644676,156,36.6119400489839,69.6132578212852,3.20820968618121,2.3943999095826,4.93641409870324,70.2757324076379,0.0621330299247783,0.157984218330987
20.6333333333333,163.784283008864,157,37.6119400489839,69.4318077145861,3.1945377274038,2.38824752813276,4.94437065599684,70.0926552820056,0.0740831861156565,0.15615305178532
20.65,164.593098100638,157,37.6119400489839,69.3033982967483,3.1790913993496,2.38129668050837,4.95194895594151,69.9191608050531,0.0844466530348106,0.15431001463618
20.6666666666667,165.35594695644,158,38.6119400489839,69.1310200436104,3.1661915355515,2.37549174179923,4.9591597340017,69.7706549474631,0.0955846043573996,0.152570150806696
20.6833333333333,166.071385147002,159,39.6119400489839,69.0161368996338,3.14915055438738,2.36782330027537,4.96600160905207,69.6213399412926,0.103890867493325,0.15075331227011
20.7,166.738526595012,159,39.6119400489839,68.9574585887589,3.13379150576361,2.36091172839468,4.97247332428256,69.4913227685718,0.112551680458927,0.149014830756986
20.7166666666667,167.356968214488,160,40.6119400489839,68.8572383443763,3.12369600268539,2.35636875200948,4.97860834946487,69.395037978954,0.123505165018259,0.147450031026674
20.7333333333333,167.926716539771,160,40.6119400489839,68.8163674161791,3.1114822459481,2.35087256147769,4.98442264680663,69.3054705334321,0.132751456010394,0.145860244538289
20.75,168.448118960745,161,41.6119400489839,68.7368273250184,3.10236229374033,2.3467685829842,4.98992740176252,69.2414448589669,0.143132741286655,0.144384505784386
20.7666666666667,168.921801097269,161,41.6119400489839,68.7191598875557,3.09008566075602,2.34124409814126,4.99512656775236,69.1792666234209,0.151273052921053,0.142854489721343
20.7833333333333,169.348611040098,162,42.6119400489839,68.6649727305713,3.08060737030024,2.33697886743616,5.00002628410494,69.1401694641854,0.160421440019865,0.141429173598886
20.8,169.729570595429,162,42.6119400489839,68.6744430562345,3.06812890286192,2.33136355708892,5.0046298872234,69.1021245097593,0.16744689075209,0.139952380627469
20.8166666666667,170.065833288192,163,43.6119400489839,68.6488425825162,3.05884771744557,2.32718702365156,5.00894546375236,69.0874472389836,0.175727408055984,0.138589623122382
20.8333333333333,170.35864865296,163,43.6119400489839,68.6880506713665,3.04706362464184,2.32188418188988,5.01297954580373,69.0747496291298,0.182181627579487,0.137187398053869
20.85,170.609332226212,164,44.6119400489839,68.6930819091464,3.03897889223807,2.31824605230818,5.01674378123442,69.0866676846556,0.190186142001368,0.135911384816951
20.8666666666667,170.819240644834,164,44.6119400489839,68.7635976801304,3.02884228212274,2.31368457775628,5.02024807510849,69.1019114341926,0.196628057057914,0.134606749499778
20.8833333333333,170.9897512578,164,44.6119400489839,68.8004298382874,3.02277608803078,2.3109547904149,5.02350694689226,69.1430688256436,0.204837211865998,0.13343706403372
20.9,171.122245569879,165,45.6119400489839,68.8068046920969,3.01493854372758,2.30742789547846,5.02653252744178,69.1887131439742,0.211648832564124,0.132245102607756
20.9166666666667,171.218095943997,165,45.6119400489839,68.8820657665019,3.00204229035723,2.30162458146181,5.02930313660834,69.2243542723023,0.215314434850526,0.130942070771797
20.9333333333333,171.278655084034,165,45.6119400489839,68.9266126372729,2.9919121936754,2.29706603795498,5.03181721631603,69.2777348097776,0.22010109747789,0.129737193553216
20.95,171.30524787112,165,45.6119400489839,68.943204490285,2.97981851592536,2.29162388296746,5.03408128096669,69.3311852253017,0.223451375518971,0.128503083005486
20.9666666666667,171.299165177012,165,45.6119400489839,68.9344502737597,2.96314474469207,2.28412068591249,5.03607464700015,69.3728355724828,0.223978752829679,0.127168966019753
20.9833333333333,171.261659326545,165,45.6119400489839,68.9026976061847,2.94074957385379,2.27404285903526,5.03776279497019,69.39526433581,0.221109309865583,0.125703600582583
21,171.19394092733,165,45.6119400489839,68.8499910384059,2.91246786361764,2.26131608942899,5.03910648560322,69.3943382142887,0.214802675283525,0.124101912186476
21.0166666666667,171.097176859351,165,45.6119400489839,68.7780745914795,2.87873463482291,2.24613613647136,5.04006761110588,69.3682591491325,0.205342711336759,0.122374924006074
21.0333333333333,170.972489250803,165,45.6119400489839,68.6884200897327,2.84031264399608,2.22884624059929,5.04061262940493,69.3168114657846,0.193186602592035,0.12054246032813
21.05,170.820955177836,165,45.6119400489839,68.5822682273186,2.79810358074538,2.20985216213647,5.04071428088255,69.2407886615043,0.178860879679547,0.118628089069359
21.0666666666667,170.643606914931,165,45.6119400489839,68.4606735853253,2.75302424905454,2.1895664628756,5.04035214243933,69.1415731098757,0.162893758695056,0.116655804460251
21.0833333333333,170.441432660895,165,45.6119400489839,68.324548070895,2.70593139062299,2.1683746765814,5.03951244274394,69.0208404058715,0.145774542876365,0.114648012395842
21.1,170.215377680508,165,45.6119400489839,68.1746996316655,2.65758149857734,2.14661722516085,5.03818745035652,68.8803614514089,0.127932395401113,0.112624452939069
21.1166666666667,169.966345729783,165,45.6119400489839,68.0118647691547,2.60861467545849,2.12458215475737,5.03637465450935,68.7218783823894,0.109728344114857,0.110601766876881
21.1333333333333,169.695200705121,164,44.6119400489839,67.8367344868313,2.55955408452043,2.10250488883525,5.03407588592083,68.5470341605568,0.0914557989037227,0.108593480021719
21.15,169.402768422803,164,44.6119400489839,67.5536913898138,2.51081471101682,2.08057217075862,5.03129647006573,68.3573395020368,0.0733460886626174,0.106610236983502
21.1666666666667,169.089838498523,164,44.6119400489839,67.2657455480007,2.4533965825212,2.05473401293559,5.02800671797552,68.1172702730539,0.0505487914334555,0.104410158187374
21.1833333333333,168.757166224094,164,44.6119400489839,66.9731854649668,2.39196823775782,2.02709125779207,5.02416442503789,67.8405399523409,0.0256458186659435,0.102117850345849
21.2,168.405474432915,163,43.6119400489839,66.6760930385568,2.32976123578321,1.9990981069035,5.01975678165687,67.5377654020749,0.000412486296627993,0.0998194571944669
21.2166666666667,168.035455386812,163,43.6119400489839,66.2782062844301,2.26889256601948,1.97170720550982,5.01479084385887,67.216934478909,-0.0239988483841209,0.0975712896380072
21.2333333333333,167.647772630658,162,42.6119400489839,65.8819310370965,2.20132582159516,1.94130217051887,5.00924851780226,66.8470016771079,-0.0519271416762132,0.0951573566352584
21.25,167.243062851681,162,42.6119400489839,65.3907494778398,2.13217374373668,1.91018373548256,5.00310437287539,66.4446170072068,-0.0805654483097698,0.0927142414779386
21.2666666666667,166.821937701522,162,42.6119400489839,64.9066725581482,2.05544464126333,1.87565563936955,4.99632658103189,65.9852922007925,-0.113131192196426,0.0900807595500255
21.2833333333333,166.384985510252,161,41.6119400489839,64.4290268419642,1.97756342146255,1.8406090904592,4.98888844492789,65.4904600563551,-0.146104670072905,0.0874286832825252
21.3,165.932772918533,161,41.6119400489839,63.8607618779457,1.90262758610186,1.80688796454689,4.98080232563149,64.9758738963839,-0.177264576771596,0.0848674715757949
21.3166666666667,165.465846405226,160,40.6119400489839,63.3035501005663,1.8236962574399,1.77136886664901,4.97206680547113,64.4158236667174,-0.210371347834058,0.0822105783310435
21.3333333333333,164.98473377185,160,40.6119400489839,62.6602409640949,1.74635928409865,1.73656722864544,4.96267890121802,63.8304280783196,-0.242380217854218,0.0796074660482007
21.35,164.489945592753,159,39.6119400489839,62.0323300605837,1.67863824278364,1.51724595774053,4.94977969735013,63.202383043536,-0.263769886813349,0.0768936012032075
21.3666666666667,163.981976579012,158,38.6119400489839,61.3161085183144,1.61209473499552,1.49478752386204,4.9361529112546,62.5579516304839,-0.284246619698423,0.0742088121711152
21.3833333333333,163.461306947248,158,38.6119400489839,60.5114583221529,1.53831134472015,1.4698856296441,4.92207962622118,61.8692238819005,-0.308894999328761,0.0713668112750102
21.4,162.928403966237,157,37.6119400489839,59.7217168463438,1.45318857763182,1.44115669575179,4.90751171738486,61.1159630543452,-0.339894083016385,0.0682588461286187
21.4166666666667,162.383723329802,157,37.6119400489839,58.8509976503637,1.36472933354621,1.4113017008729,4.8924145404822,60.3235589156514,-0.372858961285008,0.0651000781542442
21.4333333333333,161.827710289018,156,36.6119400489839,58.0017635926927,1.26897812820758,1.37898566907111,4.87676241334071,59.474420153715,-0.409903310941236,0.0617846252803182
21.45,161.260800583612,155,35.6119400489839,57.0774095630588,1.17373602858835,1.34684146044962,4.86054291744987,58.595284571635,-0.446764803246558,0.0585212885202139
21.4666666666667,160.683421242851,155,35.6119400489839,56.0835388929334,1.07464820402418,1.31339931965921,4.84375086737601,57.6690182668254,-0.485786233251541,0.0551926317095674
21.4833333333333,160.095964298317,154,34.6119400489839,55.1217307640831,0.969657069349918,1.27796481170665,4.82636340637842,56.6853292323182,-0.528053294607157,0.0517435431631107
21.5,159.498634953036,154,34.6119400489839,54.0945508382333,0.867627628482629,1.24352987541394,4.8083791557875,55.675939863113,-0.56873324603749,0.0484109049261225
21.5166666666667,158.891795717652,153,33.6119400489839,53.1031430875667,0.764681988830503,1.20878572203135,4.78980821447498,54.6269282462688,-0.609919763411911,0.0450894662178936
21.5333333333333,158.275856686355,153,33.6119400489839,52.0498050961764,0.668211334857967,1.17622687631562,4.77067291527916,53.5668048693643,-0.647595038745458,0.0419756800106031
21.55,157.651220875572,152,32.6119400489839,51.0355244830757,0.573179371648537,1.14415358873243,4.75099968338139,52.4789122965614,-0.68449244051883,0.0389326540093323
21.5666666666667,157.018284778175,152,32.6119400489839,49.9625120181183,0.486092720204064,1.11476184386992,4.73082144619387,51.3895023658363,-0.717082036380464,0.0361327943377962
21.5833333333333,156.377439503969,151,31.6119400489839,48.9317070007903,0.401259412087603,1.08613060238062,4.7101709014871,50.2801012323245,-0.748458391859863,0.0334214857289622
21.6,155.729074528805,150,30.6119400489839,47.8452884016883,0.324715541615448,1.06029704609627,4.6890840877187,49.175533178871,-0.775350454024566,0.0309585090454485
21.6166666666667,155.073574815312,150,30.6119400489839,46.7078828113358,0.250443914049647,1.03523037179281,4.66759457793119,48.0562248109605,-0.801031477150588,0.0285806110756578
21.6333333333333,154.411319349546,149,29.6119400489839,45.6202705240126,0.174899852621065,1.00973425106066,4.64570936683771,46.9092607762808,-0.827417656410759,0.0261919673262221
21.65,153.74268159573,149,29.6119400489839,44.4843438893854,0.105668470256857,0.986368659512741,4.62344910161691,45.7637750211671,-0.850389953914557,0.0239946499780941
21.6666666666667,153.068029878498,148,28.6119400489839,43.4006564087787,0.0378040674975812,0.963464423581485,4.60083926356198,44.6034203827725,-0.87263687132437,0.0218545727134995
21.6833333333333,152.387727729767,148,28.6119400489839,42.2709644491764,-0.0216624260346237,0.929043124766428,4.57780916768722,43.4546022489374,-0.890161342604915,0.019944907749031
21.7,151.702134185823,147,27.6119400489839,41.19524487526,-0.0762649276323454,0.874440623168706,4.55393593583114,42.2999758918868,-0.904072806104579,0.0181085816896045
21.7166666666667,151.011604068646,146,26.6119400489839,40.0735410815935,-0.1205138916437,0.830191659157352,4.52929408931178,41.1653711724719,-0.911491898829516,0.0164956187720188
21.7333333333333,150.316488267598,146,26.6119400489839,38.9080672613093,-0.161477668476394,0.789227882324658,4.50399820996367,40.0304915615338,-0.91643528945902,0.0149257526295021
21.75,149.617134082815,145,25.6119400489839,37.7977670418457,-0.203575685906168,0.747129864894883,4.47806827876052,38.8805905748323,-0.921346097623726,0.0132826456789636
21.7666666666667,148.913885531051,144,24.6119400489839,36.6429318566683,-0.240162386003481,0.710543164797571,4.4515505425888,37.7425511664061,-0.922694858274674,0.0117485532635032
21.7833333333333,148.207083651721,144,24.6119400489839,35.4464803371297,-0.277024256006384,0.673681294794668,4.42448992101958,36.5975168280624,-0.923697942890359,0.010172155902254
21.8,147.497066839306,143,23.6119400489839,34.3076820147277,-0.317469634336564,0.633235916464488,4.39685668614327,35.4325106659727,-0.926121325479476,0.00846306239100606
21.8166666666667,146.784171189636,142,22.6119400489839,33.1268982349765,-0.353964547905159,0.596741002895893,4.36866400029065,34.2761496819531,-0.925904276657392,0.00682480289442326
21.8333333333333,146.068730820177,141,21.6119400489839,31.9069583764055,-0.391632350843797,0.559073199957255,4.33993656638524,33.1110800844231,-0.925873318735645,0.00512228746666134
21.85,145.351078130285,141,21.6119400489839,30.6506724881973,-0.433318841757872,0.51738670904318,4.31063375282871,31.9255160039435,-0.927527150070407,0.00327668921170412
21.8666666666667,144.631544080678,140,20.6119400489839,29.4568259235504,-0.480291531658994,0.470414019142058,4.28068149891858,30.7121145662109,-0.931462815179095,0.00124912619172424
21.8833333333333,143.910458515908,139,19.6119400489839,28.2251361967361,-0.523705321998909,0.427000228802143,4.25007629453478,29.5036773163255,-0.932886637485068,-0.000722842606486301
21.9,143.188150515391,138,18.6119400489839,26.9577659410188,-0.567924408063903,0.382781142737149,4.21884319330506,28.2857463671028,-0.934215900395182,-0.0027538153410796
21.9166666666667,142.464948732394,137,17.6119400489839,25.6569130874673,-0.615426101537389,0.335279449263663,4.18695113244502,27.0483804612777,-0.936764771403736,-0.00491193628032424
21.9333333333333,141.741181686612,137,17.6119400489839,24.3245590459399,-0.667366492415054,0.283339058385998,4.15433948860732,25.7852818139255,-0.941090210433543,-0.00723203587984926
21.95,141.017178088157,136,16.6119400489839,23.05863917599,-0.724043369988525,0.226662180812526,4.12093607288605,24.4928966696813,-0.947269208213209,-0.00972668610326275
21.9666666666667,140.293267216089,135,15.6119400489839,21.7580983402367,-0.776149045724486,0.174556505076566,4.08675095154731,23.2064369328786,-0.950279292469549,-0.0121447735049493
21.9833333333333,139.569779339707,134,14.6119400489839,20.4244488984797,-0.827916924532188,0.122788626268864,4.0518275318168,21.9128113210901,-0.952495026363098,-0.0145959192573946
22,138.847046206714,133,13.6119400489839,19.0593713373073,-0.881890855518917,0.0688146952821349,4.01615352685638,20.602705747997,-0.955294759906479,-0.0171485863693996
22.0166666666667,138.125401623827,133,13.6119400489839,17.6644527683743,-0.939394276654641,0.0113112741464106,3.97968507032457,19.269962446922,-0.95935078199312,-0.0198408090069382
22.0333333333333,137.405182049816,132,12.6119400489839,16.3373378291726,-1.000959668051,0,3.94236982821295,17.9108751610376,-0.964898244809974,-0.0226896092868985
22.05,136.686727171433,131,11.6119400489839,14.9767938474966,-1.06092102356201,0,3.90493069561647,16.5592116576509,-0.970176958092185,-0.025447373254038
22.0666666666667,135.970380453557,131,11.6119400489839,13.5861755087912,-1.12453834773697,0,3.86764529844965,15.1987367432971,-0.978512894979016,-0.0282194539159915
22.0833333333333,135.25648959505,130,10.6119400489839,12.2670000197829,-1.19380389610435,0,3.83051845215711,13.8188440195411,-0.990979588200705,-0.0310567595233359
22.1,134.545406923961,129,9.61194004898387,10.9216986932975,-1.25965253202083,0,3.79355477628603,12.4510733001584,-1.00261828975468,-0.0337175823095398
22.1166666666667,133.83748976932,129,9.61194004898387,9.55485460515699,-1.3257021201628,0,3.75675869956181,11.0814848868436,-1.01534254347969,-0.0363024646420665
22.1333333333333,133.133100837538,128,8.61194004898387,8.26694122608104,-1.39377420153188,0,3.72013446485097,9.70167566623388,-1.03011044808024,-0.0388611301506917
22.15,132.432608609754,128,8.61194004898387,6.95942277904694,-1.45495683276796,0,3.68368613401331,8.34423543117907,-1.04202523429042,-0.0411592785072293
22.1666666666667,131.736387768762,127,7.61194004898387,5.73227092525535,-1.51322576025468,0,3.64741759264584,6.99544777127691,-1.05317683682327,-0.043310005588089
22.1833333333333,131.044819657857,126,6.61194004898387,4.48649555338968,-1.56137160157185,0,3.61133255472058,5.68350448576005,-1.05957069176742,-0.0451282746356331
22.2,130.358292767917,126,6.61194004898387,3.2253759285706,-1.60470059722083,0,3.57543456711848,4.39106288815241,-1.06400881011177,-0.0467649181731257
22.2166666666667,129.6772032425,125,5.61194004898387,2.04819294600892,-1.64653436047449,0,3.53972701406165,3.10639133599612,-1.06824859452817,-0.0483132303202545
22.2333333333333,129.00195538302,125,5.61194004898387,0.855323257032147,-1.67926537099716,0,3.50421312144583,1.85891375189924,-1.06809735326653,-0.0495757943563937
22.25,128.33296212644,124,4.61194004898387,-0.254250114737496,-1.70798040460775,0,3.46889596107542,0.631967304658189,-1.06625311312526,-0.0506961893054597
22.2666666666667,127.670645455758,124,4.61194004898387,-1.38041288011831,-1.7263965174115,0,3.43377845480284,-0.548950026242918,-1.05923635614126,-0.0515139116377113
22.2833333333333,127.015436688077,124,4.61194004898387,-2.42441143842445,-1.74057482607879,0,3.3988633785744,-1.70360651920794,-1.05027650112765,-0.0521989247582227
22.3,126.36777656554,123,3.61194004898387,-3.39004782775276,-1.74493010983046,0,3.3641533663845,-2.8089416766408,-1.03628097209363,-0.0526088852501133
22.3166666666667,125.728115050235,123,3.61194004898387,-4.37737830774894,-1.73649873507745,0,3.32965091414012,-3.84967241511971,-1.01555542092715,-0.052675592633391
22.3333333333333,125.096910695129,123,3.61194004898387,-5.28777623318018,-1.72369805995872,0,3.29535838343744,-4.85339270934131,-0.992612149475503,-0.0526326896039847
22.35,124.47462942946,122,2.61194004898387,-6.12513111762285,-1.70255669300669,0,3.26127800525248,-5.80296525868192,-0.965251942102753,-0.0523796958002598
22.3666666666667,123.861742560528,122,2.61194004898387,-6.98955107651347,-1.6711582948577,0,3.22741188354745,-6.68752216341943,-0.932374489546509,-0.0518738508434564
22.3833333333333,123.258723758025,122,2.61194004898387,-7.78242931644025,-1.6385405295764,0,3.19376199879467,-7.53788350404748,-0.898858663973334,-0.0513620646765137
22.4,122.666044758457,122,2.61194004898387,-8.50764657880567,-1.60103546992837,0,3.16033021141973,-8.33920614720315,-0.862701318806559,-0.0507482800294068
22.4166666666667,122.084169516122,122,2.61194004898387,-9.16899412700084,-1.55679982032934,0,3.12711826516561,-9.08219110539317,-0.822872634334331,-0.0499879038906861
22.4333333333333,121.513546548165,121,1.61194004898387,-9.77016485510411,-1.50527554251707,0,3.09412779037935,-9.76172106197795,-0.779034900843374,-0.0490717924594465
22.45,120.954599292637,121,1.61194004898387,-10.4110284547619,-1.4467780152947,0,3.06136030722301,-10.3757858716293,-0.73132662325976,-0.0480141521734163
22.4666666666667,120.407714439069,121,1.61194004898387,-10.9927036173599,-1.39169073056423,0,3.02881722881041,-10.9615865499801,-0.685395167631429,-0.0470934806784434
22.4833333333333,119.873228414399,122,2.61194004898387,-11.518765747018,-1.33703798427256,0,2.99649986427121,-11.5087342029632,-0.639655748489175,-0.0462269373755485
22.5,119.351412511576,122,2.61194004898387,-11.8963921867477,-1.2811963780849,0,2.96440942174397,-12.0108974152815,-0.59324102248652,-0.0453701965755716
22.5166666666667,118.842456634829,122,2.61194004898387,-12.2312794597291,-1.2139902031131,0,2.93254701129954,-12.4278437799534,-0.540596583776671,-0.044255628398557
22.5333333333333,118.346447352064,122,2.61194004898387,-12.5264272849516,-1.13958313021359,0,2.90091364779635,-12.770788155178,-0.483939707788951,-0.0430023685847916
22.55,117.863351011996,122,2.61194004898387,-12.7847045480605,-1.06136813970502,0,2.869510253669,-13.0496146976259,-0.425098200830395,-0.0417050591679965
22.5666666666667,117.39300731573,123,3.61194004898387,-13.0088494321086,-0.98221983715637,0,2.83836692927938,-13.2730250637331,-0.36569401941096,-0.0404375314515274
22.5833333333333,116.935128001206,123,3.61194004898387,-13.1045688541074,-0.908357622844561,0.0423479279564907,2.808313792095,-13.4500852890959,-0.31062783567492,-0.0392545411730428
22.6,116.489300984046,123,3.61194004898387,-13.1735837640349,-0.833495247082869,0.117210303718183,2.77974410973341,-13.5538795664225,-0.257165718333013,-0.0379354022806771
22.6166666666667,116.055000114966,124,4.61194004898387,-13.2132964899033,-0.791260469608067,0.950705550801052,2.75858581836542,-13.608719200304,-0.234276044878313,-0.0365968747994526
22.6333333333333,115.631599994597,124,4.61194004898387,-13.0988194239499,-0.782523621632851,0.950705550801052,2.74500529321348,-13.6598148301315,-0.242402140228636,-0.0352241222044707
22.65,115.218394212265,125,5.61194004898387,-12.9100540457935,-0.755626040742102,0.950705550801052,2.73165101951593,-13.6532713263026,-0.239997995240899,-0.0334107968849354
22.6666666666667,114.814615112419,125,5.61194004898387,-12.5597164220882,-0.708868122030258,0.950705550801052,2.71851923121406,-13.5741022839299,-0.226032856454561,-0.0311286517808386
22.6833333333333,114.419454675163,126,6.61194004898387,-12.1585044767701,-0.63342323194456,0.950705550801052,2.70560622488534,-13.3787433349687,-0.19557562699695,-0.0281632055096759
22.7,114.032085352921,126,6.61194004898387,-11.6176332262145,-0.535659506448083,0.950705550801052,2.69290835870243,-13.0787957285111,-0.15195129313138,-0.0247074771082061
22.7166666666667,113.651679450829,126,6.61194004898387,-11.0463550587169,-0.412110390080244,0.950705550801052,2.6804220514096,-12.6500773912827,-0.0931617546289091,-0.0206891159419993
22.7333333333333,113.277426100629,126,6.61194004898387,-10.4507786437845,-0.272484459038922,0.950705550801052,2.668143781316,-12.1179826519318,-0.0243968768385407,-0.0163850194969697
22.75,112.908545317578,126,6.61194004898387,-9.83646819939433,-0.124678632869522,0.950705550801052,2.65607008530579,-11.504768456429,0.0500700946272811,-0.0120146073124476
22.7666666666667,112.544298987038,126,6.61194004898387,-9.20847533199199,0.0249914423497593,0.950705550801052,2.64419755786459,-10.8297927188512,0.126773024591608,-0.0077478654450983
22.7833333333333,112.183998887777,126,6.61194004898387,-8.57136993359584,0.171577062506758,0.950705550801052,2.63252285012221,-10.1097643313357,0.202949722600981,-0.00371269738118725
22.8,111.827012026733,126,6.61194004898387,-7.92927008676561,0.311299927775997,0.950705550801052,2.62104266891116,-9.35899463347304,0.276446304466848,-1.55791032269061e-06
22.8166666666667,111.47276364996,125,5.61194004898387,-7.28587093841486,0.441374116821232,0.950705550801052,2.6097537758409,-8.58964308126344,0.345629705945107,0.00332262550351251
22.8333333333333,111.120738326247,125,5.61194004898387,-6.74075512187797,0.55984654809379,0.950705550801052,2.5986529863874,-7.81195212966054,0.409308561171455,0.00622121969779421
22.85,110.770479491947,124,4.61194004898387,-6.19449780396998,0.655949719120439,0.950705550801052,2.58773716899785,-7.07141470504222,0.461465666825126,0.00842534262793094
22.8666666666667,110.421587813586,124,4.61194004898387,-5.7461875423405,0.733172862099126,0.950705550801052,2.57700324421023,-6.36283453668561,0.503813047637606,0.0100509021587082
22.8833333333333,110.073718680653,123,3.61194004898387,-5.29596076364767,0.784766622013293,0.950705550801052,2.56644818378751,-5.71961576950145,0.532499449897081,0.0109406139005141
22.9,109.726579092587,123,3.61194004898387,-4.94251876239488,0.787955783197194,0.950705550801052,2.56207334347894,-5.14340427142219,0.524182847850529,0.0113071593322731
22.9166666666667,109.37992415667,122,2.61194004898387,-4.58565848710777,0.76927108508588,0.950705550801052,2.5579020344823,-4.6482687722459,0.503960475326924,0.0110903798376349
22.9333333333333,109.033553369899,122,2.61194004898387,-4.32378601372716,0.767288092284637,0.950705550801052,2.54786139422047,-4.21708504741311,0.503768576210586,0.0105410368463358
22.95,108.687306820722,122,2.61194004898387,-4.05644397210706,0.748001542499258,0.950705550801052,2.53798499935849,-3.85126128896023,0.493900064185359,0.00955267823910085
22.9666666666667,108.341061412446,122,2.61194004898387,-3.78553921484821,0.718315665041265,0.950705550801052,2.52827016352339,-3.53153364823856,0.478022531145426,0.00832296043571234
22.9833333333333,107.994727183587,123,3.61194004898387,-3.51278889417995,0.683112216260659,0.950705550801052,2.51871424427428,-3.24374813391944,0.458750824079973,0.00698934803151882
23,107.648243782009,123,3.61194004898387,-3.14345003444484,0.645750261208985,0.950705550801052,2.50931464238402,-2.97769416278848,0.437903719213571,0.0056443666564374
23.0166666666667,107.301577126407,124,4.61194004898387,-2.78125294537508,0.617961936515141,0.950705550801052,2.5000688011326,-2.68923139830601,0.421901578586102,0.00459740351566778
23.0333333333333,106.954716279541,124,4.61194004898387,-2.33091726873613,0.596958889426464,0.950705550801052,2.49097420561211,-2.38570245774197,0.409304620521287,0.00376480501453539
23.05,106.607670545291,125,5.61194004898387,-1.89565283573324,0.590051356515298,0.950705550801052,2.48202838204298,-2.03625597397206,0.404170718754652,0.00333139813579756
23.0666666666667,106.260466793875,126,6.61194004898387,-1.37967643227274,0.591352018279908,0.950705550801052,2.47322889710153,-1.65816440348406,0.403387838291114,0.00312819247234212
23.0833333333333,105.913147013574,127,7.61194004898387,-0.789430601254855,0.606076584278499,0.950705550801052,2.46457335725837,-1.22787483819944,0.409868483401768,0.00328414847245178
23.1,105.565766083019,129,9.61194004898387,-0.131022496136728,0.636502575854496,0.950705550801052,2.45605940812777,-0.730963525385522,0.424949786094204,0.00384620916080846
23.1166666666667,105.218389755004,130,10.6119400489839,0.686052269762847,0.682877901801737,0.950705550801052,2.44768473382755,-0.159797212971349,0.44886862470261,0.0048061195531788
23.1333333333333,104.871092840833,132,12.6119400489839,1.5539805679292,0.753613618091272,0.950705550801052,2.43944705634945,0.525243143928078,0.486319697104246,0.00637043998818443
23.15,104.523957582869,133,13.6119400489839,2.56411882765876,0.811706864665407,1.76241241546646,2.43760729104409,1.30550401966455,0.505967818232024,0.00835841834144001
23.1666666666667,104.177072180753,134,14.6119400489839,3.63773988430962,0.856202570358486,1.80690812115954,2.44368063117865,2.16902027675465,0.504981235431576,0.0109428120819565
23.1833333333333,103.830528952235,135,15.6119400489839,4.79716628730053,0.919811378660559,1.87051692946161,2.4507944482567,3.11180536608784,0.513840147834617,0.0140746196012801
23.2,103.484421593027,136,16.6119400489839,6.03599583382305,1.00184360635971,1.95254915716077,2.45925727422077,4.14385096185828,0.531754389891128,0.0177574348017763
23.2166666666667,103.1388426635,136,16.6119400489839,7.34943447230435,1.10014858701014,2.05085413781119,2.46935256069004,5.26826967995137,0.557186615844125,0.0219533558112436
23.2333333333333,102.793881646062,136,16.6119400489839,8.63776379458294,1.21201693830628,2.16272248910733,2.48132228916872,6.48397356091231,0.588363423073049,0.0266060427105831
23.25,102.449623338863,135,15.6119400489839,9.90468070886691,1.32563941074786,2.27634496154891,2.49528002590939,7.75079044523571,0.61875594305506,0.0314054143792494
23.2666666666667,102.10614647651,135,15.6119400489839,11.0578332374996,1.4342076426519,2.38491319345295,2.51118620423639,9.04035689187731,0.644764545199268,0.036164204075263
23.2833333333333,101.763522503637,134,14.6119400489839,12.203052027653,1.52534276872781,2.47604831952887,2.52883616169784,10.2970925241182,0.659989752007071,0.0405338504909605
23.3,101.421814440685,132,12.6119400489839,13.2462213617526,1.60277571357415,2.5534812643752,2.54796354307437,11.5222946062714,0.666854548707076,0.0445936969648141
23.3166666666667,101.081075898052,131,11.6119400489839,14.0980123069326,1.66091592151327,2.61162147231432,2.56827992740368,12.6826126494127,0.66274011819031,0.0481719835654653
23.3333333333333,100.741350279279,129,9.61194004898387,14.8663009277937,1.68924211189374,2.6399476626948,2.58935832492606,13.7212948589927,0.642529835289769,0.0509551201094524
23.35,100.402670212534,127,7.61194004898387,15.4582422525002,1.69348803294408,2.64419358374513,2.61074287095262,14.6406783818445,0.609955708640182,0.0530640266728485
23.3666666666667,100.065057179503,124,4.61194004898387,15.8814979262595,1.66992348392526,2.62062903472632,2.63198830969209,15.4095407788345,0.563579609969512,0.0543673360133632
23.3833333333333,99.728521325548,122,2.61194004898387,16.0456418325828,1.61870414859628,2.56940969939734,2.65262244022886,16.0104478105801,0.504094131449611,0.054836614302831
23.4,99.3930615162826,119,-0.388059951016132,16.0571255297224,1.53301799652057,2.48372354732162,2.67211293650044,16.3985796452644,0.428474992188924,0.0542529051545843
23.4166666666667,99.0586656703864,117,-2.38805995101613,15.8217226522297,1.42077270760689,2.37147825840794,2.68994739934119,16.5846900976448,0.341643879290812,0.052794227482817
23.4333333333333,98.7253113040033,115,-4.38805995101613,15.4422452478469,1.27932912136228,2.23003467216334,2.70565116626815,16.543130975418,0.242727118781058,0.0503592482908807
23.45,98.3929662798925,113,-6.38805995101613,14.9176845933148,1.1183243104125,2.06902986121355,2.71881755467713,16.2967372898374,0.137407510879756,0.0471814436455766
23.4666666666667,98.0615898140252,111,-8.38805995101613,14.2461630148618,0.944410105242075,1.89511565604313,2.72917542941439,15.8635562121832,0.0295482864041794,0.0434246291408326
23.4833333333333,97.7311336815274,109,-10.3880599510161,13.4256024061416,0.761855215416868,1.71256076621792,2.73654457361647,15.256957717927,-0.0784128810518268,0.0391956155826381
23.5,97.4015436379646,108,-11.3880599510161,12.4541348837929,0.573150831547974,1.52385638234903,2.74080118415135,14.4862596717446,-0.185083820986667,0.0345577765924803
23.5166666666667,97.0727609688623,106,-13.3880599510161,11.4266060971928,0.383370471025187,1.23823340406994,2.74107802386793,13.5582525524163,-0.28630770060274,0.0295432843354311
23.5333333333333,96.744724154845,105,-14.3880599510161,10.2365413890594,0.199356067550227,1.10022260146372,2.7378726271646,12.5169314747853,-0.379438218699055,0.0244052127076559
23.55,96.4173706470292,104,-15.3880599510161,8.97932140589559,0.0102889788865887,0.958422284965993,2.73232434477872,11.3464971665527,-0.472520962894982,0.019008947093685
23.5666666666667,96.0906386945063,104,-15.3880599510161,7.65384579957292,-0.175962614635294,0.774742936165757,2.72401977396517,10.0712728915818,-0.560614673632032,0.0135148305440956
23.5833333333333,95.7644690341356,103,-16.3880599510161,6.35416309223465,-0.354713051248603,0.595992499552448,2.71267450118632,8.71001255270125,-0.640721741827313,0.00800970684637869
23.6,95.4388064387364,103,-16.3880599510161,4.9749941908084,-0.5162850838344,0.950705550801052,2.69850186988734,7.3116458947522,-0.707988826919241,0.00277306531822763
23.6166666666667,95.113601178533,102,-17.3880599510161,3.62932808035396,-0.715601425210565,0.950705550801052,2.69184825795508,5.85091736872325,-0.810917889162476,-0.00230196910091913
23.6333333333333,94.7888099752725,102,-17.3880599510161,2.23612051989541,-0.872251874579269,0.0784536762217828,2.67858616361801,4.35581743675169,-0.879915607479065,-0.00693377943182381
23.65,94.4643960052628,102,-17.3880599510161,0.86844679664342,-0.977299586413907,0,2.65630373252283,2.86677852617686,-0.905957939917082,-0.0112331248984623
23.6666666666667,94.1403292064421,102,-17.3880599510161,-0.503585350791994,-1.06925390345863,0,2.63307293219179,1.40402299969538,-0.924630911342692,-0.0151817730281274
23.6833333333333,93.8165879298614,102,-17.3880599510161,-1.87719043847229,-1.15566826127725,0,2.60984895382039,-0.0404462799402268,-0.941670073721299,-0.0188669187728406
23.7,93.4931604950335,102,-17.3880599510161,-3.24623903710284,-1.23840019273434,0,2.58666130363649,-1.47291619299918,-0.958040960797229,-0.0223424174865468
23.7166666666667,93.1700460462355,102,-17.3880599510161,-4.60450472774977,-1.31798392639963,0,2.5635148776923,-2.89561884191735,-0.973957023633263,-0.0256286303355446
23.7333333333333,92.8472548738471,102,-17.3880599510161,-5.94649057246527,-1.39413213836361,0,2.54041440422633,-4.3077197366731,-0.989189174107553,-0.0287236500334782
23.75,92.524808387918,102,-17.3880599510161,-7.26737683931336,-1.46610430701246,0,2.51736444780993,-5.70641152870744,-1.00326140254707,-0.03161378710703
23.7666666666667,92.2027388665681,102,-17.3880599510161,-8.56297108258667,-1.53296546068021,0,2.49436941340366,-7.08772869363056,-1.01558927515408,-0.0342808016593129
23.7833333333333,91.8810890589519,102,-17.3880599510161,-9.82966056739456,-1.59376185963563,0,2.47143355032519,-8.44714413747363,-1.02557492682099,-0.0367066928520528
23.8,91.5599116966664,102,-17.3880599510161,-11.0643670174688,-1.6476344682717,0,2.44856095613074,-9.77999652046121,-1.0326692843402,-0.038876680519889
23.8166666666667,91.2392689509315,102,-17.3880599510161,-12.2645036559251,-1.69388651190969,0,2.42575558041157,-11.0817872050684,-1.0364099384422,-0.0407808712428925
23.8333333333333,90.9192318618684,102,-17.3880599510161,-13.4279345007495,-1.73201776513019,0,2.40302122850746,-12.3483777275695,-1.03644122588932,-0.0424149880774733
23.85,90.599879758622,102,-17.3880599510161,-14.5529358698633,-1.7617353125465,0,2.38036156513877,-13.5761122227971,-1.0325215990366,-0.0437804534463331
23.8666666666667,90.2812996836841,102,-17.3880599510161,-15.638160044676,-1.78294821713868,0,2.35778011795874,-14.7618840188353,-1.02452217929693,-0.0448840438899034
23.8833333333333,89.9635858308456,102,-17.3880599510161,-16.682601035992,-1.79575171008345,0,2.33528028102774,-15.903161430036,-1.01241945502152,-0.045737279791601
23.9,89.6468390032922,102,-17.3880599510161,-17.6855623919122,-1.80040508504608,0,2.3128653182109,-16.9979844224309,-0.996284346152884,-0.04635566979849
23.9166666666667,89.3311660961636,102,-17.3880599510161,-18.6466269839051,-1.797306362194,0,2.29053836650092,-18.0449411487574,-0.976269279023767,-0.0467578960213267
23.9333333333333,89.016679606248,102,-17.3880599510161,-19.5656287044471,-1.78696592013756,0,2.26830243926738,-19.0431312225487,-0.952594463397882,-0.0469650002287761
23.95,88.7034971702302,102,-17.3880599510161,-20.4426260074795,-1.76998062676986,0,2.2461604294342,-19.9921209169219,-0.925534214681821,-0.0469996115433482
23.9666666666667,88.3917411319818,102,-17.3880599510161,-21.2778772213553,-1.74700949138601,0,2.22411511258662,-20.8918941479147,-0.895403896406758,-0.0468852413042213
23.9833333333333,88.0815381386838,102,-17.3880599510161,-22.0718175628878,-1.71875147724049,0,2.20216915000923,-21.7428020643285,-0.862547854758377,-0.0466456597402186
24,87.7730187650722,102,-17.3880599510161,-22.8250377805169,-1.68592582903533,0,2.18032509165644,-22.5455132589232,-0.827328564532697,-0.0463043610564263
