Tiempo_h,V_mgdL,g_mgdL,g1_mgdL,Kalman_mgdL,u,u_insu,IOB_U,z1,z2,z3
0,119.408256245904,113,-6.40825624590403,-9.40825624590403,-0,1.49969735131815,0,0,0,0
0.0166666666666667,119.408256245897,113,-6.40825624590403,-9.12419106651415,-0.817899175058844,0.681798176259306,0.0246551930477874,-3.61022098196276,-0.50606805799176,-0.0244249758781803
0.0333333333333333,119.408256264861,113,-6.40825624590403,-8.88562942301973,-1.22496424346645,0.49969735131815,0.0335160830860337,-6.10602659231043,-0.73177964995245,-0.0380567824516627
0.05,119.408256816643,113,-6.40825624590403,-8.72338523507615,-1.39631085223722,0.49969735131815,0.0418289362116484,-7.73668032339247,-0.814198560100357,-0.0442698454304468
0.0666666666666667,119.408260392102,114,-5.40825624590403,-8.63624114782955,-1.41450649568001,0.49969735131815,0.0501313444347163,-8.74782798062135,-0.803620288072382,-0.0457097723448501
0.0833333333333333,119.408273008636,114,-5.40825624590403,-8.52188105188017,-1.33877983058925,0.49969735131815,0.0584214725179576,-9.32970190800201,-0.7354945799708,-0.0443125335195877
0.1,119.408305237997,114,-5.40825624590403,-8.47354982872634,-1.20347438659437,0.49969735131815,0.0666975472981613,-9.58941333636836,-0.63037450654268,-0.0412039718166651
0.116666666666667,119.408372772145,114,-5.40825624590403,-8.48429710983214,-1.04207648200614,0.49969735131815,0.0749578561587049,-9.64564811907377,-0.508585922848804,-0.0374445716270581
0.133333333333333,119.408496670986,114,-5.40825624590403,-8.54763815228729,-0.881103491070803,0.618593860247347,0.0839478480803839,-9.5864450343302,-0.387936298467115,-0.0337391204251235
0.15,119.408703386719,114,-5.40825624590403,-8.65340043459982,-0.781581879398096,1.49969735131815,0.103107981270003,-9.49230765579647,-0.325427752581217,-0.0305102840569331
0.166666666666667,119.409024557932,114,-5.40825624590403,-8.76169585730391,-0.726193574162125,1.49969735131815,0.12797451044851,-9.44337840940648,-0.300959562714117,-0.0278613583451986
0.183333333333333,119.409496076046,114,-5.40825624590403,-8.84127135288378,-0.68283166188637,1.49969735131815,0.152811688523516,-9.43410294263491,-0.283061228460959,-0.0256561939961921
0.2,119.410156105963,114,-5.40825624590403,-8.89486159025586,-0.645732360452782,1.49969735131815,0.177613964470563,-9.44368103594011,-0.268292042546379,-0.0237078590341904
0.216666666666667,119.411043292144,114,-5.40825624590403,-8.92503153559297,-0.611124816603856,1.49969735131815,0.2023759744341,-9.4575157801311,-0.254395828205876,-0.0218954351289238
0.233333333333333,119.412195534947,114,-5.40825624590403,-8.9341822912697,-0.57669723356312,1.49969735131815,0.227092537126281,-9.46574227885448,-0.239988121410749,-0.0201457798574279
0.25,119.413649169245,114,-5.40825624590403,-8.92455710640834,-0.541185281908558,1.49969735131815,0.251758649325608,-9.46206554818057,-0.224314055013966,-0.0184195711797086
0.266666666666667,119.415438427907,114,-5.40825624590403,-8.8982475107322,-0.504057472080836,1.49969735131815,0.276369481473416,-9.44284732735818,-0.207062463859138,-0.0167007306657231
0.283333333333333,119.417595111013,114,-5.40825624590403,-8.85719952808364,-0.465277061734743,1.49969735131815,0.300920373366195,-9.40639267831337,-0.188224504766772,-0.0149884991346234
0.3,119.420148404349,114,-5.40825624590403,-8.80321993032269,-0.425124065291044,1.49969735131815,0.325406829941815,-9.35239642487935,-0.167987353143681,-0.0132915825448728
0.316666666666667,119.423124805645,114,-5.40825624590403,-8.73798249640012,-0.384064186251591,1.49969735131815,0.349824517157732,-9.28151701057097,-0.146655388171042,-0.0116239030983067
0.333333333333333,119.426548127557,114,-5.40825624590403,-8.66303424520621,-0.342654137305412,1.49969735131815,0.374169257959309,-9.19505152220734,-0.124592785191188,-0.0100015854624637
0.35,119.430439554162,114,-5.40825624590403,-8.57980161434388,-0.3014749582864,1.49969735131815,0.398437028336416,-9.09469067349457,-0.102182658342857,-0.00844088479424653
0.366666666666667,119.434817733632,114,-5.40825624590403,-8.4895965602736,-0.261086677931243,1.49969735131815,0.422623953466501,-8.98233666495697,-0.079798889383653,-0.00695682518000496
0.383333333333333,119.43969889415,114,-5.40825624590403,-8.39362255833756,-0.221999066624182,1.49969735131815,0.446726303942377,-8.85997019775487,-0.0577875818599431,-0.0055623669238176
0.4,119.445096973593,114,-5.40825624590403,-8.29298048400399,-0.184654355297434,1.49969735131815,0.470740492082987,-8.72955565426797,-0.036455727887631,-0.00426796106421978
0.416666666666667,119.451023756033,114,-5.40825624590403,-8.18867435928894,-0.149418700919225,1.49969735131815,0.49466306832545,-8.59297567980405,-0.0160651962657409,-0.00308138142621288
0.433333333333333,119.457489010101,114,-5.40825624590403,-8.08161695072348,-0.116579903090828,1.49969735131815,0.518490717696727,-8.4519881999394,0.0031694311037674,-0.00200774993501461
0.45,119.464500625737,114,-5.40825624590403,-7.97263520745006,-0.0863494532971627,1.49969735131815,0.542220256363275,-8.30820036320058,0.0210803132046392,-0.00104969107181283
0.466666666666667,119.472064746944,114,-5.40825624590403,-7.86247553006187,-0.0588674562726589,1.49969735131815,0.565848628257086,-8.16305507205771,0.0375439668283523,-0.000207567255004272
0.483333333333333,119.480185899019,114,-5.40825624590403,-7.75180886265499,-0.0342093246405754,1.49969735131815,0.589372901776551,-8.01782670841284,0.0524777079208077,0.000520240587923419
0.5,119.488867109307,114,-5.40825624590403,-7.64123560225389,-0.0123934321601615,1.49969735131815,0.612790266560597,-7.87362341562916,0.0658354123553583,0.00113703325681529
0.516666666666667,119.49811002101,114,-5.40825624590403,-7.53129032130605,0.0066108671745129,1.49969735131815,0.636098030334609,-7.73139390273762,0.0776029605175525,0.00164749278268022
0.533333333333333,119.50791499986,114,-5.40825624590403,-7.42244630033131,0.0228752748796972,1.49969735131815,0.659293615826646,-7.59193721656001,0.0877936282721655,0.00205739386796308
0.55,119.518281233726,114,-5.40825624590403,-7.31511986906375,0.0365049269666033,1.49969735131815,0.682374557752498,-7.45591430768087,0.09644360811332,0.00237333553056311
0.566666666666667,119.529206825338,114,-5.40825624590403,-7.20967455554876,0.0476313038439083,1.49969735131815,0.705338499868186,-7.3238605157727,0.103607783897888,0.00260249791351487
0.583333333333333,119.540688878452,114,-5.40825624590403,-7.10642504366215,0.0564057830700025,1.49969735131815,0.728183192088484,-7.19619833447818,0.109355836741461,0.00275242677794534
0.6,119.552723577796,113,-6.40825624590403,-7.00564094041141,0.0629938907788734,1.49969735131815,0.750906487670125,-7.07324999871497,0.113768725351568,0.00283084642473967
0.616666666666667,119.565306263209,113,-6.40825624590403,-7.00211973622803,0.0675702668467003,1.49969735131815,0.773506340458326,-6.95524957833394,0.116935558814867,0.002845500539012
0.633333333333333,119.578431498359,113,-6.40825624590403,-6.99557138493117,0.0620762250182887,1.49969735131815,0.795980802195353,-6.87864357111533,0.113846636216721,0.00255850614882471
0.65,119.592093134454,113,-6.40825624590403,-6.98635770849246,0.0503139159924758,1.49969735131815,0.818328019889803,-6.83151087953594,0.106781517403489,0.00209410330658701
0.666666666666667,119.606284369329,113,-6.40825624590403,-6.97481426860042,0.0350538002853816,1.49969735131815,0.840546233245375,-6.80477011050745,0.0974139965541508,0.00154138811937602
0.683333333333333,119.620997802281,113,-6.40825624590403,-6.96125157242974,0.0182720937375668,1.49969735131815,0.862633772147878,-6.79157862899296,0.0869494842994824,0.000962619416115779
0.7,119.636225484991,113,-6.40825624590403,-6.94595627057184,0.00133885028969466,1.49969735131815,0.884589054209263,-6.786849404798,0.0762341469654717,0.000399765528214469
0.716666666666667,119.651958968865,113,-6.40825624590403,-6.92919234207822,-0.0148337416888125,1.49969735131815,0.906410582367504,-6.78686375733856,0.0658412341553437,-0.000120362543007158
0.733333333333333,119.668189349092,112,-7.40825624590403,-6.91120226218165,-0.0296750407831225,1.49969735131815,0.928096942541153,-6.78896201738349,0.056139030408871,-0.000582109910282499
0.75,119.684907305677,112,-7.40825624590403,-6.98677752988799,-0.0428652561576968,1.49969735131815,0.949646801337431,-6.79129735987408,0.0473440472054173,-0.000977879898426669
0.766666666666667,119.702103141718,112,-7.40825624590403,-7.05564097593576,-0.0625033162245776,1.49969735131815,0.971058903812743,-6.8289299340997,0.0344581724060984,-0.00155126772328024
0.783333333333333,119.719766819141,112,-7.40825624590403,-7.11818404995156,-0.0849550771002165,1.49969735131815,0.992332071284514,-6.88908243022889,0.0196910437288717,-0.00218739160870006
0.8,119.737887992099,112,-7.40825624590403,-7.1747867224234,-0.107701735093256,1.49969735131815,1.01346519919327,-6.96221702978312,0.0045914752170965,-0.00280871090617155
0.816666666666667,119.756456038224,112,-7.40825624590403,-7.22581686248612,-0.129068998706368,1.49969735131815,1.03445725501393,-7.04133162782053,-0.00979496618325744,-0.00336564165408776
0.833333333333333,119.775460087901,111,-8.40825624590403,-7.271629743064,-0.148014104566069,1.49969735131815,1.05530727621525,-7.12139601792798,-0.0228015944548531,-0.00382922307433645
0.85,119.79488905171,111,-8.40825624590403,-7.40713704300318,-0.163959284427587,1.49969735131815,1.0760143682664,-7.19890178123532,-0.0340429729858944,-0.00418542442358198
0.866666666666667,119.814731646181,111,-8.40825624590403,-7.53218775927819,-0.184900517912122,1.49969735131815,1.09657770268975,-7.30779354624254,-0.0484429645112526,-0.0046762724870582
0.883333333333333,119.834976417979,111,-8.40825624590403,-7.64730422085596,-0.207210001949694,1.49969735131815,1.11699651515882,-7.43459499702596,-0.0637852909427733,-0.00518864547845912
0.9,119.855611766631,111,-8.40825624590403,-7.75300083278008,-0.228449485308278,1.49969735131815,1.13727010364047,-7.5693832187291,-0.0785612237716692,-0.0056489256766369
0.916666666666667,119.876625965903,111,-8.40825624590403,-7.84978240460997,-0.247072822898036,1.49969735131815,1.15739782658037,-7.70500406696695,-0.0917960488876363,-0.00601274271249265
0.933333333333333,119.898007183913,111,-8.40825624590403,-7.93814270811309,-0.2621930553245,1.49969735131815,1.17737910113091,-7.83644500519926,-0.102912646255011,-0.00625699776817149
0.95,119.919743502061,111,-8.40825624590403,-8.01856324635704,-0.273401186838513,1.49969735131815,1.19721340142056,-7.96033568969306,-0.111624884321718,-0.00637370733972672
0.966666666666667,119.941822932859,111,-8.40825624590403,-8.09151221725102,-0.280626238885783,1.49969735131815,1.21690025686388,-8.07455195193367,-0.117854886204422,-0.00636529278368063
0.983333333333333,119.964233436725,111,-8.40825624590403,-8.1574436554732,-0.284028128596733,1.49969735131815,1.23643925051125,-8.17790325955998,-0.121669339571391,-0.00624101355261608
1,119.986962937799,112,-7.40825624590403,-8.21679673759083,-0.283916536942406,1.49969735131815,1.25583001743752,-8.2698873891185,-0.123230936683882,-0.0060143006102399
1.01666666666667,120.009999338856,112,-7.40825624590403,-8.17542585496984,-0.280690252320471,1.49969735131815,1.27507224316878,-8.35049905046799,-0.122761780116874,-0.00570079431180127
1.03333333333333,120.03333053534,113,-6.40825624590403,-8.13421901712045,-0.266554448790664,1.49969735131815,1.29416566214635,-8.38379247339606,-0.115411976762928,-0.00507141650325484
1.05,120.056944428602,113,-6.40825624590403,-7.99879199002343,-0.245586383423499,1.49969735131815,1.31311005622728,-8.38235818671734,-0.103630245381801,-0.00425923618272006
1.06666666666667,120.080828938351,114,-5.40825624590403,-7.86978809563455,-0.212585318380157,1.49969735131815,1.33190525322053,-8.31974968907384,-0.0841525607783654,-0.00311610559569712
1.08333333333333,120.104972014391,114,-5.40825624590403,-7.65257421564942,-0.173395163178917,1.49969735131815,1.35055112545813,-8.21561881590721,-0.0605219309953506,-0.00182846515243021
1.1,120.129361647662,115,-4.40825624590403,-7.44754227403413,-0.123957413850517,1.49969735131815,1.3690475884005,-8.04867194888971,-0.0301953088631507,-0.000281000389535868
1.11666666666667,120.153985880621,116,-3.40825624590403,-7.15980675297124,-0.0707933670308259,1.49969735131815,1.38739459927518,-7.84222982210157,0.00284331737254458,0.00132207182905906
1.13333333333333,120.178832817014,117,-2.40825624590403,-6.79493814681669,-0.0101817351725286,1.49969735131815,1.40559215574845,-7.57752274785501,0.0409027934089283,0.00308909651247329
1.15,120.203890631046,118,-1.40825624590403,-6.35828049560117,0.0595005046400916,1.49969735131815,1.42364029462882,-7.24323095860191,0.0850188460109196,0.00506193927981413
1.16666666666667,120.229147575993,118,-1.40825624590403,-5.85494971127583,0.13842820729991,1.49969735131815,1.44153909060197,-6.83358410162035,0.135339344330142,0.00723773219990526
1.18333333333333,120.254591992283,119,-0.408256245904028,-5.38440259111503,0.225819934257662,1.49969735131815,1.45928865499636,-6.34687239474736,0.191417480491131,0.0095851393848283
1.2,120.280212315058,120,0.591743754095972,-4.85081880173303,0.312067259076531,1.49969735131815,1.4768891345788,-5.82057706107915,0.247328025223054,0.0118108259640701
1.21666666666667,120.30599708126,121,1.59174375409597,-4.25883890455827,0.39910266908907,1.49969735131815,1.49434071037944,-5.24588473180823,0.304221146791892,0.0139759728430606
1.23333333333333,120.331934936249,121,1.59174375409597,-3.61288593910289,0.487704538493944,1.49969735131815,1.5116435965455,-4.61820002235493,0.362548222437229,0.0161051907964714
1.25,120.358014639981,122,2.59174375409597,-3.01173669513783,0.577873223324749,1.49969735131815,1.52879803922304,-3.93601719332596,0.422285207886702,0.0181990329584234
1.26666666666667,120.384225072761,122,2.59174375409597,-2.3589056461932,0.660874671541423,1.49969735131815,1.5458043154663,-3.23633097749738,0.477996717618147,0.0199977404337321
1.28333333333333,120.410555240599,123,3.59174375409597,-1.75295402035467,0.739546123422869,1.49969735131815,1.56266273217391,-2.50936736030077,0.531351507141218,0.0215958310308713
1.3,120.436994280179,123,3.59174375409597,-1.09719397138525,0.79764178859962,1.49969735131815,1.58133423216909,-1.78619795055094,0.568219004021737,0.0228042656882036
1.31666666666667,120.463531463459,123,3.59174375409597,-0.489997204624793,0.804157956540026,2.30385530785818,1.60922729982627,-1.0859203510582,0.554424300018601,0.0238161085885223
1.33333333333333,120.490156182578,124,4.59174375409597,0.0988967485489407,0.801556573160425,2.30125392447858,1.63748202571778,-0.433446132420821,0.534445114672986,0.0246076254590003
1.35,120.516857476985,124,4.59174375409597,0.790843365600425,0.802395858600088,2.30209320991824,1.66405802253864,0.181310408638097,0.520151908862427,0.0252605095106438
1.36666666666667,120.543622659596,124,4.59174375409597,1.48143534313996,0.802467737514987,2.30216508883314,1.69222852170253,0.812178006578903,0.502184823176007,0.0261346800237514
1.38333333333333,120.570436094299,124,4.59174375409597,2.167449441209,0.802302826481419,2.30200017779957,1.72164227460627,1.45160106057777,0.481684307336361,0.0271887655892083
1.4,120.597278463983,124,4.59174375409597,2.84600113284667,0.807712045781171,2.30740939709932,1.75094053944569,2.09292342889381,0.465108846811544,0.0283920912825859
1.41666666666667,120.624126380058,125,5.59174375409597,3.51474234972417,0.817481042825452,2.3171783941436,1.78020338501779,2.73556173631873,0.451570701574137,0.0297149924608463
1.43333333333333,120.650952227914,125,5.59174375409597,4.26654257617133,0.830346539789843,2.33004389110799,1.80949013079765,3.3775801463024,0.44018844100718,0.0311244331428126
1.45,120.677724175142,125,5.59174375409597,4.99972195516859,0.853050359365263,2.35274771068341,1.83891160919439,4.05263634411007,0.4349289210405,0.0328348011037688
1.46666666666667,120.704406264872,125,5.59174375409597,5.71392974762907,0.880581350623644,2.38027870194179,1.86858513097056,4.74563438560313,0.432522042717953,0.0347036015684711
1.48333333333333,120.730958528842,125,5.59174375409597,6.40945466151557,0.909531271432697,2.40922862275085,1.8985584318711,5.44462617348537,0.430797919295147,0.0366310852203598
1.5,120.757337130847,124,4.59174375409597,7.08686214660454,0.937761743569973,2.43745909488812,1.92883355759691,6.140691348963,0.428441442923627,0.038552235448287
1.51666666666667,120.78349451381,124,4.59174375409597,7.65219997540051,0.964078088985999,2.46377544030415,1.95938522727892,6.82753688538713,0.424760852281142,0.0404284599876176
1.53333333333333,120.809379564218,124,4.59174375409597,8.20649295761858,0.980056893245294,2.47975424456344,1.99010250667379,7.4648110637696,0.414748909900069,0.0419944427183001
1.55,120.83493776993,124,4.59174375409597,8.74967774055991,0.989651759784109,2.48934911110226,2.0208454967669,8.06243362721959,0.40105467176304,0.0433588491028575
1.56666666666667,120.860111387752,124,4.59174375409597,9.28117340888798,0.995683452612254,2.4953808039304,2.05153047238693,8.62852567389007,0.385536399239754,0.0446008111059929
1.58333333333333,120.884839600161,123,3.59174375409597,9.80017539008715,1.00003534413453,2.49973269545268,2.08211264780956,9.16929616621067,0.369411379048193,0.0457743313280319
1.6,120.909058706892,123,3.59174375409597,10.2112773438569,1.00386645347157,2.50356380478972,2.11257237639658,9.68919881222684,0.35341036813701,0.0469135409594315
1.61666666666667,120.932702359382,123,3.59174375409597,10.6142030045922,0.999923500511273,2.49962085182942,2.14283320786084,10.1550440375142,0.333176107689208,0.0477922260793963
1.63333333333333,120.955701819374,122,2.59174375409597,11.0078527469262,0.992546549844912,2.49224390116306,2.17280232342998,10.5811700336023,0.311507769901453,0.0485352915357899
1.65,120.977986228744,122,2.59174375409597,11.2963349505797,0.984467486702729,2.48416483802088,2.20244530288378,10.9781426509712,0.290120276386676,0.0492237393973025
1.66666666666667,120.999482881797,122,2.59174375409597,11.5788605235066,0.96934198342527,2.46903933474342,2.23169133824314,11.3171102821654,0.265199699506129,0.0496597536020644
1.68333333333333,121.020117495252,121,1.59174375409597,11.853880947365,0.951950886339934,2.45164823765808,2.26046429497257,11.6153069158123,0.239783697518179,0.0499833001016222
1.7,121.039814499491,121,1.59174375409597,12.0251616278091,0.935159117752267,2.43485646907042,2.28875106945845,11.8850958054819,0.215630022868791,0.050281431706042
1.71666666666667,121.058497375711,121,1.59174375409597,12.1916864322882,0.91257058067469,2.41226793199284,2.31650274602419,12.0986359805578,0.188854077381381,0.0503567666707195
1.73333333333333,121.076088973087,120,0.591743754095972,12.3517870288953,0.888818014375441,2.38851536569359,2.343663353008,12.2736442014768,0.162367373531823,0.0503465876178835
1.75,121.092511811007,120,0.591743754095972,12.4091982140812,0.866581433028336,2.36627878434649,2.37023713853675,12.4226393958655,0.137784255521845,0.0503338711754899
1.76666666666667,121.107688403931,119,-0.408256245904028,12.4629413420859,0.839279938044742,2.33897728936289,2.39618944082589,12.5177553606827,0.111082457900918,0.0501168711391506
1.78333333333333,121.121541577665,119,-0.408256245904028,12.416863869082,0.81138186822594,2.31107921954409,2.42147562718503,12.5766024295371,0.0850536068993289,0.0498288561820034
1.8,121.133994788664,118,-1.40825624590403,12.369865162978,0.799683335005367,1.49969735131815,2.44153194363546,12.5829969281573,0.0793375238652243,0.0492982946991814
1.81666666666667,121.144972440685,118,-1.40825624590403,12.1985277141508,0.795886469276866,1.49969735131815,2.4587187766033,12.5725462381884,0.0837301085794954,0.0486244853344327
1.83333333333333,121.154400653489,118,-1.40825624590403,11.9789159676666,0.783382792930679,1.49969735131815,2.4744501170973,12.5046760399737,0.0849891806558776,0.0475236918289365
1.85,121.162208877081,117,-2.40825624590403,11.7173674024676,0.780053238269458,1.49969735131815,2.4851807443371,12.3912733671236,0.101209125836924,0.0460165534379242
1.86666666666667,121.168331285503,117,-2.40825624590403,11.3251667663829,0.761802836897693,1.49969735131815,2.4957192462538,12.233323132661,0.107472651210322,0.0441028019059335
1.88333333333333,121.172707628405,116,-3.40825624590403,10.90818867134,0.721093843060336,1.49969735131815,2.50606903037586,11.9896597343639,0.0990173613741276,0.0415730574643022
1.9,121.175283703985,116,-3.40825624590403,10.3766154759851,0.663165329124898,1.49969735131815,2.51623344426834,11.671648463667,0.0789472550829571,0.0386064480536766
1.91666666666667,121.176011567104,115,-4.40825624590403,9.8352603136596,0.584503866206281,1.49969735131815,2.52621577658116,11.2543832551799,0.044992900063909,0.0351149819314058
1.93333333333333,121.174849552872,115,-4.40825624590403,9.19328575053643,0.49289212388788,1.49969735131815,2.53601925807907,10.7608854010121,0.00186465335340745,0.0313506581788707
1.95,121.171762170808,115,-4.40825624590403,8.55452729931625,0.38626895175636,1.49969735131815,2.54564706265378,10.1743546069763,-0.0517589776045169,0.0272631592179511
1.96666666666667,121.166719910636,114,-5.40825624590403,7.92178168350268,0.273080565889736,1.49969735131815,2.55510230831847,9.52320546305595,-0.110700028318322,0.0231172295154544
1.98333333333333,121.15969898984,114,-5.40825624590403,7.20294214770258,0.159611843706944,1.49969735131815,2.56438805818503,8.83027057063314,-0.171050612922429,0.0191037190015712
2,121.150681065227,114,-5.40825624590403,6.50064151226543,0.0421795631309049,1.49969735131815,2.57350732142421,8.07747919266276,-0.23503039084889,0.0151095101580993
2.01666666666667,121.139652924747,114,-5.40825624590403,5.81653910881667,-0.0724145699746703,1.49969735131815,2.58246305420925,7.29125727570902,-0.298392149474895,0.0113380130163863
2.03333333333333,121.126606171386,114,-5.40825624590403,5.15202396582981,-0.179481820526725,1.49969735131815,2.59125816064292,6.49200584586083,-0.358146659847363,0.00792228760881539
2.05,121.111536907514,114,-5.40825624590403,4.50823739308344,-0.275967974065462,1.49969735131815,2.59989549366854,5.69527449189473,-0.412285408136683,0.00494178135590194
2.06666666666667,121.094445425539,114,-5.40825624590403,3.8860943277706,-0.360068929632344,1.49969735131815,2.60837785596513,4.91272180846874,-0.459556879853613,0.00243568175664663
2.08333333333333,121.075335908796,114,-5.40825624590403,3.28630347191579,-0.430923230844092,1.49969735131815,2.61670800082699,4.15289985680946,-0.499286769941911,0.000413510962784774
2.1,121.054216145175,114,-5.40825624590403,2.70938625348079,-0.488367396644031,1.49969735131815,2.62488863302795,3.42189344817272,-0.531234147991203,-0.00113652111106762
2.11666666666667,121.03109725497,114,-5.40825624590403,2.15569464581048,-0.532742381298362,1.49969735131815,2.63292240967061,2.72383983367885,-0.555476987364449,-0.00224097980444151
2.13333333333333,121.005993433631,115,-4.40825624590403,1.62542788192164,-0.564741544832195,1.49969735131815,2.64081194102081,2.06135002619263,-0.572321615204063,-0.00293613529305216
2.15,120.978921709603,115,-4.40825624590403,1.21321748266833,-0.585292218856694,1.49969735131815,2.64855979132757,1.43584934556855,-0.582231595007299,-0.00326407198353609
2.16666666666667,120.949901717038,115,-4.40825624590403,0.818523061719383,-0.587226261116665,1.49969735131815,2.65616847962872,0.884140951158258,-0.580668121127277,-0.00302422951898574
2.18333333333333,120.918955482899,115,-4.40825624590403,0.441382148938591,-0.575308309725298,1.49969735131815,2.66364048054256,0.39403541362085,-0.570437765384365,-0.00237906815662321
2.2,120.886107227845,115,-4.40825624590403,0.0817417106298844,-0.553294128884934,1.49969735131815,2.67097822504575,-0.0442757258515792,-0.553766977447011,-0.00145529212233412
2.21666666666667,120.85138318016,115,-4.40825624590403,-0.260531729659775,-0.524132202596047,1.49969735131815,2.67818410123759,-0.438689757279558,-0.53241683178825,-0.000351096635598861
2.23333333333333,120.814811401953,115,-4.40825624590403,-0.585642675872517,-0.49012639951283,1.49969735131815,2.68526045509104,-0.795573184323723,-0.507775733369108,0.000857995382847348
2.25,120.776421626843,116,-3.40825624590403,-0.893857919280621,-0.453066989569732,1.49969735131815,2.69220959119069,-1.12006906464639,-0.480934186516323,0.00211444136160633
2.26666666666667,120.736245108352,116,-3.40825624590403,-1.09092906193705,-0.414335972710227,1.49969735131815,2.6990337734578,-1.41634478094582,-0.452744990290219,0.00337491480767132
2.28333333333333,120.694314478257,116,-3.40825624590403,-1.27770384959514,-0.366753487578523,1.49969735131815,2.70573522586278,-1.65150211164994,-0.418767387194142,0.0048528049618865
2.3,120.650663614178,116,-3.40825624590403,-1.45438308238289,-0.314743319774245,1.49969735131815,2.71231613312527,-1.84032767483579,-0.381696291579736,0.00640795142738357
2.31666666666667,120.605327515749,116,-3.40825624590403,-1.62119543555994,-0.261497505494637,1.49969735131815,2.71877864140196,-1.99422318568834,-0.343500326105916,0.00794190636699315
2.33333333333333,120.558342188731,116,-3.40825624590403,-1.77839329821644,-0.209259386333105,1.49969735131815,2.72512485896245,-2.12191716858358,-0.305585693974812,0.00938803608971503
2.35,120.509744536495,116,-3.40825624590403,-1.92624894818037,-0.159547981531088,1.49969735131815,2.73135685685341,-2.23003707439128,-0.268926481418285,0.0107037156666798
2.36666666666667,120.459572258341,116,-3.40825624590403,-2.06505104537523,-0.113335051284573,1.49969735131815,2.73747666955108,-2.32356779338813,-0.234167840056375,0.0118642052217775
2.38333333333333,120.407863754168,115,-4.40825624590403,-2.19510142623431,-0.0711841247037559,1.49969735131815,2.74348629560239,-2.40621790095828,-0.201707316039927,0.0128578733037581
2.4,120.354658035046,115,-4.40825624590403,-2.41128156324821,-0.033359039761889,1.49969735131815,2.74938769825503,-2.48071112836289,-0.17175861950095,0.0136824957316995
2.41666666666667,120.299994639272,115,-4.40825624590403,-2.61343109695046,-0.00814623042625029,1.49969735131815,2.75518280607639,-2.58530657829954,-0.149505553178466,0.014096896461286
2.43333333333333,120.243913553555,115,-4.40825624590403,-2.80208162597451,0.00817831202898209,1.49969735131815,2.76087351356181,-2.7093903980042,-0.13275005965907,0.0142266372030665
2.45,120.186455138972,115,-4.40825624590403,-2.97777337767176,0.0184101389627375,1.49969735131815,2.76646168173218,-2.84481646143401,-0.119834792444118,0.014165202344
2.46666666666667,120.127660061401,115,-4.40825624590403,-3.14105160727318,0.0246189815885391,1.49969735131815,2.77194913872117,-2.9854082864877,-0.109526536050308,0.0139811566511339
2.48333333333333,120.067569226133,115,-4.40825624590403,-3.29246336429932,0.0283110407792083,1.49969735131815,2.77733768035216,-3.12655453347131,-0.100922594559268,0.0137238523337859
2.5,120.006223716407,115,-4.40825624590403,-3.43255460216726,0.0305584733717583,1.49969735131815,2.78262907070515,-3.26488127982671,-0.0933758905692864,0.0134279603624171
2.51666666666667,119.943664735647,115,-4.40825624590403,-3.56186760787063,0.0321022695888475,1.49969735131815,2.78782504267381,-3.39798718723339,-0.0864352730077823,0.0131170512743096
2.53333333333333,119.879933553156,115,-4.40825624590403,-3.68093872954966,0.0334336004906174,1.49969735131815,2.79292729851272,-3.52423010316008,-0.0797981584882073,0.0128064096938394
2.55,119.815071453089,115,-4.40825624590403,-3.7902963807154,0.0348577928201359,1.49969735131815,2.79793751037519,-3.64255565202508,-0.0732731487464414,0.0125052329862648
2.56666666666667,119.749119686517,115,-4.40825624590403,-3.89045930084149,0.0365443282915281,1.49969735131815,2.80285732084161,-3.75236004013257,-0.0667506944616183,0.0122183366212171
2.58333333333333,119.682119426402,115,-4.40825624590403,-3.98193505298225,0.0385656378435105,1.49969735131815,2.80768834343859,-3.85338068102261,-0.0601802287198999,0.0119474659230231
2.6,119.614111725338,115,-4.40825624590403,-4.06521874001394,0.0409269457675509,1.49969735131815,2.81243216314912,-3.94560939189002,-0.0535524842479166,0.0116922950784595
2.61666666666667,119.545137475907,115,-4.40825624590403,-4.14079192202243,0.0435889948691443,1.49969735131815,2.81709033691373,-4.02922385745647,-0.0468859479359324,0.0114511788504742
2.63333333333333,119.475237373514,115,-4.40825624590403,-4.20912171827218,0.0464851360792062,1.49969735131815,2.82166439412295,-4.10453383864608,-0.040216602926453,0.0112217098202558
2.65,119.404451881582,115,-4.40825624590403,-4.27066007808572,0.049533981016961,1.49969735131815,2.82615583710121,-4.1719392475897,-0.0335902700169511,0.0110011236609536
2.66666666666667,119.332821197112,115,-4.40825624590403,-4.32584320583649,0.0526485829615687,1.49969735131815,2.83056614158221,-4.23189774118456,-0.0270569924324417,0.0107865865286805
2.68333333333333,119.260385203222,115,-4.40825624590403,-4.3750911261098,0.055742921422391,1.49969735131815,2.83489675717609,-4.28489992209309,-0.02066701624784,0.0105753918038238
2.7,119.187183427266,115,-4.40825624590403,-4.41880737591411,0.0587363104630265,1.49969735131815,2.83914910782836,-4.33145059485422,-0.0144680071019484,0.0103650878495331
2.71666666666667,119.113255387829,115,-4.40825624590403,-4.45737881162735,0.0615562248797126,1.49969735131815,2.84332459227088,-4.37205481915869,-0.0085032158458984,0.0101535539439811
2.73333333333333,119.038642172037,115,-4.40825624590403,-4.49117551913817,0.0641399360836846,1.49969735131815,2.84742458446495,-4.40720774349683,-0.00281036431100772,0.00993903789800972
2.75,118.963384879664,115,-4.40825624590403,-4.52055081639013,0.0664352668078448,1.49969735131815,2.85145043403663,-4.43738739961527,0.0025789301326304,0.00972016593268504
2.76666666666667,118.887523819188,115,-4.40825624590403,-4.54584133825661,0.0684007070128674,1.49969735131815,2.85540346670449,-4.46304979923255,0.00763933413708866,0.00949593303228388
2.78333333333333,118.811098537775,115,-4.40825624590403,-4.56736719436499,0.0700050796869802,1.49969735131815,2.85928498469991,-4.48462580565864,0.0123516939742602,0.00926568010037072
2.8,118.734147845986,115,-4.40825624590403,-4.58543219115067,0.0712269022104381,1.49969735131815,2.86309626717997,-4.50251935964016,0.0167027341638855,0.0090290627419385
2.81666666666667,118.656709838157,115,-4.40825624590403,-4.60032411005446,0.072053554608857,1.49969735131815,2.86683857063322,-4.5171067252964,0.0206846261539612,0.00878601530079294
2.83333333333333,118.578821909175,115,-4.40825624590403,-4.6123150343804,0.0724803387203055,1.49969735131815,2.87051312927827,-4.5287364920493,0.024294478135531,0.00853671283918067
2.85,118.500520768304,114,-5.40825624590403,-4.62166171790631,0.0725094907122398,1.49969735131815,2.87412115545548,-4.53773012497743,0.0275337844088739,0.00828153300754479
2.86666666666667,118.421842450578,114,-5.40825624590403,-4.72317536994522,0.0721491924101233,1.49969735131815,2.87766384001178,-4.54438290151109,0.0304078627069595,0.00802101917654587
2.88333333333333,118.342822326216,114,-5.40825624590403,-4.81660327485312,0.0631745086368141,1.49969735131815,2.88114235267878,-4.58525430997957,0.0278210745736285,0.0075103323072188
2.9,118.26349510845,114,-5.40825624590403,-4.90236544231548,0.0492243139408675,1.49969735131815,2.88455784244424,-4.64857882444174,0.0219667204123008,0.00686707665876478
2.91666666666667,118.183894860082,113,-6.40825624590403,-4.98087392155607,0.0329109757095786,1.49969735131815,2.8879114379171,-4.72546498723579,0.0144335119491323,0.00617408951251995
2.93333333333333,118.104054999047,113,-6.40825624590403,-5.14710101907211,0.0160595181483511,1.49969735131815,2.89120424768606,-4.80928719605897,0.00634416061455633,0.00548778771035883
2.95,118.024008303202,113,-6.40825624590403,-5.30095949286599,-0.00834111259432966,1.49969735131815,2.89443736067196,-4.93148538432765,-0.00663876207902397,0.0045992264302822
2.96666666666667,117.943786914544,112,-7.40825624590403,-5.44303791106271,-0.0358910063686815,1.49969735131815,2.89761184647397,-5.07658164793902,-0.0218353516802137,0.00364710322390361
2.98333333333333,117.863422343008,112,-7.40825624590403,-5.66848818093469,-0.0635518539720079,1.49969735131815,2.90072875570972,-5.23306377364187,-0.0373729261886861,0.00272458087931173
3,117.782945469972,112,-7.40825624590403,-5.87740452280697,-0.0975541021723481,1.49969735131815,2.90378912034947,-5.42881450520173,-0.0570976580072744,0.00164523880865363
3.01666666666667,117.702386551596,111,-8.40825624590403,-6.07055773203253,-0.13303872806519,1.49969735131815,2.90679395404449,-5.64583144114258,-0.0780320584115623,0.000559893184079427
3.03333333333333,117.621775222062,111,-8.40825624590403,-6.34328172699651,-0.166743021310594,1.49969735131815,2.90974425244964,-5.870873700145,-0.0981485464274222,-0.000433624633400771
3.05,117.541140496796,110,-9.40825624590403,-6.59585164986794,-0.204840478872878,1.49969735131815,2.91264099354033,-6.13070285605918,-0.121241371618364,-0.00152224643057267
3.06666666666667,117.460510775745,110,-9.40825624590403,-6.92378673690677,-0.242530880292845,1.49969735131815,2.91548513792394,-6.40665375416598,-0.144353405988627,-0.0025591201638614
3.08333333333333,117.379913846724,109,-10.408256245904,-7.22754799193746,-0.284924827935768,1.49969735131815,2.91827762914577,-6.72145295651091,-0.170630427002723,-0.00369804703307672
3.1,117.299376888894,109,-10.408256245904,-7.60284008180391,-0.326518117059758,1.49969735131815,2.92101939398968,-7.05348793344346,-0.196680572065745,-0.00477092747440736
3.11666666666667,117.218926476397,108,-11.408256245904,-7.95030814324547,-0.371985307241434,1.49969735131815,2.92371134277343,-7.42338376112995,-0.225375488318895,-0.00591906807345047
3.13333333333333,117.13858858215,108,-11.408256245904,-8.36583891249255,-0.415582990367745,1.49969735131815,2.92635436963882,-7.80807922619452,-0.253168090196804,-0.00696819876063098
3.15,117.058388581828,107,-12.408256245904,-8.75025685982743,-0.461888163396358,1.49969735131815,2.92894935283688,-8.22724989667416,-0.282861191822128,-0.00805790984880435
3.16666666666667,116.978351258048,106,-13.408256245904,-9.19962473353691,-0.505158982092946,1.49969735131815,2.9314971550079,-8.65726252435719,-0.310900090240722,-0.00901524293444857
3.18333333333333,116.898500804741,106,-13.408256245904,-9.70950857001144,-0.550040695384098,1.49969735131815,2.93399862345668,-9.11750217479981,-0.340121875337973,-0.00998305205851635
3.2,116.818860831736,105,-14.408256245904,-10.1810896109641,-0.59914003283758,1.49969735131815,2.93645459042293,-9.62054061987529,-0.372137559745548,-0.0110383075545135
3.21666666666667,116.739454369532,105,-14.408256245904,-10.7107839564527,-0.645376998400569,1.49969735131815,2.93886587334688,-10.137525098908,-0.402575725592061,-0.0119665007466006
3.23333333333333,116.660303874276,105,-14.408256245904,-11.1999368254174,-0.692533264836986,1.49969735131815,2.94123327513033,-10.6840896425543,-0.433739978689812,-0.0128845683464998
3.25,116.581431232927,104,-15.408256245904,-11.6505520910165,-0.734465063597388,1.49969735131815,2.94355758439306,-11.2339018063436,-0.461814635399393,-0.0136094534270324
3.26666666666667,116.502857768605,104,-15.408256245904,-12.1591747048596,-0.767456780157934,1.49969735131815,2.94583957572479,-11.7683771921732,-0.484442355274992,-0.0140371015967262
3.28333333333333,116.424604246115,103,-16.408256245904,-12.6272652315424,-0.797805784669083,1.49969735131815,2.94808000993268,-12.31118328579,-0.505444814018672,-0.0143657068059594
3.3,116.346690877638,103,-16.408256245904,-13.1514996671569,-0.798558960453154,1.49969735131815,2.94562354015178,-12.8290873543408,-0.498685437960939,-0.0144853543698835
3.31666666666667,116.269137328584,103,-16.408256245904,-13.6334645344207,-0.803716979861766,0.695980371456384,2.94384917228422,-13.345658520135,-0.496209474144145,-0.0146285091615354
3.33333333333333,116.191962742335,102,-17.408256245904,-14.1033367364637,-0.799496261668399,1.49969735131815,2.94066111241508,-13.8429800664305,-0.485219478071982,-0.0146931033907828
3.35,116.11518619125,102,-17.408256245904,-14.6545077677207,-0.799565302335706,1.49969735131815,2.93872271713737,-14.324069220609,-0.479588836618444,-0.014697344802488
3.36666666666667,116.038827568164,102,-17.408256245904,-15.157922945305,-0.792197848548353,0.707499502769797,2.93398222457081,-14.8245236803867,-0.463753551102239,-0.0148898314968974
3.38333333333333,115.96290747987,101,-18.408256245904,-15.6438502003159,-0.755822900861096,0.743874450457054,2.9230404779814,-15.3004307297865,-0.41763366846527,-0.0151304536766528
3.4,115.887447242462,101,-18.408256245904,-16.2324758326049,-0.72493624092969,0.77476111038846,2.91263611995627,-15.7447368797449,-0.376474976878738,-0.0154601773549469
3.41666666666667,115.812469872996,101,-18.408256245904,-16.817669904282,-0.710220039177259,0.789477312140891,2.90258342454647,-16.212619370118,-0.346512794755112,-0.016221020265342
3.43333333333333,115.738000997158,101,-18.408256245904,-17.3953440817953,-0.708169020862882,0.791528330455269,2.89264600268725,-16.7022928964208,-0.3251829549651,-0.0173275896544309
3.45,115.664069338884,101,-18.408256245904,-17.9628913245907,-0.715369579253891,0.78432777206426,2.88264539193653,-17.2091325108253,-0.310079658485666,-0.0186920054337661
3.46666666666667,115.590706900646,101,-18.408256245904,-18.5187976394964,-0.728845217786013,0.770852133532138,2.87245641634858,-17.7274486925144,-0.299157894490608,-0.0202349051369178
3.48333333333333,115.517948977956,100,-19.408256245904,-19.0623090858865,-0.746197732224965,0.753499619093185,2.86199858900978,-18.2515888342355,-0.290804288998716,-0.0218905553572498
3.5,115.445834110959,100,-19.408256245904,-19.6877358834319,-0.765619989758643,0.734077361559507,2.85122630051239,-18.7765436830343,-0.283827505964687,-0.0236081415706651
3.51666666666667,115.374404032171,100,-19.408256245904,-20.2946353029045,-0.79372324749158,0.705974103826571,2.84004785584503,-19.3343887584245,-0.282146524866605,-0.0255964178935262
3.53333333333333,115.30370357243,100,-19.408256245904,-20.883682865541,-0.825607578568466,0.674089772749684,2.82836512137077,-19.9094884827954,-0.282591246326834,-0.0277146425367306
3.55,115.233780549471,100,-19.408256245904,-21.4559999296836,-0.85809602961474,0.641601321703411,2.81614661872704,-20.4900307652011,-0.283160167528027,-0.029868749485248
3.56666666666667,115.164685717492,100,-19.408256245904,-22.012819847655,-0.889320959806305,0.610376391511845,2.80340235189024,-21.0676263569146,-0.282723490960854,-0.0320009852824914
3.58333333333333,115.096472763621,101,-18.408256245904,-22.5552949795952,-0.918348974717443,0.581348376600707,2.79016522244412,-21.6367070569192,-0.280761465206035,-0.034080123766592
3.6,115.029198308964,101,-18.408256245904,-22.989833463258,-0.944869278677081,0.554828072641069,2.77647816326884,-22.1938806002817,-0.277151548548455,-0.0360930988897567
3.61666666666667,114.962921944352,101,-18.408256245904,-23.4176891884984,-0.961065273270458,0.538632078047692,2.76245745415982,-22.7011580297118,-0.267265277885819,-0.0377927484894525
3.63333333333333,114.897706295208,101,-18.408256245904,-23.8389614038912,-0.971275662904968,0.528421688413182,2.74824018222094,-23.1702941235844,-0.253981138215769,-0.0392998353419064
3.65,114.833617152032,101,-18.408256245904,-24.2532061115315,-0.978539965093634,0.521157386224517,2.73390232414649,-23.6107798249256,-0.239276936165528,-0.040700933314839
3.66666666666667,114.77072364714,101,-18.408256245904,-24.6597530073024,-0.984843115114782,0.514854236203368,2.71947832902941,-24.0298130988107,-0.224413745301492,-0.0420541225146136
3.68333333333333,114.709098532684,102,-17.408256245904,-25.0579074684678,-0.99136871807342,0.50832863324473,2.70497652328607,-24.4325427497643,-0.210117702633892,-0.0433953325428119
3.7,114.648818675682,102,-17.408256245904,-25.3524969856351,-0.998728592270642,0.500968759047508,2.69039048313026,-24.822435056838,-0.196740186368587,-0.0447443294500731
3.71666666666667,114.58996584055,102,-17.408256245904,-25.6435451591664,-0.999266725923444,0.500430625394706,2.67577849346797,-25.1654906920481,-0.17964696300801,-0.0458642225815422
3.73333333333333,114.532627967869,103,-16.408256245904,-25.9302766863632,-0.997044185094074,0.502653166224077,2.66122087798598,-25.4754512415053,-0.161446003808746,-0.0468724990220004
3.75,114.476901434174,103,-16.408256245904,-26.1171208485833,-0.99461222631068,0.50508512500747,2.6467433864249,-25.7624923742249,-0.14372804277187,-0.0478453951826352
3.76666666666667,114.422895442743,104,-15.408256245904,-26.3035889045675,-0.985519205866027,0.514178145452124,2.63241055755107,-25.99754957627,-0.122604154664863,-0.0485823452114985
3.78333333333333,114.370741298379,104,-15.408256245904,-26.3938335395054,-0.9744898989157,0.52520745240245,2.61829362775173,-26.1977830458579,-0.101070888141779,-0.0492220003934282
3.8,114.320598963999,105,-14.408256245904,-26.4869066601329,-0.956479746388693,0.543217604929457,2.60447306151224,-26.3394065795809,-0.0761254659428659,-0.049605438716509
3.81666666666667,114.272640384293,106,-13.408256245904,-26.4864650340668,-0.937039919961996,0.562657431356154,2.59101764188333,-26.4433388374413,-0.0512640240801419,-0.0498968484163549
3.83333333333333,114.227031390535,106,-13.408256245904,-26.3965424834027,-0.911539152380594,0.588158198937557,2.57799523205996,-26.4883048649326,-0.0237136033445745,-0.0499511160053184
3.85,114.183922892174,107,-12.408256245904,-26.3154837154556,-0.877780824302303,0.621916527015847,2.56552913188533,-26.4606008661138,0.00771605248557066,-0.0496926281949701
3.86666666666667,114.143447693605,108,-11.408256245904,-26.1460986446113,-0.843055851616869,0.656641499701281,2.5536931597154,-26.3884814510877,0.0384588646568085,-0.0493383940348459
3.88333333333333,114.105720247871,108,-11.408256245904,-25.8916128636039,-0.803666058857955,0.696031292460196,2.54253828629459,-26.2556920285761,0.0707483928824926,-0.0487734140169989
3.9,114.070837873159,109,-10.408256245904,-25.6496938110216,-0.757798030410547,0.741899320907604,2.53216021047761,-26.0517296738345,0.105589568710873,-0.0479363182613715
3.91666666666667,114.038882550467,110,-9.40825624590403,-25.3226397383098,-0.712779232583366,0.786918118734785,2.5226018364201,-25.8067066652145,0.138448024652339,-0.047048036011493
3.93333333333333,114.009922838458,110,-9.40825624590403,-24.9133291839444,-0.664752288828175,0.834945062489975,2.51388436548997,-25.5052947458198,0.171706153971005,-0.0459913785256554
3.95,113.984015686934,111,-8.40825624590403,-24.5192266566088,-0.611653941978058,0.888043409340093,2.50607721129979,-25.1373161062277,0.206566612892165,-0.0446996827882611
3.96666666666667,113.961208049959,112,-7.40825624590403,-24.042542722309,-0.560539248105351,0.939158103212799,2.49920138654935,-24.732854924142,0.238698541213264,-0.0433874831311045
3.98333333333333,113.941538265155,112,-7.40825624590403,-23.4861532583895,-0.50729586912839,0.992401482189761,2.49326061519694,-24.2763765524288,0.270669198397449,-0.0419313185042166
4,113.925037200461,112,-7.40825624590403,-22.9475776147004,-0.449643101384967,1.05005424993318,2.48831077592095,-23.7574335449404,0.30383608000029,-0.0402590345636473
4.01666666666667,113.911729186659,113,-6.40825624590403,-22.4236851802395,-0.392462942553824,1.10723440876433,2.48437949178457,-23.205872225277,0.333904505304796,-0.0385807063146623
4.03333333333333,113.901632761075,113,-6.40825624590403,-21.8169085336551,-0.341550725409855,1.1581466259083,2.48140628424925,-22.6422162375934,0.358719476087499,-0.0370148823028449
4.05,113.894761249556,113,-6.40825624590403,-21.2252328108476,-0.290435542088693,1.20926180922946,2.47934343435063,-22.0434054260053,0.382376495255768,-0.0353705460510958
4.06666666666667,113.891123212744,113,-6.40825624590403,-20.6463922411489,-0.243212295378413,1.25648505593974,2.47815573433652,-21.4295633961842,0.402446705592102,-0.0337766247627804
4.08333333333333,113.890722780506,114,-5.40825624590403,-20.0784328229229,-0.201823591335185,1.29787375998297,2.47775861408318,-20.814096890034,0.417900008892709,-0.0323005960121579
4.1,113.893559912155,114,-5.40825624590403,-19.4253276682622,-0.166805770499115,1.33289158081904,2.47804753204241,-20.2053183511524,0.428598049646129,-0.0309686454671541
4.11666666666667,113.899630625662,114,-5.40825624590403,-18.7866347168116,-0.129971081365958,1.36972626995219,2.47898803506875,-19.5717292231634,0.439655709001974,-0.0295357895034012
4.13333333333333,113.908927118384,114,-5.40825624590403,-18.1614405985683,-0.0946521310973732,1.40504522022078,2.48057841392088,-18.928068808454,0.449045655768458,-0.0281043742145292
4.15,113.921437839301,114,-5.40825624590403,-17.5488548126414,-0.0626400030714591,1.43705734824669,2.48277491319641,-18.284631923028,0.455754017298725,-0.026733337055414
4.16666666666667,113.93714758334,114,-5.40825624590403,-16.9481890578116,-0.0346722753019251,1.46502507601623,2.48551319890553,-17.6482051889914,0.459444755286469,-0.0254511884562024
4.18333333333333,113.956037554989,113,-6.40825624590403,-16.3590261450108,-0.0112157624333115,1.49969735131815,2.4888026999786,-17.0230468832117,0.459790144703737,-0.024266549136179
4.2,113.978085413617,113,-6.40825624590403,-15.8754136050875,0.00923615522923638,1.49969735131815,2.49233636646278,-16.4115945915304,0.458328496307217,-0.0231754857578019
4.21666666666667,114.003265342365,114,-5.40825624590403,-15.397326334408,0.0196474267346217,1.49969735131815,2.49590687496396,-15.8498949783672,0.451089322891446,-0.0224147898743465
4.23333333333333,114.031548116178,114,-5.40825624590403,-14.8319487305853,0.0237589025348968,1.49969735131815,2.49951211046702,-15.3257319969372,0.440299463648125,-0.021861381979401
4.25,114.062901209995,114,-5.40825624590403,-14.2812878323358,0.0323716518392502,1.49969735131815,2.50315001671696,-14.7941300159055,0.432593542839128,-0.0211861179977513
4.26666666666667,114.097288953167,114,-5.40825624590403,-13.7464542947268,0.0435632310096816,1.49969735131815,2.50681859487165,-14.2610760224328,0.426807341819786,-0.0204508993224101
4.28333333333333,114.134672711217,114,-5.40825624590403,-13.2283598834909,0.055817907176171,1.49969735131815,2.51051590218292,-13.7316420384433,0.422012163711067,-0.0197033056418919
4.3,114.175011082,114,-5.40825624590403,-12.7277346360033,0.0679696576797002,1.49969735131815,2.51424005070513,-13.2100656789667,0.417483563213023,-0.0189787910876178
4.31666666666667,114.218260097617,114,-5.40825624590403,-12.2451430492553,0.0791496961710871,1.49969735131815,2.51798920603099,-12.6998322968359,0.412672226774865,-0.0183026708907246
4.33333333333333,114.264373426226,114,-5.40825624590403,-11.7809993210041,0.0887388727553099,1.49969735131815,2.52176158605385,-12.2037559244042,0.407177286576439,-0.0176918950201121
4.35,114.313302569821,114,-5.40825624590403,-11.3355816720908,0.0963250436620173,1.49969735131815,2.52555545975601,-11.7240570755108,0.400722195121846,-0.0171566129820672
4.36666666666667,114.364997055458,114,-5.40825624590403,-10.9090457794011,0.101665326285763,1.49969735131815,2.5293691460226,-11.2624361254215,0.39313317340094,-0.0167015392383059
4.38333333333333,114.419404618314,114,-5.40825624590403,-10.501437350113,0.104653031664068,1.49969735131815,2.5332010124804,-10.8201414835654,0.384320165038367,-0.0163271321182977
4.4,114.476471375754,114,-5.40825624590403,-10.112703868772,0.105288985461674,1.49969735131815,2.53704947436118,-10.398032146453,0.374260174020501,-0.0160306011187288
4.41666666666667,114.536141991984,115,-4.40825624590403,-9.74270554937284,0.103656899915035,1.49969735131815,2.54091299338909,-9.99663449275415,0.362982828407889,-0.0158067584572036
4.43333333333333,114.598359833287,115,-4.40825624590403,-9.29665614398507,0.0999024347525894,1.49969735131815,2.54479007669152,-9.61619338049345,0.350557992095458,-0.0156487309605261
4.45,114.663067114005,115,-4.40825624590403,-8.87475121688226,0.102453683399843,1.49969735131815,2.54867927573309,-9.22042854371447,0.342189462818939,-0.0153030345880946
4.46666666666667,114.730205033634,115,-4.40825624590403,-8.47644071531659,0.107908680305732,1.49969735131815,2.55257918527215,-8.8211655689209,0.335815690701339,-0.0148779111545129
4.48333333333333,114.799713905436,115,-4.40825624590403,-8.10111823158898,0.113912828493546,1.49969735131815,2.55648844233959,-8.42717379564879,0.329995440239165,-0.0144465312092313
4.5,114.871533277065,115,-4.40825624590403,-7.74813012581634,0.118909203535793,1.49969735131815,2.56040572523915,-8.04480707013707,0.323762687645307,-0.0140556687558131
4.51666666666667,114.945602043678,116,-3.40825624590403,-7.41678388820593,0.121940708959231,1.49969735131815,2.5643297525692,-7.67852171689901,0.316511210664997,-0.0137325285522235
4.53333333333333,115.021858554038,116,-3.40825624590403,-7.01178640137397,0.122494171644679,1.49969735131815,2.5682592822652,-7.33129404782434,0.307903256657258,-0.0134900852973093
4.55,115.100240710065,116,-3.40825624590403,-6.63286971947967,0.128616366130555,1.49969735131815,2.57219311066273,-6.96866661601961,0.302901908968735,-0.013085714675759
4.56666666666667,115.180686060291,116,-3.40825624590403,-6.27906120202015,0.136721292359916,1.49969735131815,2.57613007158044,-6.60360736717652,0.299324502807554,-0.0126322399140974
4.58333333333333,115.263131887629,117,-2.40825624590403,-5.94937040262675,0.144406541903484,1.49969735131815,2.58006903542261,-6.24552615829876,0.295692114384335,-0.0122031781687773
4.6,115.347515291849,117,-2.40825624590403,-5.5482265059608,0.150157630466348,1.49969735131815,2.58400890830104,-5.90105444000888,0.29105707539014,-0.0118429371759554
4.61666666666667,115.433773267097,117,-2.40825624590403,-5.17510327158156,0.161354101650542,1.49969735131815,2.58794863117564,-5.53838127944445,0.289971312087742,-0.0113292452451319
4.63333333333333,115.521842774804,118,-1.40825624590403,-4.82878832781821,0.173990827546294,1.49969735131815,2.59188717901355,-5.17234352594413,0.289989506343757,-0.0107871507166082
4.65,115.611660812252,118,-1.40825624590403,-4.41349983957155,0.185427546049039,1.49969735131815,2.59582355996634,-4.81362577249397,0.289479371398556,-0.0102965474442592
4.66666666666667,115.703164477079,118,-1.40825624590403,-4.02851130450383,0.202279728089983,1.49969735131815,2.59975681456487,-4.43339585639637,0.292523000582657,-0.00965860258928981
4.68333333333333,115.796291027956,118,-1.40825624590403,-3.67242066231137,0.220049285399901,1.49969735131815,2.6036860149316,-4.04863473785756,0.296367185997773,-0.00901288016019647
4.7,115.890977941658,119,-0.408256245904028,-3.34383612699434,0.235803291583854,1.49969735131815,2.60761026400981,-3.67152765603558,0.29919223276098,-0.00844729217949327
4.71666666666667,115.987162966725,119,-0.408256245904028,-2.94681254391111,0.247771746913653,1.49969735131815,2.61152869480959,-3.3105407249262,0.299876747453937,-0.00801190938436646
4.73333333333333,116.084784173891,119,-0.408256245904028,-2.58047523834783,0.263271832363286,1.49969735131815,2.61544046967003,-2.93499116099665,0.302917567926951,-0.0074841419549274
4.75,116.183780003459,120,0.591743754095972,-2.2432882057141,0.278366937098935,1.49969735131815,2.61934477953754,-2.56032119904394,0.305895889363151,-0.00698480963918356
4.76666666666667,116.28408930975,120,0.591743754095972,-1.83916967363965,0.290569353506398,1.49969735131815,2.62324084325971,-2.19744133221798,0.307259501532349,-0.00658720507628287
4.78333333333333,116.385651402792,120,0.591743754095972,-1.46711579609863,0.306696399380728,1.49969735131815,2.62712790689467,-1.81747673634356,0.311203178930178,-0.00608464453826547
4.8,116.488406087355,121,1.59174375409597,-1.12546866928929,0.322475805801225,1.49969735131815,2.63100524303534,-1.43718230251257,0.31510358066128,-0.00560839365897861
4.81666666666667,116.592293699472,121,1.59174375409597,-0.718031702566059,0.335206408962139,1.49969735131815,2.63487215014852,-1.06839850801388,0.317276951936501,-0.00523817487621381
4.83333333333333,116.697255140538,121,1.59174375409597,-0.343693107326713,0.35158158282556,1.49969735131815,2.63872795192838,-0.682887390924824,0.321840346527431,-0.00477083429518609
4.85,116.803231909113,122,2.59174375409597,-0.000693696125462856,0.367269365834468,1.49969735131815,2.6425719966641,-0.297818476251611,0.326131651795035,-0.00433912311026126
4.86666666666667,116.91016613051,122,2.59174375409597,0.40725797236778,0.379553793181523,1.49969735131815,2.64640365662136,0.0747195013791422,0.32845583570689,-0.00402285486065228
4.88333333333333,117.018000584274,123,3.59174375409597,0.781362337543844,0.39514363807147,1.49969735131815,2.65022232743736,0.462838864377561,0.332937428899693,-0.00361806014952545
4.9,117.126678729638,123,3.59174375409597,1.21803065703523,0.40974152141628,1.49969735131815,2.65402742752923,0.849332999401368,0.336933953067061,-0.00325612922339973
4.91666666666667,117.236144729043,123,3.59174375409597,1.61858190832359,0.428915208068901,1.49969735131815,2.65781839751538,1.25842751031126,0.343881481232287,-0.00276971845130257
4.93333333333333,117.346343469799,123,3.59174375409597,1.98497478303754,0.447564507222324,1.49969735131815,2.66159469964964,1.67000053069865,0.350648871539905,-0.00231546279426031
4.95,117.457220583974,124,4.59174375409597,2.31912301469438,0.462473514721366,1.49969735131815,2.66535581726784,2.06983566142132,0.355232074867895,-0.00198820786490092
4.96666666666667,117.568722466579,124,4.59174375409597,2.71746022623893,0.471811541409018,1.49969735131815,2.66910125424675,2.44826515180393,0.356461601696624,-0.00183806800524346
4.98333333333333,117.680796292127,124,4.59174375409597,3.08131731986074,0.482983965424008,1.49969735131815,2.67283053447488,2.83538027423681,0.358878759935562,-0.00163804183735937
5,117.793390029638,124,4.59174375409597,3.41265554919896,0.492236292708113,1.49969735131815,2.67654320133506,3.21558674077156,0.360168848433503,-0.00150188197935409
5.01666666666667,117.906452456158,124,4.59174375409597,3.71338285376632,0.497316304399544,1.49969735131815,2.68023881719858,3.57812970020597,0.358918910511726,-0.00149446456730692
5.03333333333333,118.019933168848,124,4.59174375409597,3.98535026368041,0.478488749542363,1.97818610086051,2.68768239769132,3.91217506654246,0.335201398407134,-0.00164433612525422
5.05,118.133782584033,124,4.59174375409597,4.24698855648071,0.43615429898379,1.93585165030194,2.69900103594738,4.19009675411927,0.289178726925766,-0.00190411504842219
5.06666666666667,118.247951650642,124,4.59174375409597,4.51319376835894,0.397116824471981,1.89681417579013,2.70961450869395,4.42643508143948,0.246801702558119,-0.00214324689564797
5.08333333333333,118.362391034684,123,3.59174375409597,4.77933696606945,0.364860817636382,1.86455816895453,2.71960795448816,4.64164671835414,0.210035189030247,-0.00224686047831176
5.1,118.477050476855,123,3.59174375409597,4.94707383057845,0.340544378607877,1.84024172992603,2.72910407443929,4.84808538202749,0.179359066810457,-0.00216790418810573
5.11666666666667,118.591878528217,123,3.59174375409597,5.11404976405631,0.316030059738973,1.81572741105712,2.73816078332259,5.0161207044136,0.149641231613803,-0.00214747381862789
5.13333333333333,118.706822513623,123,3.59174375409597,5.27783232689887,0.294385712191424,1.79408306350957,2.7468012813671,5.16090000239489,0.122702363138416,-0.00208913021343538
5.15,118.821828608312,122,2.59174375409597,5.4363625950331,0.276999328983154,1.7766966803013,2.75508515424973,5.29223085546903,0.0992746323833665,-0.00194456593534709
5.16666666666667,118.93684200553,122,2.59174375409597,5.49350952588737,0.264180018678871,1.76387736999702,2.76308560525158,5.4159370102301,0.0794085756939374,-0.00169728599660769
5.18333333333333,119.051807100677,122,2.59174375409597,5.5487010367784,0.247723530129004,1.74742088144715,2.77080384148678,5.49887728358515,0.0580326450928792,-0.00159565314595434
5.2,119.16666768942,121,1.59174375409597,5.60086289937872,0.231068805098394,1.73076615641654,2.77820916671392,5.55476075150952,0.0372902452641123,-0.00153683177266339
5.21666666666667,119.281367209574,121,1.59174375409597,5.55435081468324,0.216173905203958,1.71587125652211,2.78531527662519,5.59327367982829,0.018343531282528,-0.00145929570147776
5.23333333333333,119.395848964276,121,1.59174375409597,5.50876151172543,0.196076262623206,1.69577361394136,2.79208785799964,5.58469392231007,-0.00305821097776115,-0.00157665716760721
5.25,119.510056329706,121,1.59174375409597,5.46300557748474,0.175092093040514,1.67478944435866,2.79847823808354,5.54553211639049,-0.0242039593879305,-0.00176088853082428
5.26666666666667,119.623932942809,121,1.59174375409597,5.41590242907917,0.155756883434393,1.65545423475254,2.80449414974469,5.48763119202477,-0.0435679799913011,-0.00193335942820484
5.28333333333333,119.737422881392,121,1.59174375409597,5.36643336103919,0.139341621135191,1.63903897245334,2.81017451035242,5.41901321879409,-0.0604502843209767,-0.0020513375082619
5.3,119.85047091305,120,0.591743754095972,5.31386074535141,0.126279188827276,1.62597654014543,2.81557204819393,5.34477350189347,-0.0746857992120676,-0.00209652099434776
5.31666666666667,119.96302270487,120,0.591743754095972,5.16319065241801,0.116493341648742,1.61619069296689,2.82074220243729,5.26790012656694,-0.0864240775994519,-0.00206597973826382
5.33333333333333,120.075024974338,120,0.591743754095972,5.0147719775776,0.101750321137196,1.60144767245535,2.82566513899597,5.15378422217231,-0.100713744353547,-0.00221105204379241
5.35,120.186425625356,120,0.591743754095972,4.86823998786779,0.0856575467310291,1.58535489804918,2.83029039024761,5.01559903383444,-0.115269805160262,-0.00242570605668743
5.36666666666667,120.297173908535,120,0.591743754095972,4.72304214586161,0.0704303085830973,1.57012765990125,2.83461548746742,4.8630797873213,-0.128740620532939,-0.00264217828648134
5.38333333333333,120.407220549796,120,0.591743754095972,4.57866295817343,0.0572685741927744,1.55696592551092,2.83866600213664,4.70305518660094,-0.140442728281565,-0.00282126179924295
5.4,120.516517859347,120,0.591743754095972,4.43474075372468,0.046678571436873,1.54637592275502,2.84248140827272,4.54006402486971,-0.150139676137959,-0.00294375199823483
5.41666666666667,120.625019697188,120,0.591743754095972,4.29111178442976,0.0387278043851012,1.53842515570325,2.84610573823698,4.37694934537764,-0.157869955956309,-0.00300349169693907
5.43333333333333,120.732698038635,120,0.591743754095972,4.14780932288796,0.0332347359364062,1.53293208725456,2.84958192720214,4.21537342704884,-0.163821324787568,-0.00300207902045198
5.45,120.839562931872,120,0.591743754095972,4.0050380684799,0.029901161515706,1.52959851283386,2.85294882309165,4.05623125298961,-0.168244802963271,-0.00294508619912966
5.46666666666667,120.945623370711,120,0.591743754095972,3.86313783331881,0.0283981366890524,1.5280954880072,2.85623999879292,3.89996157263227,-0.171400192707322,-0.00283953569682547
5.48333333333333,121.050883255153,120,0.591743754095972,3.72254541596104,0.0284166641707428,1.52811401548889,2.85948368862066,3.74676658603023,-0.173525080774332,-0.00269235263778476
5.5,121.155342270163,120,0.591743754095972,3.58375977961616,0.0296932747662535,1.5293906260844,2.86270334923681,3.5967566041494,-0.174820258132406,-0.00250952895195319
5.51666666666667,121.258996630859,120,0.591743754095972,3.44731298756566,0.032018907542293,1.53171625886044,2.86591849960295,3.45003713395739,-0.175445818243873,-0.00229577346718345
5.53333333333333,121.361839714848,120,0.591743754095972,3.31374760487768,0.0352375969918173,1.53493494830997,2.86914561841236,3.30675447849931,-0.175523572464704,-0.00205446893698837
5.55,121.463862599061,120,0.591743754095972,3.1836002349442,0.039239698049853,1.538937049368,2.87239897059301,3.16711338461302,-0.175142669939124,-0.00178780287648471
5.56666666666667,121.565054515647,120,0.591743754095972,3.05739032309554,0.0439528691002157,1.54365022041837,2.87569130021927,3.03137734043251,-0.174366347255341,-0.00149697932242957
5.58333333333333,121.665403239182,120,0.591743754095972,2.93561316137523,0.0493328388707965,1.54903019018895,2.87903437043217,2.8998593182941,-0.173238538123152,-0.00118245124510525
5.6,121.764895415524,120,0.591743754095972,2.81873603892492,0.0553550974669835,1.55505244878513,2.88243935697997,2.77290833592302,-0.171789659535123,-0.000844138081499213
5.61666666666667,121.863516841028,119,-0.408256245904028,2.70719660651867,0.0620080357078255,1.56170538702598,2.88591711557547,2.65089526982739,-0.170041290643866,-0.000481610483945676
5.63333333333333,121.96125269949,119,-0.408256245904028,2.50683331552081,0.0692876586027658,1.56898500992092,2.88947834847838,2.53419990036455,-0.168009712715163,-9.42361011285418e-05
5.65,122.058087763059,119,-0.408256245904028,2.31850492896973,0.0693070465297238,1.56900439784787,2.89306211034144,2.38702412568472,-0.170449537425859,7.31020947027334e-05
5.66666666666667,122.1540065624,119,-0.408256245904028,2.14208122583092,0.0661308591841826,1.56582821050233,2.89658357840549,2.22222707125029,-0.174726693364043,0.000136902832320597
5.68333333333333,122.248993530608,119,-0.408256245904028,1.9770255316993,0.0624392486719198,1.56213659999007,2.90001361426106,2.04970658387974,-0.179149725568719,0.000176345440548484
5.7,122.343033124669,118,-1.40825624590403,1.82267525737194,0.0598472695614063,1.55954462087956,2.90335841891582,1.87665744888169,-0.182738934920445,0.000241208468438019
5.71666666666667,122.436109927728,118,-1.40825624590403,1.58383825844733,0.0592005186685845,1.55889786998673,2.9066443290665,1.70801445084984,-0.185019141564203,0.000359531748411796
5.73333333333333,122.528208734924,118,-1.40825624590403,1.3604955906493,0.0529377324459748,1.55263508376413,2.90983556830107,1.51077150992028,-0.19058987291944,0.000298665428654154
5.75,122.61931462514,118,-1.40825624590403,1.15182057312875,0.0451236441626488,1.5448209954808,2.9128750144262,1.29929335240792,-0.196864975541725,0.000177600445012859
5.76666666666667,122.709413020694,117,-2.40825624590403,0.956756272705138,0.0382587733126809,1.53795612463083,2.91575961248173,1.08410383715265,-0.202307605328362,7.2355258820515e-05
5.78333333333333,122.798489736684,117,-2.40825624590403,0.679703797446139,0.0336994046226026,1.53339675594075,2.91851791983338,0.872466876246103,-0.206134303336915,2.67815298267255e-05
5.8,122.886531021458,117,-2.40825624590403,0.420276759978994,0.0241308135920949,1.52382816491025,2.92112256751209,0.632893576781268,-0.212808339442815,-0.000183483330065149
5.81666666666667,122.973523590674,117,-2.40825624590403,0.177344090672244,0.0136907628085346,1.51338811412668,2.9235274128042,0.380648422153421,-0.219717642616627,-0.000436240795598379
5.83333333333333,123.059454684189,116,-3.40825624590403,-0.0503867851834747,0.00484873003368005,1.50454608135183,2.92574066669581,0.126713841773566,-0.225363396513868,-0.000655427070457714
5.85,123.144312174625,116,-3.40825624590403,-0.358686533508255,-0.00112415871912806,1.49857319259902,2.92780114256894,-0.121482485632311,-0.229031357606723,-0.000798896090807484
5.86666666666667,123.22808466188,116,-3.40825624590403,-0.648059589013306,-0.0116482986000115,1.48804905271814,2.92969011182995,-0.395446998537131,-0.235263636115875,-0.00109349307772385
5.88333333333333,123.31076153216,115,-4.40825624590403,-0.919713226722258,-0.0226912883704487,1.4770060629477,2.93136829940597,-0.680031442310447,-0.241523654800129,-0.00141965571070221
5.9,123.392332991685,115,-4.40825624590403,-1.26955526078671,-0.0318772637674625,1.46782008755069,2.9328491189365,-0.964411946658378,-0.246377964160548,-0.00170374961196165
5.91666666666667,123.472790083513,115,-4.40825624590403,-1.59833240929951,-0.0458986988758757,1.45379865244227,2.93410357767155,-1.27750218343728,-0.253906069578119,-0.00215128696139644
5.93333333333333,123.552124720655,114,-5.40825624590403,-1.90752324185631,-0.0602849061505519,1.4394124451676,2.93509173744922,-1.60229319022908,-0.261302406340553,-0.00262936474756963
5.95,123.630329767067,114,-5.40825624590403,-2.29329099086487,-0.0724307842907677,1.42726656702738,2.93583181765575,-1.92671116219582,-0.267001683848314,-0.00305691078261129
5.96666666666667,123.707399102469,114,-5.40825624590403,-2.65659927107651,-0.0889407267954969,1.41075662452265,2.93630220488191,-2.27889544661595,-0.275042177649752,-0.00363608817531672
5.98333333333333,123.783327652074,114,-5.40825624590403,-2.99909716880134,-0.105343853116412,1.39435349820174,2.93647102554146,-2.64141074060943,-0.282631874119514,-0.00423327502822924
6,123.858111420622,114,-5.40825624590403,-3.32250383136456,-0.119083479635327,1.38061387168282,2.93636413193075,-3.00199524412606,-0.288247886056538,-0.00476820970303072
6.01666666666667,123.931866754389,114,-5.40825624590403,-3.62834898359611,-0.130947383723931,1.36874996759422,2.93602121953703,-3.35255175232806,-0.291155494131005,-0.00519903687325381
6.03333333333333,124.005928335219,114,-5.40825624590403,-3.91792507077052,-0.138451659111385,1.36124569220677,2.93549611225313,-3.68808479444384,-0.291191164155571,-0.00550994099048499
6.05,124.082822126522,114,-5.40825624590403,-4.19224756428967,-0.141821733846337,1.35787561747181,2.93486085388414,-4.00592897852358,-0.288611085951323,-0.00570159292864928
6.06666666666667,124.163959635333,115,-4.40825624590403,-4.45200212844009,-0.141564260471853,1.3581330908463,2.93418112158686,-4.30502487418427,-0.283831263225548,-0.00578387650339269
6.08333333333333,124.2499630868,115,-4.40825624590403,-4.60303317498767,-0.138286508436519,1.36141084288163,2.93351315284922,-4.58529784909201,-0.277311973199073,-0.00577063667483639
6.1,124.342635098058,115,-4.40825624590403,-4.74602886069045,-0.124699216535808,1.37499813478234,2.93297461776094,-4.8110362799315,-0.264748085664139,-0.00543075055810852
6.11666666666667,124.444606921542,115,-4.40825624590403,-4.88057375868583,-0.105393727622517,1.39430362369563,2.93269759254361,-4.99543085805278,-0.249162472593193,-0.00489319670894938
6.13333333333333,124.558688757601,116,-3.40825624590403,-5.00578423632902,-0.0834823648277749,1.41621498649038,2.93275039540582,-5.14877202316505,-0.232562892539492,-0.00424750267959909
6.15,124.687660002979,116,-3.40825624590403,-5.02606127165727,-0.0609155253548288,1.43878182596332,2.93315953347592,-5.27860579072562,-0.216174335469046,-0.00355144359935049
6.16666666666667,124.834402941921,117,-2.40825624590403,-5.04090559787521,-0.03090022592444,1.46879712539371,2.93399802584736,-5.35395468392664,-0.19591378522452,-0.00259324570036471
6.18333333333333,125.003125922399,117,-2.40825624590403,-4.95444263784292,0.00199838832723011,1.50169573964538,2.93534965886622,-5.39064614737993,-0.174701434570794,-0.00150555691546547
6.2,125.20526206563,117,-2.40825624590403,-4.8656649104961,0.0428660495614025,1.54256340087955,2.93730903706885,-5.36400281208798,-0.149532928025237,-0.000126945889417035
6.21666666666667,125.470176891908,118,-1.40825624590403,-4.77270389395221,0.0861224279919868,1.58581977931014,2.93995911873279,-5.29436951063179,-0.123945508983707,0.00137874649450157
6.23333333333333,125.830697616239,118,-1.40825624590403,-4.5789873040228,0.128446968492791,1.62814431981094,2.94330952064835,-5.19628841716994,-0.0999686270977467,0.0029101823821432
6.25,126.296738598327,119,-0.408256245904028,-4.3831906895356,0.176021790233591,1.67571914155174,2.94740020981344,-5.04334168984642,-0.0738324053348909,0.00465736235562376
6.26666666666667,126.863323848185,119,-0.408256245904028,-4.08881889555897,0.22415855376821,1.72385590508636,2.95227604645006,-4.85409368019933,-0.0484627266403616,0.0064802778737047
6.28333333333333,127.521636242604,120,0.591743754095972,-3.79445464248225,0.278102861294671,1.77780021261282,2.95799318029333,-4.60532268177822,-0.0206894835723648,0.00854172649303666
6.3,128.263176765048,120,0.591743754095972,-3.40343877676226,0.33257276966783,1.83227012098598,2.96460003572095,-4.31798880312705,0.00619302975732356,0.0106838485407607
6.31666666666667,129.080188623212,121,1.59174375409597,-3.01418040728832,0.392476457635598,1.89217380895375,2.97214867165705,-3.9705673708857,0.0351561758569067,0.0130587406661597
6.33333333333333,129.965574517911,121,1.59174375409597,-2.529871302081,0.452374045656941,1.95207139697509,2.98067937457595,-3.58515066026215,0.0628234192048474,0.01550297401484
6.35,130.912819432334,122,2.59174375409597,-2.04881123910574,0.517132628043169,2.01682997936132,2.99023446815457,-3.14091863942376,0.0921578508625481,0.0181665136325763
6.36666666666667,131.91591892666,123,3.59174375409597,-1.47412550005499,0.581340658152942,2.08103800947109,3.00084443912261,-2.66036288814074,0.119816996113374,0.0208859240173696
6.38333333333333,132.969312568164,124,4.59174375409597,-0.809516937474967,0.64992901466918,2.14962636598733,3.01254260638885,-2.12285830941215,0.148818109570588,0.0238123266888078
6.4,134.067821901479,124,4.59174375409597,-0.0585949816543559,0.725449420943953,2.2251467722621,3.02542322357739,-1.51478882638168,0.180619579646914,0.0270295570624537
6.41666666666667,135.206592256655,125,5.59174375409597,0.680821697443326,0.808844508192715,2.30854185951087,3.03960850605142,-0.828018807980903,0.21564890891995,0.0305747319483105
6.43333333333333,136.381037732507,126,6.59174375409597,1.50642175087499,0.892166473962144,2.39186382528029,3.05515550403231,-0.0946203841488822,0.248968867881159,0.0342092103823161
6.45,137.586788690612,128,8.59174375409597,2.41538504303498,0.978860777765098,2.47855812908325,3.07209101674881,0.699212501317297,0.28270114887508,0.038038073566138
6.46666666666667,138.819641255574,129,9.59174375409597,3.49947190042674,1.07074061240413,2.57043796372228,3.09048458437513,1.56254149656632,0.317896019574423,0.0421203366539755
6.48333333333333,140.075508467137,130,10.591743754096,4.65559903144714,1.17639231464865,2.6760896659668,3.1104973664078,2.53686220058976,0.35962993730323,0.0467283681015539
6.5,141.350373133432,131,11.591743754096,5.88192737851795,1.29174950758581,2.79144685890396,3.13231943398333,3.61222616800651,0.405154121909738,0.0517521439616026
6.51666666666667,142.640242914293,133,13.591743754096,7.17728560681222,1.4137333923719,2.91343074369005,3.156081184195,4.77969064962907,0.452427264036654,0.0571064433945528
6.53333333333333,143.94110869489,134,14.591743754096,8.63542499485939,1.54014582394044,3.03984317525859,3.18186893802495,6.03172950463078,0.500022559440305,0.0627290071280624
6.55,145.248908231941,135,15.591743754096,10.1551833756345,1.67739847461861,3.17709582593676,3.20980987724858,7.39847143465545,0.551748983875842,0.0688225493775399
6.56666666666667,146.559497882257,137,17.591743754096,11.7363569024804,1.82050802267437,3.32020537399252,3.24003493211997,8.86272028899896,0.604401431267189,0.0752436251733973
6.58333333333333,147.868635991064,138,18.591743754096,13.4736089642986,1.96627616598421,3.46597351730236,3.2726071507792,10.4113378696181,0.655982691814562,0.0818972815056732
6.6,149.171982195223,140,20.591743754096,15.266535076454,2.12072625274143,3.62042360405958,3.30761917278406,12.0709029407544,0.710124116718569,0.0889712579214274
6.61666666666667,150.465116947062,142,22.591743754096,17.2100690460115,2.27886856969544,3.77856592101359,3.34516431158867,13.8221829332239,0.763681045728396,0.0963185627643736
6.63333333333333,151.74358460107,143,23.591743754096,19.298777254466,2.44559751825374,3.94529486957189,3.38534139169236,15.6872226453388,0.819583866952786,0.104092988328017
6.65,153.002961451222,145,25.591743754096,21.4329592248421,2.62317390678214,4.12287125810029,3.42830699972328,17.6797857412137,0.879054075510795,0.112372977621158
6.66666666666667,154.238947062614,146,26.591743754096,23.7085065099056,2.80424945924654,4.30394681056469,3.47416792970829,19.7711597957063,0.937482489341686,0.120940632146631
6.68333333333333,155.447473536131,148,28.591743754096,26.0263832289181,3.02570054887816,3.61768773553286,3.51625540564824,21.9835412416043,1.03139996226472,0.129905360410149
6.7,156.624823531211,149,29.591743754096,28.4523738588943,3.28481785559071,3.79906985023165,3.55338898394261,24.333934122555,1.1612747151092,0.138981951132722
6.71666666666667,157.767745630633,151,31.591743754096,30.8604849267893,3.53991198749393,3.9776357425639,3.59340580485975,26.8143037516798,1.28525379559769,0.148075807895409
6.73333333333333,158.873554925988,152,32.591743754096,33.3526963622655,3.77893430615089,4.14495136562378,3.63617574540636,29.3634382374773,1.39617119761903,0.156811114096257
6.75,159.940206383526,153,33.591743754096,35.8346949245029,4.00419028931722,4.30263055384021,3.6815175414459,31.9770316038044,1.49575727657974,0.165245719986659
6.76666666666667,160.966333039979,154,34.591743754096,38.3114801273202,4.21024690108373,4.44687018207676,3.72922763253713,34.6176634342893,1.58100313136656,0.173201353187657
6.78333333333333,161.951246524976,155,35.591743754096,40.7867325567589,4.39549452271274,4.57654351721706,3.77906251581453,37.2618139157653,1.65129896439835,0.18061404825399
6.8,162.894902122158,156,36.591743754096,43.2627687409423,4.5606724364681,4.69216805684582,3.83077438305359,39.8959044272595,1.70747718503784,0.187491314592301
6.81666666666667,163.797834414907,157,37.591743754096,45.7406573061693,4.70780003462732,4.79515737555727,3.88413200813037,42.5130917088684,1.75112641371614,0.19388078922427
6.83333333333333,164.661071947832,158,38.591743754096,48.2204166076329,4.83944252734357,4.88730712045865,3.93893119402142,45.1107998068634,1.78412619184021,0.199848462556804
6.85,165.486040091358,159,39.591743754096,50.7012402663449,4.95823842272808,4.97046424722781,3.99499824508842,47.6889103835548,1.80835257787613,0.205464468362727
6.86666666666667,166.274460590981,159,39.591743754096,53.1817172008209,5.06662212343332,5.04633283772148,4.05218911641064,50.2485030719497,1.82550977334156,0.210794565023046
6.88333333333333,167.028254770469,160,40.591743754096,55.5654581065662,5.16668481833071,5.11637672414965,4.110386172398,52.7910313015328,1.83705004391749,0.215895691494059
6.9,167.749455453444,160,40.591743754096,57.9508775304549,5.25213784748473,5.17619384455746,4.1694433580719,55.2816168912661,1.83930397923654,0.220568700840195
6.91666666666667,168.440130672952,161,41.591743754096,60.2408227042128,5.32824459039075,5.22946856459167,4.22921393078702,57.7335615969737,1.83570724069246,0.224965647012603
6.93333333333333,169.102320617871,161,41.591743754096,62.5328951326102,5.39066702014261,5.27316426541798,4.28955231781463,60.1205509277082,1.823781160865,0.228947011341265
6.95,169.737987919598,162,42.591743754096,64.7292130371758,5.44573305608531,5.31171049057787,4.35032962322955,62.4617871066684,1.80758351766717,0.232698483742472
6.96666666666667,170.348980579447,163,43.591743754096,66.9268004798101,5.48955985008575,5.34238924637818,4.41142682461048,64.7348019997082,1.78487175349677,0.236096107816423
6.98333333333333,170.937006229996,163,43.591743754096,69.1219423589796,5.52853781911046,5.36967382469547,4.47274448702539,66.9611340435928,1.7596952221621,0.239329322329347
7,171.503616002641,164,44.591743754096,71.2163808290434,5.6188900052519,4.02819785368151,4.52364361174936,69.1664019736385,1.7884859455416,0.2425123794379
7.01666666666667,172.050196332406,164,44.591743754096,73.2596229481677,5.75736087908707,4.09050974690733,4.56273358613069,71.3917899280384,1.87141527670588,0.245314698323101
7.03333333333333,172.577968010325,165,45.591743754096,75.1132742206752,5.87503102373452,4.14346131199868,4.60251200757121,73.6125400759822,1.94004723625948,0.247528995652709
7.05,173.087991836188,166,46.591743754096,76.887406869376,5.95679791362577,4.18025641244975,4.64275906191773,75.7464528095875,1.98533278684624,0.248694969405086
7.06666666666667,173.581177436326,166,46.591743754096,78.589897677838,6.00440836146348,4.20168111397671,4.68320923231572,77.7778286420266,2.00863484421445,0.248864197794079
7.08333333333333,174.058293472578,167,47.591743754096,80.1324567130448,6.02156094164082,4.20939977505652,4.72361810123576,79.7010839965118,2.01249382026072,0.248147573427712
7.1,174.519978717889,168,48.591743754096,81.62047414191,6.00477241368093,4.20184493747457,4.7637401404345,81.4809588959685,1.99502924694506,0.246437687913704
7.11666666666667,174.966753601086,168,48.591743754096,83.0574119242607,5.96266300160002,4.18289570203816,4.8033527190487,83.1345979618108,1.96178386745131,0.243994966960218
7.13333333333333,175.399031833859,169,49.591743754096,84.3511134137631,5.90242531905566,4.1557887448932,4.84229262889736,84.6782992334681,1.91736073042874,0.241036570717454
7.15,175.817131800464,170,50.591743754096,85.6037710997651,5.8217730563437,4.11949522667282,4.88041274399585,86.0904533253602,1.86051210940315,0.237491622026967
7.16666666666667,176.221287518366,170,50.591743754096,86.8163342738243,5.7290534785025,4.07777141664428,4.91759202447213,87.395900739476,1.79650668414284,0.233612447225369
7.18333333333333,176.611659086698,171,51.591743754096,87.8947707721046,5.63032607379868,4.03334408452756,4.95376339602773,88.6145057772861,1.72915044416964,0.229581982815086
7.2,176.988342486151,171,51.591743754096,88.9399526150631,5.52174304315869,3.98448172073956,4.98886564397481,89.7255075251079,1.65614600358073,0.225282110997288
7.21666666666667,177.351378612643,172,52.591743754096,89.8573983170798,5.40995334052415,3.93417635455402,5.02285134376238,90.7529310032715,1.58164115275886,0.220913751197407
7.23333333333333,177.700761586316,173,53.591743754096,90.7476262337895,5.29128863192639,3.88077723568502,5.05568172380819,91.6786805013677,1.50342540649689,0.216364321178234
7.25,178.036446355881,173,53.591743754096,91.6104695547051,5.17231519650968,3.82723918974751,5.08733209664888,92.5283582799954,1.42557204821332,0.211832315984498
7.26666666666667,178.358355602089,174,54.591743754096,92.3512334333582,5.05720636915567,3.7754402174382,5.11781789391143,93.3209223798983,1.35064154579886,0.207443633819066
7.28333333333333,178.66638596217,174,54.591743754096,93.0704773210006,4.94030674885083,3.72283538830102,5.14714649017129,94.0338108348572,1.27515386532395,0.203025489955123
7.3,178.960413610517,174,54.591743754096,93.6736630862511,4.82663977747679,3.67168525118271,5.17532612835584,94.688879786668,1.20219962395934,0.198729652923748
7.31666666666667,179.240299275968,175,55.591743754096,94.1668578557527,4.72495580432489,3.62592746326435,5.1995635197201,95.2667307280286,1.14293618864391,0.194401252174409
7.33333333333333,179.505892743603,175,55.591743754096,94.6508172731803,4.69557593006162,2.43881253733047,5.20675790514942,95.8043192941602,1.16109279746191,0.189891933392747
7.35,179.757036860772,176,56.591743754096,94.9915807570035,4.65957962608108,2.43161327653437,5.2130522423231,96.3362438518406,1.17450087063068,0.185216123007977
7.36666666666667,179.993571779536,176,56.591743754096,95.2563610655625,4.60274769658826,2.4202468906358,5.21892777587301,96.8038241437236,1.17336616443445,0.180027161763662
7.38333333333333,180.21534029229,176,56.591743754096,95.361763406253,4.52443588991539,2.40458452930123,5.2243203796992,97.1909167680658,1.15733089338072,0.174315295973455
7.4,180.422192487502,177,57.591743754096,95.3236823813889,4.41820640712553,2.38333863274326,5.22915328768706,97.4553030914279,1.12247175353258,0.167896666302367
7.41666666666667,180.613989151781,177,57.591743754096,95.2512158215822,4.28270702815188,2.35623875694853,5.23333721850214,97.5738856590972,1.06799587932826,0.160743830574061
7.43333333333333,180.790604185032,177,57.591743754096,95.0570692358143,4.12802448768332,2.32530224885481,5.23679882610613,97.5736272697694,1.00015997931101,0.153173682608336
7.45,180.951926282884,177,57.591743754096,94.7534340529444,3.95429709951664,2.29055677122148,5.23948068601386,97.4427325804463,0.919106895531273,0.145197625125885
7.46666666666667,181.097860108311,178,58.591743754096,94.3514488147386,3.76373804092076,2.2524449595023,5.24132954899816,97.1787228096394,0.826260065864985,0.136889133744474
7.48333333333333,181.228327045391,178,58.591743754096,93.9558446576186,3.55972031473142,2.21164141426443,5.24230166425866,96.7854931827249,0.723761561122697,0.128355026238683
7.5,181.34326568289,178,58.591743754096,93.4754215312217,3.35429587145367,2.17055652560888,5.24238015762046,96.3073398125758,0.619103818366737,0.119960896534528
7.51666666666667,181.442632108498,178,58.591743754096,92.9189417988482,3.14770526549834,2.12923840441782,5.2415673653894,95.7426490683754,0.512515309436251,0.111709964588285
7.53333333333333,181.526400044628,178,58.591743754096,92.2945707400899,2.94107617291876,2.0879125859019,5.23986804187719,95.093968436944,0.404768973579993,0.103632069957363
7.55,181.59456081911,178,58.591743754096,91.6099108334649,2.73600430816082,2.04689821295031,5.23729157739379,94.3666214963549,0.29692484399958,0.0957705490705302
7.56666666666667,181.647123160667,179,59.591743754096,90.8720444649744,2.53426026261076,2.0065494038403,5.23385303727054,93.5676591018279,0.190149660413925,0.0881731612068288
7.58333333333333,181.684112919905,179,59.591743754096,90.1821483809438,2.33759306238191,1.96721596379453,5.22957339103576,92.7050833704961,0.0855956976654876,0.0808861032916274
7.6,181.705572758628,179,59.591743754096,89.4459184375347,2.15577260763642,1.93085187284543,5.22449385470437,91.8235548316927,-0.0106459038024418,0.074195860774482
7.61666666666667,181.711561807437,179,59.591743754096,88.6694023763238,1.9864689305524,1.89699113742863,5.21866666809095,90.9193579731516,-0.0999318241240093,0.0680195237401566
7.63333333333333,181.702155260167,179,59.591743754096,87.8583776513704,1.82820177242776,1.8653377058037,5.21213777376144,89.9914195446601,-0.183103041851015,0.0623014537689922
7.65,181.677443875289,179,59.591743754096,87.0183259960691,1.68329227485786,1.75219119254683,5.20429862927544,89.0412586962736,-0.257329025561115,0.0570047482599778
7.66666666666667,181.637533470359,179,59.591743754096,86.1515176784884,1.54002755307203,2.01945665047996,5.19741378519404,88.0729173469486,-0.33437255737678,0.0520970707860368
7.68333333333333,181.58254446469,179,59.591743754096,85.2705208179478,1.39430239517207,1.97027440968872,5.19233195814642,87.0727926695558,-0.418253917274583,0.0475731710273091
7.7,181.512611290976,179,59.591743754096,84.3887445453472,1.26141966250792,1.92542648741457,5.18633593083357,86.0512073106129,-0.493801071712345,0.0434763452387786
7.71666666666667,181.42788138892,179,59.591743754096,83.5073588667791,1.14291763338662,1.88543205258614,5.17950871485639,85.0227686534538,-0.560105978632543,0.0398485793964405
7.73333333333333,181.328514202731,180,60.591743754096,82.6277230272689,1.03914733742463,1.85040957769896,5.17193845222703,83.9976573939025,-0.616996157719708,0.0366956977392715
7.75,181.214680318154,180,60.591743754096,81.8459496514693,0.949692567665592,1.82021859290529,5.16371295174727,82.9828086880738,-0.664772680381897,0.0340003801112281
7.76666666666667,181.086560755857,180,60.591743754096,81.0632575036898,0.881797068385931,1.7973038618984,5.15494088041529,82.0190986152102,-0.699037796072447,0.0319772776598199
7.78333333333333,180.944346401238,180,60.591743754096,80.2817625380501,0.830569473092515,1.78001454848687,5.14573502273782,81.0973841064536,-0.722866136545248,0.0304722568089939
7.8,180.788237493739,181,61.591743754096,79.5037914832929,0.792179599752566,1.76705796623464,5.13618365278675,80.21037696108,-0.738665134385583,0.0293647348054036
7.81666666666667,180.61844307995,181,61.591743754096,78.826314821418,0.76369686947504,1.75744504476598,5.12635602391282,79.3525477082747,-0.748277621307262,0.0285624740076169
7.83333333333333,180.435180456104,181,61.591743754096,78.1512289878394,0.751045610325128,1.75317524480288,5.11633156231174,78.5561823252517,-0.748104798740012,0.0282419623090475
7.85,180.238674656739,182,62.591743754096,77.4811188933428,0.748838251033704,1.75243026104203,5.10618876642312,77.8064620889196,-0.741509746805696,0.0282360866093793
7.86666666666667,180.029157925441,182,62.591743754096,76.9131400922557,0.753287121240526,1.75393175473683,5.09598038260615,77.0925487180705,-0.730855344796434,0.0284276427122713
7.88333333333333,179.806869152411,183,63.591743754096,76.3492798096973,0.769948898124786,1.75955510443527,5.08576592496899,76.4431098882817,-0.712759080121047,0.0289831459168828
7.9,179.572053298181,183,63.591743754096,75.886684351984,0.793394852264073,1.76746811395727,5.07560285472229,75.8409578920599,-0.690598282011302,0.0297354440168595
7.91666666666667,179.324960816942,183,63.591743754096,75.4273591022352,0.828117668308328,1.77918706437221,5.06554785099848,75.3100300522706,-0.661644870294586,0.0308189899662339
7.93333333333333,179.065847087125,184,64.591743754096,74.9738918520862,0.868053703673382,1.79266547630792,5.05565080585305,74.829705300308,-0.629663383851263,0.0320478167966378
7.95,178.794971822133,184,64.591743754096,74.6233218734452,0.90925209081195,1.80656993196718,5.04593354555763,74.3852479473478,-0.597100496822851,0.0333015021012227
7.96666666666667,178.512598433051,184,64.591743754096,74.2774046925245,0.95743517873009,1.82283172413956,5.03642470200466,74.0028113629695,-0.560454579813288,0.0347532773175418
7.98333333333333,178.218993425715,184,64.591743754096,73.9383838672411,1.00753351158062,1.83973991147661,5.02715235066338,73.6636644574079,-0.522865145698566,0.0362484651580934
8,177.914425858211,184,64.591743754096,73.6083286563212,1.05637933360363,1.85622537640937,5.01812148031383,73.3546053576606,-0.486286638494216,0.0376912542473237
8.01666666666667,177.599166814844,184,64.591743754096,73.2890465056913,1.10217954693172,1.87168294840761,5.00932315264401,73.0667232325752,-0.451818397571595,0.0390282266396878
8.03333333333333,177.273488856497,183,63.591743754096,72.9820446622801,1.14409772869931,1.88583033475417,5.00074101588198,72.7943371406755,-0.419965927683182,0.0402353362375132
8.05,176.937665519458,183,63.591743754096,72.5939553231509,1.18193212505368,1.89859944352377,4.99235574766427,72.5341178648312,-0.39084185728637,0.0413079095718173
8.06666666666667,176.591970851113,183,63.591743754096,72.2261696860342,1.20775759812689,1.90731554068598,4.98412331081732,72.2481330240831,-0.369295320388281,0.0420076480425951
8.08333333333333,176.236678935332,182,62.591743754096,71.8790335196478,1.22576743326162,1.91339386004395,4.97599146567959,71.9479792821984,-0.352711745162225,0.0424648060252574
8.1,175.872063475261,182,62.591743754096,71.4579520696507,1.23910692471172,1.91789593840836,4.96792838429278,71.6430325526708,-0.339133946098733,0.0427767550093824
8.11666666666667,175.498397451089,181,61.591743754096,71.063135217617,1.2419352443739,1.91885049629434,4.95989266684208,71.3043804166412,-0.332128075213222,0.0427681624589764
8.13333333333333,175.115952835167,180,60.591743754096,70.5992880154359,1.2396123759118,1.91806652818838,4.95184375827699,70.9497549332721,-0.328367273805651,0.0426039613062574
8.15,174.725000351712,180,60.591743754096,70.0713657086555,1.22769061121538,1.91404293260334,4.94374159085068,70.5562237291546,-0.330560073626006,0.0421509438021658
8.16666666666667,174.32580927206,179,59.591743754096,69.5784963921689,1.20420562767932,1.90611675065992,4.93552841231864,70.1093792215271,-0.339874716651671,0.0413521114722843
8.18333333333333,173.918647238774,178,58.591743754096,69.0243079870025,1.17697869382119,1.8969276604828,4.92716498662973,69.6374013670732,-0.351468684460006,0.0404468959488932
8.2,173.503780113615,177,57.591743754096,68.412762155467,1.14298467095812,1.88545467776652,4.91862337414008,69.1245997986502,-0.367181191742745,0.0393445370517563
8.21666666666667,173.081471845541,177,57.591743754096,67.7475487728553,1.10094597426836,1.87126661763372,4.90986380042464,68.5613469014936,-0.387768036275617,0.0380078808933439
8.23333333333333,172.651984357223,176,56.591743754096,67.1266164478479,1.05075414122356,1.8543268739811,4.90084279487693,67.9425162280501,-0.413262701399696,0.036435411876911
8.25,172.215577480131,175,55.591743754096,66.4525547091935,1.00115074866166,1.83758572899146,4.89154310310492,67.3024661402223,-0.438268932264974,0.0348932918766336
8.26666666666667,171.772508967703,175,55.591743754096,65.7284501188176,0.949392412393884,1.82011729050109,4.88196207064327,66.6293606162631,-0.464467696964837,0.0332979762910976
8.28333333333333,171.323034509385,174,54.591743754096,65.0518506972194,0.894070986862713,1.80144630938432,4.87208557942596,65.9157394771689,-0.492710935762236,0.0316070255124959
8.3,170.867407751732,173,53.591743754096,64.3250956662513,0.842819559977281,1.78414895281048,4.86191896737031,65.1937132861722,-0.518299229320748,0.0300518459341737
8.31666666666667,170.405880368403,172,52.591743754096,63.5511282685622,0.791979356575497,1.76699038416238,4.85147649281875,64.4494062269723,-0.543488179715775,0.0285203022477033
8.33333333333333,169.938702111102,172,52.591743754096,62.7328562004031,0.739407572544385,1.74924740705188,4.84075632090432,63.6735854518338,-0.569590360096332,0.0269470950052072
8.35,169.466120853603,171,51.591743754096,61.9676427224827,0.684045889590726,1.73056283905502,4.8297477875863,62.8606221335335,-0.597245334369026,0.0253002893121552
8.36666666666667,168.988382674699,170,50.591743754096,61.1576490639733,0.633697167416482,1.71357014532121,4.81846111488506,62.0438551488597,-0.621653072474025,0.0238162635367052
8.38333333333333,168.50573191562,170,50.591743754096,60.3056534540913,0.584748261605627,1.69704988961005,4.80691602555997,61.2101783078018,-0.645045388065354,0.0223840618139061
8.4,168.018411226248,169,49.591743754096,59.5089828511761,0.535020818363713,1.6802668775159,4.7951161564845,60.3507890610335,-0.668761083901006,0.0209371040877451
8.41666666666667,167.526661647353,168,48.591743754096,58.6698150913461,0.491489105567162,1.66557492444707,4.78308057263071,59.4964957955512,-0.688516646642797,0.0196862512841843
8.43333333333333,167.030722665939,167,47.591743754096,57.7909692921823,0.449946477453576,1.65155428745873,4.77083385680193,58.6322250094302,-0.706913239663148,0.0185023685242538
8.45,166.530832258852,167,47.591743754096,56.8752487276839,0.407805314105466,1.63733164482875,4.75838169718457,57.7476812136857,-0.725543848328099,0.0173064293318199
8.46666666666667,166.027226972103,166,46.591743754096,56.0199186990344,0.363653649909258,1.62243045816253,4.74571869662412,56.8363159271173,-0.745270925826605,0.0160556533580018
8.48333333333333,165.520141973832,165,45.591743754096,55.1270393798719,0.325018381437143,1.60939105505319,4.73285856167547,55.9306850720851,-0.761468380812401,0.0149780198366254
8.5,165.009811096184,165,45.591743754096,54.1992783199238,0.28807457516507,1.59692252043636,4.71982311525979,55.0170217965189,-0.776501561989564,0.0139561883827279
8.51666666666667,164.496466913422,164,44.591743754096,53.3338380633254,0.250483686396635,1.58423559547701,4.70661703482892,54.0859669510501,-0.791810334390017,0.0129188097906253
8.53333333333333,163.980340793307,163,43.591743754096,52.4327560556523,0.219100268223812,1.57364369184369,4.69325962471156,53.1678572174899,-0.803186772548621,0.0120732397612345
8.55,163.461662907178,163,43.591743754096,51.4986942054853,0.189628981755081,1.56369713266049,4.67977510657291,52.2472140023978,-0.813288092128592,0.0112878044430088
8.56666666666667,162.940662246769,162,42.591743754096,50.6288513089363,0.159416761288566,1.55350050825304,4.66616835946803,51.3133869891505,-0.823748671912675,0.0104816605861862
8.58333333333333,162.417566689553,161,41.591743754096,49.725253592102,0.135120519296612,1.54530052658076,4.65245745562496,50.395759669384,-0.830482215063166,0.00985628551694699
8.6,161.892603046286,161,41.591743754096,48.7905391539593,0.112332197561829,1.53760946799527,4.6386645155209,49.478164128847,-0.836214696048794,0.00927674342438284
8.61666666666667,161.36599707246,160,40.591743754096,47.921868251174,0.088345518915429,1.52951396395211,4.62479185189464,48.5494609195481,-0.842612273958402,0.00866075348875077
8.63333333333333,160.837973458723,159,39.591743754096,47.0212136950643,0.0698040588283316,1.52325622117271,4.61085478341086,47.6386917850208,-0.845595712168708,0.00820956992597429
8.65,160.308755812036,159,39.591743754096,46.091146400058,0.052311569007185,1.51735250585808,4.59687267149638,46.7294520178307,-0.847882506218281,0.00778879228491239
8.66666666666667,159.778566665099,158,38.591743754096,45.2287474816665,0.0331880286070661,1.51089831097304,4.58284517501906,45.8104372456706,-0.851121456213199,0.00731710350768712
8.68333333333333,159.247627548246,157,37.591743754096,44.3359007909179,0.0191102225435514,1.5061470514266,4.5687851237817,44.9105711211181,-0.851211740290136,0.00699691986781178
8.7,158.716159053562,157,37.591743754096,43.4150806660252,0.0056917867724973,1.50161832935387,4.55471466932582,44.0133597699748,-0.850874208062552,0.00669504296373784
8.71666666666667,158.184380869749,156,36.591743754096,42.563265838551,-0.00910826925849358,1.49058908205966,4.54050815912845,43.1076128719996,-0.851110576161941,0.00633115853039298
8.73333333333333,157.652511800099,155,35.591743754096,41.6820308778786,-0.0186063028811247,1.48109104843703,4.52617313740313,42.2226602253342,-0.847812889312071,0.00610728700782081
8.75,157.120769771936,155,35.591743754096,40.7733578921209,-0.0273721620158621,1.47232518930229,4.51175330705091,41.3420078308774,-0.843866628293125,0.00588817032597991
8.76666666666667,156.589371844206,154,34.591743754096,39.933796122923,-0.0381278759488586,1.46156947536929,4.497237916994,40.4540085733333,-0.840935745296138,0.00559049753669804
8.78333333333333,156.058534246834,153,33.591743754096,39.0647113546553,-0.0443788940152718,1.45531845730288,4.48265416355625,39.5871373640789,-0.83507258442521,0.00541422200065737
8.8,155.528472483054,153,33.591743754096,38.1681594030777,-0.0506907112874313,1.44900664003072,4.46803780927893,38.7242505614234,-0.82914712840109,0.00522380871905844
8.81666666666667,154.999401423749,152,32.591743754096,37.3408305001503,-0.0596966570799322,1.44000069423822,4.45336548040857,37.8533628472897,-0.824746432698434,0.00493749022701532
8.83333333333333,154.471535371212,152,32.591743754096,36.4841636301566,-0.0647816792405767,1.43491567207757,4.4386535246143,37.0028531346402,-0.817829773212361,0.00475790294296281
8.85,153.945088103384,151,31.591743754096,35.6948036742778,-0.0703868164732124,1.42931053484494,4.42392891325366,36.1556176633665,-0.811175373083477,0.00455250746893135
8.86666666666667,153.420272905819,150,30.591743754096,34.8743718210472,-0.0711460395421325,1.42855131177602,4.40923304925558,35.335949389936,-0.801548201284645,0.00448796498526535
8.88333333333333,152.897302595864,150,30.591743754096,34.025221763775,-0.0723011832140952,1.42739616810406,4.39460104393564,34.5236773078913,-0.792228919794805,0.00440794212604077
8.9,152.376389541678,149,29.591743754096,33.2443154814173,-0.0768367297261901,1.42286062159196,4.38000045549075,33.7047481627776,-0.785002183866668,0.00421906754031453
8.91666666666667,151.857745678769,149,29.591743754096,32.433303500491,-0.0782700821111891,1.42142726920696,4.36543464286978,32.9062177834705,-0.77588469865063,0.00411871862762093
8.93333333333333,151.341582554095,148,28.591743754096,31.6889708127365,-0.0810392595256597,1.41865809179249,4.35091658786036,32.1102030244264,-0.767627869436709,0.00397316028577864
8.95,150.828111425901,148,28.591743754096,30.9130099004163,-0.0797007903451311,1.41999656097302,4.33647442665262,31.3405900033393,-0.756925880967328,0.00395020914827804
8.96666666666667,150.31754334768,147,27.591743754096,30.202356252975,-0.0793866204107258,1.42031073090742,4.32213159807598,30.5770380306294,-0.746971780826476,0.00389583242170812
8.98333333333333,149.810089212236,147,27.591743754096,29.4588887988797,-0.0750789281916384,1.42461842312651,4.30791747185987,29.8416368639222,-0.734721508762401,0.00396492331635418
9,149.30595976487,146,26.591743754096,28.7797218115231,-0.0721395556308089,1.42755779568734,4.29385134355836,29.1128086547717,-0.723501027546213,0.00399603118449612
9.01666666666667,148.80536558977,145,25.591743754096,28.0668825927545,-0.0656467704381207,1.43405058088003,4.27995578867011,28.4118465836077,-0.710312961012691,0.00414048938003113
9.03333333333333,148.308517042956,145,25.591743754096,27.3230252926458,-0.0609738551098296,1.43872349620832,4.26624245974118,27.7167023499996,-0.698476895421994,0.00423580483582172
9.05,147.815624104295,144,24.591743754096,26.6452967904199,-0.06104917538828,1.43864817592987,4.25265494602821,27.0122494859261,-0.689701376617384,0.00418815462746118
9.06666666666667,147.326896217768,144,24.591743754096,25.935426035631,-0.059236518714195,1.44046083260396,4.23917446437508,26.3250104707628,-0.679871020443819,0.0041976278626343
9.08333333333333,146.842542140509,143,23.591743754096,25.2901884524602,-0.0597833305363769,1.43991402078177,4.22579477343039,25.6369039837705,-0.671588004326042,0.00413460973668311
9.1,146.362769787252,143,23.591743754096,24.6112005265242,-0.0570560808705679,1.44264127044758,4.21252798944405,24.9718042272823,-0.661403488331215,0.00417132354378812
9.11666666666667,145.887786059235,142,22.591743754096,23.9952761219879,-0.0560177284731188,1.44367962284503,4.19938454233398,24.3094433785569,-0.652385879279882,0.00415778178421853
9.13333333333333,145.417796648296,142,22.591743754096,23.344144923566,-0.0515114640927003,1.44818588722545,4.1863833714945,23.6720048754864,-0.64138952439676,0.00425224799382056
9.15,144.953005807741,141,21.591743754096,22.754758756619,-0.0487916626985743,1.45090568861958,4.17353540502458,23.0379892159916,-0.631661842750962,0.00429587252032566
9.16666666666667,144.493616081911,141,21.591743754096,22.1289800479993,-0.0428579183936588,1.45683943292449,4.16085641072651,22.4287358013377,-0.62014739580118,0.00444185732087507
9.18333333333333,144.03982798652,140,20.591743754096,21.5638725524389,-0.0390288745302047,1.46066847678795,4.14835235398731,21.8222061495488,-0.610124496257681,0.00452895057083532
9.2,143.591839631828,140,20.591743754096,20.9613838888514,-0.0323102328107687,1.46738711850738,4.13603348854632,21.2394262881746,-0.598532192617507,0.00470968442043775
9.21666666666667,143.149846280679,139,19.591743754096,20.4186363248876,-0.0279938339923534,1.4717035173258,4.12390046290193,20.6582011660634,-0.588623600616861,0.00482316471430702
9.23333333333333,142.714039833359,139,19.591743754096,19.8376126505338,-0.0210432738355656,1.47865407748258,4.11195880490695,20.0995018351909,-0.577304319888296,0.00502280545803734
9.25,142.284608230057,138,18.591743754096,19.3154517209163,-0.0167044010542056,1.48299295026394,4.1002051823902,19.5411383348203,-0.567792998087275,0.00514878286188465
9.26666666666667,141.861734734633,138,18.591743754096,18.7541393255768,-0.00989765776488145,1.48979969355327,4.08864189267904,19.0041175416865,-0.556963853868831,0.0053555641812751
9.28333333333333,141.445597064744,137,17.591743754096,18.2508082855893,-0.00583196131461546,1.49386539000354,4.07726304539151,18.4662967279608,-0.548009163564946,0.00548425087069726
9.3,141.036366429152,137,17.591743754096,17.7074331113761,0.000601791623999759,1.50001329192075,4.06606893731819,17.948729759078,-0.537782287673898,0.00569006116702832
9.31666666666667,140.634206487791,137,17.591743754096,17.2211230893643,0.00421893967953825,1.50191229464991,4.05505171269667,17.4293162413227,-0.529457837940209,0.00581466497872089
9.33333333333333,140.239272219365,136,16.591743754096,16.7883398908345,0.0102394453700831,1.50507306013744,4.0441909096126,16.9291645523937,-0.519779517313575,0.00601363464368683
9.35,139.851708686118,136,16.591743754096,16.3109943887509,0.0215978111978764,1.51103620219704,4.03350132451256,16.4625208860665,-0.506939512361936,0.00637400279569277
9.36666666666667,139.471649690115,136,16.591743754096,15.8863247677494,0.031459684061894,1.51621368545064,4.02299852869232,16.0019681648773,-0.495162043322476,0.00668865104467883
9.38333333333333,139.099216319765,135,15.591743754096,15.5110745065948,0.0438478781493969,1.52271748734658,4.01268811963744,15.5645133925848,-0.481977333477953,0.00708002429330067
9.4,138.734515389955,135,15.591743754096,15.087547747607,0.0609204157629368,1.53168056959369,4.00260223047583,15.1613486160557,-0.466093378793188,0.0076145147625664
9.41666666666667,138.377637783029,135,15.591743754096,14.7133417273963,0.0754920550813711,1.53933068023587,3.99274773425891,14.7629703213236,-0.451938469564967,0.00807397250017762
9.43333333333333,138.02865667685,134,14.591743754096,14.3855062243187,0.0914488154065929,1.54770797940661,3.98312059810321,14.3850742711067,-0.43711535625327,0.00857644446314319
9.45,137.68762565327,134,14.591743754096,14.0065942994983,0.110953763043379,1.55794807691592,3.97374278828674,14.0381037554447,-0.420316847978656,0.00918822599587179
9.46666666666667,137.354576780778,134,14.591743754096,13.6743973588921,0.126910805494532,1.56632552420278,3.96461145240653,13.6922006995732,-0.405904981899933,0.00969363976001527
9.48333333333333,137.02951872679,133,13.591743754096,13.3861113237637,0.143338104723553,1.57494985629802,3.95571382168985,13.36296878677,-0.391391100969997,0.010214538032168
9.5,136.712434930729,133,13.591743754096,13.0443959099773,0.162546001286012,1.58503400199331,3.94706436477483,13.0609225920301,-0.375368859678527,0.0108215129136207
9.51666666666667,136.4032818777,132,12.591743754096,12.747118549471,0.177583096141955,1.59292847679268,3.9386540209707,12.7563670860421,-0.362104325893942,0.0113031377475246
9.53333333333333,136.101987494569,132,12.591743754096,12.396959452824,0.192599420221938,1.60081204693467,3.9304650327387,12.4651113569598,-0.349022256897146,0.0117851560454974
9.55,135.808449697426,132,12.591743754096,12.0916662853034,0.201968226445164,1.60573067020186,3.92246987840016,12.1616563745888,-0.339553027179984,0.0120959718973008
9.56666666666667,135.522535216294,131,11.591743754096,11.8283020262752,0.210749547225107,1.61034086361133,3.91464205051008,11.8650130001647,-0.330552249221876,0.0123887906173485
9.58333333333333,135.244078779564,131,11.591743754096,11.5093602896325,0.221957137865159,1.61622484869736,3.90698987097382,11.5882639627977,-0.32017498960574,0.0127554528051756
9.6,134.972882707768,131,11.591743754096,11.2325454151712,0.229085426711698,1.61996720034179,3.89950312867341,11.3035808175674,-0.312413008191634,0.0129980703451707
9.61666666666667,134.708716964335,130,10.591743754096,10.9949682872519,0.236541947936252,1.62388187398468,3.89216597195122,11.0280780159724,-0.304536109741142,0.0132502733861583
9.63333333333333,134.451319704681,130,10.591743754096,10.6992236327724,0.246876882074888,1.62930771440747,3.884992535942,10.7733600495802,-0.294991568669786,0.0135899521933236
9.65,134.200398353059,129,9.59174375409597,10.4431435220887,0.253272049278727,1.63266517718948,3.87797506184853,10.5104948068994,-0.287966505841932,0.0138097757882916
9.66666666666667,133.955631195987,129,9.59174375409597,10.1294061631176,0.259938250725955,1.63616493294928,3.87109795141084,10.2558107313367,-0.280852221604586,0.0140374007055578
9.68333333333333,133.716669464524,129,9.59174375409597,9.85579048155245,0.26126320787781,1.636860535454,3.86433618423533,9.98415479439785,-0.277074432587079,0.0141017437450782
9.7,133.483139950454,128,8.59174375409597,9.61942157147056,0.262294339145549,1.63740187936956,3.85766577811084,9.7147669457423,-0.27350069924565,0.0141556991881147
9.71666666666667,133.254648137162,128,8.59174375409597,9.32288238284931,0.266019223482526,1.63935744364648,3.85109742830336,9.46088560218641,-0.26830612362837,0.0142903796562962
9.73333333333333,133.030781775665,128,8.59174375409597,9.06398970255528,0.265901575607224,1.63929567851194,3.84462306717316,9.19479677569484,-0.265504950965357,0.0143070246409821
9.75,132.811114821717,127,7.59174375409597,8.8399858674,0.266319296406333,1.63951498193148,3.8382287420594,8.93371086129913,-0.262388454121244,0.0143384179636368
9.76666666666667,132.59521163774,127,7.59174375409597,8.55361224726732,0.269797151378074,1.64134085579164,3.83193026582204,8.68932495693527,-0.257422460343327,0.0144617256357188
9.78333333333333,132.38263135436,127,7.59174375409597,8.30285936827903,0.269497177510015,1.64118336951091,3.82572137887603,8.43280561800529,-0.254808912850375,0.0144690585536129
9.8,132.172932281747,126,6.59174375409597,8.0851421990763,0.269616304407034,1.64124591113184,3.81958785357138,8.18059116167517,-0.251950093696349,0.0144876910026361
9.81666666666667,131.965676261168,126,6.59174375409597,7.80336412768768,0.272077720758128,1.69015175584884,3.81364687973339,7.94388096977056,-0.247892589625802,0.0145918869495604
9.83333333333333,131.760432851133,126,6.59174375409597,7.55730895255296,0.26907345414844,1.68804876922206,3.80809113045153,7.69178913986078,-0.247832795166401,0.0145750545598357
9.85,131.556783226059,126,6.59174375409597,7.34591642293135,0.266720425479011,1.68640164915346,3.80257972018517,7.44213458015316,-0.247318319446103,0.0145738388038114
9.86666666666667,131.354323679436,126,6.59174375409597,7.16632435253628,0.265982656275194,1.68588521071079,3.79748471022794,7.20724962277656,-0.246507952629329,0.0146713281786827
9.88333333333333,131.152668730583,125,5.59174375409597,7.01588056256408,0.270019815621766,1.68871122225339,3.79248263550796,6.99424252368291,-0.242749986703172,0.0149112007425489
9.9,130.951453808006,125,5.59174375409597,6.79766393440457,0.279211935433966,1.69514570612193,3.78763097197724,6.80819093938749,-0.235891376103774,0.01530827193621
9.91666666666667,130.750337469917,125,5.59174375409597,6.61016777266034,0.285308721982082,1.69941345670561,3.78293705807643,6.61523735615609,-0.23101965601478,0.0156122716603727
9.93333333333333,130.549003143087,125,5.59174375409597,6.45134202154422,0.291642624858728,1.70384718871926,3.77838462907921,6.42823883330796,-0.226062388401606,0.0159236415247113
9.95,130.347160379749,125,5.59174375409597,6.31914947403005,0.300123598219497,1.7097838700718,3.77398753925379,6.25595826767651,-0.219864018800442,0.0163012529905697
9.96666666666667,130.144545647897,125,5.59174375409597,6.21170150244559,0.311658014034788,1.7178579611425,3.76977570507466,6.10392294510339,-0.211907990334268,0.0167743374855266
9.98333333333333,129.940922682984,125,5.59174375409597,6.12731944547679,0.326484762507724,1.72823668507356,3.7657854403124,5.97522274559993,-0.202096267836951,0.0173521560905838
10,129.736082437614,125,5.59174375409597,6.06454775639822,0.344431832394504,1.7407996339943,3.76205323364917,5.87119792522376,-0.190582801265641,0.0180314516636906
10.0166666666667,129.529842646779,125,5.59174375409597,6.02213847432811,0.365102837512922,1.7552693375772,3.75861209634308,5.79199827371919,-0.177653797626605,0.0188019193025083
10.0333333333333,129.322047031023,126,6.59174375409597,5.99902096332193,0.388005594020775,1.77130126713269,3.75548973469366,5.73701546178634,-0.163646251272859,0.0196500192725582
10.05,129.112564252175,126,6.59174375409597,6.08883569462025,0.412635212473891,1.78854200004987,3.75270794604175,5.70520169692901,-0.148896183289174,0.0205614762313577
10.0666666666667,128.901286691342,126,6.59174375409597,6.19028038489244,0.446513242648178,1.81225662117188,3.75033330896095,5.73150250437725,-0.128860953858564,0.0217683688503363
10.0833333333333,128.688129060622,126,6.59174375409597,6.30300950897642,0.485291581948861,1.83940145868235,3.74844554856979,5.80223223842795,-0.106318052913095,0.0231426961196418
10.1,128.473026859177,127,7.59174375409597,6.4270025372005,0.525967302321611,1.86787446294328,3.74708175975069,5.9066503079427,-0.0831568635338587,0.0245949306883216
10.1166666666667,128.255934746936,127,7.59174375409597,6.65691977186664,0.566591766667186,1.89631158798518,3.74625035775942,6.03664961685353,-0.0605780620602752,0.0260659897546779
10.1333333333333,128.036824862089,127,7.59174375409597,6.89235088695975,0.613993640582336,1.92949289972579,3.74599230251768,6.22253668906716,-0.0344255294179312,0.0277653173427873
10.15,127.8156851375,128,8.59174375409597,7.13367218249086,0.66362996413784,1.96423832621464,3.746356688731,6.44780381667208,-0.00755093221307574,0.0295571738240273
10.1666666666667,127.592517601429,128,8.59174375409597,7.47597766718491,0.712608534028168,1.99852332513787,3.74734960782204,6.70018765349551,0.0182696454148239,0.0313535982946914
10.1833333333333,127.367336705219,128,8.59174375409597,7.81926123017963,0.767247601563545,2.03677067241263,3.74900134437789,7.00714794399775,0.0468947019983006,0.0333478697400995
10.2,127.140167740748,129,9.59174375409597,8.16423986842848,0.822792018271975,2.07565176410853,3.75134620206451,7.35034330625022,0.0753636833283487,0.0353969362769843
10.2166666666667,126.911045310119,129,9.59174375409597,8.60627249580182,0.876329827387899,2.11312823048968,3.75437420207327,7.7164245537447,0.101911271191512,0.0374113213621888
10.2333333333333,126.680011846214,130,10.591743754096,9.04554344816516,0.934272959009438,2.15368842262476,3.75810004341823,8.1322912278996,0.130475341522069,0.0395862810833274
10.25,126.447116232489,130,10.591743754096,9.57746406241953,0.992017261444531,2.19410943432932,3.76254390953592,8.57939102493029,0.158207494208502,0.0417825804128968
10.2666666666667,126.212412562087,131,11.591743754096,10.1024157458728,1.05481150530057,2.23806540502855,3.76773413692999,9.08058928237134,0.188311544180393,0.0441608588655526
10.2833333333333,125.975958980595,131,11.591743754096,10.7160655943473,1.11730355465004,2.28180983957318,3.7736935109339,9.61434803316589,0.217475963950695,0.0465592653900363
10.3,125.737816595681,132,12.591743754096,11.3190554718405,1.18430451100459,2.32871050902137,3.78044614597225,10.2014274744417,0.248641753975512,0.0491248797655701
10.3166666666667,125.498048463947,132,12.591743754096,12.0072870890271,1.25024517691757,2.37486897516045,3.78800685897502,10.8188856623242,0.278375275770793,0.0516887967787651
10.3333333333333,125.256718661366,133,13.591743754096,12.6815968709887,1.31986772932113,2.42360476184294,3.79639018370645,11.4866111795389,0.309588507695195,0.0543954656045795
10.35,125.013891465407,133,13.591743754096,13.4380375100799,1.38762650212655,2.47103590280674,3.80560113373973,12.1811761393478,0.338875679319147,0.0570761590998372
10.3666666666667,124.769630673783,134,14.591743754096,14.1775557400599,1.45833891165277,2.52053458947509,3.81564504693233,12.922248789766,0.369207324338187,0.0598771200161014
10.3833333333333,124.523998993709,135,15.591743754096,14.9962801742004,1.52655793662106,2.56828790695289,3.82651877856731,13.6863531339101,0.397248941061609,0.0626321926052375
10.4,124.277057477353,135,15.591743754096,15.8897760512431,1.59720457357552,2.61774055282102,3.83822070554119,14.4932123172896,0.426043502972035,0.0654904147628143
10.4166666666667,124.028865008538,135,15.591743754096,16.7591524610238,1.67291929983422,2.6707408612021,3.85079244085176,15.3556689179207,0.457171266774521,0.0685338926825051
10.4333333333333,123.779477842556,136,16.591743754096,17.6063040371902,1.74677769345263,2.72244173673499,3.8642459804451,16.2450143331576,0.486367884774768,0.0715523987254453
10.45,123.528949198601,136,16.591743754096,18.5276754096004,1.81477680768332,2.77004111669647,3.87853039953556,17.1409375592736,0.51125246572591,0.0744210590545365
10.4666666666667,123.277328903008,136,16.591743754096,19.4243703435325,1.88296635173616,2.81777379753346,3.89361127329901,18.0659785333133,0.535605647526464,0.0773214795406618
10.4833333333333,123.024663080747,136,16.591743754096,20.2979623070198,1.94683878535733,2.86248450106828,3.90945834448204,18.9991244024833,0.556704456920578,0.08011470042181
10.5,122.770993892163,135,15.591743754096,21.1498667997426,2.00400967953127,2.90250412699004,3.9260018024409,19.9258905381298,0.573185057526735,0.0827241707889699
10.5166666666667,122.516359311778,135,15.591743754096,21.886615132104,2.05354613366981,2.93717964488701,3.94315298458362,20.8368187964441,0.584600090931491,0.085116510685486
10.5333333333333,122.260792945884,134,14.591743754096,22.6094217095894,2.08745341996459,2.96091474529336,3.96076760109131,21.6899365332635,0.586229505349386,0.0870407946475253
10.55,122.004323886822,134,14.591743754096,23.2236975474166,2.11020757226205,2.97684265190158,3.97868641808284,22.4944214880355,0.581043072954768,0.0886244412822114
10.5666666666667,121.746976627174,133,13.591743754096,23.8293244997766,2.11728510958218,2.98179692802567,3.99674590261679,23.222033183287,0.566473609880328,0.0897213062798335
10.5833333333333,121.488771057637,132,12.591743754096,24.3304137690039,2.11519106187026,2.98033109462733,4.01479928791245,23.8915895892766,0.546712750025312,0.0905214990966018
10.6,121.229722560134,131,11.591743754096,24.7311469409971,2.10041019929547,2.96998449082498,4.03271294339501,24.4812528372785,0.519763986072731,0.0909114714358024
10.6166666666667,120.969843868704,130,10.591743754096,25.0352141065359,2.07178394193768,2.94994611067453,4.05032705653108,24.9775936919734,0.485113052555593,0.0908479967528627
10.6333333333333,120.709145963268,129,9.59174375409597,25.2457359669926,2.02964188220138,2.92044666885912,4.0674778441258,25.373337899705,0.443162539088421,0.0903330133830679
10.65,120.447635566917,128,8.59174375409597,25.3652904501795,1.97516144382591,2.88231036199629,4.0840110081503,25.6655053266949,0.394819530519346,0.0893948977467074
10.6666666666667,120.185315331021,126,6.59174375409597,25.3959957344394,1.90991935916685,2.83664090273494,4.09978888231909,25.8539506883595,0.341210297865463,0.0880752078904153
10.6833333333333,119.922184304924,125,5.59174375409597,25.2450473440793,1.83559585858339,2.78461445232652,4.11469327303054,25.9402726478755,0.283495036679392,0.0864198256988377
10.7,119.658238401518,124,4.59174375409597,25.0144457655814,1.74580453823828,2.72176052808494,4.12857502148448,25.8908276662079,0.217909731791015,0.0842278823201249
10.7166666666667,119.393470893316,123,3.59174375409597,24.7051645560873,1.64591678709546,2.65183910228497,4.14128472411454,25.720978608139,0.147922586531763,0.0816559464136167
10.7333333333333,119.127872857239,122,2.59174375409597,24.3178390160382,1.53981611595049,2.57756863248349,4.15272700844684,25.4432794718783,0.076009299299734,0.0788184354960818
10.75,118.861432823419,121,1.59174375409597,23.853024334074,1.43018451868838,2.50082651440002,4.16284488297753,25.067648393721,0.00385238387770931,0.075795401017443
10.7666666666667,118.594136680008,120,0.591743754095972,23.3113607882858,1.31878049454481,2.42284369749952,4.17160738794781,24.6017285078468,-0.0674696815342794,0.0726402595145536
10.7833333333333,118.32596843263,119,-0.408256245904028,22.6936690024343,1.20668577177681,2.34437739156191,4.17900030691158,24.0513212114713,-0.137317158191992,0.0693867547013744
10.8,118.056911029181,117,-2.40825624590403,22.000995132923,1.09451055133566,2.26585473725311,4.18501950943095,23.4208187454599,-0.205353174990179,0.0660548137525675
10.8166666666667,117.786947150102,116,-3.40825624590403,21.1400527973414,0.989106130218763,2.018978069683,4.18833845631943,22.7149249417636,-0.264675142127133,0.0626547081194848
10.8333333333333,117.516059920021,115,-4.40825624590403,20.2069719431565,0.881608538050834,1.96254183379484,4.18901022202832,21.9081142275493,-0.320997142616771,0.058927475133847
10.85,117.244233665033,114,-5.40825624590403,19.1988595335651,0.766328863208224,1.90202000450247,4.18864569137324,21.0084100782001,-0.381239445087917,0.0549508088507743
10.8666666666667,116.971454776273,114,-5.40825624590403,18.1199451315998,0.64501624649782,1.83833088072951,4.18718656698671,20.0195664333352,-0.444268276562305,0.050776539701391
10.8833333333333,116.697712430086,113,-6.40825624590403,17.0686647137069,0.519396185318374,1.7723803486103,4.18459006336209,18.9464136430789,-0.508982790707142,0.0464561562325262
10.9,116.422999107807,112,-7.40825624590403,15.9481255540158,0.399100959176554,1.70922535488584,4.18086621577188,17.8305102328579,-0.569477154566115,0.0422826781565654
10.9166666666667,116.147310993911,111,-8.40825624590403,14.7620623043082,0.281641538387515,1.6475591589716,4.17605270073339,16.6650323827016,-0.627335758722155,0.0381813998718333
10.9333333333333,115.870648315719,110,-9.40825624590403,13.5142742001791,0.165517150376054,1.58659385526558,4.17017016676343,15.4459514635016,-0.683514429748219,0.0341072363674284
10.95,115.593015590426,109,-10.408256245904,12.2085267629077,0.0499473081371721,1.52591968809017,4.16322965282877,14.1714837218882,-0.738514122908305,0.0300367584850952
10.9666666666667,115.314421779566,109,-10.408256245904,10.8484954459922,-0.0644166038379292,1.43528074748022,4.15504902605826,12.841760863776,-0.791560798885297,0.0259615634845941
10.9833333333333,115.034880376235,108,-11.408256245904,9.53126039899765,-0.174454115172919,1.32524323614523,4.14499317517024,11.4603030716953,-0.839444846157961,0.0218795904932026
11,114.754409469734,107,-12.408256245904,8.15712412639077,-0.272641361743992,1.22705598957416,4.13317145482913,10.0673818324072,-0.877758269122677,0.0180290423329659
11.0166666666667,114.473031852422,107,-12.408256245904,6.72698374190757,-0.363810612254665,1.13588673906349,4.11974332666232,8.65293356627266,-0.909784443237139,0.0142788610543454
11.0333333333333,114.190775169332,106,-13.408256245904,5.33713747977301,-0.451509843237716,1.04818750808043,4.1047990479476,7.20858265337951,-0.937899473054081,0.0105309256387618
11.05,113.907672088951,106,-13.408256245904,3.88927646731936,-0.530288754626947,0.969408596691204,4.08845123015317,5.76418251557048,-0.958971858285562,0.00696220303733364
11.0666666666667,113.623760480818,105,-14.408256245904,2.48079839329648,-0.605756339322171,0.893941011995979,4.07080375600025,4.30294093517548,-0.976655165992318,0.00341254960921493
11.0833333333333,113.33908358955,105,-14.408256245904,1.01443884265053,-0.673581680406591,0.82611567091156,4.05195674616566,2.84896220001207,-0.988474954101188,2.33615001677644e-05
11.1,113.053690172725,105,-14.408256245904,-0.411524332090232,-0.739849195672544,0.759848155645606,4.03198859023779,1.38180398295818,-0.998326235569645,-0.00338253889411147
11.1166666666667,112.767634548475,105,-14.408256245904,-1.79911195448532,-0.800295780613157,0.699401570704993,4.01096958770059,-0.0765295739473939,-1.0037199147506,-0.00666869620779781
11.1333333333333,112.480976585234,104,-15.408256245904,-3.15005765150229,-0.852955325696161,0.64674202562199,3.98902081827939,-1.51133159191025,-1.00365577361498,-0.00976443380737443
11.15,112.193781686356,104,-15.408256245904,-4.56018429030931,-0.897355900295428,0.602341451022723,3.96628283093744,-2.9134258952456,-0.998077490848769,-0.0126431299452374
11.1666666666667,111.906120728792,104,-15.408256245904,-5.92974691691842,-0.941796422732086,0.557900928586064,3.94282447601325,-4.31376270548178,-0.992207140349463,-0.01555093332975
11.1833333333333,111.618069950011,104,-15.408256245904,-7.25949405459187,-0.983074276835701,0.51662307448245,3.91867971329104,-5.69727473488101,-0.984131822685603,-0.0183874550054773
11.2,111.329710802058,104,-15.408256245904,-8.55018028534089,-1.02073934908436,0.49969735131815,3.89416841543233,-7.05387350587972,-0.974197942396855,-0.0210956956798434
11.2166666666667,111.041129785799,103,-16.408256245904,-9.80171434699613,-1.05549610612354,0.49969735131815,3.86967045839771,-8.37832815030913,-0.963561290225827,-0.0236455548175467
11.2333333333333,110.752418247136,103,-16.408256245904,-11.1073471697494,-1.086716568755,0.49969735131815,3.84521384346034,-9.66740764613435,-0.951820476957556,-0.0260197775187778
11.25,110.463672092187,103,-16.408256245904,-12.365038352847,-1.12206599495576,0.49969735131815,3.82080363756214,-10.9544887184521,-0.943662733717456,-0.0284522840337711
11.2666666666667,110.174991434029,103,-16.408256245904,-13.5738111946148,-1.15747099945632,0.49969735131815,3.79644473299477,-12.2248268150582,-0.93656243252856,-0.030818738268516
11.2833333333333,109.886480203274,103,-16.408256245904,-14.7330363228169,-1.19002839230264,0.49969735131815,3.77214185172275,-13.4668916390913,-0.928687175864582,-0.0330341677555413
11.3,109.598245744575,103,-16.408256245904,-15.8423969819887,-1.2177678019647,0.49969735131815,3.74789954961211,-14.6718356669918,-0.918761564573631,-0.0350445011778287
11.3166666666667,109.310398413788,102,-17.408256245904,-16.9018565597783,-1.2394553350148,0.49969735131815,3.72372222056707,-15.8330432670147,-0.905953925784447,-0.0368196283438872
11.3333333333333,109.023051185956,102,-17.408256245904,-18.0061976495791,-1.25443079731245,0.49969735131815,3.69961410057626,-16.9457463674609,-0.889781881200031,-0.0383476995248886
11.35,108.736319280771,102,-17.408256245904,-19.0553749880198,-1.27071174238542,0.49969735131815,3.67557927167047,-18.0429873170695,-0.875138330766159,-0.0398759924548314
11.3666666666667,108.450319809694,102,-17.408256245904,-20.050225382811,-1.28478587059244,0.49969735131815,3.65162166579376,-19.1107518708245,-0.859836532510944,-0.0412992940953279
11.3833333333333,108.165171447121,102,-17.408256245904,-20.9917621824032,-1.29441121250444,0.49969735131815,3.62774506858948,-20.138933272437,-0.842450278595513,-0.042554063182479
11.4,107.880994126671,102,-17.408256245904,-21.8811510639535,-1.29830410818883,0.49969735131815,3.6039531231033,-21.1205257731479,-0.822131821291899,-0.0436076578208345
11.4166666666667,107.597908762751,102,-17.408256245904,-22.7196877067746,-1.29589146005259,0.49969735131815,3.58024933340459,-22.0509683137782,-0.798466612569411,-0.0444498544195454
11.4333333333333,107.316036996881,101,-18.408256245904,-23.5087772559844,-1.28711523362627,0.49969735131815,3.55663706812805,-22.9276118522105,-0.771358059841926,-0.0450862203028404
11.45,107.035500967863,101,-18.408256245904,-24.344484863696,-1.27227930388938,0.49969735131815,3.53311956393713,-23.7492883416559,-0.740936689495483,-0.0455329806647745
11.4666666666667,106.756423104557,101,-18.408256245904,-25.1278996397055,-1.26016861200171,0.0749848675659075,3.50969992891083,-24.5522523374137,-0.712593323503222,-0.0460585988839004
11.4833333333333,106.478925949711,101,-18.408256245904,-25.8756246191845,-1.21331567242223,0.0749848675659075,3.47930291536712,-25.3097462609788,-0.648792139711384,-0.046590457365726
11.5,106.20313224308,101,-18.408256245904,-26.6025362265549,-1.17294914710541,0.49969735131815,3.44993841172102,-26.012780163642,-0.591559900841034,-0.0471861402040754
11.5166666666667,105.929165481369,101,-18.408256245904,-27.2925497440194,-1.16722721555029,0.49969735131815,3.42683515543646,-26.6951025586749,-0.568872691452611,-0.0479062456578834
11.5333333333333,105.657150181229,101,-18.408256245904,-27.9316082418048,-1.16366637506607,0.49969735131815,3.403844264345,-27.3625726360394,-0.547968606738618,-0.048677774358415
11.55,105.387211433287,100,-19.408256245904,-28.5221107880144,-1.1591078248018,0.49969735131815,3.38096814422866,-28.0027825395781,-0.526898489315721,-0.0494044746315448
11.5666666666667,105.119474366472,100,-19.408256245904,-29.1610038604761,-1.15165942590658,0.49969735131815,3.3582090937044,-28.6074085264503,-0.504473346414922,-0.0500313145947459
11.5833333333333,104.854063758431,100,-19.408256245904,-29.7501532138715,-1.14858868757174,0.49969735131815,3.33556930706055,-29.207549245577,-0.485165817104932,-0.0507782500400916
11.6,104.591103750966,100,-19.408256245904,-30.292071922129,-1.14595777014099,0.49969735131815,3.31305087702947,-29.788378598533,-0.466562034925672,-0.0515233557201295
11.6166666666667,104.330717641062,100,-19.408256245904,-30.7892321470325,-1.14130794626046,0.49969735131815,3.29065579749785,-30.339744195985,-0.4471329716699,-0.0521931641346532
11.6333333333333,104.07302772868,99,-20.408256245904,-31.2440574131125,-1.13326398965796,0.49969735131815,3.26838596615596,-30.8550855843551,-0.426002400561825,-0.0527491618355196
11.65,103.818155208238,99,-20.408256245904,-31.7534853442315,-1.12122740762169,0.49969735131815,3.24624318708695,-31.3305735310645,-0.402766159833131,-0.0531774059355429
11.6666666666667,103.566220094262,99,-20.408256245904,-32.2193432007903,-1.11337863162725,0.49969735131815,3.22422917329773,-31.8007174621057,-0.382456677120231,-0.0537261297515413
11.6833333333333,103.317341174145,98,-21.408256245904,-32.644079338664,-1.10639954091663,0.49969735131815,3.20234554919236,-32.2532376070016,-0.363045538821979,-0.0542919323464756
11.7,103.071635982841,98,-21.408256245904,-33.1246475326517,-1.09822777333604,0.49969735131815,3.18059385298933,-32.6798417085322,-0.343255453250584,-0.0548125425845283
11.7166666666667,102.829220795768,98,-21.408256245904,-33.5628833791387,-1.09595470205513,0.49969735131815,3.15897553908377,-33.111576997694,-0.327464837301447,-0.0555007415070244
11.7333333333333,102.590210637414,97,-22.408256245904,-33.9612365647684,-1.09546466887838,0.49969735131815,3.13749198035592,-33.5334957930182,-0.313162366970057,-0.0562276198800807
11.75,102.354719304172,97,-22.408256245904,-34.4166559459844,-1.09412295988413,0.49969735131815,3.11614447042673,-33.9352656295832,-0.298720596984241,-0.0569130173151687
11.7666666666667,102.122859400874,96,-23.408256245904,-34.8309666562563,-1.09862115477105,0.49969735131815,3.09493422586194,-34.346387248611,-0.288270040999128,-0.0577576090190377
11.7833333333333,101.89474239138,95,-24.408256245904,-35.3011724109865,-1.10457478785321,0.49969735131815,3.07386238832556,-34.7507527474416,-0.279129548777398,-0.0586247210444557
11.8,101.670478664533,95,-24.408256245904,-35.8237223809442,-1.1174167480258,0.49969735131815,3.05293002668383,-35.1734590208301,-0.274665082716161,-0.0596751558062381
11.8166666666667,101.45017761781,94,-25.408256245904,-36.3006250548754,-1.14011924653321,0.49969735131815,3.03213813906081,-35.6313667554925,-0.27675840642008,-0.0609905460010203
11.8333333333333,101.233947762282,93,-26.408256245904,-36.8290699014538,-1.16566110675533,0.49969735131815,3.01148765484644,-36.0988019419266,-0.281118813578161,-0.0623516765803879
11.85,101.021896854053,92,-27.408256245904,-37.405693066531,-1.19766592697795,0.49969735131815,2.99097943665821,-36.5937167554039,-0.289993805021461,-0.0638644223544552
11.8666666666667,100.814132059537,92,-27.408256245904,-38.0272595626527,-1.23792228507466,0.49969735131815,2.97061428225736,-37.1277238675718,-0.304520311904288,-0.0655761170045785
11.8833333333333,100.610760164849,91,-28.408256245904,-38.5960957956925,-1.28693045331483,0.49969735131815,2.95039292642056,-37.7076666097351,-0.325047922878111,-0.0674939310687048
11.9,100.411887843911,90,-29.408256245904,-39.2097094346367,-1.33608055357059,0.49969735131815,2.93031604276804,-38.3005641443247,-0.346282104191559,-0.0693532030441087
11.9166666666667,100.2176220062,89,-30.408256245904,-39.865053510384,-1.38806371252557,0.49969735131815,2.91038424554906,-38.9191666992271,-0.369862067466614,-0.0712355860993721
11.9333333333333,100.028070254774,88,-31.408256245904,-40.5592071873117,-1.44421511857582,0.49969735131815,2.89059809138559,-39.5715066269383,-0.396607907420223,-0.0731793843435089
11.95,99.8433415006139,88,-31.408256245904,-41.2893764208554,-1.50492346928902,0.49969735131815,2.87095808097522,-40.2620845043754,-0.426762782410037,-0.0751932978131089
11.9666666666667,99.6635468045126,88,-31.408256245904,-41.9583245377997,-1.56994174372348,0.49969735131815,2.851464660754,-40.9927996318508,-0.460177728279618,-0.0772667437255449
11.9833333333333,99.4888005610042,87,-32.408256245904,-42.5694210103702,-1.63038215169375,0.49969735131815,2.83211822452012,-41.7273862655256,-0.491346904834962,-0.0791319843936425
12,99.3192222168636,87,-32.408256245904,-43.220522869374,-1.68074804457971,0.49969735131815,2.81291911501932,-42.4402764655679,-0.516797617280783,-0.0806320284921976
12.0166666666667,99.1549388667633,87,-32.408256245904,-43.8143486013817,-1.72626708397117,0.49969735131815,2.79386762549276,-43.1504238907339,-0.539663669209903,-0.0819352552904737
12.0333333333333,98.9960893816568,87,-32.408256245904,-44.3542082850224,-1.76209181477865,0.49969735131815,2.77496400118822,-43.8347538791281,-0.556881483023431,-0.0829038086137561
12.05,98.8428314525687,87,-32.408256245904,-44.8433175000739,-1.78564959414047,0.49969735131815,2.7562084408353,-44.4778109260587,-0.566763526110266,-0.0834726919806855
12.0666666666667,98.6953549025438,87,-32.408256245904,-45.2847917738015,-1.79599171373082,0.0749848675659075,2.73760109808556,-45.0699288026183,-0.568614382281281,-0.0836277785875817
12.0833333333333,98.5539114817332,87,-32.408256245904,-45.6964116204268,-1.75874973368252,0.0749848675659075,2.71206385242972,-45.5902198042741,-0.526693149908939,-0.0834066187927111
12.1,98.4188777213338,88,-31.408256245904,-46.094074004811,-1.71331160054462,0.0749848675659075,2.68667684734009,-46.0352438541581,-0.479898039391423,-0.0829622128577482
12.1166666666667,98.2907609070502,88,-31.408256245904,-46.3827699835035,-1.66497677217746,0.0749848675659075,2.66144190011533,-46.4245396056943,-0.431457830876174,-0.0824606686184494
12.1333333333333,98.1700972237049,89,-30.408256245904,-46.6626588278444,-1.6091110662734,0.0749848675659075,2.6363607300175,-46.7363398192362,-0.378490016220048,-0.0817661075674339
12.15,98.0573795621913,89,-30.408256245904,-46.8387510990818,-1.55167341551457,0.0749848675659075,2.61143496096709,-46.9933041730915,-0.324641570638359,-0.081063293978657
12.1666666666667,97.9530259622999,90,-29.408256245904,-47.0111979805135,-1.4884220015714,0.0749848675659075,2.58666612417653,-47.1759382458065,-0.267287177606184,-0.0802263585413021
12.1833333333333,97.8573703798507,90,-29.408256245904,-47.0849773964339,-1.4255099127568,0.0749848675659075,2.56205566072352,-47.3085089441391,-0.21021037934815,-0.0794437878040785
12.2,97.7706650598442,91,-28.408256245904,-47.1601861776692,-1.35874536867529,0.0749848675659075,2.53760492406528,-47.3726104518041,-0.150833659367792,-0.0785889841829748
12.2166666666667,97.6930884234828,91,-28.408256245904,-47.1417288124316,-1.29422954381204,0.0749848675659075,2.51331518249521,-47.3931975433847,-0.0929245694767229,-0.0778466720402403
12.2333333333333,97.6247550800455,92,-27.408256245904,-47.1296120512456,-1.22764939072269,0.0749848675659075,2.48918762154286,-47.3522457452435,-0.0338452495924836,-0.0770845394113941
12.25,97.5657261427206,92,-27.408256245904,-47.0286359136184,-1.16494041561082,0.0749848675659075,2.46522334631866,-47.2748596312019,0.0227264515167586,-0.0764804597762312
12.2666666666667,97.5160189275549,92,-27.408256245904,-46.9386903740791,-1.10159836868678,0.0749848675659075,2.44142338380443,-47.1429923811169,0.0795360133295685,-0.0758947392569885
12.2833333333333,97.4756156230264,93,-26.408256245904,-46.8590176650864,-1.04335606879857,0.0749848675659075,2.41778868509086,-46.9816008776428,0.133022504245732,-0.0754977787239125
12.3,97.4444707984799,93,-26.408256245904,-46.6943225258379,-0.993743468695824,0.0749848675659075,2.39432012756322,-46.8086911619379,0.180947001404324,-0.0753881463976785
12.3166666666667,97.4225177623087,94,-25.408256245904,-46.5443911207929,-0.946435772164489,0.0749848675659075,2.37101851703537,-46.6006220385764,0.227152915656764,-0.075367078836051
12.3333333333333,97.4096738679836,94,-25.408256245904,-46.3137854015659,-0.905805874348909,0.0749848675659075,2.34788458983572,-46.3779609453272,0.268907659876116,-0.0755617306330511
12.35,97.4058448737222,94,-25.408256245904,-46.1021428690351,-0.86614628836167,0.0749848675659075,2.32491901484287,-46.1189969975566,0.309692866776823,-0.0757941993232563
12.3666666666667,97.4109285061496,95,-24.408256245904,-45.9084416884027,-0.832273247497895,0.0749848675659075,2.30212239547427,-45.8457278985167,0.346516197030649,-0.0762065846236878
12.3833333333333,97.4248174556661,95,-24.408256245904,-45.6371135011168,-0.807027900556839,0.0749848675659075,2.2794952716281,-45.5737684776442,0.377573466824506,-0.0768769608384141
12.4,97.4474017179493,95,-24.408256245904,-45.3876646719533,-0.783576960010094,0.0749848675659075,2.25703812157953,-45.2775433048106,0.407036216503618,-0.0775921902025592
12.4166666666667,97.4785703093383,96,-23.408256245904,-45.1589421400395,-0.765926757213137,0.0749848675659075,2.23475136383217,-44.9760521372652,0.43241547325516,-0.0784698138175468
12.4333333333333,97.5182125764756,96,-23.408256245904,-44.8552468870596,-0.756352559273843,0.743344792044308,2.21263535892585,-44.6825994169369,0.452265473525127,-0.079571507309981
12.45,97.5662191660895,96,-23.408256245904,-44.5527133627738,-0.800395164088898,0.699302187229252,2.20150197403759,-44.3938678102927,0.416420583990028,-0.0806467122204181
12.4666666666667,97.6224823325715,97,-22.408256245904,-44.2311440417763,-0.839598670196363,0.660098681121787,2.18984045796717,-44.1273638337146,0.384807597850043,-0.0816370848764255
12.4833333333333,97.6868952845883,97,-22.408256245904,-43.8025112294123,-0.870967808602851,0.628729542715299,2.17775706721099,-43.8640600594124,0.359066385478915,-0.0824412361095412
12.5,97.7593515733859,97,-22.408256245904,-43.3727463898196,-0.885950277633231,0.613747073684919,2.16545891822564,-43.5572887149622,0.344104520424945,-0.0827807992489451
12.5166666666667,97.8397448191489,97,-22.408256245904,-42.9456948927371,-0.889301359807205,0.610395991510945,2.15317593556712,-43.2150252728141,0.336615428799569,-0.0827803974905878
12.5333333333333,97.927968613485,97,-22.408256245904,-42.5237994256907,-0.885060989788653,0.614636361529498,2.1410647267047,-42.8461887519751,0.33385791057188,-0.0825494245686445
12.55,98.0239165445975,97,-22.408256245904,-42.1085454618769,-0.876419461948221,0.623277889369929,2.12922178485606,-42.4593117995184,0.333714615802776,-0.0821767222551152
12.5666666666667,98.127482254136,97,-22.408256245904,-41.7008086832205,-0.865738812377344,0.633958538940806,2.11769754560964,-42.0618457724167,0.334654086161265,-0.0817299478870878
12.5833333333333,98.2385594867695,98,-21.408256245904,-41.3011094245378,-0.85465756777266,0.64503978354549,2.10650933665834,-41.6598938373288,0.335643931487492,-0.0812575969532424
12.6,98.3570421037085,98,-21.408256245904,-40.8152180081671,-0.844229655554081,0.655467695764069,2.09565226475247,-41.2582099555834,0.336046840837786,-0.0807922612311314
12.6166666666667,98.4828240328355,98,-21.408256245904,-40.3438848143234,-0.827179809030155,0.672517542287995,2.08517933035045,-40.8241685353242,0.340259937554867,-0.0801085910490042
12.6333333333333,98.6157992204728,98,-21.408256245904,-39.8868937252714,-0.807868576741499,0.691828774576651,2.07515996983597,-40.3728180448318,0.34549700491645,-0.0793336116994752
12.65,98.7558616056677,98,-21.408256245904,-39.4436740545331,-0.789063570155732,0.710633781162419,2.06560482628618,-39.9154906907758,0.350046668756739,-0.0785509135852849
12.6666666666667,98.902905081279,98,-21.408256245904,-39.0135888693477,-0.772341382539986,0.727355968778165,2.05648885032823,-39.4602685563179,0.352986356680526,-0.0778108462618287
12.6833333333333,99.0568234084359,98,-21.408256245904,-38.5960957932855,-0.758442790727046,0.741254560591104,2.04776808248875,-39.0126001047389,0.353935963199203,-0.0771398610258236
12.7,99.2175101188634,98,-21.408256245904,-38.1908196190165,-0.747562300873966,0.752135050444184,2.03939107015686,-38.5759303462535,0.352861075408439,-0.0765483345265771
12.7166666666667,99.3848583977076,98,-21.408256245904,-37.7975683165327,-0.73956898533852,0.760128365979631,2.03130604718498,-38.152267829103,0.349925617119725,-0.0760366764265695
12.7333333333333,99.5587610013005,98,-21.408256245904,-37.4163162044269,-0.734164652481424,0.765532698836726,2.02346497370257,-37.7426532316566,0.345388278204103,-0.0755998055027148
12.75,99.7391102240839,98,-21.408256245904,-37.047171072776,-0.730989722203026,0.768707629115125,2.01582539356608,-37.3475212171092,0.339534704118371,-0.0752302240937185
12.7666666666667,99.9257979005787,99,-20.408256245904,-36.6903363136766,-0.729688399876311,1.49969735131815,2.00835088203578,-36.9669629598942,0.33263700508756,-0.0749199751159375
12.7833333333333,100.118715415035,99,-20.408256245904,-36.2261302145677,-0.789040535579453,1.49969735131815,2.01311974151197,-36.6275279063272,0.263788249213675,-0.0746318035651497
12.8,100.317753302092,99,-20.408256245904,-35.7329905247307,-0.804248251974696,0.695449099343455,2.01181464205763,-36.2888591523916,0.235501260329249,-0.0739256949718293
12.8166666666667,100.522800048075,100,-19.408256245904,-35.2444646262647,-0.799814732346599,1.49969735131815,2.00958104070964,-35.8959141136446,0.221852900226869,-0.0728061168634427
12.8333333333333,100.733741479036,100,-19.408256245904,-34.6677078924561,-0.791421515165426,1.49969735131815,2.00870510705337,-35.4817943156521,0.208704818696959,-0.0714115470805243
12.85,100.950461046926,100,-19.408256245904,-34.077097536282,-0.796216132807373,1.49969735131815,2.013943538014,-35.0335576205511,0.175916488863046,-0.0695560253045157
12.8666666666667,101.172839404535,101,-18.408256245904,-33.4770514373157,-0.785673662215648,1.49969735131815,2.01928918373806,-34.5560668646018,0.153596330237337,-0.0672858181631535
12.8833333333333,101.400753862503,101,-18.408256245904,-32.7769836109352,-0.761493776786131,1.49969735131815,2.02473720802938,-34.0483900702679,0.140782985982918,-0.0646672530163239
12.9,101.634078152103,102,-17.408256245904,-32.0809506996633,-0.717595713637345,1.49969735131815,2.03028290304789,-33.4759884122265,0.141316116041692,-0.0615325247583946
12.9166666666667,101.872682400956,102,-17.408256245904,-31.2973730678122,-0.659947174207929,1.49969735131815,2.03592168642324,-32.8543683956193,0.151610190068055,-0.0580791030068005
12.9333333333333,102.116433252106,103,-16.408256245904,-30.5293604160333,-0.585249598168476,1.49969735131815,2.04164909842833,-32.1608921856491,0.173767497232661,-0.0542213265239209
12.95,102.365194079976,104,-15.408256245904,-29.6844324559253,-0.501150866247946,1.49969735131815,2.04746079921135,-31.4194597114147,0.203127420073922,-0.05020297853148
12.9666666666667,102.618825270493,104,-15.408256245904,-28.7702745411716,-0.405229284351819,1.49969735131815,2.05335256608532,-30.6131384854958,0.241203982006626,-0.0459590532133725
12.9833333333333,102.877184541647,105,-14.408256245904,-27.888645775397,-0.297198982480625,1.49969735131815,2.05932029087389,-29.7332057816707,0.288203142819313,-0.0414906096840952
13,103.140127287158,106,-13.408256245904,-26.9457787364883,-0.186406497593313,1.49969735131815,2.06535997731237,-28.8131698355072,0.338360880711024,-0.0370858137846247
13.0166666666667,103.407660958891,107,-12.408256245904,-25.9481345396581,-0.0711834109404214,1.49969735131815,2.07146773850289,-27.8424263091975,0.392663638534438,-0.0326941981220884
13.0333333333333,103.681257732978,107,-12.408256245904,-24.9017407481609,0.0486654250281994,1.49969735131815,2.07763979442254,-26.8161102451542,0.451198212556205,-0.0283110098575555
13.05,103.963493614097,108,-11.408256245904,-23.9067782596431,0.172388167138218,1.49969735131815,2.08387246948351,-25.7334642303941,0.513465917379984,-0.0239598840779686
13.0666666666667,104.255235945387,109,-10.408256245904,-22.8679801412779,0.290434888547369,1.49969735131815,2.09016219014422,-24.6328727818354,0.57351098475743,-0.0199257998890404
13.0833333333333,104.556996000513,110,-9.40825624590403,-21.7903855127561,0.404836131161504,1.49969735131815,2.09650548257038,-23.5063123401792,0.63248108330917,-0.0161382734960808
13.1,104.871266256292,111,-8.40825624590403,-20.6786760235189,0.516511396539195,1.49969735131815,2.10289897034502,-22.3498251799412,0.690855490289922,-0.0125623765085707
13.1166666666667,105.201572270401,112,-7.40825624590403,-19.5371917058104,0.625644074202114,1.49969735131815,2.10933937222643,-21.1623710432665,0.748667929393623,-0.00918629823794267
13.1333333333333,105.551553482702,113,-6.40825624590403,-18.369946784814,0.73195897645904,1.49969735131815,2.11582349995328,-19.9449422380972,0.805672451552362,-0.00601224888085552
13.15,105.924718017972,114,-5.40825624590403,-17.1806453726562,0.804314459571483,2.30401181088963,2.12855374985265,-18.7061051133384,0.829865016487811,-0.00304755226494126
13.1666666666667,106.324648352964,115,-4.40825624590403,-15.9447267209536,0.83729586632532,2.33699321764347,2.14897493748592,-17.4897662186027,0.815227732272721,-0.000215248968013884
13.1833333333333,106.756617786711,116,-3.40825624590403,-14.6395663962755,0.872441811655094,2.37213916297324,2.16999284937153,-16.2776146731999,0.802009411738236,0.00268841351104357
13.2,107.235181181063,117,-2.40825624590403,-13.2719198995261,0.915723569289798,2.41542092060795,2.19169158120745,-15.0404753884444,0.793744545052765,0.00585220523188541
13.2166666666667,107.797565668718,117,-2.40825624590403,-11.8477573949111,0.969701144319526,2.46939849563768,2.21422448518451,-13.760228923268,0.791764319875004,0.00936677535861782
13.2333333333333,108.484868408687,118,-1.40825624590403,-10.4665938338564,1.03476301243506,2.53446036375321,2.23776811328564,-12.4269610562742,0.796034284257618,0.0132584028131054
13.25,109.308999938664,119,-0.408256245904028,-9.03185536034334,1.10216652068458,2.60186387200273,2.26242253792652,-11.0726499212576,0.801028383095986,0.0172692081152429
13.2666666666667,110.263087587396,119,-0.408256245904028,-7.54700002041916,1.17452648628307,2.67422383760122,2.28824411406954,-9.68430465155071,0.808281430849872,0.0214827095090272
13.2833333333333,111.335458151845,119,-0.408256245904028,-6.10967240002621,1.2529055641167,2.75260291543485,2.31531888522505,-8.25405898176169,0.818328761998155,0.0259376197660932
13.3,112.514923695344,120,0.591743754095972,-4.71655342042212,1.32950099598418,2.82919834730233,2.34367009799145,-6.81400562248975,0.826351865879051,0.0303978852312791
13.3166666666667,113.79130470775,120,0.591743754095972,-3.26975222580273,1.40002206584275,2.8997194171609,2.37322181917482,-5.38635842494276,0.829848573883171,0.0347259809637154
13.3333333333333,115.155311498028,121,1.59174375409597,-1.86686043220465,1.47048935400037,2.97018670531852,2.4039196284679,-3.94929009912093,0.832624011676401,0.0390997116468184
13.35,116.598437448855,121,1.59174375409597,-0.41055252436646,1.536526309619,3.03622366093716,2.43571571755881,-2.52375635785045,0.832072437007067,0.0433815574448076
13.3666666666667,118.11286252268,121,1.59174375409597,1.00119434155833,1.60392588785235,3.1036232391705,2.46858108700061,-1.08744896960568,0.831813823762677,0.04774473404532
13.3833333333333,119.691365353474,121,1.59174375409597,2.37090200334406,1.66803159805878,3.16772894937693,2.50248907110697,0.338684159213474,0.829033050571441,0.0520451348070976
13.4,121.327237647015,122,2.59174375409597,3.70095739273521,1.72647257856013,3.22616992987828,2.53735556712919,1.74053043794103,0.822409676859343,0.0562034346655954
13.4166666666667,123.014178495821,122,2.59174375409597,5.08794150645954,1.77841177685683,3.27810912817498,2.57307060887419,3.10928561997689,0.811603563977803,0.0601849534316053
13.4333333333333,124.746204576989,123,3.59174375409597,6.43293051564199,1.83184609692516,3.33154344824331,2.60959040517603,4.47620256450938,0.801602116288253,0.0642291713857816
13.45,126.517584786987,124,4.59174375409597,7.83209242346552,1.88333970148673,3.38303705280488,2.64690163642446,5.82653551809526,0.79030839117217,0.0682306977105984
13.4666666666667,128.322778829958,124,4.59174375409597,9.2811243258373,1.93895034650544,3.43864769782359,2.68501951755413,7.18637064181403,0.781422093926373,0.0723750520979776
13.4833333333333,130.156378148159,125,5.59174375409597,10.6814528192037,2.00177122148145,3.5014685727996,2.72403403576272,8.57298576909024,0.776702742054862,0.0767637989010839
13.5,132.013049145772,127,7.59174375409597,12.1301568749557,2.06502503849314,3.56472238981129,2.76399746997563,9.9606791994813,0.771899164777175,0.0811952296530157
13.5166666666667,133.887479325081,128,8.59174375409597,13.7186233353518,2.13266451630317,3.63236186762132,2.80494571815746,11.3674789537033,0.769390501343434,0.0857922975566439
13.5333333333333,135.774328543891,129,9.59174375409597,15.3434809154649,2.2144824339695,3.71417978528765,2.84703398827245,12.8412860014715,0.774964547968844,0.0908652450900294
13.55,137.668419462329,130,10.591743754096,17.002796045818,2.30697670231733,3.80667405363548,2.89046105765047,14.3765377963461,0.786166911589068,0.096323572112232
13.5666666666667,139.56492061918,132,12.591743754096,18.6955370707612,2.4072228780261,3.90692022934425,2.93537200413849,15.9671867550345,0.800990775153106,0.102089546088704
13.5833333333333,141.458854143149,133,13.591743754096,20.5158278198309,2.51294101116523,4.01263836248338,2.98186848884395,17.6075730197841,0.817899365183647,0.108101193966828
13.6,143.345057587547,135,15.591743754096,22.3630868495044,2.63034684273027,4.13004419404842,3.03009082625906,19.3290353846033,0.840526762226879,0.11455778747756
13.6166666666667,145.218219717796,136,16.591743754096,24.3324334257013,2.75422680391975,4.2539241552379,3.08017967168228,21.1152129020755,0.865478867016278,0.121311043529314
13.6333333333333,147.072945035071,138,18.591743754096,26.3243709187531,2.88905232479552,4.38874967611367,3.13227582412144,22.9898026748677,0.89532580377316,0.12850682790766
13.65,148.903848623143,140,20.591743754096,28.4350156902403,3.02871713315985,4.528414484478,3.18649882075452,24.9313303338398,0.926166963115615,0.135967562183919
13.6666666666667,150.705678972024,142,22.591743754096,30.660263193363,3.17736981873714,4.6770671700553,3.24295848801254,26.9603320675395,0.960430762087095,0.143826374709189
13.6833333333333,152.473461523855,143,23.591743754096,32.9963709072696,3.33681860238606,4.83651595370421,3.30181270745633,29.0897654756692,0.999033657716946,0.15214909788536
13.7,154.20265107493,145,25.591743754096,35.3455742032309,3.50736664352626,5.00706399484442,3.36323567592867,31.3268948463874,1.04194569173404,0.16095694832882
13.7166666666667,155.889277986284,147,27.591743754096,37.8057343391087,3.68055495095709,5.18025230227524,3.42732673776653,33.638781487166,1.08386792643197,0.169998411328887
13.7333333333333,157.530072441189,148,28.591743754096,40.3742687215746,3.8594450273603,5.35914237867845,3.49414743764393,36.0384863650326,1.12665163445972,0.179368885802308
13.75,159.122553174811,150,30.591743754096,42.9540621383382,4.13195224739392,4.3920639244939,3.54613787020731,38.5700128101982,1.26047326440089,0.18908417630068
13.7666666666667,160.66507184582,152,32.591743754096,45.6031502353727,4.40575826289215,4.58372813534265,3.59938490089445,41.2311684712569,1.39497391326826,0.198728850198967
13.7833333333333,162.156811068782,153,33.591743754096,48.283890752639,4.66768913991674,4.76707974925987,3.65552634354349,43.9922996095374,1.51865987426605,0.20815679803336
13.8,163.597740063475,155,35.591743754096,50.9077618206573,4.91280372997431,4.93865996230016,3.7143841938288,46.8188171378576,1.62880562822754,0.217205523329009
13.8166666666667,164.988534186114,156,36.591743754096,53.5797503195823,5.13182117952352,5.09197217698461,3.77569454893683,49.6533608836189,1.72012444977999,0.225576232931817
13.8333333333333,166.330468499813,158,38.591743754096,56.2078464055897,5.3295965460659,5.23041493356428,3.83917360974639,52.4966167853865,1.7960452208828,0.233399014019679
13.85,167.625296999086,159,39.591743754096,58.8934130703655,5.50288622841555,5.35171771120904,3.90454306807531,55.3164482365634,1.85499527621361,0.240558503057593
13.8666666666667,168.875128182561,161,41.591743754096,61.5410972144673,5.65985283779172,5.46159433777235,3.97155852262599,58.1306136623633,1.9023647017666,0.247288187725061
13.8833333333333,170.082305599312,162,42.591743754096,64.2494116589206,5.7986804661054,5.55877367759193,4.04000817332556,60.9177608713092,1.93735017027251,0.253520387136742
13.9,171.249299677032,163,43.591743754096,66.9207213299218,5.92774579030951,5.64911940453481,4.10972325709433,63.7018043897323,1.96535451804542,0.259499791213326
13.9166666666667,172.378614386667,165,45.591743754096,69.5572450143727,6.04473225023531,5.73100992648287,4.18056570762312,66.4643277978967,1.98515280249163,0.265147994697893
13.9333333333333,173.472710508497,166,46.591743754096,72.2551705516523,6.14916456838175,5.80411254918537,4.25238191819654,69.1938625877243,1.99666969831971,0.270441867627893
13.95,174.53394547555,167,47.591743754096,74.9150258045941,6.24967063135689,5.87446679326797,4.32507032492017,71.9201025814959,2.0053557410542,0.275637949706265
13.9666666666667,175.56452877612,168,48.591743754096,77.5376748863738,6.34353698907277,5.94017324366909,4.39855898254962,74.6275294998102,2.00963891588101,0.280649838329383
13.9833333333333,176.566491251327,169,49.591743754096,80.1238145424128,6.429558744652,6.00038847257455,4.47275371405315,77.3056740709492,2.00890364815581,0.285435841421061
14,177.541666190411,170,50.591743754096,82.6738939801755,6.56858795884231,4.45556193279719,4.53517341421035,79.9602378267702,2.06619205475084,0.289979415195957
14.0166666666667,178.491680078098,171,51.591743754096,85.1324856448821,6.76450035263112,4.54372251000216,4.58405904644284,82.6664308502688,2.18669762202236,0.294110345086664
14.0333333333333,179.417952133863,172,52.591743754096,87.4519774196187,6.93189132328147,4.61904844679481,4.63395190560836,85.3725396070555,2.28757352662599,0.297431029873536
14.05,180.321702045423,173,53.591743754096,89.6466023533509,7.06090521879639,4.64969735131815,4.68437443365001,88.0100132763726,2.36349423027965,0.299607816698477
14.0666666666667,181.20396088693,174,54.591743754096,91.7276620045173,7.15040152733014,4.64969735131815,4.73450880708216,90.5388411886167,2.41512443343388,0.300527747468038
14.0833333333333,182.065585062264,175,55.591743754096,93.7031775291058,7.1999465180373,4.64969735131815,4.78428309702369,92.9374651441357,2.44200683981607,0.300212373868497
14.1,182.907270044376,175,55.591743754096,95.5797578194049,7.2113816598983,4.64969735131815,4.83369584191098,95.1950569939791,2.4449642358758,0.298761026246147
14.1166666666667,183.729565180978,176,56.591743754096,97.2692102921069,7.18813288570106,4.64969735131815,4.88274572156709,97.3081784205201,2.42583486335281,0.296317084972637
14.1333333333333,184.53288852115,177,57.591743754096,98.8781535547348,7.12631524843416,4.64969735131815,4.93143155301191,99.2423977925714,2.38197137011725,0.292801251575343
14.15,185.317541258589,177,57.591743754096,100.412276908472,7.03434864515754,4.64969735131815,4.97975228637089,101.015260913632,2.31833728622376,0.288504160737637
14.1666666666667,186.083721652467,178,58.591743754096,101.782449488867,6.92040854032595,4.61388119446483,5.02756877287476,102.643968935415,2.24010700719948,0.283678665376171
14.1833333333333,186.831537600216,179,59.591743754096,103.093094072594,6.78631046098848,4.55353705876296,5.07415554452272,104.110665772438,2.14976530741731,0.278292025356324
14.2,187.561019427951,179,59.591743754096,104.345749340372,6.6418006028035,4.48850762257972,5.11932153664181,105.445317778078,2.05359728042507,0.272626954250032
14.2166666666667,188.272130736327,180,60.591743754096,105.446492343366,6.49352082637573,4.42178172318723,5.16301511724177,106.671700308058,1.9557525305706,0.266883860503563
14.2333333333333,188.964778869485,180,60.591743754096,106.496440809626,6.3555511771506,2.77080758674827,5.20161024345772,107.772870885529,1.87233717575887,0.260951628633385
14.25,189.638824475085,181,61.591743754096,107.346514970855,6.32457486851127,2.7646123250204,5.21639927913803,108.843923303984,1.90086314754972,0.254938851381572
14.2666666666667,190.294091475783,181,61.591743754096,108.051596666274,6.26830633794585,2.75335861890732,5.23068376312495,109.85065819043,1.91142986777185,0.248314996694798
14.2833333333333,190.930378474047,182,62.591743754096,108.533673504918,6.18023923670989,2.73574519866013,5.24437495703814,110.747720338993,1.90008401851422,0.240895875328306
14.3,191.547468754653,182,62.591743754096,108.908216792471,6.05111634304023,2.7099206199262,5.25735730833341,111.474042716202,1.86117643838249,0.232418082863697
14.3166666666667,192.145138191591,183,63.591743754096,109.093863216721,5.88702293739901,2.67710193879795,5.2695117081452,112.031702423878,1.79850567503418,0.223084537240015
14.3333333333333,192.723161501964,183,63.591743754096,109.20279894539,5.68679984057429,2.63705731943301,5.2807264129164,112.39385385577,1.71142091684874,0.212876144376969
14.35,193.281317261749,184,64.591743754096,109.15059366935,5.46131698117516,2.59196074755318,5.29090736861806,112.586448963858,1.60668544344437,0.202135694359269
14.3666666666667,193.819391898777,184,64.591743754096,109.046665299351,5.21182460130462,2.54206227157907,5.29997970881847,112.598577456174,1.48515259034186,0.190909830762144
14.3833333333333,194.337182909873,184,64.591743754096,108.804144945061,4.94995756277213,2.48968886387258,5.3078914225345,112.466165643062,1.35407614501127,0.17955640004456
14.4,194.834501462129,185,65.591743754096,108.43577032326,4.67664385358786,2.43502612203572,5.31461033125366,112.183909916652,1.2141276712725,0.168104185446056
14.4166666666667,195.311174474801,185,65.591743754096,108.047916691944,4.39435807907178,2.37856896713251,5.3201102058109,111.753967087221,1.06693181436767,0.156627863631112
14.4333333333333,195.767046263072,185,65.591743754096,107.551044946266,4.11454807483041,2.32260696628423,5.32438926751643,111.219771635691,0.919641780805892,0.145470403132831
14.45,196.201979813975,186,66.591743754096,106.955574794789,3.83706831788949,2.26711101489605,5.32746336514306,110.579539515885,0.772278585156198,0.134619429498733
14.4666666666667,196.615755923594,186,66.591743754096,106.365880010332,3.56281696482172,2.21226074428249,5.32934979731487,109.836179203687,0.625502009599217,0.124094228546509
14.4833333333333,197.008189201231,187,67.591743754096,105.690693544192,3.30143447390459,2.15998424609907,5.33008460532398,109.032038380993,0.485353577029529,0.114176596362316
14.5,197.379223760609,187,67.591743754096,105.033505351882,3.05092279565397,2.10988191044894,5.32971530008362,108.163099639298,0.350710522149566,0.1047928946351
14.5166666666667,197.728823421097,188,68.591743754096,104.302326550103,2.8185691748129,2.06341118628073,5.32829938386249,107.265659803525,0.226161439859038,0.0961502026206436
14.5333333333333,198.05697205696,188,68.591743754096,103.600036783184,2.60050069087988,2.01979748949413,5.32589877487057,106.330519229466,0.109421686161717,0.0881160547384013
14.55,198.36367381001,189,69.591743754096,102.83410994395,2.40253980638339,1.98020531259483,5.3225798056996,105.389606508258,0.00416802344325867,0.0808522150830518
14.5666666666667,198.648953145351,189,69.591743754096,102.106933086187,2.21969233856505,1.94363581903116,5.31840890063939,104.430086089233,-0.0925861394695104,0.0741921376572914
14.5833333333333,198.912854740164,190,70.591743754096,101.325511792468,2.05694136009185,1.91108562333652,5.31345361393149,103.480889161094,-0.177693404687089,0.0682726585536701
14.6,199.155443191738,191,71.591743754096,100.591775164054,1.90717071745353,1.78577295893618,5.30808445931376,102.526434553701,-0.256087546007801,0.0629096174059129
14.6166666666667,199.376802650638,191,71.591743754096,99.9035150195339,1.78546620260656,1.76751728170913,5.30023117159807,101.596494079638,-0.314031460624118,0.0582270605792324
14.6333333333333,199.577036459085,192,72.591743754096,99.164487977756,1.68374051516364,1.7522584285927,5.29191498114169,100.711639905291,-0.360488890473267,0.0542547196485015
14.65,199.756266829248,192,72.591743754096,98.4772697766691,1.5937270009686,1.73875640146344,5.28318302644665,99.8444747054027,-0.400458764111907,0.0507274097987424
14.6666666666667,199.914634440047,193,73.591743754096,97.7488903807796,1.51843111917152,1.72746201919388,5.27407668161776,99.0133920651994,-0.432015145997231,0.0477244775536855
14.6833333333333,200.052297854329,194,74.591743754096,97.0811294255102,1.45119199747278,1.71737615093907,5.26463172637788,98.1956276445429,-0.459192060469982,0.0450334188836946
14.7,200.169432786995,195,75.591743754096,96.4747870884969,1.39614767994585,1.70911950331003,5.2548815622967,97.4129099570626,-0.47938453317867,0.0427707973893028
14.7166666666667,200.266231313817,195,75.591743754096,95.9303792210584,1.35559397321816,1.70303644730087,5.2448673461417,96.6810478388002,-0.491116906626207,0.0409951581003058
14.7333333333333,200.34290109448,196,76.591743754096,95.3536298021703,1.330479075756,1.69926921268155,5.23463402221167,96.0111753435543,-0.493743523980049,0.0397232583192348
14.75,200.399664551208,197,77.591743754096,94.8451293743251,1.31261059870736,1.69658894112425,5.22421645977238,95.3745142165377,-0.492259846693991,0.0386972742816142
14.7666666666667,200.436757994652,197,77.591743754096,94.4045803958162,1.30502195057193,1.69545064390394,5.21364385760139,94.7878508704404,-0.484762518223516,0.0380023367581855
14.7833333333333,200.454430724197,198,78.591743754096,93.9369047517531,1.30924521376545,1.69608413338297,5.20295083557054,94.2629588873808,-0.470269177622094,0.0376765310300801
14.8,200.452944122113,199,79.591743754096,93.5419117798669,1.30871795358065,1.94138966065162,5.19398120584736,93.7658258316251,-0.462652222599655,0.0374855155429137
14.8166666666667,200.432570747457,200,80.591743754096,93.2270378815597,1.30566617605698,1.94035968573738,5.18714577878008,93.3105476623817,-0.461277767686119,0.0375527687793687
14.8333333333333,200.393593259423,200,80.591743754096,92.9984026479672,1.31476377197961,1.94343012436127,5.18023016641211,92.9102530337949,-0.452398714254665,0.0379825760320293
14.85,200.336303000948,201,81.591743754096,92.7580964431777,1.33844358178614,1.95142206017097,5.17331545381955,92.5829210189018,-0.434570152489902,0.0388455625354133
14.8666666666667,200.260998675401,202,82.591743754096,92.603527135832,1.36914135877929,1.96178255990616,5.16646600567928,92.3032621797317,-0.412489551960227,0.0399094258802792
14.8833333333333,200.167985259526,203,83.591743754096,92.5316094481737,1.40997474794314,1.97556382874896,5.15973563284529,92.0892621605283,-0.384274689776939,0.0412670364890461
14.9,200.057573090087,203,83.591743754096,92.5393876039535,1.46219002996763,1.99318648643223,5.15318991675386,91.9523340708409,-0.349203228851205,0.0429539143462462
14.9166666666667,199.930077045176,204,84.591743754096,92.5295173932315,1.52577459643725,2.01464627761572,5.14689747402715,91.8989597984229,-0.307330268115416,0.0449672584924315
14.9333333333333,199.785815755732,204,84.591743754096,92.5998933423952,1.59180364481153,2.03693108144204,5.14089962045133,91.8957774393603,-0.264178481419801,0.0470347650339368
14.95,199.625110909737,205,85.591743754096,92.6532303746308,1.6563213571366,2.24504196202962,5.13655495219449,91.9511962605069,-0.224920590373715,0.0492373812271238
14.9666666666667,199.44828661922,205,85.591743754096,92.7936972043054,1.71088896629724,2.26959738615191,5.13428772476198,92.0345955921685,-0.195576891833032,0.0513823846312674
14.9833333333333,199.255668647978,205,85.591743754096,92.929442142712,1.76935907266944,2.2959089340194,5.13238487636618,92.1633181631888,-0.164032707344655,0.0536344025093491
15,199.047583426479,205,85.591743754096,93.0620739324912,1.82734049350592,2.32200057339581,5.13086054509213,92.3199264943834,-0.133005062695085,0.0558604237119227
15.0166666666667,198.824357173125,205,85.591743754096,93.1930945416295,1.88219669967883,2.34668586617362,5.12970268073001,92.4921266659002,-0.104105067352505,0.0579806845815006
15.0333333333333,198.586315174258,205,85.591743754096,93.3237938540776,1.93254566469872,2.36934290043258,5.12888426176995,92.6716336415786,-0.0781570538654315,0.0599534922333046
15.05,198.333781205914,204,84.591743754096,93.4552037835992,1.97786251019267,2.38973548090485,5.12837115993136,92.8531778800699,-0.0554510333185056,0.0617631661915376
15.0666666666667,198.067077042168,204,84.591743754096,93.4935221918558,2.0181748593844,2.40787603804113,5.12812738461459,93.0336747650463,-0.0359354315130239,0.0634107927188651
15.0833333333333,197.786522054602,203,83.591743754096,93.5397490082716,2.04576004304431,2.42028937068809,5.12808563740642,93.1753191864966,-0.024297258074601,0.0646618299162392
15.1,197.492432864096,202,82.591743754096,93.4992846039596,2.06497230407741,2.42893488815299,5.12816918980286,93.2897774794927,-0.0177826910392908,0.0656486968141139
15.1166666666667,197.185123092508,201,81.591743754096,93.3776449699568,2.07096095751708,2.43162978220084,5.12829678954269,93.3501807629665,-0.0192985695164724,0.0662240394132163
15.1333333333333,196.864903180943,200,80.591743754096,93.1798083707539,2.0617789499269,2.42749787878526,5.1283623089488,93.3397647087961,-0.0299407422891219,0.0663286507133578
15.15,196.532080209655,199,79.591743754096,92.9101434710326,2.03738900611032,2.4165224040678,5.12825264765229,93.249227902788,-0.0496236419213359,0.0659613092137563
15.1666666666667,196.186956731482,198,78.591743754096,92.5724233228833,1.99891866215997,2.39921074929014,5.12785914827136,93.074575527457,-0.0775501066161625,0.065156168888869
15.1833333333333,195.829740078614,198,78.591743754096,92.169888686419,1.94812262983128,2.37635253474223,5.12708423103565,92.8154220240402,-0.112548771909986,0.0639664403852616
15.2,195.460649455009,197,77.591743754096,91.7999043856429,1.88701133203449,2.34885245073367,5.12584464280945,92.4737008118743,-0.15330578802092,0.0624531148860514
15.2166666666667,195.079981403743,196,76.591743754096,91.3644339473815,1.82568545066501,2.3212558041174,5.12410513425428,92.0889556404187,-0.193576886987746,0.0609231451106282
15.2333333333333,194.688028747459,195,75.591743754096,90.8659913855154,1.7622014912653,2.29268802238753,5.12185792907183,91.6529637335803,-0.23455705094996,0.0593175289050125
15.25,194.285080959456,195,75.591743754096,90.3070901422665,1.70251326409877,2.07429557795149,5.11765897693089,91.1650943288235,-0.269664421659537,0.0576017742615381
15.2666666666667,193.871424573646,194,74.591743754096,89.7782024965296,1.646590701085,2.05542171293434,5.11131251261091,90.6246206250815,-0.298580332345752,0.0557478257798062
15.2833333333333,193.447343700904,194,74.591743754096,89.1758948941038,1.59244092703024,2.03714616419086,5.10462591667079,90.0653924752132,-0.326303660011939,0.0539646188230372
15.3,193.013120809225,193,73.591743754096,88.5995585966156,1.53534872253203,2.01787754517271,5.09759761457538,89.4674161799278,-0.355727378445149,0.0521085345199319
15.3166666666667,192.569037377982,193,73.591743754096,87.9533345696874,1.48093973424826,1.99951451162694,5.09023073015133,88.8541472665791,-0.383383953003089,0.0503499932785009
15.3333333333333,192.115374343563,192,72.591743754096,87.3364291995944,1.42448528382592,1.9804611346094,5.08252880124384,88.2060780932713,-0.412178402379828,0.0485447531869092
15.35,191.652412444088,192,72.591743754096,86.6528233570674,1.37154016878456,1.96259215828294,5.07449981190936,87.5468833430471,-0.43869045068828,0.0468608865562218
15.3666666666667,191.180432434619,191,71.591743754096,86.001585216365,1.31727366824849,1.94427721435202,5.06615166180752,86.8570912845455,-0.46589130176832,0.0451508850709062
15.3833333333333,190.699715216727,191,71.591743754096,85.2865755937944,1.26712559233949,1.92735223873273,5.05749607632299,86.1602927736239,-0.490434472674892,0.0435791954853474
15.4,190.210541954116,191,71.591743754096,84.6067568419307,1.21614940231612,1.91014777459984,5.04854403866483,85.4368593027032,-0.515365078044918,0.0419946934752097
15.4166666666667,189.713194121352,191,71.591743754096,83.9604638408191,1.16967577876539,1.89446292665147,5.03930971745779,84.7101853411655,-0.537406037239746,0.0405584458479661
15.4333333333333,189.207953513326,190,70.591743754096,83.3460907727426,1.13077720874799,1.8813346592706,5.02983056201556,83.9966796710911,-0.554685433002335,0.0393618547404402
15.45,188.69510227544,190,70.591743754096,82.6676214192517,1.10091735010274,1.87125695697782,5.02015649331486,83.3073417905235,-0.566330183226607,0.0384469220318112
15.4666666666667,188.174922893491,190,70.591743754096,82.0242908026129,1.07234365640662,1.86161333535538,5.01031772784007,82.6128469457506,-0.577126854003364,0.0375765624806438
15.4833333333333,187.64769816441,190,70.591743754096,81.4147592355071,1.04849238126899,1.85356352999643,5.00033453355206,81.92932179647,-0.584970491142565,0.0368542100133106
15.5,187.113711202645,189,69.591743754096,80.837736792507,1.0312313429153,1.84773792955206,4.99024180644843,81.2678806341718,-0.588731209243016,0.036334994347484
15.5166666666667,186.573245416322,189,69.591743754096,80.1974768593224,1.02132549481544,1.84439470581836,4.98008160611683,80.6357858102789,-0.587963022017233,0.0360402532448766
15.5333333333333,186.026584437605,189,69.591743754096,79.5934192369604,1.01068189303147,1.84080249021627,4.96987339580479,80.001170001692,-0.587657023791764,0.0357232398169852
15.55,185.474012026822,188,68.591743754096,79.0243580971335,1.00263947932467,1.83808817559023,4.95962547870269,79.3785071466281,-0.585762186310605,0.0354851464370163
15.5666666666667,184.915811964052,188,68.591743754096,78.3944990225723,0.999124519693456,1.83690187671469,4.94936068809014,78.777900825154,-0.581106402915796,0.0353835754083257
15.5833333333333,184.352267937403,188,68.591743754096,77.8031474915469,0.992934727389252,1.83481282181202,4.93908499971416,78.1697985733967,-0.578124634486102,0.0351995237010983
15.6,183.783663434308,188,68.591743754096,77.2489109100053,0.988072046984685,1.83317166717548,4.92879757178587,77.5704953676487,-0.574352427517929,0.035054787596716
15.6166666666667,183.210281640153,187,67.591743754096,76.7303498300692,0.986940407408267,1.83278973881844,4.91851527866146,76.9914769836298,-0.568320234971986,0.0350217797432082
15.6333333333333,182.632405347089,187,67.591743754096,76.1514956431396,0.990786038678923,1.83408763937229,4.90826500790963,76.4404495725582,-0.559277689628051,0.0351372909519395
15.65,182.050316874789,187,67.591743754096,75.61151456793,0.991931006284961,1.83447406593932,4.89805356009901,75.8859781456958,-0.551953651654516,0.0351678711523312
15.6666666666667,181.464298004148,186,66.591743754096,75.1088930531085,0.994060787438807,1.83519286707875,4.88787870733608,75.3429083676859,-0.544078162744181,0.035225808337011
15.6833333333333,180.874629924286,186,66.591743754096,74.5475089571704,0.999383276326902,1.83698920707848,4.87775451002587,74.8216304035652,-0.534301090486958,0.0353777287754113
15.7,180.281593192837,185,65.591743754096,74.0263311714133,1.00091973485255,1.83750776183089,4.86767958536977,74.292785451513,-0.526915880237922,0.0354118083315969
15.7166666666667,179.685467709128,185,65.591743754096,73.4490608019446,1.00284590331136,1.83815784368573,4.85764684618913,73.7727722196293,-0.519347778517056,0.0354554466397553
15.7333333333333,179.086532699656,184,64.591743754096,72.9144075448188,0.999581116838031,1.83705597825099,4.84764316801731,73.2368491840902,-0.51502206164342,0.0353398140660846
15.75,178.485066715082,184,64.591743754096,72.3257804766764,0.996252903767386,1.83593270633964,4.83765628346299,72.704857530508,-0.510774558984806,0.0352214246173082
15.7666666666667,177.881347637822,183,63.591743754096,71.7815969172852,0.987892879431949,1.83311119812643,4.82767225063471,72.1545381119726,-0.509652839572404,0.0349500392964909
15.7833333333333,177.27565269923,182,62.591743754096,71.1849929835,0.979990407730405,1.83044411392716,4.81768069772455,71.6074529018387,-0.508270916931925,0.0346930281660078
15.8,176.66825850526,182,62.591743754096,70.5395736883328,0.967760479162309,1.82631651303543,4.80767109276786,71.0424766155705,-0.509565395407669,0.0343055203767716
15.8166666666667,176.059441069463,181,61.591743754096,69.9433159886908,0.948636586101391,1.81986219912737,4.79761253614777,70.4456155290754,-0.515094254723526,0.0337109771652013
15.8333333333333,175.44947585343,180,60.591743754096,69.2988687571221,0.929715010305306,1.81347616729619,4.78748888654464,69.8445513929421,-0.520478190380215,0.0331257738879659
15.85,174.838637845792,179,59.591743754096,68.609357253967,0.907218464963453,1.80588358324332,4.77729113019958,69.2225404816861,-0.528033916617408,0.0324354960828543
15.8666666666667,174.227201709565,178,58.591743754096,67.8777489079169,0.87915062262461,1.79641068645396,4.766994274505,68.5686028215523,-0.538971689948007,0.0315805693279077
15.8833333333333,173.615441918743,177,57.591743754096,67.1067884017173,0.844752581361825,1.78480134752777,4.75656577726108,67.8761374156148,-0.553735057715963,0.0305393310329047
15.9,173.003632857668,176,56.591743754096,66.2989762138233,0.804083272802031,1.77107545588884,4.74597128011072,67.1417715440519,-0.572262707018125,0.029315006160263
15.9166666666667,172.392048894575,175,55.591743754096,65.4565747278389,0.757705047598604,1.75542280488268,4.73517828853527,66.3644334218745,-0.59418433668009,0.0279259825597427
15.9333333333333,171.780964467719,174,54.591743754096,64.5816302952306,0.706455585893519,1.73812611155721,4.72415833500507,65.5446259661262,-0.618962470958017,0.0263987849231311
15.95,171.170654218394,173,53.591743754096,63.6760030623359,0.651288554177135,1.71950723835293,4.71288805956483,64.6838739580055,-0.645991291900372,0.0247631907128376
15.9666666666667,170.561393097165,173,53.591743754096,62.7413990394686,0.593167444910249,1.69989136397536,4.70134954914459,63.7843155027616,-0.674662273802929,0.023048997670325
15.9833333333333,169.953456450901,172,52.591743754096,61.8739702869885,0.532999360420634,1.67958463546011,4.68953019613304,62.8484098962956,-0.704404925192939,0.0212840274588988
16,169.347120132207,171,51.591743754096,60.9747236129155,0.479715135056104,1.66160120939959,4.67744688226002,61.9149871651579,-0.729730084612059,0.0197385715378973
16.0166666666667,168.742660563051,170,50.591743754096,60.0453752682369,0.430236484833266,1.64490216494938,4.66513059622995,60.9744358071636,-0.752548519910134,0.0183173652371242
16.0333333333333,168.140354762982,170,50.591743754096,59.0877278937235,0.382517869333578,1.62879713221823,4.65259806898844,60.0199577932475,-0.774126746018146,0.016957238193603
16.05,167.540480384845,169,49.591743754096,58.1981617106441,0.335292152923661,1.61285845292989,4.63985683716019,59.0470387002964,-0.795246615825165,0.0156191291679923
16.0666666666667,166.943315690981,168,48.591743754096,57.2779671674159,0.295977263046923,1.59958967759649,4.62693361655161,58.089213713304,-0.811357868144892,0.0145270442621966
16.0833333333333,166.349139480329,168,48.591743754096,56.3291490867652,0.260491033733404,1.58761307520317,4.61386219554069,57.1329639073282,-0.824992431631313,0.0135552354821841
16.1,165.758231008632,167,47.591743754096,55.448341610468,0.226164393315646,1.57602783406218,4.60065755843533,56.1686955358051,-0.837800943725571,0.012621815557624
16.1166666666667,165.170869833081,166,46.591743754096,54.5370937586999,0.199499110066754,1.56702830096568,4.5873473949009,55.2262139784922,-0.845798835213075,0.0119230314089158
16.1333333333333,164.587335560847,166,46.591743754096,53.5976446959828,0.175857639827397,1.5590493047599,4.57396236150006,54.2893470061093,-0.851859002560872,0.0113165253403325
16.15,164.007907543169,165,45.591743754096,52.7268229574711,0.152274708125505,1.55109006531051,4.56051193839756,53.3466819160726,-0.857811924968157,0.0107117764097025
16.1666666666667,163.432864549804,165,45.591743754096,51.8263254469104,0.135134871961535,1.54530537060517,4.54701716313783,52.4268332321058,-0.859741859670745,0.0103018776602997
16.1833333333333,162.862484349937,164,44.591743754096,50.9930615887879,0.119800895725538,1.54013015362552,4.53350172011468,51.512896168292,-0.860517870217785,0.0099448899067345
16.2,162.297043173275,163,43.591743754096,50.1288676166593,0.111496884767666,1.53732754992724,4.51999293847449,50.6292986320295,-0.856943056729354,0.00979841570375457
16.2166666666667,161.736815058008,163,43.591743754096,49.2362411785056,0.104819595488917,1.53507396479566,4.50651541758956,49.7560325214232,-0.852359156955767,0.00969726640235594
16.2333333333333,161.182071087344,162,42.591743754096,48.4122185314787,0.095767135010379,1.5499750971986,4.49319866590718,48.8789164277231,-0.849495962571905,0.00953942572340332
16.25,160.633078512598,161,41.591743754096,47.5592613840713,0.090619125730706,1.54727239232677,4.48005447025031,48.0240229529307,-0.844492176960059,0.00951599870236754
16.2666666666667,160.090099758568,160,40.591743754096,46.6802919153813,0.0856545036780877,1.54466596574915,4.46694261192597,47.1739545416262,-0.83933010803741,0.00949048559515804
16.2833333333333,159.553391305701,159,39.591743754096,45.77743742382,0.0782327902282627,1.54076956618799,4.45385320299035,46.3170195374374,-0.835625604869481,0.00938259512759273
16.3,159.023202443034,159,39.591743754096,44.852669749222,0.0669815409469256,1.53486266031529,4.44075908169824,45.4455459315855,-0.834194603825694,0.00915016653258177
16.3166666666667,158.499773886178,158,38.591743754096,44.0023089098427,0.0513956929764742,1.5266800901308,4.42762508544855,44.554912802428,-0.835310555279568,0.00877721561842959
16.3333333333333,157.983336255622,157,37.591743754096,43.1273856290811,0.0395794578035,1.52047656666499,4.41445231702745,43.6789537518187,-0.833990876573176,0.00851024801551402
16.35,157.474108413701,156,36.591743754096,42.2295349956546,0.0280491378625839,1.51442314869601,4.40125835878482,42.804555879998,-0.832402649430487,0.00824399491769526
16.3666666666667,156.97229569015,155,35.591743754096,41.3104006402109,0.0146912007430907,1.50741023170827,4.38803826246153,41.9225461194886,-0.831845189101479,0.00791449714769309
16.3833333333333,156.478088028576,154,34.591743754096,40.3715239278613,-0.00148311546948428,1.49821423584867,4.37474675316038,41.0269011334835,-0.832855404878365,0.00748767259310041
16.4,155.991657989409,153,33.591743754096,39.4142666088851,-0.020403651277182,1.47929370004097,4.36125364683582,40.1142673860328,-0.835152118634754,0.00694960425213921
16.4166666666667,155.513158599516,152,32.591743754096,38.4395191310728,-0.0419833514281231,1.45771399989003,4.34750437118098,39.1831780170829,-0.838604527982548,0.00629835351440861
16.4333333333333,155.042721080599,151,31.591743754096,37.4477326918517,-0.065998162163735,1.43369918915442,4.33345731072254,38.2331267082901,-0.843024613095874,0.00553799449637118
16.45,154.580452521135,151,31.591743754096,36.4392167494711,-0.0921644162588621,1.40753293505929,4.31907520910098,37.2641173019313,-0.848195844080371,0.00467483163256167
16.4666666666667,154.12643356246,150,30.591743754096,35.508739916543,-0.120196788571133,1.37950056274702,4.30432565028297,36.2764360060971,-0.85390935776484,0.00371566797300673
16.4833333333333,153.680716104778,149,29.591743754096,34.5559418882054,-0.141953724904051,1.3577436264141,4.28925238513441,35.3066712601187,-0.855241968706278,0.00291240668511832
16.5,153.243321095506,149,29.591743754096,33.5813706814393,-0.161288842052218,1.33840850926593,4.27392696186536,34.3427711159893,-0.854692427230308,0.00215458178979767
16.5166666666667,152.814236432195,148,28.591743754096,32.680492345908,-0.180719328179361,1.31897802313879,4.2583683930397,33.3755990299295,-0.853851493692175,0.00136785136379223
16.5333333333333,152.393415064647,147,27.591743754096,31.7538090896636,-0.193855778057426,1.30584157326072,4.24263430534788,32.4348206599921,-0.848888562845459,0.000751705658427972
16.55,151.980773346133,147,27.591743754096,30.8027165341607,-0.205528331330882,1.29416901998727,4.22678771237748,31.5036073375454,-0.842882326819541,0.000164971266136129
16.5666666666667,151.576189729437,147,27.591743754096,29.9234163735467,-0.21869360111757,1.28100375020058,4.21082754336148,30.5697560723624,-0.837655573661918,-0.000482005737857268
16.5833333333333,151.17950383459,146,26.591743754096,29.1115634243804,-0.22705627630186,1.27264107501629,4.19478707580517,29.6611444456728,-0.829391668309013,-0.000994857684987847
16.6,150.790515955819,146,26.591743754096,28.2684993316561,-0.227452991077039,1.27224436024111,4.17877678647645,28.7962288837462,-0.816320150149312,-0.00126809317736116
16.6166666666667,150.408987125427,146,26.591743754096,27.4911911557523,-0.22669848133174,1.27299886998641,4.16286959942907,27.9500108151015,-0.802746836435312,-0.00150278962087813
16.6333333333333,150.034639833875,145,25.591743754096,26.7763220961359,-0.220940058121392,1.27875729319676,4.14712081189668,27.1408675666974,-0.786382939970504,-0.0015774047278669
16.65,149.667159385338,145,25.591743754096,26.0262732485645,-0.208402386551713,1.29129496476644,4.13163143580394,26.3806192321419,-0.766287105769421,-0.0014298500717225
16.6666666666667,149.306195865112,145,25.591743754096,25.3389231999028,-0.196550985584804,1.30314636573335,4.11644827719177,25.6399362914392,-0.747115339508101,-0.00128354392430728
16.6833333333333,148.951366704406,145,25.591743754096,24.7116775978936,-0.18170437259236,1.31799297872579,4.10159390926625,24.9346047094581,-0.726625069575843,-0.00102519409158856
16.7,148.602259896535,145,25.591743754096,24.1420088754344,-0.161974676105445,1.33772267521271,4.08713629656224,24.2750865972163,-0.703747738587714,-0.00059229398952884
16.7166666666667,148.258437840841,144,24.591743754096,23.6276542852295,-0.136684172361844,1.36301317895631,4.07316396282066,23.6676873610301,-0.678189041260552,4.24752957347304e-05
16.7333333333333,147.919441703058,144,24.591743754096,23.0721176331442,-0.105907665360487,1.39378968595766,4.05976981078804,23.1156571334359,-0.650121254030845,0.000883781701793392
16.75,147.58479616024,144,24.591743754096,22.574281827322,-0.0780223415163073,1.42167500980184,4.046969944624,22.583956711574,-0.624702005210478,0.00167747362868306
16.7666666666667,147.254014451611,144,24.591743754096,22.1323507597362,-0.0496382030275729,1.45005914829058,4.03474652010657,22.0848497154228,-0.599795259378976,0.00252422825365514
16.7833333333333,146.926603597444,143,23.591743754096,21.74436589695,-0.0187836957261972,1.48091365559195,4.02312556788783,21.6268487014275,-0.574207846188219,0.0034853019328437
16.8,146.602069677616,143,23.591743754096,21.313849922939,0.0155927600151999,1.50788355032613,4.01213819183297,21.215381355518,-0.547310885571761,0.00459312946670582
16.8166666666667,146.279922991338,143,23.591743754096,20.9392765686428,0.0467303155538661,1.52423076698393,4.00159952384337,20.8177207493775,-0.522869930467025,0.00561425545668998
16.8333333333333,145.959682993728,143,23.591743754096,20.6179011201881,0.0786352616791869,1.54098086369972,3.99144029719765,20.4482649028887,-0.498281457080304,0.00666124284733961
16.85,145.640882970607,143,23.591743754096,20.3466625732692,0.113422385620109,1.55924410376871,3.98167664579775,20.1167028316767,-0.47225987398228,0.00779878762407067
16.8666666666667,145.323074326224,142,22.591743754096,20.1226527106643,0.152048336440955,1.57952272794965,3.9723377490214,19.828853031597,-0.444246988576762,0.00905669016270317
16.8833333333333,145.005830351228,142,22.591743754096,19.8486002420791,0.194695259833866,1.60191236273093,3.96345744909639,19.5876310801928,-0.414166141223711,0.0104413141290795
16.9,144.688749436484,142,22.591743754096,19.6225011475252,0.23301157970337,1.62202843066242,3.95503072464598,19.3576318068315,-0.387147313380357,0.0116987650320008
16.9166666666667,144.371457680309,142,22.591743754096,19.4417218361238,0.270293125988059,1.64160124246188,3.9470340703225,19.1505095877406,-0.361132028861066,0.0129286812236118
16.9333333333333,144.053610924597,141,21.591743754096,19.303594715702,0.308503045208315,1.66166145005252,3.93946659962883,18.974068717006,-0.334908247765165,0.0141907368869753
16.95,143.734896207092,141,21.591743754096,19.1109612820278,0.348644496033726,1.68273571173586,3.93234008144142,18.8330577223184,-0.307869243538674,0.0155157284196513
16.9666666666667,143.415032605956,141,21.591743754096,18.9618490710455,0.383010536803693,1.70077788314009,3.9256338290863,18.6936634795865,-0.284731147148288,0.016668990100796
16.9833333333333,143.093771541678,141,21.591743754096,18.8536101676888,0.415385401394198,1.7177746870501,3.91931362617473,18.5688610099602,-0.263123670094622,0.0177647613605639
17,142.7708965713,140,20.591743754096,18.7835424512477,0.44521039168745,1.81134462549937,3.91395521392112,18.4669270463314,-0.244580206207202,0.0188736390128331
17.0166666666667,142.446222781462,140,20.591743754096,18.6571072777861,0.473380412732899,1.83106364023118,3.9096840616786,18.3896258830881,-0.228764939169784,0.0200423746325609
17.0333333333333,142.119595794417,140,20.591743754096,18.574701445435,0.496377649534117,1.84716170599203,3.90579890029122,18.3059267319546,-0.216403541675408,0.0210615869987784
17.05,141.790890348737,140,20.591743754096,18.5331786574355,0.518729855278892,1.86280825001337,3.90226579793247,18.2324464084551,-0.204661090588504,0.0220669944865282
17.0666666666667,141.460008612981,140,20.591743754096,18.5293929265388,0.543072177937287,1.87984787587425,3.89909197397761,18.1804419953284,-0.191924513263107,0.0231390832183312
17.0833333333333,141.126878394063,139,19.591743754096,18.5603876963091,0.57069584648658,1.89918444385876,3.8963070454362,18.1569116813777,-0.177438081588238,0.0243187118165295
17.1,140.79145126307,139,19.591743754096,18.5289155690162,0.601991310887642,1.9210912689395,3.89395004385797,18.1656303876032,-0.161012341029588,0.0256198456894288
17.1166666666667,140.453700592619,139,19.591743754096,18.5330807234013,0.62879856278498,1.93985634526764,3.89201045191127,18.1718401911076,-0.147650804973306,0.0267938500665727
17.1333333333333,140.113619596857,139,19.591743754096,18.570392339914,0.654577139858132,1.95790134921884,3.89045540873845,18.187759022392,-0.135176773337268,0.0279440135986023
17.15,139.771219392298,139,19.591743754096,18.6383338803795,0.681372836005978,1.97665833652234,3.88928369194428,18.2216678666746,-0.122327743463784,0.0291324259920312
17.1666666666667,139.426527063068,138,18.591743754096,18.7345117593025,0.710219840592207,1.9968512397327,3.8885116620709,18.278696433672,-0.108487780391353,0.0303913960077486
17.1833333333333,139.079583781856,138,18.591743754096,18.762159024319,0.741468124234629,2.01872503828239,3.88816345247181,18.3615733566728,-0.0934721403486755,0.0317328460460916
17.2,138.730442991869,138,18.591743754096,18.8197771892709,0.767046694724673,2.03663003762542,3.88821400133018,18.4350753852987,-0.082210297905342,0.0329100694428125
17.2166666666667,138.379168714465,138,18.591743754096,18.9051979379113,0.790571285680469,2.05309725129448,3.88861738643927,18.5113431255239,-0.0724126247132182,0.0340304209631437
17.2333333333333,138.025833975309,138,18.591743754096,19.0161649167898,0.814268881857213,2.0696855686182,3.88936133176392,18.5988212965227,-0.0626914144603452,0.0351609388947644
17.25,137.67051931078,138,18.591743754096,19.1504960977658,0.839353237437416,2.08724461752434,3.89045327903614,18.702937787968,-0.052309733868427,0.0363389583033656
17.2666666666667,137.313311411766,137,17.591743754096,19.3061698447035,0.866337102572525,2.10613332311892,3.89191046410076,18.8267804781137,-0.0409751443512957,0.0375810360174638
17.2833333333333,136.954301891082,137,17.591743754096,19.3867898683371,0.895278392709439,2.12639222621476,3.89375323965841,18.9717085039874,-0.0286788237280556,0.0388900569433373
17.3,136.593586129046,137,17.591743754096,19.4912056522005,0.917974954029621,2.14227981913888,3.89595036800182,19.1016584476893,-0.0204239669864846,0.0400150384916901
17.3166666666667,136.231262222199,137,17.591743754096,19.61756465609,0.938017585963816,2.15630966149282,3.8984489002105,19.2283282928159,-0.0139282808931438,0.0410622465745411
17.3333333333333,135.867430017989,137,17.591743754096,19.763892278871,0.957673037267949,2.17006847740571,3.90122966844878,19.3600048270793,-0.00777192946530411,0.042099610162133
17.35,135.502190281913,136,16.591743754096,19.9282569019462,0.978229485921258,2.18445799146303,3.90429392824641,19.5021513918311,-0.00116563768005862,0.0431664524524066
17.3666666666667,135.135644001193,136,16.591743754096,20.0142915269079,1.0002881791693,2.19989907673666,3.90765371238921,19.6580143878723,0.00624256729496146,0.0442818044026117
17.3833333333333,134.767891773964,136,16.591743754096,20.1208526492915,1.01600634259105,2.21090179113188,3.91127470385182,19.7929734488759,0.00967212915212449,0.0452055312609976
17.4,134.39903323877,136,16.591743754096,20.2460967424141,1.0291952909173,2.22013405496026,3.91510423998929,19.9197931029897,0.0115379361601662,0.0460507105126825
17.4166666666667,134.029166596445,136,16.591743754096,20.3880740178698,1.04224246332676,2.22926707564688,3.91912542027524,20.0475249837367,0.0133283898971229,0.0468891535816987
17.4333333333333,133.658388232842,136,16.591743754096,20.5448998981002,1.05648875322476,2.23923947857548,3.92334277655365,20.1821672874017,0.0158582833488078,0.0477620498207322
17.45,133.286792394914,135,15.591743754096,20.7148475856825,1.07254484019948,2.25047873945778,3.9277719834387,20.3273343321016,0.0194781571067557,0.048688994398055
17.4666666666667,132.914470877908,135,15.591743754096,20.801817308911,1.09054238902977,2.26307702363899,3.93243286887754,20.4848682361852,0.0242387379742682,0.0496752290038103
17.4833333333333,132.541512777923,135,15.591743754096,20.9049592679613,1.10233389577365,2.2713310783597,3.93729445388086,20.619149772707,0.0251660383047312,0.0504715858376444
17.5,132.168004321731,135,15.591743754096,21.0227270137674,1.11155033647497,2.27778258685063,3.94230463535155,20.7422888978263,0.0245619958952089,0.0511857327594552
17.5166666666667,131.794028755028,135,15.591743754096,21.1534576175349,1.12048808867584,2.28403901339124,3.94744553181105,20.8629591004257,0.0238591572215388,0.0518866986615082
17.5333333333333,131.419666248346,135,15.591743754096,21.2955362640995,1.13045756176409,2.29101764455302,3.95272002024064,20.9869915651292,0.0238546645216853,0.0526146943229511
17.55,131.04499378395,135,15.591743754096,21.4474864090685,1.14207724398642,2.29915142210864,3.95814201679005,21.1179870918933,0.024905100358712,0.0533894949182777
17.5666666666667,130.670085081743,135,15.591743754096,21.6080087493305,1.15550841984334,2.30855324520849,3.96372983269417,21.2578799802006,0.0270803106094598,0.0542171987813444
17.5833333333333,130.295010579269,134,14.591743754096,21.7759872131285,1.1706334901124,2.31914079439683,3.96950192881434,21.4074207192979,0.0302790377886089,0.0550954108413994
17.6,129.919837451145,134,14.591743754096,21.8559061673977,1.18718495085031,2.33072681691337,3.97547445215492,21.5665662009997,0.0343116284156205,0.0560170286237358
17.6166666666667,129.544629655972,134,14.591743754096,21.9474460494355,1.19684372465477,2.33748795857649,3.98160949878703,21.6985703273016,0.0341080690136473,0.0567272842676738
17.6333333333333,129.169447975673,134,14.591743754096,22.0495261707611,1.20321684422381,2.34194914227482,3.98784696482099,21.8149759363912,0.0319663674812513,0.0573326812431863
17.65,128.794350015038,134,14.591743754096,22.1608848789493,1.20866438902722,2.3457624236372,3.99416124784559,21.9242818475853,0.0293684502014646,0.0579037716602138
17.6666666666667,128.419390222184,134,14.591743754096,22.2802501659758,1.21460530698196,2.34992106620552,4.00054854362872,22.0324035727132,0.0271867873060614,0.0584837170107296
17.6833333333333,128.044619947558,133,13.591743754096,22.4064386848118,1.22178258394369,2.35494516007874,4.00701747183452,22.1431838783581,0.0258610363993248,0.0590958104827591
17.7,127.670087529126,133,13.591743754096,22.4438349511336,1.23047982613244,2.36103322961086,4.01358250545043,22.2588833417639,0.0255406546256626,0.0597496868524452
17.7166666666667,127.295838394901,133,13.591743754096,22.4920252432946,1.2326992796748,2.36258684709051,4.02020910338234,22.3444032765295,0.021346497672172,0.0602006061562446
17.7333333333333,126.921915176682,133,13.591743754096,22.5498614015471,1.23220707007386,2.36224230036985,4.02684328899675,22.412415682301,0.0156640240469543,0.0605603139306067
17.75,126.548357830577,132,12.591743754096,22.6160500611994,1.23141430020757,2.36168736146345,4.03346678712052,22.4721584120362,0.00999473250264711,0.0609013763018927
17.7666666666667,126.175203761088,132,12.591743754096,22.5947552330138,1.23172419148795,2.36190428535972,4.04008331086746,22.5300060995629,0.00518961856660892,0.0612669403217781
17.7833333333333,125.802487946351,131,11.591743754096,22.5853129181372,1.22583721619808,2.35778340265681,4.04665805917113,22.5538606848502,-0.00320280268286164,0.0614335544202886
17.8,125.430243062798,131,11.591743754096,22.4917740765897,1.21790936102844,2.35223390403806,4.05314306139589,22.558483008014,-0.0125676388245963,0.0615252205619089
17.8166666666667,125.058499607956,130,10.591743754096,22.4131381483927,1.20253734391839,2.34147349206102,4.05947875494699,22.5182804580511,-0.0261578164821451,0.0613748375766455
17.8333333333333,124.687286020479,130,10.591743754096,22.2530347523555,1.18510114917632,2.32926815574157,4.0656104425653,22.4528328388843,-0.0405988352337239,0.0611433368642597
17.85,124.316628796791,129,9.59174375409597,22.1100441714212,1.1609189620769,2.31234062477198,4.0714830502282,22.3399514656217,-0.0587086526024606,0.0606858906588322
17.8666666666667,123.946552605035,128,8.59174375409597,21.8874280450953,1.13573490250704,2.29471178307308,4.07705260006065,22.2014948707952,-0.0769059454838259,0.0601751758808089
17.8833333333333,123.57708042268,128,8.59174375409597,21.5889030286059,1.10499126059399,2.27319123373394,4.08227751107985,22.0167006708811,-0.0979529163709511,0.0594709519858452
17.9,123.208233974266,127,7.59174375409597,21.3125649310145,1.06641629952314,2.24618876098435,4.08707728790508,21.7720287990197,-0.123152856247961,0.0585003565554795
17.9166666666667,122.840037020735,126,6.59174375409597,20.9611077035697,1.02727350200152,2.21878880271921,4.09140522455814,21.4956687989466,-0.147989498174991,0.0574822252917349
17.9333333333333,122.472513632584,126,6.59174375409597,20.5377042312982,0.983868020977916,2.18840496600269,4.09523072689196,21.1712757687871,-0.174712737721263,0.0563032719858476
17.95,122.105686315972,125,5.59174375409597,20.1399882982649,0.934331329723799,2.15372928212481,4.09849153389315,20.7882263155246,-0.204405827548915,0.0549039983861287
17.9666666666667,121.739576310462,124,4.59174375409597,19.6702976372981,0.886027129157488,2.11991634172839,4.10116200989617,20.3765042138921,-0.232522107050044,0.0535075270071925
17.9833333333333,121.374203869199,124,4.59174375409597,19.1315571492234,0.840693457547448,1.94106141653056,4.10211424497446,19.9218782219247,-0.255698432881766,0.0519988091846717
18,121.009588556937,123,3.59174375409597,18.6162687951598,0.795898272889582,1.91754394458518,4.10129748976679,19.4210809641954,-0.275441262934805,0.0502981409891928
18.0166666666667,120.645749625935,122,2.59174375409597,18.0228509735556,0.750837914644161,1.89388725650633,4.10007016783407,18.899093886358,-0.295086595969508,0.0485873797631574
18.0333333333333,120.28270650172,122,2.59174375409597,17.3562469114014,0.700663061378603,1.86754545854192,4.09840785402941,18.3341822159582,-0.317592419613129,0.0467185349107017
18.05,119.920479215544,121,1.59174375409597,16.7156934223258,0.642962937752468,1.8372528936382,4.09625507528078,17.712498467974,-0.344380984691845,0.0446170037569372
18.0666666666667,119.559088709421,120,0.591743754095972,16.0049771447546,0.585034712132836,1.80684057518789,4.09358117121628,17.0623956398287,-0.370929652664712,0.0425038035495125
18.0833333333333,119.198557040121,120,0.591743754095972,15.2282828365245,0.523314771109813,1.7744376061508,4.09036842430196,16.3680728034659,-0.399414454835701,0.04027020433612
18.1,118.838906543088,119,-0.408256245904028,14.4841607266967,0.456064039246226,1.73913097192242,4.08657649551543,15.6196692316141,-0.430862991164712,0.0378623988247585
18.1166666666667,118.480157701063,119,-0.408256245904028,13.6758138958486,0.390831148390416,1.70488370422312,4.08219379321421,14.8480455771518,-0.460620769118983,0.0355095156717272
18.1333333333333,118.122329166166,118,-1.40825624590403,12.9015243857067,0.324033263459701,1.66981481463449,4.07722260700924,14.0388283022345,-0.490899254343788,0.033102726132886
18.15,117.765438391918,117,-2.40825624590403,12.0644267576331,0.261803471933143,1.63714417408305,4.07167976627899,13.2190575854781,-0.517947345963645,0.0308288059193711
18.1666666666667,117.409502188476,117,-2.40825624590403,11.1682841322389,0.199513844467754,1.60444211966372,4.06558526304545,12.3712642401357,-0.544639221830341,0.0285475724333327
18.1833333333333,117.054537200024,116,-3.40825624590403,10.3113919833812,0.134506514100897,1.57031327122112,4.05892777325229,11.483846186526,-0.572600509146086,0.0261779738671662
18.2,116.700560278735,116,-3.40825624590403,9.39681252449466,0.0735716403214467,1.53832246248691,4.05171736990066,10.5860205415057,-0.597667220991052,0.0239265863614569
18.2166666666667,116.347588817278,115,-4.40825624590403,8.52275859929522,0.0125235440378003,1.506272211938,4.04397204121787,9.66195901689236,-0.622438413320239,0.0216666128296642
18.2333333333333,115.995641037086,115,-4.40825624590403,7.59233501403207,-0.0420373294097484,1.4576600219084,4.03553017085839,8.73776603057225,-0.642497645963534,0.019570752395962
18.25,115.644736201882,114,-5.40825624590403,6.70318302433636,-0.0941304690926424,1.40556688222551,4.02621076436615,7.79620000408686,-0.659932977858215,0.0174856836387087
18.2666666666667,115.294894814966,114,-5.40825624590403,5.75712929786126,-0.139098772326074,1.36059857899208,4.01609128273151,6.86174226659466,-0.672025612579182,0.0155600730248674
18.2833333333333,114.946138819482,113,-6.40825624590403,4.85138421692937,-0.182874615245788,1.31682273607236,4.00524003603044,5.91398648007979,-0.68255826889753,0.0136203986584863
18.3,114.598491793095,113,-6.40825624590403,3.88837616987705,-0.221147264115022,1.27855008720313,3.99371883745845,4.97463645855207,-0.688996830692252,0.011803752735234
18.3166666666667,114.25197913082,113,-6.40825624590403,2.96595861276221,-0.259851185624517,1.23984616569363,3.98156892773656,4.02169672203026,-0.695075824273057,0.00993400781535607
18.3333333333333,113.906628187823,112,-7.40825624590403,2.08158849310678,-0.294495471693675,1.20520187962448,3.96882664476978,3.07617331028825,-0.698104688842592,0.00815138152988134
18.35,113.562468356089,112,-7.40825624590403,1.13836906819708,-0.322867806075658,1.17682954524249,3.95558307020446,2.15211138895782,-0.696878353543122,0.00653127364893046
18.3666666666667,113.219531134188,112,-7.40825624590403,0.23488880612043,-0.352153054981405,1.14754429633675,3.94188113473614,1.22203221022475,-0.69589449066567,0.0048593155590937
18.3833333333333,112.877850184668,111,-8.40825624590403,-0.630726346469785,-0.37850329283164,1.12119405848651,3.92774334475341,0.303256320835506,-0.69282789830442,0.00325467110313607
18.4,112.537461345832,111,-8.40825624590403,-1.55483181868938,-0.399942566707782,1.09975478461037,3.91323980980916,-0.592468557558897,-0.686578391618267,0.00178349178610793
18.4166666666667,112.198402651836,111,-8.40825624590403,-2.43844471607489,-0.423641785734231,1.07605556558392,3.8983907621544,-1.49391191247895,-0.681592968945398,0.000229675297600366
18.4333333333333,111.860714351052,110,-9.40825624590403,-3.28318518598911,-0.445602961905255,1.0540943894129,3.88319745519893,-2.38436005890561,-0.675415465152329,-0.00128504125069818
18.45,111.524438861601,110,-9.40825624590403,-4.1852755238598,-0.463642167413982,1.03605518390417,3.86771177145508,-3.25224254417444,-0.666784923545141,-0.0026898763174387
18.4666666666667,111.189620691007,110,-9.40825624590403,-5.04569556408047,-0.484713983398835,1.01498336791932,3.85193926874076,-4.12626446145366,-0.659988912353334,-0.00419571521808859
18.4833333333333,110.85630636986,110,-9.40825624590403,-5.86609908382197,-0.504623955844836,0.995073395473314,3.83586996608075,-4.98953630631313,-0.65243017889362,-0.00567589155198524
18.5,110.524544381145,110,-9.40825624590403,-6.64822133694784,-0.521024838709487,0.978672512608663,3.81954750008967,-5.83028418890324,-0.642732317354622,-0.00705543067134356
18.5166666666667,110.194385101816,109,-10.408256245904,-7.39363508264789,-0.532857892766949,1.49969735131815,3.80304316948046,-6.64085492957818,-0.630353099203787,-0.00829631370179147
18.5333333333333,109.865880702363,109,-10.408256245904,-8.17968170666488,-0.58408818160533,1.49969735131815,3.79549221837321,-7.43658890035933,-0.660996230828397,-0.0093628964492005
18.55,109.539084742795,109,-10.408256245904,-8.89034419358244,-0.634411888196186,1.49969735131815,3.78799299603147,-8.25353174895224,-0.691287692063029,-0.0103608532764833
18.5666666666667,109.214051232125,109,-10.408256245904,-9.53032841761638,-0.675361390145931,1.49969735131815,3.78054580358665,-9.05430737122757,-0.71595624599355,-0.0110399434378533
18.5833333333333,108.890833764341,109,-10.408256245904,-10.1041761288528,-0.702081797283241,1.49969735131815,3.77315091891093,-9.81337122338121,-0.731906410032993,-0.0112666872565406
18.6,108.569484936263,109,-10.408256245904,-10.6162604461891,-0.71232079621977,1.49969735131815,3.76580859729068,-10.5141947325975,-0.737623785966315,-0.0109901170304369
18.6166666666667,108.250055964381,109,-10.408256245904,-11.0707826717171,-0.705651623527649,1.49969735131815,3.75851907208412,-11.1470388389555,-0.732715375499328,-0.0102156761342063
18.6333333333333,107.93259644205,108,-11.408256245904,-11.4717702983798,-0.682880987276519,1.49969735131815,3.75128255536368,-11.7072023971577,-0.717557324845884,-0.00898554710250789
18.65,107.617154197405,108,-11.408256245904,-11.9176454718656,-0.645603028974894,1.49969735131815,3.74409923854326,-12.193652223845,-0.693027796127399,-0.00736402527430204
18.6666666666667,107.30377522369,108,-11.408256245904,-12.3116062182726,-0.604106097214212,1.49969735131815,3.73696929299085,-12.6442480972795,-0.665411187694927,-0.00567234165015087
18.6833333333333,106.992503661168,108,-11.408256245904,-12.6573635344125,-0.557033133871235,1.49969735131815,3.72989287062665,-13.0503320529788,-0.63386033410149,-0.00387316316733974
18.7,106.68338181517,108,-11.408256245904,-12.9584618811687,-0.504098788334472,1.49969735131815,3.72287010450715,-13.4072999826918,-0.59818316329044,-0.00196247383223811
18.7166666666667,106.376450198715,107,-12.408256245904,-13.2182798521724,-0.445730493480259,1.49969735131815,3.71590110939538,-13.7135195492454,-0.558628978517961,4.23164698643312e-05
18.7333333333333,106.071747591148,107,-12.408256245904,-13.5346009678905,-0.38280003908943,1.49969735131815,3.70898598231769,-13.9694878220278,-0.51572757807564,0.00211114682357325
18.75,105.769311106489,106,-13.408256245904,-13.8099969309642,-0.324664044127989,1.49969735131815,3.70212480310726,-14.2134696624441,-0.47527409961801,0.00396214633617736
18.7666666666667,105.469176266877,106,-13.408256245904,-14.1421358438924,-0.268923506381235,1.49969735131815,3.69531763493468,-14.4364087965108,-0.435851606801638,0.00567398083884849
18.7833333333333,105.17137707782,105,-14.408256245904,-14.4334853753402,-0.222451188979909,1.49969735131815,3.68856452482589,-14.6690371601089,-0.401766463523497,0.00704622230339512
18.8,104.87594610292,105,-14.408256245904,-14.7816202509882,-0.180986077294668,1.49969735131815,3.68186550416774,-14.8963924556491,-0.370476275678655,0.00821756649299235
18.8166666666667,104.582914536492,104,-15.408256245904,-15.088924719633,-0.150027617326901,1.49969735131815,3.67522058920135,-15.14460660828,-0.345448740869579,0.00903091806898527
18.8333333333333,104.292312273028,104,-15.408256245904,-15.4528993710074,-0.124323109597304,1.49969735131815,3.6686297815037,-15.3951621673276,-0.323527888072089,0.00965538311473624
18.85,104.004167972885,103,-16.408256245904,-15.7758629563852,-0.108676144761754,1.49969735131815,3.66209306845753,-15.6714686701004,-0.307743328600941,0.00995436454036907
18.8666666666667,103.718509123832,102,-17.408256245904,-16.1552585886227,-0.097365487139445,1.49969735131815,3.65561042370994,-15.9529471906992,-0.294636761281109,0.0101099449696107
18.8833333333333,103.435362098337,101,-18.408256245904,-16.5879243537878,-0.094899033926147,1.49969735131815,3.64918180761978,-16.2614678035402,-0.287039511738146,0.00999287109745277
18.9,103.154752206613,101,-18.408256245904,-17.0707801347531,-0.103627689333407,1.49969735131815,3.64280716769432,-16.6116113729819,-0.286478061877449,0.00954290763507405
18.9166666666667,102.876703745521,100,-19.408256245904,-17.5062644992929,-0.124367552445557,1.49969735131815,3.63648643901508,-17.0124264551142,-0.293541232136693,0.00874783853413552
18.9333333333333,102.601240043522,100,-19.408256245904,-17.991958666908,-0.148638612188424,1.49969735131815,3.6302195446534,-17.4325274489674,-0.303058838734176,0.00787305145890792
18.95,102.328383501904,99,-20.408256245904,-18.4302850677863,-0.179124214648972,1.49969735131815,3.62400639607577,-17.8857748724173,-0.316708003380491,0.00684174385745526
18.9666666666667,102.058155632514,99,-20.408256245904,-18.9188105227388,-0.208814339824183,1.49969735131815,3.61784689353918,-18.3446391725311,-0.330178775508971,0.00586880825001938
18.9833333333333,101.790577092254,99,-20.408256245904,-19.3599446837846,-0.241543070582099,1.49969735131815,3.6117409264767,-18.8260603108623,-0.345824763714276,0.00483822555179838
19,101.525667714592,99,-20.408256245904,-19.7566737195552,-0.271195365402383,1.49969735131815,3.60568837387362,-19.3049586316546,-0.359864900424057,0.0039346669285927
19.0166666666667,101.263446538323,99,-20.408256245904,-20.1118774613778,-0.29405800524703,1.49969735131815,3.59968910463412,-19.7639256713545,-0.36995926415581,0.00326455098902688
19.0333333333333,101.003931833822,99,-20.408256245904,-20.4283267925219,-0.308166010646211,1.49969735131815,3.59374297793894,-20.1914240707039,-0.374825162987189,0.00287829350553526
19.05,100.747141127003,99,-20.408256245904,-20.7086818584101,-0.312797921951978,1.49969735131815,3.58784984359402,-20.5803611115216,-0.373939290625064,0.00278734165819373
19.0666666666667,100.493091221181,100,-19.408256245904,-20.9554910172327,-0.308089414950699,1.49969735131815,3.58200954237046,-20.9269637933308,-0.367308511960779,0.00297708384089703
19.0833333333333,100.241798217036,100,-19.408256245904,-21.07662107447,-0.294740569093207,1.49969735131815,3.57622190633596,-21.2298965977774,-0.355295144774029,0.00341651415463652
19.1,99.9932775308447,101,-18.408256245904,-21.1748763069837,-0.265558779149181,1.49969735131815,3.57048675917784,-21.4532847785858,-0.333381088880246,0.00431087133282218
19.1166666666667,99.7475439111396,102,-17.408256245904,-21.1576936281773,-0.225395347373214,1.49969735131815,3.56480391651793,-21.6107731569749,-0.30446047205721,0.00549893319291951
19.1333333333333,99.5046114539422,103,-16.408256245904,-21.0328743900963,-0.169901576491764,1.49969735131815,3.55917318621948,-21.677631555656,-0.265771080318302,0.00709934153929859
19.15,99.264493616699,103,-16.408256245904,-20.8079008960467,-0.0975467711953429,1.49969735131815,3.5535943686862,-21.6393565694942,-0.216268829104062,0.00914235248875435
19.1666666666667,99.0272032310421,104,-15.408256245904,-20.584503654328,-0.00872340881011254,1.49969735131815,3.54806725715374,-21.4890347187862,-0.156096467576721,0.0115996662299802
19.1833333333333,98.7927525144836,105,-14.408256245904,-20.269042250745,0.0866898312927899,1.49969735131815,3.54259163797361,-21.2615687642148,-0.091284520482719,0.0141611439832636
19.2,98.5611530811414,106,-13.408256245904,-19.8682428456527,0.189928315472404,1.49969735131815,3.53716729088986,-20.9474841289741,-0.0210585372524997,0.016858965182387
19.2166666666667,98.3324159515871,106,-13.408256245904,-19.3885197509962,0.30081954902375,1.49969735131815,3.53179398930855,-20.542890743234,0.0544910227424011,0.0196821488824607
19.2333333333333,98.1065515618994,107,-12.408256245904,-18.9305471616362,0.418286094822853,1.49969735131815,3.52647150056032,-20.0479296074871,0.134709278417164,0.0225930948711169
19.25,97.8835697719955,107,-12.408256245904,-18.3996439604523,0.532480064725135,1.49969735131815,3.52119958615602,-19.5018585104948,0.213496919062098,0.02529414303635
19.2666666666667,97.6634798733111,108,-11.408256245904,-17.8960840239971,0.645152020366017,1.49969735131815,3.51597800203577,-18.8975369348435,0.291865175564045,0.0278440498227726
19.2833333333333,97.4462905958889,108,-11.408256245904,-17.3248019461011,0.74871594090057,1.49969735131815,3.51080649881138,-18.2682098649027,0.365056738956205,0.0300212648693558
19.3,97.232010114936,109,-10.408256245904,-16.7857034916515,0.824972356332477,2.07717800075088,3.51009351150318,-17.6061826961631,0.412707251613521,0.0319458052352899
19.3166666666667,97.0206460430554,109,-10.408256245904,-16.1632893211388,0.864010819746544,2.10450492514073,3.51493919004333,-16.9697085719674,0.426613190148502,0.0335060502918497
19.3333333333333,96.8122050831388,110,-9.40825624590403,-15.5385114195262,0.900668973882441,2.13016563303586,3.52027251174124,-16.3278355628933,0.438671728347151,0.0350106526828177
19.35,96.6066920075693,110,-9.40825624590403,-14.81829916919,0.934834549130154,2.15408153570926,3.52606192461452,-15.6831646892099,0.44886221271533,0.0364542794895706
19.3666666666667,96.404108697423,110,-9.40825624590403,-14.1045907254153,0.974480430469548,2.18183365264683,3.53232567023564,-15.0016813891056,0.462070276499982,0.0380800702312305
19.3833333333333,96.2044534795851,111,-8.40825624590403,-13.398402700954,1.01570817477561,2.21069307366108,3.53910046723969,-14.2976220630483,0.475851661889517,0.0397713777348412
19.4,96.0077206973903,111,-8.40825624590403,-12.6058635455827,1.05592844345922,2.2388472617396,3.54638550645255,-13.5820645381007,0.488619814436833,0.0414492561816591
19.4166666666667,95.813900433473,111,-8.40825624590403,-11.8280209480353,1.10154394392253,2.27077811206392,3.55420641500533,-12.8271379934904,0.50428530194679,0.0433094850944942
19.4333333333333,95.6229783609459,111,-8.40825624590403,-11.0650237884042,1.14775709338878,2.3031273166903,3.56259309591602,-12.051288425628,0.519861271718794,0.0452076690214722
19.45,95.4349356718988,111,-8.40825624590403,-10.3167865629313,1.19155119511644,2.33378318789966,3.57153034443297,-11.26828161503,0.533518962249794,0.047051047277255
19.4666666666667,95.2497490777096,111,-8.40825624590403,-9.58320479262635,1.23122404476878,2.3615541826563,3.58097581599757,-10.4880035510725,0.544274798517151,0.04878535118098
19.4833333333333,95.0673908174326,110,-9.40825624590403,-8.8642720027831,1.2659954231813,2.38589414754506,3.59087299069131,-9.71728055684011,0.551730374104312,0.0503836121887956
19.5,94.8878286783336,110,-9.40825624590403,-8.25469862901541,1.2956943440441,2.40668339214902,3.60116003583361,-8.96063268465671,0.555867528482854,0.0518371547070349
19.5166666666667,94.7110260655152,110,-9.40825624590403,-7.65429947988436,1.31253176593314,2.41846958747134,3.61172494235714,-8.25712665555028,0.552046633788026,0.0529031177123455
19.5333333333333,94.5369420901227,109,-10.408256245904,-7.06390547395722,1.32085025745205,2.42429253153459,3.62244104144477,-7.59612306478759,0.543109870901877,0.0537066545662116
19.55,94.3655317142607,109,-10.408256245904,-6.57929560520701,1.32380059934133,2.42635777085708,3.63322518319047,-6.96916104510144,0.531102913909695,0.0543392110482714
19.5666666666667,94.1967459550148,108,-11.408256245904,-6.10134921266306,1.31556607484048,2.42059360370649,3.64397458290678,-6.40609891854823,0.512577597538799,0.0546187164193045
19.5833333333333,94.0305320985863,108,-11.408256245904,-5.72639393963763,1.30149962076442,2.41074708585324,3.65458893814189,-5.89009472685627,0.490952853056742,0.0547027937944483
19.6,93.8668339075309,107,-12.408256245904,-5.3558875724513,1.27712417898436,2.3936842766072,3.66496875605246,-5.44497558684342,0.463594804344572,0.054450466380645
19.6166666666667,93.7055919035358,106,-13.408256245904,-5.08667403294275,1.24850969276601,2.37365413625436,3.67502885728035,-5.04976516212292,0.434337676471444,0.0540421638665051
19.6333333333333,93.5467436763332,105,-14.408256245904,-4.91518896776296,1.21147028442739,2.34772655041732,3.68469063193489,-4.72561363086156,0.400693641256663,0.0533470662739988
19.65,93.3902242092325,104,-15.408256245904,-4.83808222056566,1.16410459666974,2.31457056898696,3.69384097547775,-4.48614495517132,0.361625877832873,0.0523019646965409
19.6666666666667,93.2359662493403,103,-16.408256245904,-4.85235854236607,1.10602785377117,2.27391684895797,3.70235427766848,-4.33929076598078,0.317045040114106,0.0508891590586305
19.6833333333333,93.0839006852166,103,-16.408256245904,-4.95540906270487,1.03778641447698,2.22614784145203,3.71010655018521,-4.28886807675575,0.267429448001997,0.0491194474428837
19.7,92.9339569652552,102,-17.408256245904,-5.05040870319953,0.96043273985451,2.17200026921631,3.71698369300753,-4.33586072241644,0.213552425410278,0.047019654725067
19.7166666666667,92.7860635305915,101,-18.408256245904,-5.23586882071026,0.883222885821999,2.11795337139355,3.72293613675031,-4.44320028841158,0.161144970967945,0.0448695330084818
19.7333333333333,92.6401482376203,100,-19.408256245904,-5.50962869557118,0.80350675759115,2.06215208163196,3.72794795261192,-4.62126825535706,0.108565189078498,0.0425888500034867
19.75,92.4961388479037,100,-19.408256245904,-5.8693853630526,0.719823021500853,2.00357346636875,3.73197989906875,-4.87692224766542,0.0549350495021879,0.0401322083984851
19.7666666666667,92.3539635305364,99,-20.408256245904,-6.21825073273456,0.631553467574595,1.94178477862037,3.73498119521556,-5.21419599937178,-8.90877663412282e-05,0.0374792105933224
19.7833333333333,92.2135513368757,98,-21.408256245904,-6.65443393297558,0.546633832881707,1.88234103433535,3.73694818992896,-5.59874899415455,-0.0516518392166923,0.034872010958914
19.8,92.0748326447098,97,-22.408256245904,-7.17533287872916,0.461418238621296,1.49969735131815,3.73789741193034,-6.043212321051,-0.102051227361384,0.0322018562389985
19.8166666666667,91.9377395792372,97,-22.408256245904,-7.78936976270269,0.397218572675332,1.49969735131815,3.73299566056172,-6.54523870640205,-0.128327415436835,0.0293901813256761
19.8333333333333,91.8022066085958,96,-23.408256245904,-8.40688225700861,0.32149993474644,1.49969735131815,3.72807700321469,-7.11243891380456,-0.162674195796151,0.0263259146061768
19.85,91.6681714876172,95,-24.408256245904,-9.11901916919101,0.239680575283275,1.49969735131815,3.72314326787522,-7.7276901254575,-0.201778559994662,0.0231806688365298
19.8666666666667,91.5355760233814,95,-24.408256245904,-9.91682137690627,0.14779410542136,1.49969735131815,3.71819622783921,-8.41269750818921,-0.248097034561544,0.019840242852975
19.8833333333333,91.4043665085407,94,-25.408256245904,-10.6973137122666,0.044522922165841,1.49969735131815,3.7132376030031,-9.17940999037174,-0.302473227691902,0.0162735428986017
19.9,91.2744939185836,94,-25.408256245904,-11.5531049462877,-0.0614392673328303,1.49969735131815,3.70826906112707,-9.99636353156398,-0.359554336401655,0.0127490296980212
19.9166666666667,91.1459139442616,93,-26.408256245904,-12.3820628023909,-0.17213930276967,1.49969735131815,3.70329221907125,-10.8753150939546,-0.420572947608666,0.00920542168681062
19.9333333333333,91.0185869097456,92,-27.408256245904,-13.2775940962279,-0.279717997086046,1.49969735131815,3.69830864400573,-11.7853293651121,-0.480639747974091,0.00587886512643227
19.95,90.892477613502,92,-27.408256245904,-14.2328900810553,-0.387094706699217,1.49969735131815,3.69331985459466,-12.7391793762468,-0.541483960269753,0.00267573025902575
19.9666666666667,90.7675551191955,91,-28.408256245904,-15.14701945601,-0.495511446416706,1.49969735131815,3.68832732215504,-13.7435450534486,-0.603820682369005,-0.000444306390103124
19.9833333333333,90.6437925167174,91,-28.408256245904,-16.1145298768462,-0.596849332739801,1.49969735131815,3.68333247179077,-14.7644009016063,-0.662576149446144,-0.00324117458256394
20,90.5211666680425,91,-28.408256245904,-17.035124846758,-0.69413951108047,1.49969735131815,3.67833668350239,-15.8129047148593,-0.719525019674724,-0.00581583018592244
20.0166666666667,90.3997721869002,90,-29.408256245904,-17.9093766560337,-0.780737764371084,1.49969735131815,3.67334129327299,-16.8589057257314,-0.770474960398706,-0.00797733444724395
20.0333333333333,90.2808225542639,90,-29.408256245904,-18.8325929821335,-0.820759676854394,0.678937674463757,3.66187054880379,-17.8740762837887,-0.7798834512727,-0.00962525322799669
20.05,90.1662828891106,89,-30.408256245904,-19.7337185132451,-0.818541687094788,0.681155664223362,3.64307954633863,-18.8383507412227,-0.748938998282207,-0.0110498397283571
20.0666666666667,90.056661509176,89,-30.408256245904,-20.7335698566397,-0.813606937104652,0.686090414213498,3.62436483293795,-19.7544324009039,-0.717228388372828,-0.0123530368290619
20.0833333333333,89.9524368377963,89,-30.408256245904,-21.726506321382,-0.818334921067375,0.681362430250775,3.60566407939641,-20.6779567071171,-0.69224276211217,-0.0139174358040137
20.1,89.8558947422237,89,-30.408256245904,-22.7083829102293,-0.830781691916405,0.668915659401745,3.58683707392504,-21.6085672220928,-0.672541628131504,-0.0156965857682365
20.1166666666667,89.7701715035247,88,-31.408256245904,-23.6761626613014,-0.848846172043219,0.650851179274931,3.56777758792643,-22.5433576640825,-0.656647797187466,-0.0176361595222596
20.1333333333333,89.6984665113201,88,-31.408256245904,-24.7222401279411,-0.870581506093516,0.629115845224634,3.54841320812404,-23.4782441610361,-0.6432370011891,-0.0196835024477925
20.15,89.6438505408166,88,-31.408256245904,-25.744599121049,-0.902236102652471,0.0749848675659075,3.52862977373178,-24.4450388626953,-0.635966116773567,-0.0220383315529702
20.1666666666667,89.6094437525512,88,-31.408256245904,-26.7608062212652,-0.903695664273313,0.596001687044838,3.50117457662203,-25.408782828969,-0.595381817510113,-0.0245686318018456
20.1833333333333,89.5997319995259,88,-31.408256245904,-27.7675525631739,-0.93022691326969,0.56947043804846,3.47721984549673,-26.3762119983505,-0.578564911652069,-0.0272722587510186
20.2,89.6266938364737,88,-31.408256245904,-28.7438288983436,-0.978715032955571,0.520982318362579,3.45642310005213,-27.3487795381343,-0.582886097696592,-0.0300992366616073
20.2166666666667,89.7205693921863,88,-31.408256245904,-29.690745700598,-1.02729218706964,0.49969735131815,3.43510374232448,-28.3259774180957,-0.587196312253951,-0.032930213049285
20.2333333333333,89.9147007124555,88,-31.408256245904,-30.6092498419219,-1.07617672853042,0.49969735131815,3.41391884820479,-29.2971301218284,-0.592948399186933,-0.0356746012762079
20.25,90.2189624628803,88,-31.408256245904,-31.4986449748919,-1.11474336012768,0.49969735131815,3.39111748249555,-30.2485132042002,-0.589978157502191,-0.0382782280574398
20.2666666666667,90.6280964917678,88,-31.408256245904,-32.3577185333408,-1.15808016287606,0.49969735131815,3.36993259890296,-31.1791391138892,-0.594160122143742,-0.0407192944240621
20.2833333333333,91.1329896384376,89,-30.408256245904,-33.1855393414144,-1.1813486063931,0.49969735131815,3.34556002063455,-32.0835346107603,-0.580223594581953,-0.0429696238270658
20.3,91.7250234472804,89,-30.408256245904,-33.8868621853895,-1.21661558071647,0.49969735131815,3.32451056950697,-32.9515534897061,-0.581336907066157,-0.0450375261903941
20.3166666666667,92.3964241680446,89,-30.408256245904,-34.5617221583552,-1.23930076597174,0.49969735131815,3.30353435677365,-33.7573864208851,-0.57546826402983,-0.0466701017519724
20.3333333333333,93.1401379751219,90,-29.408256245904,-35.2096755248507,-1.25234633008774,0.49969735131815,3.28263451654593,-34.5089791699122,-0.564316358731293,-0.0479700911740947
20.35,93.9497233806058,91,-28.408256245904,-35.7358900332041,-1.25800187570685,0.49969735131815,3.26181406244679,-35.2124587732051,-0.549179745884165,-0.049016023708562
20.3666666666667,94.819257905033,91,-28.408256245904,-36.1461759530429,-1.24975150146844,0.49969735131815,3.24107589068767,-35.8362817221653,-0.525948123954287,-0.0496224676354838
20.3833333333333,95.7432564465552,92,-27.408256245904,-36.5408515036024,-1.22430112985613,0.49969735131815,3.22042278307732,-36.3598765782954,-0.492462392656377,-0.0497068183602085
20.4,96.7165991151256,93,-26.408256245904,-36.8251024058684,-1.18888487941207,0.49969735131815,3.19985740996397,-36.8073015070932,-0.453068829039631,-0.0495033822759118
20.4166666666667,97.7344665972633,94,-25.408256245904,-37.0046992057692,-1.14045223592806,0.49969735131815,3.17938233311241,-37.1605708484926,-0.405804249115385,-0.0489316518929596
20.4333333333333,98.7922814053493,95,-24.408256245904,-37.0852997984485,-1.07801449617023,0.49969735131815,3.15900000851699,-37.409212761304,-0.349964648715032,-0.0479755849482188
20.45,99.8856536636952,95,-24.408256245904,-37.0724338186605,-1.00199758401219,0.49969735131815,3.13871278915224,-37.5483758701202,-0.285721044048006,-0.0466620086426793
20.4666666666667,101.010330414477,96,-23.408256245904,-37.0660587434994,-0.917076154902025,0.582621196416125,3.11919976335283,-37.5783498946184,-0.217261584002951,-0.0450436299966472
20.4833333333333,102.162147841455,97,-22.408256245904,-36.9680462429708,-0.836627963147239,0.663069388170911,3.10117312918473,-37.5420929887499,-0.154217535265629,-0.0434241690103113
20.5,103.336986195806,98,-21.408256245904,-36.7783419706734,-0.787205201537422,1.49969735131815,3.09050405506028,-37.4399661089498,-0.124953613054539,-0.041728003574865
20.5166666666667,104.530727882499,99,-20.408256245904,-36.4711383933593,-0.76508165396111,1.49969735131815,3.08728128239797,-37.3038381591422,-0.126948573557856,-0.0398149315838219
20.5333333333333,105.739219574051,100,-19.408256245904,-36.0269830225309,-0.726154283483993,1.49969735131815,3.08415654144281,-37.1028311962782,-0.117758366925996,-0.0374558580251874
20.55,106.958240129007,101,-18.408256245904,-35.4581228873841,-0.664113349639183,1.49969735131815,3.08112750469951,-36.8001658095614,-0.0933743781508418,-0.0344795703074065
20.5666666666667,108.183478303124,102,-17.408256245904,-34.7760860604445,-0.576897773176427,1.49969735131815,3.07819189430854,-36.374601140276,-0.0523803476295301,-0.0308478371402043
20.5833333333333,109.410524366701,103,-16.408256245904,-33.991703136103,-0.465314518820275,1.49969735131815,3.0753474810496,-35.8163235180602,0.00486829367702316,-0.0266095033264537
20.6,110.634879659696,103,-16.408256245904,-33.1151298069536,-0.332003083286081,1.49969735131815,3.07259208336421,-35.1237459623232,0.0768637786041179,-0.0218664866774723
20.6166666666667,111.85198786093,104,-15.408256245904,-32.2504396882537,-0.180670109368025,1.49969735131815,3.06992356639728,-34.3010353065795,0.161407179723663,-0.0167490271931331
20.6333333333333,113.057290516681,105,-14.408256245904,-31.3060296044565,-0.023772183563938,1.49969735131815,3.06733984105718,-33.3925075513942,0.250841813854566,-0.0116435889722917
20.65,114.246307008654,106,-13.408256245904,-30.2903803492208,0.137975143185369,1.49969735131815,3.06483886309397,-32.3966022389774,0.344685467922928,-0.00657285215854429
20.6666666666667,115.414735791158,107,-12.408256245904,-29.2114003850717,0.30297695378173,1.49969735131815,3.06241863219552,-31.3160068421056,0.441905437776708,-0.00158487816516958
20.6833333333333,116.558569928651,107,-12.408256245904,-28.0764491911001,0.469174040443299,1.49969735131815,3.06007719110113,-30.1562575514179,0.541169459814384,0.00326018835527162
20.7,117.674216590047,108,-11.408256245904,-26.9869301544684,0.634337912199295,1.49969735131815,3.05781262473227,-28.9246798587302,0.64102578266516,0.00789936616875949
20.7166666666667,118.758608126598,109,-10.408256245904,-25.8486952960194,0.788036008511376,1.49969735131815,3.05562305934026,-27.6658857617439,0.734924612696115,0.0120275083109328
20.7333333333333,119.80929286458,110,-9.40825624590403,-24.6678049125231,0.86899739760218,2.36869474892033,3.06635677560982,-26.4021418011505,0.758686416724561,0.0157350723620834
20.75,120.824496970805,111,-8.40825624590403,-23.4196500399229,0.934057228626128,2.43375457994428,3.07952054702213,-25.1571752822066,0.769140339803163,0.0192033410187791
20.7666666666667,121.803155352179,112,-7.40825624590403,-22.0805639124108,0.997128314863138,2.49682566618129,3.09381554952199,-23.9035048157076,0.777501731632978,0.0226662134796596
20.7833333333333,122.744897499392,113,-6.40825624590403,-20.6577510083363,1.06529062482403,2.56498797614218,3.10926677827358,-22.6112781550754,0.788107089872352,0.0263401020870302
20.8,123.649996845956,114,-5.40825624590403,-19.157935612186,1.14203009353851,2.64172744485666,3.12598530650724,-21.261516915911,0.802947396867972,0.0303392807772961
20.8166666666667,124.519294927086,114,-5.40825624590403,-17.5870151148237,1.22845324099774,2.72815059231589,3.14411894420836,-19.8435611586024,0.822496300207345,0.0347085650201002
20.8333333333333,125.354108928667,115,-4.40825624590403,-16.0445314386129,1.32422419654364,2.82392154786179,3.16382076682367,-18.352727070656,0.846337304333572,0.039449127811816
20.85,126.156131261249,116,-3.40825624590403,-14.4341018608209,1.42035674277497,2.92005409409312,3.18515944864862,-16.8245208991614,0.868868600560229,0.0442920224437317
20.8666666666667,126.92732891547,117,-2.40825624590403,-12.7595544069156,1.51951158009793,3.01920893141608,3.20815833017391,-15.2482630405683,0.8917276938366,0.0493184557925408
20.8833333333333,127.669850331996,118,-1.40825624590403,-11.0244986338931,1.62294987296003,3.12264722427819,3.23287248069443,-13.6175765974093,0.915641142476457,0.0545697293861535
20.9,128.385970063617,119,-0.408256245904028,-9.23219584257666,1.73101435090992,3.23071170222807,3.25936956122472,-11.9293522222844,0.940751868638406,0.060060221141887
20.9166666666667,129.078012016237,119,-0.408256245904028,-7.38552543082327,1.84349797163181,3.34319532294996,3.28771774333619,-10.1828096046412,0.966865384862693,0.0657875701031036
20.9333333333333,129.748255793031,120,0.591743754095972,-5.58157702443344,1.95990919560531,3.45960654692346,3.31797888026563,-8.37871732860065,0.993623657671188,0.0717401759454138
20.95,130.398888719905,121,1.59174375409597,-3.72208259470211,2.07176376090477,3.57146111222292,3.35013376079622,-6.55496334254287,1.01587843088584,0.0776567661046872
20.9666666666667,131.031972057482,121,1.59174375409597,-1.80948733522978,2.18253238127648,3.68222973259463,3.38412906331819,-4.70126992718249,1.03588872394804,0.083636684391067
20.9833333333333,131.649417796129,122,2.59174375409597,0.0590035767475136,2.29436704106215,3.7940643923803,3.41995754289502,-2.81050426862986,1.05502647862624,0.0897431571682785
21,132.252974364281,123,3.59174375409597,1.98127228583747,2.40056105311376,3.90025840443191,3.45756745766425,-0.914400932011944,1.06928060350912,0.095766563152255
21.0166666666667,132.844219564735,123,3.59174375409597,3.95440186783357,2.50568677026153,4.00538412157968,3.49689671142555,1.00183615261163,1.08159308588125,0.101839366941145
21.0333333333333,133.424559247004,124,4.59174375409597,5.88074096669866,2.6684774900782,3.36763159437289,3.5264993920225,2.97150703842275,1.15157515208423,0.108020373253384
21.05,133.995230367626,124,4.59174375409597,7.83191709538769,2.82705435686385,3.47863540112285,3.55681188314256,4.98355484322969,1.2193351462096,0.11398498209826
21.0666666666667,134.5573076567,125,5.59174375409597,9.68771990468005,2.97490576425237,3.58213138629481,3.58884924727346,7.02493834716512,1.27872050374373,0.119698178451433
21.0833333333333,135.111713290518,125,5.59174375409597,11.5513937768363,3.10214590674628,3.67119948604055,3.62241657951184,9.04138389263674,1.32394705188743,0.124847668807935
21.1,135.659227764739,126,6.59174375409597,13.3298552037195,3.2126550991994,3.74855592075773,3.6572898282627,11.034427234254,1.35773437631202,0.129538186464792
21.1166666666667,136.20050110416,126,6.59174375409597,15.1239564612991,3.30210756087282,3.81117264392913,3.69323849687718,12.971493968373,1.37775337920721,0.133625000968546
21.1333333333333,136.736064120571,127,7.59174375409597,16.8382879930264,3.37763628120227,3.86404274815974,3.73005374907765,14.8692848585042,1.38868901110048,0.137313081342865
21.15,137.266339417258,127,7.59174375409597,18.5716600073582,3.43653528828244,3.90527205311586,3.76754827537246,16.7052234033937,1.38913558975601,0.140509800565784
21.1666666666667,137.791651983772,127,7.59174375409597,20.2270021055024,3.48646687156222,3.94022416141171,3.80556864174775,18.5021169901354,1.3840155829897,0.143439691757058
21.1833333333333,138.312239253831,128,8.59174375409597,21.807294238361,3.52457874692518,3.96690247416577,3.84398495953494,20.2407063000639,1.37174445317471,0.146009193819865
21.2,138.828260526683,128,8.59174375409597,23.4096264375646,3.55002348419193,3.9847137902525,3.88264666507415,21.9090140148734,1.35199575770889,0.148184682598644
21.2166666666667,139.339805726695,129,9.59174375409597,24.9355279718438,3.57119559144968,3.99953426533293,3.92145186234947,23.536569796348,1.33005955127643,0.150216214244227
21.2333333333333,139.846903512009,129,9.59174375409597,26.4815025382143,3.58525917870618,4.00937877641247,3.96032634866881,25.1080124626936,1.30427474591232,0.152014150843357
21.25,140.349528700361,129,9.59174375409597,27.9488844425572,3.59896097389631,4.01897003304557,3.99922342549884,26.6495195038852,1.27883781805584,0.15378164088132
21.2666666666667,140.847609071158,130,10.591743754096,29.3396745572163,3.60816961514834,4.02541608192199,4.03810698475549,28.1427347602948,1.25123605270696,0.15539184627183
21.2833333333333,141.341031577338,130,10.591743754096,30.7504845085533,3.61067165242221,4.0271675080137,4.07690474490835,29.575140293463,1.22018577762027,0.15677425879998
21.3,141.829647953729,130,10.591743754096,32.0827494938033,3.61357538228533,4.02920011891788,4.11557760734009,30.975003335244,1.19009277156374,0.158143532905031
21.3166666666667,142.313279719632,131,11.591743754096,33.3385883639234,3.61292639543721,4.0287458281242,4.154100159086,32.3254588696528,1.15853612427884,0.15937888307237
21.3333333333333,142.79172267793,131,11.591743754096,34.6147584221689,3.60656482420037,4.02429272825841,4.19241212528373,33.615025752396,1.12424667481265,0.16041216119838
21.35,143.264750971995,131,11.591743754096,35.8128700919628,3.60157598371308,4.02080053991731,4.23048656954617,34.8726780495288,1.09159782518967,0.161458047794299
21.3666666666667,143.732120758276,132,12.591743754096,36.9352436560262,3.59393998939948,4.01545534389778,4.26830970986104,36.0820287675732,1.05811129230526,0.16239444764059
21.3833333333333,144.193573554952,132,12.591743754096,38.0788580599513,3.58141252834497,4.00668612115963,4.3058320177931,37.2319241595153,1.02245047302262,0.16315126386505
21.4,144.648839229222,132,12.591743754096,39.1455586486177,3.57099073950101,3.99939086896886,4.34303628973756,38.3515726405076,0.988920771052198,0.163941046663092
21.4166666666667,145.097638631479,133,13.591743754096,40.1379071134332,3.5585718715609,3.99069766141078,4.37991747375768,39.4247688024146,0.954980854120958,0.164639665827655
21.4333333333333,145.539685916444,133,13.591743754096,41.15312425049,3.54183868324509,3.97898442958971,4.41643385828589,40.4405142651942,0.9192387043526,0.165175231859657
21.45,145.974690586693,133,13.591743754096,42.0932926778866,3.52772698613932,3.96910624161567,4.45257526874627,41.4281627494286,0.885952760318484,0.165758803384136
21.4666666666667,146.402359291081,134,14.591743754096,42.9612028556183,3.51208411033209,3.95815622855061,4.48834302779294,42.3716527736459,0.852542842094878,0.166265062261885
21.4833333333333,146.8223974358,134,14.591743754096,43.8542929441519,3.52540194791098,3.08612822787809,4.51704204095244,43.2667905700036,0.851496385353099,0.166618680113795
21.5,147.234510684472,134,14.591743754096,44.6449999377899,3.57565211589468,3.10874080347075,4.5379401461989,44.1853649517595,0.888806429310307,0.166935156464355
21.5166666666667,147.638406809193,135,15.591743754096,45.3112308749995,3.61216769087628,3.12517281221248,4.55896350901786,45.0840511943563,0.916816306616187,0.166868078883056
21.5333333333333,148.033798394395,135,15.591743754096,45.9591772087057,3.62647385536237,3.13161058623122,4.57997504992218,45.9154067741774,0.930467255254288,0.166158846088568
21.55,148.420405186207,136,16.591743754096,46.4987105548937,3.62345672273114,3.13025287654716,4.60082787660698,46.6868480125109,0.932930856677278,0.16495484125376
21.5666666666667,148.797955678406,136,16.591743754096,47.0337202684907,3.5995227306158,3.11948258009526,4.62137762583467,47.3709291730853,0.922156317071563,0.163145736926593
21.5833333333333,149.166188197937,137,17.591743754096,47.4719231286182,3.56239332637708,3.10277434818784,4.64149872238334,47.9889042671463,0.90303574957439,0.160965090583534
21.6,149.524851680674,137,17.591743754096,47.9153157634043,3.50986320826565,3.0791357950377,4.66108370790881,48.5224015096287,0.874333133306514,0.158344821710576
21.6166666666667,149.873706252232,137,17.591743754096,48.2700309336813,3.45006669174917,3.05222736260528,4.68005048484439,48.9981925668896,0.841148936190611,0.155531121744694
21.6333333333333,150.212523605966,138,18.591743754096,48.5422228178329,3.38059451032102,3.02096488096261,4.69833572831242,49.4008670752511,0.80207564918486,0.152449813441598
21.65,150.541087233496,138,18.591743754096,48.8320871373279,3.30094541153276,2.98512278650789,4.71586581587677,49.7221616487574,0.756889391027321,0.149084678363134
21.6666666666667,150.859192614898,139,19.591743754096,49.044226785263,3.21989263810369,2.94864903846481,4.73260106551155,49.9951954049588,0.711039112947573,0.145701433916224
21.6833333333333,151.166647363311,139,19.591743754096,49.2781210151867,3.13497621857698,2.91043664967779,4.7485226229803,50.2081631278082,0.663039746896466,0.142224488495434
21.7,151.46327128643,140,20.591743754096,49.4379415536855,3.05331070962004,2.87368717064717,4.7636320203862,50.3907242954771,0.617277622655125,0.138869283286203
21.7166666666667,151.748896433181,140,20.591743754096,49.6229364415843,2.97108565630012,2.83668589665321,4.7779403491674,50.5279316155157,0.571406254745201,0.135519297566374
21.7333333333333,152.023367146909,140,20.591743754096,49.7371785935495,2.89435395931663,2.80215663301063,4.7914700574593,50.6467346100199,0.529137514940825,0.132357804222288
21.75,152.286540084102,141,21.591743754096,49.7853287192359,2.81849804904714,2.76802147338936,4.80424615785931,50.7299416174845,0.48761422116724,0.129243835793872
21.7666666666667,152.538284161799,141,21.591743754096,49.8665342256836,2.74090025458389,2.7331024658809,4.81626706404687,50.7664681963981,0.44523631566424,0.126097154875325
21.7833333333333,152.778480500726,141,21.591743754096,49.8846840920466,2.66843284821789,2.7004921330162,4.82755000481889,50.7862000197075,0.406224794173625,0.123125984174459
21.8,153.007022355141,141,21.591743754096,49.8442131339025,2.59700732636033,2.6683506481803,4.8381197541782,50.7740898218977,0.368047960863087,0.120205493784868
21.8166666666667,153.223814987525,141,21.591743754096,49.7494582245891,2.52431739613762,2.63564017958008,4.8479775733034,50.7205474535982,0.329294217234514,0.117264974846773
21.8333333333333,153.428775551398,142,22.591743754096,49.604547932012,2.44931213131512,2.60188781040995,4.85711251456424,50.6201996866136,0.289336431137869,0.114271851790345
21.85,153.62183297057,142,22.591743754096,49.5079219333166,2.37178127975625,2.56699892720846,4.86550920933872,50.4708167234281,0.248068909643278,0.111219096821378
21.8666666666667,153.802927770932,142,22.591743754096,49.3627016210839,2.30011778785051,2.53475035585088,4.87318564675953,50.3086599398273,0.210646776867595,0.108361226777881
21.8833333333333,153.972011926738,142,22.591743754096,49.1725658938901,2.23109987352466,2.50369229440425,4.88017615913183,50.1230614192391,0.175061311106431,0.105599853821799
21.9,154.129048708487,142,22.591743754096,48.9411470384082,2.16282475208276,2.47296848975539,4.88649620248602,49.9072573413859,0.140134315985746,0.102876647042917
21.9166666666667,154.274012487589,142,22.591743754096,48.6719380396423,2.09433238405879,2.44214692414461,4.8921507740803,49.6575328818653,0.105278064400381,0.100161914745146
21.9333333333333,154.406888559121,142,22.591743754096,48.3682459295648,2.02530553165517,2.41108484056298,4.89714030399495,49.3724688362451,0.0703047815097941,0.097445501515225
21.95,154.527672969217,142,22.591743754096,48.0331758479716,1.95583906765046,2.37982493176086,4.90146456622296,49.0523079307171,0.035280761047295,0.0947297863190135
21.9666666666667,154.63637230048,143,23.591743754096,47.6696342768018,1.88626886167964,2.34851833907399,4.90512509137771,48.6984421323966,0.000418665210183043,0.092024488285423
21.9833333333333,154.733003447086,143,23.591743754096,47.3749124610578,1.81704976869202,2.31736974722956,4.90812648733153,48.3130122302116,-0.0339988544462507,0.0893429624724834
22,154.817593366399,143,23.591743754096,47.0510866247362,1.75675011139238,2.29023490144472,4.91050971052251,47.9348433185613,-0.0627325000828935,0.0869452359549112
22.0166666666667,154.890178863244,143,23.591743754096,46.7009007540227,1.70201116690777,2.26560237642665,4.91233207188753,47.5545150276824,-0.0878988322693804,0.0847289429138246
22.0333333333333,154.950806389387,143,23.591743754096,46.3271556656586,1.65061175257984,2.24247263997908,4.91363018762247,47.1655892224107,-0.110893555470465,0.082626258094557
22.05,154.999531809049,143,23.591743754096,45.9326020400184,1.6011847219165,2.22023047618058,4.91442740010639,46.7640608186432,-0.132573526469359,0.0805952944496632
22.0666666666667,155.036420160306,143,23.591743754096,45.5198763980949,1.55297970241519,2.19853821740499,4.91473925149537,46.3478336701889,-0.153408308671209,0.0786129031249609
22.0833333333333,155.061545396604,144,24.591743754096,45.0914675416547,1.50567219273833,2.1772498380504,4.91457735775185,45.9162525367615,-0.173601562384187,0.0766688796796413
22.1,155.074990132889,144,24.591743754096,44.7442730100264,1.45921543153232,2.15634429550769,4.91395201719949,45.4697052466313,-0.193184824565377,0.0747614679090814
22.1166666666667,155.076845348176,144,24.591743754096,44.3799805081563,1.42180703967461,2.13951051917173,4.91290656689763,45.0455356341034,-0.20714909850832,0.0731395515660045
22.1333333333333,155.067210067756,144,24.591743754096,44.0009384388232,1.38982183298504,2.12511717616142,4.91149826920201,44.6330781876479,-0.21777467491812,0.0716927803174295
22.15,155.046191077051,144,24.591743754096,43.6095377553242,1.36085253076251,2.11208099016128,4.90976195386676,44.2248453692578,-0.226569817080969,0.070347778826577
22.1666666666667,155.013902611086,145,25.591743754096,43.2081015131456,1.33340592311192,2.09973001671852,4.90771796497275,43.8159385430444,-0.23446581501235,0.0690589276312309
22.1833333333333,154.970466037007,145,25.591743754096,42.8933894021091,1.30664899701186,2.08768939997349,4.90537802249071,43.403487576012,-0.241979156568812,0.0678006591098242
22.2,154.91600957765,145,25.591743754096,42.566946341031,1.28828246343125,2.07942445986221,4.90278208711718,43.0223893534989,-0.244402970141404,0.0668068241041563
22.2166666666667,154.850668016164,145,25.591743754096,42.23095424983,1.27439533345125,2.07317525137121,4.89998111442371,42.6601747805268,-0.244186884735534,0.0659584439819803
22.2333333333333,154.774582367904,145,25.591743754096,41.887605103579,1.26244243816134,2.06779644849075,4.89700203607589,42.3080458125054,-0.242915953135019,0.0651780022765114
22.25,154.687899566754,146,26.591743754096,41.5389884005876,1.25089136887252,2.06259846731079,4.89385662614745,41.9601583944735,-0.241536924189264,0.0644187316850219
22.2666666666667,154.590772207222,146,26.591743754096,41.2815978523866,1.23893158730047,2.05721656560336,4.89054796031135,41.6129575555503,-0.240543790238646,0.0636557866596307
22.2833333333333,154.48335827756,146,26.591743754096,41.0166845606056,1.23432113958567,2.0551418641317,4.88710764036043,41.3008337486136,-0.235186086258227,0.0631247962492736
22.3,154.365820865638,146,26.591743754096,40.7461145140363,1.23322261807772,2.05464752945313,4.88357873884594,41.0109275505023,-0.227860390075416,0.0627090511862179
22.3166666666667,154.238327852013,147,27.591743754096,40.4717476495705,1.23316842241288,2.05462314140395,4.87998085592014,40.7341212260736,-0.220096859046826,0.0623334234333677
22.3333333333333,154.10105160018,147,27.591743754096,40.2899004486163,1.23270019463209,2.05441243890259,4.87631898784333,40.4642898865,-0.212790117065333,0.0619534253733575
22.35,153.954168650665,147,27.591743754096,40.1016696115396,1.23915136496729,2.05731546555343,4.87262265913225,40.2338531907571,-0.201448985347873,0.0617918160022722
22.3666666666667,153.797859423467,148,28.591743754096,39.9087711127606,1.24842728886126,2.06148963130572,4.86893032563777,40.0284713312855,-0.188623817344319,0.0617240943054615
22.3833333333333,153.632307931917,148,28.591743754096,39.8074782766647,1.25792406173159,2.06576317909737,4.86525550736346,39.8379340484055,-0.175922706466737,0.0616710095209007
22.4,153.457701509969,148,28.591743754096,39.6988914657557,1.27420828234849,2.07309107837497,4.86162913416522,39.6915586935677,-0.159327745803296,0.0618320493537749
22.4166666666667,153.274230554182,149,29.591743754096,39.5847422091736,1.2927060097051,2.08141505568544,4.85808643598709,39.5727179844388,-0.141681002970323,0.0620681670073696
22.4333333333333,153.082088279817,149,29.591743754096,39.5613104838409,1.31054451179634,2.0894423816265,4.85463493344817,39.469565351582,-0.124750035774233,0.0622919531004852
22.45,152.881470461261,150,30.591743754096,39.5296836798983,1.33416946307487,2.10007360970184,4.85129811943715,39.4102849675699,-0.104584002663754,0.0626992253524423
22.4666666666667,152.672575127606,150,30.591743754096,39.5861262385787,1.35898492186598,2.11124056615784,4.84810326867893,39.3774924731922,-0.0840307024624973,0.0631502692563786
22.4833333333333,152.45560228499,151,31.591743754096,39.6318092515015,1.39023558719399,2.12530336555544,4.84508274049937,39.3950935139648,-0.0598871802085911,0.0638044443187203
22.5,152.230753687368,151,31.591743754096,39.7631232954102,1.42253219361173,2.13983683844343,4.84226526115221,39.4425035907802,-0.0354908196231533,0.0644979486659169
22.5166666666667,151.998232614633,152,32.591743754096,39.8813717025243,1.46063322426199,2.15698230223605,4.8396798939009,39.5413145179908,-0.0079345325771143,0.0653753747646107
22.5333333333333,151.758243621046,152,32.591743754096,40.0830621355387,1.49888607060446,2.17419608309016,4.83734929757224,39.6693306446877,0.0192883100736154,0.0662649180868758
22.55,151.510992319867,153,33.591743754096,40.269589250142,1.54194088733728,2.19357075061993,4.83529510452526,39.8470711943788,0.0490255099942668,0.0673078736542601
22.5666666666667,151.256685221895,154,34.591743754096,40.5375228350699,1.58413901971628,2.21255991019048,4.83353213683238,40.0516669405305,0.0777876986586519,0.0683322444073888
22.5833333333333,150.995529584295,154,34.591743754096,40.8828609493582,1.63018731164537,2.23328164155857,4.83207439759301,40.30324865402,0.108465021056341,0.0694810375192843
22.6,150.72773322964,155,35.591743754096,41.2071335524142,1.68259549167336,2.25686532257116,4.8309623602948,40.6149918267924,0.142569146407648,0.0708305634565208
22.6166666666667,150.453504369602,156,36.591743754096,41.6071419664051,1.73426587773452,2.28011699629868,4.83021638041833,40.9584896393578,0.175719583192368,0.0721651256394526
22.6333333333333,150.173051421125,157,37.591743754096,42.0791445972282,1.78900086645672,2.30474774122367,4.82984730006114,41.3498391786324,0.210253012454552,0.0736002556127675
22.65,149.886582841895,158,38.591743754096,42.6194889980906,1.84879855031163,2.33165669895839,4.82988719607587,41.7993887508375,0.247374549614187,0.0751967105426562
22.6666666666667,149.594306967684,158,38.591743754096,43.2247105468737,1.91440430378335,2.36117928802066,4.83037800202939,42.313077392267,0.287508659482291,0.0769772114546104
22.6833333333333,149.296431874851,159,39.591743754096,43.7970024166846,1.98574001844193,2.39328035961702,4.83136379250224,42.8935772623264,0.330571045386037,0.0789394696702848
22.7,148.993165248245,159,39.591743754096,44.4338359738971,2.05414891094402,2.42406436124296,4.83285315773626,43.5049913608027,0.371233616581102,0.0808204120312347
22.7166666666667,148.684714275994,159,39.591743754096,45.0375084386983,2.1226159243962,2.45487451729644,4.8348364079705,44.1583020316219,0.411350472264654,0.0827107048249732
22.7333333333333,148.371285550244,160,40.591743754096,45.610791085099,2.18475588657579,2.48283750027725,4.83728827579724,44.8243155009374,0.447024673407821,0.084416216015012
22.75,148.053084993076,160,40.591743754096,46.2507744718832,2.23709721510464,2.50639109811524,4.84014701600592,45.4829961473271,0.476188127388786,0.0858312527991179
22.7666666666667,147.730317758063,160,40.591743754096,46.8591108303871,2.28627027777985,2.52851897631909,4.84336551248029,46.1575496139779,0.502974141234255,0.0871571369119438
22.7833333333333,147.403188127071,160,40.591743754096,47.4378318711771,2.3283294592791,2.54744560799375,4.84690372768254,46.8278821903355,0.525000135633939,0.0882737966424348
22.8,147.071899450719,160,40.591743754096,47.9887334302426,2.36133125343643,2.56229641536454,4.85069990207634,47.4804889426067,0.541136726085795,0.0891219362716194
22.8166666666667,146.736654105666,160,40.591743754096,48.5133005396642,2.38469267450574,2.57280905484573,4.85468307385049,48.1068325602415,0.551100298148398,0.0896835659565472
22.8333333333333,146.397653512774,159,39.591743754096,49.0126946070043,2.39870074782094,2.57911268783758,4.85878137322365,48.701991520727,0.555142855783322,0.0899671152708925
22.85,146.055098219146,159,39.591743754096,49.3932089722721,2.40415085704808,2.58156523698979,4.86292713868322,49.2635753374159,0.553824390759452,0.0899964565669715
22.8666666666667,145.709187991717,158,38.591743754096,49.75593289897,2.39401299946196,2.57700320107603,4.86702701714251,49.754646809062,0.542914174985632,0.0895575699718
22.8833333333333,145.360121877639,158,38.591743754096,50.006372953684,2.37324601719641,2.56765805905653,4.8709832251473,50.1878036423864,0.52556285656471,0.0888007380916965
22.9,145.008098289875,157,37.591743754096,50.244755437639,2.3375145230344,2.55157888668363,4.87469778705244,50.5371067605223,0.499200917088305,0.0875937740605567
22.9166666666667,144.653315160089,157,37.591743754096,50.3757672148354,2.29338083526142,2.53171872718579,4.87808424721692,50.8229244402027,0.467952895101554,0.0861356764316654
22.9333333333333,144.295970169288,157,37.591743754096,50.4989244616579,2.23733340744363,2.50649738466778,4.88106493582715,51.0245687899259,0.429734592092384,0.0843193096215627
22.95,143.93626097594,157,37.591743754096,50.6129122685105,2.17622618087116,2.47899913271017,4.88357779652392,51.1657597622813,0.388824474359443,0.0823525671219892
22.9666666666667,143.574385438836,157,37.591743754096,50.716339632623,2.11457418154657,2.45125573301411,4.88560311268502,51.2640175856262,0.348019129069763,0.080372365134171
22.9833333333333,143.210541866856,157,37.591743754096,50.8079318175004,2.0551457481623,2.42451293799118,4.88714826644843,51.3318338317501,0.309013201670707,0.0784626117409912
23,142.844929258463,158,38.591743754096,50.8866374977329,1.99945347916213,2.39945141694111,4.88823654747072,51.3777688453693,0.272712854167158,0.0766691043763536
23.0166666666667,142.477747564984,159,39.591743754096,51.0462457105063,1.94814598849717,2.37636304614188,4.88889925900163,51.4074183569462,0.239484812791343,0.0750114183473583
23.0333333333333,142.109197946445,159,39.591743754096,51.2803444340832,1.90938706331026,2.35892152980777,4.88920312571808,51.4604631471067,0.214285605341981,0.0737376188453486
23.05,141.739482937063,160,40.591743754096,51.4885479015948,1.8871699000139,2.34892380632441,4.88925961652803,51.562852373552,0.199461302122533,0.0729691691826561
23.0666666666667,141.368806540063,161,41.591743754096,51.7662686459259,1.87458554366398,2.34326084596694,4.88916619672554,51.6939854543912,0.190663725433955,0.0724962191368121
23.0833333333333,140.997374297558,162,42.591743754096,52.1088787145015,1.87483731773601,2.34337414429936,4.88900919579537,51.874267526715,0.189779464295171,0.0724162262892348
23.1,140.625393279301,164,44.591743754096,52.5122849601452,1.88890085466972,2.34970273591952,4.88889006613589,52.1160071806899,0.197309820134368,0.0727590147949924
23.1166666666667,140.253071975156,165,45.591743754096,53.0675254374928,1.91632628450144,2.3620441793438,4.88891180541841,52.4256251925269,0.212878058211244,0.0735111210897267
23.1333333333333,139.880620104666,167,47.591743754096,53.6711149509505,1.96390790108772,2.38345590680763,4.88920329271056,52.8416672671312,0.240540409273123,0.074879324009615
23.15,139.50824835029,168,48.591743754096,54.4154074767354,2.02611688918233,2.4114499514502,4.88989463701939,53.3514711756051,0.276769316279492,0.0766959458336962
23.1666666666667,139.136167989843,169,49.591743754096,55.1982637650092,2.10655875462888,2.44764879090115,4.89111111845283,53.9798172975858,0.323664055132603,0.0790709168565567
23.1833333333333,138.76459040051,170,50.591743754096,56.0187056112258,2.19789863672988,2.4887517378466,4.8929607405378,54.7045165582956,0.376609353351331,0.0817816800110398
23.2,138.393726470612,170,50.591743754096,56.8761301732448,2.2948292522035,2.53237051480972,4.89550422547098,55.5078469530347,0.432285352758841,0.0846671965891471
23.2166666666667,138.023785881425,171,51.591743754096,57.6755055970747,2.39366104306636,2.57684482069801,4.89876863714364,56.3760132334627,0.488401467632805,0.087615513370835
23.2333333333333,137.654976255301,170,50.591743754096,58.5168365706185,2.48387323900074,2.61744030886849,4.90272536359113,57.2622747857315,0.538518635989411,0.0903069365765719
23.25,137.287502191021,170,50.591743754096,59.2100711096088,2.5677820065816,2.65519925427987,4.90731827465077,58.1710153238999,0.584124415236929,0.0928117967085074
23.2666666666667,136.921564225284,169,49.591743754096,59.8603512780722,2.63102687022735,2.68365944292046,4.91244101921391,59.0332935668151,0.616493084281206,0.0946934785607468
23.2833333333333,136.557357752361,168,48.591743754096,60.3768748124775,2.67452742917243,2.70323469444574,4.91794072481645,59.8399549516895,0.63634732497674,0.0959795681804858
23.3,136.195071838872,167,47.591743754096,60.768472171551,2.69219705217191,2.71118602479551,4.9236430138596,60.5511324925376,0.640118331961512,0.0964846368248462
23.3166666666667,135.834887941043,165,45.591743754096,61.0429166892463,2.6822778473694,2.70672238263438,4.9293451245964,61.1427898379143,0.626927904401843,0.0961546833696935
23.3333333333333,135.476978588463,164,44.591743754096,61.1123098398833,2.64577205095865,2.69029477424954,4.93484225732811,61.6023840493801,0.597596776408222,0.0950195281055968
23.35,135.121506029925,161,41.591743754096,61.0827755649878,2.57720880189399,2.65944131217044,4.93991104718538,61.8891487164203,0.548979067325759,0.0929121775274279
23.3666666666667,134.768620816244,159,39.591743754096,60.7695992885324,2.48381339825432,2.61741338053259,4.94433844180968,62.0161097450391,0.485729980431606,0.0900514416121411
23.3833333333333,134.418460333172,156,36.591743754096,60.2826928010755,2.35570453850485,2.55976439364533,4.94789679448737,61.9242143608503,0.40199046586672,0.0861361814737492
23.4,134.071147333032,154,34.591743754096,59.5356406113639,2.19770985731605,2.48866678711037,4.95034376812876,61.6145088594965,0.300966095238564,0.0813121664237365
23.4166666666667,133.726788456868,151,31.591743754096,58.6359972574652,2.00703792927615,2.40286441949242,4.95144288542098,61.0570685193003,0.181166218465046,0.0754935883610624
23.4333333333333,133.385472727284,149,29.591743754096,57.4950957727929,1.79271175793422,2.30641764238855,4.950984829746,60.2734673815164,0.0483419906657326,0.0689536956423899
23.45,133.047270037088,147,27.591743754096,56.21852046197,1.55406961831669,2.19902867956066,4.94878950958183,59.2475984130179,-0.0977457177814561,0.0616714580796287
23.4666666666667,132.712229699677,145,25.591743754096,54.810562394326,1.30241838782428,2.08578562583908,4.94439778164285,58.0097958789034,-0.249355622998704,0.0539421606931765
23.4833333333333,132.380379075105,144,24.591743754096,53.2751110857283,1.05117242653109,1.85446804527239,4.9364492695957,56.5905310602987,-0.395565089400095,0.0459785144062964
23.5,132.051722279678,142,22.591743754096,51.7065217405013,0.795398926449862,1.76814448899498,4.92683053879343,55.0105632613938,-0.543378061823185,0.0379170630550428
23.5166666666667,131.726239083063,141,21.591743754096,50.0057151132363,0.545101896805974,1.68366924149017,4.91576914589006,53.3166210217836,-0.687074772408043,0.0300927293475784
23.5333333333333,131.40388410741,140,20.591743754096,48.2744119367865,0.298646651452078,1.60049059618323,4.9032944499084,51.5050324264945,-0.827655267603762,0.0224523369947124
23.55,131.084586159131,139,19.591743754096,46.5137994263736,0.0634739305260069,1.52111980287068,4.88945434917093,49.6117235992505,-0.960547897383545,0.0152177635944326
23.5666666666667,130.768247662587,138,18.591743754096,44.7252571589226,-0.152429543356597,1.34726780796155,4.87358156619185,47.6639347519378,-1.07933143753405,0.00851360719661881
23.5833333333333,130.454744349118,138,18.591743754096,42.9069980733797,-0.340534835506386,1.15916251581176,4.85440256731425,45.6868321915803,-1.17602659076271,0.00238444842975452
23.6,130.143925347304,137,17.591743754096,41.1483852811329,-0.502999568779757,0.996697782538393,4.83230864887189,43.6974045128276,-1.25267937369791,-0.00320128861044648
23.6166666666667,129.835614391983,137,17.591743754096,39.3448704890358,-0.636016035731469,0.863681315586682,4.80777099646696,41.7385033740133,-1.30779779591284,-0.00808400568229114
23.6333333333333,129.529611208893,137,17.591743754096,37.5897065408772,-0.748271294323201,0.751426056994949,4.78121160416714,39.7977176589942,-1.34747728463997,-0.0124889376451981
23.65,129.225692202596,137,17.591743754096,35.877776724095,-0.838958719744183,0.660738631573968,4.75299305185798,37.8984035986641,-1.37185751076094,-0.0163585926027393
23.6666666666667,128.923612568873,137,17.591743754096,34.2057757476647,-0.909651569363117,0.590045781955034,4.72346997685954,36.0529093682828,-1.38251221130275,-0.0197092259881615
23.6833333333333,128.623108903414,137,17.591743754096,32.5720019786189,-0.963066326098195,0.536631025219956,4.69296026259809,34.2663876061908,-1.38164416993078,-0.0225955970175338
23.7,128.323902147486,137,17.591743754096,30.9760424116832,-1.00259202774212,0.49969735131815,4.66180168088409,32.5395941724466,-1.37191985469876,-0.0250872609133043
23.7166666666667,128.025700972386,137,17.591743754096,29.4185128370191,-1.03296591647115,0.49969735131815,4.63059390243246,30.8700616642881,-1.35738083035661,-0.0272521940387082
23.7333333333333,127.728205149488,137,17.591743754096,27.9016265093649,-1.05616823580977,0.49969735131815,4.59944377372362,29.2541839865333,-1.33935961016469,-0.0291456724625524
23.75,127.431109395175,137,17.591743754096,26.4284316268933,-1.0731961835563,0.49969735131815,4.5683575883279,27.6898646325398,-1.31839048106368,-0.0308065031281442
23.7666666666667,127.134107190605,137,17.591743754096,25.0014292877558,-1.08461665424479,0.49969735131815,4.53734142123862,26.176538838967,-1.29475282871775,-0.032259354965116
23.7833333333333,126.836894626774,137,17.591743754096,23.6226207304024,-1.09074319836291,0.49969735131815,4.50640113429486,24.7145846029033,-1.26857692060324,-0.0335205339177554
23.8,126.53917421406,137,17.591743754096,22.2935518934816,-1.09175896073175,0.49969735131815,4.47554238148596,23.3048917697864,-1.23991779485653,-0.0346019412674514
23.8166666666667,126.240658574257,137,17.591743754096,21.0153553676088,-1.08779937522902,0.49969735131815,4.44477061414019,21.9485528730388,-1.20880527180312,-0.0355136920669502
23.8333333333333,125.941073935792,137,17.591743754096,19.7887898162711,-1.07900501105135,0.49969735131815,4.41409108600004,20.6466476467243,-1.17527616315442,-0.0362657506633949
23.85,125.640163356164,137,17.591743754096,18.6142769471921,-1.06555263981956,0.49969735131815,4.38350885818626,19.4000989324902,-1.13939341220532,-0.0368688585011049
23.8666666666667,125.337689604603,137,17.591743754096,17.491936118694,-1.04767074100047,0.49969735131815,4.35302880405317,18.2095823844326,-1.10125582730252,-0.0373349645764358
23.8833333333333,125.033437650733,137,17.591743754096,16.4216166680435,-1.02564419473776,0.49969735131815,4.32265561393718,17.0754761454626,-1.06100121909205,-0.0376773177790855
23.9,124.727216720266,137,17.591743754096,15.4029280505189,-0.999811770729405,0.499885580588746,4.29239380352725,15.9978396946947,-1.01880509670336,-0.0379103402221031
23.9166666666667,124.41886188823,137,17.591743754096,14.4352744247878,-0.971099161370722,0.528598189947429,4.26235717031111,14.976327004753,-0.97543413391724,-0.0380493439762463
23.9333333333333,124.108235237698,137,17.591743754096,13.5188718399493,-0.941688676207081,0.55800867511107,4.23291713231485,14.0090228521918,-0.932954175545404,-0.0381081174580566
23.95,123.795226495807,137,17.591743754096,12.6546701741149,-0.911849492171051,0.587847859147099,4.20410223929232,13.0940410425814,-0.8915437913035,-0.0380930367978391
23.9666666666667,123.479753193635,137,17.591743754096,11.8432977455469,-0.881520399515747,0.618176951802404,4.17592360228323,12.2304980163984,-0.851143555413904,-0.0380029320274737
23.9833333333333,123.161760440267,137,17.591743754096,11.0850860530385,-0.850519916792241,0.64917743452591,4.14839415578802,11.4181329545497,-0.811623743564545,-0.0378327915703366
24,122.841220281448,137,17.591743754096,10.380108883088,-0.818631208393549,0.681066142924601,4.12152992878787,10.6570108526783,-0.77283846731091,-0.03757624243865
