Tiempo_h,V_mgdL,g_mgdL,g1_mgdL,Kalman_mgdL,u,u_insu,IOB_U,z1,z2,z3
0,113.31485099752,107,-6.31485099752018,-3.31485099752018,-0,1.24855126521133,0,0,0,0
0.0166666666666667,113.314850997472,107,-6.31485099752018,-3.60328958966095,-0.275784538198568,1.24855126521133,0.0208082737613599,-1.27201131980578,-0.178913660201823,-0.00860575563953466
0.0333333333333333,113.314850996105,107,-6.31485099752018,-3.87337932972912,-0.471562948493966,1.24855126521133,0.0416111227753569,-2.31315519287932,-0.308094762833763,-0.0144030374776327
0.05,113.314850987539,107,-6.31485099752018,-4.12578784970116,-0.604128711776794,1.24855126521133,0.0624032831694457,-3.16406311210476,-0.397669157034533,-0.0180146574008484
0.0666666666666667,113.314850958366,107,-6.31485099752018,-4.36119705685108,-0.687177614341359,1.24855126521133,0.0831796627003916,-3.85838419025232,-0.455929875894586,-0.0199451736145714
0.0833333333333333,113.314850886029,108,-5.31485099752018,-4.58029823388595,-0.731843789053773,1.24855126521133,0.103935336580459,-4.42395593882408,-0.489650689708385,-0.0206016866331208
0.1,113.314850738118,108,-5.31485099752018,-4.68761333802396,-0.747146231402852,1.24855126521133,0.124665543393727,-4.88378291506,-0.504347662250063,-0.0203111283843311
0.116666666666667,113.314850472266,108,-5.31485099752018,-4.78607736293918,-0.732359121559421,1.24855126521133,0.145365681100678,-5.2199493730424,-0.49930636537711,-0.01908494412424
0.133333333333333,113.314850036446,108,-5.31485099752018,-4.87616862179931,-0.696845594156027,1.24855126521133,0.166031303129278,-5.46034825421842,-0.480367048801118,-0.0172493181321377
0.15,113.314849369538,108,-5.31485099752018,-4.95835456573199,-0.647788887312531,1.24855126521133,0.186658114550794,-5.62715631572479,-0.452044612295922,-0.015050917270832
0.166666666666667,113.314848402048,108,-5.31485099752018,-5.033090668709,-0.590639084796438,1.24855126521133,0.207241968338628,-5.73793095779095,-0.417796082522928,-0.012673599286651
0.183333333333333,113.314847056938,108,-5.31485099752018,-5.10081949242376,-0.529474751595981,1.24855126521133,0.227778861708485,-5.80650650157185,-0.38023764924247,-0.010251887634566
0.2,113.314845250494,108,-5.31485099752018,-5.16196991619439,-0.467294910953212,1.24855126521133,0.248264932538227,-5.84372527620987,-0.341320350060528,-0.00788180622836148
0.216666666666667,113.314842893214,108,-5.31485099752018,-5.21695651774105,-0.406254103344588,1.24855126521133,0.268696455865782,-5.85803281279828,-0.302471908678241,-0.0056295626511885
0.233333333333333,113.314839890681,108,-5.31485099752018,-5.26617909148301,-0.347851022323182,1.24855126521133,0.289069840463531,-5.85596139787799,-0.264710916533,-0.00353848150652436
0.25,113.314836144409,108,-5.31485099752018,-5.31002229177685,-0.293079361385823,1.24855126521133,0.309381625487611,-5.84252204285883,-0.228738456962019,-0.00163451771961257
0.266666666666667,113.314831552658,108,-5.31485099752018,-5.34885538927052,-0.242547965602136,1.24855126521133,0.329628477200604,-5.82152143816152,-0.195011367127779,6.93798105248368e-05
0.283333333333333,113.314826011187,108,-5.31485099752018,-5.3830321292777,-0.196576107759509,1.24855126521133,0.349807185766124,-5.7958175645619,-0.163800584610788,0.00156983286622426
0.3,113.314819413977,108,-5.31485099752018,-5.41289068178146,-0.155268656252563,1.24855126521133,0.369914662113819,-5.76752523094641,-0.135237406641855,0.00287034599502959
0.316666666666667,113.314811653882,108,-5.31485099752018,-5.43875367335545,-0.118575033341009,1.24855126521133,0.389947934873367,-5.73818081527639,-0.10934997857311,0.00397921847932618
0.333333333333333,113.314802623244,108,-5.31485099752018,-5.46092829194426,-0.0863351464144694,1.24855126521133,0.409904147376039,-5.70887383529018,-0.0860919061491875,0.00490793607696762
0.35,113.314792214442,108,-5.31485099752018,-5.47970645607061,-0.058314885451851,1.24855126521133,0.429780554722452,-5.68035160992033,-0.0653645382385449,0.00566994495528224
0.366666666666667,113.314780320403,108,-5.31485099752018,-5.49536504063752,-0.0342332952233607,1.24855126521133,0.449574520915163,-5.65310214360517,-0.0470341802528512,0.00627972873260231
0.383333333333333,113.314766835055,108,-5.31485099752018,-5.50816615206648,-0.0137831328773404,1.24855126521133,0.469283516054753,-5.62741943359257,-0.0309452629703303,0.00675212469063929
0.4,113.314751653742,108,-5.31485099752018,-5.51835744605923,0.00335380465092158,1.24855126521133,0.488905113598124,-5.60345463156961,-0.0169302981070412,0.00710182761140946
0.416666666666667,113.314734673585,108,-5.31485099752018,-5.52617248179086,0.0174954659667414,1.24855126521133,0.50843698767771,-5.58125585766019,-0.00481729344668596,0.00734303980847089
0.433333333333333,113.314715793817,108,-5.31485099752018,-5.53183110683615,0.0289515439950453,1.24855126521133,0.527876910480353,-5.56079894381511,0.00556482942286824,0.00748923416568127
0.45,113.314694916068,108,-5.31485099752018,-5.53553986759894,0.0380179668470264,1.24855126521133,0.547222749684628,-5.54201095556153,0.0143823777475612,0.00755300370031333
0.466666666666667,113.31467194462,108,-5.31485099752018,-5.53749244045799,0.0449733042262558,1.24855126521133,0.566472465955395,-5.52478798991239,0.0217942400766969,0.00754597660659097
0.483333333333333,113.314646786631,108,-5.31485099752018,-5.53787007926058,0.050076630440064,1.24855126521133,0.585624110494405,-5.50900845960394,0.0279501684077666,0.00747878013824613
0.5,113.314619352323,108,-5.31485099752018,-5.53684207519019,0.0535664803780508,1.24855126521133,0.604675822645809,-5.49454283863374,0.0329897670161293,0.00736104024260587
0.516666666666667,113.314589555154,108,-5.31485099752018,-5.53456622540514,0.0556606118330923,1.24855126521133,0.623625827555418,-5.48126065210438,0.0370420112974451,0.00720140671914333
0.533333333333333,113.314557311948,108,-5.31485099752018,-5.53118930719387,0.0565563496020342,1.24855126521133,0.642472433882623,-5.46903533700148,0.0402251573824833,0.00700759597019557
0.55,113.314522543018,108,-5.31485099752018,-5.52684755471895,0.0564313366594439,1.24855126521133,0.661214031563866,-5.45774747342267,0.0426469334478418,0.00678644524585364
0.566666666666667,113.314485172258,107,-6.31485099752018,-5.52166713572736,0.0554445576094042,1.24855126521133,0.679849089626601,-5.44728678268951,0.0444049278768381,0.00654397374531068
0.583333333333333,113.314445127219,107,-6.31485099752018,-5.61193891336864,0.0537375314466604,1.24855126521133,0.698376154052701,-5.4375532053876,0.0455871088213791,0.0062854470941429
0.6,113.314402339167,107,-6.31485099752018,-5.6955325959393,0.0434342200367198,1.24855126521133,0.716793845690273,-5.46536235853596,0.0410815775785564,0.00576576264822094
0.616666666666667,113.314356743124,107,-6.31485099752018,-5.77276338446983,0.0281670151637048,1.24855126521133,0.735100858212884,-5.51839917257218,0.0331807459916371,0.00510782333825572
0.633333333333333,113.314308277893,107,-6.31485099752018,-5.84394347336638,0.0105524321898745,1.24855126521133,0.753295956125206,-5.58731188684935,0.0235508176300312,0.00439846901578755
0.65,113.314256886075,107,-6.31485099752018,-5.90938084406665,-0.00757391706620812,1.24855126521133,0.771377972814113,-5.66508931378265,0.0133742664433374,0.00369707274775952
0.666666666666667,113.314202514067,107,-6.31485099752018,-5.96937821047555,-0.0249710151543409,1.24855126521133,0.789345808644282,-5.74655913776931,0.003463166268766,0.0030423196332112
0.683333333333333,113.314145112054,107,-6.31485099752018,-6.02423210486563,-0.040845413253168,1.24855126521133,0.80719842909737,-5.82798491945664,-0.00565106209984622,0.00245752371506649
0.7,113.314084633989,106,-7.31485099752018,-6.07423209346696,-0.0547358283894026,1.24855126521133,0.824934862953848,-5.90674344215743,-0.0136469328525021,0.00195477264296978
0.716666666666667,113.314021037564,106,-7.31485099752018,-6.21583439898409,-0.0664231190257943,1.24855126521133,0.842554200516616,-5.98106731913214,-0.0203574879261362,0.00153813557400422
0.733333333333333,113.313954284169,106,-7.31485099752018,-6.3470750252152,-0.0838619345078551,1.24855126521133,0.860055591875501,-6.08674554686517,-0.0309180176549917,0.000956445364100326
0.75,113.313884338858,106,-7.31485099752018,-6.46843548631662,-0.10360249331161,1.24855126521133,0.877438245211801,-6.21091548537688,-0.0431292162584206,0.000323479225904618
0.766666666666667,113.313811170287,106,-7.31485099752018,-6.58039348882808,-0.123275479302151,1.24855126521133,0.894701425142018,-6.3440300159627,-0.0554628635203105,-0.000284767080874745
0.783333333333333,113.313734750663,106,-7.31485099752018,-6.68342099960337,-0.141327754522523,1.24855126521133,0.911844451099963,-6.47913591537508,-0.0669006983256698,-0.000820502742264918
0.8,113.313655055683,105,-8.31485099752018,-6.77798255188123,-0.156814636431166,1.24855126521133,0.928866695756435,-6.61129562187241,-0.076807307567642,-0.00125666432494905
0.816666666666667,113.313572064465,105,-8.31485099752018,-6.96070805941562,-0.169237599396574,1.24855126521133,0.945767583475651,-6.73712552442563,-0.0848303998487034,-0.00158111680428286
0.833333333333333,113.313485759478,105,-8.31485099752018,-7.12980522681991,-0.186419709792773,1.24855126521133,0.962546588807696,-6.89133378813534,-0.0960139055317551,-0.00204187202557508
0.85,113.313396126471,105,-8.31485099752018,-7.28592465194887,-0.204884010616153,1.24855126521133,0.97920323501619,-7.06038327221418,-0.1081342762138,-0.00252537881055236
0.866666666666667,113.31330315439,105,-8.31485099752018,-7.42970996201556,-0.222305218714615,1.24855126521133,0.995737092640455,-7.23435680811121,-0.119685503894018,-0.00295809135679729
0.883333333333333,113.313206835305,105,-8.31485099752018,-7.56179541046886,-0.237220309066897,1.24855126521133,1.01214777809143,-7.40615558240031,-0.129702252026776,-0.0032960279232848
0.9,113.313107164324,104,-9.31485099752018,-7.68280378104561,-0.248802020511968,1.24855126521133,1.02843495228067,-7.57085848380149,-0.137620892259459,-0.00351665739123294
0.916666666666667,113.313004139508,104,-9.31485099752018,-7.88951886338851,-0.256682764395543,1.24855126521133,1.0445983192816,-7.72521203393745,-0.143170985898519,-0.00361264234581353
0.933333333333333,113.312897761792,104,-9.31485099752018,-8.0802975831457,-0.268820140259881,1.24855126521133,1.06063762502254,-7.90413106362127,-0.151481983996585,-0.00383673680474169
0.95,113.31278803489,104,-9.31485099752018,-8.25593487742005,-0.28186839139359,1.24855126521133,1.07655265601061,-8.09433338124337,-0.160414984048357,-0.00407986043587603
0.966666666666667,113.312674965215,105,-8.31485099752018,-8.41721365258644,-0.293625460466797,1.24855126521133,1.09234323808602,-8.28618383429939,-0.168544636283751,-0.00427253029129144
0.983333333333333,113.312558561787,105,-8.31485099752018,-8.46872795961454,-0.302740662736633,1.24855126521133,1.108009235206,-8.47287700439628,-0.174980251927906,-0.0043743418756678
1,113.312438836144,105,-8.31485099752018,-8.51346712427374,-0.300485196200704,1.24855126521133,1.12355054825779,-8.61288013292746,-0.174034790594479,-0.00411614136198065
1.01666666666667,113.312315802255,105,-8.31485099752018,-8.55194769349793,-0.290100046489591,1.24855126521133,1.13896711390006,-8.71546131989691,-0.167719281886899,-0.00361207488447603
1.03333333333333,113.312189476431,106,-7.31485099752018,-8.58466081548042,-0.274134516724661,1.24855126521133,1.15425890343207,-8.78818530131833,-0.157627349375016,-0.00295069383531715
1.05,113.312059877237,106,-7.31485099752018,-8.51589830039248,-0.254576530979054,1.24855126521133,1.16942592169014,-8.83721303228866,-0.145012487961027,-0.00219990864655258
1.06666666666667,113.311927025401,107,-6.31485099752018,-8.44833937390886,-0.224958584553809,1.24855126521133,1.18446820597072,-8.83064522724806,-0.125661016146404,-0.0011613750022463
1.08333333333333,113.31179094373,108,-5.31485099752018,-8.28601071293603,-0.189970654782392,1.24855126521133,1.19938582497946,-8.78477470381604,-0.102548198167285,7.86603113468016e-06
1.1,113.311651657022,108,-5.31485099752018,-8.03514800385748,-0.145005617591292,1.24855126521133,1.21417887780584,-8.67525752842868,-0.0726594911802461,0.00144647699096999
1.11666666666667,113.31150919198,109,-4.31485099752018,-7.79791835564371,-0.0879755296847979,1.24855126521133,1.22884749292273,-8.48701743299305,-0.0345805948236476,0.0032094386626573
1.13333333333333,113.311363577124,110,-3.31485099752018,-7.47783094295609,-0.0265442062395359,1.24855126521133,1.24339182721037,-8.24881514220873,0.00678837209050168,0.00504534457062134
1.15,113.311214842713,111,-2.31485099752018,-7.08060169088935,0.0419807317369692,1.24855126521133,1.25781206500417,-7.94536927065744,0.0532001149836536,0.00703494777811926
1.16666666666667,113.311063020655,112,-1.31485099752018,-6.61170419844167,0.118559379594316,1.24855126521133,1.27210841716595,-7.56802152435466,0.105303386718833,0.00920199349887196
1.18333333333333,113.310908144433,112,-1.31485099752018,-6.0763691929272,0.202975903204006,1.24855126521133,1.28628112017801,-7.11300823377742,0.162988971704471,0.0115326178441597
1.2,113.310750249017,113,-0.314850997520182,-5.57575952380706,0.294257182509472,1.24855126521133,1.30033043525953,-6.58011033641846,0.225651624197565,0.0139897662288526
1.21666666666667,113.310589370791,114,0.685149002479818,-5.01238566131384,0.38298203635451,1.24855126521133,1.31425664750487,-6.00851137175001,0.287194967742574,0.0162740509464185
1.23333333333333,113.310425547472,114,0.685149002479818,-4.39097468179409,0.471032249988376,1.24855126521133,1.32806006504329,-5.38994579195644,0.34877894427891,0.0184495957873187
1.25,113.310258818036,115,1.68514900247982,-3.81219926352008,0.559228104347743,1.24855126521133,1.34174101821955,-4.72017994360233,0.410892234356902,0.0205451368876944
1.26666666666667,113.310089222644,115,1.68514900247982,-3.17809412753421,0.639671789874237,1.24855126521133,1.35529985879503,-4.03483341633956,0.468375713524536,0.0223163619413892
1.28333333333333,113.309916802565,116,2.68514900247982,-2.58910007947957,0.715530223272813,1.24855126521133,1.36873695916882,-3.32248967603531,0.523187360695275,0.0238731121371981
1.3,113.309741600111,116,2.68514900247982,-1.94703300862549,0.780698442476887,1.24855126521133,1.38205271161849,-2.61304465022734,0.571300054630089,0.0250320353985945
1.31666666666667,113.309563658562,116,2.68514900247982,-1.35212758716919,0.808299954415797,2.05685121962713,1.40162589117652,-1.89727917842552,0.581569586634699,0.0259529668877628
1.33333333333333,113.309382995719,117,3.68514900247982,-0.774054178904979,0.800466748072668,2.049018013284,1.42645375748298,-1.24235266839667,0.557833157816913,0.0265750066950731
1.35,113.3091989524,117,3.68514900247982,-0.0899582974564004,0.799915753368246,1.24855126521133,1.4486407179112,-0.630053673716621,0.544572694247784,0.0270249718619609
1.36666666666667,113.309008343987,117,3.68514900247982,0.565840638932484,0.800036031775826,2.04858729698716,1.47195978580831,-0.00289898793454346,0.529343875628677,0.0276821766254737
1.38333333333333,113.308804455789,117,3.68514900247982,1.19334431041521,0.79776663965407,1.24855126521133,1.49635049536742,0.621299318713529,0.510380013352257,0.0284366592958671
1.4,113.308577389329,117,3.68514900247982,1.79238410726425,0.801199384658149,2.04975064986948,1.51977181684431,1.23236602247308,0.497336807505064,0.0292245039154057
1.41666666666667,113.308314043775,117,3.68514900247982,2.36331395322338,0.801875693149636,2.05042695836097,1.54366245227481,1.82720291777072,0.481633715111124,0.0300014006987245
1.43333333333333,113.307998555166,117,3.68514900247982,2.93412514638343,0.800384002291922,2.04893526750325,1.56770614843165,2.40055923730818,0.46432681956061,0.0307379577300059
1.45,113.307611712763,117,3.68514900247982,3.50199903208042,0.800996270786651,2.04954753599798,1.59139824949479,2.95935090241867,0.449258093385522,0.0314918050645785
1.46666666666667,113.307130212021,117,3.68514900247982,4.06443588903657,0.801383350369769,2.0499346155811,1.61539316930515,3.50957349824409,0.433505649069337,0.0322901026164075
1.48333333333333,113.306526333587,117,3.68514900247982,4.61929928465114,0.803224650705234,2.05177591591656,1.63941447267944,4.05194249058308,0.418768748500001,0.0331419098270861
1.5,113.305767919595,117,3.68514900247982,5.16476495113982,0.800972486805634,2.04952375201696,1.66459257371117,4.5873324018109,0.399040694801304,0.0340465221662158
1.51666666666667,113.304818541813,117,3.68514900247982,5.69916087890039,0.801142507865493,2.04969377307682,1.68960778501319,5.11128550752133,0.381420532931316,0.0350044380132002
1.53333333333333,113.303637790814,117,3.68514900247982,6.22099378643092,0.803552091193207,2.05210335640454,1.71449726311808,5.62555701427855,0.365713401323247,0.0360137308852386
1.55,113.30218163799,117,3.68514900247982,6.72915607915696,0.807778899957805,2.05633016516913,1.73929301217307,6.13051041906978,0.351580659628465,0.037064305534989
1.56666666666667,113.300402837041,116,2.68514900247982,7.22286836291529,0.813318707489607,2.06186997270094,1.76401927725874,6.62568756085828,0.338645529564398,0.0381427077855953
1.58333333333333,113.298251342146,116,2.68514900247982,7.6054411630999,0.819681685163999,2.06823295037533,1.78869203739469,7.11021967064485,0.326555544146059,0.0392351624840558
1.6,113.295674726971,116,2.68514900247982,7.97880057617939,0.818783856077777,2.06733512128911,1.81325018257348,7.54631430493343,0.310192598470393,0.0400795140510203
1.61666666666667,113.292618593733,115,1.68514900247982,8.34230325866803,0.814239418136758,2.06279068334809,1.8376032077878,7.94573049096112,0.292021179596978,0.0407834347290143
1.63333333333333,113.289026965123,115,1.68514900247982,8.59887182357489,0.808405791674955,2.05695705688628,1.86170998148143,8.31736137498524,0.273611596688811,0.0414190324501314
1.65,113.28484265451,115,1.68514900247982,8.84982088229984,0.803290791376405,2.05184205658774,1.88381683036254,8.63198310518498,0.259980188324149,0.0417807698780422
1.66666666666667,113.28000761167,114,0.685149002479818,9.094148988548,0.801543201410051,2.05009446662138,1.90415671963816,8.91555790354378,0.252182443460326,0.0419925322710271
1.68333333333333,113.274463242728,114,0.685149002479818,9.23496378143695,0.798844197400455,1.24855126521133,1.92392370540736,9.18155564248949,0.244760709432965,0.0421056766472076
1.7,113.268150730259,113,-0.314850997520182,9.34618540739875,0.798870335797414,1.24855126521133,1.94092545023641,9.39885403708619,0.244741003653173,0.0418997767569165
1.71666666666667,113.261011950543,113,-0.314850997520182,9.3065806384338,0.799434028038237,1.24855126521133,1.95581256195157,9.57937239596433,0.249142779065159,0.0414136938672488
1.73333333333333,113.252991582297,112,-1.31485099752018,9.22404838731626,0.794036614927651,1.24855126521133,1.96791597434494,9.68261220572652,0.255045797298475,0.0403482654735513
1.75,113.244038940552,112,-1.31485099752018,9.00748451389389,0.784148047045227,1.24855126521133,1.97734976522485,9.72767921277194,0.262878324547915,0.0387806536366913
1.76666666666667,113.23410906342,112,-1.31485099752018,8.76383184882575,0.750795612227147,1.24855126521133,1.98663152024495,9.67792819164987,0.254811588801769,0.0365235967588614
1.78333333333333,113.223163276512,111,-2.31485099752018,8.49723057542206,0.699520889501545,1.24855126521133,1.99576368960415,9.54635725174889,0.23427764625052,0.0337755517287549
1.8,113.211169402212,111,-2.31485099752018,8.11530937424123,0.635194001800471,1.24855126521133,2.00474868401452,9.34539127314254,0.204327850267937,0.0307070716453551
1.81666666666667,113.198101729562,110,-3.31485099752018,7.72378971295371,0.554019223920865,1.24855126521133,2.01358887533769,9.04975141007173,0.162438105467582,0.0272122856416903
1.83333333333333,113.183940822629,110,-3.31485099752018,7.22946295957142,0.463088082573139,1.24855126521133,2.02228659721092,8.68236673871488,0.113122903642101,0.0235290052908985
1.85,113.168673223061,109,-4.31485099752018,6.73724281283561,0.359894747063939,1.24855126521133,2.03084414566309,8.22530773146778,0.0547334917100159,0.0195870904639283
1.86666666666667,113.152291086323,109,-4.31485099752018,6.1531431716369,0.252145095757982,1.24855126521133,2.03926377972082,7.70643695940309,-0.00777046065869977,0.0156376622089662
1.88333333333333,113.134791779964,108,-5.31485099752018,5.58133109062883,0.137469649312531,1.24855126521133,2.04754772200479,7.11092809716701,-0.0759004453910629,0.0116084329676009
1.9,113.11617746424,108,-5.31485099752018,4.92710496642791,0.0233837463370007,1.24855126521133,2.05569815931638,6.4683782801343,-0.144773410055999,0.00773819030951025
1.91666666666667,113.09645466964,107,-6.31485099752018,4.29394762265745,-0.0928851540336809,1.24855126521133,2.06371724321498,5.76468908978901,-0.216119700655873,0.00393606592488657
1.93333333333333,113.075633881562,107,-6.31485099752018,3.58650445795164,-0.204351851203242,1.24855126521133,2.07160709058593,5.029460936789,-0.28536341339617,0.00041891638072625
1.95,113.053729139213,107,-6.31485099752018,2.90763634358033,-0.314383295777639,1.24855126521133,2.07936978419928,4.24809215363654,-0.354590308460924,-0.0029273201651047
1.96666666666667,113.030757653407,106,-7.31485099752018,2.25757173942601,-0.416607768828365,1.24855126521133,2.08700737325961,3.44934057902964,-0.419599003698322,-0.00590877933513383
1.98333333333333,113.006739446203,106,-7.31485099752018,1.5401985483073,-0.506991782695835,1.24855126521133,2.09452187394696,2.65445453412391,-0.477657316960953,-0.00841164645606604
2,112.981697013977,106,-7.31485099752018,0.85766819899436,-0.591254074424246,1.24855126521133,2.101915269949,1.84187803584177,-0.532333606051123,-0.0106306740648118
2.01666666666667,112.955655014568,106,-7.31485099752018,0.209546024112356,-0.664878843591047,1.24855126521133,2.10918951298472,1.0345924201618,-0.580609109512924,-0.012434358423347
2.03333333333333,112.928639978438,106,-7.31485099752018,-0.404724374692728,-0.725280166585508,1.24855126521133,2.11634652331959,0.249060540911181,-0.62068587344688,-0.0137562823794648
2.05,112.900680043285,106,-7.31485099752018,-0.985805166175533,-0.771288071507473,1.24855126521133,2.12338819027246,-0.503321388609201,-0.651670687216127,-0.0145767655941849
2.06666666666667,112.871804711202,106,-7.31485099752018,-1.53444954392526,-0.794182955952731,1.24855126521133,2.12858114693014,-1.21388234962552,-0.664066919644186,-0.0149089712312212
2.08333333333333,112.84204462728,106,-7.31485099752018,-2.05148813618852,-0.795213367855968,1.24855126521133,2.1319259582434,-1.86244399591478,-0.658689826464805,-0.0148164742776936
2.1,112.811431378342,106,-7.31485099752018,-2.53781651226306,-0.793098476546078,1.24855126521133,2.136744101497,-2.46086060666426,-0.654619710452218,-0.0143850081552654
2.11666666666667,112.779997310519,106,-7.31485099752018,-2.99438372765106,-0.790545137198745,1.24855126521133,2.14334642246563,-3.01926048121108,-0.654113877294046,-0.0136601013207326
2.13333333333333,112.747775364316,106,-7.31485099752018,-3.42218185134217,-0.77887414432364,1.24855126521133,2.14984413357424,-3.53786730864011,-0.647408634295443,-0.0126718809779295
2.15,112.714798925789,107,-6.31485099752018,-3.82223641992724,-0.7589714475849,1.24855126521133,2.15623889161321,-4.01584829070211,-0.635017358219595,-0.0114577899072964
2.16666666666667,112.681101692606,107,-6.31485099752018,-4.09942347722298,-0.73189437003749,1.24855126521133,2.1625323271444,-4.45350948497472,-0.617575903031341,-0.0100593529729514
2.18333333333333,112.646717553693,107,-6.31485099752018,-4.35704804224038,-0.690777260224229,1.24855126521133,2.16872604491618,-4.81506308407297,-0.590592198283188,-0.00826943572609953
2.2,112.611680481315,107,-6.31485099752018,-4.59597084312949,-0.640288890680773,1.24855126521133,2.1748216242719,-5.11441960277595,-0.557006107398022,-0.00624840334494853
2.21666666666667,112.576024434519,107,-6.31485099752018,-4.81705091138599,-0.584059631190953,1.24855126521133,2.18082061955189,-5.3628983614779,-0.51912703802297,-0.00411854297081337
2.23333333333333,112.539783272876,107,-6.31485099752018,-5.02114154784345,-0.524883373670124,1.24855126521133,2.18672456048915,-5.56970136529118,-0.478754210295033,-0.00197168867056519
2.25,112.502990679626,107,-6.31485099752018,-5.20908675517589,-0.464882603957796,1.24855126521133,2.19253495259866,-5.74230310623473,-0.437275207046291,0.000124566625182635
2.26666666666667,112.465680093325,107,-6.31485099752018,-5.3817181037346,-0.405643096182258,1.24855126521133,2.19825327756073,-5.88677078088852,-0.395746597155302,0.00212182159099209
2.28333333333333,112.427884647214,107,-6.31485099752018,-5.53985199901993,-0.348323597913581,1.24855126521133,2.20388099359804,-6.00802697705044,-0.354959777915979,0.00398677191206616
2.3,112.389637115591,107,-6.31485099752018,-5.68428732056166,-0.293744952259343,1.24855126521133,2.20941953584697,-6.11006484665817,-0.315494644588013,0.00569789904130918
2.31666666666667,112.350969866507,107,-6.31485099752018,-5.81580340344187,-0.242462335888503,1.24855126521133,2.21487031672284,-6.1961240831179,-0.277763247566809,0.00724280054717089
2.33333333333333,112.311914820201,107,-6.31485099752018,-5.93515833513815,-0.194823654143539,1.24855126521133,2.22023472627953,-6.2688346042909,-0.242045225070891,0.00861604505855012
2.35,112.272503412727,107,-6.31485099752018,-6.04308754178503,-0.15101660452023,1.24855126521133,2.22551413256331,-6.33033366163161,-0.208516489492929,0.0098174553636732
2.36666666666667,112.232766564269,107,-6.31485099752018,-6.14030263934566,-0.111106479944319,1.24855126521133,2.23070988196113,-6.38236111267707,-0.177272388212364,0.0108507402572105
2.38333333333333,112.192734651708,107,-6.31485099752018,-6.22749052654755,-0.0750664184656104,1.24855126521133,2.23582329954339,-6.4263367758286,-0.148346346029023,0.0117224098418322
2.4,112.152437485028,107,-6.31485099752018,-6.30531269776471,-0.0428015036875853,1.24855126521133,2.24085568940126,-6.46342310596226,-0.121724819173249,0.0124409206681588
2.41666666666667,112.111904287204,107,-6.31485099752018,-6.37440475531895,-0.0141678699768482,1.24855126521133,2.24580833497868,-6.49457586408262,-0.0973592439945784,0.013016006750866
2.43333333333333,112.071163677232,107,-6.31485099752018,-6.43537610192488,0.0110122405009171,1.24855126521133,2.25068249939916,-6.52058498492505,-0.0751755418418605,0.013458160470958
2.45,112.030243656004,107,-6.31485099752018,-6.48880979521269,0.0329386929008667,1.24855126521133,2.25547942578732,-6.54210745715341,-0.0550816410742244,0.013778233950516
2.46666666666667,111.989171594767,107,-6.31485099752018,-6.53526254743069,0.0518243121148405,1.24855126521133,2.26020033758539,-6.55969370824043,-0.0369733940366385,0.013987136904637
2.48333333333333,111.947974225903,107,-6.31485099752018,-6.57526485455233,0.0678878539937406,1.24855126521133,2.26484643886473,-6.57380871909259,-0.0207391982359187,0.0140956114341153
2.5,111.90667763583,107,-6.31485099752018,-6.60932124009162,0.081348672707284,1.24855126521133,2.26941891463237,-6.58484887265967,-0.00626357439420954,0.01411406788678
2.51666666666667,111.865307259804,107,-6.31485099752018,-6.63791059996457,0.0924227403700208,1.24855126521133,2.27391893113274,-6.59315535835952,0.00657009251998867,0.0140524689226122
2.53333333333333,111.823887878454,107,-6.31485099752018,-6.66148663572249,0.101319739774345,1.24855126521133,2.27834763614458,-6.59902480364708,0.0178774814915264,0.0139202513819818
2.55,111.782443615877,107,-6.31485099752018,-6.68047836442661,0.108241004138183,1.24855126521133,2.28270615927325,-6.60271768003734,0.0277717965628363,0.0137262775723722
2.56666666666667,111.740997939151,107,-6.31485099752018,-6.69529069433161,0.113378121225576,1.24855126521133,2.28699561223826,-6.6044649288329,0.0363626503248053,0.0134788092354817
2.58333333333333,111.699573659117,107,-6.31485099752018,-6.7063050563999,0.116912054716538,1.24855126521133,2.29121708915644,-6.60447316793915,0.0437552804126977,0.0131854987988419
2.6,111.658192932326,107,-6.31485099752018,-6.71388008247823,0.119012664685208,1.24855126521133,2.29537166682045,-6.60292877233867,0.0500500269077736,0.0128533936081144
2.61666666666667,111.616877264018,107,-6.31485099752018,-6.71835232173596,0.119838532650171,1.24855126521133,2.29946040497303,-6.60000106443132,0.055342012651898,0.0124889497227444
2.63333333333333,111.575647512044,107,-6.31485099752018,-6.72003698768868,0.119537015846325,1.24855126521133,2.30348434657679,-6.59584480435943,0.0597209799758684,0.0120980525756391
2.65,111.534523891635,107,-6.31485099752018,-6.71922872881544,0.118244470926657,1.24855126521133,2.30744451807985,-6.59060213282742,0.0632712466879958,0.011686042377537
2.66666666666667,111.493525980923,107,-6.31485099752018,-6.71620241642122,0.116086599889912,1.24855126521133,2.31134192967718,-6.58440408829788,0.0660717517528086,0.0112577426139311
2.68333333333333,111.452672727153,107,-6.31485099752018,-6.71121394400203,0.113178881186929,1.24855126521133,2.31517757556785,-6.57737179556194,0.0681961672288537,0.0108174903575682
2.7,111.411982453498,107,-6.31485099752018,-6.70450103293704,0.109627057130233,1.24855126521133,2.31895243420821,-6.5696174025159,0.0697130579921064,0.0103691674197407
2.71666666666667,111.371472866424,107,-6.31485099752018,-6.69628403986386,0.105527655285256,1.24855126521133,2.32266746856106,-6.56124482567791,0.0706860747640315,0.00991623160285858
2.73333333333333,111.331161063532,107,-6.31485099752018,-6.68676676158932,0.100968526759049,1.24855126521133,2.32632362634086,-6.55235035184788,0.0711741691691561,0.00946174750666057
2.75,111.29106354184,107,-6.31485099752018,-6.67613723385097,0.0960293884714273,1.24855126521133,2.32992184025513,-6.54302313277079,0.0712318221127474,0.00900841649032542
2.76666666666667,111.251196206433,107,-6.31485099752018,-6.6645685206751,0.0907823597972421,1.24855126521133,2.33346302824189,-6.53334560123033,0.0709092788152164,0.00855860551040733
2.78333333333333,111.211574379455,107,-6.31485099752018,-6.65221949147686,0.0852924865732719,1.24855126521133,2.33694809370351,-6.52339383028383,0.0702527854649225,0.00811437464624528
2.8,111.172212809381,107,-6.31485099752018,-6.63923558341855,0.0796182475049569,1.24855126521133,2.34037792573676,-6.513237852027,0.069304823735924,0.00767750319542501
2.81666666666667,111.133125680551,107,-6.31485099752018,-6.62574954688438,0.073812039597747,1.24855126521133,2.34375339935922,-6.50294194808245,0.0681043404279538,0.00724951427618645
2.83333333333333,111.09432662291,107,-6.31485099752018,-6.61188217224562,0.0679206404654409,1.24855126521133,2.34707537573217,-6.49256492072193,0.0666869702763548,0.00683169791476241
2.85,111.05582872193,107,-6.31485099752018,-6.59774299638045,0.0619856463068951,1.24855126521133,2.35034470237985,-6.48216035098085,0.0650852505937459,0.00642513262625384
2.86666666666667,111.017644528689,107,-6.31485099752018,-6.58343098767907,0.0560438850523039,1.24855126521133,2.35356221340542,-6.4717768481592,0.0633288268784277,0.00603070552001324
2.88333333333333,110.979786070066,106,-7.31485099752018,-6.56903520850827,0.0501278047089358,1.24855126521133,2.35672872970328,-6.46145829360665,0.0614446488858478,0.00564913097640854
2.9,110.942264859034,106,-7.31485099752018,-6.65080974181057,0.0442658373225132,1.24855126521133,2.35984505916825,-6.45124408056637,0.0594571569321855,0.00528096795270988
2.91666666666667,110.90509190503,106,-7.31485099752018,-6.72658798612631,0.0304813633559903,1.24855126521133,2.36291199690126,-6.47807440444258,0.0521976107989093,0.00467695600183944
2.93333333333333,110.868277724373,106,-7.31485099752018,-6.79664943036107,0.0123176979545234,1.24855126521133,2.36593032541193,-6.52974421283696,0.0419077892735982,0.00395633964028146
2.95,110.83183235071,105,-8.31485099752018,-6.86127126485253,-0.0076872297957658,1.24855126521133,2.36890081481784,-6.59699784564167,0.0302089683149983,0.00320275139389802
2.96666666666667,110.795765345483,105,-8.31485099752018,-7.0169015574536,-0.0277669011064135,1.24855126521133,2.3718242230407,-6.67290716125035,0.0182438922274109,0.0024727619077147
2.98333333333333,110.760085808379,105,-8.31485099752018,-7.16157195950308,-0.0547422325693629,1.24855126521133,2.37470129599941,-6.78927588169594,0.00159875841661483,0.00155293532220742
3,110.724802387776,104,-9.31485099752018,-7.29576304326343,-0.0843507870231466,1.24855126521133,2.37753276780005,-6.93019137122693,-0.0170039794237898,0.000583415417224893
3.01666666666667,110.689923291138,104,-9.31485099752018,-7.51612890542935,-0.113657830939934,1.24855126521133,2.38031936092286,-7.08379746750898,-0.0356665217913121,-0.00034209738808818
3.03333333333333,110.655456295375,103,-10.3148509975202,-7.72090857373196,-0.148734762667624,1.24855126521133,2.38306178640632,-7.27832109942638,-0.0583097588052572,-0.00141431432078853
3.05,110.621408757135,103,-10.3148509975202,-8.0069644670717,-0.18488033163865,1.24855126521133,2.38576074402822,-7.4953215879455,-0.0819143022655127,-0.00248089317056072
3.06666666666667,110.587787623033,103,-10.3148509975202,-8.27274535228987,-0.226948837252827,1.24855126521133,2.38841692248395,-7.75812717587907,-0.109620411921698,-0.00369313921453394
3.08333333333333,110.554599439794,102,-11.3148509975202,-8.51914933289994,-0.269437277971958,1.24855126521133,2.39103099956191,-8.04471849150013,-0.137887313813212,-0.00487367986847549
3.1,110.521850364311,102,-11.3148509975202,-8.8432463570785,-0.308706759337968,1.24855126521133,2.39360364231621,-8.33896677832453,-0.164337794245663,-0.0059096889623885
3.11666666666667,110.4895461736,101,-12.3148509975202,-9.14368776471708,-0.350513289532726,1.24855126521133,2.39613550723655,-8.66623444878907,-0.192661287251216,-0.00698560511438604
3.13333333333333,110.457692274657,101,-12.3148509975202,-9.51774310745767,-0.390114931193828,1.24855126521133,2.3986272404155,-9.00628622244927,-0.219784282743741,-0.00795164806930399
3.15,110.426293714198,100,-13.3148509975202,-9.86426166902774,-0.432512642433982,1.24855126521133,2.40107947771306,-9.38145850644484,-0.248915852711726,-0.00896747565662715
3.16666666666667,110.395355188282,100,-13.3148509975202,-10.2807084935974,-0.472471229383189,1.24855126521133,2.40349284491867,-9.76933292507845,-0.276665467944915,-0.0098675820380483
3.18333333333333,110.364881051817,99,-14.3148509975202,-10.666125212504,-0.514692616395682,1.24855126521133,2.40586795791064,-10.1907156307825,-0.306047146042699,-0.0108025266207106
3.2,110.334875327928,99,-14.3148509975202,-11.1181654698157,-0.553784161330641,1.24855126521133,2.40820542281303,-10.6221593492086,-0.333564902060857,-0.0116024550890572
3.21666666666667,110.305341717203,98,-15.3148509975202,-11.536055230171,-0.59439121857639,1.24855126521133,2.41050583615009,-11.0838224523144,-0.362191750020074,-0.0124168890944064
3.23333333333333,110.276283606795,98,-15.3148509975202,-12.0176277627955,-0.631134241112016,1.24855126521133,2.41276978499822,-11.5518960072491,-0.388435769855903,-0.0130771548193725
3.25,110.247704079393,97,-16.3148509975202,-12.4622835788957,-0.668717653011365,1.24855126521133,2.41499784713555,-12.0463881892688,-0.415304306742815,-0.0137353533794523
3.26666666666667,110.219605922041,97,-16.3148509975202,-12.9680251104264,-0.701849192676537,1.24855126521133,2.41719059118915,-12.5434930059938,-0.439358861782189,-0.0142261841133091
3.28333333333333,110.191991634825,97,-16.3148509975202,-13.4344164018431,-0.735335677728172,1.24855126521133,2.41934857677991,-13.0633294651149,-0.463670970012456,-0.0147054762972483
3.3,110.164863439406,96,-17.3148509975202,-13.8634433100865,-0.763992864483867,1.24855126521133,2.4214723546651,-13.5822754880543,-0.484871004505184,-0.0150117024512301
3.31666666666667,110.138223287402,96,-17.3148509975202,-14.353233662036,-0.78473315562649,1.24855126521133,2.4235624668787,-14.0837755047898,-0.500908857541634,-0.0150546186471671
3.33333333333333,110.112072868634,96,-17.3148509975202,-14.8034648531564,-0.794259356283506,1.24855126521133,2.42363722779692,-14.5895760926516,-0.505366638926911,-0.0150474669252735
3.35,110.086413619198,96,-17.3148509975202,-15.2162247996514,-0.798714561941391,0.449836703269939,2.42359172657091,-15.0747779888723,-0.506337370433011,-0.0148956019278444
3.36666666666667,110.061246755138,95,-18.3148509975202,-15.621351006373,-0.743998688395444,0.504552576815886,2.41267371576901,-15.5096959513812,-0.445844160239438,-0.0145797722733341
3.38333333333333,110.036573934637,95,-18.3148509975202,-16.1395847261368,-0.692898713540289,0.555652551671041,2.40261811311895,-15.8868163099039,-0.389879608086628,-0.0142692167933095
3.4,110.012399156284,95,-18.3148509975202,-16.6611045880633,-0.65859993361457,0.58995133159676,2.39324770146479,-16.2750000266237,-0.346584153488429,-0.014401602351176
3.41666666666667,109.988730387809,95,-18.3148509975202,-17.1800312722885,-0.639142146476029,0.609409118735301,2.38430121450621,-16.6809485172282,-0.314212903623483,-0.0149394683212497
3.43333333333333,109.965580397425,95,-18.3148509975202,-17.6922347253823,-0.631740812638121,0.616810452573209,2.37555763026241,-17.1052145839691,-0.290569317691835,-0.0158150613103033
3.45,109.942967049335,95,-18.3148509975202,-18.1949996478964,-0.633468777858666,0.615082487352665,2.36684386974676,-17.5448809917693,-0.273454743482578,-0.0169514598541793
3.46666666666667,109.920913329882,95,-18.3148509975202,-18.6866869058797,-0.641648498494997,0.606902766716333,2.35803366580868,-17.9954288589657,-0.260916719285376,-0.0182752622224645
3.48333333333333,109.899447233011,94,-19.3148509975202,-19.1664302035889,-0.654040808635312,0.594510456576018,2.34904168292512,-18.4519507838538,-0.251358559302345,-0.0197232048129658
3.5,109.878601563998,94,-19.3148509975202,-19.7300600997112,-0.66890036073709,0.57965090447424,2.33981566920028,-18.9098671232138,-0.243560167503321,-0.0212446932923066
3.51666666666667,109.858413705443,94,-19.3148509975202,-20.2753243948217,-0.692611375364547,0.555939889846783,2.33025886670811,-19.4020780969846,-0.241469104304523,-0.0230515741464155
3.53333333333333,109.83892538246,95,-18.3148509975202,-20.8028803744848,-0.720350737128225,0.528200528083105,2.32026912729808,-19.912786673712,-0.241807999610717,-0.0249993180530271
3.55,109.820182496493,95,-18.3148509975202,-21.217672949686,-0.748963683959881,0.499587581251449,2.309810161686,-20.4299921901221,-0.242486795033136,-0.0269905895512604
3.56666666666667,109.802235106099,95,-18.3148509975202,-21.6231886599473,-0.768910147264144,0.479641117947187,2.29895663075205,-20.9083305921752,-0.237484479969533,-0.0287151917673247
3.58333333333333,109.785137541977,95,-18.3148509975202,-22.0201281770642,-0.783176883291867,0.465374381919464,2.28782959865185,-21.3547957389076,-0.228923253636798,-0.0302577000571728
3.6,109.768948715833,95,-18.3148509975202,-22.4086607030822,-0.794020462634222,0.454530802577108,2.27650658349685,-21.7755929533025,-0.218378121417672,-0.0316834562404262
3.61666666666667,109.753732653569,95,-18.3148509975202,-22.7886627381181,-0.803045917428524,0.445505347782806,2.26503309074995,-22.1758195462658,-0.206948591484509,-0.0330399816660184
3.63333333333333,109.739559386267,95,-18.3148509975202,-23.1598844076753,-0.811322587640721,0.437228677570609,2.25343249464773,-22.5594138034071,-0.195351040832046,-0.0343597422546587
3.65,109.726506317682,96,-17.3148509975202,-23.5220571564478,-0.819507614591403,0.429043650619927,2.24171390923942,-22.9292577130882,-0.184012219477443,-0.0356633520943934
3.66666666666667,109.714660382723,96,-17.3148509975202,-23.7787826686361,-0.827959916649013,0.420591348562317,2.22987807486243,-23.287353002614,-0.173152983758882,-0.036962662540133
3.68333333333333,109.704121703316,96,-17.3148509975202,-24.0321506718158,-0.829176142774619,0.419375122436711,2.21799102343288,-23.5982279765589,-0.158035746760462,-0.0380136655185741
3.7,109.695010384738,97,-16.3148509975202,-24.2816165459482,-0.827137352184198,0.421413913027132,2.20614039227518,-23.8754270683303,-0.141354846748758,-0.0389360608735773
3.71666666666667,109.687480208597,97,-16.3148509975202,-24.4301761401334,-0.824407818138919,0.424143447072411,2.19435975766188,-24.1291585320397,-0.124799846729617,-0.0398092911236517
3.73333333333333,109.681729709002,98,-15.3148509975202,-24.5792141135144,-0.81482635958199,0.43372490562934,2.18271875998592,-24.3299051429915,-0.104496632840346,-0.0404320543798666
3.75,109.677975048006,98,-15.3148509975202,-24.6313444976178,-0.803090000403135,0.445461264808195,2.17129176166241,-24.4952757068012,-0.0835720250240091,-0.0409482867470901
3.76666666666667,109.676419457466,99,-14.3148509975202,-24.6874166103543,-0.78439314994833,0.464158115263001,2.1601604082152,-24.6012717959405,-0.0590396483076388,-0.0411990124799666
3.78333333333333,109.67723841004,99,-14.3148509975202,-24.6494958806548,-0.764208255152381,0.48434301005895,2.14939354685791,-24.6693812199539,-0.034511245185643,-0.041353562945496
3.8,109.680575029312,100,-13.3148509975202,-24.6179477748995,-0.738098252009291,0.51045301320204,2.13905795891995,-24.6781598223142,-0.00720835544952526,-0.0412661993800563
3.81666666666667,109.686540611875,101,-12.3148509975202,-24.4944536096214,-0.711638120203205,0.536913145008125,2.12920383565445,-24.6506453396568,0.0192260908534534,-0.0411113174808529
3.83333333333333,109.695217382541,101,-12.3148509975202,-24.2829275547978,-0.680334695600638,0.568216569610692,2.1198790068893,-24.5662269105971,0.0476410601819686,-0.0407431780349957
3.85,109.706662143279,102,-11.3148509975202,-24.0832843706389,-0.641965040846632,0.606586224364698,2.11118591495482,-24.4115066741106,0.0793346493701622,-0.040083610425026
3.86666666666667,109.720910043892,103,-10.3148509975202,-23.7966208076544,-0.603479105915314,0.645072159296017,2.10318082521937,-24.2154462145188,0.10977407872834,-0.0393504965910109
3.88333333333333,109.737978125418,104,-9.31485099752018,-23.4262744666083,-0.561141782529566,0.687409482681765,2.09590012857415,-23.96154639801,0.141344651760283,-0.0384234701709369
3.9,109.757868413396,104,-9.31485099752018,-22.9754931536076,-0.513062566346055,0.735488698865276,2.08942594143843,-23.639080295796,0.175168836384647,-0.0372369271491821
3.91666666666667,109.780570504851,105,-8.31485099752018,-22.5434079812571,-0.458591059624794,0.789960205586536,2.08386060825074,-23.2418134137328,0.211539498123004,-0.035763082872073
3.93333333333333,109.806063687835,106,-7.31485099752018,-22.0303761173545,-0.405505080380965,0.843046184830365,2.07924062025874,-22.8035959348049,0.245430320655419,-0.0342481989055975
3.95,109.834318651522,106,-7.31485099752018,-21.4391216956008,-0.350393108071063,0.898158157140267,2.0755732455294,-22.3110395037242,0.279072108986107,-0.0325850008871934
3.96666666666667,109.865298848582,107,-6.31485099752018,-20.8686086649034,-0.291372725907033,0.957178539304297,2.0729088898425,-21.7552201181212,0.31363879825307,-0.0307110952451384
3.98333333333333,109.898961568407,108,-5.31485099752018,-20.2192501296591,-0.235285502206194,1.01326576300514,2.07125011122027,-21.1675911651874,0.344762692225218,-0.0288458851307651
4,109.935258773645,108,-5.31485099752018,-19.4939495430929,-0.17805026650681,1.07050099870452,2.07058355458402,-20.5328034410096,0.375138138290272,-0.0268625044278141
4.01666666666667,109.974137745404,108,-5.31485099752018,-18.791903578028,-0.116728039286997,1.13182322592433,2.07095338825687,-19.8404455959921,0.406217043147137,-0.0246851501375957
4.03333333333333,110.015541573861,109,-4.31485099752018,-18.1099188778753,-0.058536212158175,1.19001505305316,2.07236139972259,-19.1209370005395,0.4337935776327,-0.0225246484352429
4.05,110.059409489389,109,-4.31485099752018,-17.3488438437444,-0.00689006537867239,1.24166119983266,2.07472219966484,-18.395025149328,0.455847687091267,-0.0204988298915738
4.06666666666667,110.10567702447,109,-4.31485099752018,-16.608514616285,0.0445747039850874,1.29312596919642,2.07798167883464,-17.6391272417417,0.476603780206655,-0.0184113858776556
4.08333333333333,110.154276117166,109,-4.31485099752018,-15.8867348168018,0.0919284103144941,1.34047967552582,2.08209894641911,-16.8736539504165,0.493628742436306,-0.0163922916107786
4.1,110.205135202865,110,-3.31485099752018,-15.1816049795657,0.133314960254945,1.24855126521133,2.08698583714308,-16.112218953086,0.505899846513204,-0.0145095016745238
4.11666666666667,110.258179299289,110,-3.31485099752018,-14.4001647502248,0.181031000699003,1.24855126521133,2.0899147285103,-15.3574444857677,0.52715575123569,-0.0127957052419774
4.13333333333333,110.313330198037,110,-3.31485099752018,-13.6490385537397,0.231814081702932,1.24855126521133,2.09287079992788,-14.5747273079476,0.550933905150933,-0.0110433115889125
4.15,110.370506911428,110,-3.31485099752018,-12.9286207097431,0.280767552782989,1.24855126521133,2.09585240689593,-13.7843918596092,0.574055383446573,-0.00940711690330544
4.16666666666667,110.42962618315,110,-3.31485099752018,-12.2391118905983,0.324618747649721,1.24855126521133,2.09885795098584,-13.0017196615097,0.594355487896795,-0.00798564472323202
4.18333333333333,110.490602961757,110,-3.31485099752018,-11.5805391793194,0.361332724106886,1.24855126521133,2.10188587878038,-12.2379760814024,0.610448443717919,-0.00683518438367515
4.2,110.553350835883,110,-3.31485099752018,-10.9527748002606,0.389804873801651,1.24855126521133,2.10493468083606,-11.5012447205793,0.621539327139722,-0.00598087924326771
4.21666666666667,110.617782432816,110,-3.31485099752018,-10.3555535748228,0.409617608397238,1.24855126521133,2.10800289066728,-10.7971037511276,0.627274469094337,-0.00542542833054345
4.23333333333333,110.683809781928,110,-3.31485099752018,-9.78848915501074,0.420848961048679,1.24855126521133,2.11108908375181,-10.1291726136406,0.62762312527654,-0.00515586351249222
4.25,110.751344644482,110,-3.31485099752018,-9.25108908793167,0.423923122378694,1.24855126521133,2.1141918765572,-9.49955255940726,0.622784484013464,-0.0051487803386725
4.26666666666667,110.820298811501,110,-3.31485099752018,-8.74276876430007,0.419494734105171,1.24855126521133,2.11730992558775,-8.90918042650208,0.613115144816079,-0.00537433138985923
4.28333333333333,110.890584371531,110,-3.31485099752018,-8.26286430372523,0.408360254288462,1.24855126521133,2.12044192645152,-8.35811163844816,0.599073078908551,-0.00579923378759214
4.3,110.962113950226,110,-3.31485099752018,-7.81064442904546,0.391390938666661,1.24855126521133,2.12358661294709,-7.84574559222341,0.581174809161069,-0.00638899543560712
4.31666666666667,111.034800923721,110,-3.31485099752018,-7.38532138125712,0.369482996831301,1.24855126521133,2.12674275616958,-7.37100426307421,0.559963146352685,-0.00710952584421218
4.33333333333333,111.108559607771,111,-2.31485099752018,-6.98606092569646,0.343521316861391,1.24855126521133,2.12990916363566,-6.93247291632807,0.535983312994659,-0.00792826559925142
4.35,111.183305424606,111,-2.31485099752018,-6.51581721161084,0.314353838161312,1.24855126521133,2.13308467842704,-6.52851021380309,0.509765692936668,-0.00881494248335031
4.36666666666667,111.258955049362,111,-2.31485099752018,-6.07592742867234,0.290775591090354,1.24855126521133,2.13626817835217,-6.12042862477493,0.487004627175453,-0.00949236096322158
4.38333333333333,111.335426537873,111,-2.31485099752018,-5.66525319585193,0.269993086553839,1.24855126521133,2.13945857512575,-5.71860640302071,0.465946875392297,-0.0100549639066137
4.4,111.412639437504,111,-2.31485099752018,-5.28263637163092,0.250143866082353,1.24855126521133,2.1426548135657,-5.33044306933849,0.445417907903791,-0.0105647919117281
4.41666666666667,111.490514882603,111,-2.31485099752018,-4.92690688853998,0.230060397997502,1.24855126521133,2.14585587080719,-4.96101883148856,0.42467757038208,-0.011059992174931
4.43333333333333,111.568975675998,112,-1.31485099752018,-4.59688979489488,0.209085280413088,1.24855126521133,2.14906075553346,-4.61362288067263,0.403306660103792,-0.0115614292914671
4.45,111.647946357917,112,-1.31485099752018,-4.19523726782346,0.186927598935982,1.24855126521133,2.15226850722311,-4.2901750774557,0.381118365998105,-0.012077780599221
4.46666666666667,111.727353263525,112,-1.31485099752018,-3.82302054230282,0.171553552451288,1.24855126521133,2.15547819541341,-3.95465609368802,0.363280488444478,-0.0123597465260361
4.48333333333333,111.807124570218,112,-1.31485099752018,-3.47886869207969,0.159577216486835,1.24855126521133,2.15868891897939,-3.61941889120339,0.347659197559711,-0.0125212967802097
4.5,111.887190335703,112,-1.31485099752018,-3.16142195126899,0.14872233793859,1.24855126521133,2.16189980542846,-3.29330300004878,0.332810163413716,-0.0126377254803706
4.51666666666667,111.967482527769,113,-0.314850997520182,-2.86933717887289,0.137541166054505,1.24855126521133,2.16511001021006,-2.98241982209075,0.317806704370249,-0.0127557867998424
4.53333333333333,112.047935046616,113,-0.314850997520182,-2.50511836036175,0.125194702888399,1.24855126521133,2.16831871604023,-2.69078026750235,0.302104953145359,-0.0129015602173419
4.55,112.128483740486,113,-0.314850997520182,-2.16970709131065,0.119283512970035,1.24855126521133,2.1715251322407,-2.38388937838085,0.290629593787722,-0.0128368259591867
4.56666666666667,112.209066415294,113,-0.314850997520182,-1.86161997888555,0.116191728266663,1.24855126521133,2.17472849409218,-2.07518868018754,0.281089002629366,-0.0126819933220157
4.58333333333333,112.289622838885,114,0.685149002479818,-1.57940064957916,0.113512516384453,1.24855126521133,2.17792806220167,-1.77427415761863,0.271944060149973,-0.0125154536573656
4.6,112.370094740455,114,0.685149002479818,-1.22544967728668,0.109738889085417,1.24855126521133,2.1811231218834,-1.48776333887032,0.262219008259998,-0.0123847093302999
4.61666666666667,112.450425805685,114,0.685149002479818,-0.900614507532052,0.112023889978781,1.24855126521133,2.18431298255319,-1.18308203227089,0.256544170116765,-0.0120653120261092
4.63333333333333,112.530561667996,115,1.68514900247982,-0.603326314854235,0.116469117443366,1.24855126521133,2.18749697713591,-0.875060307478549,0.252437177785619,-0.0116857921872365
4.65,112.610449896383,115,1.68514900247982,-0.235877195282924,0.120506853775577,1.24855126521133,2.19067446148583,-0.574272879952351,0.24824519009153,-0.0113285643440146
4.66666666666667,112.690039980172,115,1.68514900247982,0.100989808599115,0.130558617673835,1.24855126521133,2.19384481381955,-0.251098278618422,0.248125869746914,-0.0107925712453405
4.68333333333333,112.769283311047,115,1.68514900247982,0.40894378040188,0.142243406856187,1.24855126521133,2.19700743416127,0.0774663485248824,0.249279680683174,-0.0102211237621509
4.7,112.848133162653,116,2.68514900247982,0.689614408051608,0.152696738767491,1.24855126521133,2.20016174380018,0.399289646190323,0.24985351377772,-0.00970507876375986
4.71666666666667,112.926544668051,116,2.68514900247982,1.04076254955257,0.16017853776371,1.24855126521133,2.20330718475966,0.706002049115725,0.248700542686129,-0.00929692582881132
4.73333333333333,113.004474795272,116,2.68514900247982,1.36169080728427,0.171769172308119,1.24855126521133,2.20644321927807,1.02902123318744,0.250383300417557,-0.00877199401920795
4.75,113.081882321191,117,3.68514900247982,1.65410717086742,0.183608759592743,1.24855126521133,2.20956932930102,1.35280795231893,0.25242432626732,-0.00825510423012197
4.76666666666667,113.158727803947,117,3.68514900247982,2.01584832402487,0.193241904206615,1.24855126521133,2.21268501598459,1.6664093666452,0.253225005022268,-0.0078227677297534
4.78333333333333,113.234973554065,117,3.68514900247982,2.3462901155876,0.207248183896382,1.24855126521133,2.21578979920965,1.99930917843443,0.257028863495604,-0.00726678690465914
4.8,113.310583604477,118,4.68514900247982,2.64721112295991,0.221429635089184,1.24855126521133,2.21888321710674,2.33454259430565,0.261140672636643,-0.0067227897805353
4.81666666666667,113.385523677625,118,4.68514900247982,3.01651590126349,0.233114731126961,1.24855126521133,2.22196482559143,2.66012680847226,0.263820388476136,-0.00627390007522964
4.83333333333333,113.459761129532,118,4.68514900247982,3.3536454162379,0.248756986967375,1.24855126521133,2.22503419791004,3.00482105972775,0.269226899937815,-0.00571548102911393
4.85,113.533264895539,119,5.68514900247982,3.66044058726718,0.264097670123218,1.24855126521133,2.22809092419522,3.35116996508482,0.274621874761219,-0.00518455129402289
4.86666666666667,113.606005463647,119,5.68514900247982,4.03486553193314,0.276450671500996,1.24855126521133,2.23113461103156,3.68687729172129,0.27825187709455,-0.00476412863570596
4.88333333333333,113.677954849364,119,5.68514900247982,4.37641800847302,0.292286504071637,1.24855126521133,2.23416488103069,4.04052133223928,0.284283027041414,-0.00424848329412935
4.9,113.749086569049,120,6.68514900247982,4.68699298092701,0.307383967142918,1.24855126521133,2.2371813724159,4.39456322999189,0.289997928408439,-0.0037729343902832
4.91666666666667,113.819375611973,120,6.68514900247982,5.06460589690226,0.319106770776668,1.24855126521133,2.24018373861594,4.73669349724854,0.293672581854038,-0.00341847332002699
4.93333333333333,113.888798411358,120,6.68514900247982,5.40880317296268,0.333981478337761,1.24855126521133,2.24317164786796,5.09552633157065,0.299507186124255,-0.00297721853362777
4.95,113.95733281456,120,6.68514900247982,5.72152581116316,0.34784481644046,1.24855126521133,2.24614478282922,5.4535918122469,0.304820258413595,-0.00258235307223484
4.96666666666667,114.024958052573,120,6.68514900247982,6.00465844800443,0.35811725699475,1.24855126521133,2.24910284019755,5.79867019609457,0.307923554764927,-0.00231284308127654
4.98333333333333,114.091654708995,121,7.68514900247982,6.26002622484886,0.363377543589229,1.24855126521133,2.25204553034028,6.12257203858513,0.307860657166663,-0.00220863296770136
5,114.157404688587,121,7.68514900247982,6.58556657806023,0.363033386880577,1.24855126521133,2.25497257693151,6.42016994838509,0.304203736664394,-0.00228230788083425
5.01666666666667,114.222200238934,121,7.68514900247982,6.88074099731615,0.365070086666181,1.24855126521133,2.25788371659756,6.72553868432711,0.302087610488761,-0.00227827843640722
5.03333333333333,114.286099670577,120,6.68514900247982,7.14739981069831,0.366333783651041,1.24855126521133,2.26077869857032,7.02530770688903,0.299486353034471,-0.00229774999013198
5.05,114.349179509392,120,6.68514900247982,7.29115801596134,0.364912855464776,1.24855126521133,2.26365728434857,7.31028600300865,0.295153857404042,-0.00239952343416496
5.06666666666667,114.411502458914,120,6.68514900247982,7.41597944760925,0.351796163167255,1.24855126521133,2.26651924736681,7.53757070723538,0.283223576398198,-0.00286179801291314
5.08333333333333,114.473119625432,120,6.68514900247982,7.52330898416474,0.330135213843805,1.24855126521133,2.26936437267167,7.71581229102499,0.265649807155834,-0.00357313006548108
5.1,114.534072386653,120,6.68514900247982,7.61452038757516,0.302517896465143,1.24855126521133,2.27219245660565,7.85250463263663,0.244051843909238,-0.00444357633023445
5.11666666666667,114.594393965123,119,5.68514900247982,7.6909172853115,0.271050451841628,1.24855126521133,2.27500330649806,7.95412480226755,0.219760951079119,-0.00540139584253595
5.13333333333333,114.654110753596,119,5.68514900247982,7.65756010266933,0.237429322745052,1.24855126521133,2.27779674036297,8.02625851081363,0.193861753706992,-0.00639017963391157
5.15,114.713243431968,118,4.68514900247982,7.61785380856355,0.195002518349507,1.24855126521133,2.28057258660407,8.0368071195461,0.162037721879177,-0.0076160423437091
5.16666666666667,114.771807908932,118,4.68514900247982,7.47650904622532,0.148348866097126,1.24855126521133,2.28333068372633,8.00213361374772,0.127206478560717,-0.00892716361375421
5.18333333333333,114.829816116226,118,4.68514900247982,7.33657916005696,0.0927983330434863,1.24855126521133,2.28607088005415,7.89815148771239,0.0863254639507882,-0.010465749854182
5.2,114.887276678825,118,4.68514900247982,7.19859754071944,0.0342312592998752,1.24855126521133,2.28879303345612,7.74707115529476,0.0431613392863715,-0.012039602792205
5.21666666666667,114.944195480673,117,3.68514900247982,7.06303004893749,-0.0232269984446432,1.24855126521133,2.29149701107602,7.56587516199152,0.000392312857026303,-0.0135181740733138
5.23333333333333,115.000576142428,117,3.68514900247982,6.83410577872665,-0.0767963352076744,1.24855126521133,2.29418268907006,7.36740273412501,-0.0401429481325408,-0.0148176125812098
5.25,115.056420425036,117,3.68514900247982,6.61440818621125,-0.132718091608919,1.24855126521133,2.29684995235019,7.12432022284689,-0.0824379005447561,-0.0161386504525512
5.26666666666667,115.111728570743,117,3.68514900247982,6.40401347498056,-0.186473557199524,1.24855126521133,2.29949869433332,6.85587216062387,-0.123557369975561,-0.0173390435885776
5.28333333333333,115.166499591317,116,2.68514900247982,6.20294388474741,-0.235107868561828,1.24855126521133,2.30212881669645,6.57635245451312,-0.161544681394118,-0.01833049503252
5.3,115.220731511673,116,2.68514900247982,5.91499915882869,-0.276838887583283,1.24855126521133,2.30474022913736,6.29617886551205,-0.195182527431479,-0.0190645447083245
5.31666666666667,115.274421575816,116,2.68514900247982,5.64234823061043,-0.318751548635395,1.24855126521133,2.30733284914101,5.98584934511492,-0.228995301648963,-0.0197712557637884
5.33333333333333,115.32756642091,116,2.68514900247982,5.38466803313792,-0.357033697304625,1.24855126521133,2.30990660175132,5.66267648183072,-0.260497812805467,-0.0203324032809381
5.35,115.38016222436,116,2.68514900247982,5.14159709100972,-0.38931627074646,1.24855126521133,2.31246141934831,5.3392407376531,-0.28811143303766,-0.0206790879908526
5.36666666666667,115.432204828038,116,2.68514900247982,4.91274146923327,-0.414297265465328,1.24855126521133,2.3149972414305,5.02444648004422,-0.310933421233022,-0.0207782559678551
5.38333333333333,115.48368984313,116,2.68514900247982,4.69768023502468,-0.431448537453766,1.24855126521133,2.31751401440237,4.72436505538726,-0.328556237206475,-0.020622274393289
5.4,115.534612738527,116,2.68514900247982,4.49597045865909,-0.440788862815554,1.24855126521133,2.32001169136689,4.44290520407271,-0.340926961128247,-0.0202209402221894
5.41666666666667,115.584968915248,116,2.68514900247982,4.30715177890528,-0.442709801930939,1.24855126521133,2.3224902319229,4.18234382456788,-0.348238774842177,-0.0195954173034343
5.43333333333333,115.634753768985,116,2.68514900247982,4.13075055794107,-0.437843464760702,1.24855126521133,2.32494960196737,3.94374407721908,-0.350847974663757,-0.0187736946495048
5.45,115.68396274253,116,2.68514900247982,3.96628364995701,-0.426963366614034,1.24855126521133,2.32738977350226,3.7272828605797,-0.349211225990161,-0.017787237911225
5.46666666666667,115.7325913696,116,2.68514900247982,3.81326180692183,-0.410911273638999,1.24855126521133,2.32981072444604,3.53250561249794,-0.343838785982032,-0.0166685708245187
5.48333333333333,115.780635311305,115,1.68514900247982,3.67119274421448,-0.390544332638232,1.24855126521133,2.33221243844972,3.35852303414727,-0.335260251036711,-0.01544957606054
5.5,115.828090386362,115,1.68514900247982,3.4434096005514,-0.366697916264625,1.24855126521133,2.33459490471719,3.20416158212106,-0.324000063406546,-0.0141603476795473
5.51666666666667,115.874952595947,115,1.68514900247982,3.23165970840861,-0.34816191422089,1.24855126521133,2.33695811783002,3.03117226387733,-0.315751410781838,-0.0130781420229609
5.53333333333333,115.921218143973,115,1.68514900247982,3.03524058345464,-0.332140153666344,1.24855126521133,2.33930207757633,2.8503618698044,-0.308761525634504,-0.0121086523363093
5.55,115.966883453447,115,1.68514900247982,2.85345079560178,-0.316766988479858,1.24855126521133,2.34162678878386,2.6695608454293,-0.301856074931333,-0.0111899542981615
5.56666666666667,116.011945179479,115,1.68514900247982,2.68559329890239,-0.300869653588613,1.24855126521133,2.34393226115711,2.49429001125337,-0.294293818642278,-0.0102839497114592
5.58333333333333,116.056400219415,115,1.68514900247982,2.53097837806182,-0.28378289884746,1.24855126521133,2.3462185091183,2.32829245320187,-0.28565279899189,-0.00936974034147546
5.6,116.100245720502,114,0.685149002479818,2.38892623876011,-0.26520541636075,1.24855126521133,2.34848555165237,2.17395616754758,-0.275741804486924,-0.00843853772278338
5.61666666666667,116.143479085449,114,0.685149002479818,2.16259498029067,-0.245089552357026,1.24855126521133,2.35073341215561,2.03264840217704,-0.264532022509103,-0.00748979006732488
5.63333333333333,116.186097976167,114,0.685149002479818,1.95356887040968,-0.231558791066593,1.24855126521133,2.35296211828809,1.86807375503315,-0.25729560192768,-0.00677794897191102
5.65,116.228100315959,114,0.685149002479818,1.76099383424625,-0.221320027546233,1.24855126521133,2.35517170182964,1.69252638259272,-0.251962558458577,-0.00619199935056971
5.66666666666667,116.269484290375,113,-0.314850997520182,1.5840278228765,-0.212142480063263,1.24855126521133,2.35736219853943,1.51495565682252,-0.247122419417131,-0.00565801629381536
5.68333333333333,116.310248346927,113,-0.314850997520182,1.32566935398944,-0.202590043574615,1.24855126521133,2.35953364801899,1.34171171286589,-0.241860724034175,-0.00512950781583963
5.7,116.350391193824,113,-0.314850997520182,1.08734627991098,-0.199813505547984,1.24855126521133,2.36168609357858,1.14023564539266,-0.240821618106312,-0.00482959966875562
5.71666666666667,116.38991179787,113,-0.314850997520182,0.86805170054824,-0.199863516741174,1.24855126521133,2.36381958210696,0.925579198467873,-0.241504346379765,-0.00462695299049251
5.73333333333333,116.428809381647,112,-1.31485099752018,0.666794692288468,-0.20009115834901,1.24855126521133,2.36593416394433,0.708685218613677,-0.242217066308759,-0.0044354886385905
5.75,116.467083420096,112,-1.31485099752018,0.386429150434265,-0.198818816914951,1.24855126521133,2.36802989275846,0.497305123836512,-0.241875667908178,-0.00420252254187062
5.76666666666667,116.504733636575,112,-1.31485099752018,0.128242805322701,-0.203084454670258,1.24855126521133,2.37010682542396,0.259826202457061,-0.24503685336416,-0.00414924255968402
5.78333333333333,116.541759998491,111,-2.31485099752018,-0.108906665695216,-0.208917456309073,1.24855126521133,2.37216502190453,0.0119001922342515,-0.249171662113974,-0.00414531567125321
5.8,116.578162712551,111,-2.31485099752018,-0.422315042505185,-0.213710692637234,1.24855126521133,2.37420454513822,-0.235190182361169,-0.252601549406173,-0.00410761685762426
5.81666666666667,116.613942219726,111,-2.31485099752018,-0.710841998439796,-0.22387110602414,1.24855126521133,2.37622546092558,-0.510451094804409,-0.259474483014679,-0.00423729741286238
5.83333333333333,116.649099189951,110,-3.31485099752018,-0.975774511297456,-0.235021669124557,1.24855126521133,2.37822783782062,-0.796346057868673,-0.266993371887698,-0.00439172004405418
5.85,116.683634516619,110,-3.31485099752018,-1.31454985592341,-0.244315488628879,1.24855126521133,2.38021174702461,-1.08026695495824,-0.273316634612862,-0.00448110590225616
5.86666666666667,116.717549310917,109,-4.31485099752018,-1.62616568900428,-0.258041206681196,1.24855126521133,2.38217726228254,-1.39032441548758,-0.282506494953001,-0.0047039924572883
5.88333333333333,116.750844896024,109,-4.31485099752018,-2.00821745158218,-0.271789987975275,1.24855126521133,2.38412445978225,-1.70841341722708,-0.291735788708234,-0.00491793322669095
5.9,116.783522801215,109,-4.31485099752018,-2.35986050888265,-0.290744160040629,1.24855126521133,2.38605341805618,-2.05850808489742,-0.304362693808746,-0.00528488654174489
5.91666666666667,116.815584755891,108,-5.31485099752018,-2.68267254063559,-0.309736178875316,1.24855126521133,2.38796421788562,-2.41943681267829,-0.317071886494251,-0.00563797982947203
5.93333333333333,116.847032683559,108,-5.31485099752018,-3.07437564837969,-0.325450598574749,1.24855126521133,2.38985694220747,-2.77603860339833,-0.32770641146102,-0.00587412913538502
5.95,116.877868695792,108,-5.31485099752018,-3.43424568003322,-0.343942085112701,1.24855126521133,2.39173167602345,-3.15470258201162,-0.340162212424022,-0.00618638243314828
5.96666666666667,116.908095086173,108,-5.31485099752018,-3.76397469990199,-0.3607347923518,1.24855126521133,2.3935885063116,-3.53623443745498,-0.351553141646664,-0.00643223096704317
5.98333333333333,116.93771432425,108,-5.31485099752018,-4.06521890947825,-0.373057759682,1.24855126521133,2.39542752194017,-3.90708878191934,-0.360062601862066,-0.00652750477527807
6,116.966729049513,108,-5.31485099752018,-4.33959441161395,-0.379389230829796,1.24855126521133,2.39724881358382,-4.2580670029865,-0.364663637686102,-0.00643008926263446
6.01666666666667,116.995207498378,108,-5.31485099752018,-4.58867363190408,-0.379736193644267,1.24855126521133,2.39905247364188,-4.58328198100821,-0.364900871733351,-0.00612740084157324
6.03333333333333,117.023894044209,108,-5.31485099752018,-4.81398234343532,-0.373464218195193,1.24855126521133,2.40083859615896,-4.8793400554386,-0.360722236470568,-0.00562686651254829
6.05,117.054065528843,108,-5.31485099752018,-5.01699724394341,-0.360989789549708,1.24855126521133,2.40260727674756,-5.14469725852691,-0.352350119684778,-0.00494875924810162
6.06666666666667,117.086146191743,108,-5.31485099752018,-5.19914403724779,-0.342991651761475,1.24855126521133,2.4043586125128,-5.37915488306111,-0.340183553886865,-0.00412086982206108
6.08333333333333,117.120465142198,108,-5.31485099752018,-5.36179597358555,-0.320295619243465,1.24855126521133,2.40609270197914,-5.58346813971927,-0.324725239203551,-0.00317463328382997
6.1,117.158102919156,108,-5.31485099752018,-5.50627280614492,-0.293790680337634,1.24855126521133,2.40780964501913,-5.7590443235891,-0.306527840888986,-0.00214236919656176
6.11666666666667,117.200574566802,109,-4.31485099752018,-5.63384012369449,-0.264369416673463,1.24855126521133,2.40950954278406,-5.90771233565102,-0.286155339766145,-0.00105537938725637
6.13333333333333,117.249732730176,109,-4.31485099752018,-5.64953473423685,-0.232887108541777,1.24855126521133,2.41119249763647,-6.03154871084309,-0.264156018977377,5.73025797510202e-05
6.15,117.308218763816,109,-4.31485099752018,-5.65675095962682,-0.19213368011827,1.24855126521133,2.41285861308458,-6.09584311761023,-0.235853517117533,0.00141935263521134
6.16666666666667,117.380996968027,110,-3.31485099752018,-5.65637469657608,-0.146342372214499,1.24855126521133,2.41450799371849,-6.115050078885,-0.203939015905705,0.00288924611423055
6.18333333333333,117.478145580893,110,-3.31485099752018,-5.55305856915987,-0.0986560354870472,1.24855126521133,2.4161407451481,-6.100627150654,-0.170433765076628,0.00436452558891411
6.2,117.615271017094,110,-3.31485099752018,-5.44981059814274,-0.0433571009632585,1.24855126521133,2.41775697394284,-6.02470552633873,-0.131637472361645,0.0060228953584394
6.21666666666667,117.807614840584,111,-2.31485099752018,-5.34713038903117,0.0144209570659966,1.24855126521133,2.41935678757299,-5.90660685540805,-0.0908446101627899,0.00769701409432622
6.23333333333333,118.064835193255,111,-2.31485099752018,-5.14928618043702,0.0710688967722946,1.24855126521133,2.42094029435273,-5.76113273672422,-0.0504043149258915,0.00927310449217425
6.25,118.391653498136,111,-2.31485099752018,-4.95890519388169,0.132148819339688,1.24855126521133,2.42250760338475,-5.56259435788705,-0.00674468231511374,0.010927695793551
6.26666666666667,118.790056703206,112,-1.31485099752018,-4.77611130210167,0.19258808816096,1.24855126521133,2.42405882450643,-5.33161372853671,0.0368521829999793,0.0124991000875752
6.28333333333333,119.259921185189,112,-1.31485099752018,-4.50480337192858,0.248982476447744,1.24855126521133,2.42559406823757,-5.08363736688121,0.0781452066913664,0.0138835241037173
6.3,119.799879590992,113,-0.314850997520182,-4.24724673670043,0.307188983855638,1.24855126521133,2.42711344572962,-4.79314153023239,0.120875877438778,0.0152699588547886
6.31666666666667,120.407713710874,113,-0.314850997520182,-3.90703754095423,0.362479370198744,1.24855126521133,2.42861706871635,-4.48057033078203,0.161967554135784,0.0165103022439455
6.33333333333333,121.080541103054,114,0.685149002479818,-3.58614250857916,0.419815281218175,1.24855126521133,2.43010504946596,-4.12405002872008,0.204592476452181,0.0177641885355166
6.35,121.81496597088,114,0.685149002479818,-3.1878643069314,0.473894035999961,1.24855126521133,2.43157750073463,-3.74662667282297,0.24530525206301,0.0188652226594294
6.36666666666667,122.607199864631,115,1.68514900247982,-2.81388219842772,0.529339460836417,1.24855126521133,2.43303453572135,-3.32821970850122,0.287058180832742,0.0199627885791466
6.38333333333333,123.453156840305,115,1.68514900247982,-2.36721816255793,0.580682216467614,1.24855126521133,2.43447626802415,-2.89304998684095,0.32629443225464,0.0208859558409165
6.4,124.348526976433,116,2.68514900247982,-1.9492781897538,0.63250018042114,1.24855126521133,2.43590281159759,-2.42174416976902,0.365932153058925,0.0217835100782845
6.41666666666667,125.288831601406,117,3.68514900247982,-1.46281893946517,0.679360244324193,1.24855126521133,2.43731428071157,-1.9388816078862,0.402433673598819,0.0224865161432601
6.43333333333333,126.269463218853,118,4.68514900247982,-0.912815185311523,0.725929592812992,1.24855126521133,2.4387107899113,-1.42519192488415,0.438771393299923,0.0231473466557213
6.45,127.285712941975,119,5.68514900247982,-0.304013143188779,0.774897188570647,1.24855126521133,2.44009245397857,-0.86826941489984,0.476674152160243,0.0238511899578281
6.46666666666667,128.332788262119,120,6.68514900247982,0.35906799860098,0.80275455981728,2.05130582502861,2.44649496016365,-0.268082232112046,0.490177778529847,0.0246405931986733
6.48333333333333,129.405824145648,121,7.68514900247982,1.10006665049234,0.80138245431986,2.04993371953119,2.46005554092331,0.344538714057378,0.469777771911296,0.0256041976895299
6.5,130.499890180255,122,8.68514900247982,1.93945957783438,0.80596778560838,2.05451905081971,2.4748721242597,0.989555411890533,0.451046697140865,0.0269295059828023
6.51666666666667,131.609996869255,123,9.68514900247982,2.86740449986893,0.827456832216745,2.07600809742808,2.48989333057898,1.69435422978856,0.443456741091903,0.028785465421447
6.53333333333333,132.731106651719,124,10.6851490024798,3.8754881175252,0.866919547305884,2.11547081251721,2.50540937834242,2.478428980238,0.4472127216378,0.031231635955687
6.55,133.858154168841,125,11.6851490024798,4.957028049363,0.923165147640102,2.17171641285143,2.52170782671815,3.35074747599409,0.46108074699947,0.0342548309270088
6.56666666666667,134.986078952776,127,13.6851490024798,6.10691312902826,0.993878415557639,2.24242968076897,2.53904586748625,4.31334430174618,0.483165070518638,0.0378029036549777
6.58333333333333,136.109872626188,128,14.6851490024798,7.41751029478216,1.07637248835705,2.32492375356838,2.55763823283508,5.36407111182251,0.511411070335726,0.041807733605552
6.6,137.224640574743,130,16.6851490024798,8.78378169588683,1.17570619339463,2.42425745860596,2.57772459893461,6.53536573879157,0.548722600988558,0.0464494696162878
6.61666666666667,138.325675609078,131,17.6851490024798,10.3003125387691,1.28565605313758,2.53420731834891,2.59952680794368,7.80928268738098,0.590773327433049,0.0515472731486502
6.63333333333333,139.408538735938,133,19.6851490024798,11.864135044208,1.40943128798959,2.65798255320092,2.62324750014333,9.20762464427183,0.639354215153165,0.0572184526614605
6.65,140.469140074917,134,20.6851490024798,13.5715755268151,1.54009672117951,2.78864798639084,2.64905068940307,10.7058250515754,0.689790895743991,0.0632538384631602
6.66666666666667,141.503812230871,135,21.6851490024798,15.3210168002091,1.68085808772641,2.92940935293774,2.67707561563454,12.3220010837601,0.743988549372228,0.0697645969512191
6.68333333333333,142.509369202119,137,23.6851490024798,17.1135820316276,1.82516896054931,3.07372022576064,2.70742635795728,14.0299159206073,0.79763075978964,0.0765483385178344
6.7,143.483145662149,138,24.6851490024798,19.0467076269204,1.96913791771485,3.21768918292618,2.74012077841286,15.8105111522944,0.848255042328162,0.083479602401772
6.71666666666667,144.423014147661,139,25.6851490024798,21.0191737377896,2.1184270404714,3.36697830568273,2.77519772849671,17.6874176502076,0.899518120569888,0.0907388294103154
6.73333333333333,145.327380425778,140,26.6851490024798,23.0320543870215,2.26835000032574,3.51690126553707,2.81269673759476,19.639291298852,0.94840763069459,0.0981772317049507
6.75,146.195159410138,141,27.6851490024798,25.0863145257491,2.41634067835828,3.66489194356961,2.85259751440209,21.6510704631354,0.993374469888928,0.105708340495712
6.76666666666667,147.025735539355,142,28.6851490024798,27.1825657365999,2.56128499520354,3.80983626041487,2.89484949968861,23.7126465923394,1.03385127100627,0.113289414799285
6.78333333333333,147.818912230754,143,29.6851490024798,29.320974091967,2.70299089650766,3.95154216171899,2.93939145831729,25.8175824976783,1.06987761187859,0.12090632403559
6.8,148.574854967759,144,30.6851490024798,31.5012625280687,2.84179355851857,4.0903448237299,2.98616340002856,27.9619998119579,1.10182582358231,0.128562030366394
6.81666666666667,149.294032042344,144,30.6851490024798,33.7227653794454,2.97827915156033,4.22683041677166,3.03511294613523,30.1436838719663,1.13021282039381,0.136268339824577
6.83333333333333,149.977156182629,145,31.6851490024798,35.8883315808278,3.11310477440644,4.36165603961777,3.08619792860179,32.3614084495959,1.15558033536969,0.144040375881605
6.85,150.625129436366,146,32.6851490024798,38.0989927347058,3.23923141541984,4.48778268063116,3.13931709838787,34.5776672457119,1.17360465099608,0.151643392238914
6.86666666666667,151.23899291671,146,32.6851490024798,40.3529055737355,3.36114047807877,4.6096917432901,3.19435543614708,36.8046607035577,1.18740086425014,0.159208321563472
6.88333333333333,151.819882334615,146,32.6851490024798,42.5515927654397,3.48185711262342,4.73040837783475,3.2512597521532,39.051592494224,1.19903813966128,0.166825382876391
6.9,152.368989598612,147,33.6851490024798,44.698676512076,3.59560465095325,4.84415591616458,3.30994757561692,41.2880520298156,1.20495909925506,0.174302315939862
6.91666666666667,152.887530443083,147,33.6851490024798,46.89352933836,3.69971667424544,4.94826793945677,3.37026759230583,43.4939414076177,1.20371808734437,0.181540083176041
6.93333333333333,153.376717726362,147,33.6851490024798,49.0364255172664,3.80121129081926,5.04976255603059,3.43211157800663,45.6937676981681,1.20003085169293,0.188751890328751
6.95,153.837739988854,148,34.6851490024798,51.1296214521843,3.89669538080308,5.14524664601441,3.49539454796384,47.8681082478783,1.1918618107079,0.195821876353288
6.96666666666667,154.271744717561,148,34.6851490024798,53.2712470013911,4.07062716499078,4.09799028070488,3.5424307724363,50.0413876600922,1.27149908568034,0.202655101486121
6.98333333333333,154.679825736804,148,34.6851490024798,55.3210706400172,4.24379803974331,4.21920989303165,3.58955734126379,52.27188373012,1.35212229775641,0.209284285244255
7,155.063015158152,149,35.6851490024798,57.246991616963,4.3960200161695,4.32576527652998,3.6383611888732,54.4958260893843,1.4172034558367,0.215333248229513
7.01666666666667,155.422280351704,149,35.6851490024798,59.1570922853582,4.51898371397744,4.41183986499554,3.68853791835854,56.6561785469194,1.46186357578441,0.220518696731168
7.03333333333333,155.758522882818,150,36.6851490024798,60.9590789431955,4.61807353657144,4.48120274081134,3.73977207403914,58.7553297483885,1.49005151665615,0.224992851954811
7.05,156.072578124598,150,36.6851490024798,62.7574168329315,4.69074001519874,4.53206927585045,3.79176119304155,60.7624915355612,1.50057456060407,0.228656611416278
7.06666666666667,156.365215684085,151,37.6851490024798,64.4565266591296,4.74544012787981,4.5703593547272,3.84424253789611,62.6977354327354,1.49926464700961,0.231763747943166
7.08333333333333,156.637140563409,151,37.6851490024798,66.1581140183255,4.7808626802813,4.59515514140824,3.89699097071444,64.5413933349295,1.48559755083661,0.23425966180301
7.1,156.888995047258,151,37.6851490024798,67.7644268806257,4.8055317707328,4.61242350472429,3.94982831924069,66.3198624796253,1.46531189317237,0.236405663586429
7.11666666666667,157.121361244803,152,38.6851490024798,69.2793892435481,4.81752365043523,4.62081782051599,4.00261058482474,68.0164734221217,1.43736034179199,0.238132751423461
7.13333333333333,157.334764070295,152,38.6851490024798,70.8025523755756,4.81665621124367,4.6202106130819,4.05518241788065,69.6216268414086,1.40182976413897,0.239426845381151
7.15,157.529674589435,153,39.6851490024798,72.2345003354747,4.81154956553225,4.6166359610839,4.10744225148295,71.1675840606383,1.36439731899905,0.240557191881763
7.16666666666667,157.706513625023,153,39.6851490024798,73.6741424720618,4.79977230838293,4.60839188107938,4.15932007403987,72.6406090876086,1.3235719219024,0.24144326110245
7.18333333333333,157.865655494849,154,40.6851490024798,75.0218482435344,4.78809506813692,4.60021781290717,4.21077579731295,74.0689357424302,1.28374741506369,0.242299101912487
7.2,158.007431784912,154,40.6851490024798,76.3765948174787,4.77264053250331,4.58939963796365,4.26178173311471,75.4352610230318,1.24243887683311,0.243000658918733
7.21666666666667,158.132135085714,154,40.6851490024798,77.6389908615527,4.75910105746004,4.57992200543336,4.3123254631484,76.7648695203959,1.20330552160877,0.243729265571299
7.23333333333333,158.240022638442,155,41.6851490024798,78.8121687786716,4.74283332886592,4.56853459541747,4.36239627621,78.0381577466647,1.16334516520029,0.244337444381882
7.25,158.331319854637,155,41.6851490024798,79.9955129037637,4.72125421682899,4.55342921699162,4.41194223347832,79.241890052513,1.12094240462493,0.244740900565012
7.26666666666667,158.406223728557,155,41.6851490024798,81.0898736223634,4.70098975641333,4.53924409470066,4.46093957679861,80.4046940215909,1.08037444910822,0.245150023751861
7.28333333333333,158.464906170087,156,42.6851490024798,82.0985304797791,4.69241988106679,3.36014021169138,4.50646073344038,81.5106281771611,1.05461416455145,0.245437364943153
7.3,158.507517180641,156,42.6851490024798,83.0804985237132,4.7567478779331,3.38908781028122,4.53527689401791,82.60250139667,1.11117277629761,0.24545775291309
7.31666666666667,158.534188930196,156,42.6851490024798,83.9027588606336,4.80792832855805,3.41211901306245,4.56422272154518,83.6963352717201,1.15789728363136,0.245114697768203
7.33333333333333,158.54504179233,156,42.6851490024798,84.5804316861018,4.83324796257251,3.42351284836896,4.59314965054857,84.7223972114538,1.18678421325021,0.244002123018636
7.35,158.540189597535,156,42.6851490024798,85.1270945108284,4.82727512628982,3.42082507204175,4.62184268623865,85.6371224394625,1.19458909404369,0.241945449896364
7.36666666666667,158.519743375699,156,42.6851490024798,85.5546001651224,4.78938643929641,3.40377516289471,4.65006535620607,86.4162698589397,1.18118549900472,0.238923002437522
7.38333333333333,158.483814034121,156,42.6851490024798,85.8731116949939,4.72191005252743,3.37341078884867,4.67758851355079,87.0493295101418,1.14833857485232,0.235007001325438
7.4,158.432514276759,156,42.6851490024798,86.0912628322969,4.62878270241797,3.33150348129942,4.7042072132503,87.5351135749778,1.09882228277464,0.230320881933175
7.41666666666667,158.365960016012,156,42.6851490024798,86.2163796720599,4.51461896199582,3.28012979810945,4.72974912136886,87.8783981735341,1.03581118188407,0.225009709625448
7.43333333333333,158.284271468453,156,42.6851490024798,86.2547203370134,4.38409973412979,3.22139614556973,4.75407718767392,88.0874545297772,0.962483946439222,0.219220739522009
7.45,158.187573977287,156,42.6851490024798,86.2117054332763,4.24159946305513,3.15727102358614,4.77708866297258,88.1723035517076,0.881784517440019,0.213091562533228
7.46666666666667,158.075998739552,156,42.6851490024798,86.0921238094297,4.09098526453969,3.08949463425419,4.79871199165681,88.1435381267022,0.796296223764686,0.20674371530171
7.48333333333333,157.949683537264,156,42.6851490024798,85.9003063436932,3.93553460058896,3.01954183547636,4.81890266101378,88.0115757300536,0.708193339118198,0.200280058107147
7.5,157.808773363008,156,42.6851490024798,85.640265964047,3.77793032267212,2.94861991041379,4.83763873592638,87.7862256215212,0.619242777358214,0.193784612281053
7.51666666666667,157.653420951753,156,42.6851490024798,85.3158055239292,3.62030241856649,2.87768735356625,4.85491653963795,87.4764769089106,0.530835686522988,0.187323882613102
7.53333333333333,157.483787285064,156,42.6851490024798,84.9305970733794,3.46429447905045,2.80748378078403,4.87074674505386,87.0904342384635,0.444034503497015,0.180948966051828
7.55,157.300041977343,156,42.6851490024798,84.4882369354226,3.31113980926143,2.73856417937897,4.88515100308384,86.635345841366,0.359625628434207,0.174697967522665
7.56666666666667,157.102363568075,156,42.6851490024798,83.9922811729312,3.16173741839821,2.67133310349052,4.89815914216067,86.1176837294304,0.278171395836954,0.168598412388351
7.58333333333333,156.890939795023,156,42.6851490024798,83.4462657774664,3.01672205891162,2.60607619172156,4.90980691518546,85.5432479820383,0.20005761665362,0.162669470209427
7.6,156.66596780558,155,41.6851490024798,82.8537154208571,2.87652529607377,2.54298764844453,4.92013423740615,84.917276523133,0.125534809943193,0.156923893764447
7.61666666666667,156.4276543308,155,41.6851490024798,82.121969728506,2.74142650466981,2.48219319231274,4.92918384358209,84.2445488947319,0.0547524923034276,0.151369638187823
7.63333333333333,156.176215742022,155,41.6851490024798,81.3567646060781,2.60374851746709,2.42023809807152,4.93696851566639,83.4926250358445,-0.0172353989220634,0.145761439434755
7.65,155.911877979364,155,41.6851490024798,80.5612347259477,2.46730684891935,2.35883934722504,4.943489843873,82.6780890001939,-0.0879582483407657,0.140219723476194
7.66666666666667,155.634876431201,155,41.6851490024798,79.7383022416598,2.33470831403399,2.29917000652663,4.94877344903742,81.8143302451907,-0.155749585888184,0.134826545690484
7.68333333333333,155.345455833355,155,41.6851490024798,78.8907857483648,2.20763015316604,2.24198483413605,4.95286098501935,80.912048479278,-0.219558709488403,0.129634456632221
7.7,155.043870096646,154,40.6851490024798,78.0214645393463,2.08705849570517,2.18772758827865,4.9558040780392,79.9797562469736,-0.278790593440906,0.124674076862586
7.71666666666667,154.730382040996,154,40.6851490024798,77.0369364927168,1.97348394799684,2.13661904180991,4.95765988892857,79.024240545896,-0.333175165160886,0.119960310130886
7.73333333333333,154.405263063694,154,40.6851490024798,76.0422145865743,1.85921092643059,2.0851961821051,4.95845621061581,78.014110936028,-0.387686393012846,0.115247534178285
7.75,154.068792762591,154,40.6851490024798,75.0397338903021,1.74789320602785,2.03510320792386,4.95820884552439,76.9662997547685,-0.43997296391032,0.110651253127189
7.76666666666667,153.721258529061,154,40.6851490024798,74.0317383605936,1.64189576141423,1.98740435784773,4.95695600202775,75.8940486061534,-0.488537519527728,0.106246046087896
7.78333333333333,153.362955121553,154,40.6851490024798,73.0203845013965,1.54261836005733,1.94272952723713,4.95474987227351,74.8075720285627,-0.532519199766098,0.102075846289097
7.8,152.994184227769,155,41.6851490024798,72.0077990119512,1.45693922571779,1.74026825389109,4.95039853919305,73.715988794688,-0.56483912769664,0.0981619685959842
7.81666666666667,152.615254027212,155,41.6851490024798,71.0866720188954,1.38485358185247,1.71593934908654,4.94391536898013,72.633417283669,-0.585521863737101,0.0944923730985858
7.83333333333333,152.226478890419,155,41.6851490024798,70.1524233048886,1.3253393762542,1.69585330469712,4.93690189703652,71.5955735544669,-0.598581871597653,0.0912716840493383
7.85,151.82817934241,155,41.6851490024798,69.2095259718173,1.27346329317219,1.67834512665695,4.92942125223635,70.5863997628938,-0.607213330066514,0.0883389759882232
7.86666666666667,151.420681924389,155,41.6851490024798,68.2622459850883,1.22607055601086,1.662350077865,4.92151395918488,69.5951520591794,-0.613450560556416,0.0855911156304939
7.88333333333333,151.00431876684,155,41.6851490024798,67.3145490862811,1.18129742064987,1.64723914468066,4.9132065092174,68.6152122190124,-0.618487610673746,0.0829667982589624
7.9,150.579426990928,156,42.6851490024798,66.3700552227067,1.13818296865476,1.63268801713231,4.90451747980756,67.6430633719492,-0.622932324097754,0.080433876655496
7.91666666666667,150.146348073785,156,42.6851490024798,65.5281995906365,1.09636872879856,1.61857571118084,4.89546172737587,66.6774375836178,-0.627002604756289,0.0779795878784696
7.93333333333333,149.705427137,156,42.6851490024798,64.6896538891952,1.06375701183857,1.60756925670685,4.88607701495216,65.7554937282306,-0.625609744153193,0.0758529481000914
7.95,149.25701221044,156,42.6851490024798,63.8573050282093,1.03690148354322,1.59850551590717,4.87641125335185,64.8661404872959,-0.620985552729536,0.0739414489455685
7.96666666666667,148.801453558645,155,41.6851490024798,63.0338708147508,1.01356833351582,1.59063057777292,4.86649641362327,64.0018587822841,-0.614570842631837,0.0721720092887028
7.98333333333333,148.339102995865,155,41.6851490024798,62.1256642245635,0.992405793123354,1.58348822039046,4.85635437682925,63.1579005246642,-0.607232090143109,0.0705001505863521
8,147.870313177047,155,41.6851490024798,61.2371506052889,0.964796722177528,1.57417015894625,4.84597721550855,62.2947319123271,-0.604497706012346,0.0686516836264773
8.01666666666667,147.395436897283,155,41.6851490024798,60.3699817898278,0.934099819378862,1.5638099542517,4.83534446450875,61.4235961580894,-0.604171101964311,0.0667340665810229
8.03333333333333,146.914826463315,154,40.6851490024798,59.5254137633457,0.902819878099545,1.55325297406993,4.82445194126366,60.5538166501899,-0.604617061114761,0.0648267712379446
8.05,146.428833190885,154,40.6851490024798,58.6082378545647,0.87274940965163,1.54310419096876,4.81330735172096,59.692931878655,-0.604667735697088,0.0629860280970065
8.06666666666667,145.937806931398,153,39.6851490024798,57.7214441636938,0.837221122459414,1.53111339404138,4.80190277248595,58.8100286908288,-0.608596278112188,0.0609996493250896
8.08333333333333,145.442095599031,152,38.6851490024798,56.7691432001975,0.800676995248319,1.51877975110764,4.79022616131622,57.9221047513969,-0.613514941701882,0.0590091193269322
8.1,144.94204471892,152,38.6851490024798,55.757426023581,0.758215476996984,1.50444898869781,4.77826216010524,57.0051949469573,-0.622554494789812,0.0568587620549859
8.11666666666667,144.437997051066,151,37.6851490024798,54.7881064923788,0.707496147721244,1.48733121506725,4.76597537004786,56.0443518476029,-0.637181933441539,0.0544753346365918
8.13333333333333,143.930292337249,150,36.6851490024798,53.7640715992667,0.655796736691029,1.46988266384455,4.75334624346495,55.0682124763141,-0.652677358832881,0.052090819449065
8.15,143.419267073628,149,35.6851490024798,52.690236578268,0.599940428549326,1.45103115984673,4.74036460907227,54.0609856870636,-0.671063821104053,0.0496040692153539
8.16666666666667,142.905254319538,148,34.6851490024798,51.5711668215159,0.538510433639747,1.43029853656474,4.72700760253667,53.0131997047109,-0.69322189118414,0.046970539108973
8.18333333333333,142.388583598885,147,33.6851490024798,50.4110397477106,0.47126837655843,1.4076043422998,4.71324786276174,51.9200595249652,-0.71926981653267,0.0441833668544311
8.2,141.869580805154,147,33.6851490024798,49.2136471077067,0.398715637577232,1.38311779289365,4.69905887387636,50.7801151723846,-0.748849748513095,0.0412591524364398
8.21666666666667,141.348568125654,146,32.6851490024798,48.0785956670223,0.321772698880148,1.35714955108338,4.68441818418158,49.594212332231,-0.781336567983357,0.0382276034006511
8.23333333333333,140.825864046241,145,31.6851490024798,46.9067597355295,0.249437044317528,1.3327362676685,4.66933300313582,48.4015539440995,-0.810920930996562,0.0353739801092639
8.25,140.301783390146,144,30.6851490024798,45.7012833010459,0.179185441204015,1.30902635161769,4.65382644422734,47.1929637345855,-0.839228295380211,0.032616225194375
8.26666666666667,139.776637408158,143,29.6851490024798,44.4652121620122,0.109553415044094,1.28552554278871,4.63791052366081,45.9626874644305,-0.8671950863275,0.0299065522921634
8.28333333333333,139.250733881777,142,28.6851490024798,43.2014429823118,0.0398258242653585,1.26199248090089,4.62159120685176,44.7075947903577,-0.895271327191364,0.0272213387154997
8.3,138.724377262909,142,28.6851490024798,41.9126997761162,-0.0295671497578985,1.21898411545343,4.60474248625663,43.4266407400307,-0.922889055220784,0.02455318058369
8.31666666666667,138.197868818063,141,27.6851490024798,40.6970286805759,-0.0958839016101469,1.15266736360118,4.58682196178759,42.1218793291382,-0.947106584800511,0.0219022252741583
8.33333333333333,137.671506843831,140,26.6851490024798,39.4524890556,-0.151454413103222,1.09709685210811,4.56789242845649,40.8332206165569,-0.963089405693852,0.0195150588294695
8.35,137.145586962177,139,25.6851490024798,38.1792417139165,-0.200739575198903,1.04781169001243,4.54809879732488,39.5497475111624,-0.97398099596378,0.0172636684111531
8.36666666666667,136.620402464064,138,24.6851490024798,36.8781614298022,-0.246978350786965,1.00157291442436,4.52752223149845,38.2623829650425,-0.982025753431538,0.0150530914621226
8.38333333333333,136.096244679514,138,24.6851490024798,35.5504880335007,-0.292373507608808,0.956177757602522,4.50619896232805,36.9641454857658,-0.988722577501815,0.0128172665655865
8.4,135.573403359677,137,23.6851490024798,34.2937662428825,-0.338309568454288,0.910241696757043,4.48413570306109,35.6500559769691,-0.994992684366863,0.0105135239811809
8.41666666666667,135.052167061514,136,22.6851490024798,33.0071140423301,-0.377904213815602,0.870647051395728,4.46139099525441,34.3536522816283,-0.996515030251233,0.00836671661237657
8.43333333333333,134.532823529053,135,21.6851490024798,31.6922753911355,-0.415463902545508,0.833087362665823,4.43803732669222,33.0603403557389,-0.996197006754734,0.00624671538187029
8.45,134.015660393155,134,20.6851490024798,30.3512333328556,-0.45367590435508,0.79487536085625,4.41408958367337,31.7595602573473,-0.995804902754492,0.00406977928596677
8.46666666666667,133.500969666828,134,20.6851490024798,28.985931791032,-0.494033900887938,0.754517364323392,4.38952837458556,30.4442047501489,-0.996278994698735,0.0017871457813814
8.48333333333333,132.989045350007,133,19.6851490024798,27.6942996234968,-0.537205832906351,0.711345432304979,4.36431673735928,29.1099133511579,-0.997999455963944,-0.000625162213351619
8.5,132.480180469047,132,18.6851490024798,26.3756013484197,-0.575668856240155,0.672882408971175,4.33848086227844,27.7911660038568,-0.996173955018047,-0.00292494521899985
8.51666666666667,131.974667506313,132,18.6851490024798,25.0315620309081,-0.613202595911468,0.635348669299862,4.31207059773955,26.474366181056,-0.993329372806936,-0.00522769384190341
8.53333333333333,131.472798878237,131,17.6851490024798,23.760213239732,-0.652089275652473,0.596461989558857,4.2850859245649,25.1498530047367,-0.990943751187598,-0.00760566853601937
8.55,130.974867352919,130,16.6851490024798,22.4610730731421,-0.685870122915706,0.562681142295624,4.25756784857754,23.8480361179359,-0.984930344448264,-0.00984942664703957
8.56666666666667,130.481166366298,129,15.6851490024798,21.1361605349838,-0.718966848043915,0.529584417167415,4.2295669794941,22.5523652073527,-0.978226212531217,-0.0120950260559567
8.58333333333333,129.991990327496,129,15.6851490024798,19.787602221951,-0.753999477469558,0.494551787741772,4.20107602335736,21.2511557366522,-0.972510503686806,-0.0144263019826041
8.6,129.507634901625,128,14.6851490024798,18.5135403436323,-0.792301649016642,0.456249616194688,4.17205536144998,19.9367280276179,-0.968580994629846,-0.0168889369042234
8.61666666666667,129.028397214243,127,13.6851490024798,17.2134169383281,-0.826688157662527,0.421863107548803,4.14252030622832,18.6412763851814,-0.961838481876725,-0.0192526945525092
8.63333333333333,128.5545760558,127,13.6851490024798,15.8890670038725,-0.861057849892476,0.387493415318855,4.11250612353184,17.3497142345605,-0.95485688848315,-0.0216383693886479
8.65,128.086472099987,126,12.6851490024798,14.6385554303465,-0.89767852974055,0.35087273547078,4.08199740854535,16.0514673537347,-0.949074724229954,-0.024119306906423
8.66666666666667,127.624388068686,125,11.6851490024798,13.3613615649138,-0.930004985630901,0.31854627958043,4.05102066667044,14.7764247512472,-0.940321609525225,-0.0264847451613917
8.68333333333333,127.168628781615,125,11.6851490024798,12.0594051168326,-0.962342455819137,0.286208809392193,4.01961372392193,13.5077639347786,-0.931435211776734,-0.0288682854488178
8.7,126.719501158803,124,10.6851490024798,10.8308412420511,-0.99719093929019,0.251360325921141,3.9877584861867,12.2336703830098,-0.92399692015883,-0.0313509929868387
8.71666666666667,126.277314143549,124,10.6851490024798,9.57522192288464,-1.03002317757601,0.24855126521133,3.95586517434029,10.9824685351562,-0.915960926182173,-0.0337255057855966
8.73333333333333,125.842378466611,123,9.68514900247982,8.39166417098495,-1.06566102674725,0.24855126521133,3.92409297373233,9.73496687015267,-0.910742763863054,-0.0361216028628592
8.75,125.415006267508,122,8.68514900247982,7.18187771109007,-1.09834489328302,0.24855126521133,3.89244695297643,8.51513570852772,-0.904596265330064,-0.0383578469355488
8.76666666666667,124.995510484945,122,8.68514900247982,5.94979365454037,-1.13244426630615,0.24855126521133,3.86093133721057,7.30310238457718,-0.900299092849358,-0.0405755458100976
8.78333333333333,124.584203979747,121,7.68514900247982,4.79519970753317,-1.17038359675032,0.24855126521133,3.82955018196632,6.08584978894204,-0.899403839691471,-0.0428502472442607
8.8,124.181398380827,121,7.68514900247982,3.61917062999147,-1.20521897697988,0.24855126521133,3.79830737754869,4.89237530696642,-0.897404613282633,-0.0449624309209532
8.81666666666667,123.787402631028,120,6.68514900247982,2.52112514034487,-1.24060074780476,0.24855126521133,3.7672066533188,3.70628073017487,-0.896612698291788,-0.0470311023549434
8.83333333333333,123.402521197886,120,6.68514900247982,1.40180668478681,-1.27057439332918,0.24855126521133,3.73625158188115,2.55371368736391,-0.8931394389598,-0.0488712944831883
8.85,123.027051906863,119,5.68514900247982,0.360337875033715,-1.2995808578254,0.24855126521133,3.70544558317763,1.41588490076259,-0.889793815537547,-0.0506291458208312
8.86666666666667,122.661283351195,119,5.68514900247982,-0.702801114240624,-1.32228992757456,0.24855126521133,3.67479192849007,0.316945759045106,-0.883084288431661,-0.052140672642989
8.88333333333333,122.305491833749,118,4.68514900247982,-1.68872038296766,-1.34362844024155,0.24855126521133,3.64429374435336,-0.76355037788278,-0.876132728292331,-0.0535679309073255
8.9,121.959937803234,118,4.68514900247982,-2.69714408638389,-1.35863753183283,0.24855126521133,3.61395401638075,-1.80281948457252,-0.865690317526064,-0.054758709400816
8.91666666666667,121.624861760912,117,3.68514900247982,-3.62936035340528,-1.37252119288946,0.24855126521133,3.58377559300346,-2.82242814437432,-0.855063523078446,-0.0558834712330583
8.93333333333333,121.300479635932,117,3.68514900247982,-4.5852470511742,-1.38052079877486,0.24855126521133,3.55376118912608,-3.80050184514214,-0.841140278909568,-0.05679570415431
8.95,120.986977658599,117,3.68514900247982,-5.46622359111147,-1.38797829026086,0.24855126521133,3.52391338969971,-4.75933830259614,-0.827324704122777,-0.0576694136080491
8.96666666666667,120.684506801567,116,2.68514900247982,-6.27610419867345,-1.39022302767519,0.24855126521133,3.49423465321436,-5.67764345154773,-0.810570696438555,-0.0583599337780213
8.98333333333333,120.393176908545,116,2.68514900247982,-7.11481202625463,-1.38464393526208,0.24855126521133,3.46472731511254,-6.54126358744086,-0.789132057818153,-0.0587921235288892
9,120.113050686198,115,1.68514900247982,-7.88378152639751,-1.37811103373056,0.24855126521133,3.43539359112538,-7.3783932178517,-0.767395725081644,-0.0591894833919219
9.01666666666667,119.844137793418,115,1.68514900247982,-8.68298922174975,-1.36700447106675,0.24855126521133,3.40623558053312,-8.172184109223,-0.74300158094486,-0.059440171073462
9.03333333333333,119.586389316756,115,1.68514900247982,-9.41391020667644,-1.35740129505423,0.24855126521133,3.37725526935148,-8.9486846996892,-0.719852346416536,-0.0597389982875516
9.05,119.33969296359,114,0.685149002479818,-10.0803758133403,-1.34506073826292,0.24855126521133,3.34845453344532,-9.68934081407317,-0.695207290247039,-0.0599518036333627
9.06666666666667,119.103869326765,114,0.685149002479818,-10.7822918326193,-1.32757436026706,0.24855126521133,3.31983514157142,-10.3819421675013,-0.667480210404928,-0.0600064485197457
9.08333333333333,118.878669567876,114,0.685149002479818,-11.4210447181802,-1.31184902870793,0.24855126521133,3.29139875835142,-11.056003314685,-0.641110562782875,-0.0601241198420515
9.1,118.663774825278,113,-0.314850997520182,-12.0003616339756,-1.2941840340848,0.24855126521133,3.26314694717685,-11.6955120427626,-0.613713104107153,-0.060187037554415
9.11666666666667,118.458797575944,113,-0.314850997520182,-12.6200308740426,-1.27249381296143,0.24855126521133,3.23508117304733,-12.2900755215596,-0.583920253916522,-0.0601320684387057
9.13333333333333,118.263285071324,113,-0.314850997520182,-13.1813100919609,-1.25384797700004,0.24855126521133,3.20720280534343,-12.8704616960474,-0.556288257222989,-0.0601840705401593
9.15,118.076724836184,112,-1.31485099752018,-13.6877882091445,-1.23459297896371,0.24855126521133,3.17951312053569,-13.4214761849691,-0.528474320922306,-0.0602251811218698
9.16666666666667,117.898552080161,112,-1.31485099752018,-14.239107539594,-1.21260936671123,0.24855126521133,3.15201330483095,-13.9332109722641,-0.499100404639152,-0.0601896427202288
9.18333333333333,117.72815874076,112,-1.31485099752018,-14.7363735770299,-1.1948783381653,0.24855126521133,3.1247044567574,-14.4366672788131,-0.472675951280715,-0.0602980674546668
9.2,117.564903769461,112,-1.31485099752018,-15.1830183219353,-1.17762356531097,0.24855126521133,3.09758758968974,-14.9166968968392,-0.446787710048622,-0.0604274136971902
9.21666666666667,117.40812420119,112,-1.31485099752018,-15.5823494067877,-1.15858356444611,0.24855126521133,3.07066363431543,-15.3633015618099,-0.419973128199451,-0.0605063191235101
9.23333333333333,117.257146518103,111,-2.31485099752018,-15.937547368397,-1.1365880214007,0.24855126521133,3.04393344104361,-15.770390382038,-0.391459393768236,-0.0605000501029849
9.25,117.111297831218,111,-2.31485099752018,-16.3478381282517,-1.11123232377523,0.24855126521133,3.01739778235766,-16.134798189476,-0.360962030690526,-0.060399043009437
9.26666666666667,116.96991645235,111,-2.31485099752018,-16.713905694606,-1.09063131681857,0.24855126521133,2.9910573551127,-16.4924191918221,-0.333721697505721,-0.0604599572112071
9.28333333333333,116.832361504524,111,-2.31485099752018,-17.0387581127228,-1.07170842838806,0.24855126521133,2.96491278277912,-16.8315582058277,-0.307784094890717,-0.0605809587346963
9.3,116.698021310246,111,-2.31485099752018,-17.3252789403744,-1.05258326461621,0.24855126521133,2.93896461763344,-17.1445578579871,-0.281944113028466,-0.0607011741078397
9.31666666666667,116.566320392626,111,-2.31485099752018,-17.5762266156358,-1.03223745880962,0.24855126521133,2.91321334289737,-17.4268172167299,-0.255540099591295,-0.0607888143689261
9.33333333333333,116.436725015204,111,-2.31485099752018,-17.7942345077948,-1.01025820716987,0.24855126521133,2.88765937482644,-17.6760173805468,-0.228295243719207,-0.0608321393620772
9.35,116.308747251939,110,-3.31485099752018,-17.9818115768961,-0.98687635787131,0.26167490734002,2.86235016943332,-17.8915504488996,-0.200448061022273,-0.0608326703447848
9.36666666666667,116.181947983128,110,-3.31485099752018,-18.2370612031925,-0.963773370538252,0.284777894673078,2.83757931260698,-18.0748396846115,-0.173698716974727,-0.0607988913860915
9.38333333333333,116.055939508205,110,-3.31485099752018,-18.4588038179673,-0.949057680463924,0.299493584747407,2.81332008820772,-18.2651418308486,-0.153228255834434,-0.0609885457648099
9.4,115.930384524883,110,-3.31485099752018,-18.6482804011212,-0.938836171732545,0.309715093478785,2.78946691823953,-18.451751730699,-0.136332315987963,-0.0612878428250324
9.41666666666667,115.804994593577,110,-3.31485099752018,-18.8072020558205,-0.930460483390083,0.318090781821247,2.76596818983092,-18.626471859206,-0.121202336649225,-0.0616176987314079
9.43333333333333,115.679528678417,110,-3.31485099752018,-18.9374636860566,-0.922268462270746,0.326282802940584,2.74280771315774,-18.7835164075095,-0.106726018164732,-0.0619272249943862
9.45,115.553791089972,110,-3.31485099752018,-19.0409652635211,-0.913331501123814,0.335219764087516,2.71999046064208,-18.9191900928354,-0.0922995059012588,-0.0621869943968952
9.46666666666667,115.427628934094,110,-3.31485099752018,-19.1195121339876,-0.903233232762598,0.345318032448732,2.69753226022185,-19.0314780756083,-0.0776669477010869,-0.0623829327358556
9.48333333333333,115.300929160626,110,-3.31485099752018,-19.1747698223917,-0.891890154341063,0.356661110870267,2.6754528221865,-19.1196321767377,-0.0627930198402807,-0.0625112351744207
9.5,115.173615413993,110,-3.31485099752018,-19.208253738748,-0.879415355641302,0.369135909570028,2.65377138616798,-19.1838008520017,-0.0477678429554792,-0.0625744134194824
9.51666666666667,115.045644812546,109,-4.31485099752018,-19.221339095723,-0.866021205070664,0.382530060140666,2.63250430293429,-19.2247242684126,-0.0327403655517747,-0.0625784065981535
9.53333333333333,114.917004723565,109,-4.31485099752018,-19.311454979899,-0.851954371146211,0.39659689406512,2.61166395735281,-19.2434990373047,-0.0178748829561427,-0.0625306004769322
9.55,114.78770955434,109,-4.31485099752018,-19.3775208848112,-0.845116013932686,0.403435251278644,2.5911890272388,-19.2781973324448,-0.0081467508270198,-0.0626883469593331
9.56666666666667,114.657797569909,109,-4.31485099752018,-19.4211012798587,-0.841768952740747,0.406782312470583,2.57099117328109,-19.3174471241198,-0.000991997752033187,-0.062940834433656
9.58333333333333,114.527327860038,109,-4.31485099752018,-19.4440725909615,-0.839485453607155,0.409065811604175,2.55103287186212,-19.3528704094739,0.00522218676985384,-0.0632143385764077
9.6,114.396377509235,109,-4.31485099752018,-19.4483663254904,-0.836833216053162,0.411718049158168,2.5313082860959,-19.3787675529174,0.011433506248765,-0.0634639888862035
9.61666666666667,114.265038973121,108,-5.31485099752018,-19.4358197775794,-0.833091116136104,0.415460149075226,2.51182913363392,-19.3916438635178,0.0180923169489587,-0.0636660094705495
9.63333333333333,114.133417660997,108,-5.31485099752018,-19.5042768897015,-0.828013000088755,0.420538265122576,2.49261488828505,-19.3897015968148,0.0253306494564368,-0.0638110845857608
9.65,114.001629722102,108,-5.31485099752018,-19.5529784386731,-0.829304370494088,0.419246894717242,2.47361693900102,-19.4091591948547,0.0282694590253746,-0.0641488616774077
9.66666666666667,113.869800043651,108,-5.31485099752018,-19.5837013383448,-0.833217316431751,0.415333948779579,2.45476130490605,-19.4375500692288,0.0294480614200363,-0.0645666039234408
9.68333333333333,113.738061464271,107,-6.31485099752018,-19.5984292624119,-0.837415810094351,0.411135455116979,2.43602410770394,-19.4659209151263,0.0304106991331465,-0.0649920221625836
9.7,113.606554049445,107,-6.31485099752018,-19.6952837815799,-0.840604800671314,0.407946464540016,2.41741123537652,-19.4883258046856,0.0319811624461345,-0.0653833327611497
9.71666666666667,113.475421885515,107,-6.31485099752018,-19.7738065596604,-0.849869611609686,0.398681653601644,2.39887424441861,-19.5380010996162,0.029673045470398,-0.0659701506751905
9.73333333333333,113.344811676264,107,-6.31485099752018,-19.8360367855764,-0.861147423150446,0.387403842060884,2.38034699526722,-19.6004551549693,0.0262092993209667,-0.0666287667127908
9.75,113.214871681958,107,-6.31485099752018,-19.8841522919098,-0.871990493719075,0.376560771492255,2.36181692266872,-19.6654450887474,0.0231817776029011,-0.0672821092318614
9.76666666666667,113.085750672749,107,-6.31485099752018,-19.9202180720101,-0.881116331242401,0.367434933968929,2.3433020006647,-19.7262671161532,0.0213812588821178,-0.0678875298970651
9.78333333333333,112.957597014233,106,-7.31485099752018,-19.9460590981491,-0.888029640934858,0.360521624276472,2.32483460394408,-19.7789702588328,0.0210688151581866,-0.0684262288777201
9.8,112.830558250526,106,-7.31485099752018,-20.0593901288583,-0.892725953898547,0.355825311312783,2.30645097351567,-19.8216151409834,0.0221846090169407,-0.0688947613444647
9.81666666666667,112.704781017101,106,-7.31485099752018,-20.1592354506567,-0.903133405657796,0.345417859553534,2.28811542164664,-19.8904300059155,0.0196773406649594,-0.0695484164167032
9.83333333333333,112.580411228726,106,-7.31485099752018,-20.2470948389927,-0.915690584057467,0.332860681153864,2.26976351804867,-19.9730031249744,0.0159437097040456,-0.0702792764662702
9.85,112.45759471361,106,-7.31485099752018,-20.3246363237885,-0.928206483128381,0.320344782082949,2.25137821445199,-20.0604180087584,0.0124171759750553,-0.071018814926792
9.86666666666667,112.336478831154,106,-7.31485099752018,-20.3934702714516,-0.939491327948671,0.309059937262659,2.23297018656159,-20.1467153555231,0.00984021068465117,-0.0717279443988854
9.88333333333333,112.217216896365,106,-7.31485099752018,-20.4550305474267,-0.949041326894023,0.299509938317307,2.21456388055503,-20.228266581591,0.00849150552986282,-0.0723882462252826
9.9,112.099978331983,106,-7.31485099752018,-20.5105279658008,-0.956788263800044,0.291763001411286,2.19618826223195,-20.3031681727506,0.00836303884881424,-0.0729948278444337
9.91666666666667,111.984951016739,106,-7.31485099752018,-20.5609487802229,-0.962912742061769,0.285638523149562,2.17787119257431,-20.3707148519182,0.00928976044923018,-0.0735508732555364
9.93333333333333,111.872329288699,106,-7.31485099752018,-20.6070781679089,-0.967713344509823,0.280837920701507,2.15963643214396,-20.4309748169793,0.0110386902951791,-0.0740637343350911
9.95,111.762304783554,106,-7.31485099752018,-20.6495348620328,-0.971521218377095,0.277030046834235,2.14150243113932,-20.4844685363032,0.0133656971589324,-0.0745423075551073
9.96666666666667,111.655061530907,106,-7.31485099752018,-20.6888080525254,-0.97464924091303,0.2739020242983,2.12348224096029,-20.5319404072844,0.0160481159146741,-0.0749954120999666
9.98333333333333,111.55077349812,106,-7.31485099752018,-20.7252914038622,-0.977365932189502,0.271185333021828,2.10558405584224,-20.5742070474088,0.018900395306892,-0.0754309012067303
10,111.449603549353,106,-7.31485099752018,-20.759311669774,-0.979885933605423,0.268665331605907,2.08781204313417,-20.6120647364827,0.02177863427312,-0.0758552771222229
10.0166666666667,111.351703241043,107,-6.31485099752018,-20.7911511177318,-0.982370692667053,0.266180572544278,2.07016724159196,-20.6462397825626,0.0245784769488668,-0.0762736269030481
10.0333333333333,111.257213014572,107,-6.31485099752018,-20.7248897327317,-0.984934707922051,0.263616557289279,2.05264839828662,-20.6773680813427,0.0272295729990983,-0.0766897424704956
10.05,111.166262558295,107,-6.31485099752018,-20.6630029002534,-0.979994063633281,0.26855720157805,2.03532220779973,-20.6692030948664,0.0345103321139405,-0.0768565503027634
10.0666666666667,111.078971241263,107,-6.31485099752018,-20.6052359299705,-0.971546632303536,0.277004632907794,2.01827747729884,-20.6349274644604,0.0437040140169551,-0.0768937540681508
10.0833333333333,110.995448566,108,-5.31485099752018,-20.5509599368644,-0.962223361085408,0.286327904125922,2.0015482554103,-20.5846542226877,0.0530680263721294,-0.0768824620281971
10.1,110.915794577956,108,-5.31485099752018,-20.4032711554262,-0.953607929344138,0.294943335867192,1.98513387942638,-20.5257147399256,0.0615925694034073,-0.0768735137131819
10.1166666666667,110.840100184014,109,-4.31485099752018,-20.2637378948741,-0.938869568838154,0.309681696373176,1.96908343244439,-20.4263355461757,0.0736074605013904,-0.0766456618021041
10.1333333333333,110.768447464089,109,-4.31485099752018,-20.0351739294195,-0.922279850124412,0.326271415086918,1.95345978894372,-20.3024552377781,0.0862688179142089,-0.0763298537919121
10.15,110.700910002651,110,-3.31485099752018,-19.8186037146365,-0.898787815918011,0.349763449293319,1.93833865904357,-20.1289049705503,0.102720639965488,-0.0757593667281761
10.1666666666667,110.637553191121,110,-3.31485099752018,-19.5162217698023,-0.873745273319029,0.374805991892301,1.92378598579612,-19.9263968855749,0.119423543711446,-0.0750994936636917
10.1833333333333,110.578434457165,111,-2.31485099752018,-19.2284682882354,-0.842674842055818,0.405876423155513,1.90986698588498,-19.673002280275,0.139174596991702,-0.0742029055772189
10.2,110.52360350338,111,-2.31485099752018,-18.8570449143463,-0.811158096471802,0.437393168739529,1.89663057930221,-19.3914742635897,0.158319018990443,-0.0732438855609149
10.2166666666667,110.473102543629,112,-1.31485099752018,-18.502010680815,-0.802083422424891,0.446467842786439,1.88975577004468,-19.0796434586985,0.150034964926465,-0.0720562432553058
10.2333333333333,110.426966449391,112,-1.31485099752018,-18.0657476990526,-0.790016002246148,1.24855126521133,1.88335341574046,-18.7447760598712,0.143429448671834,-0.0707625062400175
10.25,110.385222822496,113,-0.314850997520182,-17.6223160272771,-0.796164390703207,1.24855126521133,1.88292151542467,-18.3998590151974,0.113311547723676,-0.0691664406818559
10.2666666666667,110.347891520283,114,0.685149002479818,-17.0507506099084,-0.798511156363496,1.24855126521133,1.88402586254919,-18.0408416632389,0.0835280463042248,-0.0672731425247943
10.2833333333333,110.314983062274,114,0.685149002479818,-16.3629223561433,-0.780438891985924,1.24855126521133,1.88526973016972,-17.6232269598386,0.0679508464900212,-0.0647872122219811
10.3,110.286497322966,115,1.68514900247982,-15.6661573925491,-0.737087985196356,1.24855126521133,1.8866483181102,-17.1132884088997,0.0698689499578935,-0.0615791431936015
10.3166666666667,110.262422958539,116,2.68514900247982,-14.8686741206506,-0.675326713673929,1.24855126521133,1.88815694494116,-16.5287441355558,0.0849914729914643,-0.0578902956509674
10.3333333333333,110.242737334046,116,2.68514900247982,-13.9804736544867,-0.592989048383769,1.24855126521133,1.88979104539477,-15.8488238564008,0.114822532782948,-0.0536716228645967
10.35,110.227406781882,117,3.68514900247982,-13.1070900681473,-0.490474997666851,1.24855126521133,1.89154616783234,-15.0633431496566,0.159210540600477,-0.0489560967762102
10.3666666666667,110.216387076067,118,4.68514900247982,-12.1550278052794,-0.377836972237276,1.24855126521133,1.89341797176344,-14.2066576139275,0.21172992688102,-0.0440768799077779
10.3833333333333,110.209624043639,119,5.68514900247982,-11.1326520468289,-0.254578121448962,1.24855126521133,1.89540222541547,-13.2693364016528,0.272711358496697,-0.0390260481471311
10.4,110.207054258398,119,5.68514900247982,-10.0477642257185,-0.121686086826134,1.24855126521133,1.89749480335279,-12.2485101223129,0.341523288871507,-0.0338423454159345
10.4166666666667,110.208605787954,120,6.68514900247982,-9.00379926604131,0.0189496293437785,1.24855126521133,1.89969168414447,-11.1459250603266,0.416938108094759,-0.0285913142047685
10.4333333333333,110.214199075909,120,6.68514900247982,-7.90526237614355,0.15696092344122,1.24855126521133,1.90198894807953,-10.0033569990147,0.492210285944347,-0.0236007401075556
10.45,110.223747816962,121,7.68514900247982,-6.85479266376356,0.293328333960041,1.24855126521133,1.90438277492903,-8.81543389971961,0.567873488135226,-0.0188324221917167
10.4666666666667,110.237159639812,121,7.68514900247982,-5.75615091796435,0.420063129670981,1.24855126521133,1.90686944175378,-7.61778838222374,0.638654069909809,-0.0145293360948224
10.4833333333333,110.254336753505,121,7.68514900247982,-4.7112812945963,0.540103874787514,1.24855126521133,1.9094453207571,-6.39976514820302,0.706307661511147,-0.0105845913121461
10.5,110.275176575533,121,7.68514900247982,-3.7194714228113,0.647059648725868,1.24855126521133,1.9121068771814,-5.19246896644489,0.76656765988729,-0.0071861321156158
10.5166666666667,110.299572335657,121,7.68514900247982,-2.77982578750414,0.737158905125921,1.24855126521133,1.91485066724808,-4.01828299427087,0.816821857819644,-0.00443322908953074
10.5333333333333,110.327413651585,121,7.68514900247982,-1.89129002885098,0.804787485796703,2.05333875100803,1.91843721734504,-2.89287524828238,0.851607503191659,-0.00236125198976863
10.55,110.358587047962,120,6.68514900247982,-1.02466959272771,0.79811817767359,1.24855126521133,1.93345743048715,-1.86065242280379,0.814721451312214,-0.000918791495692879
10.5666666666667,110.392975850926,120,6.68514900247982,-0.278175849216237,0.79965044007412,1.24855126521133,1.9445810730692,-0.913408228971565,0.792411359798031,0.000137205335186562
10.5833333333333,110.430459459634,119,5.68514900247982,0.421052942468078,0.779214596144004,1.24855126521133,1.95718036486902,-0.0619698046994659,0.753413204989575,0.000702690600620633
10.6,110.470914037465,118,4.68514900247982,0.978545053757138,0.794605059120906,1.24855126521133,1.96026956321066,0.725230973292602,0.758425423399677,0.000900121203084889
10.6166666666667,110.514213643181,118,4.68514900247982,1.40210522663455,0.767332570216188,1.24855126521133,1.96821159584314,1.41940961815445,0.725608811870888,0.000500751623422174
10.6333333333333,110.560231113042,117,3.68514900247982,1.79552205081396,0.741851558821904,1.24855126521133,1.97140892331718,1.99233208723093,0.704219493506362,-0.000561656025045209
10.65,110.608838749689,116,2.68514900247982,2.06396494740233,0.701187542460529,1.24855126521133,1.97465579836325,2.4788367756304,0.672707408139434,-0.00205958050965691
10.6666666666667,110.659908872831,115,1.68514900247982,2.21483648818815,0.642076546861862,1.24855126521133,1.97794978304171,2.85585841427761,0.628852650313129,-0.00407871570161307
10.6833333333333,110.713314268179,114,0.685149002479818,2.25531216775019,0.563786056447575,1.24855126521133,1.98128850529376,3.11021380530672,0.572059021491669,-0.00662250361971399
10.7,110.768928558544,113,-0.314850997520182,2.19232984342813,0.467294314137184,1.24855126521133,1.98466965744843,3.2360545058416,0.502842956548542,-0.00964069518806239
10.7166666666667,110.826626514101,112,-1.31485099752018,2.03258148978219,0.354671825055804,1.24855126521133,1.98809099476061,3.23287257393808,0.422445847465174,-0.0130505949350745
10.7333333333333,110.886284313941,111,-2.31485099752018,1.78250705652069,0.228621763517914,1.24855126521133,1.99155033397953,3.10394971594987,0.332543718879527,-0.0167525959819777
10.75,110.94777976789,111,-2.31485099752018,1.4482902314762,0.0921444998720585,1.24855126521133,1.99504555194704,2.85516068588354,0.235033279151297,-0.0206412902318131
10.7666666666667,111.010992505406,110,-3.31485099752018,1.13203020989707,-0.0517016018119196,1.24855126521133,1.99857458422521,2.49405861847025,0.131877505131735,-0.0246131777121515
10.7833333333333,111.075804136818,109,-4.31485099752018,0.737154400526877,-0.191963954335999,1.24855126521133,2.00213542375254,2.06608882194298,0.0301881321578648,-0.0283221076727905
10.8,111.142098391058,108,-5.31485099752018,0.269285017165063,-0.329429154682519,1.24855126521133,2.00572611952829,1.56802739390857,-0.0704509206129151,-0.0318007628103292
10.8166666666667,111.209761233219,108,-5.31485099752018,-0.266208239596523,-0.46416365272888,1.24855126521133,2.00934477532437,0.999698658691748,-0.169998623313662,-0.0350582610795619
10.8333333333333,111.278680964619,107,-6.31485099752018,-0.768032823258813,-0.595782259825648,1.24855126521133,2.01298954842423,0.363083701452366,-0.268124855538007,-0.0380893770708123
10.85,111.348748307587,106,-7.31485099752018,-1.33355747164985,-0.715643779717057,1.24855126521133,2.01665864838817,-0.301461677917707,-0.359143683935929,-0.0406315262489008
10.8666666666667,111.419856476796,106,-7.31485099752018,-1.95794284704302,-0.815118083356049,0.433433181855281,2.01804210031253,-1.001251513058,-0.432376682510456,-0.0427875678345052
10.8833333333333,111.49190126452,105,-8.31485099752018,-2.56877542181816,-0.850960348048807,0.397590917162523,2.00777114456363,-1.70004251923095,-0.43994786680937,-0.0446801828143517
10.9,111.56478174709,104,-9.31485099752018,-3.29014808767837,-0.878409247851733,0.370142017359597,1.99700082589473,-2.37068899001775,-0.441664298626314,-0.0463343584379075
10.9166666666667,111.63840224616,104,-9.31485099752018,-4.11356121768973,-0.90914984892338,0.33940141628795,1.98576808368119,-3.06178008278791,-0.445126076620754,-0.0481182457298589
10.9333333333333,111.712674158488,103,-10.3148509975202,-4.93458763558755,-0.949480356672658,0.299070908538673,1.97396268718298,-3.80585440437332,-0.45421987010293,-0.0502413916414681
10.95,111.787517118151,103,-10.3148509975202,-5.84809603924927,-0.994353915182267,0.254197350029063,1.9614717895258,-4.58601325379242,-0.465523302727182,-0.0525523405690035
10.9666666666667,111.862859632062,103,-10.3148509975202,-6.75119293763724,-1.05034137506671,0.24855126521133,1.94866018226851,-5.4262974170333,-0.484129656182001,-0.0551939009363
10.9833333333333,111.938639413321,102,-11.3148509975202,-7.64232378514604,-1.11332755661658,0.24855126521133,1.9358803719281,-6.30666818172686,-0.508190196807336,-0.0579711802527752
11,112.014803495296,102,-11.3148509975202,-8.61478251374621,-1.17893468501561,0.24855126521133,1.92313729197571,-7.21157598135957,-0.534886427310988,-0.0607413159871056
11.0166666666667,112.091308097085,102,-11.3148509975202,-9.56364161071592,-1.25179204877576,0.24855126521133,1.91043309535107,-8.16491455297481,-0.56720036438152,-0.0636480524421093
11.0333333333333,112.16811829087,102,-11.3148509975202,-10.4868061210114,-1.32584212617212,0.24855126521133,1.89776985577564,-9.14358783263859,-0.601217323619563,-0.0664964482527289
11.05,112.245207541202,102,-11.3148509975202,-11.3825349215353,-1.39672863600495,0.24855126521133,1.88514956975146,-10.1293488869024,-0.634076150411713,-0.069151666063895
11.0666666666667,112.322557166644,102,-11.3148509975202,-12.2494108207722,-1.46144190129922,0.24855126521133,1.87257415851599,-11.1079420098502,-0.663755680327602,-0.0715257960828856
11.0833333333333,112.400155759088,102,-11.3148509975202,-13.0863123169439,-1.5180282681004,0.24855126521133,1.86004546995399,-12.0683863731937,-0.688899009915737,-0.0735671349815426
11.1,112.477998585663,102,-11.3148509975202,-13.8923869731402,-1.56535290791143,0.24855126521133,1.84756528046719,-13.0023787950865,-0.708669366517033,-0.0752515027673929
11.1166666666667,112.556086990727,102,-11.3148509975202,-14.6670263644573,-1.60290702359976,0.24855126521133,1.83513529680274,-13.9037966468361,-0.722632340445696,-0.076575247287364
11.1333333333333,112.634427810177,102,-11.3148509975202,-15.4098425493396,-1.63065191064265,0.24855126521133,1.82275715784119,-14.7682848508239,-0.730660069269198,-0.0775496426988062
11.15,112.713032806395,102,-11.3148509975202,-16.1206460150334,-1.64889353716164,0.24855126521133,1.81043243634482,-15.5929134143137,-0.732853664029792,-0.0781964361028286
11.1666666666667,112.791918129309,102,-11.3148509975202,-16.7994250452646,-1.65818233041716,0.24855126521133,1.79816264066729,-16.3758940579268,-0.729480759938855,-0.0785443369167085
11.1833333333333,112.871103806972,102,-11.3148509975202,-17.4463264569073,-1.6592337225111,0.24855126521133,1.78594921642516,-17.1163462903588,-0.720925575429243,-0.0786262776002759
11.2,112.950613267479,103,-10.3148509975202,-18.0616376514711,-1.65286573803614,0.24855126521133,1.77379354813229,-17.8141048002086,-0.707649287192474,-0.0784773030121519
11.2166666666667,113.030472892969,103,-10.3148509975202,-18.5495956391891,-1.63995052180813,0.24855126521133,1.76169696079774,-18.4695613224155,-0.690158886657804,-0.0781329697780301
11.2333333333333,113.110711605586,103,-10.3148509975202,-19.0129578758344,-1.61337584718504,0.24855126521133,1.749660721488,-19.0466301721575,-0.663792137657869,-0.0773784773234577
11.25,113.191360484753,103,-10.3148509975202,-19.4521217456028,-1.57754187792243,0.24855126521133,1.73768604085426,-19.5586890041488,-0.631302584989409,-0.0763661187630992
11.2666666666667,113.272452414671,103,-10.3148509975202,-19.8675602786487,-1.53581507234602,0.24855126521133,1.7257740746254,-20.0163987117892,-0.5948144576573,-0.0752105547651633
11.2833333333333,113.354021760252,104,-9.31485099752018,-20.2598116078843,-1.49074735835148,0.24855126521133,1.7139259250675,-20.4282562712579,-0.555954297088355,-0.0739969634770383
11.3,113.436104038375,104,-9.31485099752018,-20.5332949643166,-1.44425144035534,0.24855126521133,1.7021426424105,-20.8010400060481,-0.515956445693182,-0.0727875393451129
11.3166666666667,113.51873554945,104,-9.31485099752018,-20.7908880639903,-1.38973925492959,0.24855126521133,1.69042522624265,-21.1032622345733,-0.470556519254782,-0.0713769797281422
11.3333333333333,113.601953112297,104,-9.31485099752018,-21.0330527334681,-1.33175784314425,0.24855126521133,1.67877462687358,-21.3515021175267,-0.422662151712141,-0.0699148885551134
11.35,113.685793856236,104,-9.31485099752018,-21.260276376559,-1.27355188737803,0.24855126521133,1.66719174666644,-21.5585401355171,-0.374375231828226,-0.0685048784002551
11.3666666666667,113.770295031571,105,-8.31485099752018,-21.4730668014226,-1.21736705053793,0.24855126521133,1.65567744133984,-21.7341624157593,-0.327176042234072,-0.0672156506087061
11.3833333333333,113.855493836905,105,-8.31485099752018,-21.5757732221263,-1.1646898764378,0.24855126521133,1.64423252124033,-21.8858062278085,-0.282069360181049,-0.066089710342293
11.4,113.941427262265,105,-8.31485099752018,-21.6711683027023,-1.10843525096987,0.24855126521133,1.63285775258577,-21.9821713299613,-0.234509026725685,-0.064900504581544
11.4166666666667,114.028131947074,105,-8.31485099752018,-21.7595781057057,-1.05261892348123,0.24855126521133,1.62155385868054,-22.0396779454187,-0.187092211243016,-0.063776032865438
11.4333333333333,114.115644051982,106,-7.31485099752018,-21.8413275630538,-0.999946953146215,0.248604312065115,1.61032152153338,-22.0706993111003,-0.141599165807489,-0.0627988092641483
11.45,114.20399914364,106,-7.31485099752018,-21.8205628699485,-0.954029823218409,0.294521441992921,1.5995465533231,-22.0850576186512,-0.101236552121136,-0.06201702258239
11.4666666666667,114.293232089837,106,-7.31485099752018,-21.798240815878,-0.909544689378463,0.339006575832867,1.58960370752013,-22.0551317902503,-0.0633844011806629,-0.0611990332022756
11.4833333333333,114.383392317904,106,-7.31485099752018,-21.771503866085,-0.869668399533343,0.378882865677987,1.58044013137055,-21.9992024943154,-0.0299589671112851,-0.0604523681556576
11.5,114.474602982021,107,-6.31485099752018,-21.7380365997187,-0.835677267495486,0.412873997715845,1.57196670961098,-21.9289212475273,-0.0015965322553676,-0.0598270508789144
11.5166666666667,114.566998596249,107,-6.31485099752018,-21.5999981930979,-0.80765843125857,0.440892833952761,1.56408354852632,-21.851078227314,0.0218450720644384,-0.059335968759946
11.5333333333333,114.660696914368,107,-6.31485099752018,-21.45859359526,-0.804747894215059,0.443803370996271,1.56240191783677,-21.7509423055532,0.0160765605602459,-0.0586993330335239
11.55,114.755800970031,107,-6.31485099752018,-21.3138124285519,-0.799412837495297,1.24855126521133,1.56107332141734,-21.6265596732834,0.0114609994593758,-0.0579651284048503
11.5666666666667,114.852400750995,107,-6.31485099752018,-21.138629487167,-0.796193786136314,1.24855126521133,1.56086785374179,-21.5128994120101,0.00367269691912192,-0.0571480237388028
11.5833333333333,114.950574009339,107,-6.31485099752018,-20.9093692625797,-0.793730806356573,1.24855126521133,1.56214200540187,-21.3870158164799,-0.00720791554663738,-0.0561557570021311
11.6,115.050385644121,108,-5.31485099752018,-20.633034059489,-0.793610243822759,1.24855126521133,1.56596031711878,-21.2327393555299,-0.0244229262477842,-0.0548785562741827
11.6166666666667,115.151887179974,108,-5.31485099752018,-20.2199221331087,-0.793044704883041,1.24855126521133,1.57216111209839,-21.0457747667152,-0.045682260249655,-0.0532607865327637
11.6333333333333,115.255116849027,108,-5.31485099752018,-19.778239793507,-0.7714682974903,1.24855126521133,1.57841948382514,-20.7883071488501,-0.0525201897445551,-0.0510268946548547
11.65,115.360100062997,108,-5.31485099752018,-19.3132606787544,-0.732293460305356,1.24855126521133,1.58473194962315,-20.4646470824363,-0.0470063276321083,-0.04830625675414
11.6666666666667,115.466850119547,108,-5.31485099752018,-18.829799750605,-0.679061177223933,1.24855126521133,1.59109512438091,-20.0811830805163,-0.0313306362329558,-0.0452277874005201
11.6833333333333,115.575369039974,108,-5.31485099752018,-18.3322394936697,-0.615225390394352,1.24855126521133,1.59750571830679,-19.6455039462496,-0.00766254762392957,-0.0419131833627406
11.7,115.685648471915,108,-5.31485099752018,-17.8245553912986,-0.544011256439772,1.24855126521133,1.60396053473175,-19.1657527256182,0.0219437154813538,-0.0384727170318052
11.7166666666667,115.797670612322,108,-5.31485099752018,-17.310340631669,-0.46832862350461,1.24855126521133,1.61045646795803,-18.6501609361822,0.0556090054846342,-0.0350029079715765
11.7333333333333,115.911409121172,108,-5.31485099752018,-16.7928300064091,-0.390726207695488,1.24855126521133,1.61699050115316,-18.1067222047353,0.0916632196879831,-0.0315855528634499
11.75,116.026830006478,108,-5.31485099752018,-16.2749229721468,-0.313375170467853,1.24855126521133,1.62355970428826,-17.5429727702551,0.128660344891745,-0.0282877128637535
11.7666666666667,116.143892468233,108,-5.31485099752018,-15.7592058526995,-0.238073372470667,1.24855126521133,1.63016123211982,-16.9658530466134,0.165379988416079,-0.0251623517697027
11.7833333333333,116.262549693779,107,-6.31485099752018,-15.2479731662642,-0.166263626954648,1.24855126521133,1.63679232221395,-16.3816298803683,0.200819562848817,-0.022249393061486
11.8,116.382749600611,107,-6.31485099752018,-14.8394223554418,-0.099060897563674,1.24855126521133,1.64345029301245,-15.7958635202211,0.234180302816042,-0.0195770226713122
11.8166666666667,116.504435525029,107,-6.31485099752018,-14.4330870207326,-0.0452860392540266,1.24855126521133,1.65013254193972,-15.2503118854787,0.259658661967993,-0.0174127903207476
11.8333333333333,116.627546856782,106,-7.31485099752018,-14.0307217698191,-0.00197588608918123,1.24855126521133,1.6568365435498,-14.7369060907393,0.279030097983591,-0.0156467484919179
11.85,116.752019621055,106,-7.31485099752018,-13.7300453317957,0.0330559802189657,1.24855126521133,1.66355984771258,-14.2498818487846,0.293597451339676,-0.014196995005719
11.8666666666667,116.877787009913,105,-8.31485099752018,-13.4301694912637,0.0534174012865917,1.24855126521133,1.67030007783859,-13.8221089739855,0.299121707850414,-0.0132521482002643
11.8833333333333,117.00477986585,105,-8.31485099752018,-13.2286541134971,0.0638151831974892,1.24855126521133,1.67705492914147,-13.438596054636,0.298518875619962,-0.0126475403033751
11.9,117.132927120382,104,-9.31485099752018,-13.0244857270357,0.0596442788554423,1.24855126521133,1.6838221669374,-13.1251418693359,0.288709027707495,-0.0125148680224346
11.9166666666667,117.26215619078,104,-9.31485099752018,-12.9151295118341,0.0468336252803911,1.24855126521133,1.69059962498075,-12.8613992911029,0.273415260631741,-0.0126522265836942
11.9333333333333,117.392393338036,103,-10.3148509975202,-12.7995050247433,0.0215693866561067,1.24855126521133,1.69738520383524,-12.6691697461103,0.250094343349502,-0.0131688834889885
11.95,117.523563989153,103,-10.3148509975202,-12.7750355049362,-0.00975290609315444,1.24855126521133,1.70417686927986,-12.525178780021,0.222800642118228,-0.0138514717800573
11.9666666666667,117.655593026712,103,-10.3148509975202,-12.7406210852747,-0.0507212589720483,1.24855126521133,1.71097265074886,-12.449138266679,0.189168244815789,-0.0148057575553935
11.9833333333333,117.788405048536,103,-10.3148509975202,-12.6975114587755,-0.0948893259357824,1.24855126521133,1.71777063980519,-12.416335485656,0.153315451573199,-0.0158204970390058
12,117.92192460012,103,-10.3148509975202,-12.6468632151563,-0.137916741496527,1.24855126521133,1.72456898864659,-12.4086410517947,0.118049515628898,-0.0167577239662125
12.0166666666667,118.056076382296,103,-10.3148509975202,-12.589744278649,-0.177036365342096,1.24855126521133,1.73136590864382,-12.4130253300783,0.0851922993953486,-0.0175335432279048
12.0333333333333,118.190785436439,104,-9.31485099752018,-12.5271382989656,-0.210638768310196,1.24855126521133,1.73815966891025,-12.420377556999,0.0558352293162348,-0.0181032534592889
12.05,118.325977309334,104,-9.31485099752018,-12.3637746914656,-0.237950340702634,1.24855126521133,1.74494859490227,-12.4245698088936,0.0305376456567641,-0.0184499113721988
12.0666666666667,118.461578199638,105,-8.31485099752018,-12.2027192072661,-0.250784505516552,1.24855126521133,1.75173106704983,-12.384813463186,0.0146708403552627,-0.0183259410085472
12.0833333333333,118.597515087721,105,-8.31485099752018,-11.9483376216446,-0.252877981035821,1.24855126521133,1.75850551941658,-12.3111259405999,0.00593182758270126,-0.0178648797952125
12.1,118.733715850484,106,-7.31485099752018,-11.7033350684051,-0.239221906586812,1.24855126521133,1.76527043838893,-12.1748791974466,0.00765428076066006,-0.0169226874554876
12.1166666666667,118.870109362637,107,-6.31485099752018,-11.3717211706573,-0.215714818253963,1.24855126521133,1.77202436139347,-11.9951179951099,0.0161297344406274,-0.0157010237818234
12.1333333333333,119.00662558574,107,-6.31485099752018,-10.9596763514127,-0.178743800447894,1.24855126521133,1.77876587564226,-11.7497924399765,0.0337659777542248,-0.0140976067842313
12.15,119.143195646221,108,-5.31485099752018,-10.5692786702465,-0.127032425791036,1.24855126521133,1.78549361690523,-11.4257189385521,0.06147885775648,-0.0120868688874224
12.1666666666667,119.279751903439,109,-4.31485099752018,-10.1039185751646,-0.068901203422484,1.24855126521133,1.79220626830937,-11.0532011022269,0.0939620342309608,-0.00994377192742144
12.1833333333333,119.416228008767,110,-3.31485099752018,-9.56916739534925,-0.0021840191485545,1.24855126521133,1.79890255916401,-10.6181973145165,0.13264008214554,-0.0076062235401391
12.2,119.552558956575,110,-3.31485099752018,-8.97033178585701,0.0736621571433951,1.24855126521133,1.80558126381169,-10.1130278610539,0.177899342018976,-0.00506507617121378
12.2166666666667,119.688681127894,111,-2.31485099752018,-8.40863071783464,0.158095249141862,1.24855126521133,1.81224120050418,-9.53468389040687,0.229423138051246,-0.00234544249159413
12.2333333333333,119.824532327463,112,-1.31485099752018,-7.78661285384437,0.241889519713976,1.24855126521133,1.81888123030296,-8.92041566589734,0.281253551426379,0.00025743303821266
12.25,119.960051814811,113,-0.314850997520182,-7.10902729401324,0.326957290264018,1.24855126521133,1.82550025600392,-8.26066854217705,0.334582679210553,0.0028065031706884
12.2666666666667,120.095180329928,113,-0.314850997520182,-6.3803799332266,0.414038141162737,1.24855126521133,1.83209722108551,-7.55039771746822,0.389858503652144,0.00532588466525055
12.2833333333333,120.229860114052,114,0.685149002479818,-5.70111205058577,0.503083981598249,1.24855126521133,1.83867110868007,-6.78785520830856,0.447024465884018,0.0078142597964845
12.3,120.36403492602,115,1.68514900247982,-4.97301899690929,0.585545624626806,1.24855126521133,1.84522094056777,-6.01055194328743,0.500508839589447,0.0100050951913507
12.3166666666667,120.497650054612,115,1.68514900247982,-4.20012199074362,0.664109500732963,1.24855126521133,1.85174577619271,-5.20848412191276,0.551961916685525,0.0119921317596044
12.3333333333333,120.63065232726,116,2.68514900247982,-3.48239957393206,0.74032515505377,1.24855126521133,1.85824471170073,-4.37567172100308,0.602322170117182,0.0138303407404745
12.35,120.762990115448,116,2.68514900247982,-2.72120618735895,0.799691165758426,1.24855126521133,1.86618673537657,-3.54640416316483,0.638988308708515,0.0152983152708533
12.3666666666667,120.894613337121,117,3.68514900247982,-2.01631804764091,0.805916497510672,2.054467762722,1.88388094210182,-2.74204362671376,0.620813501961752,0.0165699666400671
12.3833333333333,121.025473427884,118,4.68514900247982,-1.24086063035738,0.80024488912514,2.04879615433647,1.90264781018956,-1.99155464450359,0.593203560132323,0.0176105922177329
12.4,121.155522635248,118,4.68514900247982,-0.373768086699822,0.800076819927768,2.0486280851391,1.92106545370461,-1.25280853924343,0.570438396530014,0.0187540245231164
12.4166666666667,121.284711987647,119,5.68514900247982,0.47922736000387,0.80527452380114,2.05382578901247,1.94088804327445,-0.482978938492483,0.548680345889861,0.0202621860340222
12.4333333333333,121.412989518727,119,5.68514900247982,1.41181821462755,0.818730633779247,2.06728189899058,1.9608255630181,0.301727560862743,0.532694782965112,0.0220163522036421
12.45,121.540299262817,119,5.68514900247982,2.32010904085136,0.844980561090141,2.09353182630147,1.98105401193634,1.13047205121981,0.525099863572359,0.0241767429869733
12.4666666666667,121.666580785679,120,6.68514900247982,3.20365911698158,0.877662243857851,2.12621350906918,2.00172660012534,1.98350669342548,0.521538452278011,0.0265544588505154
12.4833333333333,121.791769029193,120,6.68514900247982,4.15903778625295,0.912426012416496,2.16097727762783,2.0229079935087,2.84514781913117,0.519101991296014,0.0290166730982761
12.5,121.915794271083,120,6.68514900247982,5.08477393137815,0.95418186780677,2.2027331330181,2.04467387642865,3.74043617856243,0.520832727238572,0.0317260535319384
12.5166666666667,122.038582173888,121,7.68514900247982,5.98219839393566,0.997422474970726,2.24597374018206,2.067087730727,4.64833197308743,0.523084473075336,0.0345125632008045
12.5333333333333,122.160053954505,121,7.68514900247982,6.94910425921752,1.0388232756959,2.28737454090723,2.09014035926395,5.55357526296102,0.523738923187562,0.0372692248414794
12.55,122.280126568758,121,7.68514900247982,7.88481509106215,1.0842996956916,2.33285096090293,2.11385059886283,6.482540250041,0.526584409036495,0.0401855565740612
12.5666666666667,122.398712871899,121,7.68514900247982,8.79114052224914,1.12922737718159,2.37777864239292,2.13824084701737,7.41588406157183,0.528613396304611,0.0431159562483863
12.5833333333333,122.515721764504,121,7.68514900247982,9.66995973418898,1.1709991639386,2.41955042914993,2.16327414553886,8.34006503777183,0.528215811303847,0.0459738480649609
12.6,122.631058332106,121,7.68514900247982,10.5229539761046,1.20841681263643,2.45696807784776,2.18888254080716,9.24621567960581,0.524738024775737,0.0487148946188803
12.6166666666667,122.744624023287,122,8.68514900247982,11.3514879312928,1.24119846833982,2.48974973355115,2.21498628575231,10.1290078707572,0.518132777988342,0.0513230419351463
12.6333333333333,122.856316908701,122,8.68514900247982,12.2527604442413,1.26960482430328,2.51815608951461,2.24150585030604,10.9856397639087,0.50869825418782,0.0537996801862986
12.65,122.966031925093,122,8.68514900247982,13.1252494509672,1.30183246381107,2.5503837290224,2.26843815413998,11.851792179265,0.501716964180833,0.0564055083090869
12.6666666666667,123.073661113172,122,8.68514900247982,13.9699024444351,1.33456467379883,2.58311593901016,2.29581319791478,12.7146832741944,0.494999432316696,0.0590377059021212
12.6833333333333,123.179093905036,122,8.68514900247982,14.7878503981372,1.36581917451345,2.61437043972478,2.32361743551939,13.565115257254,0.487288632591316,0.0616320879053184
12.7,123.282217375215,122,8.68514900247982,15.5801985588668,1.39457624388828,2.64312750909961,2.35181280913788,14.3968846236198,0.477987235271772,0.06415300359739
12.7166666666667,123.382916471111,122,8.68514900247982,16.347919757126,1.42046631571038,2.66901758092171,2.38035008394844,15.2061297840833,0.466933426639162,0.0665845954305341
12.7333333333333,123.481074285172,122,8.68514900247982,17.0918158834767,1.44352515188778,2.69207641709911,2.40917755209142,15.9907163951414,0.454228481513308,0.0689237803231049
12.75,123.576572325431,122,8.68514900247982,17.8125209861363,1.46401354466314,2.71256480987447,2.43824621133266,16.7497115750549,0.440112087662466,0.0711749620136657
12.7666666666667,123.669290803656,123,9.68514900247982,18.5105267083768,1.48229269070701,2.73084395591834,2.46751242065457,17.4829653785767,0.424877902046634,0.0733462866811635
12.7833333333333,123.759108904878,123,9.68514900247982,19.282391226889,1.49874415466163,2.74729541987296,2.49693886656309,18.190797745257,0.408820712498283,0.075447166500402
12.8,123.845905063558,123,9.68514900247982,20.026188528326,1.52138343142234,2.76993469663367,2.52656401648323,18.9105681565175,0.397028503622306,0.0777365568241471
12.8166666666667,123.929557215877,123,9.68514900247982,20.7426730147292,1.54656586437308,2.79511712958441,2.55645507798287,19.6302274368049,0.387031972925148,0.0801047507184439
12.8333333333333,124.009943095487,124,10.6851490024798,21.4329537857805,1.57193628164302,2.82048754685435,2.58662982171636,20.3407422046685,0.377276887282643,0.0824786539828155
12.85,124.086940543265,124,10.6851490024798,22.1944169003398,1.59611832600401,2.84466959121534,2.61707541030924,21.0357749314144,0.366890768672929,0.0848136280980724
12.8666666666667,124.160427759903,124,10.6851490024798,22.9259925812446,1.62609407100073,2.87464533621206,2.64783181856574,21.7480017745523,0.360299621379983,0.087335606125922
12.8833333333333,124.230283539338,125,11.6851490024798,23.6292157618317,1.65770018823898,2.90625145345031,2.67895505502654,22.4623053566937,0.354724449862781,0.0899171459770175
12.9,124.296387460541,125,11.6851490024798,24.4020252513243,1.68840452268664,2.93695578789797,2.71044606045775,23.1678209600357,0.348529969674026,0.0924778347027511
12.9166666666667,124.358620070488,126,12.6851490024798,25.1439116642856,1.72452195530388,2.97307322051521,2.74234359410542,23.8940597461615,0.345719182932417,0.0952220618598134
12.9333333333333,124.416862993116,126,12.6851490024798,25.9530854726912,1.76156581911996,3.01011708433129,2.77469434684169,24.6238424787071,0.343324666605244,0.0980110923031463
12.95,124.470998995729,127,13.6851490024798,26.7294851970047,1.80456640254501,3.05311766775634,2.80755607172929,25.3818698577168,0.344494677686237,0.101009911389818
12.9666666666667,124.520912084264,127,13.6851490024798,27.5718117928976,1.84826516448449,3.09681642969582,2.84097751663479,26.1475124940306,0.345765816923515,0.104055199279459
12.9833333333333,124.566487550132,128,14.6851490024798,28.3804585091187,1.89728942775729,3.14584069296862,2.87500885928177,26.9431507650279,0.350043738992069,0.107298265443836
13,124.60761195092,128,14.6851490024798,29.254506202664,1.94622617425845,3.19477743946978,2.90968674340966,27.746712062471,0.353789448885257,0.11056965096557
13.0166666666667,124.644228368103,129,15.6851490024798,30.0946401469557,1.99970252095712,3.24825378616845,2.94504802608025,28.5797727214553,0.359933706145151,0.114019359286658
13.0333333333333,124.676755750862,130,16.6851490024798,31.0001481112607,2.05239089246486,3.30094215767619,2.98111681788895,29.4198980660277,0.36501578386799,0.11747945016527
13.05,124.706252547322,130,16.6851490024798,31.9680226552987,2.10904104636775,3.35759231157908,3.0179191886278,30.2885778315603,0.37206516779557,0.121102808200688
13.0666666666667,124.734144525203,131,17.6851490024798,32.8992132032548,2.17211511845092,3.42066638366225,3.05554008920509,31.2002380593881,0.382541947846464,0.124974580318914
13.0833333333333,124.761798149421,132,18.6851490024798,33.8934622232306,2.23487140039114,3.48342266560247,3.0940221384913,32.1270059804107,0.392048976251918,0.128883214652988
13.1,124.789967803331,133,19.6851490024798,34.9482604801165,2.30121818633014,3.54976945154147,3.13339136804904,33.0864772652579,0.403079278401515,0.132954575041368
13.1166666666667,124.818495156789,134,20.6851490024798,36.061188022266,2.37318555777597,3.6217368229873,3.17372224524701,34.0904546654756,0.416837158443995,0.137258920181667
13.1333333333333,124.84669868477,134,20.6851490024798,37.2301222060845,2.45153422791177,3.7000854931231,3.21511164896268,35.1462157403504,0.433675212121274,0.141827934355813
13.15,124.874083531315,135,21.6851490024798,38.3571382229269,2.53623298328734,3.78478424849867,3.25766187262583,36.2577086365877,0.453430659843929,0.146668410915587
13.1666666666667,124.900687988177,136,22.6851490024798,39.5430888074599,2.61915039779432,3.86770166300565,3.30140097529788,37.3897856317502,0.470847105538921,0.151522787885512
13.1833333333333,124.927023929631,136,22.6851490024798,40.7864211105236,2.70356937477836,3.95212063998969,3.34632398332019,38.5553214362884,0.488076596023459,0.156493864400825
13.2,124.953893359135,137,23.6851490024798,41.9892855864802,2.79138662685133,4.03993789206266,3.39246828375833,39.7633109765279,0.506307611759871,0.161644041920959
13.2166666666667,124.982239220322,137,23.6851490024798,43.2523234097702,2.8758564038837,4.12440766909504,3.43982448110856,40.9827820416423,0.521237706260878,0.166756615459239
13.2333333333333,125.013058842717,137,23.6851490024798,44.4774561792445,2.96119407626434,4.20974534147567,3.48836930867671,42.2298339082429,0.535647840457018,0.171962549017435
13.25,125.047367716957,137,23.6851490024798,45.6686784147584,3.08618441778942,3.40888035766393,3.52913226045969,43.4917789676683,0.59382454651241,0.17708460287984
13.2666666666667,125.086200646494,137,23.6851490024798,46.7989103522014,3.22864385755262,3.50860196549817,3.56534973209178,44.793067884282,0.674027060720351,0.18191240097635
13.2833333333333,125.130646500666,137,23.6851490024798,47.8449943771904,3.35104365532363,3.59428182393787,3.60287089068768,46.091196097687,0.739300020310701,0.186185484404469
13.3,125.181922140195,137,23.6851490024798,48.817368919192,3.44796163600984,3.66212441041822,3.64142366021453,47.3435263605808,0.78658237824144,0.189714140735684
13.3166666666667,125.241497235865,137,23.6851490024798,49.7245936039185,3.51849151198487,3.71149532360074,3.68070072140655,48.5253616519536,0.815762887838751,0.192450707392401
13.3333333333333,125.311289648027,136,22.6851490024798,50.5733580094962,3.56442203382979,3.74364668889218,3.72040109693409,49.624653399296,0.828446744695963,0.194434035811701
13.35,125.393952025294,136,22.6851490024798,51.2724993672159,3.58893621394563,3.76080661497327,3.76025364068388,50.6377787872783,0.827084514585074,0.195749421709922
13.3666666666667,125.493252230484,135,21.6851490024798,51.9278674705518,3.58797162216044,3.76013140072364,3.79997882977054,51.5295061517055,0.809461230243895,0.196251451777465
13.3833333333333,125.614497123384,135,21.6851490024798,52.4453966730169,3.56901906467962,3.74686461048706,3.83932267596889,52.3168989519631,0.780760364700883,0.196164132802641
13.4,125.764854271674,134,20.6851490024798,52.9283536850053,3.53021458683167,3.7197014759935,3.87806017117035,52.9785073552982,0.740088622782589,0.19541573577573
13.4166666666667,125.953332298078,133,19.6851490024798,53.2805453708731,3.4798268878248,3.68443008668869,3.91600877016766,53.5399393994995,0.693014001478526,0.194259631993265
13.4333333333333,126.19020367949,133,19.6851490024798,53.5074253823916,3.41587903491531,3.63966658965205,3.95301848593039,53.9845026145453,0.638451406641091,0.192625213319113
13.45,126.485885857438,132,18.6851490024798,53.710033588077,3.33826379373294,3.58533592082439,3.98892826826316,54.3031397229875,0.576532248277835,0.190500877742703
13.4666666666667,126.849621442182,132,18.6851490024798,53.7903992797011,3.25574910897284,3.52757564149232,4.02363229031562,54.5290511616652,0.51302338830195,0.188160746264247
13.4833333333333,127.288429632439,132,18.6851490024798,53.8488367016523,3.16608541970965,3.46481105900808,4.05705832904366,54.6497036389278,0.446542684306213,0.185530354262088
13.5,127.806620269758,131,17.6851490024798,53.883259651394,3.07623322276689,3.40191452114815,4.08916636524357,54.694695864261,0.381595142614064,0.182830190657903
13.5166666666667,128.405861128371,131,17.6851490024798,53.7955745586858,2.9902574696182,3.34173149394407,4.11998012927901,54.6850021578716,0.320729118391223,0.180192249671861
13.5333333333333,129.085602089303,131,17.6851490024798,53.6865256581467,2.90242306094823,3.28024740787509,4.14950941763079,54.5979909318473,0.260200522409951,0.177435810271754
13.55,129.84363794256,131,17.6851490024798,53.5547486145564,2.81723138662355,3.22061323584782,4.17776176268195,54.4553544919608,0.20286556697008,0.174705703633739
13.5666666666667,130.676657961306,132,18.6851490024798,53.3991583238918,2.73710811821404,3.16452694796116,4.20478471479844,54.27218054699,0.150187326731653,0.172082946980067
13.5833333333333,131.580707110804,132,18.6851490024798,53.315266274021,2.66306309392326,3.11269543095761,4.23064562141155,54.0585031398148,0.102691016800414,0.169604541617817
13.6,132.550643435727,132,18.6851490024798,53.2006349249771,2.60296304570376,3.07062539720396,4.25546729681289,53.857493156766,0.0652439224486741,0.167528737276226
13.6166666666667,133.578759850113,133,19.6851490024798,53.0559106284094,2.55255779381851,3.03534172088429,4.27938846765214,53.6603583305973,0.0348883536908994,0.165728946551119
13.6333333333333,134.657115593448,133,19.6851490024798,52.9785653911875,2.5085797332056,3.00455707845525,4.30250433691742,53.4596170271772,0.00936705115263196,0.164107174536202
13.65,135.777914649027,134,20.6851490024798,52.8680508870493,2.47639879346454,2.98203042063651,4.32492650815529,53.286214995935,-0.00803166491957888,0.162841087458044
13.6666666666667,136.933479987637,135,21.6851490024798,52.8228397371327,2.4505260092691,2.9639194716997,4.34676103903868,53.1233103586573,-0.0210040818318524,0.161762348669266
13.6833333333333,138.116229765788,136,22.6851490024798,52.8395079848474,2.43505419314229,2.95308920041093,4.36811021825536,52.9953353469011,-0.0270636362341445,0.161007173356544
13.7,139.318659234282,137,23.6851490024798,52.9151059824803,2.43164038081783,2.95069953178381,4.38910900927121,52.9179918411659,-0.0253362941194267,0.160636009274595
13.7166666666667,140.533332775838,137,23.6851490024798,53.0472608055724,2.44036957598485,2.95680996840073,4.409901878967,52.9005201539178,-0.0159700187410663,0.160659664189924
13.7333333333333,141.752890571289,138,24.6851490024798,53.137993143335,2.46039949887678,2.97083091442508,4.43062838273109,52.947598204326,0.00030138309392275,0.161058992932962
13.75,142.970073944249,139,25.6851490024798,53.2882323122243,2.48265825419569,2.98641204314832,4.45136606243099,53.024025813976,0.0175344000383169,0.161549278572202
13.7666666666667,144.177772018771,140,26.6851490024798,53.4966611673775,2.50950482002173,3.00520463922654,4.47215817514211,53.1420974865773,0.0372017210161685,0.162207509519301
13.7833333333333,145.369089818201,141,27.6851490024798,53.7619856691897,2.5420887983354,3.02801342404611,4.49306792938236,53.3100424293727,0.0599693178323641,0.1630732956703
13.8,146.537434722984,142,28.6851490024798,54.0830238531371,2.60487849731387,2.42074658900257,4.50927347276958,53.5380800518811,0.112056261437417,0.164158657225155
13.8166666666667,147.676614984527,143,29.6851490024798,54.4366631172466,2.69926955665458,2.46322256570589,4.52014946848058,53.8618435554387,0.195476540848779,0.165387800252128
13.8333333333333,148.780941784885,144,30.6851490024798,54.802954294559,2.79102282369636,2.50451153587469,4.53150405016737,54.2625807196181,0.275601514832904,0.166578793139297
13.85,149.845325155755,145,31.6851490024798,55.1864898581979,2.87506186952247,2.54232910649644,4.54330088571235,54.7130417533674,0.349231837234334,0.167569206362538
13.8666666666667,150.8653527133,146,32.6851490024798,55.5911166877976,2.94905132181627,2.57562436002865,4.5554762157853,55.1956410776736,0.414961769344311,0.168283757253198
13.8833333333333,151.837343390402,147,33.6851490024798,56.0198826067722,3.01246747890834,2.60416163072008,4.56795578683024,55.69989100805,0.472562516774153,0.16870477637029
13.9,152.758372397067,148,34.6851490024798,56.4750636919676,3.06590140242781,2.62820689630385,4.58066571785191,56.2203091905601,0.522521818598579,0.168850059552765
13.9166666666667,153.62626723524,149,35.6851490024798,56.958238063664,3.11055548557583,2.64830123372045,4.5935388936775,56.7547731556123,0.565712946866479,0.168756867109626
13.9333333333333,154.439577649353,150,36.6851490024798,57.4703820106989,3.14789505619712,2.66510404050003,4.60651818667812,57.3032711242494,0.603166953654475,0.168470849201104
13.95,155.197524395203,150,36.6851490024798,58.0119722591269,3.17941991313486,2.67929022612202,4.61955753336902,57.8669876848139,0.635924452880373,0.168038782370843
13.9666666666667,155.899932837466,151,37.6851490024798,58.4869099261379,3.20652543359262,2.69148771032801,4.63262164731523,58.447661463203,0.664946541811938,0.167504152634596
13.9833333333333,156.547157355567,152,38.6851490024798,58.9971952781485,3.22258269170498,2.69871347647857,4.64565316853101,59.0103032824301,0.686045955964668,0.166655061055086
14,157.140001883736,153,39.6851490024798,59.5420146373069,3.23232557981158,2.70309777612654,4.65859068841195,59.5690956590104,0.702360165373302,0.165641158144494
14.0166666666667,157.679641074172,153,39.6851490024798,60.1202022984453,3.23912405886228,2.70615709169936,4.67140291373332,60.1349630677467,0.716115386542556,0.164568776123442
14.0333333333333,158.167545388182,154,40.6851490024798,60.6342366824853,3.24526179436019,2.70891907267342,4.68407951380185,60.7159626563959,0.72881527192672,0.16350974673593
14.05,158.605412301093,154,40.6851490024798,61.1849412252044,3.24434205314624,2.70850518912714,4.69659217575208,61.280887599646,0.736388397750464,0.162259658873618
14.0666666666667,158.995104889889,155,41.6851490024798,61.6743935214385,3.24092088165606,2.70696566195656,4.70890866882717,61.8458942047654,0.741824053411182,0.160962612402066
14.0833333333333,159.3385983445,155,41.6851490024798,62.2029526404689,3.23011411204928,2.70210261563351,4.72099285917998,62.3857960446806,0.742032070312086,0.159462319607555
14.1,159.637934404857,155,41.6851490024798,62.672236514658,3.21741741653036,2.69638910264999,4.7328138016884,62.9210631913216,0.740604317083251,0.157932795815152
14.1166666666667,159.895183355761,156,42.6851490024798,63.0860149730524,3.19846981356497,2.68786268131557,4.74434206641758,63.4294717508222,0.734779281731269,0.15623443307868
14.1333333333333,160.112412980162,156,42.6851490024798,63.5439677365171,3.17115442927055,2.67557075838308,4.75552442438883,63.8965680931756,0.723265519450072,0.154298973048107
14.15,160.291663746688,156,42.6851490024798,63.9470085794876,3.14272275625375,2.66277650552552,4.76632963918761,64.3506087009765,0.710784309438419,0.152356317030553
14.1666666666667,160.434929462146,156,42.6851490024798,64.2982550901636,3.1098263464221,2.64797312110127,4.7767382499608,64.7747983218225,0.695213990477749,0.15029912012951
14.1833333333333,160.544142668582,156,42.6851490024798,64.6006531274196,3.07083600611443,2.63042746796282,4.78671253241751,65.1582892550951,0.675559154643921,0.148074704455098
14.2,160.621164104162,156,42.6851490024798,64.8569033793955,3.02529227226782,2.60993278773185,4.7962072486138,65.4947298104338,0.651585241397939,0.145667597751811
14.2166666666667,160.667775458838,156,42.6851490024798,65.0694421871119,2.97348459011132,2.58661933076142,4.8051767749384,65.7810509911978,0.623539920003915,0.143086160477606
14.2333333333333,160.685674841357,156,42.6851490024798,65.2404556863534,2.91614033092314,2.56081441412674,4.8135795007818,66.0164897593536,0.591948146367847,0.140352702505831
14.25,160.676474500362,156,42.6851490024798,65.371912157165,2.85420379217973,2.53294297169221,4.8213802448162,66.2018294366153,0.557467298054176,0.137496458808874
14.2666666666667,160.641700300969,156,42.6851490024798,65.4656021418433,2.78868627782357,2.50346009023194,4.82855129044029,66.3388286709773,0.520789564824595,0.134548823719502
14.2833333333333,160.582792594582,156,42.6851490024798,65.5231795023463,2.72057040424343,2.47280794712088,4.83507250803284,66.4298071733023,0.482580236270507,0.131540308347955
14.3,160.501108123168,156,42.6851490024798,65.5461992811529,2.65075431876824,2.44139070865704,4.84093091506543,66.4773569849801,0.443442290970287,0.128498766416759
14.3166666666667,160.397922761484,156,42.6851490024798,65.5361501638668,2.58002415518975,2.40956213504672,4.84611992799252,66.4841508114882,0.40389949533639,0.125448517546111
14.3333333333333,160.274434843973,155,41.6851490024798,65.4944806711011,2.50904554019631,2.37762175829967,4.85063848193123,66.452822839768,0.364391907586997,0.122410076095358
14.35,160.131768820153,155,41.6851490024798,65.3264447831864,2.43836717078087,2.34581649206272,4.85449013381998,66.3859017003493,0.325279168088698,0.119400263751922
14.3666666666667,159.970979136333,155,41.6851490024798,65.1357024012305,2.36058594345023,2.31081493976393,4.85765044597773,66.248926716725,0.281826117915255,0.116182818491879
14.3833333333333,159.793054207412,155,41.6851490024798,64.9233394644538,2.27977810311032,2.27445141161097,4.86008572233886,66.0566076706149,0.236703458710659,0.11288672975675
14.4,159.598920471574,154,40.6851490024798,64.6902721107336,2.19878859555583,2.23800613321145,4.86178810444025,65.8205518669604,0.191761112370142,0.109601883783884
14.4166666666667,159.389446473899,154,40.6851490024798,64.3411943459331,2.11950687261767,2.20232935788928,4.86276740081304,65.5497368418168,0.148214660067439,0.106387824336386
14.4333333333333,159.165446853667,154,40.6851490024798,63.9792391733967,2.03526040421317,2.16441844710726,4.86301306911319,65.2141439223848,0.101783846151392,0.103031617594076
14.45,158.927686134101,153,39.6851490024798,63.6050300158737,1.95043015715562,2.12624483593136,4.86250909318425,64.8313815992083,0.0553160863612554,0.0996720441208192
14.4666666666667,158.676882380421,153,39.6851490024798,63.1229220081472,1.8678835409683,2.08909885864707,4.86126644432213,64.4148079917739,0.0106551202228958,0.0963998069810634
14.4833333333333,158.413710690153,153,39.6851490024798,62.6357090312973,1.78151283093059,2.05023203913009,4.85928144108055,63.9374747619108,-0.036123265458173,0.0930200003879082
14.5,158.138806439387,153,39.6851490024798,62.143700895363,1.69596966207387,2.01173761314457,4.85654799067219,63.4190366261311,-0.082008252895482,0.0896800830435856
14.5166666666667,157.852768371241,153,39.6851490024798,61.6471507181425,1.61419221159112,1.97493776042733,4.85308821114899,62.874123230011,-0.125122683011086,0.0864730805843623
14.5333333333333,157.556161549534,152,38.6851490024798,61.1463782635912,1.53786108689899,1.94058875431587,4.84894134650755,62.3133437674489,-0.16441753542929,0.0834520689169283
14.55,157.24952015383,152,38.6851490024798,60.5456588969707,1.46776973286908,1.90904764500242,4.84415576999946,61.7441962584638,-0.199424797681537,0.0806419427233906
14.5666666666667,156.933350059343,152,38.6851490024798,59.9478321687599,1.39626941554326,1.8768725022058,4.83875168149768,61.1349960235364,-0.235086620153875,0.0777989173680601
14.5833333333333,156.60813115273,152,38.6851490024798,59.3533087259567,1.33255405196648,1.69828825775002,4.83159206539832,60.5028843983338,-0.26301427704985,0.0750349582929745
14.6,156.274319453229,152,38.6851490024798,58.7573219117674,1.27867696682726,1.68010474151553,4.82264346670441,59.8671642122073,-0.281843375360483,0.0724019871034743
14.6166666666667,155.932349164446,152,38.6851490024798,58.1561467426492,1.22777315130441,1.66292470377657,4.81332854244983,59.2312065620448,-0.299033041212613,0.0698990684504605
14.6333333333333,155.582634834656,152,38.6851490024798,57.5520723277409,1.1794185681419,1.64660503195922,4.80366753076336,58.5944401323899,-0.314851021437249,0.0675110294806047
14.65,155.225573290085,152,38.6851490024798,56.9472179114672,1.13343043856068,1.63108403822556,4.79367894301053,57.9571752365926,-0.329409179650416,0.0652305008860631
14.6666666666667,154.861545282237,152,38.6851490024798,56.3435338282969,1.08977632603848,1.61635077524932,4.78338064934467,57.320325465583,-0.342722771703801,0.0630549679257308
14.6833333333333,154.490916839916,152,38.6851490024798,55.7428077656047,1.04850790509789,1.60242268318187,4.77279052529521,56.6851889767092,-0.35475353383806,0.0609846298618741
14.7,154.114040406311,152,38.6851490024798,55.1466738877611,1.00971447940318,1.58932990200991,4.76192678383027,56.0532815499912,-0.36543984150707,0.0590209040149493
14.7166666666667,153.731255869718,153,39.6851490024798,54.556623146562,0.973491853349815,1.57710476571689,4.75080809114671,55.4262130108704,-0.374716833229753,0.0571654293022331
14.7333333333333,153.34289143044,153,39.6851490024798,54.0701879776644,0.939922797832458,1.56577520947978,4.73945354157335,54.8055988800666,-0.38252896975416,0.0554194456538617
14.75,152.9492643067,153,39.6851490024798,53.5863658332506,0.916950026723737,1.55802189923059,4.7279064535616,54.2298654894629,-0.383773191337765,0.0540331611358938
14.7666666666667,152.550681365096,153,39.6851490024798,53.1065869054529,0.900925958290535,1.55261377613439,4.71621982444665,53.6880728102429,-0.380822278410931,0.0528876011102721
14.7833333333333,152.147439748188,153,39.6851490024798,52.6323114360386,0.889288057126361,1.54868598449148,4.70442922030185,53.1721239273325,-0.375339062584318,0.0518992408791184
14.8,151.739827416509,154,40.6851490024798,52.1649465990162,0.88030702971375,1.54565488773972,4.69255814153905,52.6762548380726,-0.368442040882427,0.0510117049648112
14.8166666666667,151.328123587822,154,40.6851490024798,51.8019694174406,0.872874912623155,1.54314654822165,4.68062208898901,52.196555405487,-0.360844489704583,0.0501888078372192
14.8333333333333,150.912599102686,154,40.6851490024798,51.4423121931108,0.874216368157465,1.54359928946447,4.66865545855352,51.7674085667583,-0.347903788799701,0.0496586140632109
14.85,150.49351673789,154,40.6851490024798,51.0873092730409,0.88030678653593,1.54565480566721,4.65669927276548,51.3749879431686,-0.332231094650576,0.049290980683954
14.8666666666667,150.071131482899,155,41.6851490024798,50.7382853540017,0.888443484027541,1.54840094107063,4.64477568710377,51.0091896561385,-0.315573721118993,0.0489987942567103
14.8833333333333,149.645690790105,155,41.6851490024798,50.4926455844769,0.896913819870882,1.55125967941775,4.63289445639672,50.6628929011893,-0.299033090888911,0.0487270677811889
14.9,149.217434806674,155,41.6851490024798,50.2492417291074,0.912607509137964,1.55655629954539,4.62108161618178,50.3681629113687,-0.278178994160307,0.0486937586018456
14.9166666666667,148.786596593587,156,42.6851490024798,50.0093092785372,0.931355461450642,1.56288373345092,4.60936850168885,50.1095435306259,-0.255711179166869,0.0487647230837868
14.9333333333333,148.353402335983,156,42.6851490024798,49.8702269101744,0.946453812385293,1.67445548078471,4.59857509294589,49.8749728457632,-0.237690058503716,0.0488532661518047
14.95,147.918071544113,156,42.6851490024798,49.7345052223792,0.963826888228927,1.68227336491435,4.58885085017517,49.6880173792243,-0.220528003047668,0.0491689116637646
14.9666666666667,147.480817161377,155,41.6851490024798,49.6065772457188,0.984465125282632,1.69156057158851,4.57928044326786,49.5342361875834,-0.201548829335072,0.0495937124111768
14.9833333333333,147.041845459185,155,41.6851490024798,49.3906435829517,1.00621802822109,1.70134937791082,4.56988197414781,49.4053455745679,-0.182150632959509,0.0500592284555685
15,146.601355885753,155,41.6851490024798,49.1893043015567,1.01985858275994,1.70748762745331,4.56062855145281,49.2584181877708,-0.168244451357984,0.0502717293803222
15.0166666666667,146.159541038024,154,40.6851490024798,49.0025143783284,1.02829658397965,1.71128472800217,4.55147275293822,49.1016030156561,-0.157900056439163,0.0503236097738343
15.0333333333333,145.716586756936,154,40.6851490024798,48.7337801974634,1.03368727630877,1.71371053955028,4.5423859576724,48.9414402401928,-0.149693536212567,0.0502832932862484
15.05,145.272672305473,153,39.6851490024798,48.4848562925605,1.0297173276192,1.71192406263997,4.53332142341297,48.7461183168751,-0.147639204814427,0.0499496798007652
15.0666666666667,144.827970601189,152,38.6851490024798,48.1586597515269,1.02114953587419,1.70806855635472,4.52422959571186,48.5318229274757,-0.148612119772793,0.0494740880045153
15.0833333333333,144.382648484005,151,37.6851490024798,47.760133612331,1.00336708713991,1.70006645442429,4.51505880399429,48.2738153136671,-0.155529388370643,0.0487093628790658
15.1,143.936867006071,150,36.6851490024798,47.2938230810744,0.974305747184746,1.68698885144447,4.50573286928407,47.9564171041757,-0.169638410115743,0.047589492241552
15.1166666666667,143.49078173449,149,35.6851490024798,46.7637922498973,0.924842423528999,1.89594096168163,4.49794385605436,47.568846505202,-0.200553257887995,0.0461034233458563
15.1333333333333,143.044543053433,148,34.6851490024798,46.1815267538797,0.857918592404096,1.8490942798942,4.49129110703144,47.0955817858698,-0.245495631353239,0.0442994989846789
15.15,142.598296299112,147,33.6851490024798,45.5563006083385,0.794509472034195,1.66566873802928,4.48206201324201,46.5502055938419,-0.283039796376761,0.0422697252562536
15.1666666666667,142.152181616455,146,32.6851490024798,44.8829894197675,0.727735206966019,1.63061224886849,4.47206528340074,45.9456172933311,-0.321624972028176,0.0400832293717779
15.1833333333333,141.706334139896,145,31.6851490024798,44.1576996916419,0.657494476137927,1.59373586518374,4.461496112404,45.2842870103728,-0.361778045179748,0.0377719301496249
15.2,141.260884681765,144,30.6851490024798,43.3822856334153,0.584260100787885,1.55528781812497,4.45032804580308,44.5668033919082,-0.40317108401695,0.0353503769372996
15.2166666666667,140.815960472562,143,29.6851490024798,42.5585284563416,0.508590124055446,1.51556108034044,4.43853929482529,43.7944985731456,-0.445427062387948,0.0328359491946234
15.2333333333333,140.371685874546,142,28.6851490024798,41.6881543409575,0.431058756707606,1.47485711248282,4.42611316168425,42.9691740981925,-0.488164771439902,0.0302466680780884
15.25,139.928183094018,141,27.6851490024798,40.7728525654446,0.352213494542379,1.43346334984608,4.41303797959349,42.092903300866,-0.531026283077964,0.0275998288385289
15.2666666666667,139.485572873816,140,26.6851490024798,39.8142916508241,0.272551262400319,1.3916406779715,4.39930676409309,41.1678946776472,-0.573691812858272,0.0249112316398577
15.2833333333333,139.043975113764,140,26.6851490024798,38.8141324445777,0.192507784368058,1.34961785200456,4.38491671584024,40.1964020655411,-0.615885892263284,0.0221948297471938
15.3,138.603509373633,139,25.6851490024798,37.8702120711639,0.112455656438131,1.30759048484135,4.36986867003271,39.1806693755957,-0.657377881282684,0.0194626535103252
15.3166666666667,138.164295353699,139,25.6851490024798,36.881963950311,0.0405275208389228,1.26982821365176,4.35420354438035,38.1597438057619,-0.69298470319111,0.0169746358704649
15.3333333333333,137.726453383021,138,24.6851490024798,35.9476044924814,-0.0264016181676251,1.2221496470437,4.33790294704713,37.1233530692055,-0.72463238558343,0.0146209344894601
15.35,137.290104899843,138,24.6851490024798,34.9667263044556,-0.0812767214494728,1.16727454376186,4.32070359524705,36.1020088597432,-0.747154799678169,0.0125752119219301
15.3666666666667,136.855372913879,137,23.6851490024798,34.0369567319147,-0.129696655093473,1.11885461011786,4.30269990062417,35.079347473626,-0.764320292679572,0.0106648135015929
15.3833333333333,136.422382444934,137,23.6851490024798,33.0575501469181,-0.168047651713804,1.08050361349753,4.28403610436678,34.0795175295726,-0.774067997356413,0.00901859496554315
15.4,135.991260933603,137,23.6851490024798,32.1270148617379,-0.202900551270624,1.04565071394071,4.26482469016064,33.0804563440599,-0.780839389493413,0.00743824564201322
15.4166666666667,135.562138583887,136,22.6851490024798,31.2420701425343,-0.230737514577796,1.01781375063353,4.24515945014649,32.1028387857526,-0.782539553130449,0.00604463871899496
15.4333333333333,135.135148600751,136,22.6851490024798,30.3037587454267,-0.250186386757727,0.998364878453603,4.22517373345461,31.1597683240394,-0.77851590986079,0.0048935854289491
15.45,134.710427419652,136,22.6851490024798,29.4121622524537,-0.26888010167524,0.97967116353609,4.20494212953015,30.2219747342231,-0.773815202338491,0.00374897549860748
15.4666666666667,134.288114919956,136,22.6851490024798,28.5652592320648,-0.283593826945612,0.964957438265718,4.18450962427789,29.3058247137317,-0.766436701543694,0.00271750919890756
15.4833333333333,133.868354532232,135,21.6851490024798,27.7611930593387,-0.292791428655537,0.955759836555794,4.16395994107498,28.4221730815398,-0.755528945503961,0.00185541078395541
15.5,133.451293287883,135,21.6851490024798,26.9022538484718,-0.296047889376673,0.952503375834657,4.14339241175651,27.5776583360938,-0.740978090972924,0.00118473551942265
15.5166666666667,133.037081892266,135,21.6851490024798,26.0895053584125,-0.301266916617275,0.947284348594055,4.12283778943792,26.7390864597159,-0.727919846796669,0.000456378507965563
15.5333333333333,132.625874755698,135,21.6851490024798,25.3216249597905,-0.30509102750578,0.94346023770555,4.10229629467439,25.9207106637239,-0.714183450276263,-0.000223093625932728
15.55,132.217829972338,134,20.6851490024798,24.5971940660889,-0.305643522845816,0.942907742365514,4.08181096598045,25.1324788621,-0.698622524642823,-0.000790519063905439
15.5666666666667,131.813109276275,134,20.6851490024798,23.8187226912798,-0.302081922069027,0.946469343142303,4.06144684167446,24.3808628579312,-0.680791357924981,-0.0012138143260916
15.5833333333333,131.411877995379,134,20.6851490024798,23.0873252881822,-0.301896412745435,0.946654852465895,4.04120733752652,23.6329034851592,-0.665509483986137,-0.00173150444274292
15.6,131.014305016416,134,20.6851490024798,22.4016076845781,-0.3013640855107,0.94718717970063,4.02107183180028,22.9032598664934,-0.650332975511344,-0.00222735202452829
15.6166666666667,130.620562770096,134,20.6851490024798,21.759998169865,-0.298309893569386,0.950241371641945,4.00106804033289,22.2023117560359,-0.633895596943159,-0.00263013662572244
15.6333333333333,130.230827241368,134,20.6851490024798,21.160978980442,-0.291663070678373,0.956888194532957,3.98125004823877,21.5369068559588,-0.615584838556356,-0.0029015348315645
15.65,129.845278007842,133,19.6851490024798,20.6032003931101,-0.281089312597734,0.967461952613596,3.96168309791647,20.9111580624131,-0.595278886311111,-0.00302578123608286
15.6666666666667,129.464098307422,133,19.6851490024798,19.9893434796347,-0.266705687389031,0.981845577822299,3.94243380083918,20.3271800510066,-0.573146493355061,-0.00300146179381898
15.6833333333333,129.087475133199,133,19.6851490024798,19.4206972531838,-0.256533005332584,0.992018259878746,3.92349490609206,19.7489209410173,-0.554325418579462,-0.00308517513279363
15.7,128.715599315833,132,18.6851490024798,18.8959927081506,-0.247082685728563,1.00146857948277,3.90482888711332,19.1889550686932,-0.536489540463953,-0.00316983956886907
15.7166666666667,128.348665554486,132,18.6851490024798,18.317537862022,-0.23622384581597,1.01232741939536,3.88644433291998,18.6563336081682,-0.518265217334011,-0.00318749118454832
15.7333333333333,127.986872486704,132,18.6851490024798,17.7860333844104,-0.230479502179692,1.01807176303164,3.86830692572068,18.1203208190293,-0.503784361825805,-0.00334926171423665
15.75,127.630422822727,131,17.6851490024798,17.2995628048366,-0.225443768267256,1.02310749694407,3.85037197566492,17.5973149649818,-0.49012267097081,-0.00351930585226974
15.7666666666667,127.279523523536,131,17.6851490024798,16.7598208924427,-0.218490694981596,1.03006057022973,3.83265250170849,17.0989362328968,-0.475599496574268,-0.00361332244773475
15.7833333333333,126.934386003067,130,16.6851490024798,16.2669775380891,-0.215936132812276,1.03261513239905,3.81512433700011,16.5960341271253,-0.464234230388547,-0.00383478805075447
15.8,126.595226300962,130,16.6851490024798,15.7225116542707,-0.213348733852148,1.03520253135918,3.7977547907606,16.1058680447129,-0.453109531935013,-0.00404585042572624
15.8166666666667,126.262265174563,129,15.6851490024798,15.2261994126665,-0.215840034864168,1.03271123034716,3.7804988626658,15.6036296585952,-0.445438089094146,-0.00441332444632373
15.8333333333333,125.935728187338,129,15.6851490024798,14.6790737674463,-0.218240032831397,1.03031123237993,3.76331904390517,15.1097235713701,-0.437822903116881,-0.00477609348635472
15.85,125.615845806175,128,14.6851490024798,14.1804879241876,-0.22526070996321,1.02329055524812,3.74617486129094,14.6014781708733,-0.433230845085937,-0.0052876871069503
15.8666666666667,125.30285347479,127,13.6851490024798,13.6311138978448,-0.231564025053323,1.01698724015801,3.72903795925905,14.1006425823437,-0.428175480693569,-0.00578068528762981
15.8833333333333,124.996991667334,127,13.6851490024798,13.0338463956059,-0.241840296496988,1.00671096871434,3.7118785269622,13.5853051157489,-0.425630474372158,-0.00640686480746388
15.9,124.698505924462,126,12.6851490024798,12.4875616071447,-0.258472999198685,0.990078266012645,3.69460896600797,13.0407799535126,-0.426990084238271,-0.00724953374354016
15.9166666666667,124.407646743984,125,11.6851490024798,11.8922933746189,-0.274641660964755,0.973909604246575,3.67718524731814,12.4947631628913,-0.427793799475556,-0.00809516945290117
15.9333333333333,124.124669258826,125,11.6851490024798,11.250289857905,-0.294186063654271,0.954365201557059,3.65958107686562,11.9295128866052,-0.430480201972281,-0.00906787347311971
15.95,123.849832710302,124,10.6851490024798,10.6598572888153,-0.319082524732989,0.929468740478342,3.64172266205404,11.3330778992001,-0.436210557226573,-0.0102365148533293
15.9666666666667,123.583399713648,123,9.68514900247982,10.0205742082374,-0.342393417058745,0.906157848152585,3.62358401198456,10.7348016885052,-0.440484273564606,-0.0113820306219939
15.9833333333333,123.325635177638,123,9.68514900247982,9.33435606943124,-0.368014452814437,0.880536812396894,3.60515729049389,10.1178154153553,-0.445811036013715,-0.0126284969366275
16,123.076804829946,122,8.68514900247982,8.69928941055701,-0.398067180724548,0.850484084486783,3.58638543241593,9.47052495548675,-0.453476914318776,-0.0140477916008019
16.0166666666667,122.837173337395,122,8.68514900247982,8.01482790130964,-0.425792332349629,0.822758932861701,3.56725645045944,8.82231474191472,-0.459122117598494,-0.0154251881545
16.0333333333333,122.607001912454,122,8.68514900247982,7.37901031228687,-0.455262423506919,1.24855126521133,3.54777354366273,8.15618584235557,-0.465390536102028,-0.0168893379953569
16.05,122.386545374397,121,7.68514900247982,6.80352980402731,-0.519642545477826,1.24855126521133,3.53585451495762,7.4790965148904,-0.510621016041234,-0.0182463487491332
16.0666666666667,122.176048231199,121,7.68514900247982,6.20321119726341,-0.575282174131427,1.24855126521133,3.52406093478198,6.80429925145408,-0.550404862845421,-0.0192755033386698
16.0833333333333,121.975739301948,121,7.68514900247982,5.67501590803465,-0.62432272167581,1.24855126521133,3.51239186229964,6.12587347217855,-0.586039052409517,-0.0200550296680871
16.1,121.785825654655,120,6.68514900247982,5.21370017642213,-0.660373866665297,1.24855126521133,3.50084635430481,5.47630833526511,-0.613307676652695,-0.0203942054493487
16.1166666666667,121.606486144793,120,6.68514900247982,4.71808736587824,-0.68015258425426,1.24855126521133,3.48942346554464,4.87706204142378,-0.62996430351585,-0.0202062704299355
16.1333333333333,121.437864478845,120,6.68514900247982,4.28565261429373,-0.690575212173541,1.24855126521133,3.47812224903195,4.30436502783426,-0.640360478727792,-0.0197260304879053
16.15,121.28006180671,120,6.68514900247982,3.91165398504993,-0.688538600968145,1.24855126521133,3.46694175634843,3.77739744341268,-0.642410590776221,-0.0188673113284637
16.1666666666667,121.133128938568,119,5.68514900247982,3.59157788255882,-0.67292150187757,1.24855126521133,3.45588103793842,3.3078621579774,-0.635295085559746,-0.0176090089082079
16.1833333333333,120.99705837303,119,5.68514900247982,3.22496211589123,-0.643960205544399,1.24855126521133,3.44493914339365,2.90190273570559,-0.619072435354696,-0.0159732782533641
16.2,120.871776413051,119,5.68514900247982,2.90997874959807,-0.610778514258006,1.24855126521133,3.43411512172899,2.52469857191314,-0.599575227519877,-0.0142589429913019
16.2166666666667,120.757135728417,119,5.68514900247982,2.64256373617571,-0.571511851649218,1.24855126521133,3.42340802164953,2.18767672566325,-0.575585432639449,-0.0124112400950772
16.2333333333333,120.6529087897,118,4.68514900247982,2.41886107152786,-0.525575526828497,1.24855126521133,3.41281689180925,1.89731595931132,-0.546702078985502,-0.0104173574446143
16.25,120.558782637702,118,4.68514900247982,2.13904483512028,-0.473246495933043,1.24855126521133,3.40234078106124,1.65645493644784,-0.513080889624361,-0.00829188155529063
16.2666666666667,120.474355453686,118,4.68514900247982,1.9019012332477,-0.423351134388094,1.24855126521133,3.39197873870005,1.42840611658369,-0.480428683312676,-0.00631570312557899
16.2833333333333,120.399135351198,117,3.68514900247982,1.70395762036608,-0.373508879456463,1.24855126521133,3.38172981469596,1.22378983838964,-0.447253626868686,-0.00440987004078468
16.3,120.332541716996,117,3.68514900247982,1.44575193401984,-0.32248987335486,1.24855126521133,3.37159305992169,1.04904368865458,-0.412789440762461,-0.00253414698305567
16.3166666666667,120.273909290794,116,2.68514900247982,1.2264150704246,-0.277863853219535,1.24855126521133,3.36156752637154,0.870597445241564,-0.381967893686879,-0.000924320596152519
16.3333333333333,120.222495002812,116,2.68514900247982,0.946626008651783,-0.236209239790409,1.24855126521133,3.35165226737324,0.701763090652368,-0.352649473703306,0.000535358780679513
16.35,120.177487402769,115,1.68514900247982,0.705642293312418,-0.203441594683273,1.24855126521133,3.34184633779263,0.514389988158425,-0.328721026042299,0.00166517646730656
16.3666666666667,120.138018335614,115,1.68514900247982,0.404256100898216,-0.174909554485505,1.24855126521133,3.33214879423138,0.326037114157731,-0.307258449559265,0.00262172089662721
16.3833333333333,120.103176369291,114,0.685149002479818,0.141825628291858,-0.155631983052928,1.24855126521133,3.32255869521792,0.111858606281394,-0.291569336658132,0.00325426459260531
16.4,120.072021375197,114,0.685149002479818,-0.180767971895616,-0.140320457942278,1.24855126521133,3.31307510139177,-0.10803631566751,-0.278311296939691,0.00373923878332238
16.4166666666667,120.043599612596,114,0.685149002479818,-0.464088370913557,-0.133557541950542,1.24855126521133,3.30369707568132,-0.356545205768745,-0.270498908578674,0.00393877301203544
16.4333333333333,120.016958675438,113,-0.314850997520182,-0.711012046303817,-0.129772247263232,1.24855126521133,3.29442368347543,-0.612088686273581,-0.264593437937516,0.00403688330648225
16.45,119.991161717543,113,-0.314850997520182,-1.02045591138408,-0.125379540952031,1.24855126521133,3.28525399278876,-0.859567083462845,-0.258296106885584,0.00414904509872567
16.4666666666667,119.965300467827,113,-0.314850997520182,-1.29279207254719,-0.126252268418118,1.24855126521133,3.27618707442122,-1.12574722229698,-0.255414041218496,0.00409145438669104
16.4833333333333,119.938506666381,112,-1.31485099752018,-1.53071562558983,-0.127787095469685,1.24855126521133,3.26722200211151,-1.39201332452456,-0.253004470778238,0.00401386943449141
16.5,119.909961679711,112,-1.31485099752018,-1.83297206931057,-0.127116176857809,1.24855126521133,3.25835785268497,-1.64551309382887,-0.249211545000918,0.00400652476639096
16.5166666666667,119.878904176484,112,-1.31485099752018,-2.09977182143855,-0.130636422869921,1.24855126521133,3.24959370619592,-1.91469709591971,-0.248166967773246,0.00386728813667007
16.5333333333333,119.844635854059,112,-1.31485099752018,-2.33365775206085,-0.134120821738093,1.24855126521133,3.24092864606453,-2.18219219957413,-0.247161717145881,0.0037328444431208
16.55,119.806525295091,112,-1.31485099752018,-2.53705802894044,-0.134965857345099,1.24855126521133,3.23236175920852,-2.43604576750311,-0.244504598933015,0.00368431013711894
16.5666666666667,119.764010100236,112,-1.31485099752018,-2.71228665822006,-0.131747417390848,1.24855126521133,3.2238921361696,-2.66843825138915,-0.239249120763572,0.00376305711908209
16.5833333333333,119.716597487666,112,-1.31485099752018,-2.86154452697335,-0.12387861474174,1.24855126521133,3.21551887123497,-2.87466511748063,-0.230982100569898,0.00398280239754081
16.6,119.663863575058,112,-1.31485099752018,-2.98692088794881,-0.111348484617011,1.24855126521133,3.20724106255398,-3.05233584540849,-0.219661414510319,0.00433874978117946
16.6166666666667,119.6054515682,112,-1.31485099752018,-3.09039523116316,-0.0945245696279365,1.24855126521133,3.19905781224997,-3.20074737754326,-0.205492691823273,0.0048144163232473
16.6333333333333,119.541069076026,112,-1.31485099752018,-3.17383949111507,-0.0740057120458986,1.24855126521133,3.1909682265275,-3.32039731983291,-0.188836729483428,0.00538665113189177
16.65,119.470484758404,112,-1.31485099752018,-3.23902054230906,-0.0505140691337341,1.24855126521133,3.18297141577511,-3.41260870287282,-0.170141004574091,0.00602925243007911
16.6666666666667,119.39352449354,113,-0.314850997520182,-3.28760293950491,-0.0248175615089178,1.24855126521133,3.17506649466365,-3.47924344939962,-0.14988997067149,0.00671550620324602
16.6833333333333,119.310067229096,113,-0.314850997520182,-3.22497757516335,0.00232425384417692,1.24855126521133,3.16725258224037,-3.52248606536818,-0.128569888985788,0.00741990294854783
16.7,119.220040657162,113,-0.314850997520182,-3.15485111249485,0.0381978267619225,1.24855126521133,3.15952880201881,-3.50777759209667,-0.101453961549624,0.00836891505934265
16.7166666666667,119.123416829568,113,-0.314850997520182,-3.07838304883107,0.0786337511439177,1.24855126521133,3.15189428206469,-3.44974421828642,-0.0711903091789567,0.00942332437562253
16.7333333333333,119.020207807736,113,-0.314850997520182,-2.99663802195599,0.120545184405357,1.24855126521133,3.14434815507777,-3.3600189057393,-0.0397615822424611,0.0104826538527538
16.75,118.910461421023,113,-0.314850997520182,-2.91059089030916,0.161699649448507,1.24855126521133,3.13688955847,-3.2478055486999,-0.00862225417801302,0.0114766913272749
16.7666666666667,118.794257189568,113,-0.314850997520182,-2.82113170200376,0.200534239330735,1.24855126521133,3.12951763443981,-3.12034187083962,0.0211898326335661,0.0123586613045714
16.7833333333333,118.671702452229,113,-0.314850997520182,-2.7290705403408,0.236006445966058,1.24855126521133,3.12223153004283,-2.98327860651656,0.0489630973657022,0.0130997452724434
16.8,118.542928727165,113,-0.314850997520182,-2.63514223544603,0.267474175679816,1.24855126521133,3.11503039725906,-2.84098955399427,0.0742392395311427,0.0136847031835356
16.8166666666667,118.408088321841,113,-0.314850997520182,-2.54001093344066,0.294599630788018,1.24855126521133,3.10791339305661,-2.69682461773811,0.0967545103577752,0.0141083920784636
16.8333333333333,118.267351200569,113,-0.314850997520182,-2.44427451618994,0.317272664604517,1.24855126521133,3.10087967945204,-2.55331589549639,0.116392644064029,0.0143730137962102
16.85,118.120902110794,113,-0.314850997520182,-2.34846886616343,0.335549988415503,1.24855126521133,3.09392842356753,-2.41234514705339,0.13314730793746,0.0144859535584917
16.8666666666667,117.968937964022,113,-0.314850997520182,-2.25307197229535,0.349607248996169,1.24855126521133,3.0870587976848,-2.27527954942553,0.147092305368045,0.0144580959412283
16.8833333333333,117.811665463349,113,-0.314850997520182,-2.15850787396073,0.359701525947383,1.24855126521133,3.08026997929601,-2.14308145095396,0.158358077512088,0.0143025252131539
16.9,117.649298966639,113,-0.314850997520182,-2.06515044129192,0.366142237720361,1.24855126521133,3.07356115115161,-2.0163968448745,0.167113307635727,0.014033533943266
16.9166666666667,117.482058572496,113,-0.314850997520182,-1.97332699105632,0.369268808915883,1.24855126521133,3.06693150130537,-1.89562645852297,0.173550646258816,0.0136658777521511
16.9333333333333,117.310168414915,113,-0.314850997520182,-1.88332173820825,0.369433752033117,1.24855126521133,3.06038022315645,-1.78098266970423,0.177875752394281,0.0132142256057877
16.95,117.133855151893,113,-0.314850997520182,-1.79537908402303,0.36699006494778,1.24855126521133,3.05390651548885,-1.67253489375015,0.180298992645759,0.0126927645403158
16.9666666666667,116.953346633085,113,-0.314850997520182,-1.70970674242454,0.362282049909421,1.24855126521133,3.04750958250812,-1.57024561401833,0.181029260860495,0.0121149255095528
16.9833333333333,116.768870731749,113,-0.314850997520182,-1.62647870673746,0.355638828180431,1.24855126521133,3.04118863387548,-1.47399883880858,0.180269480755263,0.011493203452984
17,116.580654326639,113,-0.314850997520182,-1.54583805963642,0.347369962780162,1.24855126521133,3.03494288473942,-1.38362244532411,0.178213436045938,0.0108390499314874
17.0166666666667,116.388922420121,113,-0.314850997520182,-1.46789962953284,0.337762715299881,1.24855126521133,3.02877155576489,-1.29890560503272,0.175043640123014,0.0101628209716614
17.0333333333333,116.193897379471,113,-0.314850997520182,-1.39275249704249,0.327080555709185,1.24855126521133,3.02267387316005,-1.21961226511411,0.170930012731797,0.00947376626401103
17.05,115.995798289153,113,-0.314850997520182,-1.32046235551686,0.315562620051752,1.24855126521133,3.01664906870076,-1.145491479701,0.166029176523889,0.00878004871391675
17.0666666666667,115.79484040269,113,-0.314850997520182,-1.25107372990529,0.303423872895296,1.24855126521133,3.0106963797528,-1.07628523573594,0.160484223482251,0.00808878566221084
17.0833333333333,115.591234683594,113,-0.314850997520182,-1.18461205844693,0.290855781821588,1.24855126521133,3.00481504929196,-1.01173429597101,0.154424831529241,0.0074061049696397
17.1,115.385187425674,113,-0.314850997520182,-1.12108564187613,0.278027352162139,1.24855126521133,2.99900432592195,-0.951582481353086,0.147967636304644,0.00673721067545124
17.1166666666667,115.176899943853,113,-0.314850997520182,-1.06048746496653,0.265086403298373,1.24855126521133,2.99326346389034,-0.895579732948409,0.141216783144003,0.0060864541601452
17.1333333333333,114.966568327437,113,-0.314850997520182,-1.00279689534175,0.252160994555065,1.24855126521133,2.98759172310243,-0.843484226497506,0.134264600521564,0.00545740772005339
17.15,114.754383248472,113,-0.314850997520182,-0.947981264547661,0.239360930183174,1.24855126521133,2.98198836913331,-0.795063758018044,0.127192349330129,0.00485293824144208
17.1666666666667,114.540529818596,113,-0.314850997520182,-0.89599733641668,0.226779290111599,1.24855126521133,2.97645267323791,-0.750096574404062,0.120071012917435,0.00427527928098774
17.1833333333333,114.325187488384,112,-1.31485099752018,-0.846792667761234,0.214493946837908,1.24855126521133,2.97098391235938,-0.70837178689001,0.112962101252282,0.00372610034800973
17.2,114.108529983831,112,-1.31485099752018,-0.896481153893875,0.202569039677292,1.24855126521133,2.96558136913561,-0.669689476055561,0.105918449339219,0.00320657256660179
17.2166666666667,113.890725999965,112,-1.31485099752018,-0.942757868841321,0.18305501024368,1.24855126521133,2.9602443319041,-0.670765626919188,0.0937941477524829,0.0024677502121913
17.2333333333333,113.671945252717,112,-1.31485099752018,-0.985766316909578,0.159514606194587,1.24855126521133,2.95497209470519,-0.699185569315696,0.0788488229041247,0.00162893739428806
17.25,113.452354127563,112,-1.31485099752018,-1.02565045724522,0.134498514963412,1.24855126521133,2.9497639572837,-0.745498004950802,0.0627171678200893,0.000773610021523077
17.2666666666667,113.232112060978,112,-1.31485099752018,-1.06255394747935,0.109780225499913,1.24855126521133,2.94461922508895,-0.80259245648558,0.046551433096299,-4.19986279375601e-05
17.2833333333333,113.011371598104,112,-1.31485099752018,-1.09661947104421,0.0865421940405808,1.24855126521133,2.93953720927341,-0.865197847903773,0.0311347434297757,-0.000782130514004912
17.3,112.790277908056,112,-1.31485099752018,-1.12798814237318,0.0655227080851014,1.24855126521133,2.9345172266898,-0.929479844052879,0.016970815354632,-0.00142619758418923
17.3166666666667,112.568968884239,112,-1.31485099752018,-1.15679898444152,0.047131119076328,1.24855126521133,2.92955859988686,-0.992718554651238,0.0043546361323717,-0.00196464868382531
17.3333333333333,112.347575576592,112,-1.31485099752018,-1.18318847335233,0.0315376954145643,1.24855126521133,2.92466065710372,-1.05305149872526,-0.00657217334535335,-0.00239577291959478
17.35,112.126222588455,112,-1.31485099752018,-1.20729014491832,0.0187431809856425,1.24855126521133,2.91982273226299,-1.10926944523283,-0.0157782778433388,-0.00272324830054442
17.3666666666667,111.905028434505,112,-1.31485099752018,-1.22923425843446,0.00863218675627643,1.24855126521133,2.91504416496258,-1.16065499121215,-0.0233093619303868,-0.00295428096453401
17.3833333333333,111.684105865563,112,-1.31485099752018,-1.2491475130776,0.00101375795281823,1.24855126521133,2.9103243004663,-1.20685559078795,-0.0292626767054622,-0.0030982101407724
17.4,111.463562165026,112,-1.31485099752018,-1.26715281260697,-0.00434818320958921,1.24855126521133,2.90566248969326,-1.24778427395842,-0.0337677780390872,-0.00316547836802709
17.4166666666667,111.243499420925,112,-1.31485099752018,-1.28336907427216,-0.00771234432445502,1.24855126521133,2.90105808920619,-1.28354254923468,-0.0369721472764485,-0.00316688635075916
17.4333333333333,111.024014776884,112,-1.31485099752018,-1.29791107806297,-0.00934377245185853,1.24855126521133,2.89651046119857,-1.3143610154849,-0.0390306402826869,-0.00311306799314598
17.45,110.805200664744,112,-1.31485099752018,-1.31088935265763,-0.00950236860638051,1.24855126521133,2.89201897348079,-1.34055405448129,-0.0400979186315614,-0.00301413426669404
17.4666666666667,110.587145021138,112,-1.31485099752018,-1.32241009464143,-0.00843509226834185,1.24855126521133,2.88758299946521,-1.36248566885213,-0.0403231859838346,-0.00287944518891542
17.4833333333333,110.369931489926,112,-1.31485099752018,-1.332575117777,-0.00637097067391606,1.24855126521133,2.88320191815031,-1.38054409713347,-0.0398466901733533,-0.0027174777708115
17.5,110.153639612099,112,-1.31485099752018,-1.3414818293097,-0.00351821324735028,1.24855126521133,2.87887511410382,-1.39512330057592,-0.0387975629248258,-0.00253576470285573
17.5166666666667,109.938345004496,112,-1.31485099752018,-1.34922323048664,-6.28812015118643e-05,1.24855126521133,2.87460197744497,-1.40660979367805,-0.0372926591831524,-0.00234088410020272
17.5333333333333,109.72411952847,112,-1.31485099752018,-1.35588793865548,0.00383131734681112,1.24855126521133,2.87038190382587,-1.41537359731725,-0.0354361306311178,-0.00213848507089301
17.55,109.511031449464,112,-1.31485099752018,-1.36156022848946,0.00802243998829342,1.24855126521133,2.86621429441198,-1.42176234243269,-0.0333195263176294,-0.00193333741367382
17.5666666666667,109.299145588316,112,-1.31485099752018,-1.36632009005784,0.0123891866285606,1.24855126521133,2.86209855586187,-1.42609775389901,-0.03102226005287,-0.00172939656521047
17.5833333333333,109.088523464991,112,-1.31485099752018,-1.37024330162598,0.0168294351612454,1.24855126521133,2.85803410030606,-1.42867390711386,-0.0286123215204477,-0.00152987713958771
17.6,108.879223435345,112,-1.31485099752018,-1.3734015152269,0.0212585828413142,1.24855126521133,2.85402034532526,-1.42975678100164,-0.0261471376920358,-0.00133733015032499
17.6166666666667,108.67130082143,112,-1.31485099752018,-1.3758623531964,0.0256078018628842,1.24855126521133,2.85005671392772,-1.42958473645254,-0.0236745145679864,-0.00115372036991292
17.6333333333333,108.464808035812,112,-1.31485099752018,-1.377689514006,0.0298222878089076,1.24855126521133,2.84614263452604,-1.42836963347976,-0.021233607703643,-0.000980501340115435
17.65,108.25979470028,112,-1.31485099752018,-1.378942885864,0.0338595564571692,1.24855126521133,2.84227754091321,-1.42629836753716,-0.0188558843924322,-0.000818686359772101
17.6666666666667,108.056307759312,112,-1.31485099752018,-1.37967866668232,0.0376878265634733,1.24855126521133,2.83846087223804,-1.42353465873763,-0.016566051559913,-0.000668914395724029
17.6833333333333,107.854391588602,112,-1.31485099752018,-1.37994948912845,0.0412845126148355,1.24855126521133,2.83469207297999,-1.42022096980278,-0.0143829320261655,-0.000531510327362605
17.7,107.65408809893,112,-1.31485099752018,-1.37980454959577,0.0446348412747849,1.24855126521133,2.83097059292341,-1.41648046162989,-0.0123202783437041,-0.000406539278932256
17.7166666666667,107.455436835631,112,-1.31485099752018,-1.37928974003309,0.0477305976198454,1.24855126521133,2.82729588713122,-1.41241892115404,-0.0103875183410806,-0.000293855042482851
17.7333333333333,107.258475073892,112,-1.31485099752018,-1.37844778167539,0.0505690017189929,1.24855126521133,2.82366741591803,-1.40812661615811,-0.00859043014316385,-0.000193142769428638
17.75,107.063237910083,111,-2.31485099752018,-1.37731835981244,0.0531517121769324,1.24855126521133,2.82008464482278,-1.40368004701331,-0.0069317470754863,-0.00010395622694984
17.7666666666667,106.869758349323,111,-2.31485099752018,-1.47211254629949,0.0554839505795797,1.24855126521133,2.8165470445809,-1.39914357697377,-0.00541169471509211,-2.57499904446273e-05
17.7833333333333,106.678067389458,111,-2.31485099752018,-1.56062661400855,0.0495723631633667,1.24855126521133,2.81305409109594,-1.43147598478961,-0.0092193112057407,-0.000207586966575618
17.8,106.488194101612,111,-2.31485099752018,-1.64310835434664,0.0389490315032206,1.24855126521133,2.80960526541086,-1.48848554540674,-0.0161293272290199,-0.000529852111064124
17.8166666666667,106.300165707481,110,-3.31485099752018,-1.7198082541064,0.0261452930636657,1.24855126521133,2.80620005367879,-1.56092567051177,-0.0245337026203965,-0.000908402515266733
17.8333333333333,106.114007653504,110,-3.31485099752018,-1.88715225999521,0.012924964713676,1.24855126521133,2.8028379471335,-1.64187390996932,-0.0333001104812083,-0.00128604596646084
17.85,105.92974368205,109,-4.31485099752018,-2.04315409527226,-0.00753233837591865,1.24855126521133,2.79951844205937,-1.76313705428359,-0.0468503534962926,-0.00187551024881283
17.8666666666667,105.747395899765,109,-4.31485099752018,-2.28445451704924,-0.030960983230989,1.24855126521133,2.79624103976113,-1.9088035613586,-0.0624679127835153,-0.00253587812560965
17.8833333333333,105.566984843186,108,-5.31485099752018,-2.50928496571487,-0.0624222448928033,1.24855126521133,2.79300524653314,-2.10392198969475,-0.083450013937009,-0.00342230830557002
17.9,105.388529541745,108,-5.31485099752018,-2.81450543723939,-0.0964571140783132,1.24855126521133,2.78981057362844,-2.3275767373743,-0.106307550713966,-0.00435602936297451
17.9166666666667,105.212047578282,107,-6.31485099752018,-3.09856689063549,-0.137359541153551,1.24855126521133,2.78665653722745,-2.60118346779005,-0.133831910155837,-0.00546900759056032
17.9333333333333,105.037555147164,107,-6.31485099752018,-3.45854801188776,-0.179219583612419,1.24855126521133,2.7835426584064,-2.90125809895689,-0.162227718897746,-0.00657000086688728
17.95,104.865067110113,106,-7.31485099752018,-3.79311663755299,-0.226111085577328,1.24855126521133,2.78046846310548,-3.24746742849494,-0.194127026203903,-0.00778617602609084
17.9666666666667,104.694597049842,106,-7.31485099752018,-4.19956565064377,-0.272068535134178,1.24855126521133,2.77743348209678,-3.61520353611465,-0.225681067643641,-0.008926820499391
17.9833333333333,104.526157321592,105,-8.31485099752018,-4.57677364367529,-0.321223813627405,1.24855126521133,2.77443725095193,-4.02348042610574,-0.259542785542578,-0.0101231789664734
18,104.359759102654,105,-8.31485099752018,-5.02224015354139,-0.367744312003468,1.24855126521133,2.7714793100096,-4.44738719525792,-0.291934351190058,-0.0111908273131733
18.0166666666667,104.19541243996,104,-9.31485099752018,-5.43504575552814,-0.41594056641338,1.24855126521133,2.7685592043427,-4.9058897767658,-0.325611327146429,-0.0122685192557838
18.0333333333333,104.033126295834,104,-9.31485099752018,-5.91288681393073,-0.460182823826947,1.24855126521133,2.76567648372551,-5.37421032221586,-0.356916472478884,-0.0131798413792755
18.05,103.872908591961,104,-9.31485099752018,-6.35503516974768,-0.504993031480213,1.24855126521133,2.76283070260053,-5.87157202569407,-0.388733828727007,-0.0140715507208261
18.0666666666667,103.714766251669,103,-10.3148509975202,-6.76319826896499,-0.544950333072275,1.24855126521133,2.76002142004526,-6.3735350072338,-0.41753528598366,-0.0147748818561168
18.0833333333333,103.558705240572,103,-10.3148509975202,-7.23523918837126,-0.576774130409309,1.24855126521133,2.75724819973875,-6.86280321823794,-0.441138776322195,-0.0151939789255069
18.1,103.404730605664,102,-11.3148509975202,-7.67058404978812,-0.606750748426926,1.24855126521133,2.75451060992808,-7.36448717996415,-0.463545856889903,-0.0155350585349957
18.1166666666667,103.252846512907,102,-11.3148509975202,-8.16725702914834,-0.630763346467575,1.24855126521133,2.75180822339474,-7.85875228474097,-0.482063102852939,-0.0156723356497942
18.1333333333333,103.103056283394,101,-12.3148509975202,-8.624840361654,-0.654476522798388,1.24855126521133,2.74914061742078,-8.36878525119881,-0.500311557406234,-0.0157898377337566
18.15,102.955362428128,101,-12.3148509975202,-9.14150912603566,-0.673317321220049,1.24855126521133,2.74650737375506,-8.87331241709928,-0.515318560261636,-0.0157455345327266
18.1666666666667,102.809766681483,101,-12.3148509975202,-9.61699107490956,-0.692621085230621,1.24855126521133,2.74390807857923,-9.39446160864814,-0.530503713449681,-0.0157117353555361
18.1833333333333,102.666270033403,100,-13.3148509975202,-10.0534270021979,-0.707581898995019,1.24855126521133,2.74134232247377,-9.91019655184004,-0.542752136331385,-0.0155381066728357
18.2,102.524872760385,100,-13.3148509975202,-10.5490910928952,-0.715373078569809,1.24855126521133,2.73880970038389,-10.4052066360342,-0.550194965868925,-0.0151415212410649
18.2166666666667,102.385574455289,100,-13.3148509975202,-11.0037987352577,-0.722604941847659,1.24855126521133,2.73630981158543,-10.9062392610713,-0.557065550832982,-0.0147363918728324
18.2333333333333,102.248374056038,99,-14.3148509975202,-11.419767704373,-0.725380508327043,1.24855126521133,2.73384225965074,-11.394806553312,-0.560836342178249,-0.0142015618615515
18.25,102.11326987324,99,-14.3148509975202,-11.8953392917058,-0.721500052974954,1.24855126521133,2.73140665241444,-11.8582957334175,-0.560050372437806,-0.0134732310244445
18.2666666666667,101.980259616778,99,-14.3148509975202,-12.3303868608205,-0.717985740878357,1.24855126521133,2.72900260193924,-12.3254797440439,-0.559218138743955,-0.0127777227404789
18.2833333333333,101.849340421409,99,-14.3148509975202,-12.7271777385246,-0.711190271170302,1.24855126521133,2.72662972448177,-12.7793676562184,-0.555986833970258,-0.0120002885125451
18.3,101.720508871412,98,-15.3148509975202,-13.0879207289845,-0.699043136731737,1.24855126521133,2.72428764045835,-13.208430507621,-0.548997410929638,-0.0110795306801153
18.3166666666667,101.593761024321,98,-15.3148509975202,-13.5109359141617,-0.680606541901689,1.24855126521133,2.72197597441075,-13.6052993685708,-0.537610749589785,-0.00999165152158844
18.3333333333333,101.469092433779,98,-15.3148509975202,-13.8960646436347,-0.663735490312972,1.24855126521133,2.7196943549721,-14.0026409050488,-0.52688701182716,-0.00898814219605162
18.35,101.346498171545,98,-15.3148509975202,-14.2455327570576,-0.645293353451513,1.24855126521133,2.71744241483267,-14.3863012036074,-0.514820216594173,-0.00796844751069039
18.3666666666667,101.225972848694,98,-15.3148509975202,-14.5614993314378,-0.62348207586521,1.24855126521133,2.71521979070578,-14.7467667821493,-0.500246818292548,-0.00687739706601125
18.3833333333333,101.107510636025,98,-15.3148509975202,-14.8460533337131,-0.597463585483678,1.24855126521133,2.71302612329372,-15.0780504861277,-0.482612252770759,-0.00569178177839967
18.4,100.991105283727,98,-15.3148509975202,-15.1012109813729,-0.567069229814634,1.24855126521133,2.71086105725373,-15.3768114324478,-0.461790885319617,-0.00441014785336379
18.4166666666667,100.876750140319,98,-15.3148509975202,-15.3289137471411,-0.532578962289365,1.24855126521133,2.70872424116406,-15.6416634863136,-0.437948410069536,-0.00304512600598568
18.4333333333333,100.764438170884,98,-15.3148509975202,-15.531026947531,-0.494555530655411,1.24855126521133,2.70661532748999,-15.8726351597271,-0.411437844091771,-0.00161774740349119
18.45,100.654161974645,98,-15.3148509975202,-15.7093388587535,-0.453721799584825,1.24855126521133,2.70453397255011,-16.0707507300658,-0.382721971935802,-0.000153306676357691
18.4666666666667,100.545913801888,98,-15.3148509975202,-15.8655603070151,-0.410871687055772,1.24855126521133,2.70247983648247,-16.2377080510089,-0.352316494366814,0.00132157916651796
18.4833333333333,100.439685570257,98,-15.3148509975202,-16.0013246836644,-0.366807103371693,1.24855126521133,2.70045258321097,-16.3756331804452,-0.320749274296592,0.00278099531757522
18.5,100.335468880462,98,-15.3148509975202,-16.1181883389471,-0.32229483133425,1.24855126521133,2.69845188041176,-16.486895758947,-0.288531999369694,0.00420105857986378
18.5166666666667,100.233255031394,98,-15.3148509975202,-16.2176313112912,-0.278038540903697,1.24855126521133,2.69647739947978,-16.5739721857587,-0.256141332467322,0.0055607260829803
18.5333333333333,100.133035034691,98,-15.3148509975202,-16.3010583520812,-0.234662145179097,1.24855126521133,2.69452881549533,-16.6393461795892,-0.224007230008264,0.00684222007648989
18.55,100.034799628763,98,-15.3148509975202,-16.3698002087782,-0.192701520844108,1.24855126521133,2.69260580719086,-16.6854383803928,-0.192506599354271,0.00803117532401239
18.5666666666667,99.9385392922945,98,-15.3148509975202,-16.4251151320098,-0.152602271704238,1.24855126521133,2.69070805691776,-16.7145583298422,-0.161960862303939,0.00911659144069177
18.5833333333333,99.8442442572498,98,-15.3148509975202,-16.4681905748926,-0.114721738493978,1.24855126521133,2.68883525061337,-16.7288735318724,-0.132636309243304,0.0100906532609794
18.6,99.7519045213908,98,-15.3148509975202,-16.5001450553514,-0.0793338763255277,1.24855126521133,2.68698707776799,-16.7303913979484,-0.104746382539983,0.0109484670558652
18.6166666666667,99.6615098603288,98,-15.3148509975202,-16.5220301545782,-0.0466359531405688,1.24855126521133,2.68516323139215,-16.7209507719806,-0.0784552301555748,0.0116877483721348
18.6333333333333,99.573049839123,98,-15.3148509975202,-16.5348326270226,-0.0167562848220749,1.24855126521133,2.68336340798392,-16.7022204461579,-0.0538820309993079,0.0123084878143383
18.65,99.4865138234438,99,-14.3148509975202,-16.5394765994325,0.010237571274327,1.24855126521133,2.68158730749638,-16.6757026535561,-0.0311057202741932,0.0128126137217946
18.6666666666667,99.4018909903121,99,-14.3148509975202,-16.4406515509912,0.0343305816791087,1.24855126521133,2.67983463330526,-16.6427399826537,-0.0101698425336352,0.0132036649920117
18.6833333333333,99.3191703384325,99,-14.3148509975202,-16.341400951073,0.0635536295177146,1.24855126521133,2.67810509217667,-16.5676194711499,0.0141035098782341,0.0137361629112853
18.7,99.2383406981299,99,-14.3148509975202,-16.2422584260623,0.0944513107020816,1.24855126521133,2.67639839423503,-16.4636293707942,0.0395055797991197,0.0142970179883973
18.7166666666667,99.1593907409056,98,-15.3148509975202,-16.1436990832822,0.124600587337679,1.24855126521133,2.6747142529311,-16.3409758822524,0.0644678305719743,0.0148094046140981
18.7333333333333,99.082308988623,98,-15.3148509975202,-16.142317824575,0.152370765037868,1.24855126521133,2.67305238501023,-16.2074165723539,0.0879161734446323,0.0152239964843454
18.75,99.0070838223361,98,-15.3148509975202,-16.1362468823354,0.168731369537604,1.24855126521133,2.67141251048071,-16.1056774957696,0.103963849332353,0.0152623646296432
18.7666666666667,98.9337034907722,98,-15.3148509975202,-16.1260256892669,0.176625949329876,1.24855126521133,2.66979435258229,-16.0278197806326,0.114422624841653,0.0150298507695862
18.7833333333333,98.8621561184788,98,-15.3148509975202,-16.1121554390842,0.178327785328956,1.24855126521133,2.66819763775491,-15.9676659584782,0.120698645334672,0.0146071948879786
18.8,98.7924297136461,97,-16.3148509975202,-16.0951007807104,0.175580827056399,1.24855126521133,2.66662209560756,-15.9204438524314,0.123876922473226,0.0140557879002919
18.8166666666667,98.7245121756158,97,-16.3148509975202,-16.1714657953052,0.169712808317825,1.24855126521133,2.66506745888726,-15.8824980446672,0.124789270714052,0.0134218744215559
18.8333333333333,98.6583913020843,96,-17.3148509975202,-16.2394093532224,0.153724388568256,1.24855126521133,2.66353346344836,-15.8879617100199,0.118877931318713,0.0124902248220952
18.85,98.5940547960121,96,-17.3148509975202,-16.3956872432325,0.131886020572466,1.24855126521133,2.66201984822185,-15.9225223123024,0.108842644391485,0.011405109058707
18.8666666666667,98.5314902722461,95,-18.3148509975202,-16.5386185296672,0.0992683412267077,1.24855126521133,2.66052635518496,-16.0122699201497,0.0914533044452638,0.0100185956138084
18.8833333333333,98.4706852638659,95,-18.3148509975202,-16.7651259727893,0.0615459704695333,1.24855126521133,2.65905272933088,-16.1369076994549,0.0703228395382552,0.00851906190470102
18.9,98.411627228261,94,-19.3148509975202,-16.9737008295015,0.0146914243203432,1.24855126521133,2.65759871863869,-16.3181537211123,0.0428196290369461,0.00678541283472796
18.9166666666667,98.354303552948,94,-19.3148509975202,-17.261441860777,-0.0350925409401873,1.24855126521133,2.65616407404347,-16.532593481838,0.0129191096312123,0.0050202129371451
18.9333333333333,98.2987015611352,94,-19.3148509975202,-17.5270188542698,-0.0915785692966363,1.24855126521133,2.65474854940662,-16.7997957124411,-0.021822022074393,0.00310748838156734
18.95,98.2448085170434,94,-19.3148509975202,-17.7715361926336,-0.148504413443156,1.24855126521133,2.65335190148628,-17.0949372797905,-0.0573660222372753,0.00124861504700873
18.9666666666667,98.1926116309888,94,-19.3148509975202,-17.9960816630292,-0.20171720151791,1.24855126521133,2.65197388990806,-17.3998335677372,-0.0909917541312721,-0.000428100380477507
18.9833333333333,98.1420980642365,94,-19.3148509975202,-18.2017229188172,-0.248642077870498,1.24855126521133,2.65061427713587,-17.7014674250914,-0.12096981632951,-0.00184826172326556
19,98.0932549336318,94,-19.3148509975202,-18.3895044246221,-0.287866395973495,1.24855126521133,2.64927282844299,-17.9908135967931,-0.1463072896978,-0.00297649920511358
19.0166666666667,98.0460693160142,94,-19.3148509975202,-18.5604448472438,-0.318816476389876,1.24855126521133,2.6479493118833,-18.2619028663532,-0.166548402966571,-0.00380499439358379
19.0333333333333,98.0005282524238,95,-18.3148509975202,-18.7155348567766,-0.341508251195818,1.24855126521133,2.64664349826275,-18.5110802128265,-0.181619963480992,-0.00434471298347783
19.05,97.9566187521036,95,-18.3148509975202,-18.759561016681,-0.356356650861406,1.24855126521133,2.64535516111099,-18.736419599632,-0.191712492019528,-0.0046187787307921
19.0666666666667,97.914327796306,96,-17.3148509975202,-18.7956906259591,-0.356030109049438,1.24855126521133,2.64408407665321,-18.9003598120708,-0.191998869388763,-0.00440785180572881
19.0833333333333,97.8736423419085,96,-17.3148509975202,-18.7284300840394,-0.344867725147283,1.24855126521133,2.64283002378216,-19.0153928466113,-0.185169783949572,-0.00386481407589743
19.1,97.8345493248452,97,-16.3148509975202,-18.6606592882332,-0.318273431120634,1.24855126521133,2.64159278403041,-19.0547875189883,-0.168161251199088,-0.00285835757791053
19.1166666666667,97.7970356633594,98,-15.3148509975202,-18.4965921964459,-0.282417813377121,1.24855126521133,2.64037214154279,-19.0390454453807,-0.144863296939116,-0.0015980193931994
19.1333333333333,97.7610882610835,99,-14.3148509975202,-18.2426389208954,-0.233856870054607,1.24855126521133,2.63916788304899,-18.947241315542,-0.112984646287789,1.41152244426798e-05
19.15,97.7266940099512,100,-13.3148509975202,-17.9049543941543,-0.171408692571494,1.24855126521133,2.63797979783645,-18.7670676319923,-0.0716786255992794,0.00200173532045576
19.1666666666667,97.6938397929475,101,-12.3148509975202,-17.4894358745647,-0.0954343216788893,1.24855126521133,2.63680767772337,-18.4926152815508,-0.0210960335784981,0.0043394008039217
19.1833333333333,97.6625124867026,102,-11.3148509975202,-17.0017219880764,-0.00729520616228525,1.24855126521133,2.63565131703198,-18.1226369921207,0.037954268865602,0.006971244575629
19.2,97.632698963933,103,-10.3148509975202,-16.4471931442541,0.0910505755810057,1.24855126521133,2.63451051256194,-17.6591977289719,0.104259809458141,0.00982468397331483
19.2166666666667,97.6043860957373,104,-9.31485099752018,-15.8309731750809,0.197343716431236,1.24855126521133,2.63338506356407,-17.1066340628537,0.176392318400129,0.0128202640344585
19.2333333333333,97.5775607537495,105,-8.31485099752018,-15.1579320556318,0.309235022403431,1.24855126521133,2.63227477171415,-16.4707592897609,0.252843609819495,0.0158785268257452
19.25,97.5522098121556,106,-7.31485099752018,-14.4326895756913,0.42443208675571,1.24855126521133,2.631179441087,-15.7582631615079,0.332121291614326,0.0189246162786504
19.2666666666667,97.5283201495785,106,-7.31485099752018,-13.6596198409488,0.540796695040039,1.24855126521133,2.63009887813074,-14.9762649643233,0.412813674098698,0.0218911787109746
19.2833333333333,97.5058786508354,107,-6.31485099752018,-12.9390307789958,0.656405132522459,1.24855126521133,2.62903289164127,-14.1319867467933,0.493631311369526,0.0247199989978639
19.3,97.4848722085722,108,-5.31485099752018,-12.1725836514411,0.761579587913038,1.24855126521133,2.62798129273696,-13.2694251230385,0.568240196866212,0.0271130358434077
19.3166666666667,97.4652877247797,108,-5.31485099752018,-11.3641655885474,0.827016144948391,2.07556741015972,2.63331146870408,-12.3898201866682,0.603925191365383,0.0291533497138133
19.3333333333333,97.44711207704,109,-4.31485099752018,-10.584844435043,0.849807363092263,2.09835862830359,2.64638136205701,-11.533808050606,0.596184814943736,0.0309915426401758
19.35,97.4303311539076,109,-4.31485099752018,-9.70970805798796,0.866578536530384,2.11512980174171,2.65978403548933,-10.7133940601825,0.584635599075917,0.0326415001898297
19.3666666666667,97.4149262765682,110,-3.31485099752018,-8.84340835510209,0.88822690095402,2.13677816616535,2.67351359734958,-9.88120418427557,0.576302772610466,0.034449697004467
19.3833333333333,97.4008697164379,110,-3.31485099752018,-7.89173137340859,0.912762722517522,2.16131398772885,2.68763010744185,-9.04267043086377,0.569800719532353,0.0363582209248535
19.4,97.3881210388605,111,-2.31485099752018,-6.95833995092763,0.946283081770162,2.19483434698149,2.70223363587463,-8.16616342819126,0.568891518466994,0.0385698409668928
19.4166666666667,97.3766246988841,111,-2.31485099752018,-5.94764108688188,0.983687158123194,2.23223842333452,2.71742490395022,-7.26894574984547,0.570126164828386,0.040930839498311
19.4333333333333,97.3663089636545,111,-2.31485099752018,-4.9618520464573,1.02923992753613,2.27779119274746,2.73330397698038,-6.32773738705859,0.576095485310497,0.0435852941967763
19.45,97.3570859230309,111,-2.31485099752018,-4.00022772220672,1.07691877137878,2.32547003659011,2.74994903649558,-5.36529499782327,0.582802273092146,0.0463478274830602
19.4666666666667,97.3488523013614,111,-2.31485099752018,-3.06162943636223,1.12301228270442,2.37156354791575,2.76735806910688,-4.3984302199682,0.587872747207405,0.0490995367920323
19.4833333333333,97.341490845433,111,-2.31485099752018,-2.14491079180096,1.16550246290255,2.41405372811388,2.78548207236359,-3.43889517467455,0.590100452742681,0.0517713667505559
19.5,97.3348721390189,111,-2.31485099752018,-1.24912275226514,1.20353539617647,2.4520866613878,2.80424869798322,-2.49442500078726,0.589064438689783,0.0543294002535172
19.5166666666667,97.3288567423924,111,-2.31485099752018,-0.373596379828171,1.23699963427997,2.4855508994913,2.82357798815776,-1.56975137731547,0.584830908189416,0.0567628444505829
19.5333333333333,97.3232974084318,111,-2.31485099752018,0.482050899646421,1.26621092847772,2.51476219368905,2.84339199823563,-0.667487559127959,0.577734132887168,0.0590748402838575
19.55,97.3180411936309,111,-2.31485099752018,1.31795166812771,1.29169072717326,2.54024199238459,2.86361997557184,0.211155693466974,0.568225491809658,0.061275852513658
19.5666666666667,97.3129314234712,110,-3.31485099752018,2.13404409830701,1.3140210637628,2.56257232897413,2.88420051042426,1.0658269006459,0.556776907696428,0.0633792190022159
19.5833333333333,97.3078095274656,110,-3.31485099752018,2.83395738761416,1.33375774548728,2.58230901069861,2.90508177710899,1.89664614116022,0.543825052176266,0.0653983865214514
19.6,97.3025166657114,109,-4.31485099752018,3.51965315472544,1.34372528520369,2.59227655041502,2.92615116660739,2.66715606505873,0.524922685080307,0.0670956057829708
19.6166666666667,97.2968951424753,108,-5.31485099752018,4.09416452110145,1.34827123040622,2.59682249561755,2.9472803431907,3.39046575581706,0.503067567461751,0.0685986664118426
19.6333333333333,97.2907895646743,108,-5.31485099752018,4.56239558546034,1.34264966226943,2.59120092748076,2.9683315379153,4.03986187996918,0.475408693647138,0.0697453948929973
19.65,97.2840478163484,107,-6.31485099752018,5.02487236710302,1.32495516828111,2.57350643349244,2.9891132900129,4.59855810194377,0.441007313705123,0.0704596062908002
19.6666666666667,97.2765218847071,106,-7.31485099752018,5.38296465870492,1.30273890096774,2.55129016617907,3.00948822943201,5.09393352865609,0.404921040864056,0.0709710648012656
19.6833333333333,97.268068570123,106,-7.31485099752018,5.64001220318012,1.2729609290883,2.52151219429963,3.02934983228035,5.50901803456766,0.365328170139705,0.0711753893356221
19.7,97.2585501262601,105,-8.31485099752018,5.89524275176407,1.23440478017862,2.48295604538995,3.0485573676693,5.833225546993,0.321634157844641,0.0710234215863896
19.7166666666667,97.2478347817108,104,-9.31485099752018,6.04905436647525,1.19467187880526,2.44322314401659,3.06703002456992,6.09752750295778,0.278822665379907,0.0707520113083814
19.7333333333333,97.2357971610411,104,-9.31485099752018,6.10413646698208,1.15041377579843,2.39896504100976,3.08471547053495,6.28674223432869,0.23477377538747,0.0702521118763866
19.75,97.2223185791664,103,-10.3148509975202,6.15934715910529,1.09994106069662,2.34849232590795,3.10152052621301,6.39091060943358,0.188502480645085,0.0694639728397117
19.7666666666667,97.2072872839746,103,-10.3148509975202,6.1149397221789,1.05034334649379,2.29889461170512,3.11740366061583,6.44095115597753,0.144592889084535,0.06861179599222
19.7833333333333,97.1905986752058,102,-11.3148509975202,6.06980004880029,0.997795088646024,2.24634635385735,3.13234355665866,6.4212888590485,0.100563385490713,0.067574192679505
19.8,97.1721554864738,101,-12.3148509975202,5.92451080571163,0.947861308489291,2.19641257370062,3.14634022367967,6.35824391716961,0.0599484290077517,0.0665304211298788
19.8166666666667,97.1518679228003,101,-12.3148509975202,5.68225324614422,0.895698555205947,2.14424982041728,3.15939287245262,6.23272779049166,0.0195794422932928,0.0653283756169424
19.8333333333333,97.1296537517468,100,-13.3148509975202,5.44252626879509,0.838586277690928,2.08713754290226,3.17143896680601,6.03175739066366,-0.0222418161229049,0.0638780981320231
19.85,97.1054383502277,100,-13.3148509975202,5.10626597308837,0.801483408684219,2.05003467389555,3.17869397011145,5.78816080206769,-0.0413467946731023,0.0623820393784512
19.8666666666667,97.0791547101514,99,-14.3148509975202,4.77366129730451,0.792783103228723,1.24855126521133,3.17826346729149,5.51851842695147,-0.0264318023117838,0.0606417637566218
19.8833333333333,97.0507434353089,99,-14.3148509975202,4.32060164362743,0.787125329456192,1.24855126521133,3.17563834597679,5.23773550897554,-0.00583255710951285,0.0587156600483849
19.9,97.0201533044019,98,-15.3148509975202,3.82598928406439,0.764679060102533,1.24855126521133,3.17293473773445,4.9064614436922,0.0029666613898418,0.0563143642777037
19.9166666666667,96.9873429699908,98,-15.3148509975202,3.20059425410886,0.726152001981514,1.24855126521133,3.17015586670506,4.51849963409392,0.000318490221213295,0.0534778518440343
19.9333333333333,96.9522823193749,98,-15.3148509975202,2.55301394194265,0.665368472429789,1.24855126521133,3.16730487329069,4.03608999346266,-0.0178765785845434,0.0500300228047695
19.95,96.9149530159316,97,-16.3148509975202,1.88883921092454,0.588306714685705,1.24855126521133,3.16438481601988,3.47428524166695,-0.0478746307703685,0.0461805713494726
19.9666666666667,96.8753484540165,97,-16.3148509975202,1.11696057549016,0.500223006411698,1.24855126521133,3.16139867337417,2.84758694967459,-0.0863429330014555,0.0421092771886608
19.9833333333333,96.8334733239551,96,-17.3148509975202,0.34418681624288,0.397638915501278,1.24855126521133,3.15834934557696,2.13270891662795,-0.135567170948555,0.0377169816543055
20,96.7893429286782,96,-17.3148509975202,-0.52176428128312,0.287885922311529,1.24855126521133,3.15523965634549,1.35441845997148,-0.190843606696189,0.0332455167558902
20.0166666666667,96.7430350248794,96,-17.3148509975202,-1.37520056126983,0.168619756267727,1.24855126521133,3.15207235460661,0.496427666828926,-0.253682336905135,0.0286261352579597
20.0333333333333,96.6951758925187,96,-17.3148509975202,-2.21329108479581,0.0476327092655754,1.24855126521133,3.14885011617701,-0.411979015174133,-0.31903420379938,0.0241089179866629
20.05,96.64706553345,95,-18.3148509975202,-3.03358790389214,-0.0694259820266223,1.24855126521133,3.14557554540881,-1.34752962208776,-0.383176195809805,0.0198680588352815
20.0666666666667,96.5997415876338,95,-18.3148509975202,-3.93017075094408,-0.178605949044752,1.24855126521133,3.14225117680092,-2.29189504187928,-0.443444203622089,0.0160183910762942
20.0833333333333,96.5533193654983,95,-18.3148509975202,-4.79903260145902,-0.285293864456059,1.24855126521133,3.13887947657697,-3.26770430656626,-0.503204430893717,0.0123791305896002
20.1,96.5079340346858,95,-18.3148509975202,-5.63891919907636,-0.384392270015816,1.24855126521133,3.13546284423061,-4.2517578892474,-0.559069900787059,0.00910306246407451
20.1166666666667,96.4643639209096,95,-18.3148509975202,-6.44885487208638,-0.47260420780258,1.24855126521133,3.13200361403853,-5.2265072102156,-0.608784625793918,0.00628117687193421
20.1333333333333,96.42380309089,94,-19.3148509975202,-7.22811705122787,-0.548004545153298,1.24855126521133,3.12850405654213,-6.17892275232964,-0.65096216759008,0.00395823189149293
20.15,96.387642692059,94,-19.3148509975202,-8.07238660118487,-0.60969795303513,1.24855126521133,3.12496637999821,-7.09957128601928,-0.684876053893828,0.00214506991067407
20.1666666666667,96.3574396129242,94,-19.3148509975202,-8.87913902245934,-0.665548859486606,1.24855126521133,3.12139273179951,-8.01877040497773,-0.715483412776072,0.000578620815571415
20.1833333333333,96.3350769861807,94,-19.3148509975202,-9.64848958512897,-0.712442725202115,1.24855126521133,3.11778519986556,-8.91993341287501,-0.740688762639731,-0.000652234428736537
20.2,96.3232396668107,94,-19.3148509975202,-10.3807246995135,-0.748644081712114,1.24855126521133,3.11414581400441,-9.79117126155367,-0.759270590589143,-0.00150495596367168
20.2166666666667,96.326433672859,94,-19.3148509975202,-11.0762819121784,-0.773432783464015,1.24855126521133,3.11047654724601,-10.6242733714368,-0.770657686972396,-0.00197034597162116
20.2333333333333,96.3525026072811,94,-19.3148509975202,-11.7357313335682,-0.786819060004403,1.24855126521133,3.10677931714749,-11.4138876810768,-0.774752997091437,-0.00206246345542775
20.25,96.4133752949577,95,-18.3148509975202,-12.3597584328989,-0.789322134141745,1.24855126521133,3.10305598707124,-12.1568636107741,-0.77179592416269,-0.00181087751571176
20.2666666666667,96.522980754078,95,-18.3148509975202,-12.8529738487397,-0.781798824480121,1.24855126521133,3.09930836743602,-12.8517253150865,-0.76225498719563,-0.00125474756758265
20.2833333333333,96.6931659604094,95,-18.3148509975202,-13.3184850468701,-0.757313120812244,1.24855126521133,3.09553821694192,-13.4613515576492,-0.741555411978554,-0.000188765021727867
20.3,96.9313166713788,95,-18.3148509975202,-13.7570166509617,-0.720562235537726,1.24855126521133,3.09174724376941,-13.9986896585706,-0.712619763832579,0.00122182134408133
20.3166666666667,97.2407716249466,95,-18.3148509975202,-14.1693470276025,-0.675278836495107,1.24855126521133,3.08793710675327,-14.4744014179876,-0.677790127606784,0.00284767168227006
20.3333333333333,97.6223250430457,96,-17.3148509975202,-14.5562986238725,-0.624412544745988,1.24855126521133,3.08410941653164,-14.8972820418453,-0.638935631945172,0.00458844721617044
20.35,98.0752314009056,96,-17.3148509975202,-14.8225548509783,-0.570278068602473,1.24855126521133,3.08026573667092,-15.2746024970712,-0.597540344233825,0.00636718384405555
20.3666666666667,98.5970974229617,97,-16.3148509975202,-15.0712383618328,-0.506675415729288,1.24855126521133,3.07640758476681,-15.5754858518299,-0.549584691452858,0.00837536460554269
20.3833333333333,99.1847431808593,97,-16.3148509975202,-15.2068632774067,-0.438513812607577,1.24855126521133,3.07253643352214,-15.8171835114862,-0.498208098079763,0.0104508585942319
20.4,99.8345403485606,98,-15.3148509975202,-15.332363855558,-0.361365201844439,1.24855126521133,3.06865371180177,-15.9762623763136,-0.440534995768514,0.0127286978030459
20.4166666666667,100.542516465706,98,-15.3148509975202,-15.3520497186117,-0.281288548723478,1.24855126521133,3.06476080566518,-16.0754262608597,-0.380459624574025,0.0150117526130101
20.4333333333333,101.304436392096,99,-14.3148509975202,-15.3686372763577,-0.194541492492432,1.24855126521133,3.06085905937711,-16.0951417261669,-0.315568821471095,0.017415813936622
20.45,102.115864527412,100,-13.3148509975202,-15.2862074740611,-0.10752810399824,1.24855126521133,3.05694977639669,-16.0608097253403,-0.25000269439071,0.0197358582070082
20.4666666666667,102.972210867131,100,-13.3148509975202,-15.1110652276976,-0.0166066229000931,1.24855126521133,3.05303422034556,-15.9546709433322,-0.18143674841347,0.0220877266716438
20.4833333333333,103.868763657142,101,-12.3148509975202,-14.9454598712895,0.0798900310473742,1.24855126521133,3.04911361595528,-15.7662943674605,-0.108797743737024,0.0245214720146421
20.5,104.800711290902,102,-11.3148509975202,-14.6929939840368,0.174263819965073,1.24855126521133,3.04518914999459,-15.5276094389938,-0.0370756090907114,0.0267930863609092
20.5166666666667,105.763156165274,102,-11.3148509975202,-14.3594864015276,0.269438549454608,1.24855126521133,3.04126197217682,-15.2253919134559,0.0355684540546414,0.0289988275695503
20.5333333333333,106.751123459036,103,-10.3148509975202,-14.0466958883352,0.366779589626715,1.24855126521133,3.03733319604787,-14.852215314892,0.109987632739984,0.0311828908502335
20.55,107.759568171868,104,-9.31485099752018,-13.6577328619708,0.458580050165387,1.24855126521133,3.03340389985517,-14.4418506626688,0.181161142592468,0.0331047959043989
20.5666666666667,108.783384159223,104,-9.31485099752018,-13.1979249939409,0.547953309085024,1.24855126521133,3.02947512739803,-13.9820428772548,0.251027269637889,0.0348704283816705
20.5833333333333,109.817419153077,105,-8.31485099752018,-12.7685431858584,0.636581242996453,1.24855126521133,3.02554788885965,-13.4656906894355,0.320624166682635,0.0365372583282006
20.6,110.856499648035,105,-8.31485099752018,-12.2722153303786,0.717146999323243,1.24855126521133,3.02162316162133,-12.9264249198375,0.385167701321156,0.0378799253627803
20.6166666666667,111.895468824742,106,-7.31485099752018,-11.8099679891505,0.793188301872084,1.24855126521133,3.01770189105901,-12.3515234603521,0.446859424492299,0.0390199846718548
20.6333333333333,112.929239217962,107,-6.31485099752018,-11.2841933212576,0.804513369897351,2.05306463510868,3.02490332990511,-11.7965382965656,0.443012046605545,0.0398083029349188
20.65,113.952859793638,107,-6.31485099752018,-10.6715224457662,0.802828157955337,2.05137942316667,3.03445772640459,-11.2600853268713,0.42607408677674,0.0405329396776678
20.6666666666667,114.961598403003,108,-5.31485099752018,-10.0479484670654,0.808539114467009,2.05709037967834,3.04404821661299,-10.7076358783375,0.414262827369506,0.041478858808718
20.6833333333333,115.951033372879,109,-4.31485099752018,-9.3214036351607,0.820688211655434,2.06923947686676,3.05378778242285,-10.1372279320984,0.406764023035897,0.0426258501835965
20.7,116.917133268627,109,-4.31485099752018,-8.50116518150845,0.845578103115005,2.09412936832633,3.06383924662444,-9.51305331526457,0.407365406326187,0.0441888340013159
20.7166666666667,117.856325316724,110,-3.31485099752018,-7.69147052057661,0.885492094266994,2.13404335947832,3.07443467875269,-8.8136707046521,0.417159472158335,0.0462604910604133
20.7333333333333,118.76554865815,111,-2.31485099752018,-6.79672578426629,0.932570459465476,2.18112172467681,3.08575227851208,-8.06488904856406,0.430802321535738,0.0486056168970048
20.75,119.642287576017,111,-2.31485099752018,-5.82268811015441,0.989206414061947,2.23775767927328,3.09793124683371,-7.25014960315907,0.449627381092666,0.0513115794906484
20.7666666666667,120.484582677805,112,-1.31485099752018,-4.87047226664029,1.05586160124202,2.30441286645335,3.11113324247112,-6.36041799166877,0.473692556064078,0.0544059794318761
20.7833333333333,121.291020735263,113,-0.314850997520182,-3.84192996220269,1.12421076917257,2.3727620343839,3.12544769826697,-5.42875505683764,0.497519124613376,0.0576302690608691
20.8,122.060706002183,113,-0.314850997520182,-2.7408621469227,1.19698297248287,2.4455342376942,3.14092444764613,-4.44220278557079,0.522818285557787,0.0610741220334283
20.8166666666667,122.793217133844,114,0.685149002479818,-1.66697465276606,1.27538164145627,2.5239329066676,3.15764506689815,-3.39291169302504,0.550267509389448,0.0647813602172979
20.8333333333333,123.488554397134,115,1.68514900247982,-0.521167523046094,1.35196579849688,2.60051706370821,3.17563263276949,-2.31366137265229,0.575072997900417,0.0685155488127189
20.85,124.14709826079,116,2.68514900247982,0.693354134799252,1.43032995313826,2.67888121834959,3.1948852904808,-1.19043284245111,0.599591520511498,0.0723892821278323
20.8666666666667,124.769562050109,116,2.68514900247982,1.97339524254217,1.51243720263636,2.76098846784769,3.21544650053885,-0.0140006994924213,0.625053298027833,0.0764672152989082
20.8833333333333,125.356898295548,117,3.68514900247982,3.21980372117113,1.59912427916032,2.84767554437166,3.23738222630686,1.22104552557747,0.651926809488868,0.0807800731761752
20.9,125.910241548479,117,3.68514900247982,4.53214484846496,1.68284590404416,2.93139716925549,3.26069615686803,2.48047334884617,0.675383727181032,0.0850863803230048
20.9166666666667,126.430859705369,118,4.68514900247982,5.81140712859152,1.76724992696202,3.01580119217335,3.28536673412816,3.77755684608231,0.697847456996444,0.0894987186820496
20.9333333333333,126.920110962129,119,5.68514900247982,7.15691073353324,1.846774959304,3.09532622451533,3.31134983790517,5.08446347131839,0.715842679059806,0.0938347512591902
20.95,127.379406685128,119,5.68514900247982,8.56539705634504,1.92637586763239,3.17492713284372,3.3386032952496,6.4193565767786,0.732663168953944,0.0982470991642054
20.9666666666667,127.810180162683,120,6.68514900247982,9.93731188212458,2.00893977381988,3.25749103903121,3.36714916751647,7.79471443191659,0.750162430726639,0.102828266676795
20.9833333333333,128.213860858702,120,6.68514900247982,11.3716933600067,2.08822528427118,3.33677654948251,3.39697494143846,9.1815703371781,0.764369156948154,0.107377272817494
21,128.591853700632,120,6.68514900247982,12.7690103459584,2.16862821499908,3.41717948021041,3.42805975254483,10.5969009162376,0.778177546697893,0.112030983296642
21.0166666666667,128.945522773078,121,7.68514900247982,14.1319694288954,2.24494624219722,3.49349750740855,3.46036924979252,12.0153192892428,0.788318025297583,0.116619739264792
21.0333333333333,129.276178861747,121,7.68514900247982,15.55922259889,2.31457973532414,3.56313100053547,3.49380527228864,13.4196971562562,0.793299818406874,0.121051289292528
21.05,129.585070348548,122,8.68514900247982,16.9505232052369,2.43558357973722,2.95345977102739,3.51783064982925,14.8581857538895,0.853114576052718,0.125513371437027
21.0666666666667,129.873376916723,122,8.68514900247982,18.3803147685341,2.55280894532973,3.03551752694214,3.54212724508349,16.3294870804047,0.911033813395812,0.129763335394223
21.0833333333333,130.14220615785,122,8.68514900247982,19.7278433411122,2.66205071557241,3.11198676611202,3.56764781060881,17.8298556957448,0.962250791577263,0.133825763539243
21.1,130.392593128355,122,8.68514900247982,21.0009306788376,2.75482312453998,3.17692745238932,3.59424131984005,19.3114434670176,1.00154591163979,0.137420796980534
21.1166666666667,130.6255011768,123,9.68514900247982,22.206319629819,2.82752672216273,3.22781997072524,3.62168789704147,20.7436546388047,1.02694026409041,0.140420341516245
21.1333333333333,130.841823345668,123,9.68514900247982,23.4456393898923,2.87972604994788,3.26435950017485,3.64974535562238,22.1086503359926,1.03851745954919,0.142795993806244
21.15,131.042384244961,123,9.68514900247982,24.6208345835052,2.92062180866601,3.29298653127754,3.67822734030554,23.434400782233,1.04248180115347,0.144829473602508
21.1666666666667,131.227942423657,123,9.68514900247982,25.7353627559743,2.94878067958328,3.31269774091963,3.70698828528912,24.7054537743107,1.0381213724749,0.146466673180772
21.1833333333333,131.399193202515,123,9.68514900247982,26.7920196748275,2.96435008342388,3.32359632360804,3.73587586831467,25.9130437941021,1.02574760018075,0.147703571710209
21.2,131.55677180017,123,9.68514900247982,27.7929663970098,2.96838827400224,3.32642305701289,3.76474536822018,27.0530751072326,1.00624307004751,0.148565740893552
21.2166666666667,131.701256703491,123,9.68514900247982,28.7398169761395,2.96239323688267,3.3222265310292,3.79346741066537,28.1245353590187,0.980747337972976,0.149093782265206
21.2333333333333,131.833173164064,123,9.68514900247982,29.6337520922461,2.94799023632058,3.31214443063574,3.82193118089216,29.128305521816,0.950451666777681,0.149333545306863
21.25,131.952996721623,123,9.68514900247982,30.4756362103414,2.92673997230484,3.29726924582472,3.85004472530024,30.0663091867978,0.916475711546687,0.149330014163918
21.2666666666667,132.061156815068,123,9.68514900247982,31.2661250698964,2.90003411486265,3.27857514561518,3.87773354801107,30.9409364350762,0.879802922962811,0.149123877851466
21.2833333333333,132.15804036028,123,9.68514900247982,32.0057568379437,2.8690508788011,3.2568868803721,3.90493835602269,31.7546791754991,0.841255782259285,0.148749964800167
21.3,132.243995209264,123,9.68514900247982,32.6950246416223,2.83474926867286,3.23287575328233,3.93161252346597,32.5099217406173,0.801496259167058,0.148236895227566
21.3166666666667,132.319333506197,123,9.68514900247982,33.3344309314786,2.79788606813357,3.20707151290483,3.95771962900879,33.2088398030417,0.761040720306634,0.147607465006931
21.3333333333333,132.384334965742,123,9.68514900247982,33.9245256574447,2.75904427859517,3.17988226022795,3.98323126269534,33.8533704305109,0.720281735906387,0.146879412628566
21.35,132.439250006473,123,9.68514900247982,34.4659309331853,2.7186654384646,3.15161707213655,4.00812518936257,34.4452252126841,0.67951179561873,0.14606633296832
21.3666666666667,132.484302743249,123,9.68514900247982,34.959355011867,2.67708110946846,3.12250804183925,4.03238388486138,34.9859262789549,0.638945887497755,0.145178588294134
21.3833333333333,132.519693796441,123,9.68514900247982,35.4055982157971,2.63454090184127,3.09272989650022,4.05599341905272,35.47685146301,0.59874129814568,0.144224130880044
21.4,132.545602978225,123,9.68514900247982,35.805553110267,2.59123585629773,3.06241636461974,4.07894263774433,35.9192798659357,0.559013953619469,0.143209196415478
21.4166666666667,132.562191825316,123,9.68514900247982,36.1602007944013,2.54731694316959,3.03167312543005,4.10122258773868,36.3144327667294,0.519851237372727,0.142138857001218
21.4333333333333,132.569605910158,123,9.68514900247982,36.4706047659912,2.50290900320993,3.00058756745828,4.12282612985634,36.6635074308555,0.481321581829104,0.141017440591365
21.45,132.567976972232,123,9.68514900247982,36.7379034416093,2.45812074806874,2.96923578885945,4.143747690419,36.9677030943718,0.443481309200741,0.139848833475333
21.4666666666667,132.557424854956,123,9.68514900247982,36.963302096038,2.41305154874868,2.9376873493354,4.16398310959745,37.2282394623394,0.406379255112664,0.138636686421705
21.4833333333333,132.538059327632,123,9.68514900247982,37.1480647312182,2.36779573497627,2.90600827969472,4.1835295535238,37.4463686386888,0.370059691504418,0.137384545474051
21.5,132.509981775066,123,9.68514900247982,37.2935061914141,2.32244505708318,2.87426280516955,4.20238546509013,37.6233816511577,0.334564006684129,0.136095926619413
21.5166666666667,132.473286697652,123,9.68514900247982,37.4009847006378,2.27708985947232,2.84251416684195,4.22055053534861,37.7606107672406,0.299931523490941,0.134774350719121
21.5333333333333,132.428063108216,123,9.68514900247982,37.4718949012905,2.23181940397651,2.81082484799488,4.23802568317041,37.859428703268,0.266199756329888,0.133423351917538
21.55,132.37439581357,123,9.68514900247982,37.507661410033,2.18672167635956,2.77925643866302,4.25481303530043,37.921245671194,0.233404333336291,0.13204646967241
21.5666666666667,132.312366525143,123,9.68514900247982,37.5097328694399,2.1418829173416,2.74786930735045,4.27091590227674,37.9475050283258,0.201578745715779,0.130647231827016
21.5833333333333,132.242054848149,123,9.68514900247982,37.4795764546626,2.09738704390772,2.71672219594673,4.28633874804031,37.9396781201993,0.170754034069883,0.129229133877926
21.6,132.163539139347,123,9.68514900247982,37.4186727871804,2.0533150675054,2.68587181246511,4.30108715263382,37.8992587507141,0.140958481090922,0.127795617802093
21.6166666666667,132.076897314821,123,9.68514900247982,37.3285112081937,2.00974457162537,2.65537246534909,4.3151677683622,37.8277575830963,0.112217350184978,0.126350052459586
21.6333333333333,131.982207590768,123,9.68514900247982,37.2105853689734,1.9667492799569,2.62527576118116,4.32858827032472,37.7266966716551,0.0845526886637549,0.124895716622131
21.65,131.879549097846,123,9.68514900247982,37.0663891022101,1.92439872531662,2.59563037293297,4.34135730246209,37.5976042458995,0.0579832003211437,0.123435785021818
21.6666666666667,131.769002415117,123,9.68514900247982,36.8974125455777,1.88275801646507,2.56648187673688,4.35348442030014,37.4420098120095,0.0325241837671526,0.121973317398645
21.6833333333333,131.65065001071,123,9.68514900247982,36.7051384954442,1.84188769261929,2.53787265004483,4.36498003149126,37.2614395979219,0.0081875283394318,0.120511250287009
21.7,131.524576667636,123,9.68514900247982,36.4910389744342,1.80184365217465,2.50984182173359,4.37585533511424,37.0574123434127,-0.0150182424727785,0.119052391167078
21.7166666666667,131.390869875223,123,9.68514900247982,36.2565720012002,1.76267714147093,2.48242526424098,4.38612226053049,36.8314354219472,-0.0370878903306483,0.117599414574957
21.7333333333333,131.24962012464,122,8.68514900247982,36.0031785542926,1.72443479032827,2.45565561844112,4.39579340643308,36.5850012737054,-0.0580193534831671,0.116154859783787
21.75,131.100921152224,122,8.68514900247982,35.6361054370591,1.68715868278865,2.42956234316339,4.40488198057957,36.3195841266372,-0.0778136184210553,0.114721129713328
21.7666666666667,130.944870114073,122,8.68514900247982,35.2589889347657,1.64312599901788,2.39873946452385,4.41335266060114,35.9998130189137,-0.101404752595166,0.11305074135462
21.7833333333333,130.781567730016,122,8.68514900247982,34.8727971236149,1.59620191982055,2.36589260908571,4.42115285481403,35.6396998312943,-0.126236668950446,0.111263997277827
21.8,130.611118377169,122,8.68514900247982,34.4782034025173,1.54900723839658,2.33285633208894,4.42826758434795,35.2502523613059,-0.150610114233972,0.109443801398126
21.8166666666667,130.4336302056,122,8.68514900247982,34.075772643057,1.50320106527702,2.30079201090524,4.43470665841286,34.8398444580372,-0.173480955581797,0.107643876948358
21.8333333333333,130.249215252413,121,7.68514900247982,33.6660740856573,1.45973364815459,2.27036481891954,4.44049497472611,34.4146728187142,-0.194282637936183,0.105896228366856
21.85,130.057989491434,121,7.68514900247982,33.153567104461,1.41905818713341,2.24189199620472,4.44566552617792,33.9792203830947,-0.212779263076767,0.104217465183163
21.8666666666667,129.860072896826,121,7.68514900247982,32.6412114651363,1.37353866899743,2.21002833350953,4.45020553796926,33.4998557481631,-0.23388028336539,0.102364126366855
21.8833333333333,129.655589501917,121,7.68514900247982,32.1294129735651,1.32693007595838,2.1774023183822,4.45408472068418,32.9914243369832,-0.255130881079848,0.100454228445742
21.9,129.444667392119,120,6.68514900247982,31.6183867713494,1.298129241037,1.93006911675575,4.45393642679353,32.4723114057914,-0.257140870409571,0.0985575306315416
21.9166666666667,129.227438680982,120,6.68514900247982,31.0046491094087,1.27117056083166,1.91591580964795,4.45308524819888,31.9559446292944,-0.257452514857914,0.0966824909175292
21.9333333333333,129.004039610412,120,6.68514900247982,30.3846409365147,1.2357547690127,1.897322518943,4.45184832324383,31.4017651590655,-0.263408129579,0.0945553440100081
21.95,128.774610999094,119,5.68514900247982,29.7609516847617,1.19476261738592,1.87580163933894,4.45016869207796,30.8174106272927,-0.273070734385173,0.0922658382936204
21.9666666666667,128.539298630502,119,5.68514900247982,29.0394777188026,1.15055970327774,1.85259510943215,4.44801230619405,30.2101123843811,-0.284864004437203,0.0898879196374827
21.9833333333333,128.29825335608,119,5.68514900247982,28.3241503977737,1.09718694816859,1.82457441299984,4.44532655954196,29.5495239143674,-0.302554231041132,0.0872302087201884
22,128.051631016163,119,5.68514900247982,27.616036649041,1.03980663886493,1.79444975061542,4.44205903778392,28.8537695715378,-0.322743217938776,0.0844552390138313
22.0166666666667,127.799592337832,118,4.68514900247982,26.9158122833839,0.982010492860183,1.76410677396293,4.43819535758447,28.1371191835672,-0.343091358143523,0.0816765252251756
22.0333333333333,127.542302810043,118,4.68514900247982,26.1277862617559,0.926158347201693,1.73478439749222,4.43374694747494,27.4104799160332,-0.362084088826371,0.0789690290098194
22.05,127.279932487539,118,4.68514900247982,25.3546139100295,0.865860626600527,1.70312809417661,4.42870463989175,26.6451159763462,-0.383819784880437,0.0761288059984286
22.0666666666667,127.012655773502,118,4.68514900247982,24.5963619537203,0.805632226626856,1.67150818419043,4.42305465413394,25.8593945680817,-0.405365492928529,0.0732987906254918
22.0833333333333,126.740651171009,118,4.68514900247982,23.8529371253418,0.748341438626276,1.64143052049012,4.41681518334361,25.0669851781068,-0.424887861969007,0.0705703179157016
22.1,126.464101079649,117,3.68514900247982,23.1242384059569,0.695638226202165,1.61376133396747,4.41002392207316,24.2777306697563,-0.441361701365702,0.0679964358608702
22.1166666666667,126.183191617498,117,3.68514900247982,22.3140663114427,0.648308345449817,1.58891314657248,4.40272900804622,23.4984728634962,-0.454330641102257,0.0656029458064438
22.1333333333333,125.898112407544,117,3.68514900247982,21.5247454176284,0.598734437473036,1.56288684488467,4.39494574090329,22.6969386279657,-0.46871283821579,0.0631474509825167
22.15,125.609056368828,117,3.68514900247982,20.7561206917619,0.550508585299297,1.53756827249346,4.38667541257296,21.8885396823854,-0.482186979803671,0.0607439000765931
22.1666666666667,125.316219493985,117,3.68514900247982,20.0079361879331,0.505831574023685,1.51411284157376,4.37794434091723,21.0845549053701,-0.493358318449983,0.058462591644365
22.1833333333333,125.01980064729,117,3.68514900247982,19.2799527132495,0.465890713439439,1.49314388976704,4.36879340486767,20.2929441423508,-0.50150226950789,0.0563419324235284
22.2,124.720001359757,117,3.68514900247982,18.5720088422406,0.431167237653523,1.47491406497943,4.35927056856631,19.5190975624223,-0.50635715722265,0.0543980313665
22.2166666666667,124.417025651773,117,3.68514900247982,17.8840436137223,0.401676561611338,1.45943146005728,4.34942579210412,18.7664847843586,-0.507963216907684,0.0526322180070829
22.2333333333333,124.111079857545,117,3.68514900247982,17.2160949345713,0.377148920173344,1.44655444830234,4.33930777476624,18.0371910050911,-0.506542295022991,0.0510367102686703
22.25,123.802372478405,117,3.68514900247982,16.5682840015915,0.357159795273688,1.43606015773002,4.32896205134016,17.3323420120841,-0.50241157825732,0.0495987186575977
22.2666666666667,123.491114000473,117,3.68514900247982,15.9407930007713,0.341219863353096,1.42769169347171,4.31843004602025,16.6524284509054,-0.495924582240095,0.0483032863981429
22.2833333333333,123.177516666791,117,3.68514900247982,15.3338409359523,0.328833577757227,1.42118889353387,4.30774877093399,15.9975438666626,-0.48743313482522,0.0471351475689435
22.3,122.861794233438,117,3.68514900247982,14.7476606126876,0.319534377311424,1.41630681329983,4.29695093106218,15.3675522763998,-0.477264908257997,0.046079851485242
22.3166666666667,122.544161766478,117,3.68514900247982,14.1824784719409,0.3129031836411,1.41282543662291,4.28606526127635,14.7622004475626,-0.465711991674288,0.0451243609378477
22.3333333333333,122.22483552813,117,3.68514900247982,13.6384980403349,0.308575510678487,1.41055340831754,4.27511697346865,14.181188449452,-0.453026924012666,0.0442572906244662
22.35,121.904033947698,117,3.68514900247982,13.115887151036,0.306241275982939,1.40932793510237,4.26412823274485,13.6242099645052,-0.439423453705787,0.043468913891855
22.3666666666667,121.581981793564,117,3.68514900247982,12.614768713956,0.305640334599274,1.40901244087595,4.25311861258716,13.0909716608255,-0.425080018720892,0.0427510326777018
22.3833333333333,121.258905459975,117,3.68514900247982,12.1352146098803,0.306555873638487,1.40949309887154,4.24210550131532,12.5811988617812,-0.410144536869401,0.0420967780230407
22.4,120.935030753494,117,3.68514900247982,11.6772421972515,0.308807106734269,1.41067499624682,4.23110444770348,12.0946329256711,-0.394739565747963,0.041500386671175
22.4166666666667,120.610582992777,117,3.68514900247982,11.2408129114244,0.31224217504235,1.41247840710856,4.22012944377625,11.6310242207779,-0.378967247104782,0.0409569825774426
22.4333333333333,120.285787100596,118,4.68514900247982,10.8258324735165,0.316731771625068,1.41483544531449,4.20919314896204,11.1901233549435,-0.362913708952577,0.0404623799006081
22.45,119.960867696048,118,4.68514900247982,10.5283265749933,0.322163732922095,1.41768722499543,4.19830706305547,10.7716723727514,-0.346652778541373,0.0400129154335684
22.4666666666667,119.636049192409,118,4.68514900247982,10.245856792295,0.336258452197676,1.42508695261511,4.18751864794826,10.4122409399748,-0.325254599828115,0.0398550448957372
22.4833333333333,119.31155590286,119,5.68514900247982,9.9785324162608,0.355167213386349,1.43501405223916,4.17688846068831,10.0990332920017,-0.301258884325113,0.0398674102340161
22.5,118.987612119914,119,5.68514900247982,9.82279605093518,0.376227558530761,1.44607073343998,4.16644867392718,9.82219436940037,-0.27640635609549,0.0399656959853774
22.5166666666667,118.664442135199,119,5.68514900247982,9.67670015663925,0.404756686822703,1.53188094598722,4.15640270451349,9.61121837342543,-0.247648896865743,0.0403440270795404
22.5333333333333,118.342270286966,120,6.68514900247982,9.54328293082635,0.431695789681628,1.55073831798847,4.14767925963876,9.44492483573407,-0.222738839203909,0.0408540376788193
22.55,118.021320990881,120,6.68514900247982,9.52162074402388,0.459423293100103,1.5701475703814,4.13929688183563,9.31061734538036,-0.197971460677924,0.0414150581913782
22.5666666666667,117.701818669562,121,7.68514900247982,9.50968909241664,0.494382299695147,1.59461887499793,4.13130708446154,9.23872534162676,-0.169251717100272,0.0422344352112563
22.5833333333333,117.383987745722,122,8.68514900247982,9.60418641346197,0.532019718665748,1.62096506827735,4.12376730961328,9.21215133347176,-0.139576975697706,0.043169905008654
22.6,117.068052710071,122,8.68514900247982,9.79970644035396,0.577189899621472,1.65258419494636,4.11674087871196,9.25503512286145,-0.10589034743761,0.044378848527101
22.6166666666667,116.754238191196,123,9.68514900247982,9.99500836446962,0.632132787046417,1.69104421614382,4.11033137889422,9.38258345228975,-0.0668755012105088,0.0459377039074136
22.6333333333333,116.442769050121,124,10.6851490024798,10.287763227321,0.689592246150026,1.73126583751635,4.10460842402142,9.56644119494432,-0.0272834668462141,0.0476186981124569
22.65,116.133870434436,124,10.6851490024798,10.6735333480152,0.752838286702214,1.77553806590288,4.09962280673443,9.82280797601472,0.0149452498840817,0.0495278817371195
22.6666666666667,115.827767776984,125,11.6851490024798,11.0519341189012,0.823320556297451,1.82487565461955,4.09545197204011,10.1615849726119,0.0606600409201376,0.0517148728939137
22.6833333333333,115.524686759423,125,11.6851490024798,11.5213307899418,0.893525232842454,1.87401892820105,4.09213345595379,10.5511073582492,0.104993569719879,0.0539417235704174
22.7,115.224853284934,126,12.6851490024798,11.9816323888481,0.966796802258055,1.92530902679197,4.08968503211084,11.0057077143387,0.150103218939181,0.0563148671511604
22.7166666666667,114.928493492299,126,12.6851490024798,12.531225962605,1.03708459839309,1.97451048408649,4.08810408733265,11.4975869311053,0.192121650353395,0.0586406212711403
22.7333333333333,114.635833682578,126,12.6851490024798,13.0698814547891,1.10881125462475,2.02471914344865,4.08738300335267,12.0442502460972,0.233935821001789,0.0610583233569391
22.75,114.347100119257,126,12.6851490024798,13.5995915178716,1.17668237451425,2.07222892737131,4.08750441608091,12.6203712992176,0.272184612742697,0.0633975885574935
22.7666666666667,114.062518818906,126,12.6851490024798,14.1221171252929,1.23786115923236,2.11505407667398,4.0884041619601,13.2084672262594,0.305155762794176,0.065563611142641
22.7833333333333,113.782315259948,126,12.6851490024798,14.6388067945247,1.29119322234748,2.15238652085457,4.08999525419167,13.7970906958815,0.332250716624678,0.0675139199653544
22.8,113.506713946145,126,12.6851490024798,15.1505379724987,1.3366027152362,2.18417316587667,4.09218384422117,14.3792282226057,0.353572119372599,0.0692400977549135
22.8166666666667,113.235937799618,126,12.6851490024798,15.6577341153869,1.37464383491929,2.21080194965483,4.09487907567277,14.9509680697159,0.36962067546829,0.070754076604594
22.8333333333333,112.970206808607,126,12.6851490024798,16.1604236057792,1.40618390518099,2.23287999883802,4.09799850251501,15.5104486803618,0.381083435205081,0.0720783552467498
22.85,112.709734577103,125,11.6851490024798,16.6583170915592,1.43219193893006,2.25108562246237,4.10147045027833,16.0570674469873,0.388694575205823,0.0732393921388275
22.8666666666667,112.45472655613,125,11.6851490024798,17.0547137528028,1.45360773907396,2.2660766825631,4.10523440074327,16.5909136468591,0.393150955667049,0.0742634461300216
22.8833333333333,112.205379377239,124,10.6851490024798,17.4511623382951,1.46350915387603,2.27300767292455,4.10919112716435,17.0755596361953,0.390136932905152,0.074924465940212
22.9,111.96187976176,124,10.6851490024798,17.7502958836441,1.4664330562992,2.27505440462077,4.11323263251358,17.524047729176,0.382729323855788,0.0753606554903879
22.9166666666667,111.72440291642,124,10.6851490024798,18.0528458798044,1.45777680745988,2.26899503043324,4.11724641758457,17.9095418096861,0.368119119495347,0.0754192586944226
22.9333333333333,111.493110321738,124,10.6851490024798,18.3568153168463,1.44344363790915,2.25896181174774,4.12113247051166,18.2518633459484,0.350245095287892,0.075282666480219
22.95,111.268146871398,124,10.6851490024798,18.65999852763,1.42728082887057,2.24764784542073,4.12484716619616,18.5655467284906,0.331637877487567,0.0750711772078045
22.9666666666667,111.049637459763,124,10.6851490024798,18.9602513554174,1.41159484927123,2.23666765970119,4.12838239023244,18.8606871521355,0.313783566232317,0.074858127161177
22.9833333333333,110.837682965846,124,10.6851490024798,19.2556443438093,1.39759274135371,2.22686618415893,4.13175023722605,19.1438504996301,0.297431147086375,0.0746830191271235
23,110.632355634775,125,11.6851490024798,19.5445341340744,1.38573948133111,2.2185689021431,4.13497235615836,19.4189329061115,0.28283859919119,0.0745622618474912
23.0166666666667,110.433693947886,126,12.6851490024798,19.9217552879652,1.37603333758431,2.21177460152035,4.13807297143474,19.6879102025853,0.269960556914094,0.0744975231985691
23.0333333333333,110.241697157519,126,12.6851490024798,20.3801930562145,1.37596857846883,2.21172927013951,4.14112375456398,19.988277221512,0.263514854342517,0.0747316732598092
23.05,110.0563197174,127,13.6851490024798,20.8172195612356,1.38908429426185,2.22091027119463,4.14425936624926,20.3441210652136,0.265583642598593,0.0753852309036123
23.0666666666667,109.87746577924,129,15.6851490024798,21.3295076447703,1.40853684815632,2.23452705892075,4.14759033225954,20.7326316603239,0.271598271058856,0.0762467848958769
23.0833333333333,109.704984034437,130,16.6851490024798,22.0081887341324,1.43746641653843,2.25477775678823,4.15120994661389,21.1731900458525,0.283451049654601,0.0774215046129672
23.1,109.538663225741,131,17.6851490024798,22.7465696946222,1.48465967250241,2.28781303596301,4.15528401498813,21.7141224776597,0.306571907627298,0.0791982741346721
23.1166666666667,109.378228665989,133,19.6851490024798,23.5412471165097,1.5459846904151,2.3307405485019,4.15999967063044,22.3486269695113,0.338041842598292,0.0814559276638469
23.1333333333333,109.22334016612,135,21.6851490024798,24.4858717554199,1.6178016824994,2.38101244296091,4.16549849518913,23.0689294312959,0.375329657923337,0.0840861521902417
23.15,109.073591632567,136,22.6851490024798,25.5724645625099,1.7048442048523,2.44194220860794,4.17193211430686,23.9041188896038,0.421288982426968,0.0872475110426184
23.1666666666667,108.928512551229,138,24.6851490024798,26.6976670484134,1.80863892648813,2.51459851375302,4.17948721488006,24.8713125939705,0.476661409281597,0.090998372086395
23.1833333333333,108.787571489442,139,25.6851490024798,27.9574283204217,1.92093389086982,2.5932049888202,4.18830629159871,25.9420757683593,0.535956284566545,0.0950832246031289
23.2,108.650181600529,139,25.6851490024798,29.2497341447454,2.04392578257269,2.67929931301221,4.19850076342046,27.1313234498569,0.600463195019957,0.0995771372851894
23.2166666666667,108.515707934057,140,26.6851490024798,30.4791026647029,2.17027840123919,2.76774614607876,4.21014723906426,28.4102035652236,0.665381703321596,0.104249753558005
23.2333333333333,108.383476191133,140,26.6851490024798,31.7485664906047,2.2876397548842,2.84989909363027,4.22320417824362,29.7206147365563,0.722849500409347,0.108704311533018
23.25,108.252782577145,139,25.6851490024798,32.9621386772273,2.39725204635886,2.92662769766253,4.2375707494591,31.0600309441321,0.773845315635515,0.112973333355209
23.2666666666667,108.122904365258,139,25.6851490024798,34.0292710868458,2.49274363447681,2.99347180934509,4.25311232214574,32.3909037173676,0.814485971861247,0.116845287212757
23.2833333333333,107.993110633889,138,24.6851490024798,35.0569314687162,2.56375982435766,3.04318314226169,4.26959410208522,33.6523691218079,0.838459513211676,0.119976364993812
23.3,107.86267274259,137,23.6851490024798,35.9522306335572,2.61396562076655,3.07832719974792,4.28674831542142,34.8429108693474,0.848525781354525,0.122467296096768
23.3166666666667,107.730874231902,136,22.6851490024798,36.7232382689715,2.63944807172529,3.09616491541903,4.30430226570895,35.928177037403,0.84255981491118,0.124177720715364
23.3333333333333,107.597019821673,134,20.6851490024798,37.3766513501389,2.63987967327922,3.09646703650678,4.32196005473818,36.8884052463786,0.820770860204585,0.12508037095736
23.35,107.460443275264,132,18.6851490024798,37.8216334039657,2.61705492614231,3.08048971351095,4.33943549451953,37.7141282737903,0.784712029306864,0.125216399618158
23.3666666666667,107.32051403318,130,16.6851490024798,38.0683838065044,2.56608822381963,3.04481302188507,4.35642141803063,38.3659339790486,0.731653348782644,0.124413512760438
23.3833333333333,107.176642532282,127,13.6851490024798,38.1257183838076,2.48630511070871,2.98896484270742,4.3725802226955,38.8212816748856,0.661612302997572,0.122632013919201
23.4,107.028284213834,125,11.6851490024798,37.9048674443752,2.37956281927923,2.91424523870679,4.38758276580073,39.0696516450173,0.576215542525869,0.119913608917096
23.4166666666667,106.874942333738,123,9.68514900247982,37.5142079994235,2.2412847532291,2.8174505924717,4.40108145493794,39.0718308936337,0.472961229266072,0.116094555614445
23.4333333333333,106.716169693817,121,7.68514900247982,36.9584384324759,2.07899443051617,2.70384736657265,4.4127520202625,38.8431703044526,0.357100904385651,0.111397829277241
23.45,106.551569454054,119,5.68514900247982,36.2412088101505,1.89896323805519,2.57782553184997,4.4223511719378,38.3990317966439,0.232955187632417,0.106011497279471
23.4666666666667,106.3807951345,117,3.68514900247982,35.3655518208506,1.70619412943337,2.44288715581469,4.42970183163465,37.7536575419819,0.103927247546302,0.100087252653341
23.4833333333333,106.203549906004,116,2.68514900247982,34.334208698414,1.50453049287366,2.30172261022289,4.43467894811339,36.9196477122535,-0.0274044843537185,0.0937429845142265
23.5,106.01958531939,115,1.68514900247982,33.2460364865171,1.29682664154059,2.15632991428974,4.4371969684549,35.9078352395792,-0.159156792059556,0.0870674230962704
23.5166666666667,105.82869965976,114,0.685149002479818,32.0977517815702,1.10027379533002,1.82619500775959,4.43575329865738,34.7657939682391,-0.277100553129005,0.0803746945345941
23.5333333333333,105.630736029289,113,-0.314850997520182,30.8801485208622,0.918482981095679,1.73075483028656,4.43067195072222,33.5347104885892,-0.379713891576264,0.073821274037837
23.55,105.425580321763,112,-1.31485099752018,29.5871370237716,0.742944927776662,1.63859735229408,4.42397426521851,32.2276767765778,-0.476831033761102,0.0674457854211348
23.5666666666667,105.213159215164,111,-2.31485099752018,28.2218929321536,0.573418307826543,1.54959587682027,4.41571750595901,30.8492407717495,-0.568690685030027,0.0612419854423623
23.5833333333333,104.993437923894,111,-2.31485099752018,26.7878248826027,0.409562673367152,1.46357166872909,4.40595664051585,29.4032362182959,-0.655591155682953,0.0552003997046503
23.6,104.766417697762,111,-2.31485099752018,25.3846961339072,0.251018710320917,1.38033608812981,4.39474382387979,27.8930985290507,-0.73783812253216,0.0493108650815602
23.6166666666667,104.53213319234,111,-2.31485099752018,24.0101625664176,0.105275499633168,1.30382090251874,4.38216542599678,26.3589246783034,-0.810719804553583,0.0438137747642191
23.6333333333333,104.290649771001,111,-2.31485099752018,22.6623246882439,-0.02371523746274,1.22483602774859,4.36832217549286,24.8282987529965,-0.871786097734908,0.0388327408152274
23.65,104.042060772957,111,-2.31485099752018,21.339504878885,-0.131579349505961,1.11697191570537,4.35273382256141,23.3206905904284,-0.917046800353413,0.0344101773144386
23.6666666666667,103.786484878014,111,-2.31485099752018,20.0389946349837,-0.218691800862464,1.02985946434887,4.33550842165548,21.8497951067086,-0.946855158953314,0.0305285318803583
23.6833333333333,103.52406362624,111,-2.31485099752018,18.757993263871,-0.287854752722872,0.960696512488458,4.31697426315734,20.4218954885546,-0.963607233765578,0.0271293538498678
23.7,103.254959066957,111,-2.31485099752018,17.4952510825632,-0.342347400902244,0.906203864309087,4.29740836177913,19.0379665633929,-0.969905916586391,0.0241338689459824
23.7166666666667,102.979351506142,111,-2.31485099752018,16.2506959660709,-0.385353408035901,0.86319785717543,4.27703358575123,17.6961428430907,-0.96819021737062,0.0214610735265869
23.7333333333333,102.69743740038,111,-2.31485099752018,15.0250815172431,-0.419655704112515,0.828895561098815,4.25602298545254,16.3933818759714,-0.960548622482766,0.0190379449278587
23.75,102.409427351795,111,-2.31485099752018,13.8196866635789,-0.447512815439971,0.80103844977136,4.23450760984759,15.1264986696529,-0.948654820463031,0.0168041644671573
23.7666666666667,102.115544166658,111,-2.31485099752018,12.6360774290855,-0.470649140691133,0.777902124520197,4.21258537418391,13.8927381930294,-0.933778119820324,0.0147132865801867
23.7833333333333,101.816020968655,111,-2.31485099752018,11.4759299112086,-0.490309190170655,0.758242075040675,4.19032951735816,12.6900295539113,-0.916833931362206,0.0127318168346156
23.8,101.51109943045,111,-2.31485099752018,10.3409071301216,-0.507341079511793,0.741210185699537,4.16779588817077,11.5170365492872,-0.898450742771908,0.0108372389729017
23.8166666666667,101.201028121845,112,-1.31485099752018,9.23257971925221,-0.522286862799174,0.726264402412157,4.14502877119626,10.3730905707179,-0.879038738442191,0.00901568213328713
23.8333333333333,100.886061009437,112,-1.31485099752018,8.24855433816405,-0.535466570511035,0.713084694700295,4.12206525546482,9.25806642923149,-0.858851686039238,0.00725964984044791
23.85,100.566456053909,112,-1.31485099752018,7.28786545542795,-0.539389315188916,1.24855126521133,4.09900783855604,8.20903084292463,-0.833216637858129,0.00581581536491809
23.8666666666667,100.24247391188,112,-1.31485099752018,6.37087113574194,-0.582580017484698,1.24855126521133,4.08509809877022,7.19279469882503,-0.853118884357845,0.00458963559123696
23.8833333333333,99.9143764153005,112,-1.31485099752018,5.51585012442534,-0.617962753837779,1.24855126521133,4.07123408592047,6.1982215227881,-0.868304046161664,0.00364959553242577
23.9,99.5824243848788,112,-1.31485099752018,4.72026656542014,-0.642081606366778,1.24855126521133,4.05741795740012,5.24466926655385,-0.876449346526713,0.00309359391560271
23.9166666666667,99.2468756772921,112,-1.31485099752018,3.98156829521301,-0.653291104757093,1.24855126521133,4.04365178888854,4.34499133029395,-0.876383833262199,0.00295938669611025
23.9333333333333,98.9079837785873,112,-1.31485099752018,3.29720114765616,-0.651232500284584,1.24855126521133,4.02993757642949,3.5070807224584,-0.867764473424459,0.00324307525032551
23.95,98.5659968041545,112,-1.31485099752018,2.66462171413994,-0.63643135868813,1.24855126521133,4.01627723846361,2.73509375336078,-0.850825867506452,0.00391315982568747
23.9666666666667,98.2211567980298,112,-1.31485099752018,2.08130866431105,-0.609991505886487,1.24855126521133,4.00267261781602,2.03041495064054,-0.82618863480763,0.00492109156611415
23.9833333333333,97.8736992565928,112,-1.31485099752018,1.54477272816809,-0.573365135789155,1.24855126521133,3.98912548363989,1.39241359102237,-0.794714353088563,0.00620907514528467
24,97.5238528227505,112,-1.31485099752018,1.05256543598193,-0.528182795544763,1.24855126521133,3.97563753331699,0.819032942301751,-0.757397255437338,0.00771572612043054
