Tiempo_h,V_mgdL,g_mgdL,g1_mgdL,Kalman_mgdL,u,u_insu,IOB_U,z1,z2,z3
0,115.057308968855,121,5.94269103114547,-5.05730896885453,-0,1.24923460525743,0,0,0,0
0.0166666666666667,115.057308968679,120,4.94269103114547,-4.02244366119588,-0.340425991283773,1.24923460525743,0.0208196622618945,-1.94064658138502,-0.272959978914938,-0.0131293880817411
0.0333333333333333,115.057308963927,120,4.94269103114547,-3.14572728912498,-0.482810757264093,1.24923460525743,0.0416338968074273,-2.96309644231558,-0.390438903674919,-0.0181449476589064
0.05,115.057308935644,119,3.94269103114547,-2.325043711572,-0.497855082430055,1.24923460525743,0.0624374368831023,-3.35273839395331,-0.406987081763483,-0.0180629157062
0.0666666666666667,115.057308843827,119,3.94269103114547,-1.65239558123531,-0.43091528938539,1.24923460525743,0.0832251874586677,-3.29111811583276,-0.357650922078783,-0.0148155742563318
0.0833333333333333,115.057308625841,119,3.94269103114547,-1.02576207398321,-0.32179160767996,1.24923460525743,0.103992221051021,-2.95423601908763,-0.273545033546066,-0.010052671538638
0.1,115.057308197244,118,2.94269103114547,-0.443220830720329,-0.19193951904246,1.24923460525743,0.124733773638286,-2.43696124217901,-0.171513229375509,-0.00465775905178718
0.116666666666667,115.057307453669,118,2.94269103114547,0.00309919109973456,-0.0564922961225924,1.24923460525743,0.145445240662221,-1.81085055579579,-0.0635635791253028,0.000760936211221123
0.133333333333333,115.057306273123,117,1.94269103114547,0.415048002950477,0.0679102997476464,1.24923460525743,0.166122173117156,-1.1652047411569,0.0369300403949169,0.00555890871504377
0.15,115.057304518388,117,1.94269103114547,0.700278980223388,0.177384346760348,1.24923460525743,0.186760273723714,-0.526930065133229,0.126658860106183,0.0096069649626906
0.166666666666667,115.057302039373,117,1.94269103114547,0.960401309578031,0.26363575513516,1.24923460525743,0.207355393185603,0.0492581948876157,0.198749704712165,0.0126107217210431
0.183333333333333,115.057298675345,117,1.94269103114547,1.19686744888036,0.328863289858691,1.24923460525743,0.227903526527782,0.563016637078537,0.25467375259979,0.014691411207728
0.2,115.057294257,116,0.942691031145472,1.41108829496423,0.375436053532984,1.24923460525743,0.248400809514345,1.01591788720357,0.29607665839974,0.0159728066333858
0.216666666666667,115.057288608364,116,0.942691031145472,1.51037139845886,0.405758826550907,1.24923460525743,0.268843515144527,1.41083981359577,0.324670373305771,0.016575894233742
0.233333333333333,115.057281548527,116,0.942691031145472,1.59595969661199,0.415845896770883,1.24923460525743,0.289228050225206,1.71540602750401,0.33707895130078,0.0163710895442052
0.25,115.057272893197,117,1.94269103114547,1.66892300466874,0.41070236018924,1.24923460525743,0.309550952018377,1.94576269228537,0.337107508896245,0.0155804955349318
0.266666666666667,115.05726245611,117,1.94269103114547,1.82433621109474,0.394378748534935,1.24923460525743,0.329808884962049,2.11540458376412,0.327857467012953,0.0143816329839371
0.283333333333333,115.057250050276,117,1.94269103114547,1.96323950059757,0.376463585158888,1.24923460525743,0.349998637463068,2.27168409602768,0.316919602767796,0.0131593803846174
0.3,115.057235489097,117,1.94269103114547,2.08674642217698,0.356773810197799,1.24923460525743,0.370117118760417,2.41203573106115,0.304149609571461,0.0119079438784377
0.316666666666667,115.057218587348,118,2.94269103114547,2.19592514769464,0.33537367184933,1.24923460525743,0.390161355857524,2.53518803861225,0.28960018175432,0.010631285969905
0.333333333333333,115.057199162048,118,2.94269103114547,2.38585750147902,0.312486397220666,1.24923460525743,0.410128490522186,2.6408111350192,0.273452692468667,0.00933936730795572
0.35,115.057177033217,119,3.94269103114547,2.55759821450064,0.294760132284265,1.24923460525743,0.43001577635272,2.76533667274589,0.261042828133716,0.00828958967342541
0.366666666666667,115.057152024539,119,3.94269103114547,2.80634144595146,0.279774879291026,1.24923460525743,0.449820575908983,2.89761912996158,0.250500309967734,0.00738029509381133
0.383333333333333,115.057123963938,120,4.94269103114547,3.03326052417949,0.272244674701707,1.24923460525743,0.469540357906929,3.06578170043102,0.245647722439226,0.00678856744062998
0.4,115.057092684068,121,5.94269103114547,3.33367320109625,0.26836461310078,1.24923460525743,0.489172694475396,3.2523613928985,0.243520691299289,0.00635646867965926
0.416666666666667,115.057058022737,121,5.94269103114547,3.70293959371251,0.271885668342387,1.24923460525743,0.508715258473854,3.48073774434054,0.247171221711306,0.00622308551849736
0.433333333333333,115.057019823259,122,6.94269103114547,4.04252635531982,0.284692194628321,1.24923460525743,0.528165820869852,3.76603514817511,0.258188597172995,0.00645041677418442
0.45,115.056977934756,122,6.94269103114547,4.44805135064738,0.301020258387572,1.24923460525743,0.54752224817493,4.08105966238298,0.272043106598139,0.00680313403057519
0.466666666666667,115.056932212397,123,7.94269103114547,4.8211200233958,0.323322570321353,1.24923460525743,0.566782499937807,4.44202592620999,0.290731405067917,0.00737120746535874
0.483333333333333,115.056882517598,123,7.94269103114547,5.25748760327084,0.346349061450225,1.24923460525743,0.585944626293645,4.8228024576164,0.310095730586787,0.00794422526222163
0.5,115.05682871817,123,7.94269103114547,5.65889495132216,0.373012298497916,1.24923460525743,0.605006765568245,5.24061908588513,0.332468686003197,0.00863413901379032
0.516666666666667,115.056770688441,123,7.94269103114547,6.02717095691457,0.398469923899944,1.24923460525743,0.623967141936031,5.67029963064596,0.35399303547139,0.00924975269054414
0.533333333333333,115.05670830933,124,8.94269103114547,6.36410867071339,0.419661386737509,1.24923460525743,0.642824063130711,6.09386843116496,0.372191176075591,0.00967547892039748
0.55,115.056641468401,124,8.94269103114547,6.76551972005182,0.434839055045905,1.24923460525743,0.661575918207529,6.49890766878854,0.385609588637889,0.00985058173161718
0.566666666666667,115.056570059884,124,8.94269103114547,7.13318942726585,0.449535411454674,1.24923460525743,0.680221175356029,6.91334379827086,0.398618095640174,0.0099973689408719
0.583333333333333,115.056493984673,124,8.94269103114547,7.46898028774888,0.460836925476584,1.24923460525743,0.69875837976229,7.32028385419332,0.408872184087941,0.01000443690862
0.6,115.0564131503,124,8.94269103114547,7.77470911978353,0.467074237816518,1.24923460525743,0.7171861515196,7.70811196420575,0.414997035503132,0.0098124142656351
0.616666666666667,115.056327470897,123,7.94269103114547,8.0521430801393,0.467475849062282,1.24923460525743,0.735503183586566,8.06924350293535,0.416323754112033,0.00939875869514763
0.633333333333333,115.05623686713,123,7.94269103114547,8.20893700430668,0.461901366730702,1.24923460525743,0.753708239791665,8.39913862882034,0.412685186578008,0.00876615489706402
0.65,115.056141266126,123,7.94269103114547,8.34667140427196,0.444306454570929,1.24923460525743,0.771800152883277,8.65943157534629,0.399182517289537,0.0076895674577012
0.666666666666667,115.056040601383,123,7.94269103114547,8.4667433528155,0.418034497958956,1.24923460525743,0.789777822624241,8.86144991914593,0.37838894956585,0.00631425515949647
0.683333333333333,115.055934812671,122,6.94269103114547,8.57048483431302,0.38579753668337,1.24923460525743,0.807640213930014,9.01482774281727,0.352411219822695,0.00475601813377736
0.7,115.05582384592,122,6.94269103114547,8.56510391187379,0.349776839448567,1.24923460525743,0.825386355049515,9.12774536289631,0.322961791142772,0.00310609363347577
0.716666666666667,115.0557076531,121,5.94269103114547,8.55172619232063,0.305377547706079,1.24923460525743,0.84301533578776,9.17104353106978,0.286344201043201,0.00119113785205466
0.733333333333333,115.055586192093,121,5.94269103114547,8.43722948571876,0.256747555158064,1.24923460525743,0.860526305769415,9.16253123485181,0.245829007530304,-0.000818691704495145
0.75,115.055459426562,120,4.94269103114547,8.32240565135095,0.200604048267464,1.24923460525743,0.87791847274241,9.08013440351727,0.198773473657402,-0.00304589574833045
0.766666666666667,115.055327325809,120,4.94269103114547,8.11379728398614,0.141916379817826,1.24923460525743,0.895191100920766,8.94676357653637,0.149121371024369,-0.0052902359938145
0.783333333333333,115.055189864632,119,3.94269103114547,7.91186137303672,0.0778610783876025,1.24923460525743,0.912343509365819,8.74391046153173,0.0946200790766002,-0.00765920525221936
0.8,115.05504702318,119,3.94269103114547,7.62280760277433,0.0136047120936356,1.24923460525743,0.929375070405023,8.49687252755005,0.0393965492421997,-0.00994823807707002
0.816666666666667,115.054898786797,118,2.94269103114547,7.34676343994432,-0.0536638619325897,1.24923460525743,0.946285208087549,8.1886328465773,-0.0187664630491735,-0.0122678200510251
0.833333333333333,115.054745145874,117,1.94269103114547,6.98961369011126,-0.118891496824318,1.24923460525743,0.963073396675898,7.84530847611289,-0.0758088941830332,-0.014421153882297
0.85,115.054586095693,116,0.942691031145472,6.55710732729198,-0.185083711610867,1.24923460525743,0.97973915917277,7.45020615468115,-0.134082406832797,-0.0165293669429535
0.866666666666667,115.054421636271,116,0.942691031145472,6.05473868077766,-0.253760678495335,1.24923460525743,0.996282065882439,6.99331454259592,-0.194779402176303,-0.0186519682854332
0.883333333333333,115.054251772205,115,-0.0573089688545281,5.58180743291534,-0.325410255107727,1.24923460525743,1.01270173300591,6.46959460097629,-0.258279876521809,-0.0208065118758007
0.9,115.054076512516,114,-1.05730896885453,5.0433797633176,-0.393499479971658,1.24923460525743,1.02899782126914,5.913734322144,-0.319338724204598,-0.0227391346130219
0.916666666666667,115.053895870491,113,-2.05730896885453,4.44439821822186,-0.460176280165118,1.24923460525743,1.0451700345836,5.3149790896728,-0.379607070377336,-0.0245399634940369
0.933333333333333,115.053709863529,113,-2.05730896885453,3.78956554572397,-0.526553486166606,1.24923460525743,1.06121811873855,4.66724061062996,-0.43993036802032,-0.0262560153449186
0.95,115.053518512988,112,-3.05730896885453,3.17740698022512,-0.593029213469204,1.24923460525743,1.07714186012427,3.96787614351591,-0.50059377923201,-0.0279050840959725
0.966666666666667,115.05332184403,112,-3.05730896885453,2.51223333969232,-0.653196960917012,1.24923460525743,1.09294108448565,3.25282887970748,-0.556431475661359,-0.0292419110783366
0.983333333333333,115.053119885471,111,-4.05730896885453,1.89231189552806,-0.709470650624339,1.24923460525743,1.10861565570547,2.51176088030242,-0.609288606252301,-0.030370332063835
1,115.052912669631,111,-4.05730896885453,1.22171089051627,-0.75697996627696,1.24923460525743,1.12416547461671,1.77449140117504,-0.655198060244984,-0.0311095935680279
1.01666666666667,115.052700232185,111,-4.05730896885453,0.598469928696592,-0.799294164285954,1.24923460525743,1.13959047784337,1.02583024890896,-0.696915589104448,-0.03161106051907
1.03333333333333,115.052482612019,110,-5.05730896885453,0.0205033464432361,-0.798284714517435,1.24923460525743,1.14786465925617,0.316921300156241,-0.685429901268637,-0.0317598018798642
1.05,115.052259851088,110,-5.05730896885453,-0.60832995154961,-0.790194346470546,1.24923460525743,1.15635117704076,-0.339714724493557,-0.669226534802922,-0.0315680205505384
1.06666666666667,115.052031994272,110,-5.05730896885453,-1.19017597061486,-0.79832511043651,1.24923460525743,1.16833909386828,-0.981543326797012,-0.67557822386058,-0.0313203365783752
1.08333333333333,115.051799089241,110,-5.05730896885453,-1.72728392465732,-0.798271169161255,1.24923460525743,1.17939934948606,-1.59923090564767,-0.673142161964688,-0.0309181965834042
1.1,115.051561186318,111,-4.05730896885453,-2.22187864233352,-0.796201423812986,1.24923460525743,1.19108712614579,-2.18654785967317,-0.670900786380428,-0.0303076397074219
1.11666666666667,115.051318338347,111,-4.05730896885453,-2.58209289640591,-0.792298356157923,1.24923460525743,1.20365931525592,-2.74159111327496,-0.669569885639015,-0.0294517230334098
1.13333333333333,115.051070600565,111,-4.05730896885453,-2.910000836583,-0.785047934299239,1.24923460525743,1.21823867240609,-3.22768865386697,-0.670786933532677,-0.0280846807176748
1.15,115.050818030469,111,-4.05730896885453,-3.20750472876064,-0.766105138405009,1.24923460525743,1.23269975005196,-3.65346626440491,-0.662077375620815,-0.0263059161918312
1.16666666666667,115.050560687703,112,-3.05730896885453,-3.47644955534511,-0.737450452888287,1.24923460525743,1.24704256180366,-4.02230039432478,-0.644934864610672,-0.0242072106375082
1.18333333333333,115.050298633925,112,-3.05730896885453,-3.62456080200303,-0.700988334868797,1.24923460525743,1.26126715174951,-4.33821196852326,-0.62081813552056,-0.0218742308699398
1.2,115.050031932698,112,-3.05730896885453,-3.75348288869703,-0.652164739939629,1.24923460525743,1.27537359346693,-4.56947200008519,-0.586031232167713,-0.0191405626221758
1.21666666666667,115.049760649372,113,-2.05730896885453,-3.86467047329725,-0.595381387547235,1.24923460525743,1.28936198905734,-4.73250830284712,-0.544018764304088,-0.0161913071190965
1.23333333333333,115.049484850972,113,-2.05730896885453,-3.86544785283753,-0.534074867666071,1.24923460525743,1.30323246820463,-4.84083310879312,-0.49750099125815,-0.013167774641342
1.25,115.049204606091,114,-1.05730896885453,-3.85705055676804,-0.464564050694451,1.24923460525743,1.3169851872565,-4.86944390897522,-0.443528215016819,-0.00993171674233381
1.26666666666667,115.048919984784,114,-1.05730896885453,-3.74646015190966,-0.391643703550523,1.24923460525743,1.33062032832844,-4.83936491091162,-0.38591252212944,-0.00667681634293002
1.28333333333333,115.048631058461,115,-0.0573089688545281,-3.63456624842196,-0.312471043791959,1.24923460525743,1.34413809842957,-4.73098581397625,-0.322392423514074,-0.00329524982606897
1.3,115.048337899796,115,-0.0573089688545281,-3.42800335825568,-0.232296627629031,1.24923460525743,1.35753872861016,-4.56908374013929,-0.257168759678748,4.75149331995292e-06
1.31666666666667,115.048040582624,116,0.942691031145472,-3.22731473650771,-0.148457615554536,1.24923460525743,1.37082247313005,-4.33654468284928,-0.188150685313253,0.00332765890683682
1.33333333333333,115.047739181848,116,0.942691031145472,-2.93879087185868,-0.0661909748573484,1.24923460525743,1.3839896086478,-4.05968893784607,-0.119554649263778,0.00646950948601335
1.35,115.04743377335,117,1.94269103114547,-2.6626347706213,0.0173103394651681,1.24923460525743,1.39704043342995,-3.72223211819273,-0.0491988796295535,0.0095439621096227
1.36666666666667,115.047124433904,117,1.94269103114547,-2.30480171408594,0.0970366232469202,1.24923460525743,1.40997526657995,-3.35079866484702,0.0188607138339246,0.01235914662691
1.38333333333333,115.046811241089,118,2.94269103114547,-1.96516564659352,0.176069777789455,1.24923460525743,1.42279444728648,-2.92902960384385,0.087008287219728,0.015042243602321
1.4,115.046494273207,118,2.94269103114547,-1.54935988632205,0.249696554335796,1.24923460525743,1.43549833409051,-2.48320971994586,0.151411593398068,0.0174152749338123
1.41666666666667,115.046173609205,119,3.94269103114547,-1.15694432791924,0.321298280664632,1.24923460525743,1.44808730417087,-1.99646260413654,0.214684791992248,0.0196189470065756
1.43333333333333,115.045849328596,119,3.94269103114547,-0.693246840080261,0.386451161930273,1.24923460525743,1.46056175264792,-1.49444417829064,0.273221412203549,0.0214879505201982
1.45,115.045521511391,119,3.94269103114547,-0.257531037734988,0.44880740951786,1.24923460525743,1.4729220919047,-0.959587545770848,0.329849958034011,0.0231744983770936
1.46666666666667,115.045190238019,120,4.94269103114547,0.151102503731087,0.50419022933232,1.24923460525743,1.48516875092555,-0.416833310861012,0.381162229457473,0.0245234583090864
1.48333333333333,115.044855589264,120,4.94269103114547,0.627648148086599,0.550140610277082,1.24923460525743,1.4973021746514,0.116005451588442,0.425089517861843,0.0254516351159973
1.5,115.044517646199,120,4.94269103114547,1.07314602826673,0.591788015981661,1.24923460525743,1.50932282335175,0.662715789526246,0.465629072916874,0.0261716357408854
1.51666666666667,115.044176490119,120,4.94269103114547,1.48878134781317,0.6260473788881,1.24923460525743,1.52123117201266,1.20326614174931,0.5002481593022,0.0265716944865176
1.53333333333333,115.043832202482,120,4.94269103114547,1.87575747422837,0.651248356007907,1.24923460525743,1.53302770974054,1.72369608050564,0.527521657255343,0.0265987318130491
1.55,115.043484864849,120,4.94269103114547,2.23528802515139,0.666741017553284,1.24923460525743,1.54471293918145,2.21470325425577,0.546831484851008,0.026241058854091
1.56666666666667,115.043134558828,120,4.94269103114547,2.56858976612639,0.672591543407088,1.24923460525743,1.55628737595541,2.67052208063769,0.558133415960026,0.0255151596274369
1.58333333333333,115.04278136602,120,4.94269103114547,2.87687626657555,0.66934951731486,1.24923460525743,1.56775154810547,3.08803811622737,0.561777682119033,0.0244556991679557
1.6,115.042425367965,119,3.94269103114547,3.16135226266499,0.657871921621262,1.24923460525743,1.57910599556124,3.4660922910335,0.558372319854095,0.0231080707405582
1.61666666666667,115.042066646093,119,3.94269103114547,3.32914932349381,0.639191809378761,1.24923460525743,1.59035126961649,3.8049376459289,0.548680333574917,0.0215229298996823
1.63333333333333,115.041705281677,119,3.94269103114547,3.48136216408865,0.608090501250767,1.24923460525743,1.60148793242054,4.06972467317904,0.528466771544109,0.0195080834554555
1.65,115.041341355785,118,2.94269103114547,3.61893784366544,0.568473795466547,1.24923460525743,1.61251655648314,4.27430570336519,0.500766043864252,0.0172302959863787
1.66666666666667,115.040974949239,118,2.94269103114547,3.64873308322829,0.523419204895954,1.24923460525743,1.6234377241925,4.43007557556353,0.467993510650609,0.0148184935624311
1.68333333333333,115.04060614257,118,2.94269103114547,3.67155380477052,0.468996750049842,1.24923460525743,1.63425202734623,4.51029869402134,0.426980163397528,0.0121267600985706
1.7,115.040235015978,117,1.94269103114547,3.68804727305065,0.409840411361905,1.24923460525743,1.64496006669481,4.53458795516371,0.381387872268101,0.00934480603967896
1.71666666666667,115.039861649296,117,1.94269103114547,3.60476209029274,0.349347764847367,1.24923460525743,1.65556245149742,4.51828409115785,0.333936959977557,0.00660787912466459
1.73333333333333,115.039486121953,117,1.94269103114547,3.52219016189626,0.283618884662248,1.24923460525743,1.66605979908976,4.4372112196675,0.28153123073036,0.00376491041487244
1.75,115.039108512936,116,0.942691031145472,3.44066102946063,0.217118564520772,1.24923460525743,1.67645273446365,4.31249512538001,0.227743058611819,0.000992897376489303
1.76666666666667,115.038728900761,116,0.942691031145472,3.26640383629632,0.152945013275812,1.24923460525743,1.68674188985805,4.1602100289374,0.175094463623582,-0.00159024608420036
1.78333333333333,115.03834736344,116,0.942691031145472,3.09959105780259,0.0868206604786696,1.24923460525743,1.69692790436137,3.9563436838458,0.120222680523894,-0.0041553699043143
1.8,115.03796397845,116,0.942691031145472,2.94023440677111,0.0227927940065392,1.24923460525743,1.70701142352475,3.72177877799125,0.0663955539301098,-0.00654612841000308
1.81666666666667,115.037578822705,115,-0.0573089688545281,2.78830754635436,-0.0364698648245039,1.24923460525743,1.71699309898597,3.47206570910145,0.0158148874154341,-0.00866501655852608
1.83333333333333,115.037191972531,115,-0.0573089688545281,2.54969101079322,-0.0893351726289959,1.24923460525743,1.72687358810391,3.21857762185116,-0.0301252832607515,-0.0104581024146131
1.85,115.036803503638,115,-0.0573089688545281,2.32421686319578,-0.141270280335521,1.24923460525743,1.73665355360323,2.93334316924392,-0.0757115666795235,-0.0121473059869445
1.86666666666667,115.036413491097,115,-0.0573089688545281,2.11156538678288,-0.189186418263009,1.24923460525743,1.74633366322901,2.63391489945881,-0.118428536019938,-0.0136166372025989
1.88333333333333,115.036022009317,115,-0.0573089688545281,1.9113884538736,-0.231180814484433,1.24923460525743,1.75591458941118,2.33304561715485,-0.156683184075076,-0.0148000872078513
1.9,115.035629132026,114,-1.05730896885453,1.72331433798619,-0.266227277642463,1.24923460525743,1.7653970089385,2.03976125583848,-0.189570248726992,-0.0156679240186056
1.91666666666667,115.035234932246,114,-1.05730896885453,1.45289276372717,-0.293934952332244,1.24923460525743,1.77478160264181,1.76021718194807,-0.216688393131048,-0.0162160966246078
1.93333333333333,115.034839482279,114,-1.05730896885453,1.19963960775207,-0.320693082379416,1.24923460525743,1.78406905508643,1.46228544596867,-0.243073880467822,-0.0167023029282936
1.95,115.034442853685,114,-1.05730896885453,0.962933556366973,-0.344082454571748,1.24923460525743,1.79326005427344,1.16022170875107,-0.266767435018117,-0.0170352922634888
1.96666666666667,115.034045117269,114,-1.05730896885453,0.742139372579701,-0.362671329534935,1.24923460525743,1.80235529134963,0.864176559929499,-0.286578969940823,-0.0171652273735856
1.98333333333333,115.033646343065,114,-1.05730896885453,0.536612545918374,-0.375749660985002,1.24923460525743,1.81135546032594,0.581133420189879,-0.301885566366582,-0.0170719648754295
2,115.033246600318,114,-1.05730896885453,0.345703481427179,-0.383122988725194,1.24923460525743,1.82026125780417,0.31565467784848,-0.31247405340683,-0.0167560474593598
2.01666666666667,115.032845957475,114,-1.05730896885453,0.168761257382061,-0.38495391466874,1.24923460525743,1.82907338271179,0.0704726895243392,-0.318419260677022,-0.0162318473329639
2.03333333333333,115.03244448217,114,-1.05730896885453,0.0051369801777077,-0.381641364330318,1.24923460525743,1.83779253604466,-0.153044399608515,-0.319990693250359,-0.0155224082234531
2.05,115.032042241216,115,-0.0573089688545281,-0.145813236275592,-0.373729714059462,1.24923460525743,1.84641942061744,-0.354527560582328,-0.3175817553761,-0.0146556213313236
2.06666666666667,115.031639300588,115,-0.0573089688545281,-0.190666286070938,-0.361841399489679,1.24923460525743,1.85495474082153,-0.534322581905662,-0.311656776375893,-0.0136614424574002
2.08333333333333,115.031235725421,115,-0.0573089688545281,-0.229970447233616,-0.340296396888669,1.24923460525743,1.86339920239038,-0.657176871854396,-0.297635315914295,-0.0123257266293745
2.1,115.030831579995,115,-0.0573089688545281,-0.264136377547513,-0.312522716935161,1.24923460525743,1.87175351217195,-0.73619935546647,-0.278186800419308,-0.0107934094755128
2.11666666666667,115.030426927732,115,-0.0573089688545281,-0.293555338755323,-0.281127848986448,1.24923460525743,1.88001837790822,-0.781820075136326,-0.255361705707578,-0.00917264778767499
2.13333333333333,115.030021831186,116,0.942691031145472,-0.318599379895048,-0.248067494224928,1.24923460525743,1.88819450802147,-0.802300672823403,-0.23071655686174,-0.00754260942378133
2.15,115.029616352037,116,0.942691031145472,-0.245562241058462,-0.21478229400354,1.24923460525743,1.89628261140733,-0.804152216894808,-0.205415488759082,-0.00595975939537805
2.16666666666667,115.029210551085,116,0.942691031145472,-0.174700358724581,-0.17597684709252,1.24923460525743,1.90428339723425,-0.75638310594546,-0.175235862538662,-0.00421872710726491
2.18333333333333,115.028804488249,117,1.94269103114547,-0.106126247385625,-0.135154032650344,1.24923460525743,1.91219757474938,-0.674905654730467,-0.142957530548484,-0.00246089700442344
2.2,115.028398222558,117,1.94269103114547,0.0541304736483862,-0.094781790697729,1.24923460525743,1.92002585309068,-0.571849777167308,-0.110567290148371,-0.000782669659028457
2.21666666666667,115.027991812148,117,1.94269103114547,0.206080272639454,-0.0502030706079467,1.24923460525743,1.92776894110499,-0.420259296572805,-0.0743634264910891,0.000997835523473093
2.23333333333333,115.027585314263,118,2.94269103114547,0.349878704131688,-0.005272635173047,1.24923460525743,1.93542754717215,-0.238857063747772,-0.0374227201018553,0.0027276551457572
2.25,115.027178785249,118,2.94269103114547,0.579763933189588,0.0373964737616595,1.24923460525743,1.94300237903477,-0.0416442407639261,-0.00186562423066179,0.00430722399565315
2.26666666666667,115.026772280555,118,2.94269103114547,0.796012638086682,0.0824615022230633,1.24923460525743,1.95049414363363,0.197176834825428,0.0359920968103475,0.00592100012172581
2.28333333333333,115.026365854728,119,3.94269103114547,0.999043867581575,0.126166169476987,1.24923460525743,1.95790354694869,0.458258664231959,0.0731361369694641,0.00742231958956187
2.3,115.025959561417,119,3.94269103114547,1.28335556146638,0.166058651073093,1.24923460525743,1.96523129384528,0.727368842514897,0.107560886393379,0.00872013173388431
2.31666666666667,115.02555345337,119,3.94269103114547,1.54947957725381,0.206993621142643,1.24923460525743,1.97247808792565,1.03035757324325,0.143097039905727,0.01000851875983
2.33333333333333,115.025147582437,120,4.94269103114547,1.79808478954981,0.245428982690444,1.24923460525743,1.97964463138553,1.34812874392413,0.176892987229787,0.0111507569707417
2.35,115.024741999567,120,4.94269103114547,2.12391296166889,0.279129895461776,1.24923460525743,1.98673162487573,1.66683492384638,0.207110873770553,0.0120654989806379
2.36666666666667,115.024336754812,121,5.94269103114547,2.42773322368748,0.313161108489487,1.24923460525743,1.99373976736848,2.0127952511065,0.237746294252587,0.0129559239444348
2.38333333333333,115.023931897331,121,5.94269103114547,2.80450406962351,0.344177227417358,1.24923460525743,2.00066975602864,2.36742923484367,0.266104279894873,0.013693568104759
2.4,115.023527475388,122,6.94269103114547,3.15520882058434,0.376454211354647,1.24923460525743,2.00752228608933,2.7535176822346,0.295568568479535,0.0144485689514029
2.41666666666667,115.023123536356,122,6.94269103114547,3.57501684223252,0.406102754882459,1.24923460525743,2.01429805073227,3.14987896031484,0.323019824104423,0.0150700368575359
2.43333333333333,115.022720126721,122,6.94269103114547,3.96511832953459,0.43703920358559,1.24923460525743,2.02099774097226,3.57742329511166,0.351559241526407,0.0157135895729452
2.45,115.022317292086,122,6.94269103114547,4.32682558508862,0.46515146185434,1.24923460525743,2.02762204554616,4.01366380568943,0.377890851802035,0.0162196141973665
2.46666666666667,115.021915077172,123,7.94269103114547,4.66144798725369,0.487901461437214,1.24923460525743,2.03417165080585,4.4425456816171,0.399940349555762,0.016494981454622
2.48333333333333,115.021513525825,123,7.94269103114547,5.06434520522879,0.503907784605982,1.24923460525743,2.04064724061532,4.85298095190263,0.41653832297778,0.0164945947573747
2.5,115.021112681017,123,7.94269103114547,5.43688109144646,0.518952991262117,1.24923460525743,2.04704949625174,5.27377576730031,0.432249812448082,0.0164513696447074
2.51666666666667,115.020712584856,123,7.94269103114547,5.78052591687445,0.530288552606187,1.24923460525743,2.0533790963103,5.68857800183362,0.444860160111603,0.0162608533924689
2.53333333333333,115.020313278584,123,7.94269103114547,6.09673226924363,0.53634889538958,1.24923460525743,2.0596367166129,6.08606125405054,0.45307717441046,0.0158680177836431
2.55,115.01991480259,122,6.94269103114547,6.38692981532785,0.536423257448177,1.24923460525743,2.06582303012038,6.45874736823983,0.456281218232337,0.0152528486237067
2.56666666666667,115.019517196408,122,6.94269103114547,6.5584613925146,0.530402622711708,1.24923460525743,2.07193870684844,6.80207303095974,0.454331515603229,0.0144193358795592
2.58333333333333,115.019120498728,122,6.94269103114547,6.71261976822189,0.512254854161367,1.24923460525743,2.0779844137869,7.07755991057678,0.442340586217212,0.0131429627438879
2.6,115.018724747399,122,6.94269103114547,6.85053730112917,0.485323818252013,1.24923460525743,2.08396081482243,7.29636507085412,0.422883699832737,0.011569035675958
2.61666666666667,115.018329979439,121,5.94269103114547,6.9733030885681,0.45231567362694,1.24923460525743,2.08986857066457,7.4679176040497,0.398064562486132,0.00981315500613796
2.63333333333333,115.017936231035,121,5.94269103114547,6.98790295370087,0.415403191927507,1.24923460525743,2.09570833877487,7.60017578853368,0.369590451154193,0.00796626414726577
2.65,115.017543537557,120,4.94269103114547,6.99525975725585,0.369982928361975,1.24923460525743,2.10148077329924,7.66375399297188,0.333759565182994,0.00585473234187377
2.66666666666667,115.017151933558,120,4.94269103114547,6.90206693330481,0.320195715126975,1.24923460525743,2.1071865250033,7.67623950621011,0.293838270208691,0.00364849913216905
2.68333333333333,115.016761452786,119,3.94269103114547,6.80894924330871,0.262754142864628,1.24923460525743,2.11282624121067,7.61534743943751,0.247181556598122,0.00122494871942263
2.7,115.01637212819,119,3.94269103114547,6.62229840419768,0.202625888495062,1.24923460525743,2.1184005657442,7.50379242666032,0.197733234672821,-0.00121567895231647
2.71666666666667,115.015983991923,119,3.94269103114547,6.44243572462377,0.136988835874719,1.24923460525743,2.12391013886992,7.32288758016337,0.143243153415078,-0.00378075819388347
2.73333333333333,115.015597075356,119,3.94269103114547,6.26950877311926,0.0710138172935538,1.24923460525743,2.12935559724377,7.09777026414908,0.0878430960496509,-0.00626549716653904
2.75,115.015211409081,118,2.94269103114547,6.10361483481798,0.00822806677069611,1.24923460525743,2.13473757386099,6.84737571462781,0.0343995172738167,-0.00853587228278249
2.76666666666667,115.014827022921,118,2.94269103114547,5.85074655524699,-0.0490884382547996,1.24923460525743,2.14005669800802,6.58575690639121,-0.015187950520197,-0.0105108490693706
2.78333333333333,115.014443945936,118,2.94269103114547,5.61083729916835,-0.105921628817879,1.24923460525743,2.14531359521702,6.28705237745957,-0.0648266732240031,-0.0123926330529363
2.8,115.014062206432,118,2.94269103114547,5.38365851982568,-0.158832503213102,1.24923460525743,2.15050888722274,5.97046510354184,-0.111721823101383,-0.0140512754305284
2.81666666666667,115.013681831968,118,2.94269103114547,5.16894378203715,-0.205670328051314,1.24923460525743,2.15564319192179,5.65002908145087,-0.154079397868269,-0.0154112551050099
2.83333333333333,115.013302849365,118,2.94269103114547,4.96639420388752,-0.245240150404531,1.24923460525743,2.16071712333426,5.33575573312261,-0.19085426721225,-0.0164367282858099
2.85,115.012925284715,118,2.94269103114547,4.77568346561958,-0.277043088375819,1.24923460525743,2.1657312915675,5.03455001359336,-0.221552472054879,-0.0171201005369784
2.86666666666667,115.012549163386,118,2.94269103114547,4.59646240817147,-0.301074901775188,1.24923460525743,2.17068630278221,4.75093967915579,-0.246077092982105,-0.0174732468506593
2.88333333333333,115.012174510035,118,2.94269103114547,4.42836324338454,-0.317671061439942,1.24923460525743,2.1755827591605,4.48765332588073,-0.264608989296743,-0.0175208333879865
2.9,115.01180134861,118,2.94269103114547,4.27100339742218,-0.327388764944884,1.24923460525743,2.18042125887614,4.24607633314322,-0.277515341196252,-0.0172952993801916
2.91666666666667,115.011429702366,119,3.94269103114547,4.12398900840279,-0.330918172766344,1.24923460525743,2.18520239606675,4.02660850844286,-0.285280265860667,-0.0168331433859925
2.93333333333333,115.011059593867,119,3.94269103114547,4.08097745302892,-0.32901663278682,1.24923460525743,2.18992676080793,3.82894283426928,-0.288452874627055,-0.0161722280292936
2.95,115.010691044998,119,3.94269103114547,4.0416395314399,-0.316129404099144,1.24923460525743,2.19459493908934,3.68837459123264,-0.282532337586163,-0.01510568492733
2.96666666666667,115.010324076972,119,3.94269103114547,4.00576904600438,-0.295801112453398,1.24923460525743,2.19920751279252,3.59183852864294,-0.270263076820813,-0.0137851532334199
2.98333333333333,115.00995871034,120,4.94269103114547,3.97316516123512,-0.270747947183283,1.24923460525743,2.20376505967063,3.52894720802361,-0.253766357084939,-0.0123249674559738
3,115.009594964998,120,4.94269103114547,4.03769216451015,-0.243026993097767,1.24923460525743,2.20826815332974,3.49147913188692,-0.234665586248595,-0.0108099871681996
3.01666666666667,115.009232860195,120,4.94269103114547,4.09923911786319,-0.207841968935474,1.24923460525743,2.212717363212,3.50905351809007,-0.209111402732226,-0.00905772796419956
3.03333333333333,115.008872414546,121,5.94269103114547,4.15782712368609,-0.169099425007152,1.24923460525743,2.21711325458029,3.56466022398419,-0.180186891580778,-0.00722798547003636
3.05,115.008513646035,121,5.94269103114547,4.3075489333317,-0.129593409367949,1.24923460525743,2.22145638850452,3.6452940035677,-0.150125090206544,-0.00543194042352165
3.06666666666667,115.008156572027,121,5.94269103114547,4.44852676115512,-0.0849300224099577,1.24923460525743,2.22574732184944,3.77721557327305,-0.115424197709001,-0.00349954986277258
3.08333333333333,115.007801209275,122,6.94269103114547,4.58101788955175,-0.0391761337000003,1.24923460525743,2.22998660726398,3.94115165128161,-0.0793232885319485,-0.00159323320891671
3.1,115.00744757393,122,6.94269103114547,4.79935278287909,0.00488444888423082,1.24923460525743,2.23417479317199,4.12266724096264,-0.0440745865627875,0.000179913493775382
3.11666666666667,115.00709568155,123,7.94269103114547,5.00389156208932,0.0517716525696864,1.24923460525743,2.2383124237644,4.34721960767303,-0.00610088074450065,0.00199837175251948
3.13333333333333,115.006745547106,123,7.94269103114547,5.28918776968365,0.0976189125318433,1.24923460525743,2.24240003899273,4.59519546765215,0.0314965474107711,0.00371075436886115
3.15,115.006397184993,124,8.94269103114547,5.55582538803842,0.146217429263026,1.24923460525743,2.24643817456394,4.88824946214324,0.0717180460486491,0.00546648607832257
3.16666666666667,115.006050609036,124,8.94269103114547,5.89858141494275,0.193237222083328,1.24923460525743,2.25042736193653,5.20403765873994,0.111090682138814,0.00709639895707637
3.18333333333333,115.005705832504,125,9.94269103114547,6.21826182408823,0.242201932396671,1.24923460525743,2.25436812831787,5.56231322781513,0.152395722321447,0.00874033587182402
3.2,115.005362868111,125,9.94269103114547,6.60986320523303,0.288655858194919,1.24923460525743,2.25826099666277,5.93946655212208,0.192052601579952,0.0102253715737371
3.21666666666667,115.005021728031,126,10.9426910311455,6.97440790305291,0.336097060956684,1.24923460525743,2.26210648567314,6.35446750747893,0.232814507719376,0.0116916002745568
3.23333333333333,115.004682423901,126,10.9426910311455,7.4071049410634,0.38011250276039,1.24923460525743,2.26590510979884,6.78328447414392,0.271127811765498,0.0129689825642447
3.25,115.004344966835,126,10.9426910311455,7.80918454167593,0.424287013381595,1.24923460525743,2.26965737923958,7.24473152903037,0.30980895959493,0.0142021064039954
3.26666666666667,115.004009367428,126,10.9426910311455,8.18199916684597,0.464320398274904,1.24923460525743,2.27336379994785,7.71481325203366,0.345389831692953,0.0152262794191458
3.28333333333333,115.003675635766,126,10.9426910311455,8.52689827376576,0.497591685679092,1.24923460525743,2.27702487363292,8.17642093718599,0.375707502247788,0.0159475572703635
3.3,115.003343781435,127,11.9426910311455,8.84522198668473,0.522712011971949,1.24923460525743,2.28064109776578,8.61776140130873,0.399564736321959,0.0163229930293156
3.31666666666667,115.003013813528,127,11.9426910311455,9.23235485852532,0.539177514154966,1.24923460525743,2.28421296558506,9.03110669482424,0.416465196511352,0.0163454346612347
3.33333333333333,115.002685740654,127,11.9426910311455,9.58968027918515,0.553433476599595,1.24923460525743,2.28774096610379,9.44789695602584,0.431485121936246,0.0162761218417294
3.35,115.002359570944,127,11.9426910311455,9.91868319691094,0.563225085398205,1.24923460525743,2.29122558411718,9.85383116872984,0.442793224989566,0.0160314081610722
3.36666666666667,115.002035312064,127,11.9426910311455,10.2208264736155,0.567348314258833,1.24923460525743,2.29466730021113,10.2391676635167,0.449380301268464,0.0155712373487906
3.38333333333333,115.001712971217,126,10.9426910311455,10.4975460761665,0.565351305440888,1.24923460525743,2.29806659077163,10.5976412486975,0.450831374153293,0.0148860756892639
3.4,115.001392555157,126,10.9426910311455,10.6561875698297,0.557304880949797,1.24923460525743,2.30142392799493,10.9256064660058,0.447149667369645,0.0139869689837581
3.41666666666667,115.001074070192,126,10.9426910311455,10.7980432533954,0.537296424759925,1.24923460525743,2.30473977989852,11.1852696919142,0.4335451356561,0.0126538751812952
3.43333333333333,115.000757522193,126,10.9426910311455,10.9242421709535,0.50874384959269,1.24923460525743,2.30801461033279,11.388289498985,0.412655119458178,0.0110346579303555
3.45,115.000442916606,126,10.9426910311455,11.0358675856764,0.47439357406268,1.24923460525743,2.31124887899347,11.5444534334542,0.386618888027037,0.00924607591027974
3.46666666666667,115.000130258453,126,10.9426910311455,11.1339566246199,0.436433993223356,1.24923460525743,2.31444304143466,11.6619673331397,0.357159739686255,0.00737923472874682
3.48333333333333,114.999819552344,125,9.94269103114547,11.2195001897633,0.396591238592983,1.24923460525743,2.31759754908268,11.7477013906104,0.32565449458824,0.00550416905097734
3.5,114.999510802487,125,9.94269103114547,11.1993837523614,0.356209858503718,1.24923460525743,2.32071284925039,11.8073992207622,0.293192231843854,0.00367368604290249
3.51666666666667,114.999204012687,125,9.94269103114547,11.1744283945547,0.309989196037914,1.24923460525743,2.32378938515221,11.8097618262059,0.255547162250165,0.0016823928660582
3.53333333333333,114.998899186363,124,8.94269103114547,11.145284356906,0.26148564456847,1.24923460525743,2.32682759591976,11.7707262301931,0.215543123754664,-0.00032607992587771
3.55,114.998596326549,124,8.94269103114547,11.0184923458084,0.213255650630053,1.24923460525743,2.32982791661798,11.7026800036507,0.175239542321546,-0.0022518165504796
3.56666666666667,114.998295435905,124,8.94269103114547,10.8945267225129,0.160748344565854,1.24923460525743,2.33279077826185,11.5790813802243,0.131022393351841,-0.00427262798141479
3.58333333333333,114.997996516723,123,7.94269103114547,10.7736909737858,0.107930023957536,1.24923460525743,2.33571660783365,11.4191664120975,0.0860614455619847,-0.0062314232921086
3.6,114.997699570934,123,7.94269103114547,10.5621807330917,0.0575221314687479,1.24923460525743,2.33860582830064,11.2375047038558,0.0425686187378068,-0.00802478271080894
3.61666666666667,114.997404600113,123,7.94269103114547,10.3601284884041,0.00496710998557705,1.24923460525743,2.34145885863333,11.0088900599013,-0.00305494823200176,-0.00983378937640733
3.63333333333333,114.997111605493,122,6.94269103114547,10.1675003904068,-0.0458911789324358,1.24923460525743,2.34427611382412,10.7532611120892,-0.0477185378456736,-0.0115089990439412
3.65,114.996820587964,122,6.94269103114547,9.89016044312775,-0.0925272237257795,1.24923460525743,2.34705800490644,10.4854245831416,-0.0893506973640133,-0.012957223836904
3.66666666666667,114.996531548085,121,5.94269103114547,9.62791622565495,-0.139736525464225,1.24923460525743,2.34980493897425,10.1800765851109,-0.131727526442518,-0.0143710534402327
3.68333333333333,114.996244486089,121,5.94269103114547,9.28635721627671,-0.183932127687493,1.24923460525743,2.35251731920203,9.85682439406969,-0.171954084286983,-0.0156128859815136
3.7,114.995959401889,120,4.94269103114547,8.96501975737913,-0.229179363938673,1.24923460525743,2.35519554486506,9.49389385600984,-0.213236706544399,-0.0168452486674922
3.71666666666667,114.995676295087,120,4.94269103114547,8.56922635901279,-0.271410303324589,1.24923460525743,2.35784001136016,9.11343130817497,-0.252302527338012,-0.0179111582659994
3.73333333333333,114.99539516498,119,3.94269103114547,8.19825151546338,-0.314394182135089,1.24923460525743,2.36045111022667,8.69543499984758,-0.292123131597938,-0.018961584632819
3.75,114.995116010564,119,3.94269103114547,7.75716174245648,-0.353901772226785,1.24923460525743,2.3630292291679,8.26323548096042,-0.329296033844266,-0.0198336030519022
3.76666666666667,114.994838830545,119,3.94269103114547,7.34498201857157,-0.393637105881136,1.24923460525743,2.36557475207277,7.79756861512621,-0.366738792422543,-0.0206761654428668
3.78333333333333,114.994563623342,118,2.94269103114547,6.96059570162808,-0.429372182039188,1.24923460525743,2.36808805903781,7.32216778064264,-0.40104773606638,-0.0213269685809
3.8,114.994290387093,118,2.94269103114547,6.5088113669919,-0.458524715555356,1.24923460525743,2.37056952638948,6.8540181991689,-0.430098020474924,-0.0216930732583428
3.81666666666667,114.994019119665,117,1.94269103114547,6.08841075355994,-0.486052763721227,1.24923460525743,2.37301952670668,6.36879604562598,-0.4577886874334,-0.0219757882224525
3.83333333333333,114.993749818656,117,1.94269103114547,5.60398892392416,-0.508670039432352,1.24923460525743,2.37543842884356,5.88621701204583,-0.481461086085423,-0.0220512616441705
3.85,114.993482481403,116,0.942691031145472,5.15412071028669,-0.530820493295602,1.24923460525743,2.37782659795261,5.38399758068856,-0.504624156192252,-0.0220982959286906
3.86666666666667,114.993217104989,116,0.942691031145472,4.64320117540966,-0.548849014797438,1.24923460525743,2.38018439550788,4.88335259758185,-0.524339415804849,-0.0219769247489184
3.88333333333333,114.992953686246,116,0.942691031145472,4.16961229248334,-0.56694083637247,1.24923460525743,2.38251217932853,4.3630760539882,-0.543919808198893,-0.0218546473350814
3.9,114.992692221767,115,-0.0573089688545281,3.73162293368522,-0.581264638842766,1.24923460525743,2.38481030360248,3.84513418797742,-0.56029388937969,-0.0215837724660068
3.91666666666667,114.992432707902,115,-0.0573089688545281,3.23345563213745,-0.589558958250796,1.24923460525743,2.38707911891032,3.34491583048693,-0.571611703673451,-0.0210825076661282
3.93333333333333,114.992175140773,115,-0.0573089688545281,2.77333431957715,-0.597035395606809,1.24923460525743,2.38931897224938,2.83666418283724,-0.581995748369849,-0.0205602946517677
3.95,114.991919516275,115,-0.0573089688545281,2.34938351600683,-0.600602206259331,1.24923460525743,2.39153020705791,2.33881587211554,-0.588965192508512,-0.0198988253154251
3.96666666666667,114.991665830084,114,-1.05730896885453,1.95975366662433,-0.598515218879019,1.24923460525743,2.39371316323951,1.8640449159896,-0.591090017282508,-0.0190360595155716
3.98333333333333,114.991414077659,114,-1.05730896885453,1.50856808512892,-0.590001087848941,1.24923460525743,2.39586817718763,1.42062070416617,-0.587703956747178,-0.0179496969038597
4,114.991164254251,114,-1.05730896885453,1.09396908823596,-0.58129862966709,1.24923460525743,2.39799558181022,0.977390131363545,-0.583759015760566,-0.0168887576965646
4.01666666666667,114.990916354906,114,-1.05730896885453,0.714015669997522,-0.569260572941388,1.24923460525743,2.4000957065545,0.548753562904895,-0.577332252995983,-0.015759532612541
4.03333333333333,114.990670374472,115,-0.0573089688545281,0.366807409133864,-0.553286075061066,1.24923460525743,2.40216887743185,0.144416408133356,-0.567345471117082,-0.0145134777847026
4.05,114.990426307603,115,-0.0573089688545281,0.144548774907802,-0.532817487956122,1.24923460525743,2.40421541704282,-0.229487646918286,-0.553329948958397,-0.0131337145613233
4.06666666666667,114.990184148765,115,-0.0573089688545281,-0.0544873672231508,-0.501503750642072,1.24923460525743,2.40623564460213,-0.533415372703059,-0.530168260658223,-0.0113805795122326
4.08333333333333,114.989943892241,115,-0.0573089688545281,-0.231849271030709,-0.462465808512239,1.24923460525743,2.40822987596391,-0.777844123884639,-0.50027829422089,-0.00938845445694766
4.1,114.989705532134,116,0.942691031145472,-0.389023418088217,-0.41825686970116,1.24923460525743,2.41019842364686,-0.971813332600547,-0.465659235595333,-0.00726508534101641
4.11666666666667,114.989469062375,116,0.942691031145472,-0.433374561654991,-0.370946781748292,1.24923460525743,2.41214159685957,-1.12310679213141,-0.427951562727199,-0.00509575479222694
4.13333333333333,114.989234476726,116,0.942691031145472,-0.466186179956253,-0.315864067269121,1.24923460525743,2.41405970152586,-1.2023209736802,-0.383412869867826,-0.00270270439272403
4.15,114.989001768787,117,1.94269103114547,-0.488553582764355,-0.257105062266139,1.24923460525743,2.41595304031016,-1.22713631662117,-0.33528643309992,-0.000252787621688909
4.16666666666667,114.988770931995,117,1.94269103114547,-0.407444911346099,-0.197684472778929,1.24923460525743,2.41782191264295,-1.21153049611615,-0.285991921529217,0.00213482675846099
4.18333333333333,114.988541959635,117,1.94269103114547,-0.323744140497613,-0.133435820110141,1.24923460525743,2.4196666147462,-1.13040162720567,-0.232221460407507,0.00462222953966143
4.2,114.988314844843,118,2.94269103114547,-0.238146470475118,-0.0686437021791094,1.24923460525743,2.42148743965885,-1.00428151438218,-0.177402085388207,0.00703972113381536
4.21666666666667,114.988089580608,118,2.94269103114547,-0.0572213663109213,-0.00628930296105073,1.24923460525743,2.42328467726232,-0.848899452384086,-0.123959244151814,0.0092739868831616
4.23333333333333,114.987866159778,118,2.94269103114547,0.118542630024502,0.0579766089906826,1.24923460525743,2.42505861430599,-0.640082130471924,-0.0684688191551605,0.0114985593712511
4.25,114.987644575065,118,2.94269103114547,0.288840910759534,0.120146596978581,1.24923460525743,2.42680953443272,-0.39868412009789,-0.0141621705740269,0.0135584495699156
4.26666666666667,114.987424819049,118,2.94269103114547,0.453429009556382,0.177570188878191,1.24923460525743,2.42853771820431,-0.140321169436341,0.0367783461060666,0.0153566238918533
4.28333333333333,114.987206884181,117,1.94269103114547,0.612117255302952,0.228619478051592,1.24923460525743,2.43024344312705,0.123505118989448,0.0829669594674026,0.0168390609840592
4.3,114.986990762788,117,1.94269103114547,0.670706383718102,0.27242591682756,1.24923460525743,2.4319269836771,0.384504150163677,0.123614969386818,0.01798307556055
4.31666666666667,114.986776447077,117,1.94269103114547,0.729023488162333,0.302342904650149,1.24923460525743,2.43358861132602,0.600780009814613,0.153297211025466,0.0185440698236665
4.33333333333333,114.98656392914,117,1.94269103114547,0.786810583412453,0.32123107457144,1.24923460525743,2.43522859456609,0.780383226169979,0.174152264417743,0.0186531001592967
4.35,114.986353200957,116,0.942691031145472,0.843840403626661,0.331430267530371,1.24923460525743,2.43684719893576,0.92994010232293,0.187938275059835,0.0184165913774192
4.36666666666667,114.986144254399,116,0.942691031145472,0.805854822232938,0.334849649569279,1.24923460525743,2.43844468704492,1.05489665371195,0.196098080177635,0.0179206592074529
4.38333333333333,114.985937081234,115,-0.0573089688545281,0.77260340997509,0.326711199266225,1.24923460525743,2.44002131860023,1.12362845941066,0.194736750197741,0.0169905109650858
4.4,114.985731673127,115,-0.0573089688545281,0.649675059556491,0.311057311509389,1.24923460525743,2.44157735043034,1.15173818326497,0.186989456415326,0.015797961744012
4.41666666666667,114.985528021649,114,-1.05730896885453,0.536656697686505,0.284566351982471,1.24923460525743,2.44311303651103,1.11519008615965,0.17013314088908,0.0142247391128393
4.43333333333333,114.985326118276,114,-1.05730896885453,0.338966764623145,0.252225111954436,1.24923460525743,2.44462862799039,1.03516111461397,0.148078603180176,0.0124773847667832
4.45,114.985125954395,114,-1.05730896885453,0.156015617553459,0.211274143552595,1.24923460525743,2.44612437321381,0.89161963563114,0.118580336860086,0.0104563346455483
4.46666666666667,114.984927521308,114,-1.05730896885453,-0.0129000982552983,0.166981795707567,1.24923460525743,2.44760051774898,0.708531804050782,0.0858057814956311,0.00837530671909915
4.48333333333333,114.984730810232,114,-1.05730896885453,-0.168476335560528,0.123000004763658,1.24923460525743,2.44905730441079,0.503816867796923,0.0526821428403342,0.00637802789010387
4.5,114.984535812307,114,-1.05730896885453,-0.311399019089283,0.0817539598073446,1.24923460525743,2.45049497328616,0.290649978726467,0.021189679590511,0.00455572435839822
4.51666666666667,114.984342518594,114,-1.05730896885453,-0.442341755028687,0.0447491685720882,1.24923460525743,2.45191376175877,0.0785077918575725,-0.00740633711075785,0.0029608169027163
4.53333333333333,114.984150920084,115,-0.0573089688545281,-0.561963850803649,0.0128120843555607,1.24923460525743,2.45331390453369,-0.125995177409293,-0.0323731135398685,0.00161757577724957
4.55,114.983961007697,115,-0.0573089688545281,-0.576849266742986,-0.0137225393642427,1.24923460525743,2.454695633662,-0.318440057167919,-0.0533675782340766,0.000530348433440519
4.56666666666667,114.983772772287,116,0.942691031145472,-0.587545867377151,-0.0285353839274863,1.24923460525743,2.4560591785652,-0.459981212785554,-0.0652487868416504,-6.59534248590392e-05
4.58333333333333,114.983586204645,117,1.94269103114547,-0.50039787979725,-0.0346569544230825,1.24923460525743,2.45740476605961,-0.561056653517379,-0.0703151917343018,-0.000305621442921853
4.6,114.983401295501,118,2.94269103114547,-0.321646206104001,-0.0281473344678636,1.24923460525743,2.45873262038063,-0.594053430150077,-0.0653135467332769,-4.94199519337573e-05
4.61666666666667,114.983218035529,119,3.94269103114547,-0.0573036427171141,-0.00733135136833952,1.24923460525743,2.46004296320693,-0.541691848278475,-0.0487738941990662,0.000749369748403656
4.63333333333333,114.983036415345,120,4.94269103114547,0.286849924497019,0.027892654194639,1.24923460525743,2.46133601368446,-0.394436464673029,-0.0204796393934869,0.00207491284349819
4.65,114.982856425518,121,5.94269103114547,0.705270652931145,0.0765777857895048,1.24923460525743,2.46261198845045,-0.148462694139257,0.018937261723027,0.00387131812271082
4.66666666666667,114.982678056565,122,6.94269103114547,1.19265237049481,0.137122460849812,1.24923460525743,2.46387110165721,0.195930423146498,0.0683021196025633,0.00605928587380925
4.68333333333333,114.982501298958,122,6.94269103114547,1.74392685340443,0.207561502934785,1.24923460525743,2.46511356499588,0.635550359309154,0.126125399975658,0.00854820255077153
4.7,114.982326143125,123,7.94269103114547,2.26020354578716,0.285777165249191,1.24923460525743,2.46633958772002,1.16525646875457,0.190769627400534,0.0112447172303723
4.71666666666667,114.982152579455,124,8.94269103114547,2.83680824738553,0.363316761027723,1.24923460525743,2.4675493766691,1.74258570532136,0.255492188454183,0.013814433865098
4.73333333333333,114.981980598297,124,8.94269103114547,3.4691731789938,0.440939605822824,1.24923460525743,2.46874313629185,2.37242120016992,0.320851009548567,0.0162902875450455
4.75,114.981810189965,124,8.94269103114547,4.05889381965255,0.518777951561244,1.24923460525743,2.46992106866952,3.05647914185708,0.386910417880516,0.0186798795227307
4.76666666666667,114.981641344739,125,9.94269103114547,4.60770741268153,0.590228424891578,1.24923460525743,2.47108337353898,3.75811093911137,0.448336559727975,0.0207307918164057
4.78333333333333,114.981474052871,125,9.94269103114547,5.21142305093263,0.651230608984747,1.24923460525743,2.47223024831569,4.45103030235617,0.501771494878938,0.0222978607205092
4.8,114.981308304581,125,9.94269103114547,5.77187100398293,0.705927165274064,1.24923460525743,2.47336188811657,5.15305905928045,0.550400415751249,0.0235576747400053
4.81666666666667,114.981144090066,124,8.94269103114547,6.29100080176497,0.750696502514354,1.24923460525743,2.47447848578274,5.84012876893849,0.591230926018483,0.0243811433622481
4.83333333333333,114.980981399497,124,8.94269103114547,6.67669401571594,0.78365468726765,1.24923460525743,2.47558023190205,6.49571001922385,0.622633501748256,0.0247109795477853
4.85,114.980820223026,124,8.94269103114547,7.03079630532884,0.797831853015989,1.24923460525743,2.47666731483158,7.07294203342185,0.638889220928079,0.0242959742104172
4.86666666666667,114.980660550784,123,7.94269103114547,7.35500281011842,0.791528661733138,1.24923460525743,2.47872114912979,7.57270776326671,0.635889636166579,0.0232861531694776
4.88333333333333,114.980502372884,123,7.94269103114547,7.556912089715,0.777452881365038,1.24923460525743,2.47977911235812,8.00691999294219,0.628833312021962,0.0218182068939662
4.9,114.980345679426,122,6.94269103114547,7.73806268429589,0.746847287175161,1.24923460525743,2.48082271911637,8.34572350272274,0.607989220786169,0.0197577787636988
4.91666666666667,114.980190460497,122,6.94269103114547,7.80576329321746,0.704675403225315,1.24923460525743,2.48185215708001,8.60649982558432,0.577197991853705,0.017318285883469
4.93333333333333,114.980036706171,121,5.94269103114547,7.86125053969182,0.648544238363551,1.24923460525743,2.48286761160863,8.76755062220681,0.534459656476037,0.0144218953276168
4.95,114.979884406514,121,5.94269103114547,7.8115219519513,0.584333083705559,1.24923460525743,2.48386926577184,8.85272111656443,0.484390144636755,0.0113127696114683
4.96666666666667,114.979733551586,121,5.94269103114547,7.75749627078616,0.510110228828437,1.24923460525743,2.48485730037481,8.84480921400458,0.425407179900269,0.00792513104691957
4.98333333333333,114.979584131441,121,5.94269103114547,7.69990808400838,0.431889692665049,1.24923460525743,2.48583189398366,8.77064774860711,0.362284424978154,0.00450210791943346
5,114.979436136128,120,4.94269103114547,7.63942952238897,0.353978093953605,1.24923460525743,2.48679322295059,8.65097110325359,0.298489808843547,0.00121226413630573
5.01666666666667,114.979289555697,120,4.94269103114547,7.48261439452918,0.27936149146406,1.24923460525743,2.48774146143881,8.50165672373305,0.236475188396163,-0.00183286391239747
5.03333333333333,114.979144380197,120,4.94269103114547,7.32994226864855,0.203682465754667,1.24923460525743,2.4886767814472,8.29863691151919,0.172831490960958,-0.00480904850257329
5.05,114.979000599679,120,4.94269103114547,7.18171477768326,0.130930485279902,1.24923460525743,2.48959935283479,8.0628389266934,0.110796285178301,-0.00756385778242003
5.06666666666667,114.978858204196,121,5.94269103114547,7.03817877319034,0.0637309003251386,1.24923460525743,2.49050934334498,7.80992602612259,0.0525513401871324,-0.0100030192356664
5.08333333333333,114.97871718381,121,5.94269103114547,6.99359043021995,0.00368143270620145,1.24923460525743,2.49140691862956,7.55142834714545,-0.000523311081355698,-0.0120753875648793
5.1,114.978577528585,121,5.94269103114547,6.94817904519976,-0.0420514874160557,1.24923460525743,2.49229224227247,7.33174447968663,-0.0425718453802484,-0.0135170102572027
5.11666666666667,114.978439228597,121,5.94269103114547,6.90225825080233,-0.0759707852739413,1.24923460525743,2.4931654758134,7.14474005033848,-0.0754274911337494,-0.0144465529693627
5.13333333333333,114.97830227393,122,6.94269103114547,6.85611002439855,-0.100183011084352,1.24923460525743,2.49402677877111,6.98524012027313,-0.100640009227038,-0.0149633139695352
5.15,114.978166654679,122,6.94269103114547,6.90404610029273,-0.116458477035405,1.24923460525743,2.49487630866655,6.84888355225843,-0.119518195502338,-0.0151502039174882
5.16666666666667,114.978032360955,123,7.94269103114547,6.94636926753286,-0.119951018226071,1.24923460525743,2.49571422104578,6.7680923193467,-0.128089437217555,-0.0148320918301992
5.18333333333333,114.977899382878,123,7.94269103114547,7.07754162298115,-0.114686919642508,1.24923460525743,2.49654066950263,6.72783752675399,-0.129453351096954,-0.0141824981804519
5.2,114.977767710588,123,7.94269103114547,7.19802575706202,-0.0973658595001693,1.24923460525743,2.49735580570118,6.7525557284738,-0.12088225579621,-0.0130862621313296
5.21666666666667,114.977637334239,124,8.94269103114547,7.30839183604812,-0.0730220157846698,1.24923460525743,2.49815977939803,6.82133833891862,-0.106304502323839,-0.0117539539557574
5.23333333333333,114.977508244005,124,8.94269103114547,7.50325716788762,-0.0452921392569465,1.24923460525743,2.49895273846428,6.91829153911371,-0.0885842107481445,-0.0103347731572567
5.25,114.977380430078,124,8.94269103114547,7.68324409899976,-0.0104061548270481,1.24923460525743,2.49973482890742,7.06757692970811,-0.0646858636149977,-0.00868693148012694
5.26666666666667,114.977253882672,125,9.94269103114547,7.84908581351369,0.0271120540408237,1.24923460525743,2.50050619489288,7.24843504886937,-0.0381890389745739,-0.00699368769739519
5.28333333333333,114.977128592023,125,9.94269103114547,8.09556473973841,0.0641476332442572,1.24923460525743,2.50126697876546,7.44541677872775,-0.0115913646203571,-0.00537739594013236
5.3,114.977004548387,125,9.94269103114547,8.32346940353401,0.104983573100713,1.24923460525743,2.50201732107053,7.68332532963329,0.0185100755598098,-0.00367067521834107
5.31666666666667,114.976881742049,125,9.94269103114547,8.53369929257522,0.145585789621495,1.39482039487892,2.50275736057495,7.94216478812648,0.0488921715559378,-0.00203295332074477
5.33333333333333,114.976760130286,126,10.9426910311455,8.73220486201745,0.170294590146371,1.4195291954038,2.50615014727051,8.19991577777561,0.0599870027617909,-0.000556614269673009
5.35,114.976638823826,126,10.9426910311455,9.0192310659719,0.190008315517041,1.43924292077447,2.50990040280704,8.44334329012653,0.0666208510671484,0.000750890716183209
5.36666666666667,114.97651400032,126,10.9426910311455,9.2960464299461,0.211743614305282,1.46097821956271,2.5139872830285,8.70838569989402,0.0744363606229057,0.00216273631825997
5.38333333333333,114.976377253731,126,10.9426910311455,9.56383466669639,0.233334269051141,1.48256887430857,2.51842429233485,8.98376277883676,0.0816927147189077,0.00359466582349148
5.4,114.976214520806,127,11.9426910311455,9.82375984749122,0.25357301762188,1.50280762287931,2.52319721299691,9.26163652296468,0.0874691034888023,0.00499716064171827
5.41666666666667,114.976005498433,127,11.9426910311455,10.1709053631504,0.271916379910158,1.52115098516759,2.52827753326621,9.53691207604762,0.0914009636750855,0.00634533329781449
5.43333333333333,114.97572322917,127,11.9426910311455,10.506182854657,0.294311097471956,1.54354570272938,2.53368648546807,9.84253966841468,0.0981894169171076,0.00787496844494853
5.45,114.975334191281,127,11.9426910311455,10.8306438331769,0.317772713722916,1.56700731898034,2.53946397719392,10.1645392302094,0.10538672508974,0.00947253497049959
5.46666666666667,114.974798579083,128,12.9426910311455,11.145455624407,0.340503150432343,1.58973775568977,2.54561052150805,10.492816032857,0.111571400748402,0.0110668706701131
5.48333333333333,114.974070354163,128,12.9426910311455,11.5457767544729,0.361557867961625,1.61079247321905,2.55210413932437,10.8205013412075,0.116046722995248,0.0126179953058493
5.5,114.973097334079,129,13.9426910311455,11.9326233291955,0.386631161612586,1.63586576687001,2.55896720931429,11.1792257213836,0.123311240829425,0.0143518548237908
5.51666666666667,114.971821179764,129,13.9426910311455,12.4012136689989,0.412596031616552,1.66183063687398,2.56623754314954,11.5540799579632,0.130808754928371,0.0161490535635829
5.53333333333333,114.970177480229,130,14.9426910311455,12.8528890406531,0.44364993189682,1.69288453715425,2.57396687761154,11.9703351241997,0.141789198294907,0.0181796903048551
5.55,114.968095758835,130,14.9426910311455,13.3833003578595,0.475710321953763,1.72494492721119,2.58220214774841,12.4083280789488,0.152921261137131,0.0202875821088239
5.56666666666667,114.965499582844,131,15.9426910311455,13.8942301546878,0.512422510858552,1.76165711611598,2.59099181562488,12.8899696230215,0.167026427673456,0.0226205648693093
5.58333333333333,114.962306593987,131,15.9426910311455,14.4817239649828,0.549435526799778,1.7986701320572,2.60037283215122,13.3933645276321,0.180584089186831,0.0250106483229481
5.6,114.958428628461,132,16.9426910311455,15.0478870283239,0.590313144519409,1.83954774977684,2.61038085354609,13.9390525643297,0.196380260620338,0.0276009399617836
5.61666666666667,114.953771498174,133,17.9426910311455,15.6890098063975,0.630735961907951,1.87997056716538,2.62103967455592,14.5043888380081,0.210948800720662,0.030223167711355
5.63333333333333,114.948234453641,134,18.9426910311455,16.4014295901513,0.674359300143605,1.92359390540103,2.63237286472399,15.1095858442752,0.227174960914407,0.0330226657799767
5.65,114.941709558566,134,18.9426910311455,17.181626624819,0.723040724836886,1.97227533009431,2.64444890238647,15.767919547281,0.246422215194742,0.0360788378389729
5.66666666666667,114.934081330525,135,19.9426910311455,17.9323573742192,0.777430412245035,2.02666501750246,2.65735633583021,16.48727748398,0.269055086040545,0.0394256143830871
5.68333333333333,114.925226834188,136,20.9426910311455,18.7507611116898,0.831367233950519,2.08060183920795,2.67113263095139,17.2356063180161,0.290121548447283,0.0428233919003365
5.7,114.915015356649,136,20.9426910311455,19.6340311509417,0.88745857656646,2.13669318182389,2.68579128093976,18.0265022408316,0.311701568020317,0.0463748335942128
5.71666666666667,114.903307437515,137,21.9426910311455,20.4853465642407,0.947068612359805,2.19630321761723,2.70137810104021,18.8688706610213,0.334819503220332,0.0501371733745959
5.73333333333333,114.889954068328,138,22.9426910311455,21.4020590542743,1.0046550471246,2.25388965238203,2.71789894458851,19.731952199398,0.355082345755527,0.0538916663136163
5.75,114.874796231101,138,22.9426910311455,22.3814322106349,1.0633259869234,2.31256059218082,2.7353450125946,20.6306499256354,0.375014329077008,0.0577582640039287
5.76666666666667,114.857664643262,139,23.9426910311455,23.3266271505148,1.12482796322463,2.37406256848206,2.75374716715409,21.5750420370636,0.395973725007348,0.061807672199291
5.78333333333333,114.838379636378,139,23.9426910311455,24.3349296791518,1.18389511103605,2.43312971629348,2.77310177556239,22.5353411243652,0.413805220505656,0.0658310707160294
5.8,114.816751119381,140,24.9426910311455,25.3094585569011,1.24382420617084,2.49305881142827,2.79339440769926,23.5272064460266,0.431192588402192,0.0699553168806715
5.81666666666667,114.79257835922,140,24.9426910311455,26.3472698376259,1.30042071224022,2.54965531749764,2.81459783543275,24.5252911115855,0.444878267908828,0.0740113332330108
5.83333333333333,114.765649418526,141,25.9426910311455,27.3511774750904,1.35767239307621,2.60690699833363,2.83668858680365,25.5485925700586,0.458110273011809,0.078152368907817
5.85,114.73574088474,141,25.9426910311455,28.4179283676569,1.41179067275941,2.66102527801683,2.85963942506736,26.5741383577942,0.467949688323824,0.0822255093642796
5.86666666666667,114.702617968498,142,26.9426910311455,29.450062943315,1.46696761796433,2.71620222322176,2.88343187289408,27.6225163167908,0.477792631345672,0.0863927637969998
5.88333333333333,114.666034795511,142,26.9426910311455,30.5441087962826,1.51948515719497,2.76871976245239,2.90804591967461,28.6717438916089,0.484737663927089,0.0905049357292849
5.9,114.62573479982,143,27.9426910311455,31.6024459542258,1.5735240718364,2.82275867709383,2.93347076923516,29.7429645045256,0.492152871647287,0.0947245612933284
5.91666666666667,114.581451171943,143,27.9426910311455,32.7214969315918,1.62531086820951,2.87454547346694,2.95969351365386,30.8144556481824,0.497075355334036,0.0989011499039939
5.93333333333333,114.532907337508,143,27.9426910311455,33.8035841716469,1.67895242338136,2.92818702863879,2.98670937101206,31.907434049067,0.502799719787943,0.10319507918105
5.95,114.479817442046,143,27.9426910311455,34.8510513715015,1.73059910217724,2.97983370743467,3.01451019488393,33.0001442555051,0.506290755900401,0.107453460273042
5.96666666666667,114.421886589842,143,27.9426910311455,35.8661523491285,1.77822726456467,3.0274618698221,3.04303973992328,34.0777390496975,0.506063593499402,0.111590120155601
5.98333333333333,114.358810686643,143,27.9426910311455,36.8508464007964,1.82105173419425,3.07028633945168,3.07221900393853,35.1307843077058,0.501661949089688,0.115565316667549
6,114.290276535609,142,26.9426910311455,37.8067235312684,1.85906672828063,3.10830133353806,3.10196286257361,36.1538579889628,0.493257786551344,0.119369510549666
6.01666666666667,114.216238932441,142,26.9426910311455,38.6409501691614,1.89200515714758,3.141239762405,3.13218420449892,37.1443686874337,0.481400379353459,0.123011137527112
6.03333333333333,114.13930576888,141,25.9426910311455,39.4543339961984,1.91520156095331,3.16443616621074,3.16275071493216,38.0656345109784,0.462057431584797,0.126263489750239
6.05,114.063725082906,141,25.9426910311455,40.1530188388892,1.93245896167299,3.18169356693041,3.19352910272909,38.930477593665,0.438513654829031,0.12926244093301
6.06666666666667,113.993805174646,140,24.9426910311455,40.8366665490127,1.94041782881625,3.18965243407368,3.22438503666285,39.7134199050314,0.408345168691677,0.1318623438522
6.08333333333333,113.936093356242,139,23.9426910311455,41.4103569507279,1.94400638055263,3.19324098581006,3.25520314942983,40.4350088112202,0.375682472222215,0.134245840971765
6.1,113.898255332284,138,22.9426910311455,41.8787909256816,1.94034659195013,3.18958119720756,3.28588010891451,41.0747705724641,0.338409945723952,0.136290072124516
6.11666666666667,113.888223077404,137,21.9426910311455,42.2462734015183,1.9283766708239,3.17761127608132,3.31628095527088,41.6202532627025,0.295917434145088,0.137940433379656
6.13333333333333,113.913972159175,136,20.9426910311455,42.5165989372073,1.90817509247878,3.15740969773621,3.34626348466965,42.0649538222185,0.248511063586615,0.139186666699108
6.15,113.983805950124,135,19.9426910311455,42.6930546648016,1.88046236450334,3.12969696976077,3.37569289589143,42.4065449372612,0.196986691431577,0.140044838256903
6.16666666666667,114.108105963618,134,18.9426910311455,42.7784871186096,1.84625472899926,3.09548933425669,3.40444944737663,42.6454560986744,0.142339303248178,0.140544509997652
6.18333333333333,114.305173735445,133,17.9426910311455,42.7753964137806,1.80663929322583,3.05587389848326,3.43243139780542,42.7838015318734,0.0855790470969139,0.140720165380455
6.2,114.610203414176,132,16.9426910311455,42.6860345514613,1.76264069306164,3.01187529831906,3.45955499745743,42.824614115448,0.0276262483723524,0.14060591428244
6.21666666666667,115.068096423296,131,15.9426910311455,42.5124945136335,1.7151529113353,2.96438751659273,3.48575282808237,42.7713300440506,-0.0307383930058405,0.140232585577141
6.23333333333333,115.707740620838,131,15.9426910311455,42.2567837358341,1.6836683493031,2.4278024497696,3.50716956911172,42.6323962140887,-0.0638332580606424,0.139624586397876
6.25,116.5361834111,130,14.9426910311455,41.9980299324843,1.66803256046176,2.41685739758066,3.52362295568278,42.4418243084148,-0.071680464313422,0.138733900879631
6.26666666666667,117.5491554759,130,14.9426910311455,41.6248681971176,1.64838125449672,2.40310148340513,3.53971341911062,42.2190124304335,-0.0824996994457696,0.137677009645879
6.28333333333333,118.735938137327,130,14.9426910311455,41.2399575527436,1.61953250118815,2.38290735608913,3.55536181648387,41.9301864271003,-0.100281575486878,0.136244633278851
6.3,120.083089980244,129,13.9426910311455,40.8452991036085,1.58545518708642,2.35905323621792,3.57048615567943,41.5907045536103,-0.121727410636519,0.134587292785009
6.31666666666667,121.575994817202,130,14.9426910311455,40.348315055263,1.54904611400883,2.33356688506361,3.58504437435907,41.2133792391694,-0.144465686325091,0.132816271791932
6.33333333333333,123.199538395905,130,14.9426910311455,39.9441645006748,1.50617748585175,2.30355884535365,3.59898411138504,40.7725168120868,-0.171702050871303,0.130765900801054
6.35,124.938565616208,130,14.9426910311455,39.5335926004728,1.46733571885971,2.27636960845922,3.61229711192885,40.3244898853746,-0.195083596040383,0.128848451526361
6.36666666666667,126.778142051709,131,15.9426910311455,39.1173420973965,1.43233851131029,2.25187156317463,3.62503086860681,39.8725863928912,-0.214851601640903,0.127060534161499
6.38333333333333,128.703709758249,132,16.9426910311455,38.790353104607,1.40085152497666,2.22983067274109,3.63722987317897,39.4189315722775,-0.231360758553584,0.125392482618239
6.4,130.701154097172,133,17.9426910311455,38.5477498540265,1.37862108847293,2.21426936718848,3.64897323532989,39.0009119046132,-0.240182303918388,0.124076145954272
6.41666666666667,132.756804978409,134,18.9426910311455,38.3850817126733,1.36836407728495,2.20708945935689,3.66038841580454,38.6431797339687,-0.239381760562061,0.12322751653341
6.43333333333333,134.857393460162,135,19.9426910311455,38.2985038688228,1.37077839699031,2.20877948315064,3.67162201308813,38.360749608412,-0.228660900595724,0.122884343363564
6.45,136.989983208357,137,21.9426910311455,38.284812966154,1.38531118658162,2.21895243586456,3.68282088021035,38.1616464479685,-0.208712093964052,0.123034990212367
6.46666666666667,139.141895976471,138,22.9426910311455,38.4354557933823,1.41071734972645,2.23673675006595,3.69412093724149,38.0490561855826,-0.180753975636549,0.123639618682536
6.48333333333333,141.300652271585,140,24.9426910311455,38.6483934563783,1.45158705335988,2.26534554260934,3.70568029586009,38.059009305101,-0.141392321007086,0.124889271576546
6.5,143.453949894784,142,26.9426910311455,39.0163057878606,1.50328850109045,2.30153655602074,3.71765248715807,38.1773130205097,-0.0945629153800046,0.126611766370209
6.51666666666667,145.589702553825,144,28.9426910311455,39.5324379807167,1.56840552320463,2.34711847150067,3.73018213198092,38.4276298197422,-0.0384342361063046,0.128917881515627
6.53333333333333,147.696156344594,146,30.9426910311455,40.1906284714846,1.64742355225432,2.40243109183545,3.74343070505229,38.8234010703762,0.0271293639741033,0.131836880967244
6.55,149.762090015139,149,33.9426910311455,40.9853489832009,1.73953873416286,2.46691171917143,3.7575569816212,39.3706673075194,0.101246988238133,0.135346936670826
6.56666666666667,151.77708823805,151,35.9426910311455,42.0057143259283,1.84324437408662,2.53950566711806,3.7727055785911,40.0703530053042,0.182508134685373,0.139397394031866
6.58333333333333,153.73185776129,154,38.9426910311455,43.1473464041524,1.96287629133424,2.6232480091914,3.78904007253651,40.9560509144861,0.274125941700704,0.14416856106002
6.6,155.618540212608,156,40.9426910311455,44.5005784353861,2.09356599737626,2.71473080342081,3.80671638412586,42.0110273768932,0.372002221121535,0.14947802595644
6.61666666666667,157.430969829936,159,43.9426910311455,45.9622427004228,2.23768342004673,2.81561299929014,3.82587869448326,43.2563520799141,0.477828333645615,0.155427066214773
6.63333333333333,159.164832683372,162,46.9426910311455,47.6237405443636,2.38938364525942,2.92180315693902,3.84664665685751,44.6668420315543,0.586800938722514,0.161792001997409
6.65,160.817701991659,164,48.9426910311455,49.4768284170362,2.55072484956015,3.03474199994953,3.86912088755376,46.2582129421085,0.700446697470694,0.168658530491894
6.66666666666667,162.388947938708,167,51.9426910311455,51.4195745276465,2.72210768548614,3.15470998509772,3.89341526095995,48.0381951640095,0.81895087969193,0.176048024931326
6.68333333333333,163.879541020509,169,53.9426910311455,53.5444574347651,2.89676152764005,3.27696767460546,3.91960256317417,49.9726746914016,0.9368628002903,0.183696828078612
6.7,165.29178094674,171,55.9426910311455,55.7500345697043,3.07651212494186,3.40279309271673,3.94773003378111,52.0717645431531,1.05562323772353,0.191677542100905
6.71666666666667,166.628987737438,172,56.9426910311455,58.0349309193832,3.2558145738274,3.52830480693661,3.9778192983911,54.303986261069,1.17084818321107,0.19977108950035
6.73333333333333,167.895187917635,174,58.9426910311455,60.3035830263664,3.4313564447681,3.6511841165951,4.00984059417251,56.6459746468835,1.28002071872036,0.207842613545198
6.75,169.094821559358,175,59.9426910311455,62.6540864769023,3.5952656817727,3.76592058249832,4.04369604915177,59.0447615896043,1.37710960985896,0.215573241217182
6.76666666666667,170.23248665276,176,60.9426910311455,64.9898019929245,3.749901102626,3.87416537709562,4.07925974844218,61.5005246132892,1.46427442734434,0.223044706333063
6.78333333333333,171.312729738029,177,61.9426910311455,67.3133954198176,3.89117088366907,3.97305422382577,4.11639237748141,63.9780535682767,1.53855448844531,0.230084344872351
6.8,172.339884740705,177,61.9426910311455,69.6267524648122,4.0176378471013,4.06158109822834,4.15492313456536,66.454336502018,1.5991514270649,0.236621933502554
6.81666666666667,173.317957228957,177,61.9426910311455,71.8368611270619,4.12954080383129,4.13991316793933,4.19467476057681,68.9152740306761,1.64660467347888,0.242653004133486
6.83333333333333,174.250548738037,177,61.9426910311455,73.9498502572004,4.2219356996672,4.20458959502447,4.23543988821865,71.3169731910275,1.67737113180181,0.24796741973886
6.85,175.140814616332,177,61.9426910311455,75.9708331158892,4.29336195657441,4.25458797485951,4.27697507562435,73.6319365151279,1.69073619466936,0.252489827822456
6.86666666666667,175.991448897475,177,61.9426910311455,77.9038377168209,4.34453390650074,4.29040833980794,4.31903349303494,75.8445978230439,1.6877128770787,0.256230544914642
6.88333333333333,176.804690267148,176,60.9426910311455,79.7518872626062,4.37738580684333,4.31340467004776,4.36138447861598,77.9476833678033,1.67024702668066,0.259249371715493
6.9,177.582343217504,175,59.9426910311455,81.423099691883,4.39440785978242,4.32532010710512,4.40382371525528,79.9393781590223,1.64067159120378,0.261630163066181
6.91666666666667,178.325664246403,175,59.9426910311455,82.9248577936553,4.39206989281332,4.32368353022675,4.44613821113243,81.7851989931085,1.59653268336636,0.263219664708603
6.93333333333333,179.035505242673,174,58.9426910311455,84.3577812693568,4.36972613390083,4.30804289898801,4.48809199865644,83.4647832109203,1.53770601464394,0.263976725348782
6.95,179.712618789353,174,58.9426910311455,85.6276422288152,4.38943587703765,3.22448074992437,4.51835563778228,85.024409905127,1.54351144756352,0.26416131994442
6.96666666666667,180.357474142088,173,57.9426910311455,86.7969391788703,4.42157381816187,3.23894282343027,4.54176827404838,86.5080243344854,1.57662354407465,0.263541207290931
6.98333333333333,180.97030341913,173,57.9426910311455,87.7398799246153,4.43046670965006,3.24294462459995,4.56512170509605,87.8966957629085,1.59023048800595,0.262059583235493
7,181.55115851564,173,57.9426910311455,88.566323242017,4.40817801876152,3.23291471370011,4.58820900759555,89.1246165474478,1.57830655577223,0.259402428425372
7.01666666666667,182.0999582238,173,57.9426910311455,89.2846740429869,4.35858550992186,3.21059808472226,4.61081132184966,90.188513940978,1.544247315009,0.255720266343684
7.03333333333333,182.616523698458,173,57.9426910311455,89.9020428853713,4.28621586524754,3.17803174461882,4.63274178121373,91.0922836643091,1.4919211590043,0.251189202007968
7.05,183.100606893465,173,57.9426910311455,90.4244830054439,4.19566860196774,3.13728547614291,4.65384811576014,91.8441218417684,1.42520756783893,0.245988287790017
7.06666666666667,183.551914225885,173,57.9426910311455,90.857217967535,4.09126167746164,3.09030236011516,4.67401179882934,92.4544805684862,1.34771638010161,0.240285596395259
7.08333333333333,183.970126158022,173,57.9426910311455,91.2048453318338,3.9768372653459,3.03881137466308,4.6931451598765,92.9346714833675,1.26263721853495,0.234230585328961
7.1,184.354913784079,174,58.9426910311455,91.4715094016352,3.8556786451823,2.98428999558946,4.71118747400035,93.2959630835645,1.17267868165812,0.227950826293212
7.11666666666667,184.705952855024,174,58.9426910311455,91.75510060195,3.73050032767068,2.92795975270923,4.72810071403739,93.5490419328425,1.0800662444574,0.221551611882598
7.13333333333333,185.022935378609,174,58.9426910311455,91.9593235269923,3.60969116485964,2.87359562944427,4.74389054668534,93.7397745792979,0.991487408286989,0.215361560978802
7.15,185.305579029389,175,59.9426910311455,92.0879817710802,3.49201351841505,2.8206406885442,4.75858714328429,93.8648562370617,0.90593152183735,0.209330822814652
7.16666666666667,185.553634910292,175,59.9426910311455,92.2390134988565,3.37673450732143,2.76876513355207,4.77221359998986,93.9229037977503,0.822798997969349,0.203429415542121
7.18333333333333,185.766894091296,176,60.9426910311455,92.3163927368569,3.26969737305178,2.72059842313073,4.78481432057781,93.9501165841952,0.74669986414596,0.197886091101289
7.2,185.945192415945,177,61.9426910311455,92.4183546701903,3.16784981320199,2.67476702119832,4.79644192830143,93.9356824230346,0.675149445251997,0.192579833122698
7.21666666666667,186.08841370109,178,62.9426910311455,92.5433095391344,3.07542578170908,2.63317620702651,4.80715569944935,93.9086033368909,0.611457358514399,0.187676245016086
7.23333333333333,186.19649171567,178,62.9426910311455,92.6899554700153,2.9945187752188,2.59676805410589,4.81703831055643,93.8887830379368,0.557198762733616,0.183256877212394
7.25,186.269410929482,179,63.9426910311455,92.7632927382318,2.92576410085613,2.56582845064268,4.82618243247802,93.8892479317027,0.51277517321519,0.179346020330886
7.26666666666667,186.307206065497,180,64.9426910311455,92.8626721826031,2.86265113691612,2.53742761686968,4.83465667025344,93.8819478841748,0.472928738699965,0.175686906393921
7.28333333333333,186.309961351477,181,65.9426910311455,92.9875588087385,2.80726754195859,2.51250499913879,4.8425154193895,93.8834804885186,0.439267718718481,0.172360914767842
7.3,186.277809404289,182,66.9426910311455,93.1375587207257,2.76051080006792,2.49146446528799,4.84982404781471,93.9051532287596,0.412438587606755,0.169402694435186
7.31666666666667,186.210929466437,183,67.9426910311455,93.3124521809588,2.72248152144944,2.47435128990968,4.85665149406463,93.9543018362874,0.392448876694724,0.166815609112761
7.33333333333333,186.109545442106,184,68.9426910311455,93.5121912437692,2.69278026732182,2.46098572555225,4.86306544080731,94.03537221788,0.378909795502726,0.164583394310996
7.35,185.973923666378,185,69.9426910311455,93.7368765907398,2.67072405007759,2.45106042779234,4.86912940269126,94.1507793398089,0.371212372396397,0.162678660245619
7.36666666666667,185.804370692555,186,70.9426910311455,93.9867239483858,2.6554982502733,2.44420881788041,4.87490118713862,94.3015678303914,0.368650367844905,0.161068858557197
7.38333333333333,185.60123065888,188,72.9426910311455,94.2620271304948,2.64625826762328,2.4400508256879,4.8804322992994,94.4879040665831,0.370501928273404,0.15972027494805
7.4,185.364882303887,189,73.9426910311455,94.6571815610149,2.64219329359414,2.43822158737479,4.88576796230534,94.7094302970857,0.376080278608234,0.158600534134964
7.41666666666667,185.095735914172,190,74.9426910311455,95.072611518601,2.64877055960899,2.44118135708147,4.89097265122876,95.0015517734587,0.389673624534861,0.157924254693978
7.43333333333333,184.794230348487,190,74.9426910311455,95.5089472555296,2.66239182205616,2.4473109251827,4.89611527929567,95.3513512438379,0.408345090127486,0.157549580566228
7.45,184.460830206856,191,75.9426910311455,95.8728635142883,2.6804586708993,2.45544100716211,4.90124158256759,95.7487729874818,0.429984110179952,0.157373932883458
7.46666666666667,184.096023175989,192,76.9426910311455,96.2650086970435,2.69495271910449,2.46196332885445,4.90635565209389,96.1501793426548,0.448217317439628,0.157081462661768
7.48333333333333,183.700317563026,192,76.9426910311455,96.6857292807406,2.70760973411278,2.46765898560818,4.91144052091191,96.5621663790655,0.464466057302678,0.156739868275609
7.5,183.27424001954,192,76.9426910311455,97.0410494372196,2.71970136644442,2.47310022015741,4.91649034612456,96.9900626077674,0.479767140830254,0.156398636595259
7.51666666666667,182.818333452246,193,77.9426910311455,97.3367274687009,2.72590724689321,2.47589286635937,4.92148209471497,97.4019666743306,0.48992923399673,0.155847955149347
7.53333333333333,182.333155101447,193,77.9426910311455,97.6721469924298,2.72354472495011,2.47482973148498,4.92636322248921,97.7770838612512,0.492898946192107,0.154981648313681
7.55,181.81927450999,193,77.9426910311455,97.9521726221553,2.71793790377195,2.4723066619548,4.93109332779732,98.139041794155,0.492982780865007,0.154008459801562
7.56666666666667,181.277271493235,192,76.9426910311455,98.1813335400693,2.70641620469437,2.46712189736989,4.93563973744056,98.4693752176226,0.488109694368577,0.152822743787082
7.58333333333333,180.707735008598,192,76.9426910311455,98.2697140550475,2.68790195000187,2.45879048275827,4.93995605698156,98.7567875809986,0.477494164903212,0.151381452221301
7.6,180.111262263788,192,76.9426910311455,98.3209574792884,2.65615718345859,2.44450533781379,4.94396684690236,98.9592337141474,0.456277666471603,0.149438492014371
7.61666666666667,179.488457764292,191,75.9426910311455,98.3380724376967,2.61473639267985,2.42586598196336,4.9475892888697,99.0866413555427,0.427408617200943,0.14713284403247
7.63333333333333,178.839932391009,190,74.9426910311455,98.2294917371075,2.56663088852123,2.40421850509198,4.95076511362275,99.1486255339223,0.393354231826525,0.144581407296233
7.65,178.166302566808,190,74.9426910311455,98.0031997128977,2.50806451071332,2.37786363507842,4.95343123976894,99.1179864828585,0.351197569109654,0.141634908556566
7.66666666666667,177.468178053835,189,73.9426910311455,97.7606832154796,2.43768944999214,2.34619485775389,4.95550599816446,98.9786933189746,0.299978614820586,0.138239504425193
7.68333333333333,176.745942205614,188,72.9426910311455,97.4088351817341,2.36194952668184,2.31211189226426,4.95692918638281,98.7589852161777,0.244913820879405,0.134647836116483
7.7,176.000154972192,188,72.9426910311455,96.9541746293211,2.2790904257343,2.27482529683786,4.95765608009255,98.4447403046767,0.184670080276042,0.130790177576673
7.71666666666667,175.231469163016,187,71.9426910311455,96.496882041226,2.18876860590868,2.23418047791633,4.95763453399751,98.028688803353,0.119046722524155,0.12665225931709
7.73333333333333,174.440541463955,186,70.9426910311455,95.9427392003566,2.097739810249,2.19321751986948,4.95683867006119,97.5445753008067,0.053462355675234,0.12249909571046
7.75,173.628034036947,185,69.9426910311455,95.2973538859738,2.00411725419853,2.15108736964677,4.95525866171653,96.9814080827445,-0.0135682173973651,0.118255871433095
7.76666666666667,172.794615519315,184,68.9426910311455,94.5661213943167,1.90716336439031,2.10745811923306,4.95287521417199,96.3333780975784,-0.0826030351746324,0.113892946417189
7.78333333333333,171.940962122034,184,68.9426910311455,93.7541802125783,1.80690013688329,2.06233966685491,4.94966665495224,95.5985269699345,-0.153592491155204,0.109410552688176
7.8,171.067758915993,183,67.9426910311455,92.9604628881172,1.70381600875008,2.01595180919496,4.9456134770993,94.7776549895996,-0.226118635943744,0.104827280750973
7.81666666666667,170.175701123706,182,66.9426910311455,92.0896681974946,1.60486094141211,1.97142202889288,4.94072613801987,93.9094967156541,-0.294656522097817,0.100415946692126
7.83333333333333,169.265495335731,181,65.9426910311455,91.1464891860741,1.52064917498737,1.76245370181566,4.93243176085812,92.992636695927,-0.34389521086847,0.0960865844276554
7.85,168.337860660124,180,64.9426910311455,90.1298115368255,1.43642018609283,1.73402641806376,4.92332523637037,92.027297976491,-0.39257449359579,0.091756148276359
7.86666666666667,167.393530600032,180,64.9426910311455,89.0396025340618,1.34922747255127,1.70459887724348,4.91367279861097,91.002896201265,-0.443740905843538,0.0873612373037825
7.88333333333333,166.433257269801,179,63.9426910311455,87.9764558273705,1.25821201338763,1.67388115977575,4.90345956980555,89.9119188743177,-0.498040693911644,0.0828677498753058
7.9,165.457832448959,178,62.9426910311455,86.8465229059838,1.16970097568107,1.64400868454979,4.89268760887791,88.787775923447,-0.550411669202392,0.078523185791152
7.91666666666667,164.468078097118,177,61.9426910311455,85.6557045787506,1.08145296341977,1.6142249804116,4.88136877056248,87.6191438862243,-0.602624551701589,0.0742375191628567
7.93333333333333,163.464828996899,176,60.9426910311455,84.4095913762273,0.992412013574715,1.58417365983889,4.86950583035871,86.3998849216126,-0.655499201573082,0.0699679321344741
7.95,162.448932766605,175,59.9426910311455,83.1134312622509,0.902319641700452,1.55376748433133,4.85709801023509,85.1277007307841,-0.709218044609459,0.0657032103530565
7.96666666666667,161.421250231254,174,58.9426910311455,81.7721257286769,0.811421642582915,1.52308940962916,4.84414459894558,83.8030393022612,-0.763562539171755,0.0614519896404487
7.98333333333333,160.382655484068,173,57.9426910311455,80.3902432376761,0.720252917482033,1.49231996490761,4.83064715105169,82.4282300411373,-0.818086375819362,0.0572341630597204
8,159.334036174704,172,56.9426910311455,78.9720421127886,0.629484808693482,1.46168572819148,4.81661065821832,81.0068170183672,-0.872238071901701,0.0530748116021781
8.01666666666667,158.276293764701,171,55.9426910311455,77.5214974368465,0.539821204439865,1.43142426175588,4.80204400428826,79.5430585126157,-0.925444143129129,0.0490000975724435
8.03333333333333,157.210343358193,170,54.9426910311455,76.0423283888837,0.451931693001374,1.40176155164539,4.78695994427217,78.0415621808674,-0.97716237504384,0.0450346439596397
8.05,156.137113418809,169,53.9426910311455,74.5380238419195,0.366412069885771,1.37289867884387,4.77137478738125,76.5070279587513,-1.02691305907846,0.0412000068070536
8.06666666666667,155.057545232827,168,52.9426910311455,73.0118650422112,0.283764396834602,1.34500508918911,4.75530791522499,74.944074356958,-1.07429451109217,0.037513925418015
8.08333333333333,153.97259255455,167,51.9426910311455,71.4669448817233,0.204390499757345,1.31821639892553,4.73878122734316,73.3571276399646,-1.11898781552734,0.0339901042245754
8.1,152.883221107699,166,50.9426910311455,69.9061837311588,0.128594240818436,1.29263516153365,4.72181857608171,71.7503570942423,-1.16075456144174,0.0306383390805233
8.11666666666667,151.790407497519,165,49.9426910311455,68.3323420810329,0.0565891033399179,1.26833342763465,4.70444523009197,70.1276430043393,-1.19943036029523,0.027464849544402
8.13333333333333,150.695137784458,164,48.9426910311455,66.7480303916688,-0.0112955993181459,1.23793900593928,4.68664763148667,68.4926186481925,-1.23465440785206,0.0244726852798393
8.15,149.59840551811,163,47.9426910311455,65.1554587320526,-0.0725445799072139,1.17669002535021,4.66794966458652,66.8500340130197,-1.2631010347106,0.0216604968623153
8.16666666666667,148.501209365701,162,46.9426910311455,63.5553539456793,-0.127025967686905,1.12220863757052,4.6483063470513,65.2055087909494,-1.28451305512515,0.0190162167168175
8.18333333333333,147.404550088973,161,45.9426910311455,61.947570482524,-0.175696961048723,1.0735376442087,4.62782732445817,63.5622798433986,-1.2999157934572,0.0165157316098423
8.2,146.309427468812,160,44.9426910311455,60.3324522791479,-0.219647767687421,1.02958683757001,4.60660500919129,61.9215053438445,-1.31039827869807,0.0141275426231021
8.21666666666667,145.216837170931,159,43.9426910311455,58.7107067721219,-0.259929263700185,0.989305341557242,4.58471389148512,60.283199354571,-1.31697582206796,0.0118195209506413
8.23333333333333,144.127766298418,157,41.9426910311455,57.083287617464,-0.297461323202947,0.95177328205448,4.56221201617388,58.6468653331558,-1.320521209937,0.00956272238880337
8.25,143.043187215915,156,40.9426910311455,55.3572355312919,-0.332995815198423,0.916238790059004,4.53914350615346,57.0118947589671,-1.32174142190558,0.00733315843339657
8.26666666666667,141.964050380732,155,39.9426910311455,53.6336396833528,-0.373175388673164,0.876059216584263,4.51548638055948,55.3418118062679,-1.3258977213091,0.0048679553991137
8.28333333333333,140.891276289332,154,38.9426910311455,51.9132607064551,-0.41530531554124,0.833929289716187,4.49119193616419,53.6487583899173,-1.33076275678536,0.00226867007127693
8.3,139.825746172338,153,37.9426910311455,50.1965322595113,-0.457622013077131,0.791612592180296,4.46624827007215,51.9422197855884,-1.33492734311369,-0.000395729782544494
8.31666666666667,138.768291327114,152,36.9426910311455,48.4837488979655,-0.499071527370106,0.750163077887321,4.4406666556339,50.2292916894719,-1.33759437885355,-0.00308170104350493
8.33333333333333,137.719681901657,151,35.9426910311455,46.7751773305559,-0.53911082555252,0.710123779704907,4.41447142675817,48.5150743527335,-1.33839885500694,-0.00576444729254421
8.35,136.680615489993,149,33.9426910311455,45.0711134196693,-0.577542891643707,0.67169171361372,4.38769288983152,46.803095884354,-1.33726151341175,-0.00843222067159632
8.36666666666667,135.651705775477,148,32.9426910311455,43.2778437970603,-0.614388160964603,0.634846444292824,4.36036267399179,45.0957070846606,-1.33427679208171,-0.0110817743456449
8.38333333333333,134.633471663464,147,31.9426910311455,41.4956854728054,-0.655851260793385,0.593383344464042,4.33245591501448,43.3584378131933,-1.33434731774461,-0.0139592244141262
8.4,133.626327273,146,30.9426910311455,39.7246551139266,-0.699010321058584,0.550224284198843,4.30392645983184,41.6046462856649,-1.33506627671623,-0.0169539588538064
8.41666666666667,132.630573362726,145,29.9426910311455,37.9644942310421,-0.742017034287912,0.507217570969515,4.27476746949942,39.8444208513768,-1.33496346342302,-0.0199932897960782
8.43333333333333,131.646391571221,144,28.9426910311455,36.2148656082045,-0.783821790850653,0.465412814406774,4.24499588736173,38.0850111974052,-1.33325272128419,-0.0230334007921983
8.45,130.67384223653,143,27.9426910311455,34.475463873191,-0.823935713549148,0.425298891708279,4.2146411834569,36.3313625591706,-1.32961835889183,-0.0260512478452485
8.46666666666667,129.712866167267,141,25.9426910311455,32.7460667836277,-0.862238519194783,0.386996086062644,4.18373767673667,34.5866508655006,-1.32404596731986,-0.0290378515533463
8.48333333333333,128.763290381168,140,24.9426910311455,30.9324889794184,-0.898832313151494,0.350402292105933,4.15231966610304,32.8527618535027,-1.31669594518143,-0.0319930762445946
8.5,127.824837692692,139,23.9426910311455,29.1346134061876,-0.939997912030039,0.309236693227388,4.12036362597804,31.094707454282,-1.31252979852364,-0.0351660774897068
8.51666666666667,126.897140488719,138,22.9426910311455,27.3520531331093,-0.982878869346472,0.266355735910955,4.08782355110606,29.3253152536535,-1.30918866309171,-0.0384489849187226
8.53333333333333,125.979758150126,137,21.9426910311455,25.5841703048974,-1.02714074305844,0.249234605257427,4.05498911095513,27.5535603821624,-1.30719151554446,-0.0417710058342434
8.55,125.072197164222,136,20.9426910311455,23.8311605491307,-1.07354869290864,0.249234605257427,4.02226008806968,25.7835625632877,-1.30819214882283,-0.0450843077207926
8.56666666666667,124.173932303178,134,18.9426910311455,22.0946098006844,-1.12123568288153,0.249234605257427,3.98966263887533,24.0178561130197,-1.31152733043502,-0.0483504964712768
8.58333333333333,123.284427660335,133,17.9426910311455,20.2823820231183,-1.16928405462909,0.249234605257427,3.95720106420972,22.2592664742158,-1.31642628041257,-0.0515347334576477
8.6,122.403156405292,132,16.9426910311455,18.4960223161124,-1.22316364745311,0.249234605257427,3.92487949144633,20.4748098619365,-1.32723137038606,-0.0548498089041529
8.61666666666667,121.52961870149,131,15.9426910311455,16.7366746150883,-1.2793273899289,0.249234605257427,3.89270187897928,18.6795665728645,-1.34110929119561,-0.0581530690691774
8.63333333333333,120.663357142594,130,14.9426910311455,15.0052250098442,-1.33513823670023,0.249234605257427,3.86067202060858,16.8855927908234,-1.35591949947411,-0.0613420819303885
8.65,119.803969248026,129,13.9426910311455,13.3023254645269,-1.38869377680383,0.249234605257427,3.8287935498276,15.1024116234621,-1.3700847317696,-0.0643464649143301
8.66666666666667,118.951116775972,128,12.9426910311455,11.6284161082143,-1.43867979332815,0.249234605257427,3.79706994401506,13.3374317237682,-1.38248238908919,-0.0671211113285477
8.68333333333333,118.104531831413,127,11.9426910311455,9.98374614189386,-1.48424846018667,0.249234605257427,3.7655045285333,11.5963034692601,-1.39235374270467,-0.0696406012716196
8.7,117.264019936438,126,10.9426910311455,8.36839340945303,-1.52491745490754,0.249234605257427,3.73410048073486,9.8832213892798,-1.39922832380389,-0.0718946129468908
8.71666666666667,116.429460374387,125,9.94269103114547,6.78228268170511,-1.56048678406082,0.249234605257427,3.70286083387922,8.20118039945262,-1.40286121996233,-0.0738841765301912
8.73333333333333,115.600804213401,124,8.94269103114547,5.22520270347637,-1.59097056895957,0.249234605257427,3.67178848096163,6.55219240664178,-1.40318131621846,-0.0756186355075571
8.75,114.778070429459,123,7.94269103114547,3.69682205443323,-1.6165414314247,0.249234605257427,3.64088617845574,4.93746897330241,-1.40024879299742,-0.0771132001246718
8.76666666666667,113.961328282511,123,7.94269103114547,2.19670387465681,-1.63748545974109,0.249234605257427,3.61015654997189,3.3575749638665,-1.39422043196295,-0.0783869946493013
8.78333333333333,113.150642105013,122,6.94269103114547,0.818378860377204,-1.65416602975668,0.249234605257427,3.57960208983283,1.81255742563877,-1.38532148833,-0.0794615148742628
8.8,112.346056989448,121,5.94269103114547,-0.538682809870319,-1.66066353434363,0.249234605257427,3.5492251665685,0.338146859786581,-1.36874637044356,-0.0801152356157998
8.81666666666667,111.547609507411,121,5.94269103114547,-1.87495285170655,-1.66019802178727,0.249234605257427,3.51902802633162,-1.07828110633745,-1.34696334580525,-0.0804872243082209
8.83333333333333,110.755335743134,120,4.94269103114547,-3.0968947811673,-1.65520690221014,0.249234605257427,3.48901279623572,-2.44671818915638,-1.32185117812244,-0.0806814708729842
8.85,109.969276630546,120,4.94269103114547,-4.30499644486144,-1.6411842949836,0.249234605257427,3.45918148761723,-3.73897402174849,-1.28974957661464,-0.080530509301978
8.86666666666667,109.189481311883,120,4.94269103114547,-5.40559619138048,-1.62226228085424,0.249234605257427,3.42953599922314,-4.97324136962081,-1.25388333008885,-0.0802061503044758
8.88333333333333,108.416009079036,119,3.94269103114547,-6.40497731469398,-1.59508255943608,0.249234605257427,3.40007812032596,-6.12743983380668,-1.21151706037128,-0.0795852128937241
8.9,107.648930329423,119,3.94269103114547,-7.40329716008326,-1.55817973568713,0.249234605257427,3.3708095337673,-7.188135928948,-1.16140329777856,-0.0786220461480447
8.91666666666667,106.88832686289,119,3.94269103114547,-8.30653655424495,-1.51773494875207,0.249234605257427,3.34173181893168,-8.18446879225279,-1.10841627168066,-0.077567665550266
8.93333333333333,106.134291761824,118,2.94269103114547,-9.12059895565405,-1.4716915569055,0.249234605257427,3.31284645465198,-9.10231785221459,-1.05089072676893,-0.0763463978295796
8.95,105.386929030046,118,2.94269103114547,-9.94524386473039,-1.41933034546698,0.249234605257427,3.28415482204804,-9.9338841637106,-0.988215333332084,-0.0749369257500961
8.96666666666667,104.646353114276,117,1.94269103114547,-10.6860401780863,-1.36717318705561,0.249234605257427,3.25565820729968,-10.712144995037,-0.925580596558681,-0.0735980340682523
8.98333333333333,103.912688392354,116,0.942691031145472,-11.4425282593607,-1.31321519118574,0.249234605257427,3.22735780435564,-11.4254428990438,-0.861406706849812,-0.0722503379584092
9,103.186068682589,115,-0.0573089688545281,-12.2141158970279,-1.26292105409907,0.249234605257427,3.19925471757975,-12.1034948811117,-0.800082591975822,-0.0711053887090138
9.01666666666667,102.466636806686,115,-0.0573089688545281,-13.0002009251299,-1.21975177766966,0.249234605257427,3.17134996433562,-12.7679828176273,-0.744444011703704,-0.0702897957286702
9.03333333333333,101.754544222878,114,-1.05730896885453,-13.7061159232513,-1.18568449462343,0.249234605257427,3.14364447751116,-13.4343562473464,-0.696167452279651,-0.0698682794733591
9.05,101.049950734854,113,-2.05730896885453,-14.4311725401177,-1.15528602298463,0.249234605257427,3.11613910798424,-14.0771758795381,-0.651001689830772,-0.0696173018868122
9.06666666666667,100.353024274643,112,-3.05730896885453,-15.1745577512381,-1.13147146547125,0.249234605257427,3.0888346270307,-14.7153825456327,-0.611330160202797,-0.0696432615932212
9.08333333333333,99.663940752899,110,-5.05730896885453,-15.9354567078347,-1.1158397839495,0.249234605257427,3.06173172867588,-15.3622857880442,-0.578506638925021,-0.0699978808545431
9.1,98.9828839673009,109,-6.05730896885453,-16.8071163087813,-1.10904043850925,0.249234605257427,3.03483103199102,-16.0268783760425,-0.553134680004935,-0.0706942903536725
9.11666666666667,98.3100455584864,108,-7.05730896885453,-17.6888082650557,-1.11738756199028,0.249234605257427,3.00813308333549,-16.7509715545788,-0.540360887452766,-0.071963502095553
9.13333333333333,97.6456250026533,107,-8.05730896885453,-18.5799394061388,-1.13763065435553,0.249234605257427,2.98163835854619,-17.5258885311635,-0.537718642223106,-0.0736591512098458
9.15,96.9898296303506,105,-10.0573089688545,-19.4799346285108,-1.16702251134534,0.249234605257427,2.9553472650751,-18.3440219245842,-0.543103937206182,-0.0756593878652081
9.16666666666667,96.3428746618238,104,-11.0573089688545,-20.482297118173,-1.20325667576013,0.249234605257427,2.92926014407618,-19.1987304210201,-0.554732433842477,-0.0778636276108207
9.18333333333333,95.7049832504096,103,-12.0573089688545,-21.4865683489912,-1.25074215056552,0.249234605257427,2.90337727244269,-20.1203332192843,-0.576176863614513,-0.0804338234052385
9.2,95.0763865267591,102,-13.0573089688545,-22.4924355905501,-1.30510696709735,0.249234605257427,2.8776988647959,-21.0918884513737,-0.604008630736342,-0.0831873263311838
9.21666666666667,94.4573236380634,101,-14.0573089688545,-23.4996123103234,-1.36305713210754,0.249234605257427,2.8522250754263,-22.1000191259153,-0.635614834234758,-0.0859895539026449
9.23333333333333,93.8480417778975,100,-15.0573089688545,-24.5078367328079,-1.42215168463227,0.249234605257427,2.8269560001884,-23.1342272255791,-0.669031309686378,-0.0887436363803195
9.25,93.2487962037937,99,-16.0573089688545,-25.5168704335251,-1.48062073170013,0.0624617302628714,2.80189167834992,-24.1863326853791,-0.70280718367491,-0.0913820791152983
9.26666666666667,92.6598502844025,98,-17.0573089688545,-26.5329907680315,-1.52202740730616,0.0624617302628714,2.77391934987222,-25.2411573090142,-0.715554642972267,-0.0938700380611484
9.28333333333333,92.081476557476,97,-18.0573089688545,-27.5617132810395,-1.5623201593533,0.0624617302628714,2.74615250224142,-26.2923805268849,-0.728308244472093,-0.0962384382907506
9.3,91.513959431687,96,-19.0573089688545,-28.6014396860351,-1.60250113870181,0.0624617302628714,2.71859180305142,-27.3461735121276,-0.741824002990826,-0.0985293956388074
9.31666666666667,90.9575970084942,96,-19.0573089688545,-29.6506915455164,-1.64305999421309,0.0624617302628714,2.69123784459624,-28.4063478377571,-0.756458457489095,-0.100763775193786
9.33333333333333,90.4127016618482,95,-20.0573089688545,-30.614045151719,-1.6841359730894,0.0624617302628714,2.6640911461304,-29.4749788028325,-0.772292990271599,-0.102948198584315
9.35,89.8796000366702,94,-21.0573089688545,-31.5901665089291,-1.71930798332958,0.0624617302628714,2.6371521560759,-30.5167961500403,-0.784150842451718,-0.104836051024712
9.36666666666667,89.3586328187382,94,-21.0573089688545,-32.5776987218073,-1.75112973514572,0.0624617302628714,2.61042125417685,-31.5436855136679,-0.793989553960104,-0.10653580932146
9.38333333333333,88.8501544637413,93,-22.0573089688545,-33.4813170849291,-1.78129027000832,0.0624617302628714,2.58389875360307,-32.5640606851495,-0.803102797205042,-0.108118774163445
9.4,88.3545330011853,93,-22.0573089688545,-34.3997660323473,-1.80451299522133,0.0624617302628714,2.55758490300352,-33.5475914276073,-0.807218369478493,-0.109385080459838
9.41666666666667,87.8721500041433,92,-23.0573089688545,-35.2376890259513,-1.82417872607106,0.0624617302628714,2.53147988851077,-34.5099802326255,-0.808956137243145,-0.110476042652286
9.43333333333333,87.4034008194546,92,-23.0573089688545,-36.0937854259129,-1.83622541276337,0.0624617302628714,2.50558383569752,-35.4264655061675,-0.805006003210156,-0.111240911249294
9.45,86.9486951795566,92,-23.0573089688545,-36.872642043869,-1.84488056819636,0.0624617302628714,2.4798968114862,-36.3169535744797,-0.7986677955612,-0.111854169796013
9.46666666666667,86.5084583707792,91,-24.0573089688545,-37.5788321995557,-1.84664800226558,0.0624617302628714,2.45441882601263,-37.1598089999905,-0.78709463217117,-0.112186207837234
9.48333333333333,86.0831332281237,91,-24.0573089688545,-38.3108487324183,-1.8397776656483,0.0624617302628714,2.42914983444479,-37.9411245431497,-0.76880808436571,-0.112179509949354
9.5,85.6731833952487,91,-24.0573089688545,-38.9730566876495,-1.83008342585471,0.0624617302628714,2.40408973875756,-38.6889191389982,-0.748382075872087,-0.112070465319152
9.51666666666667,85.2790985994158,91,-24.0573089688545,-39.569795127472,-1.81510539901739,0.0624617302628714,2.37923838946451,-39.3875157659311,-0.723818487841914,-0.111767915894026
9.53333333333333,84.9014033011384,91,-24.0573089688545,-40.1052533045438,-1.79371823679356,0.0624617302628714,2.35459558730754,-40.0272835354595,-0.694166978444706,-0.111235513184549
9.55,84.5406713789055,90,-25.0573089688545,-40.5834663210856,-1.76572595918774,0.0624617302628714,2.33016108490541,-40.6031203235216,-0.659214578142914,-0.110474137373964
9.56666666666667,84.197552616078,90,-25.0573089688545,-41.1023713755417,-1.73155411472045,0.0624617302628714,2.30593458836183,-41.113260581369,-0.619248504704013,-0.109508688118232
9.58333333333333,83.8728255016708,90,-25.0573089688545,-41.5657650871869,-1.70540779851941,0.249234605257427,2.28334648606369,-41.5962819541741,-0.589382390487805,-0.108621794762268
9.6,83.5675229656068,90,-25.0573089688545,-41.970915706694,-1.68623401614217,0.249234605257427,2.26264742127902,-42.0545572018733,-0.569353064587201,-0.107716975024643
9.61666666666667,83.2833209168401,90,-25.0573089688545,-42.3157193345339,-1.66336233862502,0.249234605257427,2.24215404013452,-42.4760647815523,-0.546138929488827,-0.106702755685278
9.63333333333333,83.0230146393283,91,-24.0573089688545,-42.6050497090796,-1.63521166579925,0.249234605257427,2.2218651024344,-42.8491665655845,-0.518450976637041,-0.105522439888404
9.65,82.7899441636846,91,-24.0573089688545,-42.7494638546205,-1.6013056613054,0.249234605257427,2.20177935431984,-43.1675069145161,-0.48587248380916,-0.104164032143676
9.66666666666667,82.5872433709273,91,-24.0573089688545,-42.8532480324608,-1.55557759271131,0.249234605257427,2.18189552903492,-43.3925091092406,-0.443502383863978,-0.102400422301519
9.68333333333333,82.4174893306554,91,-24.0573089688545,-42.9203166809311,-1.50154331042431,0.249234605257427,2.16221234767144,-43.5364063104595,-0.394067063650258,-0.100382370679239
9.7,82.282591422205,91,-24.0573089688545,-42.9543388734088,-1.44219569743497,0.249234605257427,2.14272851989297,-43.6104813534381,-0.339914460156481,-0.0982351459022091
9.71666666666667,82.1838046880398,91,-24.0573089688545,-42.9587469529453,-1.3800436121864,0.249234605257427,2.12344274463877,-43.6250241071593,-0.283037798769551,-0.0960608979856526
9.73333333333333,82.1218011452188,90,-25.0573089688545,-42.9367453937769,-1.31715538920034,0.249234605257427,2.10435371080777,-43.5893284859334,-0.225103763103085,-0.0939411301035382
9.75,82.0967622063835,90,-25.0573089688545,-42.9853791756565,-1.2552041954924,0.249234605257427,2.08546009792341,-43.5117175654896,-0.167482938214414,-0.0919391604305334
9.76666666666667,82.1084728354083,90,-25.0573089688545,-43.0075022186862,-1.20184476884972,0.249234605257427,2.06676057677946,-43.4356813787208,-0.116357640997559,-0.0903466876845623
9.78333333333333,82.156409968606,90,-25.0573089688545,-43.0058935397163,-1.15531191980779,0.249234605257427,2.04825381006752,-43.3558054308158,-0.0704298773177505,-0.0890814937992679
9.8,82.2398193228245,90,-25.0573089688545,-42.9831464493594,-1.11436665879051,0.249234605257427,2.02993845298645,-43.2687475269742,-0.028799962107371,-0.0880844916059055
9.81666666666667,82.3577760290979,89,-26.0573089688545,-42.9416759929536,-1.07815042398005,0.249234605257427,2.01181315383422,-43.1726992997733,0.00914395268325128,-0.0873132931629001
9.83333333333333,82.5092333001699,89,-26.0573089688545,-42.9777858144592,-1.04607431877507,0.249234605257427,1.99387655458259,-43.0669662434137,0.0438100632938757,-0.0867373533347656
9.85,82.6930611132104,89,-26.0573089688545,-42.9936350082102,-1.0240673096584,0.249234605257427,1.97612729143501,-42.9877359618029,0.0703897068575739,-0.0865785328853785
9.86666666666667,82.908076445321,89,-26.0573089688545,-42.9913526353085,-1.00906910337492,0.249234605257427,1.95856399536812,-42.9237001976719,0.0912273776927187,-0.086703889546468
9.88333333333333,83.1530665732983,88,-27.0573089688545,-42.9729252379996,-0.998895960665773,0.250338644591654,1.94118656652558,-42.8667781823569,0.107997827055364,-0.0870187174199007
9.9,83.4268067863387,88,-27.0573089688545,-43.0342235369695,-0.99239070157749,0.256843903679937,1.92407106193879,-42.811553645087,0.121378646891408,-0.0874566703539487
9.91666666666667,83.7280737080133,87,-28.0573089688545,-43.0767843620997,-0.994570024964983,0.254664580292444,1.90716890421914,-42.7907005653738,0.127446683243215,-0.0882154613134666
9.93333333333333,84.0556551716878,87,-28.0573089688545,-43.1963495434412,-1.00137727202216,0.249234605257427,1.89037205425406,-42.7894780667589,0.129657390865906,-0.0891472083579719
9.95,84.4083574453986,87,-28.0573089688545,-43.2949933769717,-1.01688834293345,0.249234605257427,1.87371778189226,-42.833094328583,0.124598830688753,-0.0903953795939578
9.96666666666667,84.7850104610689,86,-29.0573089688545,-43.374696102307,-1.03688824756773,0.249234605257427,1.85724112535675,-42.9024034272417,0.115480553569597,-0.0917787118527293
9.98333333333333,85.184471515393,86,-29.0573089688545,-43.5311874584015,-1.05836155128222,0.249234605257427,1.84094069473621,-42.9835776045102,0.104695005742381,-0.0931755731247518
10,85.6056278525375,85,-30.0573089688545,-43.6661190612341,-1.08564295180704,0.249234605257427,1.82481509863431,-43.1028670682078,0.0887727922691176,-0.0947521688038395
10.0166666666667,86.0473984186416,85,-30.0573089688545,-43.8752335408091,-1.11470808234705,0.249234605257427,1.8088629445811,-43.2415514107359,0.0709051431654469,-0.0963462869843471
10.0333333333333,86.5087350171333,84,-31.0573089688545,-44.0602068513622,-1.14920473371797,0.249234605257427,1.7930828394314,-43.4222153303978,0.0481737911437835,-0.0980974280458196
10.05,86.9886230358359,83,-32.0573089688545,-44.3168160412455,-1.18466531867687,0.249234605257427,1.77747338975068,-43.6234372689445,0.0241324666541749,-0.0998270399432268
10.0666666666667,87.486081872652,83,-32.0573089688545,-44.6408396496006,-1.224476369183,0.249234605257427,1.7620332021885,-43.8658540207808,-0.00391653413761309,-0.101665900902533
10.0833333333333,88.0001651523394,82,-33.0573089688545,-44.9341242668033,-1.27037412227056,0.249234605257427,1.74676088384011,-44.1627738070417,-0.0373808162268509,-0.103676408751826
10.1,88.5299608005444,81,-34.0573089688545,-45.292631528401,-1.31659961335278,0.0624617302628714,1.73165504259625,-44.485884343351,-0.0716731621823611,-0.105629589953127
10.1166666666667,89.074591069218,81,-34.0573089688545,-45.7188298785512,-1.35052393052258,0.0624617302628714,1.71360154295719,-44.8419417445026,-0.0884789422452698,-0.107635609330994
10.1333333333333,89.6332136213885,80,-35.0573089688545,-46.1204826446657,-1.39019387563743,0.0624617302628714,1.69571255142995,-45.2391975186444,-0.110571280848825,-0.109799189657286
10.15,90.2050243104861,79,-36.0573089688545,-46.5923422695512,-1.43115607095002,0.0624617302628714,1.67798746770916,-45.656712545185,-0.134405107360455,-0.111942164008898
10.1666666666667,90.7892588121749,79,-36.0573089688545,-47.1292813571112,-1.47670986156452,0.0624617302628714,1.66042566789831,-46.1150348373164,-0.16260557652411,-0.114191770941746
10.1833333333333,91.3851927735278,78,-37.0573089688545,-47.6323507727063,-1.52844865663991,0.0624617302628714,1.64302650542955,-46.6270108162387,-0.196462230023488,-0.116604850608662
10.2,91.9921412530308,78,-37.0573089688545,-48.1968185551073,-1.58044730178645,0.0624617302628714,1.62578931195982,-47.1636415989094,-0.231249670614288,-0.118946173097397
10.2166666666667,92.6094578437277,78,-37.0573089688545,-48.7240008233546,-1.63510065447778,0.0624617302628714,1.60871339824405,-47.7397390573312,-0.268853152375956,-0.1213098590299
10.2333333333333,93.2365336666799,78,-37.0573089688545,-49.215359465259,-1.68718185447715,0.0624617302628714,1.59179805498565,-48.3281090483721,-0.30507093425997,-0.123492691825687
10.25,93.8727963244868,78,-37.0573089688545,-49.6723737900891,-1.73335750327567,0.0624617302628714,1.57504255366516,-48.909111227994,-0.337168062250927,-0.125371838452466
10.2666666666667,94.517708857591,78,-37.0573089688545,-50.0965313346923,-1.77169973079396,0.0624617302628714,1.55844614734718,-49.4689728920361,-0.363506838049582,-0.126883188784201
10.2833333333333,95.1707687229698,79,-36.0573089688545,-50.4893196306344,-1.80130522322943,0.0624617302628714,1.54200807146633,-49.998441937117,-0.383257023792165,-0.128004577120625
10.3,95.8315068032375,79,-36.0573089688545,-50.7581595139061,-1.82199988107547,0.0624617302628714,1.52572754459254,-50.4917149480281,-0.396170062540394,-0.128742893815307
10.3166666666667,96.4994864483497,79,-36.0573089688545,-51.0044393062368,-1.82778029890454,0.0624617302628714,1.5096037691763,-50.9094944824266,-0.397327818890246,-0.128880094086756
10.3333333333333,97.1743025491964,80,-35.0573089688545,-51.2294020925014,-1.82208626711964,0.0624617302628714,1.49363593227411,-51.2624477932033,-0.389331567805117,-0.12857037083631
10.35,97.8555806410347,81,-34.0573089688545,-51.3402013147946,-1.8077661530063,0.0624617302628714,1.47782320625475,-51.5597692011435,-0.374351480692648,-0.127939729134777
10.3666666666667,98.5429760342295,82,-33.0573089688545,-51.3438794180797,-1.7808334678809,0.0624617302628714,1.46216474948673,-51.7732838352473,-0.349112332288906,-0.126846160181013
10.3833333333333,99.2361729697681,83,-32.0573089688545,-51.247239952105,-1.73965679642763,0.0624617302628714,1.44665970700734,-51.8856545385701,-0.312193665685373,-0.125243744018103
10.4,99.9348837972785,84,-31.0573089688545,-51.0568400419665,-1.68423457155577,0.0624617302628714,1.43130721117371,-51.8876537592267,-0.263473529440765,-0.123151246490922
10.4166666666667,100.638848173687,85,-30.0573089688545,-50.7789848943082,-1.61564495725337,0.0624617302628714,1.41610638229634,-51.7760217363267,-0.203704024244397,-0.120628574220253
10.4333333333333,101.347832281112,86,-29.0573089688545,-50.4197241444883,-1.53563372043214,0.0624617302628714,1.40105632925544,-51.5517954109775,-0.134191098706376,-0.117759382188841
10.45,102.061628063082,87,-28.0573089688545,-49.9848498621698,-1.44631023096565,0.0624617302628714,1.38615615010048,-51.2190140252021,-0.056556368369739,-0.114638467527176
10.4666666666667,102.780052478606,88,-27.0573089688545,-49.4798960444999,-1.34992764363106,0.0624617302628714,1.37140493263333,-50.7837250516123,0.0274369133862494,-0.111362858566271
10.4833333333333,103.502946774071,88,-27.0573089688545,-48.9101394373171,-1.24872812559355,0.0624617302628714,1.35680175497544,-50.2532285923853,0.116008055918597,-0.108025731596802
10.5,104.230175773296,89,-26.0573089688545,-48.3746608900203,-1.14483789624389,0.0624617302628714,1.34234568611926,-49.6355102527858,0.207444741838854,-0.104712468460435
10.5166666666667,104.961627186408,90,-25.0573089688545,-47.778307715185,-1.04653148276898,0.0624617302628714,1.32803578646446,-48.9749156810558,0.295082847762054,-0.101742503235444
10.5333333333333,105.697210941042,91,-24.0573089688545,-47.1258046410887,-0.95274678836989,0.0624617302628714,1.31387110833938,-48.2677173813415,0.379664067043834,-0.0990635886166317
10.55,106.436858520966,92,-23.0573089688545,-46.4216386069347,-0.862974187326675,0.0624617302628714,1.29985069650659,-47.5128221112152,0.461502820692811,-0.0966465739201065
10.5666666666667,107.180522354868,93,-22.0573089688545,-45.6700625384348,-0.777064818691858,0.0624617302628714,1.28597358865683,-46.711008716676,0.54063352045401,-0.09447716171519
10.5833333333333,107.92817519951,94,-21.0573089688545,-44.8750998662286,-0.695094673526627,0.5541399317308,1.27223881588635,-45.8643573790099,0.616915768787325,-0.0925501583763916
10.6,108.679809453921,95,-20.0573089688545,-44.0234548117133,-0.659215937028156,0.590018668229271,1.26723979499931,-45.0000059495395,0.633942475189969,-0.0908381807471862
10.6166666666667,109.435433907966,95,-20.0573089688545,-43.1024253521858,-0.62619622634059,0.623038378916837,1.2629537146909,-44.1278542628976,0.647731424588676,-0.0891820131399414
10.6333333333333,110.195066170331,96,-19.0573089688545,-42.210936713522,-0.591796957925584,0.657437647331843,1.259367625621,-43.2268215313222,0.661706592231566,-0.0874172960718269
10.65,110.958727049982,97,-18.0573089688545,-41.2537716833929,-0.559818609922859,0.689415995334568,1.25646667513884,-42.3191255081057,0.672892796223667,-0.0856960002436958
10.6666666666667,111.726438142191,98,-17.0573089688545,-40.2356577010247,-0.52622566365883,0.723008941598597,1.25424328910041,-41.384325518666,0.68453851925325,-0.0838610557581626
10.6833333333333,112.498220616475,98,-17.0573089688545,-39.1611352674407,-0.488894715135106,0.760339890122321,1.25274020329806,-40.4091345351709,0.698266881410414,-0.0818251760845871
10.7,113.274094655782,99,-16.0573089688545,-38.1284020644021,-0.446998326583234,0.802236278674193,1.25202394284063,-39.3858502584347,0.714622750932528,-0.0795495815057164
10.7166666666667,114.054079519845,100,-15.0573089688545,-37.0411935685354,-0.406585122503913,0.842649482753514,1.25211240227204,-38.3468675119667,0.728776926485772,-0.0772712691614834
10.7333333333333,114.838193491351,100,-15.0573089688545,-35.9031061218322,-0.364979786388532,0.884254818868895,1.25300105407014,-37.2790415901941,0.742892738462687,-0.0748865219951348
10.75,115.626452913984,101,-14.0573089688545,-34.8116643417062,-0.320778787357276,0.928455817900151,1.25471864276471,-36.1739840469044,0.758052521529312,-0.0723380443479098
10.7666666666667,116.418854353774,101,-14.0573089688545,-33.6701364292075,-0.279501669361877,0.96973293589555,1.25725453207181,-35.0629981421253,0.769906202518244,-0.0698450836118193
10.7833333333333,117.215345577733,102,-13.0573089688545,-32.5758581869602,-0.238025753032081,1.01120885222535,1.26058381417243,-33.93172073984,0.781013080282115,-0.0672884468681827
10.8,118.015825816349,102,-13.0573089688545,-31.4321520870784,-0.200653966971926,1.0485806382855,1.26466652049067,-32.806567518428,0.788047713249643,-0.0648425212766654
10.8166666666667,118.820152072901,102,-13.0573089688545,-30.3365228630995,-0.1634559530977,1.08577865215973,1.26946514693449,-31.6693972057039,0.794233026625077,-0.0623574826639178
10.8333333333333,119.628144197388,103,-12.0573089688545,-29.286552506398,-0.130240335848024,1.1189942694094,1.27493786688859,-30.5438516587792,0.796635411631203,-0.0599882407915594
10.85,120.439588841097,103,-12.0573089688545,-28.1859463500442,-0.102870736859521,1.14636386839791,1.28099656145244,-29.4458360593671,0.793960842936601,-0.057818036664733
10.8666666666667,121.254242882063,103,-12.0573089688545,-27.132761210284,-0.0758594153688393,1.17337518988859,1.28758857023027,-28.3493176912241,0.790692253412061,-0.0556369554640939
10.8833333333333,122.071834278479,103,-12.0573089688545,-26.1251408276929,-0.0521142785337284,1.1971203267237,1.2946771410736,-27.272317278833,0.784591742222083,-0.0535634590673702
10.9,122.892449344548,104,-11.0573089688545,-25.1613323760144,-0.0330596777139608,1.21617492754347,1.30219020315439,-26.2269546929343,0.774672011601073,-0.0516613440705419
10.9166666666667,123.717010422107,104,-11.0573089688545,-24.1457744409392,-0.019133719191171,1.24923460525743,1.31004077895429,-25.2207925500406,0.760757180689576,-0.0499570375819543
10.9333333333333,124.546335511646,104,-11.0573089688545,-23.1765169689055,-0.00449136717126009,1.24923460525743,1.31827434977476,-24.2224037140961,0.747353425774605,-0.0482084428802051
10.95,125.381024640764,105,-10.0573089688545,-22.2521544599226,0.00984914163838016,1.24923460525743,1.32656702870672,-23.2451415121078,0.734495572346392,-0.0465175340383225
10.9666666666667,126.221498224765,105,-10.0573089688545,-21.2782955779893,0.0222303082256285,1.24923460525743,1.33491475218855,-22.2977155964011,0.720827889971279,-0.0449467538112468
10.9833333333333,127.068028853268,106,-9.05730896885453,-20.3543466966106,0.0379255996918121,1.24923460525743,1.34331357260613,-21.3503819525288,0.710536676540206,-0.0432889515198262
11,127.920767756935,106,-9.05730896885453,-19.3853680925407,0.0535537121514601,1.24923460525743,1.35175965560569,-20.4195237971213,0.700921767590047,-0.041678235691013
11.0166666666667,128.779766761542,107,-8.05730896885453,-18.4702554648131,0.0732014932586487,1.24923460525743,1.36024927746342,-19.4810199960343,0.695236659269239,-0.0399558567009313
11.0333333333333,129.644996461946,108,-7.05730896885453,-17.5135945386333,0.0927035849953717,1.24923460525743,1.36877882251048,-18.5552886550873,0.690158447795238,-0.0382870695019016
11.05,130.516361254696,108,-7.05730896885453,-16.5197816352384,0.115660309344087,1.24923460525743,1.37734478061229,-17.6210237589821,0.688548423857055,-0.0365316757110647
11.0666666666667,131.393711770908,109,-6.05730896885453,-15.5869767206422,0.143967371785553,1.24923460525743,1.3859437447012,-16.6644370918679,0.691936824488125,-0.0346202825838954
11.0833333333333,132.276855162139,110,-5.05730896885453,-14.6190747147017,0.171994346786411,1.24923460525743,1.39457240836124,-15.7134467193289,0.695836187983719,-0.0327763071996356
11.1,133.165563614764,111,-4.05730896885453,-13.6198245735279,0.202416645972915,1.24923460525743,1.40322756346411,-14.7520584286597,0.702361371765717,-0.0308947882706345
11.1166666666667,134.059581403038,112,-3.05730896885453,-12.592721444218,0.236600533639794,1.24923460525743,1.41190609785526,-13.7701202555963,0.71260448161015,-0.0289250359056206
11.1333333333333,134.958630736547,114,-1.05730896885453,-11.5410170771983,0.275001284585409,1.24923460525743,1.42060499308913,-12.7618232316771,0.726939695467665,-0.0268533453776779
11.15,135.862416612566,115,-0.0573089688545281,-10.3736709502996,0.317464175547683,1.24923460525743,1.42932132221249,-11.7245306037535,0.745254918465069,-0.0246900658855761
11.1666666666667,136.770630846613,116,0.942691031145472,-9.19340143625549,0.369780671762023,1.24923460525743,1.43805224759502,-10.6217763157526,0.772202492849533,-0.0222158776769746
11.1833333333333,137.682955423805,117,1.94269103114547,-8.00258924455827,0.428408306526091,1.24923460525743,1.44679501880606,-9.46669456512369,0.80500531933821,-0.0195794290356076
11.2,138.599065288387,118,2.94269103114547,-6.80340772240791,0.49049442047682,1.24923460525743,1.45554697053673,-8.27057450854352,0.841399716228455,-0.0168974855400313
11.2166666666667,139.518630668074,119,3.94269103114547,-5.59783472618408,0.553775472698424,1.24923460525743,1.4643055205664,-7.04306501626696,0.879563769635262,-0.0142599169064459
11.2333333333333,140.441319012769,120,4.94269103114547,-4.3876641637796,0.616487605433801,1.24923460525743,1.47306816777268,-5.79236476865598,0.91805322582942,-0.0117340802185804
11.25,141.366796613258,121,5.94269103114547,-3.17451718672525,0.67728773817161,1.24923460525743,1.48183249018406,-4.52539691116761,0.955744532148601,-0.00936864760979935
11.2666666666667,142.294729953891,123,7.94269103114547,-1.95985301505891,0.73518439075478,1.24923460525743,1.49059614307427,-3.24796811166127,0.991784555566487,-0.00719692786751698
11.2833333333333,143.224786843887,124,8.94269103114547,-0.650920027198007,0.789477582080004,1.24923460525743,1.49935685709763,-1.96491178424994,1.02554659713033,-0.00523972267336727
11.3,144.156637363857,125,9.94269103114547,0.651193504655336,0.803067574686321,2.05230217994375,1.51693477774299,-0.67483195157181,1.00413044998751,-0.00322977868895558
11.3166666666667,145.089954447389,126,10.9426910311455,1.97357814462493,0.801528389548978,2.05076299480641,1.53818663674156,0.596142518840918,0.961851366863676,-0.00115019712639258
11.3333333333333,146.024409633924,127,11.9426910311455,3.34003481217544,0.80124722693064,2.05048183218807,1.56041549347494,1.85375580823292,0.919080279043784,0.00112112361136852
11.35,146.959661040993,128,12.9426910311455,4.74380819724063,0.810754930552127,2.05998953580955,1.58270275090828,3.11981459141278,0.885151839796388,0.00373400155174887
11.3666666666667,147.895345629842,129,13.9426910311455,6.17907867257895,0.83115432006784,2.08038892532527,1.60521764463762,4.41211539843628,0.860567046140725,0.00675136754467201
11.3833333333333,148.831077304438,130,14.9426910311455,7.64122204471085,0.861971595062038,2.11120620031947,1.62813367706991,5.73979768818497,0.844573430768481,0.0101741470442796
11.4,149.766447527834,131,15.9426910311455,9.12672374387926,0.901903707085345,2.15113831234277,1.65160888067389,7.10615716363641,0.835799989645653,0.0139685490378783
11.4166666666667,150.701026714722,133,17.9426910311455,10.6330136043438,0.949323050382673,2.1985576556401,1.67577644409129,8.51083539485366,0.832676802852268,0.0180849653350406
11.4333333333333,151.634366083822,134,18.9426910311455,12.2523334154684,1.00259322081336,2.25182782607079,1.70074210371484,9.95142839630154,0.833690045456691,0.0224701830745584
11.45,152.565999224197,135,19.9426910311455,13.8835101046257,1.06630738368344,2.31554198894086,1.72664060111793,11.4605816251532,0.842233739420177,0.0273188604837057
11.4666666666667,153.495443270006,136,20.9426910311455,15.5261103729388,1.13612415012384,2.38535875538127,1.75360255182175,13.0223306686038,0.854602841559347,0.0324734986072242
11.4833333333333,154.422199859111,137,21.9426910311455,17.1802646796271,1.20902896579856,2.45826357105599,1.78169760845435,14.6238275916113,0.868278888336797,0.0378219774704869
11.5,155.34575567754,138,22.9426910311455,18.8463504266065,1.2830665798937,2.53230118515113,1.81095430295508,16.2552698840676,0.881673201425732,0.0432893104935995
11.5166666666667,156.265582440736,139,23.9426910311455,20.524791096425,1.35707955973134,2.60631416498876,1.84137545920424,17.9095391976482,0.893885096482708,0.0488291105851001
11.5333333333333,157.181136800293,140,24.9426910311455,22.2159413705431,1.43047794843499,2.67971255369242,1.87294950228959,19.5817168258129,0.9044941313916,0.0544158022002977
11.55,158.091860099772,141,25.9426910311455,23.920032387821,1.5030507396152,2.75228534487262,1.90565828199937,21.2685820280954,0.913393383626922,0.060038076333835
11.5666666666667,158.997178258773,142,26.9426910311455,25.6371563510731,1.57482067338935,2.82405527864678,1.93948212485522,22.9681541258802,0.920663292333488,0.0656937332674942
11.5833333333333,159.896501613587,143,27.9426910311455,27.3672747111181,1.64593858958006,2.89517319483749,1.9744028070011,24.6793076569028,0.926481497198829,0.0713858463180624
11.6,160.789225224756,144,28.9426910311455,29.1102386311276,1.71661103862286,2.96584564388029,2.01040505445976,26.4014691371716,0.9310623052874,0.0771200690475607
11.6166666666667,161.674729339045,145,29.9426910311455,30.8658141267956,1.78705410745904,3.03628871271647,2.04747706503211,28.1343915171514,0.934619090268002,0.0829028655396461
11.6333333333333,162.552379552602,146,30.9426910311455,32.6337071433554,1.85746675179814,3.10670135705557,2.08561043107544,29.8779958922354,0.937343457739516,0.0887404428829253
11.65,163.421527020181,147,31.9426910311455,34.4135859306775,1.92801782497896,3.17725243023638,2.12479973801727,31.6322675006808,0.93939596031307,0.0946381882077061
11.6666666666667,164.281508559264,148,32.9426910311455,36.2050995284022,1.99884211164108,3.2480767168985,2.16504202611047,33.3971930122623,0.94090422951428,0.100600446549766
11.6833333333333,165.131646895994,149,33.9426910311455,38.0078921078173,2.07004179572051,3.31927640097793,2.20633623435066,35.172727475251,0.941965434227953,0.1066305121106
11.7,165.971250860582,150,34.9426910311455,39.8216134651682,2.14169079631049,3.39092540156792,2.24868269463406,36.9587812855327,0.942650884597144,0.112730739243307
11.7166666666667,166.799616040181,151,35.9426910311455,41.6459262353723,2.21384023695509,3.46307484221252,2.29208270867707,38.7552196778248,0.943011338529598,0.118902708253465
11.7333333333333,167.616025567501,152,36.9426910311455,43.4805104877543,2.28652396175174,3.53575856700916,2.33653821695546,40.5618692261231,0.943082132537805,0.12514740402382
11.75,168.419750584382,153,37.9426910311455,45.3250663470314,2.35976348799381,3.60899809325123,2.38205155497836,42.3785275335728,0.942887666478527,0.131465382702147
11.7666666666667,169.210050729673,155,39.9426910311455,47.179315204465,2.43357211531099,3.68280672056842,2.42862528494382,44.2049736412887,0.942445048949241,0.137856913922227
11.7833333333333,169.986174499034,156,40.9426910311455,49.1370593350815,2.50795812499749,3.75719273025492,2.47626208804454,46.0409777001273,0.941766885054957,0.144322094173478
11.8,170.7473597276,157,41.9426910311455,51.0981408855604,2.58898854459601,3.83822314985343,2.52501972036133,47.9222900851291,0.945578834586393,0.15110521786847
11.8166666666667,171.492833988717,158,42.9426910311455,53.0627589535871,2.67354582873704,3.92278043399447,2.57497430866049,49.8362682191328,0.951258523269728,0.158091181475125
11.8333333333333,172.221815134903,160,44.9426910311455,55.0314256143071,2.7595716194972,4.00880622475463,2.62615916491252,51.7731831647475,0.957117349530552,0.16520180149333
11.85,172.933511761478,161,45.9426910311455,57.0988094124716,2.84581776030122,4.09505236555865,2.67858030848315,53.7259371344197,0.962168308400615,0.172387788820837
11.8666666666667,173.627123800352,162,46.9426910311455,59.165566607691,2.937682953603,4.18691755886042,2.73228305007289,55.7256101031184,0.970637607645602,0.179865498401306
11.8833333333333,174.301842718076,164,48.9426910311455,61.2325932888977,3.03178043261982,4.28101503787725,2.78732345069212,57.7566073471854,0.979735684118578,0.187506809894784
11.9,174.956851340823,165,49.9426910311455,63.3950176338831,3.12603401649876,4.37526862175618,2.84371250172402,59.8075171421068,0.987810149151208,0.195230226851672
11.9166666666667,175.59132357196,166,50.9426910311455,65.5539459795646,3.2253815365216,4.47461614177903,2.90148990160195,61.9064248804171,0.998735734370474,0.203233199423439
11.9333333333333,176.204424146633,168,52.9426910311455,67.7106691354344,3.32622927463735,4.57546387989477,2.96070065378568,64.0357915917665,1.00958415225265,0.211378126428726
11.95,176.795308773436,169,53.9426910311455,69.9606356139573,3.42645795550017,4.6756925607576,3.02134269567479,66.1830508221902,1.01869806116266,0.219580293397321
11.9666666666667,177.363124568252,170,54.9426910311455,72.2051955786231,3.53105858528547,4.7802931905429,3.08344281608662,68.3756941798509,1.03002277585739,0.228037769638594
11.9833333333333,177.906980002021,171,55.9426910311455,74.4458146501722,3.63653900407135,4.88577360932877,3.14703443780698,70.5959635004645,1.0407356370384,0.236615652054969
12,178.425824484198,172,56.9426910311455,76.6839998066978,3.74089805429324,4.99013265955067,3.21210577243257,72.8313046598894,1.04929367289016,0.245232803484467
12.0166666666667,178.918766673458,173,57.9426910311455,78.9210972555953,3.84318050972273,5.09241511498015,3.27862082323014,75.0733684235147,1.05503415789978,0.253846702716047
12.0333333333333,179.38494726117,174,58.9426910311455,81.1582009805797,3.94311801468742,5.19235261994485,3.34653369932238,77.3170113600761,1.05785844754231,0.26244090844253
12.05,179.823494991942,175,59.9426910311455,83.3961325017382,4.04085608081044,5.29009068606787,3.41579768312646,79.5594027665124,1.05799579427997,0.271015310923763
12.0666666666667,180.233527973961,176,60.9426910311455,85.6354622971511,4.13675802556342,5.38599263082085,3.48637041165637,81.7992853663246,1.05583681292253,0.279578972023953
12.0833333333333,180.61415495299,177,61.9426910311455,87.8765519959495,4.32237965996978,4.27490036723627,3.53958907076077,84.0850312387036,1.17374682260137,0.288095169265026
12.1,180.964476900724,178,62.9426910311455,90.077686457849,4.50625219914734,4.40361114466056,3.59282065760022,86.455148382958,1.29190634323634,0.296316972804439
12.1166666666667,181.28359654155,179,63.9426910311455,92.2033106727829,4.67165335090919,4.51939195089386,3.6477706176531,88.8524111813209,1.39235255403956,0.303937136692218
12.1333333333333,181.570640088496,179,63.9426910311455,94.2644865179861,4.81294645805877,4.61829712589856,3.70418213301319,91.2237158530473,1.47111317481483,0.310713521005194
12.15,181.824770984157,180,64.9426910311455,96.1762959576398,4.92892859782031,4.69948462373164,3.76176005486154,93.5374359080987,1.52780211719569,0.31657609118683
12.1666666666667,182.045193795186,181,65.9426910311455,98.0458803161541,5.01494421356865,4.75969555475548,3.82017316260148,95.7412414101667,1.55933405862345,0.321316953442281
12.1833333333333,182.23115365157,181,65.9426910311455,99.8783646671925,5.07694018597399,4.80309273543922,3.87910262100005,97.8414618925578,1.57103071109217,0.325146589187968
12.2,182.381934041185,182,66.9426910311455,101.583130291669,5.12046404241,4.83355943494442,3.93829693986144,99.8481107850031,1.56776359162132,0.328265009446411
12.2166666666667,182.4968546599,182,66.9426910311455,103.262300687553,5.14419930275547,4.85017411718626,3.99752645506697,101.736464830548,1.54888930357683,0.330604178313937
12.2333333333333,182.575269619924,183,67.9426910311455,104.822801430888,5.15515213926645,4.85784110274394,4.05659885485154,103.529869155585,1.52031723777982,0.332426346954351
12.25,182.616566220404,184,68.9426910311455,106.364763981764,5.15237015104162,4.85589371098656,4.11535394597305,105.211695023971,1.48155505358949,0.333683291087789
12.2666666666667,182.620164726887,184,68.9426910311455,107.887648337944,5.14255510503283,4.84902317878041,4.1736690033197,106.809637212604,1.4381339515091,0.334630672457414
12.2833333333333,182.58551883681,185,69.9426910311455,109.296504831977,5.13022976285161,4.84039543925356,4.23148644839461,108.344886629464,1.39373090839395,0.335443201435932
12.3,182.512116414664,185,69.9426910311455,110.690329469055,5.1121109841483,4.82771229416123,4.28875268131707,109.79702826646,1.34579831454502,0.335988917620625
12.3166666666667,182.399480294924,185,69.9426910311455,111.973935466325,5.09286684675083,4.814241397983,4.3454261105099,111.189384822795,1.29809817778685,0.336449466048227
12.3333333333333,182.247169072453,186,70.9426910311455,113.152093080387,5.0691995272345,4.79767427432158,4.40146982291707,112.50283215918,1.24803998579232,0.336693552126859
12.35,182.054778140258,186,70.9426910311455,114.323497454902,5.03952888743036,4.77690482645868,4.45681931958867,113.725378192985,1.19444932440552,0.336655504431155
12.3666666666667,181.821941135004,186,70.9426910311455,115.392601536226,5.05666474976345,3.52473374265098,4.50189139940035,114.898849042027,1.2048260204324,0.336554025916634
12.3833333333333,181.548331336195,187,71.9426910311455,116.321023935716,5.1193030065465,3.55292095820335,4.53564319349534,116.08682693609,1.28012748092547,0.336105542833036
12.4,181.233670719765,187,71.9426910311455,117.171303400121,5.16019922000809,3.57132425426107,4.56940662484844,117.233964747572,1.336281275149,0.334879238186183
12.4166666666667,180.877751159188,187,71.9426910311455,117.860161696091,5.17762536358074,3.57916601886876,4.60301381625248,118.310806017638,1.37217484196392,0.332804952595068
12.4333333333333,180.480447076313,187,71.9426910311455,118.402695150202,5.16634232029289,3.57408864938923,4.6362695916074,119.266388692144,1.38393175240186,0.329674326181138
12.45,180.041717475166,187,71.9426910311455,118.81226318782,5.12561267512963,3.55576030906576,4.66895750466024,120.071989709026,1.37128499768198,0.325455935394284
12.4666666666667,179.561603098539,187,71.9426910311455,119.100518700707,5.05748742078964,3.52510394461276,4.70086690602602,120.714800381592,1.33617759862942,0.32022799937261
12.4833333333333,179.040222282687,187,71.9426910311455,119.277557116134,4.96556262940081,3.48373778848779,4.731808988366,121.192926954873,1.28175193974201,0.314129541025081
12.5,178.477766093868,187,71.9426910311455,119.352124419546,4.8541124667385,3.43358521528975,4.76162497124005,121.511562384562,1.21164908349717,0.30732632746805
12.5166666666667,177.874493365869,187,71.9426910311455,119.331843793546,4.72751396693197,3.37661589037681,4.79018891972173,121.680149015418,1.12954741425366,0.29998826898636
12.5333333333333,177.230659057512,187,71.9426910311455,119.223435252611,4.58989076263908,3.31468544844501,4.81740710202096,121.710349430178,1.03888012471234,0.292275417807852
12.55,176.546415235808,187,71.9426910311455,119.03291343897,4.44491551040783,3.24944658494095,4.84321529392894,121.614654959633,0.942681708715112,0.284330200367131
12.5666666666667,175.82219443442,187,71.9426910311455,118.765756354842,4.29572281992964,3.18230987422577,4.86757503278071,121.405481464755,0.843523771826567,0.276273990529061
12.5833333333333,175.058495836877,187,71.9426910311455,118.42704293206,4.14489537522062,3.11443752410671,4.89046950445336,121.09462537859,0.743509556380693,0.268206558385398
12.6,174.255869467293,187,71.9426910311455,118.021560585087,3.99449528415604,3.04675748312764,4.91189950341783,120.692976586077,0.64430434287582,0.26020729630713
12.6166666666667,173.414914554724,186,70.9426910311455,117.553885761808,3.84612041905746,2.97998879383329,4.93187972618793,120.210406674208,0.547185278251492,0.252337427334954
12.6333333333333,172.536278193244,186,70.9426910311455,116.934382050872,3.70097168159826,2.91467186197664,4.95043553074644,119.655770410268,0.453099262602795,0.244642643317043
12.65,171.620653647733,185,69.9426910311455,116.267279396185,3.55371384044077,2.84840583345577,4.96757506515007,119.000932368541,0.35780978887499,0.236911574392765
12.6666666666667,170.668778552738,185,69.9426910311455,115.46243421317,3.40790072388243,2.78278993100452,4.98330244192698,118.265117247265,0.264164182961094,0.229282462797489
12.6833333333333,169.681433403524,184,68.9426910311455,114.623462922902,3.25976340642335,2.71612813814794,4.99761910673847,117.427898919234,0.169181005808367,0.221605592913298
12.7,168.659439707368,184,68.9426910311455,113.659577755925,3.11382726389272,2.65045687400915,5.01053185916076,116.514017614428,0.0764768696864066,0.214057498384083
12.7166666666667,167.6036580447,183,67.9426910311455,112.673766348354,2.9668604665634,2.58432181521096,5.02205038459326,115.506812529074,-0.0165134636531429,0.206509686974789
12.7333333333333,166.514986435608,182,66.9426910311455,111.574652472439,2.82362032905727,2.5198637533332,5.03219252038384,114.433435512136,-0.106003700753403,0.199147925116211
12.75,165.394358385801,181,65.9426910311455,110.370626763839,2.68090273388803,2.45564083550704,5.0409798927321,113.278622325753,-0.194553076015425,0.191844926597416
12.7666666666667,164.242740858333,180,64.9426910311455,109.069749288553,2.53715670841581,2.39095512404454,5.0484168066209,112.034142713078,-0.283382275859697,0.184538399990243
12.7833333333333,163.061132560538,179,63.9426910311455,107.679671738299,2.39194996264145,2.32561208844608,5.05450054305101,110.697040079048,-0.372812489308156,0.177210057472838
12.8,161.850561913986,178,62.9426910311455,106.207613312344,2.24556130616376,2.25973719303112,5.05922814105851,109.268167628333,-0.462598784915811,0.169869605348119
12.8166666666667,160.612092958033,177,61.9426910311455,104.660369872373,2.09868012277716,2.19364066050715,5.0626005394385,107.751011762415,-0.552174763055664,0.162542938357087
12.8333333333333,159.346867964363,175,59.9426910311455,103.044341663725,1.9521929464963,2.12772143118076,5.06462480376845,106.150775792812,-0.64082533796169,0.155263754429111
12.85,158.056061803599,174,58.9426910311455,101.271510079232,1.80703859427251,2.06240197268006,5.06531502003706,104.473688344908,-0.727803186237927,0.148067861814813
12.8666666666667,156.740854844012,172,56.9426910311455,99.4475161797028,1.6579074923739,1.99529297682568,5.06466716327137,102.690456023722,-0.817314091981769,0.140745305138751
12.8833333333333,155.402433934666,171,55.9426910311455,97.4834326954928,1.50854796482797,1.92808118943001,5.06267396640682,100.820154590202,-0.906346586774179,0.133442368833055
12.9,154.041993142664,169,53.9426910311455,95.4839162256653,1.35547010430787,1.85919615219597,5.05932722632501,98.8428625196452,-0.997652891008689,0.126020695113414
12.9166666666667,152.660733750205,168,52.9426910311455,93.3590644886802,1.20350567866057,1.79081216065468,5.05462623551064,96.7842118579714,-1.08736811936017,0.11866924595093
12.9333333333333,151.259863832019,166,50.9426910311455,91.2126175337817,1.04972013618238,1.7216086665395,5.0485753768006,94.6286282748803,-1.17781929925713,0.111271594255723
12.95,149.840597863455,165,49.9426910311455,88.9538386712277,0.899137660457704,1.65384655246339,5.04118923800411,92.4044111705679,-1.26500873033464,0.104024371501072
12.9666666666667,148.404156076968,163,47.9426910311455,86.6857224922678,0.752013101341751,1.50303902696027,5.03183258853626,90.0982656138437,-1.34699988749428,0.0968092247748371
12.9833333333333,146.951763752352,162,46.9426910311455,84.3139812176056,0.612406379397554,1.4559217583041,5.02064355142023,87.7440218722454,-1.42092024755007,0.0898038899917425
13,145.484650516138,161,45.9426910311455,81.9391173634394,0.472312871326037,1.40864019932996,5.00849975141267,85.3232683700916,-1.49542911871995,0.0828576263308151
13.0166666666667,144.004433053956,159,43.9426910311455,79.5650644100176,0.336009174613892,1.36263770168962,4.99541986115867,82.8598655816197,-1.56709669714292,0.0761358112065494
13.0333333333333,142.516143035927,158,42.9426910311455,77.1013027600695,0.2063621102781,1.31888181747629,4.98144243181593,80.3727770134069,-1.63363393969887,0.0697472715381518
13.05,141.026732044405,157,41.9426910311455,74.6510093465402,0.0789162621721965,1.27586884374054,4.96660000329766,77.840828187702,-1.69857978973634,0.0635133396656279
13.0666666666667,139.543297452669,156,40.9426910311455,72.2169467431129,-0.0416177266229307,1.2076168786345,4.9507563915041,75.2878956404094,-1.75772571398076,0.0575830936450834
13.0833333333333,138.075745009036,155,39.9426910311455,69.8006446524021,-0.148523237427085,1.10071136783034,4.93307077959491,72.7354831850199,-1.80338018904509,0.0520421810148574
13.1,136.635330124728,154,38.9426910311455,67.40116290104,-0.241026059302082,1.00820854595535,4.91361176418069,70.2012844461187,-1.8350219664089,0.0469158199191326
13.1166666666667,135.233611915379,153,37.9426910311455,65.0167465156731,-0.320419927252553,0.928814678004874,4.8926184321809,67.6954666779616,-1.8542250805982,0.0421813015409998
13.1333333333333,133.88217903691,152,36.9426910311455,62.6467106314105,-0.388640007483699,0.860594597773727,4.87030238434806,65.222429579603,-1.86300351852201,0.0377871032593294
13.15,132.593008320874,151,35.9426910311455,60.2912153240553,-0.447780900418527,0.8014537048389,4.84684129530033,62.7830870848984,-1.86341642675493,0.0336712440430179
13.1666666666667,131.380679692225,150,34.9426910311455,57.9510331080998,-0.499811330305374,0.749423274952053,4.82237878976926,60.3764909081899,-1.85734300394661,0.0297725918792952
13.1833333333333,130.269731670516,149,33.9426910311455,55.6273376132999,-0.546428696164851,0.702805909092576,4.79702784786461,58.0009154445301,-1.84637582939235,0.0260370447124403
13.2,129.305808638929,148,32.9426910311455,53.3215270859925,-0.589006968157981,0.660227637099446,4.77087581214596,55.6545278926741,-1.83179149518449,0.022420200011423
13.2166666666667,128.546407962697,147,31.9426910311455,51.0350866268897,-0.628602098722687,0.62063250653474,4.74398975313009,53.335756686207,-1.81456741516498,0.0188877858180066
13.2333333333333,128.02875453074,147,31.9426910311455,48.7694872362026,-0.665988877373394,0.583245727884034,4.71642146291639,51.0434532949291,-1.79542256511505,0.0154148002150802
13.25,127.762697772338,146,30.9426910311455,46.6201760402341,-0.701711186350619,0.547523418906808,4.68821173284704,48.7769250995486,-1.77486713385804,0.01198403388191
13.2666666666667,127.743857128719,145,29.9426910311455,44.4884921622962,-0.730073942204868,0.519160663052559,4.65944869415081,46.5718609782863,-1.74853685342171,0.00882864120709884
13.2833333333333,127.959670183454,145,29.9426910311455,42.3759605260469,-0.754435395536408,0.494799209721019,4.6302337330322,44.4158771914929,-1.7192989128184,0.00582692033396369
13.3,128.394071825521,145,29.9426910311455,40.3782981275649,-0.777004891102569,0.472229714154858,4.60062216870803,42.2997298945686,-1.68900734104131,0.00289721256340881
13.3166666666667,129.029430462106,145,29.9426910311455,38.4912172703898,-0.793064027646639,0.456170577610788,4.57069492873953,40.2529106709301,-1.65404887361745,0.00023297118698368
13.3333333333333,129.84737733007,145,29.9426910311455,36.7106402251129,-0.800398663438781,0.448835941818646,4.54058920296624,38.2947384721812,-1.61291434785244,-0.00206499135157217
13.35,130.829365445042,145,29.9426910311455,35.0329364139652,-0.79844395788754,0.450790647369887,4.51046413051003,36.4367276094696,-1.5654454949649,-0.00395867524262295
13.3666666666667,131.957026468361,146,30.9426910311455,33.4549877144648,-0.787632393706044,0.461602211551383,4.48047899773527,34.6847152350428,-1.51227068474209,-0.00544962459988591
13.3833333333333,133.212376878226,146,30.9426910311455,32.0682118364116,-0.768924126095557,0.48031047916187,4.45078073031219,33.040630278349,-1.4544059038445,-0.00656178259413061
13.4,134.577912722289,147,31.9426910311455,30.7704344400059,-0.737427369854171,0.511807235403256,4.4215529179082,31.5398570484452,-1.38827465440849,-0.00708529131065352
13.4166666666667,136.036624377423,148,32.9426910311455,29.6541611063201,-0.697443309106036,0.551791296151391,4.39297742090243,30.1678775893237,-1.31760889369058,-0.00717241110052598
13.4333333333333,137.571973903381,148,32.9426910311455,28.7124502186476,-0.646049000568694,0.603185604688733,4.36522906465402,28.9482682478645,-1.24036561289893,-0.00669236675574551
13.45,139.167819945572,149,33.9426910311455,27.844885948732,-0.582478024548178,0.666756580709249,4.33851170464695,27.8944828056684,-1.15627028957456,-0.00559641636023286
13.4666666666667,140.808311488998,150,34.9426910311455,27.1457141427127,-0.513334561666989,0.735900043590438,4.3129746605529,26.9766203566274,-1.07079859957428,-0.00413192204754318
13.4833333333333,142.477826040713,151,35.9426910311455,26.6094860529404,-0.436736395838849,0.812498209418578,4.28873293724043,26.2080982965762,-0.98259358535448,-0.00221636937854507
13.5,144.160955964716,152,36.9426910311455,26.2309945416532,-0.352141666432208,0.897092938825219,4.26592045091936,25.5961485493224,-0.891400477090233,0.000181914659625345
13.5166666666667,145.842568731372,153,37.9426910311455,26.0053572892092,-0.259836735828392,0.989397869429035,4.24467215887687,25.1434364247811,-0.797621803423535,0.00306195309750627
13.5333333333333,147.507963101486,154,38.9426910311455,25.9280142459572,-0.160561955266195,1.08867264999123,4.22511353779201,24.849431340264,-0.70199820137735,0.00640371650784131
13.55,149.143128538509,155,39.9426910311455,25.9946793824427,-0.055254006867519,1.19398059838991,4.20735529049468,24.7114955698812,-0.605393213851397,0.0101777195423182
13.5666666666667,150.735094062297,156,40.9426910311455,26.2012738384816,0.0557061588044422,1.27848033862976,4.1913725769351,24.7258405434494,-0.507874916536718,0.0143513136202342
13.5833333333333,152.272328494296,157,41.9426910311455,26.5429578872434,0.174525405872626,1.34086044334056,4.17660016087302,24.8902546474723,-0.406035514559453,0.0188891930971179
13.6,153.745134383564,158,42.9426910311455,27.013265045194,0.300577880892049,1.40703799272575,4.16299047059512,25.2029138784065,-0.300135860871701,0.0237457234553977
13.6166666666667,155.145971393232,159,43.9426910311455,27.6051669880561,0.429722863512133,1.55004060971592,4.15114201508578,25.6588062651016,-0.194971614461505,0.0288645752883799
13.6333333333333,156.469654969803,161,45.9426910311455,28.3146036072122,0.55899640429518,1.64053208826405,4.14141863097118,26.2465637036916,-0.0937491840470823,0.0341943304592781
13.65,157.713398698845,162,46.9426910311455,29.2322644553394,0.690172602630687,1.73235542709891,4.13330822705662,26.9597871775729,0.00640112288567708,0.0397003669769218
13.6666666666667,158.876697961391,163,47.9426910311455,30.2528944737237,0.828704669228076,1.82932787371708,4.12686683382245,27.82932023303,0.10978068075395,0.0455990836446564
13.6833333333333,159.961079952544,164,48.9426910311455,31.3716335385795,0.970898621839568,1.92886364054512,4.12215622201578,28.8372447644012,0.213396703392133,0.051747519574557
13.7,160.969760931959,165,49.9426910311455,32.5839340865134,1.1140950285767,2.02910112526112,4.11920091799232,29.9683123183761,0.31514648951276,0.0580407515610896
13.7166666666667,161.907256172778,166,50.9426910311455,33.8853954587374,1.25646130737751,2.12875752042168,4.11799904713755,31.209734776249,0.413631390902474,0.0644045451103275
13.7333333333333,162.778983989893,167,51.9426910311455,35.2716607034424,1.3967980835124,2.22699326371611,4.11853083295854,32.5508468517669,0.507986592774265,0.0707883755313119
13.75,163.590895829582,168,52.9426910311455,36.7383598066256,1.53437111499839,2.3232943857563,4.12076498763108,33.9827257249645,0.597735346886298,0.0771592923305646
13.7666666666667,164.349153314341,169,53.9426910311455,38.2810858011268,1.66877315012508,2.41737581034498,4.12466332028636,35.4978210520444,0.682670460973168,0.0834968250441143
13.7833333333333,165.05986311789,169,53.9426910311455,39.8953928642987,1.79981554637921,2.50910548772287,4.13018391233459,37.0896251986456,0.762762212254887,0.0897889513329828
13.8,165.728872319751,170,54.9426910311455,41.4827486862454,1.92744686723233,2.59844741232006,4.13728319094877,38.7523972959495,0.838089820699375,0.0960290435312641
13.8166666666667,166.361620427157,171,55.9426910311455,43.1385943555756,2.04555357413295,2.68112210715049,4.1458783545173,40.4449298957394,0.903970941720226,0.101969399473814
13.8333333333333,166.963041455203,172,56.9426910311455,44.8581102902165,2.15722949845875,2.75929525417855,4.15587281953698,42.1746918002871,0.963075150473799,0.107723629539925
13.85,167.537508137498,173,57.9426910311455,46.6363011542828,2.26460496193367,2.834458078611,4.16720001226673,43.9465258558394,1.01724674556478,0.11336975002167
13.8666666666667,168.088810165821,174,58.9426910311455,48.4681662883675,2.36905664071927,2.90757425376092,4.17981340555682,45.7629443945697,1.06769081053407,0.118957684474745
13.8833333333333,168.620158680548,174,58.9426910311455,50.3488099624211,2.47139804939399,2.97921323983322,4.19367889223336,47.6245217308209,1.11513927845356,0.124516183720027
13.9,169.134209529187,175,59.9426910311455,52.1794478187366,2.5720415712729,3.04966370514846,4.2087692119443,49.5303079260446,1.15999038101183,0.13005878378956
13.9166666666667,169.633099397433,176,60.9426910311455,54.0554819629296,2.66498850604573,3.11472655948943,4.2250212447532,51.442203741266,1.19759829075004,0.135344410587652
13.9333333333333,170.118489726275,177,61.9426910311455,55.9722578839312,2.75323948121569,3.17650224210841,4.24235824295197,53.369609391121,1.2305046031315,0.140485079664794
13.95,170.591615035676,177,61.9426910311455,57.9251268347468,2.83872374391884,3.23634122600061,4.26073180499149,55.3185229847829,1.26034407649,0.145552802330252
13.9666666666667,171.053332483811,178,62.9426910311455,59.8155282770238,2.92257653797481,3.29503818183979,4.28011106491544,57.2921391636047,1.28808583960267,0.150589686396761
13.9833333333333,171.504170182023,179,63.9426910311455,61.7391109593458,2.99923125228459,3.34869648185664,4.30043601680188,59.2554464970463,1.30941177621086,0.155372260522224
14,171.944373408737,179,63.9426910311455,63.6915141269008,3.07191505307659,3.39957514241104,4.32163686812413,61.2201002316302,1.32702121062795,0.160022313001515
14.0166666666667,172.373947837467,180,64.9426910311455,65.5743799264574,3.14264593275938,3.44908675818899,4.34367402471452,63.1937252719275,1.34259425165212,0.16461631730111
14.0333333333333,172.792699045962,181,65.9426910311455,67.483535642237,3.20642078094381,3.4937291519181,4.36648714702889,65.144675310831,1.3522546193345,0.168953208672358
14.05,173.200267976288,181,65.9426910311455,69.4148117123509,3.26679527845178,3.53599130017368,4.39001128606435,67.0870945718551,1.35894744582374,0.17316829752783
14.0666666666667,173.596162288024,182,66.9426910311455,71.2700734308782,3.32595085563545,3.57740020420224,4.41421454844342,69.0304084563919,1.36446258243931,0.177345273482434
14.0833333333333,173.979783724318,183,67.9426910311455,73.1454105221598,3.37893805492454,3.61449124370461,4.43904556070418,70.9442525719087,1.36494436562104,0.181286040519136
14.1,174.350451734952,184,68.9426910311455,75.0369548394472,3.42929826267988,3.64974338913335,4.46444857723479,72.8436786839633,1.36330458154894,0.185126202020228
14.1166666666667,174.707423925599,184,68.9426910311455,76.9409666380079,3.47916093969707,3.68464726304537,4.49040053556222,74.7387616180206,1.36127094697746,0.188948212638398
14.1333333333333,175.04991382586,185,69.9426910311455,78.7599171226683,3.56275635293877,2.85247496407987,4.51018533185823,76.6443138731187,1.40396658303079,0.192792973921288
14.15,175.377105824177,186,70.9426910311455,80.5604335208348,3.67638236686021,2.90360667034452,4.52284751563527,78.5830585903568,1.49043284338215,0.196310129106424
14.1666666666667,175.688172411967,186,70.9426910311455,82.3135282176293,3.77701895018114,2.94889313283894,4.53626723939132,80.5369830307009,1.565170327257,0.199348153834881
14.1833333333333,175.982297145188,187,71.9426910311455,83.9298506147705,3.86097018367405,2.98667118791075,4.55032949571329,82.472803432712,1.62540334682212,0.201760862556481
14.2,176.258690843416,188,72.9426910311455,85.5132661815755,3.92094134378881,3.01365820996239,4.56487673583167,84.333551246993,1.66554326091943,0.203260361071373
14.2166666666667,176.516599692533,189,73.9426910311455,87.0666418015053,3.96045713587686,3.03144031640202,4.57974017131606,86.1194558620234,1.68863025845994,0.203984174358041
14.2333333333333,176.755309206134,190,74.9426910311455,88.5919874481283,3.98310737227451,3.04163292278096,4.59477785631258,87.8341692030856,1.69771976218595,0.20407243143799
14.25,176.974146188814,191,75.9426910311455,90.0906505723605,3.99226366172077,3.04575325303178,4.60987406682281,89.4831378089288,1.69565792662548,0.203656732364845
14.2666666666667,177.172479299662,192,76.9426910311455,91.5634901783109,3.99092453886186,3.04515064774527,4.62493705568663,91.0724951564486,1.68496149791895,0.202854060351071
14.2833333333333,177.349719143936,193,77.9426910311455,93.0110251156077,3.98164958323953,3.04097691771521,4.6398959930224,92.6083498735218,1.66776956032172,0.201764189743943
14.3,177.505318150148,194,78.9426910311455,94.4335552279422,3.96655209437382,3.03418304772565,4.65469764103015,94.096365276343,1.64584221939258,0.200469394599314
14.3166666666667,177.638770178049,195,79.9426910311455,95.831256578878,3.94732760121884,3.0255320258059,4.6693031137952,95.5415454234256,1.62058767403537,0.199035565407362
14.3333333333333,177.749593641541,196,80.9426910311455,97.2042534415488,3.92530183210856,3.01562042970628,4.68368492701261,96.9481611317951,1.5931043758548,0.197514090797346
14.35,177.837334567399,197,81.9426910311455,98.5526704222032,3.90148682222267,3.00490367525763,4.69782443941046,98.3197653829742,1.5642291314148,0.195944059406611
14.3666666666667,177.901620398522,198,82.9426910311455,99.8766682481807,3.87663772694087,2.99372158238082,4.71170971788486,99.6592609636793,1.5345851926328,0.194354489929422
14.3833333333333,177.942117168378,199,83.9426910311455,101.176466584363,3.85130581075879,2.98232222009888,4.72533381392962,100.968994053701,1.5046267484304,0.192766411316904
14.4,177.958527831597,200,84.9426910311455,102.452356890769,3.82588516896194,2.9708829312903,4.73869341310727,102.250855991038,1.47467792620095,0.191194697098604
14.4166666666667,177.950591349459,201,85.9426910311455,103.704707897378,3.80065218011381,2.95952808630864,4.7517878066114,103.506381908217,1.44496557495037,0.189649614399747
14.4333333333333,177.918081830951,202,86.9426910311455,104.933965816891,3.77579763071428,2.94834353907885,4.76461813014113,104.736839676088,1.415645857496,0.188138085290401
14.45,177.860808018457,202,86.9426910311455,106.14065098344,3.75145202622162,2.93738801705716,4.77718681711073,105.94330594122,1.38682513234102,0.186664680613953
14.4666666666667,177.778612461353,202,86.9426910311455,107.231292864117,3.72770490932327,2.9267018144529,4.78949721827745,107.126728302881,1.35857584296762,0.185232378499212
14.4833333333333,177.67137032637,203,87.9426910311455,108.212404450568,3.69841107355804,2.91351958835855,4.80152820405882,108.25193187706,1.32603657164972,0.183598891416303
14.5,177.538959688216,203,87.9426910311455,109.184311274275,3.6603530708018,2.89639348711824,4.81322425966947,109.295860463458,1.28672139535342,0.181636963708969
14.5166666666667,177.381279075251,203,87.9426910311455,110.052960858781,3.61854723766242,2.87758086220552,4.82453906645689,110.280764617046,1.24468912128139,0.17954318075191
14.5333333333333,177.198287924226,203,87.9426910311455,110.824072463229,3.5701865173816,2.85581853807915,4.83543257049297,111.187548164074,1.19775951024391,0.177206471710977
14.55,176.989974824117,202,86.9426910311455,111.503062531843,3.51418085909752,2.83061599185131,4.84585063028089,112.004894788519,1.14513733785292,0.174583244347063
14.5666666666667,176.756356450727,202,86.9426910311455,112.000930932314,3.45057361126014,2.80199273032449,4.85573561231796,112.727269354322,1.08693386296897,0.171674464355485
14.5833333333333,176.497477146419,201,85.9426910311455,112.422299338421,3.37389544645375,2.76748755616162,4.86500803269698,113.317242442103,1.01889760197666,0.168264217982722
14.6,176.213408529201,200,84.9426910311455,112.677175966941,3.28820729352758,2.72892788734484,4.87358592647542,113.788445123012,0.944369140990045,0.16451137337508
14.6166666666667,175.904249525555,199,83.9426910311455,112.775060996819,3.19060995671345,2.68500908577848,4.88138994699859,114.117451177603,0.861141922043639,0.160301069948592
14.6333333333333,175.570126490979,198,82.9426910311455,112.724867559446,3.08045785275921,2.63544063899907,4.88832820919048,114.291701565493,0.768819444437723,0.155607023060435
14.65,175.211192998866,197,81.9426910311455,112.53488657256,2.95853742463332,2.58057644634242,4.89430997546524,114.306550888524,0.668143259182379,0.15045925555615
14.6666666666667,174.827629901148,196,80.9426910311455,112.212815905247,2.82646242833971,2.5211426980103,4.89925402255531,114.162899107173,0.560500659106294,0.144920345199287
14.6833333333333,174.41964571183,195,79.9426910311455,111.765824491374,2.68624524451471,2.45804496528905,4.9030931574701,113.865351443701,0.44757758819024,0.139068584506373
14.7,173.987477375694,194,78.9426910311455,111.200631162156,2.54000642906444,2.39223749833642,4.90577605614082,113.420832662084,0.331125127920909,0.132986569526736
14.7166666666667,173.53139148063,193,77.9426910311455,110.523584998467,2.38978938940613,2.32463983049018,4.90726733294133,112.837577344259,0.212811993582998,0.126753917408442
14.7333333333333,173.051685160946,192,76.9426910311455,109.740739227259,2.23745236587923,2.25608816990308,4.90754652141413,112.124420890506,0.0941399915975203,0.120443020324532
14.75,172.54868686295,191,75.9426910311455,108.857914430589,2.08461516903949,2.1873114313252,4.90660645831813,111.290323475331,-0.0235961637453138,0.114116950251767
14.7666666666667,172.022757325545,190,74.9426910311455,107.880749407612,1.93264298719182,2.11892394949375,4.90445141287737,110.344068781404,-0.139319204026113,0.10782882004133
14.7833333333333,171.474290171628,189,73.9426910311455,106.814739702651,1.78265383269911,2.05142882997203,4.90109518699655,109.294089465734,-0.252160819895282,0.101622073257597
14.8,170.903712350476,188,72.9426910311455,105.665264817815,1.65266860709225,1.80701026015106,4.89306645337047,108.156733111306,-0.338537217710214,0.0955241101809582
14.8166666666667,170.311484862745,187,71.9426910311455,104.431409325391,1.52150833991961,1.7627436699803,4.88459625119766,106.945974206001,-0.42668272684524,0.0895132381128019
14.8333333333333,169.698104252645,186,70.9426910311455,103.11362203629,1.3903720449923,1.71848517044233,4.87533273878913,105.655491258471,-0.514640064602029,0.0835665211443273
14.85,169.064105462638,185,69.9426910311455,101.719629994573,1.25902167361352,1.67415442010199,4.86527943318501,104.283848616903,-0.602574385248985,0.0776727396880555
14.8666666666667,168.410063406241,185,69.9426910311455,100.256692055467,1.12782964343836,1.62987710991787,4.85444043244531,102.832989994977,-0.69016600485555,0.0718446975060346
14.8833333333333,167.736593012806,184,68.9426910311455,98.8256750396176,0.997511498817567,1.58589473610836,4.84282305314727,101.307151340534,-0.776825514465386,0.0661085512805208
14.9,167.044348303572,183,67.9426910311455,97.3330413895136,0.875175692721263,1.54460640155085,4.83045811021598,99.7480797344087,-0.856892830241515,0.0607405307420724
14.9166666666667,166.334020763222,182,66.9426910311455,95.7850625218142,0.758813365237582,1.50533411602511,4.81738902244079,98.1501895485069,-0.931980736205491,0.0556576620636624
14.9333333333333,165.606337916576,181,65.9426910311455,94.1877627385607,0.647239668568825,1.46767799339941,4.8036503926418,96.5111488387759,-1.00303981468436,0.050810022952286
14.95,164.862062285816,180,64.9426910311455,92.5468791164388,0.539845423060559,1.43143243554037,4.78927190338198,94.8310672252012,-1.07055929584997,0.0461707233771352
14.9666666666667,164.101990558741,179,63.9426910311455,90.8678435426813,0.436404836892007,1.39652123770848,4.77428098005347,93.1118189820261,-1.13472229956312,0.0417281727610933
14.9833333333333,163.326952609251,178,62.9426910311455,89.1557794223723,0.336930704135483,1.36294871790315,4.75870451157241,91.3564945032973,-1.19552252573362,0.0374802760312429
15,162.537810159309,177,61.9426910311455,87.4155075345645,0.24156861626266,1.33076401324607,4.74256987100356,89.5689674124842,-1.25284931943751,0.0334302091725625
15.0166666666667,161.735455729843,176,60.9426910311455,85.6515570823751,0.150522362376627,1.30003590255954,4.72590543271008,87.7535618026456,-1.30654749381237,0.0295834533731588
15.0333333333333,160.920811655984,175,59.9426910311455,83.8681792082,0.0640036108630138,1.27083582392369,4.70874074130012,85.9148034145544,-1.35645753244519,0.0259458058244493
15.05,160.094828777813,174,58.9426910311455,82.069361178801,-0.01748313445104,1.23175147080639,4.691042139472,84.0573219137616,-1.40201742706075,0.0225220814802528
15.0666666666667,159.258485346212,173,57.9426910311455,80.2584411467142,-0.0908540127938483,1.15838059246358,4.67223687279312,82.1874500187725,-1.43918538858853,0.0193130645992347
15.0833333333333,158.412790519771,171,55.9426910311455,78.4369198137214,-0.15598391242706,1.09325069283037,4.65229116961769,80.3124846631471,-1.46773621187392,0.0163069539085613
15.1,157.558796381173,170,54.9426910311455,76.5112296537049,-0.213956970324592,1.03527763493283,4.63133854759448,78.4369056584676,-1.48885606848704,0.0134776978206079
15.1166666666667,156.697579115744,169,53.9426910311455,74.5823142081454,-0.272077948171155,0.977156657086272,4.60943793449224,76.5267781481924,-1.50852480786289,0.0105462201689013
15.1333333333333,155.830232398781,168,52.9426910311455,72.6511669192354,-0.328428003967048,0.920806601290379,4.58660945337752,74.595207173245,-1.52529440747232,0.00759187832072506
15.15,154.957866318381,167,51.9426910311455,70.7187404724975,-0.382000900635405,0.867233704622022,4.56289721995535,72.6517658592839,-1.53848978188425,0.00466060650103291
15.1666666666667,154.081605661609,166,50.9426910311455,68.7860477969132,-0.432409885738618,0.816824719518809,4.53835666677672,70.7032417028213,-1.54794846814942,0.00177503468410162
15.1833333333333,153.202587667984,164,48.9426910311455,66.8541987065388,-0.479658800318304,0.769575804939123,4.51304620487134,68.7543346277333,-1.55382097941366,-0.00105742286611041
15.2,152.321958485601,163,47.9426910311455,64.8303377419009,-0.523973264747665,0.725261340509762,4.4870221835576,66.8082543029002,-1.55642615110197,-0.00383846863141954
15.2166666666667,151.440868143416,162,46.9426910311455,62.8156606877741,-0.571744662073385,0.677489943184042,4.46028120182495,64.8312172709099,-1.56086802376309,-0.00681886428810144
15.2333333333333,150.560463871463,160,44.9426910311455,60.8110636645845,-0.620208844203823,0.629025761053604,4.43279571300141,62.8371877261284,-1.56491081724626,-0.00989186967099921
15.25,149.681881629389,159,43.9426910311455,58.7230926153376,-0.667643475158083,0.581591130099344,4.40457513506447,60.8368336713455,-1.56722405000941,-0.0129877251303014
15.2666666666667,148.806236501711,158,42.9426910311455,56.6521680365961,-0.719156538811113,0.530078066446314,4.37559581230121,58.8020052190808,-1.57184829194016,-0.0163088997292219
15.2833333333333,147.934612036323,156,40.9426910311455,54.5983690433224,-0.771207775662245,0.478026829595182,4.3458268920633,56.7506588849242,-1.5759236514397,-0.0197184522881298
15.3,147.068048391373,155,39.9426910311455,52.4674627405269,-0.821664465969161,0.427570139288266,4.31528420219353,54.6960905526821,-1.57780655941235,-0.0231297614595049
15.3166666666667,146.207529330199,153,37.9426910311455,50.3591697113467,-0.875472169334958,0.373762435922469,4.28395513911718,52.6117132080149,-1.58143093628286,-0.0267377078691603
15.3333333333333,145.353968275121,152,36.9426910311455,48.1789034024774,-0.929084160847542,0.320150444409885,4.25182121389444,50.5162615088281,-1.58395643835256,-0.0304037833274716
15.35,144.508194028665,150,34.9426910311455,46.0258981601102,-0.986510759632903,0.262723845624524,4.21885490697038,48.3872837115902,-1.58854263848768,-0.0342876540424834
15.3666666666667,143.670936827655,149,33.9426910311455,43.8050468109005,-1.04613609152543,0.249234605257427,4.18554440120855,46.2453995393478,-1.59523491872842,-0.03822775504327
15.3833333333333,142.842814696038,147,31.9426910311455,41.6166042591054,-1.11375766024589,0.249234605257427,4.15233139491763,44.0662243685121,-1.60983005602026,-0.0423616394687192
15.4,142.024320662805,145,29.9426910311455,39.3684597056699,-1.184660999619,0.249234605257427,4.11923148511128,41.8700575013522,-1.62859672997566,-0.0464971166607113
15.4166666666667,141.215811409728,144,28.9426910311455,37.0685084894832,-1.26160831668991,0.249234605257427,4.08624969661478,39.6371783098851,-1.65372128710215,-0.0507392187882306
15.4333333333333,140.4174987369,143,27.9426910311455,34.8181006818362,-1.34552082404948,0.249234605257427,4.05339086220848,37.3566723415806,-1.68594040705998,-0.0551181676403641
15.45,139.629445049987,142,26.9426910311455,32.6180896697208,-1.42976502366721,0.249234605257427,4.02065962752424,35.0601033031361,-1.71994012848356,-0.0593716854210934
15.4666666666667,138.851563748002,140,24.9426910311455,30.4689873135746,-1.50972587335815,0.249234605257427,3.98806045583371,32.7716063008628,-1.75195779423289,-0.0633247989493522
15.4833333333333,138.083625003894,139,23.9426910311455,28.2769392749422,-1.58235190648415,0.249234605257427,3.95559763273074,30.509331123129,-1.7794411823879,-0.0668692236204605
15.5,137.325267021839,138,22.9426910311455,26.1417981153822,-1.65212071425804,0.249234605257427,3.92327527071003,28.2505325593557,-1.80584979294611,-0.0701910814937564
15.5166666666667,136.576012426751,137,21.9426910311455,24.0630465369231,-1.7153005027825,0.249234605257427,3.89109731364411,26.0166675511337,-1.82811049612573,-0.0731532759072018
15.5333333333333,135.83528903073,137,21.9426910311455,22.0399454835088,-1.76962122331239,0.249234605257427,3.85906754116093,23.8232736279681,-1.84428918542649,-0.0756801327257145
15.55,135.102453875561,136,20.9426910311455,20.1656212991117,-1.81390534378902,0.249234605257427,3.82718957292384,21.6812193623362,-1.85331117976105,-0.0777409819405328
15.5666666666667,134.37681921323,135,19.9426910311455,18.3390507772267,-1.84144494275029,0.249234605257427,3.79546687281623,19.6338094614128,-1.84966273654983,-0.0790931239933927
15.5833333333333,133.657678985199,135,19.9426910311455,16.5591919171774,-1.85521850134396,0.249234605257427,3.76390275303254,17.6734725112919,-1.83553889050491,-0.0798763994154417
15.6,132.944334402064,134,18.9426910311455,14.9189452081295,-1.85780841921741,0.249234605257427,3.73250037807785,15.7933297649872,-1.81285733248493,-0.0802105525136468
15.6166666666667,132.236117392295,134,18.9426910311455,13.317131394198,-1.84511674728525,0.249234605257427,3.70126276867766,14.0232080920287,-1.77821351667854,-0.0799535422110852
15.6333333333333,131.532410949674,134,18.9426910311455,11.8466747500216,-1.82185201125929,0.249234605257427,3.67019280559994,12.3454427814649,-1.7352314097221,-0.0793082768207011
15.65,130.832665722216,134,18.9426910311455,10.5005172818918,-1.78532962593,0.249234605257427,3.63929323339113,10.7818245787824,-1.68166237329242,-0.07818538347276
15.6666666666667,130.136412509089,133,17.9426910311455,9.27175686303285,-1.73480226329855,0.249234605257427,3.60856666402794,9.3449079850817,-1.6167912748875,-0.0765735798335417
15.6833333333333,129.443270630804,133,17.9426910311455,8.05960494010914,-1.67084348502225,0.249234605257427,3.57801558048665,8.04035723725118,-1.54096259973272,-0.0745131033346769
15.7,128.752952386733,133,17.9426910311455,6.95744156442244,-1.60121291821687,0.249234605257427,3.5476423402317,6.83269494347371,-1.46029633634956,-0.0723200531566853
15.7166666666667,128.065263999566,132,16.9426910311455,5.95872025585863,-1.52506287248594,0.249234605257427,3.51744917862511,5.7308676435965,-1.37409385378386,-0.069967266076728
15.7333333333333,127.38010356566,132,16.9426910311455,4.96303818893807,-1.4425875489073,0.249234605257427,3.48743821225856,4.73844624419889,-1.28248601026984,-0.0674687932060607
15.75,126.697456588607,132,16.9426910311455,4.06418604450281,-1.36098681284583,0.249234605257427,3.45761144220954,3.81899317079675,-1.19122560668478,-0.0651084236620887
15.7666666666667,126.017389680732,131,15.9426910311455,3.25604813560386,-1.27874707796778,0.249234605257427,3.42797075722337,2.98132790739399,-1.09915145057278,-0.0628236558048141
15.7833333333333,125.340042986159,131,15.9426910311455,2.43866827221758,-1.19534560490898,0.249234605257427,3.39851793682243,2.22949292728539,-1.00588009872857,-0.0605924196991357
15.8,124.665621821933,131,15.9426910311455,1.70629568423877,-1.11725433786734,0.249234605257427,3.36925465434424,1.52793886249639,-0.916630484336881,-0.0586631866688987
15.8166666666667,123.994387961653,130,14.9426910311455,1.05328158791493,-1.042249160647,0.249234605257427,3.34018247990986,0.886650013284593,-0.829711185636601,-0.0569400182916016
15.8333333333333,123.326650876697,130,14.9426910311455,0.380141837680173,-0.969560124637437,0.27967448061999,3.31138910109838,0.310937375999517,-0.744797914642562,-0.0553700127622834
15.85,122.662759392902,129,13.9426910311455,-0.217341692825975,-0.908840062491992,0.340394542765435,3.28365897417964,-0.235892066954224,-0.671731181375864,-0.0541704383874181
15.8666666666667,122.003093199163,129,13.9426910311455,-0.835361214091993,-0.85722209825994,0.392012506997487,3.2570634448264,-0.746043975142102,-0.608458132179273,-0.0532022560468299
15.8833333333333,121.348054690468,129,13.9426910311455,-1.3755285107861,-0.817585624439671,0.431648980817756,3.23142398604318,-1.24890305364679,-0.556841149544272,-0.0526006926891169
15.9,120.698060895685,128,12.9426910311455,-1.84049994881019,-0.802952785855345,0.446281819402082,3.21035447660527,-1.73142590938632,-0.536907527526412,-0.0521640917113841
15.9166666666667,120.053536121208,128,12.9426910311455,-2.32835588139003,-0.799499385208688,1.24923460525743,3.19197613767428,-2.1987931955909,-0.532439615926923,-0.0517002396591617
15.9333333333333,119.414905435158,127,11.9426910311455,-2.71656325926396,-0.798812978159115,1.24923460525743,3.17414476260192,-2.67555891306135,-0.530926410791119,-0.0512887382454932
15.95,118.782585810504,127,11.9426910311455,-3.08039012574025,-0.793079498010852,1.24923460525743,3.15675274172346,-3.11977994893224,-0.525844391464461,-0.0506469232332813
15.9666666666667,118.156972373199,126,10.9426910311455,-3.33148706675281,-0.794332268265165,1.24923460525743,3.14216738850075,-3.53649373318885,-0.53299954447588,-0.0497939921922283
15.9833333333333,117.53842939472,126,10.9426910311455,-3.57495602779729,-0.779985501931399,1.24923460525743,3.12707029839538,-3.90023812791579,-0.525361445624476,-0.0484925990495132
16,116.927286877883,125,9.94269103114547,-3.72121614909689,-0.779594128694465,1.24923460525743,3.11678407158099,-4.21578877084054,-0.540645928823349,-0.0468880945290341
16.0166666666667,116.323839996482,125,9.94269103114547,-3.87419553634681,-0.766203230735742,1.24923460525743,3.10668083260212,-4.47788907389492,-0.544763345435852,-0.0448234406574104
16.0333333333333,115.728349933773,124,8.94269103114547,-3.943196609567,-0.743827894881494,1.24923460525743,3.09675735323145,-4.7005135804693,-0.540828140201642,-0.0424707251113994
16.05,115.141045435199,123,7.94269103114547,-4.0310871587996,-0.70947947648741,1.24923460525743,3.08701046179578,-4.86003165376293,-0.526385677492561,-0.0397258428345298
16.0666666666667,114.56212399371,123,7.94269103114547,-4.14022413198804,-0.668674477316571,1.24923460525743,3.07743704219114,-4.97934928555955,-0.505776669675349,-0.0368165855399746
16.0833333333333,113.991742683899,122,6.94269103114547,-4.17854356517296,-0.625596022985945,1.24923460525743,3.06803403291501,-5.07705112497621,-0.482332921299237,-0.0339112013560815
16.1,113.43000919503,122,6.94269103114547,-4.24763081180491,-0.5770124673768,1.24923460525743,3.05879842611525,-5.13199526934713,-0.45348453409655,-0.0308859288279533
16.1166666666667,112.876989056938,121,5.94269103114547,-4.25458215585981,-0.527932074058079,1.24923460525743,3.04972726665563,-5.16802882564118,-0.423237282318998,-0.0279392839825312
16.1333333333333,112.332713734502,120,4.94269103114547,-4.3001918649857,-0.475541542238612,1.24923460525743,3.0408176511974,-5.16748190884757,-0.389376387461973,-0.0249609716650411
16.15,111.797187305468,120,4.94269103114547,-4.38487175782564,-0.424980771996768,1.24923460525743,3.03206672729687,-5.15632710253988,-0.35603572827752,-0.0221514022953062
16.1666666666667,111.270391961205,119,3.94269103114547,-4.41473674021769,-0.379704334196846,1.24923460525743,3.02347169251866,-5.15411554756941,-0.32604863953078,-0.01963873492494
16.1833333333333,110.752292530465,118,2.94269103114547,-4.48967050763777,-0.335548357572801,1.24923460525743,3.0150297935642,-5.13918685903479,-0.296170998345229,-0.0172526002800951
16.2,110.242840192877,118,2.94269103114547,-4.60924188973565,-0.296493192399938,1.24923460525743,3.00673832541546,-5.13385722515514,-0.269643817679934,-0.0151428027164698
16.2166666666667,109.741975520935,117,1.94269103114547,-4.67878718152385,-0.265010212439356,1.24923460525743,2.99859463049349,-5.1543662740471,-0.248535093249171,-0.013395475431039
16.2333333333333,109.249630965826,117,1.94269103114547,-4.79747267245602,-0.236112680853853,1.24923460525743,2.99059609783148,-5.17608487283118,-0.228952562776742,-0.0118058923379415
16.25,108.765732882948,116,0.942691031145472,-4.87014850708616,-0.213101930043664,1.24923460525743,2.98274016226223,-5.21869206531562,-0.21359531149308,-0.0104962710361098
16.2666666666667,108.290203176726,116,0.942691031145472,-4.99552797746166,-0.191566379172085,1.24923460525743,2.97502430361975,-5.26001121080068,-0.199007794194377,-0.00928687636405335
16.2833333333333,107.822960630802,116,0.942691031145472,-5.0780400062128,-0.175193486171112,1.24923460525743,2.96744604595455,-5.32141838123292,-0.188181126832954,-0.0083167494832733
16.3,107.363921978466,115,-0.0573089688545281,-5.12194770037214,-0.159819670637457,1.24923460525743,2.96000295676273,-5.38186154509714,-0.177845690056779,-0.00741706200091355
16.3166666666667,106.913002758859,115,-0.0573089688545281,-5.22529948737228,-0.142949890086347,1.24923460525743,2.95269264622827,-5.42731952525332,-0.16602546460265,-0.00648937227978461
16.3333333333333,106.470117996705,115,-0.0573089688545281,-5.29189861283955,-0.129614104983623,1.24923460525743,2.94551276647861,-5.48515556984165,-0.156752795049407,-0.00572900277394614
16.35,106.03518273693,114,-1.05730896885453,-5.32542051108383,-0.116559273626161,1.24923460525743,2.93846101085303,-5.53862287949015,-0.147468030059736,-0.00500475160924582
16.3666666666667,105.608112460147,114,-1.05730896885453,-5.42336269924373,-0.101879960000981,1.24923460525743,2.93153511318379,-5.57671103159426,-0.136657784690564,-0.00424208753344839
16.3833333333333,105.188823400553,114,-1.05730896885453,-5.48901298720491,-0.0909610240751892,1.24923460525743,2.9247328470897,-5.62880699721204,-0.128635117398981,-0.00365033670460528
16.4,104.77723278413,114,-1.05730896885453,-5.52556552555759,-0.08073608976762,1.24923460525743,2.918052025282,-5.67944351378365,-0.120989802965211,-0.00310530866258848
16.4166666666667,104.373259001916,113,-2.05730896885453,-5.53600999848855,-0.0693689618406429,1.24923460525743,2.91149049888222,-5.71833634321041,-0.112265472359385,-0.00253469938430654
16.4333333333333,103.976821730661,113,-2.05730896885453,-5.61719850795727,-0.0559032828405818,1.24923460525743,2.90504615675194,-5.73910088178293,-0.101692660668519,-0.00190274231788758
16.45,103.587842010976,114,-1.05730896885453,-5.67181257264091,-0.0463265064529136,1.24923460525743,2.89871692483414,-5.7743378641997,-0.094060739528448,-0.00144278185010614
16.4666666666667,103.206242291423,114,-1.05730896885453,-5.60841854952245,-0.0379224562414648,1.24923460525743,2.892500765506,-5.81071857575747,-0.0872396420934806,-0.00104404902823947
16.4833333333333,102.831946445455,114,-1.05730896885453,-5.52939618851336,-0.022693713617767,1.24923460525743,2.88639567694292,-5.80319455652231,-0.0748355537225673,-0.0003960450440142
16.5,102.464879766983,114,-1.05730896885453,-5.43683780728417,-0.00251186451351586,1.24923460525743,2.88039969249362,-5.75805124073645,-0.058289056647937,0.000419873406881982
16.5166666666667,102.10496894928,114,-1.05730896885453,-5.33267454230627,0.0210129559848613,1.24923460525743,2.87451088006603,-5.68115031317867,-0.0388533688543573,0.00133529449936075
16.5333333333333,101.752142051141,115,-0.0573089688545281,-5.21868438385591,0.0465188424942904,1.24923460525743,2.86872734152391,-5.57787528654242,-0.0176011095887926,0.00229380067228428
16.55,101.406328453503,115,-0.0573089688545281,-5.00244073662546,0.0728741758688147,1.24923460525743,2.86304721209388,-5.4531068573738,0.00456481827891468,0.00324986582012793
16.5666666666667,101.067458809153,116,0.942691031145472,-4.78536087055472,0.105488446579243,1.24923460525743,2.85746865978278,-5.27512643212117,0.0319745085498882,0.00441187310963303
16.5833333333333,100.735464987698,116,0.942691031145472,-4.47454716854203,0.140845080439019,1.24923460525743,2.85198988480519,-5.05975665658482,0.0618535515286108,0.00563639754185967
16.6,100.410280017536,117,1.94269103114547,-4.1709551737626,0.182715598632067,1.24923460525743,2.8466091190208,-4.78337784991958,0.0972336429077072,0.00706622401201768
16.6166666666667,100.091838026262,118,2.94269103114547,-3.7812361019991,0.226508670231037,1.24923460525743,2.84132462538164,-4.46769154916144,0.134476565199255,0.00851640575911272
16.6333333333333,99.7800741806721,119,3.94269103114547,-3.31184660936725,0.275340054262142,1.24923460525743,2.83613469738888,-4.0932355163021,0.176075693422613,0.0101058706323819
16.65,99.4749246272686,119,3.94269103114547,-2.76893288679651,0.330600638808302,1.24923460525743,2.83103765855902,-3.64845133788928,0.223171224797242,0.0118827047374008
16.6666666666667,99.1763264340252,120,4.94269103114547,-2.25239352401112,0.392493958848514,1.24923460525743,2.82603186189947,-3.12764330709018,0.275962465793929,0.0138474091201176
16.6833333333333,98.8842175339704,120,4.94269103114547,-1.66784346886087,0.45411053975973,1.24923460525743,2.8211156893931,-2.56547617178507,0.328944187237709,0.0157260697191237
16.7,98.598536671047,120,4.94269103114547,-1.1147860067655,0.517175571205202,1.24923460525743,2.8162875514919,-1.9516079051822,0.383464176595954,0.0175876519547763
16.7166666666667,98.3192233485801,120,4.94269103114547,-0.592517957665917,0.576034331741648,1.24923460525743,2.81154588661927,-1.31674168288267,0.434970866444772,0.0192140267111283
16.7333333333333,98.046217780603,120,4.94269103114547,-0.100260893797924,0.627109225872051,1.24923460525743,2.80688916068114,-0.683257237567182,0.480523257244079,0.020475086253384
16.75,97.7794608462146,120,4.94269103114547,0.362826823480683,0.668365655496615,1.24923460525743,2.80231586658543,-0.0670520728497408,0.518386377198443,0.0213050303488136
16.7666666666667,97.518894047079,120,4.94269103114547,0.797639006420593,0.698894536594983,1.24923460525743,2.79782452376998,0.520986014024372,0.547713671554056,0.021683979784264
16.7833333333333,97.2644594681272,119,3.94269103114547,1.20511154871122,0.718588274932953,1.24923460525743,2.79341367773858,1.07380570985238,0.56829924020381,0.0216238382569561
16.8,97.0160997414804,118,2.94269103114547,1.49215387086234,0.727891350636943,1.24923460525743,2.78908189960522,1.58726137594631,0.580386009693563,0.0211575280903678
16.8166666666667,96.7737580135785,117,1.94269103114547,1.66562188755726,0.721278743984365,1.24923460525743,2.78482778564607,2.02328459855322,0.579441831566609,0.0200867033451608
16.8333333333333,96.5373779154684,116,0.942691031145472,1.73218476633003,0.696226602515899,1.24923460525743,2.78064995685943,2.35734170601166,0.56329376108715,0.0183360969206501
16.85,96.3069035361863,115,-0.0573089688545281,1.69831237979725,0.6523151562431,1.24923460525743,2.77654705853321,2.57510512982304,0.531441197870472,0.015914530819455
16.8666666666667,96.0822793991458,113,-2.05730896885453,1.57026510778901,0.590544784773615,1.24923460525743,2.77251775982,2.66983203391082,0.484529237412609,0.0128855172134583
16.8833333333333,95.8634504414337,112,-3.05730896885453,1.26002642931062,0.512820500743054,1.24923460525743,2.76856075331949,2.64031176515285,0.423949056217795,0.00934539100442142
16.9,95.6503619958978,110,-5.05730896885453,0.873337501036772,0.415237326438532,1.24923460525743,2.76467475466821,2.45317586005651,0.346461836098996,0.0051631316129661
16.9166666666667,95.4429597759063,109,-6.05730896885453,0.321526469040028,0.303245856032277,1.24923460525743,2.76085850213632,2.12579407077911,0.256300769680342,0.000573467811742296
16.9333333333333,95.2411898626493,108,-7.05730896885453,-0.290333635600435,0.175216559312108,1.24923460525743,2.75711075623152,1.63832580637222,0.15208579512397,-0.00447021678488181
16.95,95.0449986948474,107,-8.05730896885453,-0.957531541856502,0.0379315266755214,1.24923460525743,2.75343029930976,1.01774172264318,0.0391725511094948,-0.00968829048303685
16.9666666666667,94.8543330607295,105,-10.0573089688545,-1.67559630698362,-0.103265051012806,1.24923460525743,2.74981593519279,0.286867519099691,-0.0781625248307475,-0.0148665534098877
16.9833333333333,94.6691400921399,104,-11.0573089688545,-2.53435253977928,-0.244222947772117,1.24923460525743,2.74626648879232,-0.535007610530003,-0.196545070752374,-0.0198445559439446
17,94.4893672606307,104,-11.0573089688545,-3.42987487275561,-0.388110324581121,1.24923460525743,2.74278080574074,-1.46770145326384,-0.318428538401881,-0.0247499293734618
17.0166666666667,94.3149623753997,103,-12.0573089688545,-4.2645301472103,-0.529793091372522,1.24923460525743,2.73935775202831,-2.48556164906807,-0.439643069172931,-0.029385551481472
17.0333333333333,94.1458735829289,102,-13.0573089688545,-5.1348921641906,-0.659260024708735,1.24923460525743,2.73599621364656,-3.53190025138592,-0.552058998752975,-0.0333733706710075
17.05,93.9820493681848,102,-13.0573089688545,-6.03762661838874,-0.776759052031843,1.24923460525743,2.73269509623802,-4.60218663938003,-0.655679155060332,-0.036744801692721
17.0666666666667,93.8234385572389,101,-14.0573089688545,-6.87554343448421,-0.8223928312312,0.426841774026227,2.71713699521477,-5.66053825555007,-0.669976356919918,-0.0395669127170683
17.0833333333333,93.669990509415,101,-14.0573089688545,-7.77422400688147,-0.846699117023616,0.402535488233811,2.69993546985915,-6.63903051660245,-0.66375337302083,-0.0418073354342484
17.1,93.5216598314012,101,-14.0573089688545,-8.66265433351078,-0.865720560609637,0.38351404464779,2.68244135425764,-7.58184077447989,-0.653291607034278,-0.0438494059319868
17.1166666666667,93.3784194037793,100,-15.0573089688545,-9.5390701970319,-0.881480915806835,0.367753689450592,2.6647275003836,-8.49547297230236,-0.640348749390367,-0.0457649350172712
17.1333333333333,93.2402711469895,100,-15.0573089688545,-10.4957222748727,-0.895317206645108,0.353917398612319,2.64683898655648,-9.38460868555441,-0.626075426538592,-0.0476018672421368
17.15,93.1072516857648,100,-15.0573089688545,-11.4309656043603,-0.914108581343139,0.335126023914288,2.62874810212948,-10.2883050049485,-0.615885994137037,-0.0496340108722203
17.1666666666667,92.9794354063818,100,-15.0573089688545,-12.3436510995997,-0.935179865049889,0.314054740207538,2.61039838905121,-11.1959171876693,-0.607530300616284,-0.0517623888330471
17.1833333333333,92.8569359451079,100,-15.0573089688545,-13.2331165220767,-0.956666426374875,0.292568178882552,2.591770934432,-12.0987177855159,-0.599482873214161,-0.0539157475851046
17.2,92.7399073320603,100,-15.0573089688545,-14.0989794827117,-0.97735906438678,0.271875540870647,2.57287217012725,-12.989902428828,-0.59079251915136,-0.0560458552336742
17.2166666666667,92.6285460891387,100,-15.0573089688545,-14.9410023974384,-0.99654796742535,0.252686637832077,2.55372428071201,-13.8643992862114,-0.58093721893525,-0.0581224519991319
17.2333333333333,92.5230948626768,100,-15.0573089688545,-15.759011440966,-1.01479818591255,0.249234605257427,2.53454472682946,-14.7190046066014,-0.570921722510227,-0.0601281745377462
17.25,92.4238489172216,100,-15.0573089688545,-16.5523710788794,-1.03233265938464,0.249234605257427,2.51544924518745,-15.5524252197882,-0.561193935310377,-0.0620519672411794
17.2666666666667,92.3311668754466,100,-15.0573089688545,-17.3199730386147,-1.04885870311154,0.249234605257427,2.49644193086905,-16.3635357034843,-0.551489457880851,-0.0638844611274118
17.2833333333333,92.2454889131801,100,-15.0573089688545,-18.060837594626,-1.06407610564287,0.249234605257427,2.47752492447961,-17.1509923737975,-0.541531150831762,-0.0656167175576032
17.3,92.1673697993746,100,-15.0573089688545,-18.7742236233324,-1.0777101163124,0.249234605257427,2.45870027435942,-17.9133660789942,-0.531060671177436,-0.0672411356338871
17.3166666666667,92.0975444727958,100,-15.0573089688545,-19.4596062646113,-1.08953373522552,0.249234605257427,2.4399699390077,-18.6492821394814,-0.519856745176034,-0.0687522665235776
17.3333333333333,92.037080557993,100,-15.0573089688545,-20.1166559502776,-1.09937918264537,0.249234605257427,2.42133578945214,-19.3575129571617,-0.507744961073678,-0.0701471804770018
17.35,91.9876171175715,100,-15.0573089688545,-20.7452187540584,-1.10714172670169,0.249234605257427,2.4027996115655,-20.0370350173358,-0.494601512122076,-0.0714255250691451
17.3666666666667,91.9511667870468,100,-15.0573089688545,-21.3452980160106,-1.11277829219453,0.249234605257427,2.38436310833,-20.6870594905286,-0.480352752022505,-0.0725893791680634
17.3833333333333,91.9296489268157,100,-15.0573089688545,-21.9170371931703,-1.11630267671715,0.249234605257427,2.36602790205085,-21.3070436222587,-0.464971975152525,-0.0736429804461391
17.4,91.9246445248243,100,-15.0573089688545,-22.4607038874258,-1.11777873218144,0.249234605257427,2.34779553651986,-21.8966884832189,-0.448474479630086,-0.0745923834463875
17.4166666666667,91.937316627671,99,-16.0573089688545,-22.9766750011409,-1.11731250467965,0.249234605257427,2.32966747913012,-22.4559273645667,-0.430911693754802,-0.0754450891110334
17.4333333333333,91.9684186987849,99,-16.0573089688545,-23.5594823252432,-1.1150440427919,0.249234605257427,2.31164512294288,-22.984908080706,-0.412364930399621,-0.07620967431346
17.45,92.01834233123,99,-16.0573089688545,-24.1097591196493,-1.11747084385072,0.249234605257427,2.29372978870755,-23.52006512216,-0.39801586471763,-0.0771396298919257
17.4666666666667,92.0871787696446,99,-16.0573089688545,-24.6283353533636,-1.12199501509183,0.249234605257427,2.27592272683584,-24.0499683313945,-0.385817880138586,-0.0781285031816261
17.4833333333333,92.1747818393795,99,-16.0573089688545,-25.1161069242606,-1.12682113341384,0.249234605257427,2.25822511933086,-24.5662121666141,-0.374339780029136,-0.0791045910949424
17.5,92.2808256079109,99,-16.0573089688545,-25.5740240581053,-1.13076596796135,0.249234605257427,2.24063808167238,-25.0627867132285,-0.362622731848337,-0.0800223793933036
17.5166666666667,92.4048540096412,99,-16.0573089688545,-26.0030807034608,-1.13310733932348,0.249234605257427,2.22316266465893,-25.5355676951846,-0.350066188773041,-0.0808557894758348
17.5333333333333,92.5463218103901,99,-16.0573089688545,-26.404304866293,-1.13346471698027,0.249234605257427,2.20579985620767,-25.9819041201406,-0.336337372569861,-0.0815928848315932
17.55,92.7046273804899,99,-16.0573089688545,-26.7787498295691,-1.1317054818225,0.249234605257427,2.18855058311308,-26.4002858952544,-0.321299863647686,-0.0822317523868928
17.5666666666667,92.8791382350303,99,-16.0573089688545,-27.1274862047429,-1.12787187697655,0.249234605257427,2.17141571276518,-26.7900768282637,-0.304957641285805,-0.0827773260754197
17.5833333333333,93.0692104553268,99,-16.0573089688545,-27.4515947637023,-1.12212457624164,0.249234605257427,2.15439605482809,-27.1513009848215,-0.287411576618865,-0.0832389629258821
17.6,93.2742030857081,99,-16.0573089688545,-27.7521600015048,-1.11469954731456,0.249234605257427,2.13749236287995,-27.4844724942129,-0.268825926160446,-0.0836286173514009
17.6166666666667,93.4934884960458,99,-16.0573089688545,-28.0302643820386,-1.10587550345395,0.249234605257427,2.12070533601487,-27.7904606540234,-0.249402823751243,-0.0839594884305768
17.6333333333333,93.7264595647306,99,-16.0573089688545,-28.2869832205891,-1.09594974469277,0.249234605257427,2.10403562040768,-28.0703836406188,-0.229363139930664,-0.0842450388703337
17.65,93.972534396867,100,-15.0573089688545,-28.5233801591645,-1.08522060679423,0.249234605257427,2.08748381084239,-28.3255253370873,-0.208932383289026,-0.084498303933026
17.6666666666667,94.2311591622256,100,-15.0573089688545,-28.6464438379584,-1.07397507840097,0.249234605257427,2.07105045220506,-28.5572707858961,-0.188330569565475,-0.0847314246419041
17.6833333333333,94.501809522936,100,-15.0573089688545,-28.7571251131509,-1.05614895051611,0.249234605257427,2.05473604094179,-28.7309631072215,-0.162688492851938,-0.0847111633098187
17.7,94.7839910236475,100,-15.0573089688545,-28.8562270659913,-1.0347668189756,0.249234605257427,2.03854102648263,-28.8599940360201,-0.134365824910316,-0.0845632755379577
17.7166666666667,95.0772387362724,100,-15.0573089688545,-28.9445223978359,-1.01203441654708,0.249234605257427,2.02246581263212,-28.9548629002016,-0.105099157672531,-0.0843774662143714
17.7333333333333,95.3811163843447,100,-15.0573089688545,-29.0227529288246,-0.989703688552199,0.259530916705228,2.00654760311311,-29.0237960747209,-0.0763819215424425,-0.0842157118945725
17.75,95.6952151292336,100,-15.0573089688545,-29.0912713170397,-0.970102162177338,0.279132443080089,1.9910440516993,-29.0740627367592,-0.0507607940097128,-0.0841176271953088
17.7666666666667,96.0191521173808,100,-15.0573089688545,-29.149760557731,-0.953820854689092,0.295413750568336,1.97596136482437,-29.1117128707986,-0.0287282655333087,-0.0841018878469266
17.7833333333333,96.3525686642468,101,-14.0573089688545,-29.1977816981104,-0.940730023302405,0.308504581955022,1.96124494653002,-29.1404835318842,-0.0100446977070239,-0.0841703168472077
17.8,96.6951279788573,101,-14.0573089688545,-29.1411614822877,-0.930448627246159,0.318785978011268,1.94684457902067,-29.162329679785,0.00571689891465003,-0.0843142198151508
17.8166666666667,97.0465131519589,101,-14.0573089688545,-29.079980453942,-0.916435853623514,0.332798751633913,1.9327722842072,-29.1421068781763,0.0237592494216788,-0.0842758261593538
17.8333333333333,97.406425516116,101,-14.0573089688545,-29.0141949179689,-0.901331580351927,0.3479030249055,1.91906644364156,-29.0924374878771,0.041921213823916,-0.0841556392229919
17.85,97.7745829773442,101,-14.0573089688545,-28.9436218240451,-0.886767046447985,0.362467558809442,1.90573019187172,-29.022744971497,0.0589176413566142,-0.0840183270475246
17.8666666666667,98.1507180978644,102,-13.0573089688545,-28.8681027433402,-0.873638691893594,0.375595913363833,1.8927458703055,-28.9397561909474,0.074090060936351,-0.0839018609012966
17.8833333333333,98.5345765415309,102,-13.0573089688545,-28.6935301211162,-0.862338652936959,0.386895952320468,1.88008527996299,-28.8480645893794,0.0872012583922238,-0.0838254355776702
17.9,98.92591570071,102,-13.0573089688545,-28.5199207832181,-0.846875213522438,0.402359391734989,1.86777152455001,-28.7146865122751,0.102991665977891,-0.0835515837125342
17.9166666666667,99.3245031740733,102,-13.0573089688545,-28.3470981065063,-0.830253207723278,0.418981397534149,1.85584652838626,-28.553906536246,0.119000429451898,-0.0831947054419194
17.9333333333333,99.7301156516588,102,-13.0573089688545,-28.1747167516845,-0.814326524078664,0.434908081178763,1.84431214134779,-28.3763519862065,0.133766021686487,-0.0828282956206676
17.95,100.142538230509,102,-13.0573089688545,-28.002450985164,-0.800110392019747,0.44912421323768,1.8331466334945,-28.1895652755004,0.146541912986887,-0.0824953643985532
17.9666666666667,100.561563714479,102,-13.0573089688545,-27.8300934776424,-0.788044353205957,0.46119025205147,1.82231639768391,-27.9986463814937,0.157062200881309,-0.0822174731849653
17.9833333333333,100.986991647811,102,-13.0573089688545,-27.6575937738667,-0.778199828801002,0.471034776456425,1.8117837412329,-27.8068661773665,0.165359964796342,-0.0820020394685584
18,101.41862767663,102,-13.0573089688545,-27.4850591155272,-0.770434776066016,0.478799829191411,1.80151167283369,-27.6161984134527,0.171634285489739,-0.0818479013469383
18.0166666666667,101.856283281737,102,-13.0573089688545,-27.3127342607106,-0.764502444216041,0.484732161041386,1.7914665086703,-27.4277499125588,0.176158497736768,-0.081749321560473
18.0333333333333,102.299775449059,102,-13.0573089688545,-27.1409718104309,-0.760123011076631,0.489111594180796,1.78161898832337,-27.2420884146446,0.179221155962515,-0.0816986969858964
18.05,102.748926033819,102,-13.0573089688545,-26.9702004696894,-0.757026936159128,0.492207669098299,1.77194444339155,-27.0594786363224,0.181091491062042,-0.0816882592933996
18.0666666666667,103.203561412742,102,-13.0573089688545,-26.8008956061382,-0.754977957238942,0.494256648018485,1.76242242181795,-26.880042188526,0.182002176415508,-0.0817110331201838
18.0833333333333,103.663512481748,102,-13.0573089688545,-26.6335542981394,-0.753782309206469,0.495452296050958,1.75303605013736,-26.7038581623089,0.182143563361653,-0.0817612790355264
18.1,104.128614814645,102,-13.0573089688545,-26.468675620986,-0.753289293871908,0.495945311385519,1.74377131859681,-26.5310200563504,0.181664914579329,-0.081834602655422
18.1166666666667,104.598708887841,102,-13.0573089688545,-26.3067460360725,-0.753386976667937,0.49584762858949,1.734616400269,-26.3616624210346,0.180679401108722,-0.0819278664157069
18.1333333333333,105.073640324537,102,-13.0573089688545,-26.1482292692121,-0.753995631403732,0.495238973853695,1.72556106234318,-26.1959678919164,0.17927066165146,-0.0820390010229693
18.15,105.553260135158,101,-14.0573089688545,-25.9935598624204,-0.755060632395817,0.49417397286161,1.71659619210898,-26.0341626456962,0.177499532101695,-0.0821667812941372
18.1666666666667,106.037424942331,101,-14.0573089688545,-25.9371989116026,-0.75654579919483,0.492688806062597,1.70771343788879,-25.876505987323,0.175410152024158,-0.0823106062204198
18.1833333333333,106.525997184628,101,-14.0573089688545,-25.8795918320457,-0.764489120884688,0.484745484372739,1.6988499350996,-25.7592587904801,0.168319525729267,-0.0827145909292969
18.2,107.018845296385,101,-14.0573089688545,-25.8214859691644,-0.775753269643091,0.473481335614336,1.68992481019678,-25.6702916564026,0.158883980405863,-0.0832637519233188
18.2166666666667,107.515843873513,101,-14.0573089688545,-25.7638882243294,-0.78826490020672,0.460969705050707,1.68090025378688,-25.6003760888554,0.148821179266379,-0.0838801633281886
18.2333333333333,108.016874069656,101,-14.0573089688545,-25.7078513676651,-0.800762634819643,0.448471970437784,1.67176594782169,-25.5428901838481,0.139144844817484,-0.0845148189233444
18.25,108.521824371202,101,-14.0573089688545,-25.6543483829866,-0.812570403283391,0.436664201974036,1.66252748918766,-25.4933759184872,0.130370253951799,-0.0851400233395761
18.2666666666667,109.030591113235,101,-14.0573089688545,-25.6042092894668,-0.823408990966638,0.425825614290789,1.6531982695789,-25.4490608771104,0.122681617983181,-0.0857428865707007
18.2833333333333,109.543078652739,101,-14.0573089688545,-25.5580995646912,-0.833248896243492,0.415985709013936,1.64379414351338,-25.4084110577165,0.116060445852591,-0.0863201244575274
18.3,110.059199379416,101,-14.0573089688545,-25.5165241186757,-0.842201836576974,0.407032768680453,1.63433021600726,-25.3707485850478,0.110378533245566,-0.0868741393058616
18.3166666666667,110.578873896974,101,-14.0573089688545,-25.4798451614766,-0.850445314827578,0.398789290429849,1.62481915225005,-25.3359462798575,0.10546136523824,-0.0874102302433249
18.3333333333333,111.102031567543,101,-14.0573089688545,-25.4483059927777,-0.858173619992983,0.391060985264444,1.61527051457896,-25.3041975760694,0.101128300197628,-0.0879347295027851
18.35,111.628610799883,101,-14.0573089688545,-25.4220556420006,-0.86556876253536,0.383665842722067,1.60569074196784,-25.2758529398839,0.0972155493674393,-0.088453852712094
18.3666666666667,112.158559006367,102,-13.0573089688545,-25.4011714418779,-0.872785605142788,0.376449000114639,1.59608348936469,-25.2513107964774,0.0935871307840836,-0.0889730692659507
18.3833333333333,112.691832402913,102,-13.0573089688545,-25.2916187741004,-0.879946483280306,0.369288121977121,1.58645013113679,-25.2309504899701,0.0901379603618453,-0.0894968294833989
18.4,113.228395752374,102,-13.0573089688545,-25.1933069612389,-0.881080270340227,0.3681543349172,1.57684531975759,-25.1791149444463,0.0915077817187059,-0.0897842337365046
18.4166666666667,113.768222343274,102,-13.0573089688545,-25.105783022231,-0.879371015125226,0.369863590132201,1.56734081468377,-25.1084748886759,0.0950146473394455,-0.0899527755045136
18.4333333333333,114.311294378446,103,-12.0573089688545,-25.0282831056726,-0.876920319335097,0.37231428592233,1.55796473349028,-25.0287250344538,0.0989308714745165,-0.0900822145670898
18.45,114.857603137347,103,-12.0573089688545,-24.8658938103077,-0.875002264072829,0.374232341184598,1.54871740959495,-24.9468756027546,0.10224538901928,-0.0902227980102558
18.4666666666667,115.407148681447,104,-11.0573089688545,-24.7177237884749,-0.868231949524565,0.381002655732862,1.5396382188486,-24.8317173039834,0.109170706770431,-0.090158687536612
18.4833333333333,115.959934508962,104,-11.0573089688545,-24.4885937478274,-0.860002052500046,0.389232552757381,1.53077720274956,-24.698685607008,0.116910199110608,-0.0900182266904457
18.5,116.51595659874,105,-10.0573089688545,-24.2771447898351,-0.84632859467228,0.402906010585147,1.52219436841302,-24.5230328176343,0.128523803687386,-0.089638671736869
18.5166666666667,117.075201776484,106,-9.05730896885453,-23.9876745670055,-0.831456214588667,0.41777839066876,1.51394182839853,-24.3248834718499,0.140537986825352,-0.08918189686419
18.5333333333333,117.637648854585,107,-8.05730896885453,-23.6242729001722,-0.811856244158794,0.437378361098633,1.50607093668828,-24.0827004811915,0.155673239571208,-0.0885042319070412
18.55,118.20326975542,108,-7.05730896885453,-23.1907429081733,-0.785897553851665,0.463337051405762,1.49867495640486,-23.7826798114327,0.175056729754855,-0.0875322615056549
18.5666666666667,118.77203026033,109,-6.05730896885453,-22.6904348989708,-0.753188963849825,0.496045641407602,1.49186314976154,-23.4168970412065,0.198800592919973,-0.0862398285785066
18.5833333333333,119.343890185004,110,-5.05730896885453,-22.1262092389393,-0.714080831828578,0.535153773428849,1.48574446310542,-22.9816582388473,0.226432543640275,-0.0846302073662321
18.6,119.918803380332,111,-4.05730896885453,-21.5004742913806,-0.669308265456989,0.579926339800438,1.48041829656407,-22.4761391022805,0.257198448171769,-0.082723049193973
18.6166666666667,120.496951214865,112,-3.05730896885453,-20.8152614397667,-0.619751136554601,0.629483468702826,1.47597020712617,-21.901328530621,0.290261402657059,-0.0805453728806864
18.6333333333333,121.079106908494,113,-2.05730896885453,-20.0723121188822,-0.609642143177038,1.24923460525743,1.48133592070143,-21.2825323468568,0.266799027113502,-0.0781018304175073
18.65,121.666015985727,114,-1.05730896885453,-19.253472812051,-0.59321575706875,1.24923460525743,1.48772136965767,-20.6387873063775,0.24709022719133,-0.0752960953545976
18.6666666666667,122.258270012809,115,-0.0573089688545281,-18.3447962443667,-0.562390141886216,1.24923460525743,1.49418091055282,-19.942379536701,0.240178743689644,-0.0720095256252064
18.6833333333333,122.856323816412,116,0.942691031145472,-17.35570276485,-0.514657000891035,1.24923460525743,1.50071047841137,-19.1686189617222,0.248177554194772,-0.0681637856664394
18.7,123.460511451411,117,1.94269103114547,-16.2949830689775,-0.449803932957625,1.24923460525743,1.50730612033415,-18.3041838957975,0.271375129236108,-0.0637720948801684
18.7166666666667,124.071062600686,118,2.94269103114547,-15.1708234385581,-0.369124656563197,1.24923460525743,1.51396399293693,-17.3440132354111,0.308845043104367,-0.0589054770586407
18.7333333333333,124.688117859941,119,3.94269103114547,-13.9908312128998,-0.274831828075388,1.24923460525743,1.52068035984236,-16.2888996161134,0.358902296627594,-0.0536680145726742
18.75,125.311742334363,120,4.94269103114547,-12.7620603404466,-0.169627756177917,1.24923460525743,1.52745158922457,-15.1436409133857,0.419439683685262,-0.048179068868283
18.7666666666667,125.941937463388,121,5.94269103114547,-11.4910368760983,-0.0563973077650411,1.24923460525743,1.53427415140507,-13.9156346445056,0.488170899390827,-0.0425608464052578
18.7833333333333,126.57865118771,122,6.94269103114547,-10.1837843043774,0.062005406723514,1.24923460525743,1.5411446164991,-12.6138220605603,0.562801698178843,-0.0369300267394332
18.8,127.221786640439,122,6.94269103114547,-8.84584858252254,0.182899081060246,1.24923460525743,1.54805965211139,-11.2479068732573,0.641146040881646,-0.0313924416206469
18.8166666666667,127.871209555597,123,7.94269103114547,-7.57638216486869,0.30386374640253,1.24923460525743,1.55501602108034,-9.82778836099959,0.721200636582951,-0.0260400127937167
18.8333333333333,128.526754575508,123,7.94269103114547,-6.28012753691248,0.416458235412326,1.24923460525743,1.56201057926963,-8.39925412781423,0.796111737620368,-0.0211935209180648
18.85,129.188230618939,124,8.94269103114547,-5.05560726002898,0.521685677939071,1.24923460525743,1.56904027340641,-6.95957893014799,0.866518576900961,-0.0167978126456589
18.8666666666667,129.855425450712,124,8.94269103114547,-3.80698644521658,0.613757165327106,1.24923460525743,1.57610213896503,-5.54435528228739,0.927631852645755,-0.0130615089729433
18.8833333333333,130.528109573464,125,9.94269103114547,-2.63225992396923,0.695707219526818,1.24923460525743,1.58319329809544,-4.14265679557812,0.981687578901381,-0.00984521421317728
18.9,131.206039544396,125,9.94269103114547,-1.43511191641143,0.763280468305255,1.24923460525743,1.5903109575954,-2.78350812924892,1.02511637431154,-0.00729550754436775
18.9166666666667,131.888960804382,125,9.94269103114547,-0.313100471198648,0.797756133909195,1.24923460525743,1.60210988616883,-1.46190518364601,1.03048569002546,-0.00522094188293709
18.9333333333333,132.576610092603,126,10.9426910311455,0.736426162981257,0.796143002901764,1.24923460525743,1.61889678355062,-0.231751086412584,0.994732433728681,-0.00364664185208534
18.95,133.26871751079,126,10.9426910311455,1.81024770037621,0.784754544933002,1.24923460525743,1.63564845332803,0.901428168690485,0.952146119695764,-0.00249214936508197
18.9666666666667,133.965008288195,126,10.9426910311455,2.81121024516204,0.795545726433616,1.24923460525743,1.64749424401483,1.98942983149232,0.941014215740802,-0.00144051973959202
18.9833333333333,134.665204292903,127,11.9426910311455,3.74231443936789,0.798709191380456,1.24923460525743,1.65985321990727,3.04367664361115,0.922847389026361,-0.000616914675642785
19,135.369025327041,127,11.9426910311455,4.70063792546957,0.78624853013543,1.24923460525743,1.67394980216167,4.03323201433019,0.888049658679637,-8.20606965511644e-05
19.0166666666667,136.076190237703,127,11.9426910311455,5.58927785594486,0.792368891507652,2.04160349676508,1.68411700560746,4.9878588469787,0.878959893175203,0.000416670486699537
19.0333333333333,136.786417666306,127,11.9426910311455,6.43899232140476,0.746117109463326,1.99535171472075,1.70422711584649,5.88350098086946,0.802052369521232,0.000787554579189746
19.05,137.499422130998,128,12.9426910311455,7.27559005495085,0.702830938328983,1.95206554358641,1.72357425192013,6.70244495987727,0.730184033745531,0.00114439054888949
19.0666666666667,138.214902859577,128,12.9426910311455,8.1873308245665,0.666231826928792,1.91546643218622,1.74223750573506,7.47289324171522,0.666077983153479,0.00164540335944136
19.0833333333333,138.932537593434,128,12.9426910311455,9.06955310886343,0.643660595388105,1.89289520064553,1.7603915955723,8.24809295597805,0.615153226353972,0.00260109919822566
19.1,139.651982485387,128,12.9426910311455,9.9190727495092,0.631784783328915,1.88101938858634,1.77823778129046,9.02500509896934,0.574288115583622,0.00390451102522499
19.1166666666667,140.372874575677,128,12.9426910311455,10.7340701264753,0.627530083715407,1.87676468897283,1.79592389112299,9.79815099940916,0.540687881323324,0.00545254801513627
19.1333333333333,141.094834668796,128,12.9426910311455,11.5137284910827,0.628299373980174,1.8775339792376,1.81355061268475,10.5613183249126,0.512042892124722,0.00715542900517946
19.15,141.817470060856,128,12.9426910311455,12.2579322606422,0.632043875473116,1.88127848073054,1.83118012941853,11.3085963746053,0.486564888958276,0.00894053097710283
19.1666666666667,142.540377090131,129,13.9426910311455,12.9670302694245,0.637244362949785,1.88647896820721,1.84884514325388,12.034927193331,0.462951394310437,0.0107527162494796
19.1833333333333,143.263143501037,129,13.9426910311455,13.7357192259135,0.642844250651751,1.89207885590918,1.86655715077006,12.7363278817982,0.440313894927935,0.0125526622345645
19.2,143.985350617445,129,13.9426910311455,14.4648792484943,0.654224386215327,1.90345899147275,1.8843684386321,13.4458865261097,0.422809027290182,0.0145585409059702
19.2166666666667,144.706575326517,129,13.9426910311455,15.1558095522055,0.667869705434405,1.91710431069183,1.90234091811191,14.149280001312,0.407493747662244,0.0166395107311199
19.2333333333333,145.426391878463,129,13.9426910311455,15.8101347586172,0.681531941915075,1.9307665471725,1.92048904972531,14.8359181660119,0.392533772005825,0.0187093082843187
19.25,146.144373498076,129,13.9426910311455,16.4295618600767,0.693913201178517,1.94314780643594,1.93879823891542,15.4984860826368,0.376911619162136,0.0207158888172161
19.2666666666667,146.860093535233,129,13.9426910311455,17.0157400503301,0.704388511392194,1.95362311664962,1.95723827752937,16.1323454744743,0.360176831633469,0.0226320222584363
19.2833333333333,147.573125991876,129,13.9426910311455,17.5701923311276,0.712779561067747,1.96201416632517,1.97577259375368,16.7349209026375,0.342246240029063,0.0244474198343261
19.3,148.28304617667,129,13.9426910311455,18.0942939633341,0.719180989241427,1.96841559449885,1.9943641806356,17.3051422113467,0.323253337459745,0.0261625491949861
19.3166666666667,148.989431601463,129,13.9426910311455,18.5892789111872,0.723834406602517,1.97306901185994,2.01297904076167,17.8429771406209,0.303441026714506,0.0277840466628138
19.3333333333333,149.691862938899,129,13.9426910311455,19.0562608185794,0.727042391244767,1.97627699650219,2.03158787755927,18.3490634289134,0.283089936366834,0.0293215060550546
19.35,150.389924940742,129,13.9426910311455,19.4962594894465,0.729113891629564,1.97834849688699,2.0501666264254,18.8244350456994,0.262474179559078,0.0307853749997684
19.3666666666667,151.083206992993,129,13.9426910311455,19.910227273348,0.730332927604194,1.97956753286162,2.06869627940659,19.2703295835067,0.241837112855674,0.0321856912115535
19.3833333333333,151.771303118307,129,13.9426910311455,20.299072262531,0.730943597075619,1.98017820233305,2.08716233125384,19.688060976831,0.221380824067007,0.0335314204763079
19.4,152.453812170789,129,13.9426910311455,20.6636769311301,0.731145760928091,1.98038036618552,2.10555406971778,20.0789418028476,0.201264396807071,0.0348301997187971
19.4166666666667,153.130338328289,130,14.9426910311455,21.0049119532427,0.731097137047069,1.9803317423045,2.12386385080664,20.4442411402185,0.181607260394044,0.0360883326050366
19.4333333333333,153.800491691968,130,14.9426910311455,21.4177049350842,0.730918744548958,1.98015334980638,2.14208643902499,20.7851664110766,0.162495028281663,0.0373109258940742
19.45,154.463888898496,130,14.9426910311455,21.8030053697435,0.736763053761942,1.98599765901937,2.16027346794784,21.1388411406948,0.148701660791123,0.0387463752679027
19.4666666666667,155.12015370199,131,15.9426910311455,22.1621050788714,0.745575784982747,1.99481039024017,2.17849632071685,21.4939305755575,0.137633370956977,0.0402829229319792
19.4833333333333,155.768917507335,131,15.9426910311455,22.5906549478663,0.755344657268348,2.00457926252577,2.19678461384076,21.8419526342122,0.127615125817068,0.0418451341157591
19.5,156.409819848212,132,16.9426910311455,22.9904082904865,0.770916210258316,2.02015081551574,2.2151964845643,22.2129831279663,0.122378058805319,0.0436303016923666
19.5166666666667,157.042508808797,132,16.9426910311455,23.4574688205799,0.788529704971641,2.03776431022907,2.23379329595246,22.5908490582127,0.118796348646944,0.0454973747143982
19.5333333333333,157.666641377923,133,17.9426910311455,23.8941395593854,0.811936653834565,2.06117125909199,2.25264147736392,22.9999450899986,0.119719678544939,0.0476011541778478
19.55,158.281883447441,134,18.9426910311455,24.3970590809273,0.836761663332797,2.08599626859022,2.27179663049832,23.4201293424714,0.121551934195514,0.049775478449764
19.5666666666667,158.88790926786,135,19.9426910311455,24.9630495623776,0.86647453162093,2.11570913687836,2.29131210006085,23.873192671305,0.12695186009194,0.0521623738767801
19.5833333333333,159.484400834703,136,20.9426910311455,25.589187233043,0.902695012480849,2.15192961773828,2.31128262500096,24.3733973880573,0.137024198621392,0.0548354057946237
19.6,160.071047122465,137,21.9426910311455,26.272965274454,0.945831637460069,2.1950662427175,2.3318190536095,24.9292699437442,0.151881729596033,0.0578220056180257
19.6166666666667,160.647543429179,138,22.9426910311455,27.0123309078867,0.995566493438514,2.24480109869594,2.35303238518933,25.5451989149315,0.171064296185316,0.0611207999442727
19.6333333333333,161.213590352966,139,23.9426910311455,27.8056491113791,1.05120268821034,2.30043729346776,2.3750247064862,26.2227554397939,0.193833630447101,0.0647143154032547
19.65,161.768892436286,140,24.9426910311455,28.6516299624924,1.11189841254455,2.36113301780197,2.39788493579976,26.9617194158329,0.219367653485154,0.0685777586876552
19.6666666666667,162.313156740202,141,25.9426910311455,29.5492440666504,1.17681296517486,2.42604757043228,2.42168770145643,27.7608334048711,0.246878118857292,0.0726846783484725
19.6833333333333,162.84609146328,143,27.9426910311455,30.4976409472896,1.24518822467081,2.49442282992824,2.44649408958908,28.6183253827683,0.275673040084175,0.077010288949572
19.7,163.367404367175,144,28.9426910311455,31.5901377081093,1.31638550855651,2.56562011381394,2.47235335799742,29.5322477926189,0.305181712810565,0.0815331407671848
19.7166666666667,163.876800852268,145,29.9426910311455,32.7261218315307,1.39595508272969,2.64518968798712,2.49936002803312,30.5366597550994,0.339671774495341,0.0864799773021309
19.7333333333333,164.37398244568,147,31.9426910311455,33.9053268649948,1.48038243260659,2.72961703786402,2.52761926834278,31.6173511687568,0.376174995251494,0.0917219791941609
19.75,164.858645494714,148,32.9426910311455,35.2218196337897,1.5673137264801,2.81654833173753,2.55718755260148,32.7631834675603,0.412750315628896,0.0971705797619764
19.7666666666667,165.330479383015,149,33.9426910311455,36.5757264565357,1.66134750319977,2.9105821084572,2.58814471439998,34.0017840114745,0.452947284429725,0.10301308656899
19.7833333333333,165.789164737943,151,35.9426910311455,37.9674140451613,1.75854507752441,3.00777968278183,2.62057001366593,35.3147078209132,0.493521201097029,0.109100843164614
19.8,166.234372138453,152,36.9426910311455,39.4914374883241,1.85646856593762,3.10570317119505,2.65448995791605,36.6882340966462,0.532531823262676,0.115338463665479
19.8166666666667,166.665760703423,154,38.9426910311455,41.0482622721184,1.95983202630796,3.20906663156539,2.68995479935477,38.1485842048761,0.573685735622101,0.121914408664216
19.8333333333333,167.082976519412,155,39.9426910311455,42.7325202178283,2.06491236631815,3.31414697157558,2.72701705573495,39.6766953223325,0.613967385924989,0.128685492504509
19.85,167.485651130395,156,40.9426910311455,44.444882434196,2.17558272504833,3.42481733030576,2.76573543570526,41.2947001274349,0.656398759863431,0.135807912435799
19.8666666666667,167.873400192507,158,42.9426910311455,46.1861672189229,2.28761683926126,3.53685144451869,2.80615985202463,42.9805683561699,0.697571419653068,0.14311830359892
19.8833333333333,168.245822320131,159,43.9426910311455,48.0512609160658,2.39856577285611,3.64780037811354,2.84828513724459,44.7184144989854,0.735604440678467,0.150517277563482
19.9,168.602497836048,161,45.9426910311455,49.9408410952862,2.51328981744319,3.76252442270062,2.89213110868558,46.5332962071306,0.77438454769592,0.158195692924632
19.9166666666667,168.942987242097,163,47.9426910311455,51.94964912898,2.62828625516619,3.87752086042362,2.93772298205011,48.405651355317,0.81112724849207,0.166016089126226
19.9333333333333,169.266830164242,164,48.9426910311455,54.0724458413974,2.7476685314528,3.99690313671023,2.98509605518429,50.3575229910385,0.849092043901576,0.174141654650272
19.95,169.573544565367,166,50.9426910311455,56.2101031720659,2.87349970348416,4.12273430874158,3.03433578471909,52.4029995667369,0.889804443644613,0.182660289678126
19.9666666666667,169.862625828487,167,51.9426910311455,58.4578650855719,3.00040751254725,4.24964211780468,3.08549447020581,54.5140203496121,0.928939125226011,0.191363781809315
19.9833333333333,170.133546357577,169,53.9426910311455,60.7170461967472,3.13135276010839,4.38058736536582,3.1386095979054,56.7063990784322,0.968837384035549,0.200370041265823
20,170.385755422432,170,54.9426910311455,63.0831037562249,3.26170750878915,4.51094211404658,3.19369916419272,58.9539297750522,1.00583706652059,0.209496412621291
20.0166666666667,170.618975986113,172,56.9426910311455,65.4574170991467,3.39501385891921,4.64424846417664,3.25077740362867,61.2741637582879,1.04278850038818,0.218881217212111
20.0333333333333,170.835614218507,173,57.9426910311455,67.9354214149176,3.52707320070321,4.77630780596064,3.30984747579303,63.6423846964713,1.07639924673967,0.228357188324415
20.05,171.039616632653,175,59.9426910311455,70.418431762929,3.66172614434531,4.91096074960274,3.37091474931599,66.0773261555973,1.10977237998897,0.238073560281168
20.0666666666667,171.23501292876,176,60.9426910311455,73.0018069651755,3.79497012723148,5.04420473248891,3.43397762379627,68.5551716587357,1.13977790626953,0.247870405971395
20.0833333333333,171.428063374012,178,62.9426910311455,75.5867924421615,3.93076499394095,5.17999959919837,3.4990393549216,71.095311243126,1.16961464653067,0.257901569047895
20.1,171.626104243585,179,63.9426910311455,78.2686946326718,4.152357006997,4.15588451015533,3.54827269964566,73.7208498393979,1.31287551375429,0.267961964073691
20.1166666666667,171.836709282423,181,65.9426910311455,80.9084485670969,4.37681126017576,4.31300248738046,3.59811464766584,76.4886791458596,1.45909982610421,0.277956133413063
20.1333333333333,172.067479665349,183,67.9426910311455,83.566625940315,4.58373929806831,4.45785211390524,3.65020929194773,79.3211565082909,1.58761353224009,0.287416193426323
20.15,172.32635128293,184,68.9426910311455,86.248268860713,4.77118483914744,4.58906399266064,3.70433318621915,82.1867849382244,1.69733205863266,0.296246546036051
20.1666666666667,172.623375458785,185,69.9426910311455,88.8627971638714,4.93964579788682,4.7069866637782,3.76025511367706,85.0672149991172,1.78912753382718,0.304447973656468
20.1833333333333,172.976597923985,186,70.9426910311455,91.4181076694804,5.08485396441196,4.8086323803458,3.81771930407274,87.9171215516351,1.8601085474104,0.311832482170185
20.2,173.42099744651,187,71.9426910311455,93.9205040560808,5.20619454702614,4.89357078817572,3.87644281417903,90.7093080148013,1.91032904458865,0.318354272909413
20.2166666666667,174.00115338188,188,72.9426910311455,96.374721176774,5.30523953713205,4.96290228124986,3.93614922207774,93.4294483783091,1.94156024881202,0.324054465720846
20.2333333333333,174.745548094692,189,73.9426910311455,98.7840960128817,5.38470034934731,5.01852484980054,3.99658774740876,96.0718954326757,1.95642354695214,0.329021233505138
20.25,175.660850425082,189,73.9426910311455,101.150807498395,5.44771786684011,5.0626371120455,4.0575421824164,98.6364826366083,1.95781078435425,0.333362460290182
20.2666666666667,176.742453003008,190,74.9426910311455,103.382074574564,5.49741221256249,5.09742315405117,4.11883318518084,101.126197377647,1.94852339056172,0.337188134898838
20.2833333333333,177.979305557994,190,74.9426910311455,105.578440557946,5.53048222746861,5.12057216448545,4.18027756367963,103.509540442576,1.92624890568235,0.340355684420486
20.3,179.3571786906,191,75.9426910311455,107.64567038384,5.55238969427286,5.13590739124843,4.24170893910781,105.803767511086,1.89561656227451,0.343068615244447
20.3166666666667,180.860934168085,191,75.9426910311455,109.68302886074,5.56103723420676,5.14196066920216,4.30297746930585,107.987052326446,1.85520056833704,0.345234525249794
20.3333333333333,182.475094664039,191,75.9426910311455,111.595251011525,5.56232106097305,5.14285934793856,4.36395949006439,110.082823566314,1.80988938519347,0.347077432565497
20.35,184.184116804752,191,75.9426910311455,113.38677864727,5.55409170560628,5.13709879918182,4.42454993013942,112.072870020562,1.75812746218403,0.348506383120414
20.3666666666667,185.972672212043,191,75.9426910311455,115.061755384074,5.5357739925537,5.12427640004502,4.48462872371576,113.946443373339,1.69963620024514,0.349491394355771
20.3833333333333,187.825805425396,191,75.9426910311455,116.623972726886,5.57803578602959,3.75935070897074,4.52979677371103,115.724730649497,1.72880976763191,0.35002417260989
20.4,189.729001369966,191,75.9426910311455,118.030110863264,5.64432218614521,3.78917958902277,4.56650744805856,117.481239401608,1.79837121941479,0.349899907649561
20.4166666666667,191.66819596763,192,76.9426910311455,119.244133259205,5.68313197903365,3.80664399582257,4.60325740774955,119.157586687857,1.8443458396561,0.348769990043169
20.4333333333333,193.629754596961,192,76.9426910311455,120.376678591374,5.68797065996225,3.80882140224044,4.63981468856485,120.69218981027,1.86190375326702,0.346376618141451
20.45,195.600416599807,192,76.9426910311455,121.342505221652,5.6638873229244,3.79798390057341,4.67594511701833,122.085629313278,1.85540768719862,0.342915918543312
20.4666666666667,197.567223605014,193,77.9426910311455,122.15471072947,5.61010972700696,3.77378398241056,4.71142909545561,123.309060645284,1.82456231272467,0.338355082701908
20.4833333333333,199.517458641763,193,77.9426910311455,122.918868732288,5.5286457865305,3.73712520919615,4.74605259305148,124.349477378021,1.77127613740493,0.332770619851443
20.5,201.438621791433,194,78.9426910311455,123.545123317804,5.42926169218684,3.69240236674151,4.77964832423925,125.240825519162,1.703573162564,0.326544277869529
20.5166666666667,203.318466187477,194,78.9426910311455,124.136647527923,5.31326189481852,3.64020245792576,4.81208859919798,125.975975850288,1.62268528345296,0.319725141915945
20.5333333333333,205.145111986138,195,79.9426910311455,124.601736922147,5.18918642857202,3.58436849811484,4.84328511096275,126.591042525971,1.53555409353185,0.312646986834852
20.55,206.907245368554,196,80.9426910311455,125.042186919892,5.05688696446399,3.52483373926622,4.87317902109123,127.078666445454,1.44216252551333,0.305302006479422
20.5666666666667,208.594391931252,196,80.9426910311455,125.459359424304,4.92341965732174,3.46477345105221,4.90173981098389,127.473301171319,1.34819344582866,0.297965847946572
20.5833333333333,210.197234244293,197,81.9426910311455,125.760377329735,4.79344955314701,3.40628690417358,4.92898074758374,127.801226471206,1.25736831159549,0.29082030128134
20.6,211.707927512221,198,82.9426910311455,126.046361601124,4.66364094526627,3.34787303062725,4.95491811839868,128.046013559087,1.16703263798048,0.28373256177607
20.6166666666667,213.120360705408,199,83.9426910311455,126.318336853365,4.53851176847741,3.29156490107226,4.97957509467316,128.234171202369,1.08077722902,0.276878758683507
20.6333333333333,214.430318906804,199,83.9426910311455,126.577360893842,4.42076644994157,3.23857950773113,5.00300179078834,128.385290057095,1.00071370368375,0.270363838164356
20.65,215.635521738101,200,84.9426910311455,126.730569066455,4.31180816681151,3.18954828032261,5.02526364122827,128.513533081784,0.927897673026634,0.26424167775833
20.6666666666667,216.735536111202,201,85.9426910311455,126.879258114646,4.20593628213918,3.14190593222006,5.04640806307167,128.592888027601,0.857750708377794,0.258286776177154
20.6833333333333,217.731582307174,202,86.9426910311455,127.024685402656,4.10601760132476,3.09694252585357,5.06647433681022,128.642493893502,0.792527759662811,0.25261059236628
20.7,218.626265496711,202,86.9426910311455,127.168128514189,4.0136556808382,3.05537966163462,5.0855183854184,128.676425318726,0.733456210328565,0.247275007373029
20.7166666666667,219.423268952173,203,87.9426910311455,127.216887039635,3.92956358705461,3.017538219432,5.10360473751856,128.704825916902,0.681043240527498,0.242306961266381
20.7333333333333,220.127042023236,204,88.9426910311455,127.272343771264,3.84764675815846,2.98067564642873,5.12077582653284,128.698832336683,0.630403091130571,0.237465643743944
20.75,220.742508453973,204,88.9426910311455,127.335755129987,3.77058327729993,2.94599708004239,5.13706374049829,128.675614327988,0.583649580736973,0.232855260151445
20.7666666666667,221.274811451385,205,89.9426910311455,127.314251816219,3.69992321916905,2.9142000538835,5.15251626949383,128.647919702773,0.541977792510709,0.228535745667109
20.7833333333333,221.729103818998,205,89.9426910311455,127.308946727876,3.63020128976634,2.88282518565228,5.16716453963773,128.588972403579,0.501017272675412,0.224291124183921
20.8,222.110385934264,206,90.9426910311455,127.226701221827,3.56455075399228,2.85328244455395,5.18103333650842,128.517535019753,0.463253243340109,0.22024359520292
20.8166666666667,222.423388836705,206,90.9426910311455,127.168251528623,3.49862819547261,2.8236172932201,5.19414083567328,128.411461614345,0.425224848028742,0.21622132870728
20.8333333333333,222.672496842143,207,91.9426910311455,127.040030722643,3.46555532447367,1.94234567015216,5.20056418166803,128.303005275251,0.429100625727088,0.212369374828101
20.85,222.861703842738,207,91.9426910311455,126.912666534201,3.4382909740313,1.93689280006369,5.20464601517383,128.194066497679,0.44154739498218,0.208452098131649
20.8666666666667,222.994602174057,207,91.9426910311455,126.666855578869,3.43818121908269,1.93687084907397,5.201968597075,128.112162917971,0.491134126219368,0.204441988667216
20.8833333333333,223.074399104985,208,92.9426910311455,126.316524905274,3.41069456172002,1.93137351760143,5.20149395531144,128.000405150643,0.510411461012937,0.199941356248506
20.9,223.103942262101,208,92.9426910311455,125.968656373944,3.3520824850936,1.91965110227615,5.20307406354235,127.80403249183,0.496816479588738,0.194801475746034
20.9166666666667,223.08574798111,208,92.9426910311455,125.534888928073,3.29652332609161,1.90853927047575,5.20102832973611,127.548169029589,0.492629567888984,0.189281314435102
20.9333333333333,223.022032409393,208,92.9426910311455,125.025928679532,3.21518352521217,1.89227131029986,5.20078082372658,127.211619640555,0.460334599513921,0.183314308319546
20.95,222.914744818774,209,93.9426910311455,124.451528066072,3.11734916520942,1.87270443829931,5.20060842624815,126.780594421944,0.411919254572432,0.1769495898025
20.9666666666667,222.76560093834,209,93.9426910311455,123.914466402105,3.00216900646469,1.84966840655037,5.20113771522897,126.248381824532,0.345055989040196,0.170291379754271
20.9833333333333,222.576115315438,209,93.9426910311455,123.322636895706,2.88830743813459,1.82689609288434,5.20047113706687,125.661309482791,0.279684229314458,0.163708558138572
21,222.347632236603,209,93.9426910311455,122.683337577068,2.77060693836168,2.49600772752018,5.19970419465331,125.017837537129,0.208836577425181,0.157208159547625
21.0166666666667,222.081353706574,209,93.9426910311455,122.027370354206,2.65029977230828,2.44186950279615,5.19880255801644,124.310522433364,0.133736054660958,0.150832361909375
21.0333333333333,221.77836018018,210,94.9426910311455,121.381013918489,2.52691108104378,2.38634459172713,5.19853540031599,123.553851160193,0.0520609066236413,0.144705840369141
21.05,221.439622002915,210,94.9426910311455,120.836668086765,2.40516971197602,2.33156097564664,5.19879312732883,122.772096636397,-0.032004758163753,0.138981300926843
21.0666666666667,221.066012862776,210,94.9426910311455,120.292870805803,2.29275688171276,2.28097520202817,5.19983027661516,122.013393826879,-0.112792101288295,0.133991088671666
21.0833333333333,220.658326306438,210,94.9426910311455,119.748593407949,2.21795389083256,2.24731385613208,5.1957054619745,121.278229160584,-0.151675866002265,0.129669822475977
21.1,220.217292385996,210,94.9426910311455,119.203655079973,2.13552556236796,2.21022110832301,5.19513813849419,120.579443243945,-0.207908248702896,0.12590107987627
21.1166666666667,219.743592920876,210,94.9426910311455,118.658363201785,2.0649969887693,2.17848325020361,5.19384841824615,119.89484013138,-0.254202771930716,0.122610500996496
21.1333333333333,219.237875007608,211,95.9426910311455,118.113061076976,2.00505971937412,2.15151147897578,5.19192589553976,119.226738073654,-0.291709295116013,0.119746461511676
21.15,218.700762203367,211,95.9426910311455,117.662464671609,1.95431560191918,2.12867662612106,5.18944992437636,118.575785570404,-0.321635249540258,0.117253816095717
21.1666666666667,218.132863377093,211,95.9426910311455,117.20754235021,1.91761786798638,2.1121626458513,5.18651461489342,117.977718792772,-0.340227980934694,0.115323357998548
21.1833333333333,217.534779789887,211,95.9426910311455,116.749646222869,1.89078759824251,2.10008902446656,5.18321404381263,117.419608039427,-0.350927134015461,0.113790707621669
21.2,216.907110577213,211,95.9426910311455,116.29036846115,1.87071227298932,2.09105512810262,5.17961502045679,116.891267699525,-0.356287334566131,0.112533371117204
21.2166666666667,216.250457059616,211,95.9426910311455,115.83139364534,1.85514867478484,2.08405150891061,5.1757643167966,116.384998797599,-0.358144745927038,0.111463002946987
21.2333333333333,215.565425574227,211,95.9426910311455,115.374396916617,1.84253900432663,2.07837715720441,5.17169446993325,115.895241475972,-0.357771186175579,0.110518186086738
21.25,214.85262904033,210,94.9426910311455,114.920977506026,1.83184874189186,2.07356653910877,5.16742828960946,115.418199352005,-0.356009198031897,0.109658065292906
21.2666666666667,214.112687699541,210,94.9426910311455,114.37855936499,1.82242976874516,2.06932800119275,5.16298224774592,114.951475197567,-0.353385515025094,0.108856971724542
21.2833333333333,213.346229595466,210,94.9426910311455,113.848410941559,1.80770091945039,2.0627000190101,5.15834379805449,114.45769864799,-0.35511465043272,0.107855814855252
21.3,212.553891137252,210,94.9426910311455,113.331433406983,1.79042070058813,2.05492392052208,5.15348849687339,113.948488352744,-0.358958279880633,0.106762770200104
21.3166666666667,211.736317072811,209,93.9426910311455,112.828242353101,1.77255917187565,2.04688623260147,5.14840942606483,113.433131415083,-0.36332905052281,0.105655060034056
21.3333333333333,210.894159862001,209,93.9426910311455,112.245210209823,1.75545643490163,2.03919000096316,5.14311189254148,112.918851009686,-0.367157356199544,0.104585174670155
21.35,210.028078729381,209,93.9426910311455,111.68257640775,1.73375734091318,2.02942540866836,5.13758411383635,112.375073908004,-0.374683795057927,0.103342243912709
21.3666666666667,209.138738555998,208,92.9426910311455,111.140288311552,1.71089450851231,2.01913713408797,5.13180944112947,111.817989394093,-0.383144652272891,0.102060982937445
21.3833333333333,208.226808714656,208,92.9426910311455,110.524049675574,1.68912833415144,2.00934235562558,5.12579229794592,111.25975493829,-0.390737263080298,0.100830075703815
21.4,207.29296220012,207,91.9426910311455,109.933471283342,1.67066573001951,1.81308428913901,5.11809857554651,110.675009604558,-0.391888961073779,0.0994585767564032
21.4166666666667,206.337875311484,207,91.9426910311455,109.267449163986,1.65939948831293,1.80928193256304,5.10856583746373,110.093830284939,-0.383181210198509,0.0980645681570854
21.4333333333333,205.362228305348,206,90.9426910311455,108.619787583936,1.64155844171948,1.80326057933775,5.09888810221275,109.486665252342,-0.380142296910251,0.0964385300145902
21.45,204.366707614582,206,90.9426910311455,107.897280546415,1.62024631091354,1.79606773519075,5.08904210959801,108.865992021243,-0.380263478835938,0.0947035476140297
21.4666666666667,203.352006731424,205,89.9426910311455,107.200398281771,1.59149496754425,1.78636415680361,5.07900060516293,108.205783922892,-0.386664597621022,0.0927047812716888
21.4833333333333,202.318825491333,205,89.9426910311455,106.435141044407,1.55980541258427,1.77566893200462,5.06873948881302,107.526008874917,-0.395723228993515,0.090620214174297
21.5,201.267868655833,204,88.9426910311455,105.701236052655,1.52202936957025,1.76291951748738,5.05823683531088,106.805845672813,-0.409910592121636,0.0883268322139214
21.5166666666667,200.199844262704,204,88.9426910311455,104.904015330912,1.48307658834142,1.74977295382266,5.04747728022349,106.068706031074,-0.425286025861913,0.086018089113012
21.5333333333333,199.115462252227,203,87.9426910311455,104.142622151461,1.43992639832718,1.73520976469285,5.03644910712862,105.295890549208,-0.444227829013633,0.0835753182528006
21.55,198.015433639566,203,87.9426910311455,103.321888836604,1.3974338906136,1.72086854333952,5.02514734058355,104.511969603403,-0.462847922312395,0.0811891653647652
21.5666666666667,196.900469524929,202,86.9426910311455,102.54053733339,1.35241459941581,1.70567453256026,5.01357002142469,103.698724450127,-0.483663762265744,0.078733924039058
21.5833333333333,195.771280159491,202,86.9426910311455,101.703047996046,1.30950306666758,1.69119189025773,5.00172083868248,102.880748848293,-0.502970879090753,0.0763910537991416
21.6,194.628574447347,201,85.9426910311455,100.907849843418,1.26527362873735,1.67626445495628,4.98960519103552,102.039556520845,-0.523485829967612,0.0740249453306337
21.6166666666667,193.473059224937,201,85.9426910311455,100.059178953045,1.2241226484607,1.66237599911291,4.97723277173538,101.199304574324,-0.54169981929494,0.0718073689002446
21.6333333333333,192.305438286729,200,84.9426910311455,99.2552590167605,1.18240372700801,1.64829586312263,4.96461368928618,100.340987215866,-0.560510184390142,0.0695938001661826
21.65,191.126411587104,200,84.9426910311455,98.4001511376349,1.1443177041184,1.63544183039739,4.95176117336107,99.4882178131217,-0.576567903889929,0.0675481639396153
21.6666666666667,189.936684548657,199,83.9426910311455,97.5919270745253,1.10605101801385,1.6225268238371,4.93868784673089,98.6214603612468,-0.592906679732388,0.0655192721856955
21.6833333333333,188.736977055014,198,82.9426910311455,96.7345130374785,1.07166579639945,1.61092181154224,4.9254085912519,97.7638339373089,-0.606290487705565,0.0636655596083376
21.7,187.528000519439,197,81.9426910311455,95.8317988105912,1.03723641646058,1.59930189581287,4.91193697488716,96.8953556383756,-0.619844206786485,0.0618314398097932
21.7166666666667,186.310456709896,197,81.9426910311455,94.8875185651455,1.00049813304758,1.58690272516098,4.89826934298148,96.0026940870706,-0.635356060710054,0.0599276967499974
21.7333333333333,185.085038582218,196,80.9426910311455,93.9992364148687,0.960362803461793,1.57335705142578,4.8843927439772,95.0776294251471,-0.653669633247118,0.0579119340344717
21.75,183.852430685364,195,79.9426910311455,93.0702742731747,0.922779952774162,1.56067283931871,4.87030935941118,94.1518165981939,-0.670036497242526,0.0560176038032216
21.7666666666667,182.613309673418,194,78.9426910311455,92.1038884024274,0.88506775035297,1.54794497100155,4.85602878507727,93.211514700393,-0.686588775534468,0.054138282245904
21.7833333333333,181.368345216205,193,77.9426910311455,91.1031931312554,0.84572449386445,1.53466662193668,4.84154897769534,92.247792798054,-0.704509406722254,0.0522146706064364
21.8,180.118200635924,192,76.9426910311455,90.0711120745467,0.804076864519137,1.52061054703264,4.82686186345212,91.2553910855814,-0.724316768490439,0.0502204054113268
21.8166666666667,178.86353323256,190,74.9426910311455,89.0103590851041,0.760007369367443,1.50573709241894,4.81195719923538,90.2317721347929,-0.746084876593965,0.0481510985867261
21.8333333333333,177.604990861269,189,73.9426910311455,87.829379139074,0.713748800357389,1.49012482537805,4.79682509636777,89.1763523334729,-0.769609160862705,0.0460161006310078
21.85,176.34289476233,188,72.9426910311455,86.6304008542578,0.659495118128882,1.47181420762592,4.78143863215278,88.0538404393721,-0.79948013410523,0.0435882703589911
21.8666666666667,175.077644445637,186,70.9426910311455,85.4152742350163,0.600677406941271,1.45196323010011,4.7657660339353,86.8779890813451,-0.832927595858336,0.0410039739987684
21.8833333333333,173.80992495884,185,69.9426910311455,84.0915212800159,0.539868787061499,1.43144032089068,4.74979230604563,85.6602041685804,-0.86787844432133,0.0383647849827182
21.9,172.540411561511,184,68.9426910311455,82.7604683210271,0.472700372274997,1.40877098090024,4.73349593509974,84.3737286241872,-0.907782728437416,0.0354996359997845
21.9166666666667,171.269772087786,182,66.9426910311455,81.4231301081758,0.403385596143114,1.38537724395573,4.71685671815166,83.0381438576925,-0.949256577939676,0.0325748655152331
21.9333333333333,169.998668986001,181,65.9426910311455,79.986283167346,0.334821975637221,1.36223702203499,4.69987428037684,81.6686204965271,-0.989980734573988,0.0297038554556357
21.95,168.727761463435,179,63.9426910311455,78.5506049608513,0.262659035699452,1.33788202980599,4.68254264741867,80.2406337825059,-1.03340383004746,0.0267152914443072
21.9666666666667,167.457707426539,178,62.9426910311455,77.0224952918309,0.190936805245921,1.31367577702793,4.66485668516276,78.7748937573259,-1.07629322954903,0.0237677824234319
21.9833333333333,166.189165366413,176,60.9426910311455,75.5022404561231,0.116032226935346,1.28839548184811,4.64681086450273,77.2508778165199,-1.12151904776922,0.0207185981048043
22,164.922795970571,175,59.9426910311455,73.8958600030517,0.0424068304444477,1.26354691053243,4.62840368483912,75.6920767153889,-1.16551644562037,0.0177427125873683
22.0166666666667,163.659263648158,173,57.9426910311455,72.3032849991552,-0.0326671616619751,1.21656744359545,4.60949464012758,74.0799830053402,-1.21007401473794,0.0147050050945936
22.0333333333333,162.399237771755,172,56.9426910311455,70.629466775685,-0.101905204782844,1.14732940047458,4.58951275632361,72.4416364027496,-1.24786796680936,0.0117784849540206
22.05,161.143394080901,170,54.9426910311455,68.9718443025633,-0.16909262171863,1.0801419835388,4.56845633627308,70.7615040691719,-1.28192463650871,0.00881059878191785
22.0666666666667,159.892416187545,168,52.9426910311455,67.2331935894421,-0.230782071868918,1.01845253338851,4.5463947265332,69.0646386172539,-1.30969555917388,0.00594682014700534
22.0833333333333,158.646996919642,167,51.9426910311455,65.4167550913732,-0.291639879070895,0.957594726186532,4.52338161372784,67.3312549215313,-1.33505596958295,0.00301159046549955
22.1,157.407839607395,165,49.9426910311455,63.6200780510987,-0.354505481065381,0.894729124192046,4.49940906777883,65.5474227203866,-1.36029722443738,-0.00010557543073906
22.1166666666667,156.175659357727,164,48.9426910311455,61.746675542051,-0.414829927534746,0.834404677722681,4.47448869695428,63.7401111951726,-1.38186578071523,-0.00322251752310288
22.1333333333333,154.951183543893,162,46.9426910311455,59.8942399447879,-0.476340715302556,0.772893889954871,4.44863344832561,61.8917678314397,-1.40279937701343,-0.00648254026784723
22.15,153.735151369402,160,44.9426910311455,57.9664935357351,-0.535068356653092,0.714166248604335,4.421863684288,60.0266110753732,-1.42001952525788,-0.00972550805640189
22.1666666666667,152.528312878547,159,43.9426910311455,55.9672855612278,-0.595086787361104,0.654147817896323,4.39419347772947,58.1251080605101,-1.43683767393291,-0.0131084161557581
22.1833333333333,151.331427572432,157,41.9426910311455,53.9945089728612,-0.658668191266598,0.590566413990829,4.36558497731067,56.1741478786921,-1.4550235971695,-0.0167230287378986
22.2,150.145261905958,156,40.9426910311455,51.9518228364287,-0.72077192608614,0.528462679171287,4.33602868895587,54.2017353440633,-1.47058213377009,-0.0203704106130163
22.2166666666667,148.970585521972,155,39.9426910311455,49.9369253152087,-0.784729386631682,0.464505218625745,4.30552383008488,52.1913502953366,-1.48620183391701,-0.0241800030136161
22.2333333333333,147.808166346622,153,37.9426910311455,47.9475096132476,-0.846271535960872,0.402963069296555,4.27408279515794,50.1681172440171,-1.49854450117299,-0.0279809487080674
22.25,146.658764823338,152,36.9426910311455,45.8873551625356,-0.903198136158033,0.346036469099394,4.24177093755346,48.1492079637416,-1.50602458627469,-0.031678171802033
22.2666666666667,145.523127419005,151,35.9426910311455,43.8545870477159,-0.960762814467938,0.288471790789489,4.20862293658516,46.109622412833,-1.51292539038109,-0.0354732460512704
22.2833333333333,144.401978768603,150,34.9426910311455,41.8474315116123,-1.01661873086669,0.249234605257427,4.17480589887964,44.067973134336,-1.51783520538315,-0.0392420670838226
22.3,143.296012198627,149,33.9426910311455,39.8647968919019,-1.07230838784255,0.249234605257427,4.14101543258322,42.0345071111749,-1.52380545211912,-0.0429133111486158
22.3166666666667,142.205879501871,148,32.9426910311455,37.9075867306312,-1.12712787648648,0.249234605257427,4.10735954241849,40.0141969852066,-1.53049449878446,-0.0464424401041095
22.3333333333333,141.132179158819,147,31.9426910311455,35.9778359257021,-1.18012663753769,0.249234605257427,4.07384270959841,38.011237946542,-1.53707871420004,-0.0497966645395922
22.35,140.075443616322,146,30.9426910311455,34.0772222600012,-1.23049778351699,0.249234605257427,4.04046923525434,36.0296679621909,-1.54284238353003,-0.0529499739874072
22.3666666666667,139.03612604823,145,29.9426910311455,32.2070970313267,-1.27759361860944,0.249234605257427,4.00724324508773,34.0732019850831,-1.5471920926669,-0.0558835012885256
22.3833333333333,138.01458753955,144,28.9426910311455,30.3685139556616,-1.32092781321284,0.249234605257427,3.97416869391845,32.1451298938746,-1.54966045653259,-0.0585853566834863
22.4,137.011085505153,144,28.9426910311455,28.5622563893449,-1.36016853833589,0.249234605257427,3.94124937013195,30.2482617822435,-1.5499025069347,-0.0610501167602035
22.4166666666667,136.025764133808,143,27.9426910311455,26.8829222733874,-1.3951258055928,0.249234605257427,3.90848890002722,28.3849077927489,-1.54768725655968,-0.0632781060060282
22.4333333333333,135.058647623515,142,26.9426910311455,25.2309074609644,-1.41940394974461,0.249234605257427,3.87589075206768,26.5929760420982,-1.53780962803826,-0.0650303823855202
22.45,134.109636900043,141,25.9426910311455,23.6065351984326,-1.43582926837538,0.249234605257427,3.84345824103706,24.8618658348263,-1.52240026567907,-0.0664324151631494
22.4666666666667,133.178510364068,140,24.9426910311455,22.0099571840298,-1.44652729856272,0.249234605257427,3.811194532102,23.1834130665098,-1.50306291343654,-0.0675782658973681
22.4833333333333,132.264928988525,138,22.9426910311455,20.4411715084602,-1.45308955054025,0.249234605257427,3.77910264478362,21.5513236338241,-1.48099930325219,-0.0685381133869666
22.5,131.368445799675,137,21.9426910311455,18.8059800442309,-1.45670304689112,0.249234605257427,3.74718545683968,19.9607281882425,-1.45710633841679,-0.0693640823731398
22.5166666666667,130.488519451892,136,20.9426910311455,17.2040447221231,-1.46458189519184,0.249234605257427,3.71544570805927,18.3717405745036,-1.43712800405026,-0.0703389231510451
22.5333333333333,129.624531286899,134,18.9426910311455,15.634795026502,-1.47459887238037,0.249234605257427,3.68388600397192,16.7933154902369,-1.41939049559517,-0.0713749127233667
22.55,128.775804995857,133,17.9426910311455,14.0035020348376,-1.48524879276926,0.249234605257427,3.65250881947281,15.2321267491503,-1.40269559486507,-0.0724114457714079
22.5666666666667,127.941627814304,131,15.9426910311455,12.4093331928257,-1.50184017703939,0.249234605257427,3.62131650236581,13.6569196156193,-1.39129272283413,-0.0736528798347153
22.5833333333333,127.121272098779,130,14.9426910311455,10.7571989384651,-1.52093737619618,0.249234605257427,3.59031127682613,12.0830054166116,-1.38247160722466,-0.0749589243805494
22.6,126.31401616582,128,12.9426910311455,9.14592525456961,-1.54650653124708,0.249234605257427,3.55949524678428,10.4855556835807,-1.37942004154341,-0.0764797704414704
22.6166666666667,125.519163406751,126,10.9426910311455,7.48009988780791,-1.57421412362543,0.249234605257427,3.52887039923284,8.88458201072909,-1.37870842861508,-0.0780400454017674
22.6333333333333,124.736058899743,124,8.94269103114547,5.76418509336071,-1.60746024838187,0.249234605257427,3.49843860745773,7.25861818726328,-1.38306237947026,-0.0797689238630019
22.65,123.964102990949,122,6.94269103114547,4.00240404137643,-1.64792071777229,0.249234605257427,3.46820163419569,5.59391565816909,-1.39385724999266,-0.0817243832879982
22.6666666666667,123.202761575711,121,5.94269103114547,2.1987460346474,-1.69606689991937,0.249234605257427,3.43816113471921,3.88249905547856,-1.41151609094612,-0.0839157881320722
22.6833333333333,122.451573050411,119,3.94269103114547,0.451031665659089,-1.75156014499305,0.249234605257427,3.40831865985072,2.12064241270502,-1.43581323604353,-0.0863208435076649
22.7,121.710152105398,117,1.94269103114547,-1.33712156991185,-1.80721601507153,0.249234605257427,3.37867565890738,0.343776114716263,-1.46102665469598,-0.0886539546651155
22.7166666666667,120.978190678714,115,-0.0573089688545281,-3.16218557140437,-1.8646680157096,0.249234605257427,3.34923348257793,-1.45855837458271,-1.48843116150432,-0.0909798892503129
22.7333333333333,120.255456486707,113,-2.05730896885453,-5.02083455188141,-1.9246212264057,0.249234605257427,3.31999338573308,-3.29249825869613,-1.51857398013554,-0.0933252853251389
22.75,119.541789594974,112,-3.05730896885453,-6.90993940049159,-1.98714848613864,0.249234605257427,3.29095653017074,-5.1609979026596,-1.55150215768002,-0.0956914338115843
22.7666666666667,118.837097499579,110,-5.05730896885453,-8.73250233463679,-2.05191280234907,0.249234605257427,3.26212398729766,-7.06471537368202,-1.58693431536068,-0.098063765616709
22.7833333333333,118.14134916392,108,-7.05730896885453,-10.5856913008434,-2.11200052664268,0.249234605257427,3.2334967407485,-8.96660422181589,-1.61931196224697,-0.10017458688921
22.8,117.454568411091,107,-8.05730896885453,-12.4667264700705,-2.16948637694715,0.249234605257427,3.20507568894402,-10.8765667435929,-1.65021607078137,-0.10211256282204
22.8166666666667,116.776827013995,105,-10.0573089688545,-14.2789341610104,-2.22561376320989,0.249234605257427,3.17686164758938,-12.800939232994,-1.68058525117409,-0.103931174892178
22.8333333333333,116.108237763173,103,-12.0573089688545,-16.1197823857031,-2.27470602431085,0.249234605257427,3.14885535211396,-14.7073023373591,-1.70582416931512,-0.105415136536678
22.85,115.448947730771,102,-13.0573089688545,-17.9867684834221,-2.31979603679833,0.249234605257427,3.12105746005394,-16.6093166418964,-1.7282674860397,-0.106692911058633
22.8666666666667,114.799131842458,100,-15.0573089688545,-19.783474171443,-2.36285988072292,0.249234605257427,3.09346855337874,-18.5163598409928,-1.74943725259697,-0.10784766472764
22.8833333333333,114.15898031106,98,-17.0573089688545,-21.6076022026655,-2.39877204032055,0.249234605257427,3.06608914076271,-20.3984635418949,-1.76518374941093,-0.108685730644884
22.9,113.528671035492,97,-18.0573089688545,-23.4568650922468,-2.43097116851359,0.249234605257427,3.038919659803,-22.2712539705892,-1.77817617310544,-0.10935080300668
22.9166666666667,112.908364292142,96,-19.0573089688545,-25.2350412385663,-2.46172341480397,0.0624617302628714,3.01196047918498,-24.145676424423,-1.79018205233152,-0.109936258180501
22.9333333333333,112.298208178783,95,-20.0573089688545,-26.952447068312,-2.47091061322614,0.0624617302628714,2.98209915627182,-25.984146381274,-1.7768855266202,-0.110264697608467
22.95,111.698343838002,94,-21.0573089688545,-28.6185318441652,-2.47255462779258,0.0624617302628714,2.95244948423804,-27.7656855642777,-1.75776385955995,-0.110297321294118
22.9666666666667,111.108911046555,93,-22.0573089688545,-30.2355177206815,-2.46697346761331,0.0624617302628714,2.92301242494834,-29.4876680954051,-1.73299514754942,-0.110057002585232
22.9833333333333,110.530052059914,92,-23.0573089688545,-31.805626922701,-2.45482352819057,0.0624617302628714,2.89378885383924,-31.1494804961001,-1.70303665499189,-0.109578940131871
23,109.961913631283,92,-23.0573089688545,-33.3310707776765,-2.43696562153919,0.0624617302628714,2.86477956246236,-32.7519777040418,-1.66852034421061,-0.108905036290259
23.0166666666667,109.404648008048,91,-24.0573089688545,-34.7199806422237,-2.41436558270337,0.0624617302628714,2.83598526096807,-34.2970577888197,-1.63017462477187,-0.10807980848399
23.0333333333333,108.858413352013,91,-24.0573089688545,-36.074440025378,-2.38169048723602,0.0624617302628714,2.80740658053074,-35.7512384043884,-1.5836900460855,-0.106903301745407
23.05,108.323373828925,91,-24.0573089688545,-37.3023107534138,-2.34270271491336,0.0624617302628714,2.77904407571686,-37.1295310230852,-1.53200056413362,-0.105533644793527
23.0666666666667,107.799699508983,91,-24.0573089688545,-38.4113277633833,-2.29398878778351,0.0624617302628714,2.75089822679722,-38.4082412108173,-1.4723287516898,-0.103846603160025
23.0833333333333,107.287566164131,91,-24.0573089688545,-39.4089695209738,-2.2342348648901,0.0624617302628714,2.72296944200436,-39.5734638154213,-1.40355072602856,-0.101803490769998
23.1,106.787155016441,92,-23.0573089688545,-40.3024490771624,-2.16356861098091,0.0624617302628714,2.69525805973642,-40.6185852216093,-1.32569089928346,-0.0994227303367572
23.1166666666667,106.298652473842,92,-23.0573089688545,-41.0046480538381,-2.0830613690528,0.0624617302628714,2.66776435070861,-41.5423249686367,-1.23953748954199,-0.0967585970964019
23.1333333333333,105.822249879148,93,-22.0573089688545,-41.6221527330621,-1.98802501987431,0.0624617302628714,2.64048852005329,-42.3111166645702,-1.14127673216884,-0.0936413894179191
23.15,105.358143293235,94,-21.0573089688545,-42.0670849764587,-1.88318433267258,0.0624617302628714,2.61343070936991,-42.9420566540377,-1.03460147507781,-0.0902706877042633
23.1666666666667,104.906533331978,95,-20.0573089688545,-42.3512024525363,-1.76624455593203,0.0624617302628714,2.58659099872575,-43.4149938457368,-0.917629711012338,-0.0865682721463805
23.1833333333333,104.46762507884,95,-20.0573089688545,-42.4857750667452,-1.63705240769689,0.0624617302628714,2.55996940860861,-43.7204851548568,-0.790178554142247,-0.0825414382563898
23.2,104.041628101146,96,-19.0573089688545,-42.5756418704441,-1.49685926300343,0.0624617302628714,2.5335659018324,-43.8568928368224,-0.653195571478209,-0.0782515078034547
23.2166666666667,103.62875660934,96,-19.0573089688545,-42.5311706177703,-1.36116092118724,0.249234605257427,2.50881111262612,-43.8660646985639,-0.5228373556526,-0.0740341750677626
23.2333333333333,103.229229775653,96,-19.0573089688545,-42.4499329507493,-1.23042803829948,0.249234605257427,2.48595591951619,-43.7557659558411,-0.400084283383679,-0.0698531045436289
23.25,102.843271354307,97,-18.0573089688545,-42.3298841292436,-1.10191313820458,0.249234605257427,2.46331719358189,-43.5568066041661,-0.278304607534245,-0.0659215974316736
23.2666666666667,102.471108102347,97,-18.0573089688545,-42.0817850369593,-0.97928528191577,0.269949323341657,2.44092541418945,-43.2892128613926,-0.160615804022439,-0.0623675851979427
23.2833333333333,102.112969612393,97,-18.0573089688545,-41.8093001849504,-0.865001124114073,0.384233481143354,2.42006286062294,-42.9365882097356,-0.0524792808156795,-0.0590280849807433
23.3,101.769090231999,97,-18.0573089688545,-41.5117411686191,-0.765317670082276,0.483916935175151,2.40120111103447,-42.5321315302369,0.0398370238373757,-0.0560439431761636
23.3166666666667,101.439712266724,97,-18.0573089688545,-41.1858941660333,-0.680649432905939,0.568585172351488,2.38408890346491,-42.0981876461902,0.116623576588913,-0.0534630604973234
23.3333333333333,101.125090138775,97,-18.0573089688545,-40.8300613289111,-0.609773599903143,0.639461005354284,2.36848257911547,-41.6470946091285,0.179441567173756,-0.0512673771026084
23.35,100.825498404709,97,-18.0573089688545,-40.4438758047923,-0.550686993532019,0.698547611725408,2.35416583567676,-41.1846228074594,0.230401583219036,-0.0494045081660221
23.3666666666667,100.541248727483,97,-18.0573089688545,-40.028046664178,-0.50116643909056,0.748068166166867,2.340957800961,-40.7125798083477,0.271703150455646,-0.0478090087845085
23.3833333333333,100.272726662872,96,-19.0573089688545,-39.5840917079427,-0.459103752178517,0.79013085307891,2.32871372859907,-40.2306714925564,0.305369043534518,-0.0464155797337374
23.4,100.020487983256,96,-19.0573089688545,-39.2081511486123,-0.422679705060256,0.826554900197171,2.31732152215796,-39.7377513013105,0.333116209250778,-0.0451663843829232
23.4166666666667,99.7854870190722,96,-19.0573089688545,-38.8027392606268,-0.396491240673902,0.852743364583525,2.30664129505248,-39.2685766676435,0.351600937014196,-0.0442585936628945
23.4333333333333,99.5690975543652,96,-19.0573089688545,-38.3708976420331,-0.376305098744152,0.872929506513275,2.29653612279885,-38.8098584881406,0.364496199987982,-0.0435413823318549
23.45,99.3727462453921,95,-20.0573089688545,-37.9160290952719,-0.359261820311518,0.889972784945909,2.2869276563029,-38.351753429685,0.374254165151031,-0.042911338292778
23.4666666666667,99.1976623343507,95,-20.0573089688545,-37.5356552204957,-0.34357080735415,0.905663797903277,2.27777583859495,-37.887615447799,0.382393586592389,-0.0423027892274713
23.4833333333333,99.0447770319334,95,-20.0573089688545,-37.1331911651569,-0.334287970724375,0.914946634533052,2.26900852463224,-37.449488331687,0.385043587828103,-0.0419226683694052
23.5,98.9147038552119,95,-20.0573089688545,-36.7121637371305,-0.327828983095279,0.921405622162148,2.2605471735626,-37.0231559364457,0.385222235391959,-0.0416385804726292
23.5166666666667,98.8077599654342,95,-20.0573089688545,-36.2761265898505,-0.322019278071535,0.927215327185892,2.25236065664804,-36.5988889364394,0.38472465632244,-0.0413683182404254
23.5333333333333,98.7240054900437,95,-20.0573089688545,-35.8284403685467,-0.315699580190926,0.933535025066501,2.24444517194516,-36.1706714119173,0.384480567760181,-0.0410666143937803
23.55,98.6632877513214,95,-20.0573089688545,-35.3721617503631,-0.308398037471253,0.940836567786174,2.23681017309848,-35.7353663020434,0.384845392534533,-0.0407138183493843
23.5666666666667,98.6252836193399,95,-20.0573089688545,-34.9100050387914,-0.300074308407987,0.94916029684944,2.22946914805034,-35.2919355398998,0.385823430430368,-0.0403068485475217
23.5833333333333,98.609537551884,95,-20.0573089688545,-34.4443483759854,-0.290930940575862,0.958303664681565,2.22243408351614,-34.8407736029792,0.387229451675546,-0.0398523742684681
23.6,98.6154943730996,95,-20.0573089688545,-33.9772642847202,-0.281282293833217,0.96795231142421,2.21571257478088,-34.3831751697712,0.388798802370981,-0.0393619643855739
23.6166666666667,98.6425277238182,95,-20.0573089688545,-33.5105606668618,-0.271469464067295,0.977765141190132,2.20930671983271,-33.9209341789219,0.390257113964486,-0.0388488478362506
23.6333333333333,98.6899635812331,95,-20.0573089688545,-33.0458234318696,-0.261809888603184,0.987424716654243,2.20321312830645,-33.4560588398807,0.391360088924538,-0.03832591669952
23.65,98.7570967964027,95,-20.0573089688545,-32.5844556769822,-0.252571642311777,0.99666296294565,2.19742355351171,-32.9905816821636,0.391912376842433,-0.0378046342396072
23.6666666666667,98.8432032986534,95,-20.0573089688545,-32.1277109672951,-0.243964234655359,1.00527037060207,2.19192580712558,-32.5264429079546,0.391772785283197,-0.037294563675841
23.6833333333333,98.9475496496383,95,-20.0573089688545,-31.6767199866208,-0.236139591445599,1.01309501381183,2.18670473659926,-32.0654271624942,0.390851314011081,-0.0368032933847062
23.7,99.0694005811178,96,-19.0573089688545,-31.2325108661689,-0.22919861988888,1.02003598536855,2.18174313582035,-31.609136978675,0.389101939956384,-0.0363365914634949
23.7166666666667,99.208024821748,96,-19.0573089688545,-30.7019646873379,-0.223200199686485,1.02603440557094,2.17702252375004,-31.1589896804341,0.386513793217353,-0.0358986722130064
23.7333333333333,99.3626995116319,96,-19.0573089688545,-30.1858666113441,-0.212109167709241,1.03712543754819,2.17257878610357,-30.6802469825075,0.38781791372388,-0.0352482112915338
23.75,99.532713241978,96,-19.0573089688545,-29.6845952395103,-0.199049901177738,1.05018470407969,2.16846597314248,-30.1864118387652,0.390416955724727,-0.0345022907641869
23.7666666666667,99.7173678140991,97,-18.0573089688545,-29.1981704801546,-0.186070911781999,1.06316369347543,2.16469546109339,-29.6879459559022,0.392659650743198,-0.033740373015625
23.7833333333333,99.915979557246,97,-18.0573089688545,-28.6324123066581,-0.174400242780812,1.07483436247662,2.16125169845511,-29.1925742590597,0.393603102672571,-0.0330125557810825
23.8,100.127880446907,97,-18.0573089688545,-28.0871107986508,-0.158613466002561,1.09062113925487,2.15815892216887,-28.6697569250425,0.397520471063445,-0.0321029931399978
23.8166666666667,100.352418967421,97,-18.0573089688545,-27.5617748321279,-0.142069198928242,1.10716540632918,2.15545268377541,-28.1355568464712,0.401669359520425,-0.0311401350504722
23.8333333333333,100.588960484949,98,-17.0573089688545,-27.0556998171524,-0.12681508962996,1.12241951562747,2.15312405334091,-27.6017935076799,0.404443137687242,-0.0302057079300316
23.85,100.83688701851,98,-17.0573089688545,-26.4741222680665,-0.113946995551548,1.13528760970588,2.15113837561182,-27.0767184104796,0.405044447691082,-0.0293467270327907
23.8666666666667,101.095597076949,98,-17.0573089688545,-25.9163727315118,-0.0978487830275632,1.15138582222986,2.14950354324072,-26.529782257257,0.407932671837235,-0.0283415796320922
23.8833333333333,101.364505434932,99,-16.0573089688545,-25.3816020114752,-0.0816742016273276,1.1675604036301,2.14824210461826,-25.9767240073049,0.410554423173137,-0.0273120338166675
23.9,101.643042560915,99,-16.0573089688545,-24.7747665211983,-0.0672801244784491,1.24923460525743,2.14733544370573,-25.4288818541573,0.411473431422269,-0.0263333029301109
23.9166666666667,101.930654251821,100,-15.0573089688545,-24.1925227924709,-0.053960940069732,1.24923460525743,2.14770442766301,-24.8606991062658,0.408826049412506,-0.0251992167560581
23.9333333333333,102.226801046202,100,-15.0573089688545,-23.5381831445113,-0.0387843801590554,1.24923460525743,2.14816795808161,-24.2887455040866,0.408136830508217,-0.0240254653370922
23.95,102.530956948924,100,-15.0573089688545,-22.912040117051,-0.0171753998165942,1.24923460525743,2.14872288127853,-23.6852220484296,0.413076237719193,-0.0226374330289255
23.9666666666667,102.842608660139,101,-14.0573089688545,-22.3141100572932,0.00684758437358747,1.24923460525743,2.14936612083305,-23.068476542919,0.42046810406059,-0.0211982755559106
23.9833333333333,103.161255436103,101,-14.0573089688545,-21.6502090308065,0.0304662383026689,1.24923460525743,2.15009467591269,-22.4524287311459,0.428055847891472,-0.0198190261267449
24,103.486409226778,102,-13.0573089688545,-21.0200094706735,0.058118623799368,1.24923460525743,2.15090561963325,-21.8113652182177,0.439372831703128,-0.018326850447447
