Tiempo_h,V_mgdL,g_mgdL,g1_mgdL,Kalman_mgdL,u,u_insu,IOB_U,z1,z2,z3
0,123.442133140918,117,-6.44213314091789,-13.4421331409179,-0,1.34887557825251,0,0,0,0
0.0166666666666667,123.44213314085,117,-6.44213314091789,-12.785348858583,-1.05879199283521,0.348875578252509,0.0178026097567653,-5.15459523969642,-0.699719475538411,-0.0348985472742842
0.0333333333333333,123.442133199239,117,-6.44213314091789,-12.2030323600166,-1.59960679062998,0.348875578252509,0.0236118772767629,-8.61680944692573,-1.03484000577797,-0.0537556713813501
0.05,123.442134928212,117,-6.44213314091789,-11.7244710966869,-1.82062778744091,0.348875578252509,0.0294151393298431,-10.8027108955045,-1.16065673744753,-0.0616337326955371
0.0666666666666667,123.442145888233,118,-5.44213314091789,-11.3407187470471,-1.83005838064879,0.348875578252509,0.0352110715638892,-12.0700277904305,-1.14683039734375,-0.0624143235831348
0.0833333333333333,123.442183569746,118,-5.44213314091789,-10.9495953375448,-1.70774653756792,0.348875578252509,0.0409983940205375,-12.693075478955,-1.0450623796009,-0.0589275454199495
0.1,123.442277801819,118,-5.44213314091789,-10.6427286856753,-1.5040518468347,0.348875578252509,0.0467758700458507,-12.8441964697074,-0.888042499343821,-0.0529522188452223
0.116666666666667,123.442472012032,118,-5.44213314091789,-10.4124502033996,-1.26334257874969,0.348875578252509,0.0525423052246181,-12.6916279715479,-0.704921375565236,-0.0460109282966174
0.133333333333333,123.442823681701,118,-5.44213314091789,-10.2515490982108,-1.01622341845929,0.348875578252509,0.0582965463377969,-12.3600378448982,-0.516021152003613,-0.0391279804325416
0.15,123.443404237018,118,-5.44213314091789,-10.1532580671274,-0.79477737581593,1.34887557825251,0.0664460593059013,-11.9429108639534,-0.348226258020833,-0.0329542357849532
0.166666666666667,123.444298488672,118,-5.44213314091789,-10.0764742632351,-0.668499867503813,1.34887557825251,0.0888380871434873,-11.5484077339258,-0.274204500369157,-0.0278039126432575
0.183333333333333,123.445602365106,118,-5.44213314091789,-9.98470293578303,-0.565658018507031,1.34887557825251,0.111209738779279,-11.2145017352147,-0.214369331030581,-0.0235846983013242
0.2,123.447417577565,118,-5.44213314091789,-9.8800305142219,-0.480528285266621,1.34887557825251,0.133555819813654,-10.9239170716267,-0.165153406053563,-0.02008002504662
0.216666666666667,123.449846590398,118,-5.44213314091789,-9.76437970196161,-0.408870542978353,1.34887557825251,0.155871309138143,-10.6638662406099,-0.123923027958663,-0.017128698830234
0.233333333333333,123.452989113986,118,-5.44213314091789,-9.63951783129731,-0.347572112412858,1.34887557825251,0.178151354689734,-10.4250341825947,-0.0887549126087518,-0.0146114854718659
0.25,123.456939729327,118,-5.44213314091789,-9.50706507457173,-0.294369672264561,1.34887557825251,0.200391269297178,-10.2007714818079,-0.0582614140755557,-0.0124406761269657
0.266666666666667,123.461786327557,118,-5.44213314091789,-9.36850248671606,-0.247633250120139,1.34887557825251,0.222586526617419,-9.98645626745605,-0.0314544540309972,-0.0105520186997948
0.283333333333333,123.467609143109,118,-5.44213314091789,-9.22517985785328,-0.20619952835746,1.34887557825251,0.244732757160324,-9.77899193790075,-0.00764026610223106,-0.0088985213901622
0.3,123.474480221076,118,-5.44213314091789,-9.07832335790848,-0.169244166783972,1.34887557825251,0.266825744399912,-9.5764139261763,0.0136614221174413,-0.00744573115988857
0.316666666666667,123.482463201587,118,-5.44213314091789,-8.92904295816496,-0.136184854984256,1.34887557825251,0.288861420970328,-9.37758373213485,0.0327789113143279,-0.00616816851967347
0.333333333333333,123.491613333848,118,-5.44213314091789,-8.7783396174476,-0.106608444922541,1.34887557825251,0.310835864944842,-9.18195255354301,0.0499348913914504,-0.00504666389077395
0.35,123.501977654129,118,-5.44213314091789,-8.62711222311906,-0.0802168451385922,1.34887557825251,0.332745296196173,-8.98938021247563,0.065280955447542,-0.00406639255102596
0.366666666666667,123.513595278117,118,-5.44213314091789,-8.47616427935415,-0.0567874370904989,1.34887557825251,0.354586072836492,-8.79999782454943,0.0789229149353982,-0.00321544702816262
0.383333333333333,123.526497770137,118,-5.44213314091789,-8.32621033722652,-0.0361446474118294,1.34887557825251,0.376354687735471,-8.6141049048604,0.0909390240912429,-0.00248381956601366
0.4,123.540709561007,118,-5.44213314091789,-8.1778821630114,-0.018140014648638,1.34887557825251,0.398047765114791,-8.43209343536521,0.101392784977187,-0.0018626944519758
0.416666666666667,123.55624839338,118,-5.44213314091789,-8.0317346427925,-0.00263865638347392,1.34887557825251,0.419662057217536,-8.2543929079021,0.110341652164916,-0.00134397178316708
0.433333333333333,123.573125778894,118,-5.44213314091789,-7.88825142297087,0.0104895019901571,1.34887557825251,0.441194441050958,-8.08143156628952,0.117842672675127,-0.000919961670786639
0.45,123.591347455613,118,-5.44213314091789,-7.74785028762073,0.0213750112803428,1.34887557825251,0.462641915201097,-7.91361005053637,0.123955869493492,-0.000583201763116987
0.466666666666667,123.610913837516,118,-5.44213314091789,-7.61088827483333,0.0301516793198029,1.34887557825251,0.484001596717792,-7.75128443787187,0.12874599530944,-0.000326361983491754
0.483333333333333,123.631820450232,118,-5.44213314091789,-7.4776665352446,0.0369576020244667,1.34887557825251,0.505270718068633,-7.59475631344946,0.132283138453744,-0.000142209083226384
0.5,123.654058349116,118,-5.44213314091789,-7.34843493686644,0.0419350158202307,1.34887557825251,0.526446624160449,-7.44426801651578,0.13464254828657,-2.36104521792745e-05
0.516666666666667,123.677614517193,118,-5.44213314091789,-7.22339642114484,0.0452293991844306,1.34887557825251,0.547526769426931,-7.30000161884639,0.135903956736322,3.64380211167915e-05
0.533333333333333,123.702472241557,118,-5.44213314091789,-7.1027111158591,0.0469881389059105,1.34887557825251,0.568508714981043,-7.1620805204566,0.136150601597008,4.47710930293062e-05
0.55,123.72861146761,118,-5.44213314091789,-6.98650021106462,0.0473589895334436,1.34887557825251,0.589390125830877,-7.03057280867807,0.135468101715712,8.0081625495014e-06
0.566666666666667,123.75600913112,118,-5.44213314091789,-6.87484960477534,0.0464884872940788,1.34887557825251,0.610168768157656,-6.9054957334896,0.133943291216033,-6.74924736256055e-05
0.583333333333333,123.784639468473,118,-5.44213314091789,-6.76781332548855,0.0445204284193692,1.34887557825251,0.630842506654587,-6.78682081499846,0.131663086871007,-0.000175675555636479
0.6,123.814474305785,118,-5.44213314091789,-6.66541673898187,0.0415944830038001,1.34887557825251,0.651409301925328,-6.6744792267538,0.128713437604647,-0.00031082481246777
0.616666666666667,123.845483327764,117,-6.44213314091789,-6.5676595470675,0.0378449865644968,1.34887557825251,0.671867207940816,-6.5683671981121,0.125178386204895,-0.00046759177330977
0.633333333333333,123.877634327273,117,-6.44213314091789,-6.56825936474073,0.0333999302274793,1.34887557825251,0.692214369553271,-6.46835125583986,0.121139259334692,-0.00064101700948364
0.65,123.910893436683,117,-6.44213314091789,-6.5675992637738,0.0208355515303331,1.34887557825251,0.712449020066168,-6.41024442479534,0.111614488760814,-0.0010699061882454
0.666666666666667,123.945225342069,117,-6.44213314091789,-6.56581982056083,0.00357957610678271,1.34887557825251,0.73256947885904,-6.38197144981546,0.0988395201209254,-0.00163437301104044
0.683333333333333,123.980593481328,117,-6.44213314091789,-6.56305181463377,-0.0158904711448653,1.34887557825251,0.752574149065957,-6.37430813563455,0.0844446176469501,-0.00224943700002098
0.7,124.016960227291,117,-6.44213314091789,-6.55941665095516,-0.0358281067294392,1.34887557825251,0.772461515306573,-6.38028179142314,0.0695921894766833,-0.00285673102633818
0.716666666666667,124.054287056815,117,-6.44213314091789,-6.55502678245375,-0.0550441717849627,1.34887557825251,0.792230141468655,-6.39468868559438,0.0550859750351996,-0.00341796299345034
0.733333333333333,124.092534706849,117,-6.44213314091789,-6.54998613069105,-0.072769772243226,1.34887557825251,0.811878668541004,-6.41370683294453,0.0414574856524646,-0.00390978760552053
0.75,124.131663318375,117,-6.44213314091789,-6.54439050278627,-0.0885487067411005,1.34887557825251,0.831405812495738,-6.4345863010704,0.029034104650692,-0.00431980814886288
0.766666666666667,124.171632569098,116,-7.44213314091789,-6.53832800294975,-0.102153542923886,1.34887557825251,0.8508103622189,-6.45540241889264,0.0179924418669875,-0.0046434807673882
0.783333333333333,124.212401795673,116,-7.44213314091789,-6.62562021574434,-0.11352059536747,1.34887557825251,0.870091177488367,-6.47485991012325,0.00839987018367819,-0.00488173680684278
0.8,124.25393010625,116,-7.44213314091789,-6.70676753986938,-0.130244558453516,1.34887557825251,0.889247186998106,-6.52810939366034,-0.00481287966729851,-0.00528253638678413
0.816666666666667,124.296176484005,116,-7.44213314091789,-6.78203920111729,-0.149136623015306,1.34887557825251,0.908277386427767,-6.60278638603382,-0.0195466789952171,-0.00573704455095941
0.833333333333333,124.339099882321,116,-7.44213314091789,-6.85170408190087,-0.167997130826292,1.34887557825251,0.927180836556694,-6.68965142046552,-0.0343371401867939,-0.00617222055892129
0.85,124.382659312222,116,-7.44213314091789,-6.91602943160055,-0.185374946991491,1.34887557825251,0.945956661421405,-6.7819129776146,-0.0482030413237476,-0.00654179686095916
0.866666666666667,124.426813922601,116,-7.44213314091789,-6.97527972553066,-0.200378197053214,1.34887557825251,0.964604046515641,-6.87468482232545,-0.0605266701576938,-0.00681922934951394
0.883333333333333,124.471523073764,115,-8.44213314091789,-7.0297156619584,-0.212526263491197,1.34887557825251,0.983122237032071,-6.96455256291123,-0.0709598711557321,-0.00699222463438063
0.9,124.516746404755,115,-8.44213314091789,-7.17333406564237,-0.221634816791766,1.34887557825251,1.0015105361448,-7.04922877588346,-0.0793507271528066,-0.00705852434681612
0.916666666666667,124.56244389491,115,-8.44213314091789,-7.30681206831051,-0.235271804336124,1.34887557825251,1.0197683033318,-7.16325101781929,-0.0907462540652979,-0.00726604964059865
0.933333333333333,124.608575920031,115,-8.44213314091789,-7.43059608664143,-0.250285927998435,1.34887557825251,1.03789495273644,-7.29392702735805,-0.103068301705987,-0.00750800821328131
0.95,124.655103303557,115,-8.44213314091789,-7.54513172735866,-0.264556803010181,1.34887557825251,1.05588995156724,-7.43190096252834,-0.114902132421678,-0.00771468253677846
0.966666666666667,124.701987363079,116,-7.44213314091789,-7.65086167620141,-0.276737473972915,1.34887557825251,1.07375281853518,-7.57041847491788,-0.125333850383467,-0.00784381797817325
0.983333333333333,124.749189952514,116,-7.44213314091789,-7.65448305282995,-0.286052722758111,1.34887557825251,1.09148312232753,-7.70473904228607,-0.1338225611153,-0.00787314596834092
1,124.796673500232,116,-7.44213314091789,-7.65600083418294,-0.284597485573234,1.34887557825251,1.10908048011767,-7.79569655529933,-0.135040934444296,-0.0075512485279888
1.01666666666667,124.844401043416,117,-6.44213314091789,-7.65563679990487,-0.275619429997846,1.34887557825251,1.12654455611001,-7.85316726928663,-0.131078072148582,-0.00699560292034534
1.03333333333333,124.892336258894,117,-6.44213314091789,-7.55985706709006,-0.261624820395294,1.34887557825251,1.14387506011925,-7.8850413674921,-0.123557979971878,-0.00629563650485979
1.05,124.940443490697,118,-5.44213314091789,-7.46842775417413,-0.236982955423548,1.34887557825251,1.16107174618334,-7.8616246865638,-0.10867211446363,-0.00527514750899261
1.06666666666667,124.988687774547,118,-5.44213314091789,-7.28758518291029,-0.20645119392076,1.34887557825251,1.17813441120934,-7.79978416377037,-0.089534854355487,-0.0040994532956314
1.08333333333333,125.037034859479,119,-4.44213314091789,-7.11686109653707,-0.165927365891393,1.34887557825251,1.19506289365149,-7.6764922282256,-0.0633632232572071,-0.00264221460205235
1.1,125.085451226805,120,-3.44213314091789,-6.86225451767901,-0.12115253131855,1.34887557825251,1.21185707222085,-7.51347463504242,-0.0339444531260431,-0.00109923361732185
1.11666666666667,125.133904106562,121,-2.44213314091789,-6.52931767782786,-0.0686030411863038,1.34887557825251,1.22851686462581,-7.29115746211373,0.00109587993795726,0.000639532295698058
1.13333333333333,125.182361491652,122,-1.44213314091789,-6.12338427264296,-0.00675775952628804,1.34887557825251,1.24504222634276,-6.99766521765675,0.042816446638187,0.00261551314928441
1.15,125.230792149785,122,-1.44213314091789,-5.649566955532,0.0645214396055737,1.34887557825251,1.26143314941635,-6.62686297258121,0.0913575303381983,0.00482395757982467
1.16666666666667,125.279165633405,123,-0.442133140917889,-5.2064969739304,0.144458652637367,1.34887557825251,1.2776896612887,-6.17682188595749,0.146243590178069,0.00723071979084159
1.18333333333333,125.327452287711,124,0.557866859082111,-4.69926918528695,0.22416987368823,1.34887557825251,1.29381182365683,-5.68459554544125,0.201551445926375,0.00954127117103692
1.2,125.375623256914,125,1.55786685908211,-4.1325328490057,0.305324699738208,1.34887557825251,1.30979973135784,-5.14145710949923,0.258359597038457,0.0118121104535589
1.21666666666667,125.423650488833,125,1.55786685908211,-3.51072420835908,0.388530893024115,1.34887557825251,1.32565351128121,-4.54292709647554,0.317049386407711,0.0140634710397557
1.23333333333333,125.471506737963,126,2.55786685908211,-2.93180859044474,0.473684077787246,1.34887557825251,1.34137332130751,-3.88763406579436,0.377529966763457,0.0162918956152985
1.25,125.519165567098,127,3.55786685908211,-2.30022756555985,0.552684799472543,1.34887557825251,1.35695934927317,-3.21239919760967,0.434348153796951,0.0182361657442421
1.26666666666667,125.566601347625,127,3.55786685908211,-1.61999158657239,0.628035178100924,1.34887557825251,1.37241181196053,-2.50771211834421,0.489094567403853,0.0199865079369001
1.28333333333333,125.613789258569,128,4.55786685908211,-0.988654924006019,0.701176941983885,1.34887557825251,1.38773095411277,-1.76794191650768,0.542673464986663,0.021595773337306
1.3,125.660705284487,128,4.55786685908211,-0.31026324835801,0.765264284911235,1.34887557825251,1.40291704747307,-1.02630825953194,0.590446070970063,0.0228476386573273
1.31666666666667,125.707326212284,128,4.55786685908211,0.317812649926158,0.80317491676727,2.15205049501978,1.422170764374,-0.278186662323347,0.611599620159166,0.0238736591161625
1.33333333333333,125.753629577784,129,5.55786685908211,0.92587844673131,0.800877289178582,2.14975286743109,1.44765283898303,0.419597262706003,0.592157407562024,0.0245870048675122
1.35,125.799592435626,129,5.55786685908211,1.63450816471036,0.802184134134364,2.15105971238687,1.47101492439265,1.07894080128171,0.57984904178331,0.0250825234835797
1.36666666666667,125.845187759654,129,5.55786685908211,2.34031593544578,0.804325232721274,2.15320081097378,1.49508564327463,1.73864961306826,0.566583619823428,0.0257331319730234
1.38333333333333,125.890381169733,129,5.55786685908211,3.04024534435722,0.799905063545735,1.34887557825251,1.5213096445534,2.40133724477426,0.544230761053271,0.0265244164115655
1.4,125.935128988651,130,6.55786685908211,3.70359484018579,0.799684974780119,1.34887557825251,1.54739961718484,3.06535640082645,0.525106983632905,0.0274353201418585
1.41666666666667,125.979378413954,130,6.55786685908211,4.39704499363343,0.80848102280038,2.15735660105289,1.57182698230408,3.71201404805835,0.515904546643704,0.0283767199197794
1.43333333333333,126.02307066351,130,6.55786685908211,5.05310466002934,0.805772666939344,2.15464824519185,1.59944089915412,4.36678078983582,0.492076874985592,0.0294544028307368
1.45,126.066143085137,130,6.55786685908211,5.70043343458698,0.805049743895059,2.15392532214757,1.62687548096082,5.0035703464024,0.470242388530361,0.0305682221278144
1.46666666666667,126.108527927913,130,6.55786685908211,6.33666933452821,0.806836745439581,2.15571232369209,1.65416649130252,5.6274491760315,0.450669553966946,0.0317394644148654
1.48333333333333,126.150150727881,130,6.55786685908211,6.95991837020951,0.811054393794512,2.15992997204702,1.68135312880471,6.24084611068245,0.433221280378642,0.0329697625174129
1.5,126.190929464076,130,6.55786685908211,7.56872824092494,0.817302280988037,2.16617785924055,1.70847043452719,6.84443061579586,0.417556080707083,0.0342497102197569
1.51666666666667,126.230774278228,130,6.55786685908211,8.16203070588012,0.825050683208523,2.17392626146103,1.73554563262339,7.43779929440257,0.403261730562416,0.0355648564996689
1.53333333333333,126.269587578454,129,5.55786685908211,8.7390727565487,0.833760888390044,2.18263646664255,1.76259704469112,8.01997959084079,0.389936802739492,0.0368995852872241
1.55,126.307264400826,129,5.55786685908211,9.20560817844797,0.842952707989374,2.19182828624188,1.78963454703283,8.5897765814389,0.377234381306417,0.0382393973807843
1.56666666666667,126.343692871057,129,5.55786685908211,9.66089283077986,0.845012528923541,2.19388810717605,1.81659527125926,9.11013543757296,0.36018046363383,0.0393285980131426
1.58333333333333,126.378754630146,129,5.55786685908211,10.1042948603888,0.843365618767391,2.1922411970199,1.84338886377602,9.59235899702693,0.34119681707778,0.0402722734841458
1.6,126.412325346708,129,5.55786685908211,10.5349348002437,0.840262201356017,2.18913777960853,1.86997191497378,10.0450306609881,0.321839431081844,0.041141218430952
1.61666666666667,126.444275343753,128,4.55786685908211,10.9519133977811,0.837058158670297,2.18593373692281,1.89633078155353,10.4742994772573,0.303016838097356,0.0419795342635868
1.63333333333333,126.474470293877,128,4.55786685908211,11.2607022665072,0.834468892448524,2.18334447070103,1.92246887308207,10.8843100335319,0.285182127455736,0.0428117814752186
1.65,126.502771948223,128,4.55786685908211,11.5602623563726,0.825557518193282,2.17443309644579,1.94833224991474,11.2418056800686,0.263789643607661,0.0434056367538758
1.66666666666667,126.529038877732,127,3.55786685908211,11.8497218206653,0.814063996781283,2.16293957503379,1.97384759049995,11.5606474665376,0.241435343587404,0.0438783454390337
1.68333333333333,126.553127280361,127,3.55786685908211,12.034304842397,0.802317836312644,2.15119341456515,1.99899168630452,11.851038666352,0.219688283580276,0.0443053576226376
1.7,126.574891915949,126,2.55786685908211,12.2126197146299,0.811837865852396,2.16071344410491,2.01805348352643,12.1035128239513,0.2254281204145,0.04446544227885
1.71666666666667,126.594186992291,126,2.55786685908211,12.2906541097089,0.806597253617528,2.15547283187004,2.0387996211079,12.3171502389403,0.21730815839558,0.0444446362457823
1.73333333333333,126.610866936149,126,2.55786685908211,12.3679930309201,0.796059489275999,1.34887557825251,2.05826739901058,12.4764195630157,0.208093270277143,0.0440790230918899
1.75,126.624787117616,125,1.55786685908211,12.4161089868987,0.796958733339845,1.34887557825251,2.07382514960738,12.6093825111365,0.214625763038226,0.0434962342980595
1.76666666666667,126.635805672612,125,1.55786685908211,12.3163572105818,0.792346225569608,1.34887557825251,2.08878053078468,12.717177809448,0.218116767773157,0.0426807468015474
1.78333333333333,126.64378762594,124,0.557866859082111,12.1742401680586,0.790695786839818,1.34887557825251,2.09937867088436,12.7559231289575,0.232441447497092,0.0413136828340345
1.8,126.648608617474,124,0.557866859082111,11.901335891357,0.772812413918599,1.34887557825251,2.1098091604364,12.7361138062355,0.235237314545239,0.0394576601142128
1.81666666666667,126.650157279269,123,-0.442133140917889,11.6021398439315,0.732826828628599,1.34887557825251,2.12007465019124,12.6206161777507,0.222454513919461,0.0369415533456707
1.83333333333333,126.648336617694,123,-0.442133140917889,11.1872534770749,0.676249587373826,1.34887557825251,2.13017774900922,12.4233367927168,0.197634906529453,0.0339676843985455
1.85,126.64306468956,123,-0.442133140917889,10.7602275996705,0.600340054866871,1.34887557825251,2.14012102452218,12.1214559888465,0.158842674175956,0.0304651191955508
1.86666666666667,126.634274770692,122,-1.44213314091789,10.3244928959092,0.512528874349083,1.34887557825251,2.14990700378472,11.7390701723339,0.110948301220429,0.0266937448125771
1.88333333333333,126.621915162984,122,-1.44213314091789,9.78940834407726,0.41865411563132,1.34887557825251,2.15953817391503,11.2963464568152,0.0578235462402719,0.0228528435664219
1.9,126.605948746872,121,-2.44213314091789,9.25733704818211,0.315685322249952,1.34887557825251,2.16901698272575,10.774108685737,-0.00255501002306642,0.0188485020283725
1.91666666666667,126.586352358783,121,-2.44213314091789,8.63683586988748,0.210357028232233,1.34887557825251,2.17834583934482,10.1981630350273,-0.0656854622310523,0.0149052194772969
1.93333333333333,126.563116053051,120,-3.44213314091789,8.02949932337593,0.10001854328581,1.34887557825251,2.18752711482647,9.55301473010322,-0.133301963465756,0.0109366817300925
1.95,126.536242292834,120,-3.44213314091789,7.34314934659974,-0.00857671229249563,1.34887557825251,2.19656314275265,8.86667797165492,-0.200854350629745,0.00716302543850307
1.96666666666667,126.505745103302,120,-3.44213314091789,6.67867915411555,-0.118302835009891,1.34887557825251,2.20545621982494,8.12477335877356,-0.270193072424302,0.00348586800835767
1.98333333333333,126.47164921172,120,-3.44213314091789,6.03698358349811,-0.22278289433541,1.34887557825251,2.21420860644707,7.35563529491353,-0.336990903758534,0.000108730269382888
2,126.433989192478,120,-3.44213314091789,5.41874753916758,-0.317809805396286,1.34887557825251,2.22282252729829,6.5806115009853,-0.3983250718746,-0.00284226847304286
2.01666666666667,126.392808630072,119,-4.44213314091789,4.82446549262191,-0.400823467795806,1.34887557825251,2.23130017189773,5.81550873719877,-0.452347572186918,-0.0052988107163692
2.03333333333333,126.34815930914,119,-4.44213314091789,4.16071901866497,-0.470496132499074,1.34887557825251,2.23964369515971,5.07176291924037,-0.498022576560119,-0.00723495537802412
2.05,126.300100437739,119,-4.44213314091789,3.5272490263913,-0.533950013180282,1.34887557825251,2.24785521794043,4.32141232335964,-0.539977821244557,-0.00889844054077033
2.06666666666667,126.248697907776,119,-4.44213314091789,2.92388219543889,-0.588097212635972,1.34887557825251,2.25593682757597,3.58169695198607,-0.576060157958177,-0.01019886507991
2.08333333333333,126.194023594827,119,-4.44213314091789,2.35031552051104,-0.631241726966968,1.34887557825251,2.26389057841177,2.86493288804667,-0.605028961421684,-0.0110940973248144
2.1,126.136154698319,119,-4.44213314091789,1.80613194122061,-0.66270645692097,1.34887557825251,2.27171849232378,2.17960259529236,-0.626318809754507,-0.0115765259577178
2.11666666666667,126.075173122112,120,-3.44213314091789,1.29081483136118,-0.682542308758136,1.34887557825251,2.27942255923141,1.53122824499829,-0.639853408422689,-0.011662440257083
2.13333333333333,126.011164894865,120,-3.44213314091789,0.897502178966811,-0.691303106462867,1.34887557825251,2.28700473760231,0.923068627322092,-0.645900727125189,-0.0113839060000034
2.15,125.94421962907,120,-3.44213314091789,0.525943889620494,-0.682328460865936,1.34887557825251,2.29446695494925,0.392644185002106,-0.639901664464921,-0.0105392605645689
2.16666666666667,125.874430017347,120,-3.44213314091789,0.175602794547724,-0.660016888488226,1.34887557825251,2.30181110831911,-0.0716643978188031,-0.624665037384328,-0.00929099945164239
2.18333333333333,125.801891364368,120,-3.44213314091789,-0.154104447174951,-0.627926890615443,1.34887557825251,2.30903906477416,-0.479536574105354,-0.602481300076612,-0.0077688310357123
2.2,125.72670115266,120,-3.44213314091789,-0.463799437222978,-0.588924741149838,1.34887557825251,2.31615266186579,-0.83904602517563,-0.575212243077234,-0.00607557515454638
2.21666666666667,125.648958640479,120,-3.44213314091789,-0.754134800052288,-0.545307033883613,1.34887557825251,2.32315370810063,-1.15693767645507,-0.544365483286662,-0.00429204520724172
2.23333333333333,125.568764489964,121,-2.44213314091789,-1.02578758067988,-0.498902235141539,1.34887557825251,2.3300439833995,-1.43885721616791,-0.511156294590507,-0.00248108549867701
2.25,125.486220423757,121,-2.44213314091789,-1.18571246294836,-0.451154782353334,1.34887557825251,2.33682523954892,-1.68954111517064,-0.476558906140944,-0.000690906946097515
2.26666666666667,125.40142890837,121,-2.44213314091789,-1.33419139256617,-0.395650075805221,1.34887557825251,2.34349920064566,-1.87700258223818,-0.43628953897116,0.00128552194749306
2.28333333333333,125.314492862627,121,-2.44213314091789,-1.47173904064223,-0.336575877087068,1.34887557825251,2.35006756353412,-2.01650088403928,-0.393122116830619,0.00330574126298421
2.3,125.225515389569,121,-2.44213314091789,-1.59886793600443,-0.276968591775955,1.34887557825251,2.35653199823692,-2.11991353127062,-0.34909569736107,0.00526952772648465
2.31666666666667,125.134599530319,121,-2.44213314091789,-1.71608616908433,-0.218971934994499,1.34887557825251,2.36289414837865,-2.19642819253869,-0.305676283046738,0.00710907011955781
2.33333333333333,125.041848038476,120,-3.44213314091789,-1.82389536796127,-0.164043125008334,1.34887557825251,2.3691556316029,-2.2531016487553,-0.263886218088288,0.00878117855264304
2.35,124.947363173667,120,-3.44213314091789,-2.01652970545531,-0.113116588454416,1.34887557825251,2.37531803998275,-2.29531015592401,-0.224407284445041,0.0102611352879911
2.36666666666667,124.851246513014,120,-3.44213314091789,-2.19489929854108,-0.0742779488395763,1.34887557825251,2.38138294042474,-2.36308251673639,-0.1927220089075,0.0112945045719139
2.38333333333333,124.753598779311,120,-3.44213314091789,-2.35967851192589,-0.0444619145628359,1.34887557825251,2.38735187506651,-2.44755049147519,-0.166897821181068,0.0119958288912092
2.4,124.6545196848,120,-3.44213314091789,-2.51153528710526,-0.0213330753250994,1.34887557825251,2.39322636166812,-2.54191522858762,-0.14545959485774,0.0124521121272906
2.41666666666667,124.554107789506,120,-3.44213314091789,-2.65112854578184,-0.00312823837495934,1.34887557825251,2.39900789399717,-2.64102782119816,-0.127291665445805,0.0127288632669592
2.43333333333333,124.452460373157,120,-3.44213314091789,-2.77910592080305,0.0114698286854726,1.34887557825251,2.40469794220793,-2.74104898331921,-0.11155919254421,0.0128749176346145
2.45,124.349673319773,120,-3.44213314091789,-2.89610179012011,0.0234331410734199,1.34887557825251,2.41029795321437,-2.83917358275333,-0.0976452652627398,0.012926267911686
2.46666666666667,124.245841014088,120,-3.44213314091789,-3.00273559044573,0.0334685602762474,1.34887557825251,2.41580935105739,-2.93340825623557,-0.0851007925054436,0.0129090950833656
2.48333333333333,124.141056248979,120,-3.44213314091789,-3.09961038844906,0.0420811377770474,1.34887557825251,2.42123353726619,-3.02239239759938,-0.0736047511536993,0.0128421547057527
2.5,124.035410143198,120,-3.44213314091789,-3.18731168847097,0.0496239775118854,1.34887557825251,2.42657189121399,-3.10525452221745,-0.0629328042563756,0.0127386452599936
2.51666666666667,123.928992068673,120,-3.44213314091789,-3.26640645686561,0.056337260742138,1.34887557825251,2.43182577046806,-3.18149742965801,-0.0529326637039883,0.0126076618056927
2.53333333333333,123.821889586749,119,-4.44213314091789,-3.33744234417394,0.062378587354738,1.34887557825251,2.43699651113429,-3.25090676070399,-0.0435048705793618,0.0124553187911799
2.55,123.714188392756,119,-4.44213314091789,-3.49468786596917,0.0678463849941775,1.34887557825251,2.44208542819627,-3.31347851577945,-0.0345879123134868,0.0122856099972135
2.56666666666667,123.605972268322,119,-4.44213314091789,-3.63907690574145,0.0652532031858412,1.34887557825251,2.44709381584908,-3.40533314444607,-0.0312063009855511,0.0118576982798792
2.58333333333333,123.497323040904,119,-4.44213314091789,-3.77129805387902,0.0579430975207021,1.34887557825251,2.45202294782772,-3.51483137485375,-0.0311814425290544,0.0112888677882126
2.6,123.388320592883,119,-4.44213314091789,-3.8920249063673,0.0483004368623464,1.34887557825251,2.4568740777304,-3.63327456275209,-0.032946921522213,0.010661285963927
2.61666666666667,123.279045812292,119,-4.44213314091789,-4.00191437447346,0.0379768348044411,1.34887557825251,2.46164843933677,-3.754274192533,-0.035406004522234,0.0100305559660771
2.63333333333333,123.169581762596,119,-4.44213314091789,-4.10160526100626,0.0280701216516721,1.34887557825251,2.46634724692103,-3.8732458529514,-0.0378188876514662,0.00943242266836902
2.65,123.060008658546,119,-4.44213314091789,-4.19171708112411,0.0192652075921657,1.34887557825251,2.47097169556015,-3.9870032854972,-0.0397136371933599,0.00888801737880849
2.66666666666667,122.950403585653,119,-4.44213314091789,-4.27284910685802,0.0119439674611573,1.34887557825251,2.47552296143725,-4.09343470870791,-0.0408164351843363,0.00840791929981397
2.68333333333333,122.840840667613,119,-4.44213314091789,-4.34557961568247,0.00627048985488758,1.34887557825251,2.48000220214011,-4.19124547098259,-0.0409972204850268,0.00799528041293807
2.7,122.731391208142,119,-4.44213314091789,-4.41046532460385,0.00225666163650065,1.34887557825251,2.48441055695503,-4.27975441810906,-0.0402276549327132,0.00764820648786342
2.71666666666667,122.622123812362,119,-4.44213314091789,-4.4680409923399,-0.000187859020218218,1.34887557825251,2.48874914715603,-4.35873359611527,-0.0385489060290794,0.0073615508234296
2.73333333333333,122.513104491917,119,-4.44213314091789,-4.51881917323339,-0.00121800535323019,1.34887557825251,2.49301907628947,-4.42828281584559,-0.0360472142685527,0.00712824683481742
2.75,122.404396757118,119,-4.44213314091789,-4.56329010757723,-0.00102536034599867,1.34887557825251,2.49722143045422,-4.48873217427074,-0.0328356034871567,0.00694028073528304
2.76666666666667,122.296061698798,119,-4.44213314091789,-4.6019217340246,0.000182210868996224,1.34887557825251,2.50135727857731,-4.54056691694985,-0.0290404116288377,0.00678938532390543
2.78333333333333,122.188158061974,119,-4.44213314091789,-4.63515981071708,0.00219505369035402,1.34887557825251,2.50542767268534,-4.58437008450536,-0.02479157962774,0.00666751945580682
2.8,122.080742313032,119,-4.44213314091789,-4.66342813268356,0.00481169765896886,1.34887557825251,2.50943364817152,-4.62077925354359,-0.0202158480860753,0.00656718445454837
2.81666666666667,121.973868701743,118,-5.44213314091789,-4.68712883394456,0.00784538844399722,1.34887557825251,2.51337622405856,-4.65045439245777,-0.0154321836959177,0.00648161796321753
2.83333333333333,121.8675893192,118,-5.44213314091789,-4.8003835421618,0.0111280304273081,1.34887557825251,2.51725640325732,-4.67405443262679,-0.0105488970302836,0.00640489705523067
2.85,121.761954152491,118,-5.44213314091789,-4.90397875596063,0.0069676067183162,1.34887557825251,2.52107517282147,-4.72819186925597,-0.0107215292957565,0.00608861315408488
2.86666666666667,121.657011136785,118,-5.44213314091789,-4.99845596549675,-0.00144734383255996,1.34887557825251,2.52483350419804,-4.80158198869512,-0.0138717161544606,0.00564432637884445
2.88333333333333,121.552806205323,117,-6.44213314091789,-5.08434264615116,-0.0118493548155415,1.34887557825251,2.52853235347411,-4.88577063301469,-0.0185089529776838,0.00514992680158569
2.9,121.44938333773,117,-6.44213314091789,-5.25589196119101,-0.0226736569493639,1.34887557825251,2.53217266161951,-4.97452653114273,-0.0235934252213381,0.0046578597550227
2.91666666666667,121.346784606955,117,-6.44213314091789,-5.41402681478351,-0.040430435724386,1.34887557825251,2.53575535472573,-5.09932457265584,-0.0334868987740245,0.00395821776200497
2.93333333333333,121.245050225056,117,-6.44213314091789,-5.55942876855477,-0.0611656811904029,1.34887557825251,2.53928134424106,-5.24511586695457,-0.0455866912128638,0.00318623859472858
2.95,121.14421858804,116,-7.44213314091789,-5.69276794440826,-0.0821568766197887,1.34887557825251,2.54275152720202,-5.40075142097759,-0.058080402110829,0.00243260754698947
2.96666666666667,121.044326319861,116,-7.44213314091789,-5.90844174249441,-0.101611775248739,1.34887557825251,2.5461667864611,-5.55813143062265,-0.0697560959161087,0.0017547412537551
2.98333333333333,120.94540831569,115,-8.44213314091789,-6.10751800900558,-0.125976307069568,1.34887557825251,2.54952799091093,-5.7474950448789,-0.0849121013702869,0.000942234437843587
3,120.847497784526,115,-8.44213314091789,-6.38456393907854,-0.1513458411672,1.34887557825251,2.55283599570494,-5.95303700784759,-0.100959143479023,0.000126153961941759
3.01666666666667,120.750626291191,115,-8.44213314091789,-6.64082021134037,-0.182667626572308,1.34887557825251,2.55609164247442,-6.19918153113676,-0.121210116403975,-0.000852666946196171
3.03333333333333,120.654823797748,114,-9.44213314091789,-6.87728792817672,-0.21500715676353,1.34887557825251,2.55929575954233,-6.46579722343759,-0.14239121498058,-0.0018288742367358
3.05,120.560118704354,114,-9.44213314091789,-7.18869752750081,-0.245091489845086,1.34887557825251,2.56244916213356,-6.73817669331963,-0.162300043459256,-0.00269664615073446
3.06666666666667,120.466537889568,113,-10.4421331409179,-7.47645008260706,-0.27843402443142,1.34887557825251,2.56555265258196,-7.04180315352837,-0.184599753881038,-0.00363741355672576
3.08333333333333,120.374106750108,112,-11.4421331409179,-7.83544453978447,-0.310602323470944,1.34887557825251,2.56860702053409,-7.3575486459006,-0.206330227502614,-0.00450525177960021
3.1,120.282849240065,112,-11.4421331409179,-8.26099115492098,-0.346308930849601,1.34887557825251,2.57161304314975,-7.7076145085191,-0.230626755464827,-0.00545448427662805
3.11666666666667,120.192787909558,111,-12.4421331409179,-8.65484206993616,-0.388136125621678,1.34887557825251,2.57457148529932,-8.10645298135305,-0.259235487798857,-0.0065651517635921
3.13333333333333,120.103943942835,111,-12.4421331409179,-9.11224871184073,-0.429609396402378,1.34887557825251,2.577483099758,-8.52669847142229,-0.287848600182827,-0.0076222252113508
3.15,120.016337195807,110,-13.4421331409179,-9.53513255719376,-0.47407350222424,1.34887557825251,2.58034862739697,-8.98450513418992,-0.318687811907045,-0.00873514758161502
3.16666666666667,119.929986232999,110,-13.4421331409179,-10.0189098650992,-0.515703524717558,1.34887557825251,2.58316879737158,-9.4540135783933,-0.347853527657562,-0.00971363235771471
3.18333333333333,119.844908363924,109,-14.4421331409179,-10.465662118861,-0.558394398254572,1.34887557825251,2.58594432730646,-9.9527060456666,-0.377916006780991,-0.0106877983532727
3.2,119.761119678859,109,-14.4421331409179,-10.970960495176,-0.596784263482789,1.34887557825251,2.58867592347786,-10.4558902014686,-0.405271555360605,-0.011484503776564
3.21666666666667,119.678635084019,108,-15.4421331409179,-11.4370360958546,-0.63515514561476,1.34887557825251,2.59136428099292,-10.9820706031597,-0.432740135978981,-0.0122479613866751
3.23333333333333,119.597468336125,108,-15.4421331409179,-11.9596042561136,-0.668466342560731,1.34887557825251,2.5940100839663,-11.5074477978229,-0.456927399426081,-0.0128165008115178
3.25,119.517632076362,107,-16.4421331409179,-12.4410346598814,-0.701264080788147,1.34887557825251,2.59661400569387,-12.0513040089347,-0.480827554626462,-0.0133435634069948
3.26666666666667,119.439137863703,107,-16.4421331409179,-12.9771755718864,-0.728722891168995,1.34887557825251,2.59917670882376,-12.5905153155685,-0.501190110848351,-0.0136747995041314
3.28333333333333,119.361996207631,106,-17.4421331409179,-13.4705239129618,-0.755562335831724,1.34887557825251,2.60169884552462,-13.1449492768791,-0.521126943560062,-0.0139693572724953
3.3,119.286216600218,106,-17.4421331409179,-14.0170494845879,-0.777094613857409,1.34887557825251,2.60418105765129,-13.6919879297722,-0.537482756012715,-0.0140772368507914
3.31666666666667,119.211807547592,106,-17.4421331409179,-14.5193650656089,-0.798146842055784,1.34887557825251,2.60662397690784,-14.2519353781666,-0.553445482104736,-0.0141608061720304
3.33333333333333,119.138776600742,105,-18.4421331409179,-14.9798099053162,-0.791978684186755,1.34887557825251,2.60449770820606,-14.7910019532558,-0.5411473091831,-0.0140839386879426
3.35,119.067130385742,105,-18.4421331409179,-15.4944157313212,-0.772845145579887,0.576030432672623,2.60087332504142,-15.2817163498229,-0.517047668234951,-0.0138312931131324
3.36666666666667,118.996874676859,105,-18.4421331409179,-15.9927129081437,-0.72414511428333,0.62473046396918,2.59067212015938,-15.7519912379587,-0.458799770293854,-0.0136860143509161
3.38333333333333,118.928015538612,104,-19.4421331409179,-16.4990126113183,-0.683140446237155,0.665735132015355,2.58119151443452,-16.188285786014,-0.407708170294769,-0.0136931173215517
3.4,118.86056265964,104,-19.4421331409179,-17.1005774811003,-0.652366272939734,0.696509305312775,2.57228250299182,-16.61214203178,-0.365149166485058,-0.0139518685377704
3.41666666666667,118.794532429385,104,-19.4421331409179,-17.6926757737663,-0.639263974850338,0.709611603402171,2.56370878983108,-17.0712853505412,-0.335628008891387,-0.014730354630359
3.43333333333333,118.729949688443,104,-19.4421331409179,-18.2718988200083,-0.639030866624839,0.709844711627671,2.55522020747714,-17.5585443785387,-0.315484661325517,-0.0158945902886858
3.45,118.666848510865,104,-19.4421331409179,-18.8363305967504,-0.64753214798297,0.70134343026954,2.5466410820932,-18.0653932396124,-0.301642824244875,-0.0173253475651535
3.46666666666667,118.605272478525,104,-19.4421331409179,-19.3850849226942,-0.661462045265002,0.687413532987508,2.53785758980251,-18.5834872845412,-0.291691952445244,-0.0189247541480771
3.48333333333333,118.545274674135,104,-19.4421331409179,-19.9179398942726,-0.678341366913883,0.670534211338626,2.52880387962478,-19.1054963703443,-0.283858962459865,-0.0206175900433657
3.5,118.486917504749,103,-20.4421331409179,-20.4350662472178,-0.696424880557028,0.652450697695481,2.51944904657602,-19.6254575842864,-0.276922075932316,-0.0223495096275421
3.51666666666667,118.430272513449,103,-20.4421331409179,-21.0305782216814,-0.714569052332345,0.634306525920164,2.50978601313472,-20.1388231495543,-0.270102183235959,-0.0240837597275393
3.53333333333333,118.375420340339,103,-20.4421331409179,-21.6053545449151,-0.739315264901289,0.609560313351221,2.49975713439428,-20.6781933738204,-0.267653347745645,-0.0260408866767574
3.55,118.322450761597,103,-20.4421331409179,-22.1603051589291,-0.766596456177084,0.582279122075425,2.48929129568217,-21.229018058541,-0.266744442773989,-0.028093553511384
3.56666666666667,118.271462907064,104,-19.4421331409179,-22.6966547740303,-0.793836524347745,0.555039053904764,2.47837215085233,-21.7805035539465,-0.265633297975853,-0.0301584274791544
3.58333333333333,118.222565894494,104,-19.4421331409179,-23.1219317490085,-0.819571351112957,0.529304227139553,2.46701652801166,-22.3251267532705,-0.263375108301515,-0.032185758779902
3.6,118.175880026911,104,-19.4421331409179,-23.536872197353,-0.835893686467184,0.512981891785325,2.45532432857097,-22.8221499173665,-0.254873478257016,-0.0339064580732915
3.61666666666667,118.131538981073,104,-19.4421331409179,-23.942010790403,-0.846348447951864,0.502527130300645,2.44342418195031,-23.2810760260937,-0.242703003530726,-0.0354257917053964
3.63333333333333,118.08969371843,104,-19.4421331409179,-24.3373433121424,-0.853520009510887,0.495355568741623,2.43139387210655,-23.7099408758788,-0.228706646834694,-0.0368222293689793
3.65,118.050520004436,104,-19.4421331409179,-24.7225976614884,-0.85917930965107,0.489696268601439,2.4192751181751,-24.1151097096722,-0.214121287076868,-0.0381508515180813
3.66666666666667,118.014234537593,105,-18.4421331409179,-25.0974151946331,-0.864454913349898,0.484420664902611,2.40708567451727,-24.5013513297978,-0.199713910080651,-0.0394478175886682
3.68333333333333,117.981122183209,105,-18.4421331409179,-25.3677215322914,-0.869998429816047,0.478877148436462,2.3948286141606,-24.8720572683129,-0.185908650313175,-0.0407349271251559
3.7,117.951523849925,105,-18.4421331409179,-25.6328421611387,-0.868905747927853,0.479969830324657,2.38256459060687,-25.1936577419048,-0.168195176705174,-0.0417802699040001
3.71666666666667,117.925782301793,106,-17.4421331409179,-25.8921871895072,-0.864998482392782,0.483877095859728,2.37037267969673,-25.4799870182549,-0.149235282592583,-0.0427032160736189
3.73333333333333,117.904208461306,106,-17.4421331409179,-26.0511917530198,-0.860704912414147,0.488170665838363,2.35828035029121,-25.7413900101392,-0.130672374595101,-0.0435820526274673
3.75,117.887068150518,107,-16.4421331409179,-26.2086170454709,-0.850194388163194,0.498681190089315,2.3463491754657,-25.9493316601392,-0.108706395919131,-0.04422036538436
3.76666666666667,117.874579867502,107,-16.4421331409179,-26.2696037910541,-0.837854242355198,0.511021335897311,2.33464570931366,-26.1210798558025,-0.0863486970339157,-0.0447575133162971
3.78333333333333,117.866918069238,108,-15.4421331409179,-26.3324639436967,-0.819112030944642,0.529763547307868,2.32324405661723,-26.2333041139143,-0.0606537676444414,-0.0450375483711821
3.8,117.864218818111,108,-15.4421331409179,-26.3018646370833,-0.799086520817243,0.549789057435266,2.31220693671162,-26.3069650043285,-0.0351085699471597,-0.0452244495644593
3.81666666666667,117.86658602286,109,-14.4421331409179,-26.2756937484387,-0.773564309286018,0.575311268966491,2.30159569896363,-26.3211929229401,-0.00698045858976485,-0.0451754219335725
3.83333333333333,117.874097479825,110,-13.4421331409179,-26.1582782830033,-0.74777725931317,0.601098318939339,2.29145649522756,-26.2984673867301,0.0202002274277529,-0.045059815938789
3.85,117.886810153072,110,-13.4421331409179,-25.9535180177073,-0.717476166446249,0.631399411806261,2.28183354806695,-26.2187591098471,0.0492219577025118,-0.0447353213478371
3.86666666666667,117.904764345722,111,-12.4421331409179,-25.758893493255,-0.680555477138536,0.668320101113973,2.27282275025841,-26.0690698210253,0.0813591659357563,-0.0441255665197733
3.88333333333333,117.927987066793,112,-11.4421331409179,-25.4781900123783,-0.643562328991774,0.705313249260736,2.26447657479824,-25.8776945856742,0.112200357377941,-0.0434428404852392
3.9,117.956494651399,113,-10.4421331409179,-25.1147671092668,-0.602978614342325,0.745896963910184,2.25682876030533,-25.6286587716818,0.144070431942554,-0.0425700625817336
3.91666666666667,117.990294781443,113,-10.4421331409179,-24.6718991022651,-0.55702538541487,0.791850192837639,2.24995609198146,-25.3116136468228,0.178063542894716,-0.0414435271642668
3.93333333333333,118.029387896829,114,-9.44213314091789,-24.2463256770677,-0.5050930767378,0.843782501514709,2.24395436053128,-24.9205898654761,0.214465225105153,-0.040036396156596
3.95,118.073768070788,115,-8.44213314091789,-23.7411294223045,-0.454519851770127,0.894355726482382,2.23885718899267,-24.4886920226144,0.248376037176743,-0.0385889683168344
3.96666666666667,118.123423479852,115,-8.44213314091789,-23.1590837655062,-0.402100358503597,0.946775219748912,2.2346705029572,-24.0030173061691,0.281965492160316,-0.0369971937732037
3.98333333333333,118.17833657466,116,-7.44213314091789,-22.5967626745885,-0.346068244224541,1.00280733402797,2.23144073219378,-23.4550070156944,0.316375055906725,-0.0352006871270943
4,118.238484035397,116,-7.44213314091789,-21.9572930129565,-0.292880766617601,1.05599481163491,2.22916906274728,-22.8754505136462,0.347346477462858,-0.0334136597435199
4.01666666666667,118.303836577508,117,-6.44213314091789,-21.3373495810878,-0.237188733188449,1.11168684506406,2.22785429486055,-22.2495644914305,0.377431856060641,-0.0315129574866812
4.03333333333333,118.374358658671,117,-6.44213314091789,-20.6403505602959,-0.185649023583279,1.16322655466923,2.22747760299124,-21.603276389644,0.403313577332551,-0.0296683373946325
4.05,118.450008126227,117,-6.44213314091789,-19.9633135809989,-0.13348580741266,1.21538977083985,2.22801116939362,-20.9181347408467,0.428259390026284,-0.0277269233363124
4.06666666666667,118.530735834864,118,-5.44213314091789,-19.303811463998,-0.0851675657852104,1.2637080124673,2.22942323598243,-20.2173694077654,0.449384335186092,-0.0258401746091495
4.08333333333333,118.616485256894,118,-5.44213314091789,-18.5659663833616,-0.0428735543858283,1.30600202386668,2.23162766061345,-19.5165906631663,0.465417299866176,-0.0240889940640031
4.1,118.707192101557,118,-5.44213314091789,-17.8477139102097,-5.07683655090931e-05,1.348824809887,2.2345808606566,-18.7897257616637,0.480825743786188,-0.0222630083389175
4.11666666666667,118.802783955179,118,-5.44213314091789,-17.1475145126455,0.0398233204262141,1.38869889867872,2.23825806531578,-18.0547361705438,0.493361970370522,-0.0204799887319628
4.13333333333333,118.903179950405,118,-5.44213314091789,-16.4639916011154,0.0750170342449011,1.42389261249741,2.24259187122824,-17.3238338396378,0.50201102203332,-0.0188040043687726
4.15,119.00829047286,118,-5.44213314091789,-15.7961008396312,0.104958894295862,1.34887557825251,2.24749625925876,-16.6048032632005,0.506558132843733,-0.0172624552300759
4.16666666666667,119.118016982372,118,-5.44213314091789,-15.1468275502651,0.139813953942372,1.34887557825251,2.25082856599874,-15.8974713864728,0.518489487980879,-0.0158647431968313
4.18333333333333,119.232252160617,118,-5.44213314091789,-14.5199374367915,0.17084223083645,1.34887557825251,2.2541866800311,-15.2022894244651,0.528326531509866,-0.0146351629713839
4.2,119.350880438336,118,-5.44213314091789,-13.9160849944961,0.197139877133254,1.34887557825251,2.25756889579228,-14.5249288453981,0.535410951630944,-0.013597263722943
4.21666666666667,119.47377866451,118,-5.44213314091789,-13.3357396821109,0.21820751208469,1.34887557825251,2.26097355612336,-13.8696717178204,0.539350912409596,-0.0127606356378458
4.23333333333333,119.600816802639,118,-5.44213314091789,-12.7792037719074,0.233856927615116,1.34887557825251,2.2643990511507,-13.2396540816342,0.539962176220394,-0.0121244169381198
4.25,119.73185863456,119,-4.44213314091789,-12.2466290794621,0.244134767239737,1.34887557825251,2.26784381719011,-12.6370713013394,0.537219626197508,-0.0116801311781907
4.26666666666667,119.866762458961,119,-4.44213314091789,-11.6442918340684,0.249260461083068,1.34887557825251,2.27130633567411,-12.0633509677783,0.531217559984697,-0.011413965514743
4.28333333333333,120.005381774846,119,-4.44213314091789,-11.0716623503043,0.257120703584852,1.34887557825251,2.27478513210179,-11.4833269013461,0.527196864804611,-0.0110652216595499
4.3,120.147565942808,119,-4.44213314091789,-10.5283290123044,0.26482544650183,1.34887557825251,2.27827877501084,-10.90920024092,0.52323842694701,-0.0107302075385615
4.31666666666667,120.293160819106,119,-4.44213314091789,-10.01378047413,0.270477301248427,1.34887557825251,2.28178587497128,-10.3499060194035,0.518063947488136,-0.0104697497045945
4.33333333333333,120.442009359189,119,-4.44213314091789,-9.52741905310699,0.272927135222539,1.34887557825251,2.28530508360054,-9.81180125748482,0.510881668044962,-0.0103183292074629
4.35,120.593952188638,120,-3.44213314091789,-9.06857308954194,0.271580932607969,1.34887557825251,2.28883509259931,-9.29922126987522,0.5012639218637,-0.010291245150023
4.36666666666667,120.748828140463,120,-3.44213314091789,-8.54276754590753,0.266248100295118,1.34887557825251,2.29237463280793,-8.81492809771887,0.489050486792693,-0.0103901909560589
4.38333333333333,120.906474758472,120,-3.44213314091789,-8.0487895163178,0.264567780095337,1.34887557825251,2.29592247328273,-8.32449955890364,0.479332300325092,-0.0103641954959997
4.4,121.066728766963,120,-3.44213314091789,-7.58560816648911,0.263513537004282,1.34887557825251,2.29947742039208,-7.84045704010661,0.470112029968764,-0.0103153736903834
4.41666666666667,121.229426507403,120,-3.44213314091789,-7.1521530147034,0.261124628329919,1.34887557825251,2.30303831693161,-7.371760275558,0.460080373395334,-0.0103078076467661
4.43333333333333,121.394404343046,121,-2.44213314091789,-6.74732353637587,0.256233691193217,1.34887557825251,2.30660404125838,-6.92459310853844,0.448443752473406,-0.0103776732152238
4.45,121.56149903265,121,-2.44213314091789,-6.27625709153596,0.248253573210461,1.34887557825251,2.31017350644338,-6.50299335752795,0.434788848397204,-0.0105411050770227
4.46666666666667,121.730548074569,121,-2.44213314091789,-5.83739185013567,0.244556231330317,1.34887557825251,2.31374565944233,-6.07338463340313,0.424036290438193,-0.0105568932017665
4.48333333333333,121.901390022583,122,-1.44213314091789,-5.4293842385935,0.241941133980588,1.34887557825251,2.31731948028402,-5.64881585333373,0.414078174209874,-0.0105335684877679
4.5,122.073864774887,122,-1.44213314091789,-4.95714404194374,0.238339009199079,1.34887557825251,2.3208939812762,-5.23854289452667,0.403536818137417,-0.0105392894546586
4.51666666666667,122.247813837632,122,-1.44213314091789,-4.518896765838,0.240063484043966,1.34887557825251,2.32446820622842,-4.81291017329206,0.396638746291263,-0.0103693552027983
4.53333333333333,122.423080564456,123,-0.442133140917889,-4.11310050758501,0.243178767974228,1.34887557825251,2.32804122969155,-4.38787120632174,0.390788941779653,-0.0101570839924916
4.55,122.599510373372,123,-0.442133140917889,-3.64448047476809,0.245124061372023,1.34887557825251,2.33161215621371,-3.97479539221132,0.384279609965061,-0.00998667121685889
4.56666666666667,122.776950942378,123,-0.442133140917889,-3.21109075944221,0.251903027464098,1.34887557825251,2.33518011961222,-3.5455293030028,0.381124852211681,-0.00966301614031827
4.58333333333333,122.95525238509,124,0.557866859082111,-2.81123062046352,0.259403057800865,1.34887557825251,2.33874428226118,-3.11706015422876,0.378604185841777,-0.00932438994539193
4.6,123.134267407678,124,0.557866859082111,-2.34947841549488,0.264982233873165,1.34887557825251,2.34230383439451,-2.70143574076224,0.374947434679508,-0.00905666668283626
4.61666666666667,123.313851448305,124,0.557866859082111,-1.92375279335619,0.274630072331112,1.34887557825251,2.34585799342406,-2.27091488935366,0.37415099908041,-0.00866419356882281
4.63333333333333,123.493862800294,125,1.55786685908211,-1.5322284016244,0.284264965112342,1.34887557825251,2.34940600327242,-1.84270079654934,0.373507314098776,-0.00828324330062461
4.65,123.674162628646,125,1.55786685908211,-1.07936925308787,0.291304751121389,1.34887557825251,2.35294713372028,-1.42891536688133,0.371279109815606,-0.00799682630432607
4.66666666666667,123.854614633844,125,1.55786685908211,-0.662989363514719,0.301815328822655,1.34887557825251,2.35648067976791,-1.00179171295802,0.371507749372963,-0.0076059844417217
4.68333333333333,124.035084990637,126,2.55786685908211,-0.281167917181693,0.311799277268421,1.34887557825251,2.36000596101055,-0.578439708863737,0.371536864355094,-0.007243544810104
4.7,124.215442518597,126,2.55786685908211,0.161717894919872,0.318760168775683,1.34887557825251,2.36352232102739,-0.170844752806692,0.369682430005759,-0.00698914012225206
4.71666666666667,124.395558835396,127,3.55786685908211,0.567932750640831,0.328846883491985,1.34887557825251,2.36702912678391,0.248921452209608,0.37003817971122,-0.00664063979726432
4.73333333333333,124.575308486705,127,3.55786685908211,1.03320930720305,0.338139419030475,1.34887557825251,2.37052576804726,0.663921882729528,0.369997279596733,-0.00632798818783796
4.75,124.754569055921,128,4.55786685908211,1.45992000253786,0.351756108372291,1.34887557825251,2.37401165681437,1.09831696544514,0.372980672438313,-0.00588490805667086
4.76666666666667,124.933221256362,128,4.55786685908211,1.94390286154696,0.365048604609001,1.34887557825251,2.37748622675273,1.53233637248542,0.375901843825301,-0.0054661749124853
4.78333333333333,125.111171389017,128,4.55786685908211,2.38763303814299,0.38263712607814,1.34887557825251,2.38094893265329,1.98804118895362,0.381849932018429,-0.0049220290128934
4.8,125.288434241467,129,5.55786685908211,2.79330762499783,0.399548675634055,1.34887557825251,2.38439924989551,2.44413469931043,0.387518697778289,-0.00441757338233255
4.81666666666667,125.465044699679,129,5.55786685908211,3.25681285694106,0.41266314936069,1.34887557825251,2.38783667392408,2.88562450936337,0.390801944338451,-0.0040522031507762
4.83333333333333,125.641020006011,130,6.55786685908211,3.68066408701368,0.42776528431028,1.34887557825251,2.39126071973728,3.33834128744828,0.395540372561618,-0.00363445831218815
4.85,125.816362987105,130,6.55786685908211,4.16083204947197,0.440758766127954,1.34887557825251,2.39467092138658,3.78394486932857,0.398997603444569,-0.00329849740988365
4.86666666666667,125.99106471367,131,7.55786685908211,4.59991485916126,0.456718212648348,1.34887557825251,2.39806683148728,4.24571707753774,0.404553184838659,-0.00287781294364394
4.88333333333333,126.165106699087,131,7.55786685908211,5.09396405542956,0.471041994058289,1.34887557825251,2.40144802074009,4.70339977529114,0.409140232350172,-0.00252402539282985
4.9,126.338462720598,131,7.55786685908211,5.54565641594723,0.488455639025437,1.34887557825251,2.40481407746325,5.17885239174703,0.415907923872453,-0.00208242831625069
4.91666666666667,126.5111003312,132,8.55786685908211,5.95737906730026,0.50412633042637,1.34887557825251,2.40816460713506,5.65078137648225,0.421634990068574,-0.00171221764707548
4.93333333333333,126.682982117614,132,8.55786685908211,6.42519701364643,0.515091631296182,1.34887557825251,2.4114992319466,6.10433959702992,0.424313684931294,-0.00150651827615702
4.95,126.854066749455,132,8.55786685908211,6.85179345817385,0.527298970228509,1.87617454848102,2.41481759036449,6.56559715069308,0.427888333814493,-0.00126765402968855
4.96666666666667,127.024309822549,133,9.55786685908211,7.25788672216563,0.494974077322354,1.84384965557486,2.42669353452589,6.99590312466309,0.382871810579844,-0.00110059082038822
4.98333333333333,127.193663735515,133,9.55786685908211,7.75453164053694,0.464884487336866,1.81376006558938,2.43802439651807,7.38231315030382,0.340887334804565,-0.000934790822072108
5,127.362075866778,133,9.55786685908211,8.23835153919217,0.447117218533702,1.79599279678621,2.4489371406562,7.77859270040667,0.308393701797599,-0.000425226521558366
5.01666666666667,127.529487090201,133,9.55786685908211,8.70669966162446,0.438950685487185,1.78782626373969,2.45961190386421,8.18330865966324,0.283236628043844,0.000356230168592008
5.03333333333333,127.695831233699,133,9.55786685908211,9.15805332891274,0.437789975670955,1.78666555392347,2.47018437497726,8.59291806276331,0.263430980405358,0.00133749081840483
5.05,127.861035020874,133,9.55786685908211,9.59171475663333,0.441400558869207,1.79027613712172,2.4807500155869,9.00313529050825,0.247306886018296,0.00245441795580998
5.06666666666667,128.025018275789,133,9.55786685908211,10.0075573107589,0.447997626387803,1.79687320464031,2.49137090307931,9.40977291372968,0.233555535792044,0.00365446620018709
5.08333333333333,128.187694305073,133,9.55786685908211,10.4058246782162,0.456245745805009,1.80512132405752,2.50208326647333,9.80919847975516,0.2212144782722,0.00489741854906312
5.1,128.348970397773,132,8.55786685908211,10.786981248986,0.465208966624303,1.81408454487681,2.5129045717951,10.1985283159005,0.209621086574849,0.00615443499296069
5.11666666666667,128.508748399315,132,8.55786685908211,11.0578663416319,0.474279036895674,1.82315461514818,2.52383957457333,10.575654326395,0.198353569974422,0.00740627272492465
5.13333333333333,128.666925327521,132,8.55786685908211,11.3186803287535,0.475876642241662,1.82475222049417,2.53481957224792,10.9033162384319,0.182472039787138,0.00839778593301328
5.15,128.823394007109,132,8.55786685908211,11.5696023293691,0.473546654298805,1.82242223255131,2.54574969205441,11.1930774946029,0.164486596320495,0.00923754989144216
5.16666666666667,128.978043705489,131,7.55786685908211,11.8104462017172,0.469692113436012,1.81856769168852,2.55658428099699,11.4540600283337,0.146059538116386,0.0100011573241197
5.18333333333333,129.130760757449,131,7.55786685908211,11.9471664358505,0.465822396057762,1.81469797431027,2.56730999130195,11.6930916501634,0.128201687972474,0.0107377651029038
5.2,129.281429169989,131,7.55786685908211,12.0790630937976,0.455566154231146,1.80444173248366,2.57786735493779,11.8791823250331,0.106753145481138,0.011233172750359
5.21666666666667,129.429931201309,131,7.55786685908211,12.2055207476714,0.443039295328069,1.79191487358058,2.58818526890023,12.0280162345551,0.0845559612205037,0.0116172177151977
5.23333333333333,129.576147910047,131,7.55786685908211,12.325718429007,0.430800044815586,1.7796756230681,2.59824769089485,12.1512077743634,0.0633189433135212,0.0119735386424244
5.25,129.71995967245,131,7.55786685908211,12.4388871377649,0.420265233222842,1.76914081147535,2.60807126127317,12.2569154532198,0.0439354167375499,0.0123511540514048
5.26666666666667,129.861246669443,131,7.55786685908211,12.5444455631822,0.412066315577076,1.76094189382959,2.61768936219708,12.3505620243445,0.0267488215327326,0.0127746826135978
5.28333333333333,129.999889416648,130,6.55786685908211,12.6420533712327,0.406332769943303,1.75520834819581,2.62714149300037,12.435533722083,0.0117601578448959,0.0132526839684334
5.3,130.13576941442,130,6.55786685908211,12.6378721468642,0.402904062596569,1.75177964084908,2.63646675511699,12.5137906346328,-0.00121961516798324,0.0137840395015283
5.31666666666667,130.268769745668,130,6.55786685908211,12.6315933771478,0.394255924760384,1.74313150301289,2.64563476666106,12.5505014039607,-0.0171640074692454,0.0141190863938925
5.33333333333333,130.398775559589,130,6.55786685908211,12.6230576257032,0.383763341342392,1.7326389195949,2.65458787077154,12.5585079039617,-0.0337424833618907,0.0143642999526395
5.35,130.525674464983,130,6.55786685908211,12.6118896269289,0.373552083220781,1.72242766147329,2.66331380764902,12.5474542170003,-0.0495354869313951,0.0145892187041851
5.36666666666667,130.649356855412,130,6.55786685908211,12.5977140988976,0.3648237031542,1.71369928140671,2.67182768731384,12.5242325160828,-0.0637853086438408,0.01483542912474
5.38333333333333,130.76971625375,130,6.55786685908211,12.5802727703711,0.358137111672311,1.70701268992482,2.68015902055662,12.4935311296004,-0.076185341187953,0.0151246134995964
5.4,130.886649763492,131,7.55786685908211,12.5594738217331,0.353635067187142,1.70251064543965,2.68834297561878,12.4583785352859,-0.0867138185908262,0.0154651913355283
5.41666666666667,131.00005846119,131,7.55786685908211,12.6291392370324,0.351215212051434,1.70009079030394,2.69641493394213,12.4206249968808,-0.0955104971855034,0.0158574499936359
5.43333333333333,131.109847673196,131,7.55786685908211,12.6899318533962,0.357874370781343,1.70674994903385,2.70447302772007,12.4171955602144,-0.098091110255616,0.0165407322001287
5.45,131.215927164281,131,7.55786685908211,12.7426666155716,0.369624116844842,1.71849969509735,2.71263309369341,12.4363019761134,-0.0973126255481322,0.0173943929392607
5.46666666666667,131.318211260013,131,7.55786685908211,12.788599882163,0.383747217592672,1.73262279584518,2.72095552316114,12.4687988003541,-0.0950860758530542,0.018334407984483
5.48333333333333,131.416618915613,131,7.55786685908211,12.829142934061,0.398529683153553,1.74740526140606,2.7294641643722,12.508063041887,-0.0925897605912572,0.0193063685296214
5.5,131.511073669281,130,6.55786685908211,12.8656847136517,0.413001787424005,1.76187736567651,2.73816081397095,12.5496473900985,-0.0904680345831864,0.0202783348549245
5.51666666666667,131.601503411915,130,6.55786685908211,12.8057537306358,0.426712643690964,1.77558822194347,2.74703566841464,12.5908465244072,-0.0890001786391836,0.0212344010171681
5.53333333333333,131.687840151187,130,6.55786685908211,12.7500307423661,0.432325423645227,1.78120100189774,2.75600882733567,12.594404184292,-0.0929336581037046,0.0219259045734329
5.55,131.770019764651,130,6.55786685908211,12.6990006966452,0.433644624278883,1.78252020253139,2.76497839667841,12.5722170898207,-0.0995624966127456,0.0224688791177919
5.56666666666667,131.847981646317,130,6.55786685908211,12.6526436385416,0.433310609939206,1.78218618819172,2.77389581062761,12.5338794933551,-0.10705099401054,0.0229460375926919
5.58333333333333,131.921668406394,130,6.55786685908211,12.61071299602,0.433028477725506,1.78190405597802,2.78274836875039,12.4867067300371,-0.114249113702183,0.0234126259004897
5.6,131.991025677284,130,6.55786685908211,12.5729119429028,0.433797762893675,1.78267334114618,2.79154561705484,12.4359972732605,-0.120514717616463,0.0239026864956219
5.61666666666667,132.056001995884,130,6.55786685908211,12.5389939654054,0.436117254739416,1.78499283299193,2.8003093562356,12.3853977408565,-0.125559207718101,0.0244348572591538
5.63333333333333,132.116548738987,129,5.55786685908211,12.5088104488296,0.440153445558112,1.78902902381062,2.80906675694263,12.3372845475881,-0.129323145194911,0.0250172733719786
5.65,132.172620095324,129,5.55786685908211,12.3885829734517,0.445870281903621,1.79474586015613,2.8178459515735,12.29311265574,-0.131882171057175,0.0256514322225489
5.66666666666667,132.224173062294,129,5.55786685908211,12.2779509636858,0.445900403738052,1.79477598199056,2.82660792152091,12.2178486171865,-0.138079637678677,0.0260915999092788
5.68333333333333,132.271167458638,129,5.55786685908211,12.176613085709,0.443774197882188,1.7926497761347,2.8352889450307,12.1242891465737,-0.145460961210193,0.0264483928111298
5.7,132.313565946597,129,5.55786685908211,12.0839836535285,0.441752809312438,1.79062838756495,2.84387307828887,12.022090969599,-0.15250051381996,0.0267950701930552
5.71666666666667,132.35133405878,128,4.55786685908211,11.9994270208574,0.44114518373405,1.79002076198656,2.85237372166167,11.9181546216231,-0.158356968320722,0.0271762153774989
5.73333333333333,132.384440226241,128,4.55786685908211,11.8286489658312,0.442588411374156,1.79146398962667,2.86082017118667,11.8171378883257,-0.162662455796017,0.0276156956118983
5.75,132.412855805218,128,4.55786685908211,11.6708128713753,0.439054039640205,1.78792961789271,2.86918285060372,11.6861252502232,-0.170053265995544,0.0278798860332031
5.76666666666667,132.436555100724,127,3.55786685908211,11.5252141640646,0.434188709129113,1.78306428738162,2.87741115743238,11.5391964356311,-0.178021721689706,0.0280844938974869
5.78333333333333,132.455515385746,127,3.55786685908211,11.2972057409687,0.4302334423868,1.77910902063931,2.88550298567744,11.3866861857888,-0.185080453362177,0.0283034181258319
5.8,132.469716915201,127,3.55786685908211,11.0854833188379,0.421180651603882,1.77005622985639,2.8934190098062,11.1999024738102,-0.195172595066575,0.0283358819595299
5.81666666666667,132.479142937319,126,2.55786685908211,10.8888655642263,0.411262455345999,1.76013803359851,2.90111208174734,10.9958819494535,-0.205409954867774,0.0283173143449994
5.83333333333333,132.483779775827,126,2.55786685908211,10.6122784682549,0.402999678852518,1.75187525710503,2.9085906188104,10.7868923439551,-0.214139897830178,0.0283319008601882
5.85,132.483617059339,126,2.55786685908211,10.35406731265,0.39046431971658,1.73933989796909,2.91582870958908,10.5453973828326,-0.225277920258495,0.0281827980487402
5.86666666666667,132.478647923364,125,1.55786685908211,10.1127826230924,0.377848272095716,1.72672385034823,2.9227928759044,10.2890339513436,-0.235987697844292,0.0280054192317647
5.88333333333333,132.468869122089,125,1.55786685908211,9.79315824785512,0.367570008844658,1.71644558709717,2.92950396963778,10.0302979555829,-0.244707043350646,0.0278817500286706
5.9,132.454281076286,124,0.557866859082111,9.49341104202617,0.356668787065761,1.61637716855183,2.93530962306536,9.74382556586815,-0.251988295741048,0.0276093106437225
5.91666666666667,132.434887955522,124,0.557866859082111,9.11527953448226,0.349345066529491,1.61088437814963,2.94010403826432,9.44798201478195,-0.254840358329871,0.0273108733359203
5.93333333333333,132.410698030832,124,0.557866859082111,8.7544208698411,0.335880730198823,1.60078612590163,2.94470419234966,9.11844607603372,-0.261616012244688,0.0268026427289348
5.95,132.381724285271,124,0.557866859082111,8.41019279080868,0.32055474976379,1.58929164057535,2.94906262618235,8.77168576738087,-0.269396189548302,0.0262223686947146
5.96666666666667,132.347984878014,123,-0.442133140917889,8.0817333951234,0.306084700766653,1.5784391038275,2.95317516310088,8.41988337230795,-0.276369295236841,0.0256593503064599
5.98333333333333,132.309503364867,123,-0.442133140917889,7.67443021911639,0.29402982482961,1.56939794687472,2.95706399409409,8.07163269702277,-0.281535364550608,0.0251665193746663
6,132.266308746655,123,-0.442133140917889,7.28709170091674,0.277831620026172,1.55724929327214,2.9607159049703,7.69679302310099,-0.289246216578747,0.0245274170444202
6.01666666666667,132.218706380364,123,-0.442133140917889,6.91871909046696,0.259790326928057,1.54371832344855,2.96409600328331,7.31122884038828,-0.296865388469732,0.0238664251408139
6.03333333333333,132.169478919006,123,-0.442133140917889,6.56817352882543,0.243833051783876,1.53175036709042,2.96720806966848,6.92640811294144,-0.302830942940974,0.0232604808304695
6.05,132.12189465589,123,-0.442133140917889,6.23435890110143,0.231161309635486,1.52224656047912,2.97008746774961,6.5501537617722,-0.306402241268695,0.0227516718902479
6.06666666666667,132.076780793583,123,-0.442133140917889,5.91635561608239,0.222223178955202,1.51554296246891,2.97277959295454,6.18744895410868,-0.307354251961237,0.0223579066735686
6.08333333333333,132.036981749362,123,-0.442133140917889,5.61344870430396,0.216988581790533,1.51161701459541,2.97533224004719,5.841191046066,-0.305782262263745,0.0220814547423675
6.1,132.006785067101,124,0.557866859082111,5.32511986486393,0.215152854507032,1.51024021913278,2.97779095854981,5.51282023383342,-0.301959192501337,0.0219153363511509
6.11666666666667,131.990575084117,124,0.557866859082111,5.14476064472974,0.216279577378028,1.51108526128603,2.98019655597536,5.20281492910408,-0.296236806323815,0.0218478616687926
6.13333333333333,131.992820618814,124,0.557866859082111,4.9725814039536,0.227196493986362,1.51927294874228,2.98263358539588,4.94695021817862,-0.284193863734867,0.0221091106959499
6.15,132.019223481616,124,0.557866859082111,4.80885421984282,0.243823629630722,1.53174330047555,2.98519845998951,4.73253201839363,-0.268689062373354,0.0225710329901002
6.16666666666667,132.080633686241,125,1.55786685908211,4.65418222254467,0.263314224341487,1.54636124650862,2.98794455499959,4.5496120033268,-0.251690855175699,0.0231431843717752
6.18333333333333,132.201486638849,125,1.55786685908211,4.60302143156479,0.278917465534308,1.62779304378682,2.99189363257248,4.38858669471669,-0.239933334963934,0.0237674563005661
6.2,132.422975698744,125,1.55786685908211,4.5587842847634,0.301483436527748,1.65035901478026,2.99621760964138,4.27821031359285,-0.224262908062621,0.0246616594918342
6.21666666666667,132.782165786067,126,2.55786685908211,4.52453080544296,0.327642846498061,1.67651842475057,3.00090677424496,4.20515350391899,-0.206838797936194,0.0257062275863764
6.23333333333333,133.290496549438,126,2.55786685908211,4.59477131541046,0.355080573733665,1.70395615198617,3.00600057562784,4.16028429897002,-0.189251864266115,0.0268277922041227
6.25,133.939749763016,126,2.55786685908211,4.67073342666243,0.389636401791246,1.73851198004376,3.01157350895822,4.17290550627236,-0.167719760031465,0.0282243225448636
6.26666666666667,134.71506008142,127,3.55786685908211,4.75356734612269,0.42687333309147,1.77574891134398,3.01770464648548,4.22620512425258,-0.145309380925524,0.0297560172688351
6.28333333333333,135.59885887544,127,3.55786685908211,4.93834377393227,0.464063953814237,1.81293953206675,3.02441394961294,4.30790572785459,-0.123846117881173,0.0313338983920454
6.3,136.574582553034,128,4.55786685908211,5.12672466561731,0.506947672552937,1.85582325080545,3.03175231209173,4.44540418796075,-0.0995686138073663,0.0331502670316455
6.31666666666667,137.627325862488,129,5.55786685908211,5.41390318245146,0.551171116143595,1.9000466943961,3.03977517481502,4.62086263261342,-0.0754434665839754,0.0350657592746259
6.33333333333333,138.743637831872,129,5.55786685908211,5.79555888168901,0.601406249502674,1.95028182775518,3.0485466615309,4.85742174961636,-0.0484393263298666,0.0372386044583369
6.35,139.911310824615,130,6.55786685908211,6.17389038283974,0.65988199631311,2.00875757456562,3.05818694076471,5.17002441033123,-0.0172445925745397,0.039751590429043
6.36666666666667,141.119172516377,131,7.55786685908211,6.64490095952002,0.719994663073542,2.06887024132605,3.0687731881155,5.53148115471651,0.0136471016118238,0.0423929109183583
6.38333333333333,142.356886160339,132,8.55786685908211,7.20512048206692,0.785111767769386,2.1339873460219,3.08036202534315,5.95830519908008,0.0464201945321508,0.0452768212899145
6.4,143.614762715046,133,9.55786685908211,7.85124723346214,0.856825487026113,2.20570106527862,3.09305024328939,6.46102797631341,0.0820102478458948,0.0484627075619476
6.41666666666667,144.883588659969,134,10.5578668590821,8.58031747957498,0.935558399975875,2.28443397822838,3.1069504762262,7.04559990262843,0.12055033872238,0.0519727587587271
6.43333333333333,146.154475352123,135,11.5578668590821,9.38975292791635,1.02102783805199,2.3699034163045,3.12217576208756,7.71466070798303,0.16170705685396,0.0558058339042862
6.45,147.418739220714,136,12.5578668590821,10.2773362084167,1.11258081211678,2.46145639036929,3.13883072585827,8.46859821035029,0.204918361958984,0.059947695680576
6.46666666666667,148.667825598463,137,13.5578668590821,11.2411500193928,1.20942042203974,2.55829600029225,3.15700740420329,9.30637402071358,0.24955091113343,0.0643781069155573
6.48333333333333,149.893291544859,139,15.5578668590821,12.2795036350186,1.31074728519365,2.65962286344616,3.17678410344401,10.2261299945969,0.294995481362443,0.0690754104997352
6.5,151.086861988013,140,16.5578668590821,13.4846020275359,1.41583837681347,2.76471395506598,3.19822606725389,11.2256072522952,0.340717618073416,0.0740192136120571
6.51666666666667,152.240567241283,141,17.5578668590821,14.7554287620768,1.53130536869304,2.88018094694555,3.22145263712727,12.3382750808971,0.390977498770949,0.0794351872897426
6.53333333333333,153.346957126895,143,19.5578668590821,16.0910375041356,1.65293717492888,3.00181275318139,3.24659550468536,13.5493992030169,0.442810087547474,0.0851939324576276
6.55,154.399369180923,144,20.5578668590821,17.5845786954432,1.77789859023824,3.12677416849075,3.27372777305053,14.8472599666473,0.494269854873779,0.0912058937344919
6.56666666666667,155.392211096015,145,21.5578668590821,19.1359646339353,1.91164212204844,3.26051770030095,3.30294979383106,16.2587722024586,0.548886077600017,0.0976565249926866
6.58333333333333,156.32120784365,147,23.5578668590821,20.7450449914094,2.04945378256718,3.39832936081969,3.3343607339079,17.7649538959873,0.603421581193163,0.104396638092898
6.6,157.183566682084,148,24.5578668590821,22.5055865180686,2.18841523647056,3.53729081472307,3.36799651751132,19.3515608301104,0.655944345737739,0.111330356888463
6.61666666666667,157.97802933761,150,26.5578668590821,24.3179344109675,2.33413856342228,3.68301414167478,3.40392111272349,21.0441961069418,0.710155504516652,0.118644952224403
6.63333333333333,158.704804157757,151,27.5578668590821,26.2759491403512,2.48218737638511,3.83106295463762,3.44220104961088,22.8233652162209,0.763060165357929,0.126197349157233
6.65,159.365394329389,153,29.5578668590821,28.2802218928271,2.63717982096504,3.98605539921755,3.48291016618981,24.7106551781806,0.817682148535627,0.134142945135554
6.66666666666667,159.962354150959,154,30.5578668590821,30.4249066167583,2.82520033359726,3.32651581177059,3.51980414797529,26.6905005281456,0.905404238728558,0.142316177685181
6.68333333333333,160.499011031178,155,31.5578668590821,32.5824908876748,3.05358978706488,3.48638842919793,3.55184590687202,28.8266202419472,1.03312773291525,0.150763433302602
6.7,160.979188835751,156,32.5578668590821,34.728550850735,3.27417421913323,3.64079753164577,3.58638817356838,31.0703056326557,1.15231816468482,0.159090357437901
6.71666666666667,161.406959619897,157,33.5578668590821,36.8694855651325,3.47825990186846,3.78365750956043,3.62327908561704,33.3693061141428,1.25747961457843,0.166999472560118
6.73333333333333,161.786436135344,158,34.5578668590821,39.010431804726,3.66213324010989,3.91236884632943,3.66229580010398,35.6895494805975,1.34653049185782,0.17435318467955
6.75,162.121610129814,159,35.5578668590821,41.1550757779114,3.82529540403113,4.0265823610743,3.70319187121126,38.0103568413939,1.41955571372183,0.181118589109372
6.76666666666667,162.416236102347,159,35.5578668590821,43.305691131899,3.96914611414736,4.12727785815566,3.74572674187217,40.3204458867205,1.47788607295389,0.187325934796334
6.78333333333333,162.673755792906,160,36.5578668590821,45.369562912359,4.09604908217331,4.21610993577383,3.78968219014322,42.6147621065492,1.52345204676877,0.193038836264567
6.8,162.897256315403,160,36.5578668590821,47.4462649163141,4.20138709808114,4.28984654690931,3.83482345852743,44.8561910031516,1.55355057393826,0.198090603602233
6.81666666666667,163.089454585098,160,36.5578668590821,49.4408858328849,4.29141193927611,4.35286393574579,3.88093026647067,47.0578510605835,1.57268773279032,0.202673231952356
6.83333333333333,163.25270107914,161,37.5578668590821,51.3572640011091,4.36361689100709,4.40340740195747,3.9278003220727,49.1950067731282,1.57950169378361,0.206691963446354
6.85,163.388996702806,161,37.5578668590821,53.2921425922088,4.41782673598325,4.44135429344079,3.97521669846709,51.2528039056955,1.5741980409625,0.210128119347082
6.86666666666667,163.500017944855,161,37.5578668590821,55.1481259850217,4.46256463180882,4.47267082051868,4.02301552639992,53.2592785551317,1.56269024202096,0.213252537059814
6.88333333333333,163.587146585226,161,37.5578668590821,56.9270516803602,4.4961337142161,4.49616917820378,4.07106848462783,55.1990452112658,1.54402712960481,0.216002170051854
6.9,163.65150125283,160,36.5578668590821,58.6304364949069,4.51825181602877,4.51165184947265,4.119236438576,57.0625728318112,1.5182117989283,0.218360008636571
6.91666666666667,163.693969004317,160,36.5578668590821,60.1657153667061,4.5295000682877,4.5195256260539,4.16738259266367,58.844563428017,1.48581472101295,0.220337727776514
6.93333333333333,163.715235576378,160,36.5578668590821,61.6333351132317,4.52360706404744,4.51540052308571,4.21533385579134,60.5067501767507,1.44289190600799,0.221719596160469
6.95,163.715813676852,160,36.5578668590821,63.0335548872139,4.50541772282091,4.50266798422715,4.26291408870577,62.0609080729477,1.39290270941178,0.222655539298568
6.96666666666667,163.69606894405,160,36.5578668590821,64.3662247042142,4.47862769084687,4.48391496184532,4.30999705890637,63.5170967925146,1.33846244003975,0.223260805448292
6.98333333333333,163.656243378004,160,36.5578668590821,65.6310378131327,4.4459462012854,4.46103791915229,4.35649399567019,64.8835034266183,1.28147101792162,0.22362052208676
7,163.59647623353,160,36.5578668590821,66.8277045515634,4.40928168308674,4.43537275641322,4.40234319224682,66.1665422932242,1.22325328835674,0.223795138604565
7.01666666666667,163.516822558836,160,36.5578668590821,67.9560638385124,4.36992305051513,4.4078217136131,4.44750175375787,67.3710923950146,1.16469290240536,0.223825867675832
7.03333333333333,163.417269635734,160,36.5578668590821,69.0161474490647,4.3287015050015,4.37896663175356,4.49193934619081,68.5007909221638,1.10634995894297,0.223739614799995
7.05,163.297751411308,160,36.5578668590821,70.0082102193935,4.36472332957291,3.31300107656032,4.5195639746865,69.5934676712241,1.13652884361724,0.223517042717197
7.06666666666667,163.158161223265,160,36.5578668590821,70.8967156921742,4.3978940919643,3.32792791963645,4.54558671248359,70.6781455153768,1.16743591992023,0.222980023973962
7.08333333333333,162.998364630436,160,36.5578668590821,71.652276825413,4.4129274368055,3.33469292481498,4.57154130020681,71.7115191769069,1.18536223528951,0.221891214606139
7.1,162.81821422849,160,36.5578668590821,72.2864047153914,4.40397293783269,3.33066340027722,4.59726830146765,72.6520248052727,1.18660784396565,0.22005673163834
7.11666666666667,162.617562345856,160,36.5578668590821,72.8092981149581,4.36953004991912,3.31516410071612,4.62258181445203,73.4755022656498,1.17039663996952,0.217425669675151
7.13333333333333,162.39627049859,160,36.5578668590821,73.2298217492624,4.31084446339964,3.28875558678235,4.64729582945674,74.1703423181252,1.13777969617321,0.214037421797949
7.15,162.154216488991,160,36.5578668590821,73.5556041306102,4.23073303894416,3.25270544577738,4.67124022571902,74.7336151659325,1.09083543747388,0.209983075798225
7.16666666666667,161.89129979872,160,36.5578668590821,73.7931980649421,4.13275653494632,3.20861601897835,4.69426930885913,75.1680855790945,1.03210962391502,0.205378233443938
7.18333333333333,161.607445586134,160,36.5578668590821,73.9482650247059,4.02066478031223,3.15817472939301,4.71626520495246,75.4799891160886,0.964242400064588,0.200344778722062
7.2,161.30260770231,160,36.5578668590821,74.0257583428745,3.89804804782767,3.10299719977496,4.73713789717054,75.6774353285149,0.889736321106329,0.194999419634181
7.21666666666667,160.976770970339,160,36.5578668590821,74.0300903774763,3.7681389717988,3.04453811556197,4.75682323503634,75.7693090663265,0.81082682535405,0.189447175673781
7.23333333333333,160.629952845477,160,36.5578668590821,73.9652760527961,3.63372001070926,2.98404958307168,4.77527987022534,75.7645541326047,0.729424137718715,0.183778332995933
7.25,160.262204553,160,36.5578668590821,73.8350501179884,3.49710132703701,2.92257117541916,4.79248577367291,75.6717403789782,0.647102493942019,0.178067713426656
7.26666666666667,159.873611788875,160,36.5578668590821,73.642958624984,3.36014259162075,2.86093974448185,4.80843475885219,75.4988330900323,0.565118580076309,0.172375387036576
7.28333333333333,159.464295130324,160,36.5578668590821,73.3924269814308,3.22429944520327,2.79981032859398,4.82313326550105,75.253100432582,0.484446081314461,0.166748195298171
7.3,159.034410292999,160,36.5578668590821,73.0868078615147,3.09068117028495,2.73968210488074,4.83659753623347,74.9411098631068,0.405817244291368,0.161221643020877
7.31666666666667,158.584148094518,159,35.5578668590821,72.7294125576312,2.96011065432697,2.68092537269965,4.84885123526266,74.5687772473724,0.329765463400473,0.155821865989063
7.33333333333333,158.113734099216,159,35.5578668590821,72.229788478565,2.83318112805709,2.6238070858782,4.85992350483963,74.1414429579555,0.256665226087271,0.150567493007491
7.35,157.623428008267,159,35.5578668590821,71.6907825682976,2.70290909222695,2.56518466975464,4.86981746344484,73.6280373465574,0.181872413778391,0.145227896054354
7.36666666666667,157.113522922162,158,34.5578668590821,71.1153371008876,2.57307985819104,2.50676151443848,4.87852736269069,73.0451222688309,0.107924954908226,0.139926655767765
7.38333333333333,156.584344592377,158,34.5578668590821,70.4124677322441,2.44629319850427,2.44970751757943,4.88607137732666,72.4060531982225,0.0365451030184913,0.134748446242534
7.4,156.036250508231,158,34.5578668590821,69.6844247010246,2.31683936120058,2.39145329079277,4.89245380101866,71.6855695060343,-0.0360647300422077,0.12950461078667
7.41666666666667,155.469628780663,157,33.5578668590821,68.9335497523738,2.189235207779,2.33403142175306,4.89767744869959,70.9042588628656,-0.106889151662986,0.124342886730513
7.43333333333333,154.884896871094,157,33.5578668590821,68.0682888065354,2.06642622781181,2.27876738076782,4.90177298905786,70.0781084561929,-0.173989580588979,0.119359425725962
7.45,154.282500204394,156,32.5578668590821,67.1903693909647,1.94278629466015,2.22312941084958,4.90475872908253,69.1834341529247,-0.241123368906485,0.11436843388047
7.46666666666667,153.662910699394,156,32.5578668590821,66.2079209202592,1.82274841654624,2.16911236569832,4.90665142019684,68.2416276061976,-0.305346233979286,0.109515004431932
7.48333333333333,153.026625315717,155,31.5578668590821,65.222279945292,1.70167905136705,2.11463115136768,4.90746464806689,67.2330146309314,-0.369749496015762,0.104646026211378
7.5,152.374164710719,155,31.5578668590821,64.1411591208136,1.58182684745068,1.88274213926711,4.90778287693417,66.1812524714985,-0.434106807296246,0.0999269180990727
7.51666666666667,151.706075802042,154,30.5578668590821,63.059252109851,1.47840710775575,1.84783797712007,4.90367154140604,65.0743111949967,-0.479504653119926,0.0952139941422401
7.53333333333333,151.022939674202,153,29.5578668590821,61.8790231488929,1.37713402602952,1.81365831203747,4.89882876998476,63.9400751305386,-0.523753392510832,0.0906304393867598
7.55,150.325357789374,153,29.5578668590821,60.6097732098991,1.2723923699389,1.77830800310689,4.89325587152755,62.7522623848634,-0.570564427128715,0.0859901927437772
7.56666666666667,149.61394773903,152,28.5578668590821,59.3539540172227,1.16149877397056,1.74088141446757,4.88693128859074,61.4952622251002,-0.621680981621154,0.0812047917758013
7.58333333333333,148.889342337996,152,28.5578668590821,58.0200373763813,1.05118460296722,1.70365038175395,4.87984683816879,60.197325631642,-0.67258513094732,0.0764947660577666
7.6,148.152188298887,151,27.5578668590821,56.7094261247348,0.938546018903524,1.66563485963245,4.8720031825375,58.8444021052812,-0.725183556223386,0.0717633027074532
7.61666666666667,147.403144753186,150,26.5578668590821,55.3297008446363,0.829890985694822,1.62896378592451,4.86341249803345,57.465171567927,-0.775255965445393,0.0672160362325878
7.63333333333333,146.642881741774,150,26.5578668590821,53.8877697133914,0.721795688813157,1.59248162322695,4.85409311563416,56.0452680115676,-0.825069385382245,0.0627382490219327
7.65,145.87207862725,149,25.5578668590821,52.4838887747111,0.612589539521316,1.55562454784095,4.84404931626226,54.5766664921105,-0.875714116002113,0.0582736435381845
7.66666666666667,145.091422375502,148,24.5578668590821,51.0245580419332,0.509220450369843,1.52073748025233,4.83330205993242,53.0919759924124,-0.922552289769776,0.0540486012558939
7.68333333333333,144.301605894692,148,24.5578668590821,49.5156913437746,0.408494511569324,1.48674247590716,4.82188082527843,51.5791730709445,-0.96770820767871,0.0499555583377892
7.7,143.503326499527,147,23.5578668590821,48.0566422615158,0.308701800231934,1.45306243583079,4.80980151074245,50.0314102108128,-1.01230920669491,0.0459365067199398
7.71666666666667,142.697284415505,146,22.5578668590821,46.5530968894399,0.216586726014927,1.42197359828255,4.79709595737978,48.4816467735765,-1.05186338822418,0.0422107691384476
7.73333333333333,141.884181242986,146,22.5578668590821,45.0102352013045,0.12866362731998,1.392299552473,4.78380308803652,46.9176465258356,-1.08869887730031,0.0386609049496414
7.75,141.064718540568,145,21.5578668590821,43.5267460886484,0.0428953975151481,1.36335277491387,4.76994646786338,45.3319863239115,-1.12416924449954,0.0352179625018037
7.76666666666667,140.239596511589,145,21.5578668590821,42.0077086247022,-0.0335513980889958,1.31532418016351,4.75541166308275,43.7570001917442,-1.15316992124068,0.0320903316558924
7.78333333333333,139.409512698194,145,21.5578668590821,40.5507193308157,-0.10171445314916,1.24716112510335,4.73966813763927,42.1816562399898,-1.17514137313604,0.0291471920013902
7.8,138.575160828467,144,20.5578668590821,39.152178560589,-0.157233434294498,1.19164214395801,4.7228427082959,40.63543544083,-1.18740105727428,0.0265406596041328
7.81666666666667,137.737229857534,144,20.5578668590821,37.7145940637102,-0.19885999241041,1.1500155858421,4.7051653159704,39.1369650968263,-1.18953642760318,0.0243336736233024
7.83333333333333,136.896403166792,144,20.5578668590821,36.3348463407193,-0.234350084321524,1.11452549393099,4.68680508108872,37.6607605177246,-1.18701733424894,0.022287039993316
7.85,136.053357894032,143,19.5578668590821,35.0107704229262,-0.261454370424269,1.08742120782824,4.66789170353192,36.2239764711294,-1.17857498205981,0.0204868083311038
7.86666666666667,135.208764372265,143,19.5578668590821,33.6469251678956,-0.279555159847039,1.06932041840547,4.64857773305612,34.8373398567462,-1.1640595756898,0.0189671306544257
7.88333333333333,134.363285597402,143,19.5578668590821,32.3417052195989,-0.29623910946998,1.05263646878253,4.62895148397711,33.4710747942974,-1.14866966698763,0.0174862257751993
7.9,133.517576647402,142,18.5578668590821,31.0939579480992,-0.308664338476734,1.04021123977578,4.60906846639057,32.1404746461739,-1.13059897942257,0.0161422617595674
7.91666666666667,132.672284138212,142,18.5578668590821,29.8088288852915,-0.315452306942938,1.03342327130957,4.58901846569275,30.855915675763,-1.10907151046472,0.0149882392036616
7.93333333333333,131.828045633411,142,18.5578668590821,28.5849640931111,-0.323419976771881,1.02545560148063,4.56883984952167,29.588108570738,-1.08867876459123,0.0138028061915806
7.95,130.985489007719,141,17.5578668590821,27.4212154315068,-0.329036003519675,1.01983957473283,4.54855034965964,28.353206979829,-1.06708409213173,0.0127031222009857
7.96666666666667,130.145231826664,141,17.5578668590821,26.2225634305736,-0.33035294763342,1.01852263061909,4.52821243633999,27.1625250116724,-1.0430811109418,0.0117582341423265
7.98333333333333,129.307880847347,140,16.5578668590821,25.0873825302385,-0.333748368770392,1.01512720948212,4.50784552554679,25.9876178125149,-1.02093278175164,0.0107593860102745
8,128.474031729026,139,15.5578668590821,23.9204534501256,-0.335371607828609,1.0135039704239,4.48745467604695,24.8453072618047,-0.998065514763508,0.00983298717251717
8.01666666666667,127.644268814531,139,15.5578668590821,22.7259754301595,-0.340280286354709,1.0085952918978,4.4670285589792,23.7115154382863,-0.977811391163163,0.00881095977027264
8.03333333333333,126.819164939909,138,14.5578668590821,21.6015137601136,-0.350994767604246,0.997880810648264,4.44649385190833,22.5704449757589,-0.961709048897769,0.00760319623363027
8.05,125.999281299654,137,13.5578668590821,20.4507044263947,-0.361131367587612,0.987744210664898,4.42581565080313,21.448494257945,-0.945436004916432,0.00641609823831504
8.06666666666667,125.185167385446,136,12.5578668590821,19.2765298236482,-0.374226408152424,0.974649170100085,4.40497604689607,20.3283931484739,-0.931307379342827,0.00513135637766345
8.08333333333333,124.377361010563,135,11.5578668590821,18.0816797220815,-0.392006223066625,0.956869355185884,4.38391411420052,19.1988567142527,-0.920361353665501,0.00368640746672668
8.1,123.576388484671,134,10.5578668590821,16.8683877627486,-0.415005591662175,0.933869986590335,4.36255070333122,18.0531570771263,-0.912814943490723,0.00205639246767938
8.11666666666667,122.78276314609,133,9.55786685908211,15.6383919460093,-0.443041225181712,0.905834353070798,4.3408041691644,16.8878313395236,-0.908406678433363,0.000240019412598205
8.13333333333333,121.996952798694,131,7.55786685908211,14.3929679795441,-0.475552845513776,0.873322732738734,4.31859934949656,15.7016073262951,-0.906638924618077,-0.00175085412760236
8.15,121.219343741722,130,6.55786685908211,13.0392583952012,-0.511833406453719,0.837042171798791,4.29587182083748,14.494568290647,-0.906937969967494,-0.00389843218217001
8.16666666666667,120.450253996177,129,5.55786685908211,11.6774099455982,-0.558395407973874,0.790480170278635,4.27250351372592,13.2316828473074,-0.91345054459887,-0.0064270813487517
8.18333333333333,119.689950925951,128,4.55786685908211,10.3073129560036,-0.610885494325569,0.73799008392694,4.248365748928,11.9264753700583,-0.923074060616916,-0.00920445514481533
8.2,118.938665568664,127,3.55786685908211,8.92834931700854,-0.666327325033014,0.682548253219496,4.22339050672039,10.5896200756781,-0.933731211989012,-0.0121378391247875
8.21666666666667,118.196604391082,125,1.55786685908211,7.5397047391207,-0.722834574601149,0.626041003651361,4.19754992043073,9.22905450911808,-0.944141124557794,-0.0151666730010628
8.23333333333333,117.463958979625,124,0.557866859082111,6.04682172320075,-0.779331975412651,0.569543602839859,4.17084050856286,7.85034389191061,-0.953604937819025,-0.0182548683868428
8.25,116.740914018626,123,-0.442133140917889,4.54856143406816,-0.842534400204185,0.506341178048324,4.14320620752631,6.42128485875113,-0.966522610131732,-0.0216273202224404
8.26666666666667,116.027653894967,122,-1.44213314091789,3.04390990655758,-0.908584396418757,0.440291181833752,4.11457432789055,4.95646156172314,-0.980226727609031,-0.0251625475796721
8.28333333333333,115.324368208621,121,-2.44213314091789,1.53166471628407,-0.975109487318449,0.373766090934061,4.08492356721951,3.46652371034518,-0.993128402878166,-0.028783208942441
8.3,114.631256242314,120,-3.44213314091789,0.010677127898121,-1.04269050544583,0.348875578252509,4.05464293939084,1.95821359971483,-1.00650169026927,-0.0324444964042528
8.31666666666667,113.948530381222,119,-4.44213314091789,-1.51860226128373,-1.11390896875631,0.348875578252509,4.02442320389742,0.432940833747153,-1.02359223834404,-0.0361184064432989
8.33333333333333,113.276418927103,118,-5.44213314091789,-3.05342811650199,-1.18813948495571,0.348875578252509,3.99430725704102,-1.10909841339848,-1.04404278606364,-0.0397769672116906
8.35,112.615167692832,117,-6.44213314091789,-4.59046748142922,-1.26435594715292,0.348875578252509,3.9642996421817,-2.66627536299978,-1.06713568448937,-0.0433863564880764
8.36666666666667,111.965040609061,116,-7.44213314091789,-6.12673973356854,-1.34138839158257,0.348875578252509,3.93440472863622,-4.23571912971668,-1.09204839458698,-0.0469093410257825
8.38333333333333,111.326319403864,115,-8.44213314091789,-7.65959289437095,-1.41805197122989,0.348875578252509,3.90462671611822,-5.81384392674323,-1.11793934143119,-0.0503095738774123
8.4,110.699302330591,114,-9.44213314091789,-9.18668089927873,-1.49323234953418,0.348875578252509,3.87496963908029,-7.39673468984245,-1.14400566496014,-0.0535543298205742
8.41666666666667,110.084301928668,113,-10.4421331409179,-10.7059418352569,-1.56593876032271,0.348875578252509,3.84543737096005,-8.98042329254606,-1.16951997122988,-0.056616098359194
8.43333333333333,109.481641748775,112,-11.4421331409179,-12.2155771477761,-1.63533329336467,0.348875578252509,3.81603362833208,-10.5610804481721,-1.19385151682371,-0.0594733508442454
8.45,108.891651946553,111,-12.4421331409179,-13.7140318142099,-1.70074304770921,0.348875578252509,3.78676197496765,-12.1351432391532,-1.2164760612145,-0.0621107253418385
8.46666666666667,108.314663634685,110,-13.4421331409179,-15.1999754761737,-1.76166026691199,0.348875578252509,3.75762582580425,-13.6993940474439,-1.23697766438869,-0.0645188150458093
8.48333333333333,107.751001885686,109,-14.4421331409179,-16.6722845194105,-1.81773435733687,0.348875578252509,3.72862845082666,-15.2510033008265,-1.25504494459485,-0.0666937003773277
8.5,107.200977302331,108,-15.4421331409179,-18.1300250863968,-1.86875873236858,0.348875578252509,3.69977297886144,-16.7875457499749,-1.27046370653008,-0.0686363290604944
8.51666666666667,106.664876125836,108,-15.4421331409179,-19.5724370038527,-1.9146546720956,0.348875578252509,3.6710624012866,-18.306997827766,-1.28310737322726,-0.070351820474785
8.53333333333333,106.142948939996,107,-16.4421331409179,-20.905177826205,-1.95545379945942,0.348875578252509,3.64249957565825,-19.8077219150075,-1.2929262805237,-0.0718487488880495
8.55,105.635398157345,106,-17.4421331409179,-22.227363592373,-1.98373571348027,0.348875578252509,3.61408722925588,-21.2524707223314,-1.29487709803093,-0.072895081189574
8.56666666666667,105.142364641337,105,-18.4421331409179,-23.5384657417284,-2.00301462755017,0.348875578252509,3.58582796254795,-22.6521970127161,-1.29119237510677,-0.0736199826881797
8.58333333333333,104.663914019954,104,-19.4421331409179,-24.8380680249721,-2.01592196824497,0.348875578252509,3.55772425257956,-24.0152860309067,-1.28354839388579,-0.0741196193017575
8.6,104.200023463565,104,-19.4421331409179,-26.1258563177414,-2.0244110527087,0.0674437789126254,3.52977845628364,-25.3481254695778,-1.27319319907368,-0.0744649105624252
8.61666666666667,103.750569919449,103,-20.4421331409179,-27.3176519844254,-2.00702732495019,0.0674437789126254,3.49730248974833,-26.6443950579677,-1.2354131252557,-0.0747201533348745
8.63333333333333,103.315321295687,102,-21.4421331409179,-28.5214936289474,-1.98269479243429,0.0674437789126254,3.4649900260616,-27.8705201251597,-1.19333780442321,-0.0747570098405256
8.65,102.893932144946,102,-21.4421331409179,-29.7349734967263,-1.95797567115262,0.0674437789126254,3.43284426745896,-29.0545161057572,-1.15131113879492,-0.074794983971253
8.66666666666667,102.485944054071,101,-22.4421331409179,-30.8621579058654,-1.9370357840589,0.0674437789126254,3.40086826988957,-30.2162870497861,-1.11212688467749,-0.0749684011174813
8.68333333333333,102.090791238335,100,-23.4421331409179,-32.0006297165003,-1.91474541015884,0.0674437789126254,3.36906494690944,-31.3335750108309,-1.07237897170611,-0.0751068762645319
8.7,101.70781182841,100,-23.4421331409179,-33.1483864861245,-1.89558067455807,0.0674437789126254,3.33743707348703,-32.4273157063786,-1.03505919443438,-0.0753560031681391
8.71666666666667,101.336264750528,99,-24.4421331409179,-34.2098574135276,-1.88220255245274,0.0674437789126254,3.30598728972294,-33.5120942788866,-1.001979059158,-0.0757975605070415
8.73333333333333,100.975351468564,99,-24.4421331409179,-35.2829486417288,-1.86841939334334,0.0674437789126254,3.27471810448561,-34.561707240351,-0.969033247919671,-0.0762247696779685
8.75,100.624241293137,98,-25.4421331409179,-36.2722033549281,-1.85797962771206,0.0674437789126254,3.24363189896468,-35.5942088563715,-0.938728868797075,-0.076758911167092
8.76666666666667,100.282098560384,97,-26.4421331409179,-37.2756171695607,-1.84552122934578,0.0674437789126254,3.21273093014377,-36.586149711493,-0.907494141792714,-0.0772230035031778
8.78333333333333,99.9481098074614,97,-26.4421331409179,-38.2915412397731,-1.83541671276024,0.0674437789126254,3.18201733419431,-37.5577544937293,-0.878239991063449,-0.0777604442571672
8.8,99.6215091429882,96,-27.4421331409179,-39.2247039039795,-1.83030982740905,0.0674437789126254,3.15149312979213,-38.5232403299617,-0.85275467463764,-0.0784536942587063
8.81666666666667,99.301600299622,96,-27.4421331409179,-40.1732604466502,-1.82404675458287,0.0674437789126254,3.12116022135838,-39.4562734567591,-0.82694698151772,-0.0790984213314589
8.83333333333333,98.9877742954976,95,-28.4421331409179,-41.041957414914,-1.82044599550073,0.0674437789126254,3.09102040222635,-40.3749357764903,-0.803360619906737,-0.0798193164367404
8.85,98.6795221364448,95,-28.4421331409179,-41.9289519953073,-1.81423155747099,0.0674437789126254,3.06107535773575,-41.2559036350659,-0.778472214223926,-0.0804432118200213
8.86666666666667,98.3764424799719,95,-28.4421331409179,-42.7389780982494,-1.80986666118778,0.0674437789126254,3.03132666825602,-42.1195815145542,-0.755245403918507,-0.0811173420238964
8.88333333333333,98.0782445928495,94,-29.4421331409179,-43.476426603177,-1.80253830104429,0.0674437789126254,3.00177581214003,-42.9444172505431,-0.730460899526952,-0.0816844207303302
8.9,97.7847472316929,94,-29.4421331409179,-44.2393088154863,-1.78948755881167,0.0674437789126254,2.97242416860979,-43.7161756409429,-0.702236875864882,-0.0820591023371965
8.91666666666667,97.4958742517893,93,-30.4421331409179,-44.932193443607,-1.7769755415713,0.0674437789126254,2.94327302057546,-44.4621546457224,-0.674719665649304,-0.0824501261899808
8.93333333333333,97.2116478158277,93,-30.4421331409179,-45.6530305438374,-1.76143476727536,0.0674437789126254,2.91432355738916,-45.1659577583538,-0.64551843623889,-0.0827416977250807
8.95,96.9321800561722,93,-30.4421331409179,-46.3063218196011,-1.74847650537705,0.0674437789126254,2.88557687753483,-45.8531079563758,-0.618368410824585,-0.083118287676974
8.96666666666667,96.6576639723499,92,-31.4421331409179,-46.8962047457603,-1.73401287287642,0.0674437789126254,2.8570339912557,-46.5057504495832,-0.590547675597329,-0.0834448550977573
8.98333333333333,96.3883642505596,92,-31.4421331409179,-47.5204195865667,-1.7156955221813,0.0674437789126254,2.82869582312041,-47.1122380839938,-0.560466207237443,-0.0836473349913738
9,96.1246086044316,92,-31.4421331409179,-48.0832496326763,-1.69996646300892,0.0674437789126254,2.80056321452933,-47.7015975931894,-0.532410568680152,-0.0839379102178171
9.01666666666667,95.8667801882465,91,-32.4421331409179,-48.5886073430183,-1.68327547049538,0.0674437789126254,2.77263692616217,-48.25850178512,-0.504020805139416,-0.0841988023846404
9.03333333333333,95.6153116701361,91,-32.4421331409179,-49.1340031929971,-1.6635937537362,0.0674437789126254,2.74491764036817,-48.7730712819029,-0.473926924230039,-0.0843655471258864
9.05,95.3706817587875,91,-32.4421331409179,-49.6234875658374,-1.64752340876018,0.0674437789126254,2.71740596350019,-49.2755138840001,-0.446530856558158,-0.0846544288920377
9.06666666666667,95.1334155602063,90,-33.4421331409179,-50.0607383838687,-1.63156035311033,0.0674437789126254,2.6901024281937,-49.7512347617565,-0.419512427773513,-0.084947936309167
9.08333333333333,94.90409170952,90,-33.4421331409179,-50.5430312918542,-1.61364305543466,0.0674437789126254,2.66300749559201,-50.1907477475494,-0.391488354906085,-0.0851793059458798
9.1,94.6833639964519,90,-33.4421331409179,-50.9741827393964,-1.60028872580407,0.0674437789126254,2.63612155751877,-50.6244012505178,-0.366811488066133,-0.0855609124652661
9.11666666666667,94.4720247713587,89,-34.4421331409179,-51.3576386690433,-1.58787639776785,0.0674437789126254,2.60944493859895,-51.0375564532104,-0.343089903355773,-0.0859704330525231
9.13333333333333,94.2712315822735,89,-34.4421331409179,-51.7904456316109,-1.57421068629322,0.0674437789126254,2.58297789832933,-51.4205518775276,-0.318855773370209,-0.0863359104673851
9.15,94.0827506377604,89,-34.4421331409179,-52.1761946847636,-1.56566865410067,0.0674437789126254,2.55672063309961,-51.8034699050112,-0.298371717044717,-0.0868645017289928
9.16666666666667,93.9086414322962,88,-35.4421331409179,-52.5181107900666,-1.55849077134304,0.0674437789126254,2.53067327816518,-52.1713469389957,-0.27915519928765,-0.0874289000851578
9.18333333333333,93.7508871569355,88,-35.4421331409179,-52.9130245382184,-1.55035008871078,0.0674437789126254,2.50483590957262,-52.5141622864055,-0.259651122173599,-0.0879525668545121
9.2,93.6112172238293,88,-35.4421331409179,-53.2643165662844,-1.54750249129296,0.0674437789126254,2.47920854603894,-52.8616225728959,-0.244040585030947,-0.0886385763072186
9.21666666666667,93.4910440524572,88,-35.4421331409179,-53.5750073895362,-1.54607965242943,0.0674437789126254,2.45379115078542,-53.1983850943339,-0.229766781346959,-0.0893560852521115
9.23333333333333,93.3914605283169,88,-35.4421331409179,-53.847988706032,-1.54365902025465,0.0674437789126254,2.42858363332727,-53.514055841828,-0.215208312097635,-0.090025571509821
9.25,93.3132667293039,87,-36.4421331409179,-54.0860231643287,-1.53886998015835,0.0674437789126254,2.40358585121987,-53.8020100862191,-0.19942893712925,-0.0906043158258362
9.26666666666667,93.2570084134504,87,-36.4421331409179,-54.385485572001,-1.53109026078524,0.0674437789126254,2.37879761176254,-54.0584593865282,-0.181983822967457,-0.0910753029541281
9.28333333333333,93.2230178458555,87,-36.4421331409179,-54.6493088507158,-1.52775858497,0.0674437789126254,2.35421867366088,-54.3176885391909,-0.167830279359978,-0.0916821853228266
9.3,93.2114522304073,87,-36.4421331409179,-54.8800751984842,-1.52579548351446,0.0674437789126254,2.32984874864846,-54.5676416666362,-0.154934208678464,-0.092320542231617
9.31666666666667,93.2223277588505,87,-36.4421331409179,-55.0802485332687,-1.52327373545504,0.0674437789126254,2.30568750306874,-54.8002108713154,-0.142006929367478,-0.0929268574620112
9.33333333333333,93.2555494010337,87,-36.4421331409179,-55.2521752235717,-1.51910291634162,0.0674437789126254,2.28173455941815,-55.0102886833587,-0.128304680865406,-0.0934668979273568
9.35,93.3109354278329,87,-36.4421331409179,-55.3980853195671,-1.51278654223489,0.0674437789126254,2.25798949785118,-55.195019302181,-0.113473593839022,-0.0939268408932278
9.36666666666667,93.3882364121308,87,-36.4421331409179,-55.5200942241433,-1.50423679499597,0.0674437789126254,2.23445185764816,-55.3532100265752,-0.0974308316450029,-0.0943065699029893
9.38333333333333,93.4871503742103,87,-36.4421331409179,-55.6202047476646,-1.49363470759037,0.0674437789126254,2.21112113864673,-55.4848713880024,-0.0802743835838982,-0.0946146729211229
9.4,93.6073347905185,87,-36.4421331409179,-55.7003094944885,-1.48132605084705,0.0674437789126254,2.18799680263768,-55.5908603572476,-0.0622154421133667,-0.0948647685684946
9.41666666666667,93.7484160276359,87,-36.4421331409179,-55.7621935333015,-1.46774508914631,0.0674437789126254,2.16507827472598,-55.6726058035919,-0.0435284815079344,-0.0950728614150207
9.43333333333333,93.9099966965444,87,-36.4421331409179,-55.8075373071618,-1.45335993949399,0.0674437789126254,2.1423649446577,-55.7318993295968,-0.0245151215529379,-0.0952554882140787
9.45,94.0916613489063,87,-36.4421331409179,-55.8379197427584,-1.43863454061009,0.0674437789126254,2.11985616811365,-55.7707378342167,-0.00547864571726765,-0.0954284662689378
9.46666666666667,94.2929808666062,87,-36.4421331409179,-55.8548215218309,-1.42400326911273,0.0674437789126254,2.09755126797048,-55.7912067973764,0.01329331888676,-0.0956060949267109
9.48333333333333,94.5135158325614,87,-36.4421331409179,-55.8596284809275,-1.40985507245398,0.0674437789126254,2.07544953552975,-55.795395434123,0.0315399359196996,-0.0958006932410801
9.5,94.7528191162388,88,-35.4421331409179,-55.8536351087358,-1.3965246591195,0.0674437789126254,2.05355023171605,-55.7853366219762,0.0490336675659035,-0.0960223825649596
9.51666666666667,95.0104378613941,88,-35.4421331409179,-55.7443073345266,-1.38428882552736,0.0674437789126254,2.03185258824442,-55.7629659323387,0.065583378541164,-0.0962790434072155
9.53333333333333,95.2859150255285,88,-35.4421331409179,-55.6323412024651,-1.36582182687464,0.0674437789126254,2.01035580875811,-55.6941240140021,0.086094492451826,-0.0963330299815274
9.55,95.5787905894311,88,-35.4421331409179,-55.518576879391,-1.34460170229773,0.0674437789126254,1.98905906993712,-55.5923806163182,0.108287480077337,-0.0963037895358736
9.56666666666667,95.888602529861,88,-35.4421331409179,-55.4037718374478,-1.32311311359485,0.0674437789126254,1.96796152257823,-55.4682922948781,0.130517430003777,-0.0962744681500849
9.58333333333333,96.2148876279482,88,-35.4421331409179,-55.2886061284437,-1.30307183748794,0.0674437789126254,1.94706229264721,-55.3300045864104,0.151633496009753,-0.096300425951485
9.6,96.5571821693649,88,-35.4421331409179,-55.1736874654713,-1.28560415450062,0.0674437789126254,1.92636048230368,-55.1837410270427,0.17086618895122,-0.096416001531887
9.61666666666667,96.915022579005,88,-35.4421331409179,-55.0595561077122,-1.27138958781997,0.0674437789126254,1.9058551708994,-55.0341993749654,0.187737345511475,-0.0966398587186444
9.63333333333333,97.2879460221969,88,-35.4421331409179,-54.9466895457675,-1.26077393219737,0.0674437789126254,1.88554541595046,-54.8848718534389,0.201988524726471,-0.0969791885759902
9.65,97.6754909958524,89,-34.4421331409179,-54.8355069861309,-1.25385826178106,0.0674437789126254,1.86543025408405,-54.7383032865138,0.213524343477335,-0.0974329897605735
9.66666666666667,98.0771979260275,89,-34.4421331409179,-54.632632856,-1.25056857246909,0.0674437789126254,1.84550870196023,-54.5962985578094,0.222367890785676,-0.0979946093379321
9.68333333333333,98.4926097828164,89,-34.4421331409179,-54.4379559491538,-1.24316525829014,0.0674437789126254,1.82577975716943,-54.4241175579147,0.233685382979851,-0.0984103300933381
9.7,98.9212727190519,89,-34.4421331409179,-54.251543684855,-1.23468857792225,0.0674437789126254,1.80624239910616,-54.234447212294,0.245478689572408,-0.0987833132504863
9.71666666666667,99.3627367357565,89,-34.4421331409179,-54.0734153439393,-1.22718906500973,0.0674437789126254,1.78689558981934,-54.0367717937717,0.256386355654103,-0.0991811070331466
9.73333333333333,99.8165563745005,90,-33.4421331409179,-53.9035472202588,-1.22197072559981,0.0674437789126254,1.76773827484005,-53.8380597127056,0.2655302176953,-0.0996447460019751
9.75,100.282291434662,90,-33.4421331409179,-53.6481366442692,-1.21978240945451,0.0674437789126254,1.74876938398692,-53.643315130803,0.272394229636215,-0.100195861330048
9.76666666666667,100.759507711936,90,-33.4421331409179,-53.4066615130845,-1.21342289650377,0.0674437789126254,1.72998783214987,-53.4200483200324,0.281788764436164,-0.100598835865179
9.78333333333333,101.24777775323,91,-32.4421331409179,-53.1787948117258,-1.20626102111726,0.0674437789126254,1.71139252005254,-53.1824672918329,0.291495840857327,-0.100967514254911
9.8,101.746681622245,91,-32.4421331409179,-52.8704372231535,-1.20052398868164,0.0674437789126254,1.69298233499409,-52.9410225018757,0.300033311050123,-0.101374841832544
9.81666666666667,102.255807669492,92,-31.4421331409179,-52.5807773964159,-1.1900405324255,0.0674437789126254,1.67475615157056,-52.6672602591145,0.311532503274836,-0.101620226958286
9.83333333333333,102.774753300249,92,-31.4421331409179,-52.2154663104653,-1.17887011136161,0.0674437789126254,1.65671283237655,-52.3783221361799,0.323314771209462,-0.101840341880967
9.85,103.303125733905,93,-30.4421331409179,-51.8734462394264,-1.16213234885767,0.0674437789126254,1.63885122868746,-52.0507649456305,0.338661018448626,-0.101878594372116
9.86666666666667,103.840542748261,93,-30.4421331409179,-51.4601259695676,-1.14476562332346,0.0674437789126254,1.62117018112283,-51.7054215104242,0.354306898598152,-0.101900795039359
9.88333333333333,104.386633402705,93,-30.4421331409179,-51.0742105040964,-1.12245852988716,0.0674437789126254,1.60366852029117,-51.3215107122968,0.373147979144965,-0.101768443087743
9.9,104.941038734533,94,-29.4421331409179,-50.7146176933291,-1.10048847746634,0.0674437789126254,1.58634506741672,-50.9217303403201,0.391684279321819,-0.101657364540023
9.91666666666667,105.503412423275,95,-28.4421331409179,-50.2865126361392,-1.08226010486733,0.0674437789126254,1.56919863494863,-50.5225233770977,0.407626281985967,-0.101676657884779
9.93333333333333,106.073421418441,95,-28.4421331409179,-49.7946286692212,-1.06224366733027,0.0674437789126254,1.55222802715279,-50.0995070881709,0.424648603062602,-0.101643268255153
9.95,106.650746526796,96,-27.4421331409179,-49.3372388046309,-1.03721097492903,0.0674437789126254,1.5354320406869,-49.6364586344118,0.444929500507344,-0.101454969887962
9.96666666666667,107.235082955923,97,-26.4421331409179,-48.8191002161997,-1.01312965726484,0.0674437789126254,1.51880946515901,-49.1593075232691,0.464505822874218,-0.101309885295113
9.98333333333333,107.826140811753,97,-26.4421331409179,-48.2445444581901,-0.986260016965972,0.0674437789126254,1.50235908367032,-48.6507337610753,0.485873170582394,-0.1010858821602
10,108.423645547347,98,-25.4421331409179,-47.7114502163623,-0.95458033118221,0.0674437789126254,1.48607967334102,-48.099685217225,0.510406258888679,-0.10072066723812
10.0166666666667,109.027338364052,99,-24.4421331409179,-47.1241889279556,-0.924824185244661,0.0674437789126254,1.46997000582316,-47.5357811159565,0.533623460173921,-0.100436637521509
10.0333333333333,109.636976561907,100,-23.4421331409179,-46.4867159679673,-0.893695389516161,0.0674437789126254,1.45402884779625,-46.9442544012761,0.557712161465543,-0.100124656027183
10.05,110.252333841302,101,-22.4421331409179,-45.802803436649,-0.859379646827246,0.0674437789126254,1.43825496144931,-46.3157290697781,0.583894079877354,-0.099727314178511
10.0666666666667,110.87320055631,102,-21.4421331409179,-45.0760415172881,-0.821110018138944,0.0674437789126254,1.42264710494853,-45.6448742469632,0.612702847285187,-0.0992230780424618
10.0833333333333,111.499383921072,103,-20.4421331409179,-44.3098405838611,-0.778835955955586,0.570039622296924,1.40720403289086,-44.929346993193,0.644196507995578,-0.0986143323732186
10.1,112.130708141319,104,-19.4421331409179,-43.489961675374,-0.774523230965347,0.574352347287162,1.40043779677472,-44.1892085398976,0.63158941649031,-0.0978957350709536
10.1166666666667,112.767013771865,105,-18.4421331409179,-42.6039505688229,-0.763391356032402,0.585484222220108,1.39396358239798,-43.4284998040647,0.62363893836879,-0.0969525179288681
10.1333333333333,113.408155561002,106,-17.4421331409179,-41.6580053029824,-0.742420013659303,0.606455564593207,1.38791982210585,-42.6262418261202,0.622116078251502,-0.0956726871891749
10.15,114.054000360604,108,-15.4421331409179,-40.6573666767004,-0.71088013318073,0.637995445071779,1.38247480072474,-41.7705069759093,0.627222107003485,-0.094017235877797
10.1666666666667,114.704425626149,109,-14.4421331409179,-39.5125262977344,-0.669395721448105,0.679479856804404,1.37779666665285,-40.8557861631347,0.638265265219393,-0.0919920147935324
10.1833333333333,115.359318385573,110,-13.4421331409179,-38.3263671817931,-0.612052764473749,0.73682281377876,1.37410230732167,-39.8449685255696,0.658833366884239,-0.0893837708871957
10.2,116.018574421847,111,-12.4421331409179,-37.1009743284374,-0.544119043702263,0.804756534550247,1.37160617239681,-38.7517690761578,0.685080897810821,-0.0863477086532083
10.2166666666667,116.682097547532,113,-10.4421331409179,-35.8374833642878,-0.469564053568342,0.879311524684167,1.37044584048957,-37.5883869041129,0.714166193258514,-0.0830035928506741
10.2333333333333,117.349798944551,114,-9.44213314091789,-34.4427575221649,-0.39120595112581,0.957669627126699,1.37070246635559,-36.3649554336,0.744115083614596,-0.0794385874028948
10.25,118.021596481116,115,-8.44213314091789,-33.0167326994414,-0.303696842777697,1.04517873547481,1.37248377579952,-35.0536081504958,0.778349580829667,-0.0754689623983482
10.2666666666667,118.697413912696,117,-6.44213314091789,-31.5592637733291,-0.2119068365229,1.34887557825251,1.37589422114564,-33.6727637172258,0.813495657343729,-0.0712475607080576
10.2833333333333,119.377180033798,118,-5.44213314091789,-29.9688043002101,-0.131363968602219,1.34887557825251,1.38352772993165,-32.242948818575,0.83354073745111,-0.0668665493563187
10.3,120.060827399341,119,-4.44213314091789,-28.3412594383733,-0.0346733768662199,1.34887557825251,1.39127580032505,-30.7335961652905,0.866014994955515,-0.0620987121219927
10.3166666666667,120.748290442071,121,-2.44213314091789,-26.6838571867351,0.0746842354299672,1.34887557825251,1.39913273249031,-29.1509054535421,0.908651233707619,-0.0570718727123786
10.3333333333333,121.439504007992,122,-1.44213314091789,-24.9094443486461,0.193106448700723,1.34887557825251,1.4070929809539,-27.5033362769759,0.959065667095672,-0.051913284012707
10.35,122.134402566757,124,0.557866859082111,-23.1235788805026,0.324651471495051,1.34887557825251,1.41515115110287,-25.7646167885812,1.01997789226271,-0.0464985730491573
10.3666666666667,122.832919887423,125,1.55786685908211,-21.2377356864577,0.462788490959553,1.34887557825251,1.42330199575619,-23.9568372928421,1.08703682199892,-0.0410494857953071
10.3833333333333,123.53498902102,127,3.55786685908211,-19.3561662806838,0.609835504767098,1.34887557825251,1.43154041180762,-22.0632111774153,1.16176774423527,-0.0354943899682328
10.4,124.240538853351,128,4.55786685908211,-17.38910389592,0.758382424988618,1.34887557825251,1.43986143693855,-20.1121491906653,1.23918999364352,-0.0300780558431109
10.4166666666667,124.949468615299,129,5.55786685908211,-15.4396222146771,0.84900517003706,2.19788074828957,1.46082530083045,-18.1177979284229,1.25180340385019,-0.0247038237875515
10.4333333333333,125.661633010121,130,6.55786685908211,-13.4810652129165,0.928195416239685,2.27707099449219,1.48437729359577,-16.1367054279791,1.25329828244434,-0.0194543871770281
10.45,126.37684626671,131,7.55786685908211,-11.4871729675766,1.00387369855205,2.35274927680456,1.50927982699163,-14.16389315986,1.25168636226441,-0.0142646070714654
10.4666666666667,127.09488357322,132,8.55786685908211,-9.46142554995392,1.07972325411151,2.42859883236402,1.53549878428105,-12.1850473875664,1.24949163986632,-0.00901697712755761
10.4833333333333,127.815481492468,133,9.55786685908211,-7.40719627355018,1.15778796643909,2.5066635446916,1.56304692283466,-10.1907382250287,1.24806497921303,-0.00364363760009921
10.5,128.53833873588,134,10.5578668590821,-5.32754844585051,1.23898016202378,2.58785574027629,1.59196095648534,-8.17540501731246,1.24796332132138,0.00188818265952782
10.5166666666667,129.263117128518,134,10.5578668590821,-3.22515174601957,1.32348650712704,2.67236208537955,1.6222862354356,-6.13636274050288,1.24924703209876,0.00758810058341656
10.5333333333333,129.989489030584,135,11.5578668590821,-1.19601473710438,1.4110727466053,2.75994832485781,1.65406732229355,-4.07292968646096,1.25169915385156,0.0134517451121128
10.55,130.717500432513,135,11.5578668590821,0.857535888893394,1.49407606467575,2.84295164292826,1.68727731328334,-2.02157753983511,1.25027768885698,0.0192239223918104
10.5666666666667,131.447297710282,135,11.5578668590821,2.83971974254847,1.57571209241233,2.92458767066484,1.72185936283564,0.0286990350422962,1.2472345175002,0.0250046879482559
10.5833333333333,132.178911490728,135,11.5578668590821,4.75423603028388,1.65073058829081,2.99960616654332,1.757733697226,2.04977248036321,1.2392188122042,0.0306136950148055
10.6,132.912270864525,135,11.5578668590821,6.60443749311389,1.71669729338246,3.06557287163497,1.79475796424304,4.02314095219367,1.22485685036497,0.0359578096452051
10.6166666666667,133.647215362408,135,11.5578668590821,8.39308570651534,1.77301668070884,3.12189225896135,1.83276567781844,5.93762050686673,1.20403336517611,0.0410025212569147
10.6333333333333,134.383505061813,135,11.5578668590821,10.1222971246117,1.8201886202689,3.16906419852141,1.87159037924057,7.78727828544768,1.17735473158344,0.0457496897944148
10.65,135.12082928332,135,11.5578668590821,11.7935997602704,1.85927640428043,3.20815198253294,1.91107923359629,9.56972632215598,1.14577194478021,0.0502212512775806
10.6666666666667,135.858814177348,134,10.5578668590821,13.408044002448,1.8915503303705,3.240425908623,1.95109928317162,11.2848023054287,1.11033356527285,0.0544480148584529
10.6833333333333,136.597029373706,134,10.5578668590821,14.8725895854536,1.91826766915155,3.26714324740406,1.99153894917297,12.9336091341918,1.07203779399423,0.0584625100578483
10.7,137.334993842336,134,10.5578668590821,16.287282898151,1.93332950554404,3.28220508379655,2.03224117939632,14.481999048798,1.02705611091509,0.0620514028247234
10.7166666666667,138.072181168879,134,10.5578668590821,17.6520212236981,1.94139388877705,3.29026946702955,2.07304444545774,15.9442464379945,0.978725393604038,0.0653550833299379
10.7333333333333,138.808024439135,134,10.5578668590821,18.966313874234,1.94566016649044,3.29453574474295,2.11385243272292,17.3316700149675,0.929294427059102,0.0684720609022242
10.75,139.541920717251,134,10.5578668590821,20.2295989608554,1.94817986911414,3.29705544736665,2.15461238011054,18.6527847950694,0.880170847297525,0.0714671143744922
10.7666666666667,140.273235292473,134,10.5578668590821,21.4414357189878,1.95015506209982,3.29903064035233,2.19529851797616,19.9137057497864,0.832149993793594,0.0743795339219112
10.7833333333333,141.00130576245,134,10.5578668590821,22.601606109806,1.95219681854341,3.30107239679592,2.23590014871194,21.118645331856,0.785608503816481,0.0772305023232966
10.8,141.725445935271,134,10.5578668590821,23.7101543718105,1.95453309650873,3.30340867476124,2.27641360548984,22.270407277535,0.740657050750131,0.080029184322771
10.8166666666667,142.444949540846,133,9.55786685908211,24.7673872417951,1.9571656834988,3.30604126175131,2.31683723805614,23.3708231558022,0.697253642569591,0.0827774282902493
10.8333333333333,143.159093749613,133,9.55786685908211,25.6801109861564,1.95998164549817,3.30885722375068,2.35716862063232,24.4211084061217,0.655282618121992,0.0854731804555962
10.85,143.867142500831,133,9.55786685908211,26.5486537082656,1.95560451268047,3.30448009093298,2.39733773220553,25.3862748616435,0.609906393587472,0.0878693507849433
10.8666666666667,144.568349645314,133,9.55786685908211,27.3734890415727,1.94760451279808,3.29648009105058,2.43725037181012,26.2794150295219,0.563616923400392,0.0900768626816714
10.8833333333333,145.26196190889,134,10.5578668590821,28.1548803967162,1.93831551092269,3.2871910891752,2.47686131571086,27.1106931652434,0.517996990383396,0.0921704761243501
10.9,145.94722168364,134,10.5578668590821,28.9868477656074,1.92913926435715,3.27801484260966,2.51615631931217,27.8876914638244,0.473955667845257,0.0941970845826176
10.9166666666667,146.623369654256,134,10.5578668590821,29.7702388765688,1.9280389950671,3.27691457331961,2.55520447754719,28.6517491184974,0.436632020557597,0.0964268376262216
10.9333333333333,147.289647266929,134,10.5578668590821,30.5061264984205,1.93159662038794,3.28047219864045,2.59410543503756,29.3943727621205,0.403538291451444,0.0987580226639859
10.95,147.94529904798,134,10.5578668590821,31.1961417221231,1.93739100862455,3.28626658687706,2.63291068862161,30.1088308484465,0.372938183086959,0.101117158511512
10.9666666666667,148.589574779213,134,10.5578668590821,31.8422028653334,1.94382740921338,3.29270298746589,2.67163876460075,30.7902667787848,0.343705136493149,0.103454846347681
10.9833333333333,149.221731536615,135,11.5578668590821,32.446335658778,1.94995159332828,3.29882717158079,2.71028739940996,31.4355567102021,0.315176287529896,0.105740815998377
11,149.841035598678,135,11.5578668590821,33.1043040807348,1.95527605942568,3.30415163767819,2.74884271283681,32.0430414320856,0.287020170316515,0.10795907349328
11.0166666666667,150.446764230239,135,11.5578668590821,33.7184956877568,1.9668548938214,3.31573047207391,2.78735125894503,32.6480768167989,0.263826215813411,0.110347098167258
11.0333333333333,151.03820734735,136,12.5578668590821,34.2912367293436,1.98100132345775,3.32987690171026,2.82588061731139,33.2386464634661,0.242998032637246,0.112790792284098
11.05,151.614669064716,136,12.5578668590821,34.9188504976399,1.99540749167085,3.34428306992336,2.8644491113719,33.806241386442,0.222944918776083,0.115216841267335
11.0666666666667,152.175469045038,137,13.5578668590821,35.5043540547941,2.01601163670756,3.36488721496007,2.90311128677689,34.3812424545739,0.207508470562719,0.117826359447398
11.0833333333333,152.719943564017,137,13.5578668590821,36.1444017213823,2.03852307330322,3.38739865155573,2.94192858442657,34.9482327442539,0.193709386633375,0.120484456781263
11.1,153.247446491996,138,14.5578668590821,36.7424897626121,2.06760180917414,3.41647738742665,2.9809717375487,35.5323960523448,0.184517322016745,0.123351362188144
11.1166666666667,153.757350185029,139,15.5578668590821,37.3957684591771,2.09820919302793,3.44708477128044,3.0203016919037,36.114625572164,0.176462934459185,0.126267228345281
11.1333333333333,154.249046169958,139,15.5578668590821,38.1019131586313,2.1346326318914,3.48350821014391,3.05997950215513,36.7176434800225,0.17229109512112,0.129378864340462
11.15,154.721945719162,140,16.5578668590821,38.7651058454199,2.17893198253855,3.52780756079106,3.10011796387211,37.3566789486826,0.173178757855822,0.132764298325302
11.1666666666667,155.175480198495,141,17.5578668590821,39.4832931419024,2.22447869849054,3.57335427674305,3.1407855422644,38.0053749997154,0.174596753208064,0.136211555505175
11.1833333333333,155.609101181622,141,17.5578668590821,40.2548963190565,2.27470396836916,3.62357954662167,3.18203072262234,38.6814747839598,0.178752683153864,0.139837656617877
11.2,156.022280489174,142,18.5578668590821,40.9847100158794,2.33131124301909,3.6801868212716,3.22394384347097,39.3970099046041,0.186634847062451,0.143706439973991
11.2166666666667,156.414510294807,143,19.5578668590821,41.7711297865478,2.38763095039345,3.73650652864596,3.26656774979304,40.1237404907088,0.193739402491576,0.147601892304779
11.2333333333333,156.785303048937,143,19.5578668590821,42.612864006747,2.44723189069204,3.79610746894455,3.30992620424808,40.8784389185722,0.202415221204579,0.151643016580599
11.25,157.134191083867,144,20.5578668590821,43.4148521809257,2.51203848061366,3.86091405886617,3.3540878608952,41.6727555412564,0.213840829630624,0.155898707254722
11.2666666666667,157.460726150938,144,20.5578668590821,44.2755197104739,2.57562362502044,3.92449920327295,3.39907776179048,42.4784160090139,0.223709145659358,0.160159114158714
11.2833333333333,157.764479001004,145,21.5578668590821,45.0997774693698,2.64178358245338,3.99065916070589,3.44490578201319,43.3123331923305,0.234548171627607,0.164549302240362
11.3,158.045039005074,146,22.5578668590821,45.9857619481083,2.70541390834185,4.05428948659436,3.49156462739746,44.1505002703298,0.242986957931918,0.168900013108258
11.3166666666667,158.302013727194,146,22.5578668590821,46.9317160165801,2.830745358158,3.33039732896311,3.5268723812744,45.0396493510145,0.318822624913297,0.173336472428702
11.3333333333333,158.535028413437,147,23.5578668590821,47.8145724378584,2.96050136200995,3.42122653165948,3.56222193879939,46.0149058789537,0.398181192188562,0.177807175512644
11.35,158.743726893766,147,23.5578668590821,48.7087534863296,3.07715796203667,3.50288615167818,3.59875375030437,47.0165129397388,0.466821943423112,0.181928529217446
11.3666666666667,158.927775317253,148,24.5578668590821,49.5256927119701,3.18031103511642,3.575093302834,3.6363099854639,48.0303674968694,0.524753029444591,0.185676303430018
11.3833333333333,159.086865541433,148,24.5578668590821,50.3688473391745,3.26374510046529,3.63349714857821,3.67469112004305,49.0138626470641,0.56816688649233,0.18883288603309
11.4,159.220716857848,149,25.5578668590821,51.1468283370758,3.33292569399785,3.68192356405101,3.71369841282832,49.9773543428682,0.601026973254406,0.191565221139643
11.4166666666667,159.329076542385,149,25.5578668590821,51.9603401685353,3.38508985786871,3.71843847876061,3.75314516430744,50.8953284294395,0.621790966920834,0.193770569020547
11.4333333333333,159.411719811342,150,26.5578668590821,52.7155427279791,3.4274414305248,3.74808457961987,3.79287525002007,51.7893984859126,0.635502812200734,0.195676086097452
11.45,159.468449528263,150,26.5578668590821,53.5110960583647,3.4578065072764,3.76934013334599,3.83275781077212,52.6409000440243,0.640917614448937,0.197202155540399
11.4666666666667,159.499095859883,150,26.5578668590821,54.2515444086514,3.48326142619477,3.78715857658885,3.87269501256423,53.4751221747889,0.642898152192447,0.198575550176357
11.4833333333333,159.503515839907,151,27.5578668590821,54.9405925493323,3.50110429683376,3.79964858603614,3.91261030662478,54.2749086279935,0.639759776300713,0.199702779580898
11.5,159.481592917137,151,27.5578668590821,55.6752320137419,3.51038491485478,3.80614501865085,3.95240658217913,55.0297793385607,0.631012305137052,0.200546849444744
11.5166666666667,159.43323644385,151,27.5578668590821,56.3586310443416,3.51857887478583,3.81188079060259,3.99202896441858,55.7700226020963,0.621711999418748,0.201350527869822
11.5333333333333,159.358381261497,151,27.5578668590821,56.9934251132927,3.52287132881256,3.8148855084213,4.03144535681509,56.4811907926429,0.610026062599961,0.202019497627625
11.55,159.256987422839,152,28.5578668590821,57.582081136183,3.52191450614912,3.81421573255689,4.0706000073468,57.1539503709912,0.595132888474843,0.202506331552879
11.5666666666667,159.129040000083,152,28.5578668590821,58.2205436112001,3.51534199052748,3.80961497162175,4.10942767271487,57.7828465955383,0.576876893602212,0.202795379444337
11.5833333333333,158.974548940995,152,28.5578668590821,58.8111558721583,3.51071444702579,3.80637569117056,4.14790907997175,58.4011283771624,0.560312557926564,0.203134523228375
11.6,158.793548946016,152,28.5578668590821,59.3559466516616,3.50500634301533,3.80238001836324,4.18604688717544,58.9958576979431,0.543410946575406,0.203424731764431
11.6166666666667,158.586099346999,152,28.5578668590821,59.8569704404103,3.49650792553642,3.796431126128,4.22381668170591,59.5582474192245,0.52505988666843,0.203608638902383
11.6333333333333,158.352283973624,152,28.5578668590821,60.3161798038062,3.4844367696363,3.78798131699792,4.26117997547026,60.0827956977436,0.504785153621739,0.203658566511206
11.65,158.092210997539,152,28.5578668590821,60.7353664876087,3.46862708335271,3.77691453659941,4.29809313351655,60.5664857996912,0.482529909222385,0.203566848373837
11.6666666666667,157.806012747209,152,28.5578668590821,61.1161471561117,3.44929283806532,3.76338056489823,4.33451312217184,61.0080979840122,0.458488314945373,0.203338383381062
11.6833333333333,157.493845492269,152,28.5578668590821,61.4599756948111,3.42685555102533,3.74767446397024,4.37040088427648,61.407649828591,0.432985903077217,0.202985168156914
11.7,157.155889277022,151,27.5578668590821,61.768169205373,3.40182538940383,3.73015335083519,4.40572302829463,61.7659624065587,0.40639806022434,0.202522480044543
11.7166666666667,156.792347885567,151,27.5578668590821,61.9481982377742,3.37472408459859,3.71118243747152,4.4404523842865,62.0843390496293,0.379098080604321,0.201966366616593
11.7333333333333,156.403448742785,151,27.5578668590821,62.1007724301748,3.33872168368157,3.68598075682961,4.47452157281817,62.3284463348332,0.346621679988816,0.201088691581486
11.75,155.989442762473,150,26.5578668590821,62.2265998762415,3.328863779354,2.84686427896181,4.5015657581927,62.5189838748773,0.346404909432824,0.200015584409323
11.7666666666667,155.550604312002,150,26.5578668590821,62.2041925655963,3.3485824031243,2.85573765965845,4.52093695500767,62.7100320152785,0.381728090157346,0.198740850960155
11.7833333333333,155.087232498631,149,25.5578668590821,62.1100453083035,3.34850012609541,2.85570063499544,4.54009990302418,62.8466026668856,0.402866520396588,0.196863345606183
11.8,154.599655120261,148,24.5578668590821,61.8590060319549,3.32790129927616,2.84643116292678,4.55890623711502,62.9108468347413,0.409533642468262,0.194358026939161
11.8166666666667,154.088231996653,147,23.5578668590821,61.4642431414419,3.28077230324489,2.82522311471271,4.57718071770213,62.8588990575844,0.397941043436704,0.191025494861307
11.8333333333333,153.553356540807,147,23.5578668590821,60.9374653435946,3.20576575073661,2.79147016608398,4.59472168149186,62.6657444782738,0.367434603213936,0.186819729960294
11.85,152.995456051165,146,22.5578668590821,60.38264920945,3.10446189411909,2.7458834306061,4.61132924254099,62.3199220329294,0.319305972738683,0.181790981066722
11.8666666666667,152.414991183291,145,21.5578668590821,59.7090979102372,2.98749582351089,2.69324869883241,4.62685223471227,61.8552296825539,0.260823264373569,0.176287437212838
11.8833333333333,151.812455030527,144,20.5578668590821,58.9248260898664,2.85536338561991,2.63378910178147,4.64117879205167,61.2635251568758,0.19245713681331,0.170323880734877
11.9,151.188371977606,143,19.5578668590821,58.0370407162971,2.7098152537724,2.56829244245009,4.65420605522475,60.5432306683516,0.115502952179089,0.163956389706273
11.9166666666667,150.543296376786,142,18.5578668590821,57.0522286317597,2.5532392635395,2.49783324684529,4.66584715331282,59.697162000415,0.0316619702424365,0.157262044420362
11.9333333333333,149.877811161044,141,17.5578668590821,55.9762675806813,2.38823908617664,2.423583167032,4.67603431760581,58.7308908339591,-0.0572424667426912,0.150325082772489
11.95,149.192526506668,140,16.5578668590821,54.8145414198502,2.21736319320558,2.34668901519502,4.68471942109857,57.6515520550122,-0.149445854340609,0.143227992461398
11.9666666666667,148.488078459933,139,15.5578668590821,53.5720476996243,2.04294488670614,2.26820077727027,4.69187291839057,56.4670087508181,-0.24334774878794,0.13604625180162
11.9833333333333,147.765127564392,138,14.5578668590821,52.2534912027087,1.86702129659241,2.18903516171909,4.69748189410231,55.1852949505926,-0.337563447419129,0.128845664901159
12,147.024357408424,138,14.5578668590821,50.8633607564653,1.69130600293827,2.10996327957473,4.70154771339971,53.8142667689601,-0.43093954414655,0.121681458814623
12.0166666666667,146.266482892849,137,13.5578668590821,49.4997298542837,1.51719595258777,2.03161375691701,4.70408360150699,52.3614043367532,-0.522546589976364,0.114598507679377
12.0333333333333,145.492257181649,137,13.5578668590821,48.0672457030086,1.35319597316623,1.95781376617731,4.70514231375097,50.8696385526847,-0.606763541015042,0.107875622271145
12.05,144.702448337055,136,12.5578668590821,46.6641057571061,1.19665304441632,1.88736944823985,4.70479573799902,49.3333691818235,-0.685421651079508,0.101424702667511
12.0666666666667,143.897836448175,136,12.5578668590821,45.19529903599,1.0622653575746,1.70739013643394,4.70127214420857,47.7894306244045,-0.744693223751898,0.0954254673167641
12.0833333333333,143.079212881464,136,12.5578668590821,43.7554367073952,0.935111654377092,1.66447576160478,4.69662350709035,46.2270821866822,-0.799030414631272,0.0897038211650712
12.1,142.247379476059,136,12.5578668590821,42.3407641083639,0.817885495955661,1.62491193313755,4.69110798326966,44.667540303056,-0.847097275525042,0.0843772383599093
12.1166666666667,141.403147915021,136,12.5578668590821,40.9526607544941,0.712234496809211,1.58925472092562,4.68479387740483,43.1244287780692,-0.887809681707155,0.0794950036951527
12.1333333333333,140.547338817662,136,12.5578668590821,39.5924761778985,0.618798503405096,1.55772007315173,4.67775573211033,41.6075427799934,-0.920761018888392,0.0750730910582001
12.15,139.680780364387,136,12.5578668590821,38.2615532425864,0.537531027918408,1.53029230017497,4.67006958555555,40.1237630988761,-0.946004783252613,0.0711049773209666
12.1666666666667,138.804306508201,135,11.5578668590821,36.9612291546501,0.467943710877044,1.50680658067351,4.66180981341099,38.6778028344421,-0.963889491289564,0.0675698377414963
12.1833333333333,137.918754976568,135,11.5578668590821,35.5990824289124,0.409286828101455,1.48700988273675,4.65304716019134,37.2728003306576,-0.974936979069991,0.0644385734976415
12.2,137.02496512282,135,11.5578668590821,34.2759689049953,0.353244278401504,1.46809552221302,4.64382509527557,35.8748446488851,-0.984691375833568,0.0614347019183554
12.2166666666667,136.123775758386,135,11.5578668590821,32.9928235120754,0.302351092460761,1.45091907195802,4.63417286928267,34.4972491045725,-0.991460322909986,0.0586394395812947
12.2333333333333,135.216022973036,135,11.5578668590821,31.7503729011664,0.258108010596212,1.43598703182873,4.62413082458343,33.149934511448,-0.994249139803331,0.0560994891610686
12.25,134.302538032816,134,10.5578668590821,30.5492017095734,0.221254512738885,1.42354897630188,4.61374536773586,31.8400916500076,-0.992575570047243,0.0538362864299012
12.2666666666667,133.384145269947,134,10.5578668590821,29.2960505403913,0.191989236718526,1.41367194564501,4.60306532488351,30.5727634500889,-0.986320461766505,0.0518534391463098
12.2833333333333,132.461660033857,134,10.5578668590821,28.0908908515963,0.1627090307675,1.40378987613654,4.5921168582463,29.3154055145249,-0.980546491645748,0.0498991502092391
12.3,131.535886834648,134,10.5578668590821,26.9337555673803,0.136469993975899,1.39493420121938,4.58091532908859,28.0822203958834,-0.973209636575313,0.0480728011160465
12.3166666666667,130.607617558126,133,9.55786685908211,25.8244725052476,0.11514222230898,1.38773607828179,4.56948964970239,26.883613171612,-0.963065976635838,0.0464341145851247
12.3333333333333,129.677629726523,133,9.55786685908211,24.6690043584792,0.0997181454706177,1.38253045234884,4.55787650891538,25.7269283925801,-0.949462447824339,0.0450136050955252
12.35,128.746684848612,132,8.55786685908211,23.5665522126132,0.0831288597314447,1.37693156841187,4.54609362200902,24.5811701202314,-0.937103012925295,0.0435776367552371
12.3666666666667,127.815526889154,132,8.55786685908211,22.4226638778417,0.0687705715013809,1.37208564613423,4.53415032700219,23.4614876088303,-0.923715743807953,0.04223722784182
12.3833333333333,126.8848808787,131,7.55786685908211,21.3360334312915,0.0512789827862391,1.36618223494287,4.52204846211187,22.3428340295331,-0.912859059855383,0.0408156319731794
12.4,125.955451738538,131,7.55786685908211,20.2116701054773,0.0352092566074201,1.36075870235751,4.50978947820637,21.2447493731556,-0.901484292242,0.0394623859265163
12.4166666666667,125.027923387915,130,6.55786685908211,19.1477373924438,0.0158492327759323,1.35719642545987,4.49739146129661,20.1452918242554,-0.892756238532848,0.0380253770057604
12.4333333333333,124.102957974917,130,6.55786685908211,18.0488481470328,-0.00146501667201002,1.3474105615805,4.4847886458295,19.0661117122309,-0.8829551374111,0.0366687689339538
12.45,123.181195185399,129,5.55786685908211,17.0126667253346,-0.020460006721495,1.32841557153101,4.4718458850453,17.9872696361715,-0.874248562722564,0.0352472006789143
12.4666666666667,122.263239291936,128,4.55786685908211,15.9427336876349,-0.0361689254541004,1.31270665279841,4.45857399044211,16.9318364517753,-0.863337256661848,0.0339240669546033
12.4833333333333,121.349601289346,128,4.55786685908211,14.8419595776079,-0.0532393570602435,1.29563622119227,4.44499079398716,15.8796215569243,-0.853342409173057,0.0325479193833223
12.5,120.440682836755,127,3.55786685908211,13.8068968497513,-0.0742050689862194,1.27467050926629,4.43105523600661,14.8168944784442,-0.845877214212886,0.0310315513584744
12.5166666666667,119.53679382694,126,2.55786685908211,12.7404331414439,-0.0929271911895186,1.25594838706299,4.41676240230006,13.7708845840478,-0.836842125910665,0.0295763695764293
12.5333333333333,118.638168184782,125,1.55786685908211,11.6450328781357,-0.113286564900371,1.23558901335214,4.40211940377843,12.7243778812834,-0.828831477139831,0.0280552721215363
12.55,117.744977085789,125,1.55786685908211,10.5230552577979,-0.137369939599773,1.21150563865274,4.38708444470358,11.6657125831736,-0.823161857389851,0.0263957928179917
12.5666666666667,116.857339949247,124,0.557866859082111,9.47028830627819,-0.166040331725573,1.18283524652694,4.37159178143897,10.5875890722733,-0.820296470813221,0.0245636691159031
12.5833333333333,115.97533362277,123,-0.442133140917889,8.38881565298993,-0.192164703870683,1.15671087438183,4.35563375513966,9.52179127829336,-0.815474483309902,0.0227930001515474
12.6,115.099000171173,122,-1.44213314091789,7.28035866983223,-0.219113572847315,1.12976200540519,4.33922705948174,8.45411340687913,-0.810971961436605,0.0209745602556152
12.6166666666667,114.228353465235,121,-2.44213314091789,6.14664354880445,-0.248787221698928,1.10008835655358,4.32234513391949,7.37470886911723,-0.808011837966725,0.0190435845527617
12.6333333333333,113.363384810226,120,-3.44213314091789,4.98920981260207,-0.282061845448315,1.06681373280419,4.30493880826047,6.27722755588965,-0.807098005771131,0.0169670266338103
12.65,112.504067735596,119,-4.44213314091789,3.80932698509303,-0.319149305637646,1.02972627261486,4.2869502436624,5.15795493825336,-0.808279503869845,0.0147330144786317
12.6666666666667,111.650362181512,118,-5.44213314091789,2.60798013281431,-0.359869409074252,0.989006169178257,4.26832162789956,4.01504708869911,-0.811346887203913,0.0123426855154546
12.6833333333333,110.802218152814,117,-6.44213314091789,1.38589495487857,-0.403843767995108,0.945031810257401,4.24900000994749,2.84790305799457,-0.815969423044729,0.00980423817911789
12.7,109.959578830505,116,-7.44213314091789,0.143581846017529,-0.450624906062965,0.898250672189544,4.22893946578532,1.6566823540696,-0.82178442486278,0.00712886536238559
12.7166666666667,109.122383332462,115,-8.44213314091789,-1.11861453477045,-0.499775313277421,0.849100264975089,4.20810154895139,0.441955789201629,-0.828450260806795,0.00432817701820479
12.7333333333333,108.290569216728,115,-8.44213314091789,-2.40046824092866,-0.550910103959314,0.797965474293195,4.18645474233965,-0.795531512705564,-0.835673425415732,0.00141273038685926
12.75,107.46407474615,114,-9.44213314091789,-3.60809094921476,-0.603714844673983,1.34887557825251,4.16397341757485,-2.05500905362181,-0.843218281335571,-0.00160866535746342
12.7666666666667,106.642840902548,113,-10.4421331409179,-4.81996738285638,-0.702593302371127,1.34887557825251,4.15132765577368,-3.32491782975519,-0.904289013154641,-0.00445775309024678
12.7833333333333,105.826812433888,112,-11.4421331409179,-6.0154766761483,-0.797325412233159,1.34887557825251,4.13872339665095,-4.62254728797681,-0.963285064863732,-0.0070691915898295
12.8,105.015937154659,112,-11.4421331409179,-7.19534894286634,-0.823003254160922,0.525872324091587,4.11364763807227,-5.90206724749006,-0.949134810864447,-0.00935937770180631
12.8166666666667,104.210165142973,111,-12.4421331409179,-8.29518208583545,-0.83607486005789,0.51280071819462,4.08714323717252,-7.12695922295293,-0.924324208710507,-0.0114190622102824
12.8333333333333,103.409449505773,110,-13.4421331409179,-9.4408845163638,-0.841029036382624,0.507846541869885,4.06055233495524,-8.28455736278838,-0.894753354884238,-0.0131883277598705
12.85,102.613749587086,110,-13.4421331409179,-10.6272726130635,-0.847124178453829,0.50175139979868,4.03393225167266,-9.4145401751507,-0.866662610165658,-0.0149675325979503
12.8666666666667,101.823034228615,109,-14.4421331409179,-11.7555455057754,-0.859495089765743,0.489380488486767,4.00722218275367,-10.5441773096273,-0.843344389984455,-0.016932034456465
12.8833333333333,101.037284030321,109,-14.4421331409179,-12.9208498450817,-0.873205680084461,0.475669898168049,3.98036643886456,-11.6550169589211,-0.821396201093158,-0.0189252926190676
12.9,100.256492831916,108,-15.4421331409179,-14.0254079349542,-0.89243373522321,0.456441843029299,3.95330934642865,-12.7694700989013,-0.803488779352233,-0.0210904271192742
12.9166666666667,99.4806686523645,108,-15.4421331409179,-15.1652715697673,-0.911806531681506,0.437069046571003,3.92601172014056,-13.8660031737199,-0.78596328236018,-0.0232547806417658
12.9333333333333,98.709834312995,107,-16.4421331409179,-16.2434103390527,-0.93540100189058,0.41347457636193,3.89843869710761,-14.9652758944005,-0.771464014910832,-0.0255560591377012
12.95,97.9440279253242,107,-16.4421331409179,-17.3564603983487,-0.957940206476107,0.390935371776403,3.87057182953202,-16.0449397330175,-0.756435378270955,-0.0278227155313226
12.9666666666667,97.1833032371523,107,-16.4421331409179,-18.4078274943574,-0.983694853559387,0.365180724693123,3.8423945080634,-17.1254539436273,-0.743684863301738,-0.030197059198767
12.9833333333333,96.4277299030492,106,-17.4421331409179,-19.4007190011352,-1.00812787650643,0.348875578252509,3.81400731555259,-18.1848025667101,-0.730408564802667,-0.0325134842802431
13,95.6773936920005,106,-17.4421331409179,-20.4318046326892,-1.02954166707247,0.348875578252509,3.78568951371474,-19.2089190806397,-0.716051283644999,-0.0346750446539985
13.0166666666667,94.9325674981853,106,-17.4421331409179,-21.4035016249256,-1.05389633160629,0.348875578252509,3.75747690225405,-20.225178646116,-0.704624777783566,-0.0368737780808756
13.0333333333333,94.1951699374141,106,-17.4421331409179,-22.317486900138,-1.07698127989239,0.348875578252509,3.7293734820385,-21.2161623327509,-0.693299725722473,-0.0389717649352004
13.05,93.4691107834236,106,-17.4421331409179,-23.1755394509885,-1.09609380826178,0.348875578252509,3.70138309706831,-22.169461654003,-0.680222927132503,-0.0408847136841706
13.0666666666667,92.7586599677407,106,-17.4421331409179,-23.9795204355904,-1.10965884868522,0.348875578252509,3.67350943850241,-23.0765957248549,-0.664276839315304,-0.0425677949585225
13.0833333333333,92.0663832236349,106,-17.4421331409179,-24.7313550364968,-1.11693056763574,0.348875578252509,3.64575604859593,-23.9321406162488,-0.644889998510018,-0.0440046170173719
13.1,91.3918176145853,106,-17.4421331409179,-25.4330159808813,-1.11775878890276,0.0674437789126254,3.61812632455024,-24.7330291405625,-0.621887868730543,-0.0451986763888421
13.1166666666667,90.7331211670884,106,-17.4421331409179,-26.0962923447931,-1.10015186354134,0.348875578252509,3.58808903672191,-25.4691509329437,-0.581624808731706,-0.0461784799613438
13.1333333333333,90.0899382871346,106,-17.4421331409179,-26.7220280579221,-1.0911192785709,0.348875578252509,3.56071709868892,-26.1544342486572,-0.553314271348849,-0.047013454923852
13.15,89.464021778179,106,-17.4421331409179,-27.3015085935982,-1.07895695844589,0.348875578252509,3.53347882089059,-26.7946233657428,-0.523433853938462,-0.0477331210349718
13.1666666666667,88.8582553109608,106,-17.4421331409179,-27.8369152558005,-1.06352079675297,0.348875578252509,3.50637703635187,-27.38796962774,-0.491852061237569,-0.0483367210262267
13.1833333333333,88.2757457979776,105,-18.4421331409179,-28.3304091363419,-1.0449866102505,0.348875578252509,3.47941445155093,-27.9341271096796,-0.458652558115329,-0.0488338849898949
13.2,87.7193914361994,105,-18.4421331409179,-28.8778634302171,-1.02373777076033,0.348875578252509,3.45259364977057,-28.4337828590685,-0.42406144008364,-0.049240629571956
13.2166666666667,87.1917647111399,105,-18.4421331409179,-29.3818009734949,-1.00782535763464,0.348875578252509,3.42591709437438,-28.9243372236633,-0.393451646116485,-0.0498197613335514
13.2333333333333,86.6951374499767,104,-19.4421331409179,-29.8444774540406,-0.994540177987788,0.354335400264721,3.39939483134429,-29.3958403124445,-0.365064071674181,-0.050476280687481
13.25,86.2315575288436,104,-19.4421331409179,-30.3616573305185,-0.982655070093036,0.366220508159474,3.37314449513457,-29.8418052602098,-0.338344451069004,-0.0511491261189793
13.2666666666667,85.8029454589835,103,-20.4421331409179,-30.8353519789224,-0.978608037967281,0.370267540285229,3.34717637798701,-30.2944149852589,-0.317622082526513,-0.0520435502251415
13.2833333333333,85.4112098781562,102,-21.4421331409179,-31.3611526147933,-0.977921369454908,0.370954208797601,3.32140141444428,-30.7390724422899,-0.299741056779754,-0.0530211858214695
13.3,85.0583999188707,102,-21.4421331409179,-31.9354682248178,-0.984940257158113,0.363935321094397,3.29572551012235,-31.2009263636124,-0.287418006105617,-0.0542341367916688
13.3166666666667,84.7469268951523,101,-22.4421331409179,-32.4615028630988,-1.00155436959867,0.348875578252509,3.27001560685509,-31.6962065080538,-0.281679333615313,-0.0557561863123074
13.3333333333333,84.4798987160237,100,-23.4421331409179,-33.0364290853795,-1.02190552442638,0.348875578252509,3.24440752824276,-32.1991488667791,-0.278968559319195,-0.057365683764641
13.35,84.2616250947197,99,-24.4421331409179,-33.6574473766986,-1.04956156284898,0.348875578252509,3.21895921859258,-32.7282429662517,-0.281814683251934,-0.0591650750820209
13.3666666666667,84.098327604527,98,-25.4421331409179,-34.3213158445387,-1.08611384857141,0.348875578252509,3.19367220561117,-33.2956594671449,-0.291321576361101,-0.0611982497174667
13.3833333333333,83.9990261200664,96,-27.4421331409179,-35.0249344416145,-1.13191592095807,0.348875578252509,3.16854792584197,-33.9085547619793,-0.307772753580226,-0.0634675110902381
13.4,83.9763923547402,95,-28.4421331409179,-35.8590855851164,-1.18648861940706,0.348875578252509,3.14358772721376,-34.570376889144,-0.330892249862054,-0.0659481370915005
13.4166666666667,84.0470842691581,94,-29.4421331409179,-36.7213782526317,-1.25636893359805,0.348875578252509,3.11879287153053,-35.3178557962327,-0.365101320341809,-0.068842535002357
13.4333333333333,84.2308823019164,93,-30.4421331409179,-37.6093361629476,-1.33693142042661,0.348875578252509,3.09416453690407,-36.1379537299948,-0.407385131845256,-0.0719856409827854
13.45,84.5482065611542,93,-30.4421331409179,-38.5206262529472,-1.42435320452685,0.348875578252509,3.06970382013037,-37.0192074043351,-0.455222517064747,-0.0752441166470427
13.4666666666667,85.0165027846755,92,-31.4421331409179,-39.3593138046232,-1.51551070969499,0.348875578252509,3.04541173901108,-37.9515866211943,-0.50652588110335,-0.0785119259028363
13.4833333333333,85.6469119596205,91,-32.4421331409179,-40.2229131730834,-1.60034088816325,0.348875578252509,3.02128923462114,-38.8903844437632,-0.554526370702941,-0.0814629922894229
13.5,86.4426216936927,91,-32.4421331409179,-41.109293633417,-1.68459926641435,0.0674437789126254,2.99823505259023,-39.840851046405,-0.604960193280012,-0.0841501103950685
13.5166666666667,87.3993005864757,91,-32.4421331409179,-41.9324871955045,-1.73709850443657,0.0674437789126254,2.96976374312308,-40.7960616609198,-0.622548839610502,-0.0866114096570797
13.5333333333333,88.5069859985041,91,-32.4421331409179,-42.7050354381088,-1.78057411868724,0.0674437789126254,2.94146538844674,-41.7157179443445,-0.634941104137134,-0.088704128638296
13.55,89.7524492895234,91,-32.4421331409179,-43.428645254683,-1.81365512503915,0.0674437789126254,2.91334183834313,-42.5897204773654,-0.641107431700011,-0.0903965421865048
13.5666666666667,91.121297849829,91,-32.4421331409179,-44.1050790416379,-1.83592679712258,0.0674437789126254,2.88539483756972,-43.4116657290458,-0.640654094701475,-0.0916890525648318
13.5833333333333,92.5994884134431,91,-32.4421331409179,-44.7361399507149,-1.84764466253971,0.0674437789126254,2.85762602877199,-44.1779690377959,-0.63363976058918,-0.0926038062755689
13.6,94.1693907926663,92,-31.4421331409179,-45.3236585475524,-1.84951565865155,0.0674437789126254,2.83003695532924,-44.8871698901333,-0.620434198333472,-0.0931768487567625
13.6166666666667,95.8036637280769,93,-30.4421331409179,-45.7757400104698,-1.8425311359918,0.0674437789126254,2.80262906413501,-45.5393808047513,-0.601609661237075,-0.0934522236592634
13.6333333333333,97.47899265708,94,-29.4421331409179,-46.1000676264613,-1.8202978082206,0.0674437789126254,2.77540370831363,-46.0998846393109,-0.57279966817427,-0.0932342969894356
13.65,99.1762409361564,95,-28.4421331409179,-46.3041178147763,-1.77980434856134,0.0674437789126254,2.74836214987404,-46.5466633232843,-0.531858468448467,-0.0924437180671041
13.6666666666667,100.878951184375,96,-27.4421331409179,-46.3951457733156,-1.72041350317702,0.0674437789126254,2.72150556230247,-46.8672700797545,-0.47821581586755,-0.0910807663811085
13.6833333333333,102.572464378529,97,-26.4421331409179,-46.3801737812709,-1.6430924428968,0.0674437789126254,2.69483503309487,-47.0563628715833,-0.412381504157064,-0.0891976641144497
13.7,104.243482365514,98,-25.4421331409179,-46.2659819262371,-1.5498329819947,0.0674437789126254,2.66835156623084,-47.1137737825059,-0.335569653505537,-0.0868779926782094
13.7166666666667,105.879958568948,99,-24.4421331409179,-46.0591010373196,-1.44322037256262,0.0674437789126254,2.64205608458981,-47.0430064852679,-0.249417084759029,-0.0842216286981417
13.7333333333333,107.471219536586,100,-23.4421331409179,-45.7658076186854,-1.32611834015338,0.0674437789126254,2.61594943231114,-46.8500762130023,-0.155775626309999,-0.0813339645300848
13.75,109.008231882645,102,-21.4421331409179,-45.3921205905344,-1.20144432883313,0.0674437789126254,2.59003237709891,-46.5426224496422,-0.0565620827948033,-0.0783184235924718
13.7666666666667,110.48396664195,103,-20.4421331409179,-44.8500588780236,-1.07201418119672,0.348875578252509,2.5643056124729,-46.1292378415988,0.0463471592808816,-0.075271484761745
13.7833333333333,111.893715414484,104,-19.4421331409179,-44.2349125762819,-0.956585539659519,0.392290038592991,2.54362232169677,-45.5942839280747,0.129718214637939,-0.0720236116240302
13.8,113.235021509752,105,-18.4421331409179,-43.5416095036896,-0.842417618384315,0.506457959868195,2.52473607145589,-44.9639861689116,0.209425895117313,-0.0686825880935764
13.8166666666667,114.507421318512,107,-16.4421331409179,-42.7717750153809,-0.732014775124625,0.616860803127885,2.50792142265462,-44.2489333496395,0.283252823285917,-0.0652862717251989
13.8333333333333,115.712183490555,108,-15.4421331409179,-41.8311820612241,-0.625482435068263,0.723393143184246,2.49311203329278,-43.4568001221745,0.351333053619532,-0.0618479724322389
13.85,116.851999422963,109,-14.4421331409179,-40.8196155586702,-0.515081579662646,0.833793998589863,2.48031055206055,-42.5561739042971,0.41890228746561,-0.0581165268407104
13.8666666666667,117.930645562526,110,-13.4421331409179,-39.7374402836541,-0.403740076881214,0.945135501371296,2.46955224606557,-41.5618415530998,0.484034198514699,-0.0541886322110535
13.8833333333333,118.952643808811,111,-12.4421331409179,-38.5851634678142,-0.29306660821016,1.05580897004235,2.46083477087839,-40.4845389815029,0.545743546742524,-0.0501209108754566
13.9,119.922946417985,112,-11.4421331409179,-37.3635737914091,-0.183772766652721,1.16510281159979,2.45413650384415,-39.3318377964831,0.603672332222139,-0.0459420818909953
13.9166666666667,120.846665097385,114,-9.44213314091789,-36.0737871007908,-0.0760049149870234,1.27287066326549,2.4494286118977,-38.108985400478,0.657847560072223,-0.0416627636037617
13.9333333333333,121.728854328992,115,-8.44213314091789,-34.6234941239631,0.030410478644986,1.3792860568975,2.44668233312624,-36.8196259748597,0.708505315415247,-0.0372828833167719
13.95,122.574350453426,115,-8.44213314091789,-33.1139730855541,0.143019217732544,1.49189479598505,2.44593837740292,-35.4305163510072,0.760670472654634,-0.0325534865911159
13.9666666666667,123.387662045244,116,-7.44213314091789,-31.6404343537351,0.258464043705533,1.34887557825251,2.44726475638856,-33.9560461444136,0.812059938637833,-0.0275818240782466
13.9833333333333,124.172904424003,117,-6.44213314091789,-30.1135717319684,0.39392462516933,1.34887557825251,2.44519014226594,-32.430994331943,0.886286498945168,-0.0226952756875567
14,124.933776055707,118,-5.44213314091789,-28.5468245352059,0.531426644707846,1.34887557825251,2.44326395275051,-30.8438761953905,0.96330552852382,-0.0179104558722867
14.0166666666667,125.673558362887,119,-4.44213314091789,-26.9474257766744,0.669003688246492,1.34887557825251,2.44148193072604,-29.2010178324925,1.04173845832149,-0.0132888165629624
14.0333333333333,126.395123978584,120,-3.44213314091789,-25.321981296813,0.796537669727883,1.34887557825251,2.44147489198856,-27.5107101473889,1.1111127995531,-0.00889214379717594
14.05,127.100957140194,120,-3.44213314091789,-23.6765055154562,0.8614164560597,2.21029203431221,2.45371098475801,-25.8192041171061,1.1132053098837,-0.00472884458295492
14.0666666666667,127.793183056843,121,-2.44213314091789,-22.0802506189994,0.919749769470672,2.26862534772318,2.46740600498028,-24.1457405753089,1.10963571105006,-0.000684753932049234
14.0833333333333,128.473600328503,122,-1.44213314091789,-20.4102173023884,0.971125499050272,2.32000107730278,2.48213054267612,-22.5052170483111,1.10103829804803,0.00316444744487773
14.1,129.143711547622,122,-1.44213314091789,-18.6740421789051,1.02430451832649,2.373180096579,2.49783957416499,-20.8606387022386,1.0933272060518,0.00710276042627211
14.1166666666667,129.80480485671,123,-0.442133140917889,-16.9727743246179,1.08397724765968,2.43285282591219,2.51459816386002,-19.1875795130997,1.08951728221849,0.0112902278835183
14.1333333333333,130.458333642159,123,-0.442133140917889,-15.2133543602185,1.14483964007471,2.49371521832722,2.53245933382534,-17.5073180949412,1.08599038978989,0.0155569176342427
14.15,131.105662657201,124,0.557866859082111,-13.4955216929126,1.21078274604208,2.55965832429459,2.5514704971755,-15.8001510183014,1.08526418212741,0.0200347715387068
14.1666666666667,131.74788780883,124,0.557866859082111,-11.7250873556173,1.27622235565398,2.62509793390649,2.57165830308928,-14.0901499582225,1.08358286079579,0.0245420985507417
14.1833333333333,132.38587169389,125,1.55786685908211,-10.0008645385159,1.34508788362825,2.69396346188076,2.59304197228307,-12.3590080610851,1.08354025103152,0.0292094557028173
14.2,133.020274625493,125,1.55786685908211,-8.22793217449385,1.41200585797855,2.76088143623106,2.61562216938314,-10.6312462589881,1.08156637267302,0.0338596952965871
14.2166666666667,133.651581508327,126,2.55786685908211,-6.5045392763816,1.48118893319717,2.83006451144968,2.63939633106852,-8.88841287318786,1.08048078262447,0.0386307324058728
14.2333333333333,134.280125146189,126,2.55786685908211,-4.73533588174322,1.54755612128749,2.89643169954,2.66434818548751,-7.15455116248216,1.07693616151499,0.0433535589021789
14.25,134.906106389019,126,2.55786685908211,-3.01824481445428,1.61558577456701,2.96446135281952,2.69046291135069,-5.41058048375179,1.073948207521,0.0481737994930222
14.2666666666667,135.52961141791,127,3.55786685908211,-1.35140448789559,1.68041881806056,3.02929439631307,2.71771605507652,-3.67988132886656,1.06832916539708,0.0529291022926019
14.2833333333333,136.150626675231,127,3.55786685908211,0.360778860129411,1.73948433551815,3.08835991377066,2.74602235474359,-1.9786046547424,1.05851660262602,0.0575270067627789
14.3,136.769051743011,128,4.55786685908211,2.02031073901232,1.79899350348513,3.14786908173764,2.775333124715,-0.281342623696759,1.04873094482545,0.0621673918600635
14.3166666666667,137.384710352468,128,4.55786685908211,3.72258802905959,1.85519937274878,3.20407495100128,2.8056135471905,1.39332170135843,1.03653467497046,0.0667239021070358
14.3333333333333,137.997359922681,128,4.55786685908211,5.36966500005265,1.91340026932598,3.26227584757849,2.83684804013624,3.06855140043266,1.02548031769934,0.0713695182912914
14.35,138.6066998948,129,5.55786685908211,6.96339280078145,1.96918285111693,3.31805842936944,2.86902180961358,4.72388654176043,1.0126503963331,0.0759578526434911
14.3666666666667,139.212379019774,129,5.55786685908211,8.59940972560572,2.02016622832505,3.36904180657756,2.9020644617367,6.34518086974721,0.996574444090024,0.0804044294790757
14.3833333333333,139.814001738646,129,5.55786685908211,10.1798365722048,2.07258957898418,3.42146515723669,2.93594393929765,7.95916655481663,0.981454979466456,0.0849118973381354
14.4,140.411133778488,130,6.55786685908211,11.7065147410134,2.12264153270545,3.47151711095796,2.97064171966736,9.548108146402,0.964776649732466,0.0893535552749767
14.4166666666667,141.003307071832,130,6.55786685908211,13.2750582775325,2.16828938306872,3.51716496132123,3.00609150831666,11.09984410945,0.945288848407163,0.0936569664157403
14.4333333333333,141.590024093562,131,7.55786685908211,14.7875838203219,2.21594172068785,3.56481729894036,3.04226959299932,12.6424900358314,0.927288077094087,0.0980313017789407
14.45,142.170761696799,131,7.55786685908211,16.3397052220717,2.26183898525385,3.61071456350636,3.07916759247386,14.1592343555786,0.908272155409311,0.102352651689223
14.4666666666667,142.744974518358,131,7.55786685908211,17.8337933396693,2.31115223672256,3.66002781497507,3.1167951561293,15.6743668555928,0.891656248840216,0.106792494363084
14.4833333333333,143.312098014759,132,8.55786685908211,19.2720982444586,2.35929148750074,3.70816706575325,3.15516017674553,17.1681389950212,0.874358453900243,0.111201023188511
14.5,143.871551181473,133,9.55786685908211,20.7507180107985,2.40369125943068,3.75256683768319,3.19421194328356,18.6268704465488,0.854745012922166,0.115489756541251
14.5166666666667,144.422739000836,133,9.55786685908211,22.2660134337128,2.45042188719985,3.79929746545236,3.2339351537865,20.077631991501,0.836871751125261,0.119857543822023
14.5333333333333,144.965054657832,134,10.5578668590821,23.7207720597021,2.50275296558083,3.85162854383334,3.27439103444725,21.5388350466218,0.822799510746148,0.124417960697708
14.55,145.497881557533,135,11.5578668590821,25.2115853960794,2.55482058275973,3.90369616101224,3.3156128160413,22.9862282652847,0.808556818107051,0.128981490354503
14.5666666666667,146.020595173304,135,11.5578668590821,26.7356296777509,2.61049548630548,3.95937106455799,3.3576237063567,24.438761880718,0.796674338184505,0.133677864308273
14.5833333333333,146.532564750854,136,12.5578668590821,28.1966004174679,2.67169791569156,4.02057349394407,3.40049419786759,25.9089829356875,0.788305098113164,0.138576823377194
14.6,147.033154889718,137,13.5578668590821,29.6919521893354,2.73183351487725,4.08070909312976,3.44424972057924,27.3686750384362,0.779011079887858,0.143463839259602
14.6166666666667,147.521727017413,138,14.5578668590821,31.2196080434886,2.79446527661932,4.14334085487183,3.48889722828706,28.8343153953203,0.77115161888184,0.148456805347355
14.6333333333333,147.997640696683,138,14.5578668590821,32.7776078984272,2.90247770302986,3.38060997037341,3.52615885557537,30.3292565363108,0.811718021353158,0.15361481452035
14.65,148.460254738104,139,15.5578668590821,34.2417079633125,3.03891711718073,3.47611756027902,3.55907928510334,31.9008206652621,0.882244680676533,0.158850712355256
14.6666666666667,148.908929589684,140,16.5578668590821,35.6856404417957,3.16165247138395,3.56203230822127,3.59336384215384,33.486056306118,0.941853000679369,0.163710364129699
14.6833333333333,149.343032266543,141,17.5578668590821,37.1156081496871,3.26882786441642,3.637055083344,3.62883554052488,35.0635020425804,0.989603966929097,0.168120960212584
14.7,149.761940824876,142,18.5578668590821,38.536496894833,3.36081715837783,3.70144758911699,3.66530956595266,36.6215586498592,1.02604819224933,0.172082824753304
14.7166666666667,150.165047378282,143,19.5578668590821,39.9519591430164,3.43924295414578,3.75634564615456,3.70261330022407,38.1553684735986,1.052542946729,0.17563833033786
14.7333333333333,150.551760008561,144,20.5578668590821,41.3645789352687,3.50629519818342,3.8032822169809,3.74059671648476,39.6643898706115,1.07078362695645,0.178850075834136
14.75,150.921504022776,145,21.5578668590821,42.7760680933385,3.56428600055246,3.84387577863923,3.77913626087957,41.1505986905267,1.08250248556081,0.18178643761647
14.7666666666667,151.273722811094,146,22.5578668590821,44.1874620316107,3.6153820539227,3.8796430159984,3.81813462288881,42.6172189443363,1.08929181245892,0.184512716346896
14.7833333333333,151.60787841768,147,23.5578668590821,45.5992969800025,3.66146429889902,3.91190058748182,3.85751816164101,44.0678768015526,1.0925152822312,0.187086332391397
14.8,151.923451909909,148,24.5578668590821,47.0117598865008,3.70407394621387,3.94172734060222,3.89723322456903,45.5060773636976,1.09327833303321,0.189554800656541
14.8166666666667,152.219943687218,149,25.5578668590821,48.4248085316012,3.744413241403,3.96996484723461,3.93724217351411,46.9349161301091,1.09243528521654,0.191955494270151
14.8333333333333,152.49687386296,150,26.5578668590821,49.8382632223447,3.78337765478994,3.99723993660547,3.97751961466016,48.3569524942068,1.09061693254419,0.194316459614309
14.85,152.753782647593,151,27.5578668590821,51.251873512754,3.82160313724572,4.02399777432452,4.01804909880433,49.7741882862572,1.08826732876422,0.196657759902804
14.8666666666667,152.990230778325,152,28.5578668590821,52.6653642712575,3.85951761755587,4.05053791054162,4.05882040124229,51.1881087357838,1.08568241950588,0.198992996980881
14.8833333333333,153.205799931703,153,29.5578668590821,54.0784655140939,3.89739011589496,4.07704865937898,4.09982738984318,52.5997554795658,1.08304611746091,0.201330793079043
14.9,153.400093167882,154,30.5578668590821,55.4909300666982,3.9353738842812,4.10363729724935,4.14106643114135,54.0098111358505,1.08046152732937,0.203676110676557
14.9166666666667,153.572735271052,155,31.5578668590821,56.9025425294549,3.97354206814063,4.13035502595095,4.18253525516632,55.4186825767072,1.07797645504353,0.206031355523656
14.9333333333333,153.72337303434,156,32.5578668590821,58.3131223618614,4.01191572286456,4.1572165842577,4.22423219040871,56.8265756151711,1.07560323854217,0.208397251508617
14.95,153.851675625802,157,33.5578668590821,59.7225232546592,4.05048480572293,4.18421494225856,4.26615568325299,58.2335577195014,1.07333345334338,0.210773502225369
14.9666666666667,153.957334964805,157,33.5578668590821,61.1306303856233,4.08922315796947,4.21133178883114,4.30830402591826,59.6396079258623,1.07114829126378,0.213159267764798
14.9833333333333,154.040066153455,157,33.5578668590821,62.4436158966281,4.12809862394171,4.2385446150117,4.35067522964978,61.0446546709537,1.06902547691416,0.2155534904471
15,154.099607897922,158,34.5578668590821,63.6672491692443,4.15976198681408,4.26070896902237,4.39322071497698,62.4127108877343,1.06213811828125,0.217711673054738
15.0166666666667,154.135722970363,158,34.5578668590821,64.9006803684824,4.18047511791447,4.27520816079264,4.43582855213734,63.7200197371381,1.04815641729298,0.219504411057341
15.0333333333333,154.148198650339,158,34.5578668590821,66.0491293146301,4.19626451281315,4.28626073722171,4.47840480363241,64.9880705733017,1.03122410236944,0.221124683080554
15.05,154.136847199146,158,34.5578668590821,67.1170748961234,4.24326279244064,3.2583438348508,4.51286301101373,66.2057215612027,1.05333610747234,0.222454533199492
15.0666666666667,154.101506382107,158,34.5578668590821,68.0726673275812,4.32175341723812,3.29366461600966,4.53815892662837,67.4159519889162,1.1163994729171,0.223321733306554
15.0833333333333,154.042041824887,157,33.5578668590821,68.8891699000085,4.37604421925114,3.31809547691552,4.56370577401361,68.5779511266816,1.16205452651105,0.223440477070616
15.1,153.958352849171,157,33.5578668590821,69.4860402855051,4.39974749451527,3.32876195078438,4.58929625087443,69.6431104466367,1.18629883536555,0.222599126222094
15.1166666666667,153.850377692156,156,32.5578668590821,69.9743787516457,4.38413063949877,3.32173436602696,4.61466535491855,70.5474113431526,1.18362774343324,0.220508709469047
15.1333333333333,153.718096766628,155,31.5578668590821,70.2699871981378,4.33452134534029,3.29941018365564,4.63953921572962,71.2895736973693,1.15790835006563,0.217342649113032
15.15,153.561534524601,155,31.5578668590821,70.3865467970534,4.24953798879764,3.26116767321145,4.66365707966657,71.8396122162151,1.10852193984856,0.213053664962884
15.1666666666667,153.380760565877,154,30.5578668590821,70.4297905178587,4.13127347598904,3.20794864244758,4.68676202276075,72.1837841603025,1.03715726103787,0.207708723199136
15.1833333333333,153.175890211508,153,29.5578668590821,70.3105842316501,3.99117747364972,3.14490544139488,4.70865103701254,72.3554683155602,0.951674696999499,0.201682660864795
15.2,152.947084798935,153,29.5578668590821,70.0383456909803,3.83069152799944,3.07268676585226,4.72916720572365,72.347332584402,0.853216924038699,0.195021227480889
15.2166666666667,152.694551819474,152,28.5578668590821,69.7153040800839,3.6525299876254,2.99251407268394,4.74816994816011,72.159369683735,0.743755190728906,0.187812069712511
15.2333333333333,152.418544991816,152,28.5578668590821,69.2495692087902,3.46739002255987,2.90920108840445,4.76557181927425,71.8323114490346,0.630519220392781,0.180405548288863
15.25,152.119364367118,151,27.5578668590821,68.7422212634018,3.27518909469736,2.82271067086632,4.78132273005698,71.3618044175645,0.513517595668836,0.172797568187664
15.2666666666667,151.797356373164,151,27.5578668590821,68.1006753739092,3.08416407631346,2.73674941259357,4.79540600744916,70.7839023945527,0.398263595598218,0.165257790211617
15.2833333333333,151.452913898248,150,26.5578668590821,67.4256433298908,2.89216029484348,2.65034771093208,4.80782534415725,70.0897386636149,0.283326808864787,0.157714158727054
15.3,151.086476345716,150,26.5578668590821,66.6243937592917,2.70573154189069,2.56645477210332,4.81860377655142,69.3113005683403,0.17305626585277,0.15038114523484
15.3166666666667,150.698529516736,150,26.5578668590821,65.7976318557185,2.52139959867752,2.48350539765739,4.82777343995351,68.4362335115028,0.0651092416823483,0.143143308567305
15.3333333333333,150.289605454628,150,26.5578668590821,64.9464382623494,2.34470881342718,2.40399454429474,4.83537706802754,67.4936473031617,-0.0368586880723076,0.136182047682527
15.35,149.860282206054,149,25.5578668590821,64.0720485445486,2.17883173249493,2.32934985787523,4.84148986480719,66.5048098810175,-0.130806485568158,0.129600879593538
15.3666666666667,149.41118336987,149,25.5578668590821,63.0822252089709,2.02526995732762,2.26024705904994,4.84620442684423,65.4849309959366,-0.215824348048779,0.123448457474558
15.3833333333333,148.942977502423,149,25.5578668590821,62.078348955037,1.87700478811408,2.19352773290385,4.84959036976915,64.4087688459263,-0.296652263877736,0.117493169490445
15.4,148.456377334668,149,25.5578668590821,61.0622005399474,1.73721423225621,2.1306219827678,4.85170585593454,63.2958417878964,-0.371225871314658,0.111838806909302
15.4166666666667,147.952138854342,149,25.5578668590821,60.0356420819437,1.60758573202347,2.07228915766307,4.85262713526914,62.1605079615907,-0.438492831262149,0.10654022301268
15.4333333333333,147.43106012404,148,24.5578668590821,59.0006747812793,1.4887735842731,2.0188236911754,4.85243913105595,61.013171118137,-0.498097884901542,0.101618355972371
15.45,146.893979873841,148,24.5578668590821,57.8657095619034,1.39244122321464,1.81882449108745,4.848841083842,59.8665854880756,-0.537062399579231,0.0970667928748055
15.4666666666667,146.341775984765,148,24.5578668590821,56.7273419555714,1.29810040028626,1.78698446334912,4.84429001719582,58.6937581072459,-0.574504035756456,0.0925985786586276
15.4833333333333,145.775363910651,148,24.5578668590821,55.583548445771,1.20636352742807,1.75602326875948,4.83905650710409,57.5035859921339,-0.61056396152847,0.0882730704706444
15.5,145.195696126264,148,24.5578668590821,54.4383898675803,1.11818497474896,1.72626300723028,4.83316459004046,56.3017675781277,-0.644593702358311,0.0841192483275976
15.5166666666667,144.603771565126,147,23.5578668590821,53.2955632984376,1.03436766733418,1.6979746659778,4.82664320574263,55.0938910937233,-0.676050177672137,0.0801609314574153
15.5333333333333,144.00062427354,147,23.5578668590821,52.0647032210778,0.955545992552664,1.67137235073903,4.81952528247186,53.8852530175425,-0.704506486879247,0.0764162679392514
15.55,143.387312165605,147,23.5578668590821,50.8484718026549,0.874752845933128,1.64410466375494,4.81182423853646,52.6448207613403,-0.734586344321884,0.0726544246004296
15.5666666666667,142.764913352948,146,22.5578668590821,49.6494109103169,0.795760702669684,1.61744481540353,4.80354661462353,51.3891116090513,-0.763756049934373,0.0689981918613779
15.5833333333333,142.134521678907,146,22.5578668590821,48.375958004958,0.721156588696814,1.59226592693768,4.79471663763558,50.1313113137927,-0.790284636479074,0.0655305185684
15.6,141.497241255921,146,22.5578668590821,47.129604401811,0.645166854543474,1.56661939166093,4.78534775625177,48.845836653853,-0.818003366654992,0.0620599497853353
15.6166666666667,140.854179956952,146,22.5578668590821,45.911786970784,0.572208776621823,1.54199604036237,4.77545161914057,47.552750363483,-0.843955042972814,0.0587303528811671
15.6333333333333,140.206441680025,145,21.5578668590821,44.7236645586381,0.505132587023968,1.5193578263731,4.76506004196424,46.26733963905,-0.866241132599075,0.0556330846757487
15.65,139.555117288355,145,21.5578668590821,43.4724867119251,0.44560907826521,1.49926864216702,4.75421731547853,45.0009931554316,-0.883758468810235,0.0528201551442424
15.6666666666667,138.901274027929,144,20.5578668590821,42.2587150383196,0.387014843914212,1.47949308807356,4.74295195372885,43.7260617637278,-0.900918530983086,0.0500716334939646
15.6833333333333,138.245943348359,144,20.5578668590821,40.9891413199404,0.333016553067774,1.46126866491288,4.73128614396921,42.4604752870885,-0.915275238933325,0.0475064161875207
15.7,137.590106949647,143,19.5578668590821,39.7636910847979,0.27839241816661,1.44283301938374,4.71923577179645,41.1815172916095,-0.930299250779509,0.0449514013992166
15.7166666666667,136.934681142809,143,19.5578668590821,38.4885926060148,0.22774943918732,1.42574101397823,4.7068169176365,39.9107066574341,-0.942915269215064,0.0425567944270679
15.7333333333333,136.280499833457,142,18.5578668590821,37.2632136109282,0.176458303862263,1.40843025580602,4.694043619269,38.6278275647322,-0.956199300070035,0.0401691371249118
15.75,135.62829639811,142,18.5578668590821,35.993250321034,0.129464247245596,1.3925697616979,4.68093268584992,37.3560428099983,-0.96685248884133,0.037949783507789
15.7666666666667,134.978685138009,141,17.5578668590821,34.777574853695,0.0822969519295687,1.37665079952874,4.66750025018098,36.0761251787206,-0.977847612955126,0.0357504605853542
15.7833333333333,134.332143348926,140,16.5578668590821,33.5214285435882,0.0399398169730717,1.36235526648092,4.65376574590074,34.8117396740892,-0.985863445504588,0.0337337089680881
15.8,133.688995086217,139,15.5578668590821,32.2295286732053,-0.00203854928813116,1.34683702896438,4.63973216929768,33.543833000015,-0.99381487367226,0.0317499090154298
15.8166666666667,133.049398091833,138,14.5578668590821,30.9062684017996,-0.0445157318500196,1.30435984640249,4.62505977209871,32.2607900455259,-1.00152042967853,0.0297146190111984
15.8333333333333,132.413335535377,138,14.5578668590821,29.5547374358007,-0.0882567975622339,1.26061878069028,4.60963055862331,30.9569938463423,-1.00924664858076,0.0275847922485619
15.85,131.780613985374,137,13.5578668590821,28.2705942235713,-0.13382186255844,1.21505371569407,4.59342353839921,29.6295613325399,-1.01734916667572,0.0253409234490606
15.8666666666667,131.150868902107,136,12.5578668590821,26.9559969375726,-0.174139826737936,1.17473575151457,4.57647762717293,28.3130343422231,-1.02120296836559,0.0232199174859378
15.8833333333333,130.523578337615,135,11.5578668590821,25.6129313041394,-0.21283835212253,1.13603722612998,4.5588533170088,26.9948336100187,-1.02334257989023,0.0211085717105804
15.9,129.898084753702,134,10.5578668590821,24.2435446107396,-0.252154880854091,1.09672069739842,4.54056282708713,25.666019840316,-1.02529174174389,0.0189349595108702
15.9166666666667,129.273624014924,133,9.55786685908211,22.8499144548807,-0.293310391604921,1.05556518664759,4.52159005286785,24.3207340040073,-1.02784843113939,0.0166580204108577
15.9333333333333,128.649359849007,132,8.55786685908211,21.4339263812524,-0.336828413629947,1.01204716462256,4.50190474129867,22.9555457093331,-1.03132264879646,0.0142583914185957
15.95,128.024421683317,131,7.55786685908211,19.9972251473977,-0.382788552349883,0.966087025902626,4.4814719060822,21.5688225969051,-1.03572183223316,0.011730936744626
15.9666666666667,127.397943332278,130,6.55786685908211,18.5412120046423,-0.431015814923785,0.917859763328725,4.46025756918664,20.1601808939597,-1.04088683710399,0.00907904114040724
15.9833333333333,126.769099932327,129,5.55786685908211,17.0670676566209,-0.481213535582619,0.867662042669891,4.43823183477565,18.730041424078,-1.04658557022657,0.00631050824742763
16,126.137140837142,128,4.55786685908211,15.5757868251136,-0.533050439340644,0.815825138911865,4.41537014642151,17.2792928718978,-1.05257286596696,0.00343479909265432
16.0166666666667,125.501416741816,128,4.55786685908211,14.0682153709548,-0.586212733504609,0.762662844747901,4.39165339866708,15.8090514656459,-1.05862508290388,0.000461316360434283
16.0333333333333,124.861399989058,127,3.55786685908211,12.6388254696964,-0.640431108201564,0.708444470050945,4.36706740051442,14.3205004499608,-1.06455689842642,-0.00260154374479449
16.05,124.216697708336,126,2.55786685908211,11.1886896118201,-0.68826808107878,0.660607497173729,4.34166759674337,12.8506504049439,-1.06552682542592,-0.00550335203133391
16.0666666666667,123.567058054153,126,2.55786685908211,9.7188442042792,-0.733282833313643,0.615592744938867,4.315534458474,11.3881955335328,-1.06405635976905,-0.00835331209290751
16.0833333333333,122.912369234458,125,1.55786685908211,8.32436921129285,-0.777817962054877,0.571057616197633,4.28869975594386,9.92462915773837,-1.06177020025828,-0.0112251415674392
16.1,122.252633908633,124,0.557866859082111,6.90708914654461,-0.816062492387838,0.532813085864671,4.26122994603223,8.48983197672061,-1.05491958904211,-0.0139213179477291
16.1166666666667,121.587934525514,124,0.557866859082111,5.46877051068297,-0.852477873087082,0.496397705165428,4.23319573834795,7.06755129966357,-1.04660106352632,-0.0165819950060354
16.1333333333333,120.91842639833,123,-0.442133140917889,4.10511268956118,-0.889809038181304,0.459066540071205,4.20460849646304,5.64606778751527,-1.0386641737568,-0.0192963151168341
16.15,120.244332589987,122,-1.44213314091789,2.7184128095395,-0.922326592825268,0.426548985427241,4.1755103988414,4.25334486385858,-1.0273660796024,-0.0218719230458073
16.1666666666667,119.565936530755,122,-1.44213314091789,1.31076011448025,-0.954387250243722,0.394488328008787,4.14594817623641,2.87212303032085,-1.01568703423512,-0.0244479257621933
16.1833333333333,118.883573438294,121,-2.44213314091789,-0.0219575705536209,-0.988539762663695,0.360335815588815,4.11591178566344,1.49027400367602,-1.00530506771883,-0.0271091247487649
16.2,118.197621254574,120,-3.44213314091789,-1.37736483969488,-1.02010025702147,0.348875578252509,4.08568436780765,0.135248951445885,-0.993714606806291,-0.0296571272534492
16.2166666666667,117.508491964984,119,-4.44213314091789,-2.75272351456148,-1.05426786525544,0.348875578252509,4.05553390561452,-1.21171898992895,-0.984940454999697,-0.0322212018454867
16.2333333333333,116.816623301072,119,-4.44213314091789,-4.14431341875283,-1.09327401610615,0.348875578252509,4.02547687782058,-2.56368159549872,-0.980490627880019,-0.0348700433934813
16.25,116.12247143922,118,-5.44213314091789,-5.45460323135778,-1.13795636905205,0.348875578252509,3.99551814448981,-3.9284389039791,-0.980930419084601,-0.0376267043227036
16.2666666666667,115.426504327951,117,-6.44213314091789,-6.77972764526987,-1.18067772799247,0.348875578252509,3.96566238410872,-5.27383503415988,-0.981146958287224,-0.0402400072938467
16.2833333333333,114.729196105178,116,-7.44213314091789,-8.11637637906978,-1.22407084710162,0.348875578252509,3.93591409818721,-6.61275190587482,-0.982850420188425,-0.0427991111736371
16.3,114.031022373364,115,-8.44213314091789,-9.46154306003271,-1.26948823791808,0.348875578252509,3.90627761575838,-7.95326188325428,-0.986915924942832,-0.0453486971657136
16.3166666666667,113.332456402242,114,-9.44213314091789,-10.812506939189,-1.31740167275021,0.348875578252509,3.87675709777895,-9.29990406130086,-0.993639604924113,-0.0479034362273034
16.3333333333333,112.633966162931,113,-10.4421331409179,-12.1668151895538,-1.367701922836,0.348875578252509,3.84735654143254,-10.6546744739738,-1.00293172901214,-0.0504587296215363
16.35,111.936012103282,112,-11.4421331409179,-13.5222658113344,-1.41992056383921,0.348875578252509,3.81807978433774,-12.0177883628172,-1.01446048408934,-0.052998556861221
16.3666666666667,111.239045567656,111,-12.4421331409179,-14.8768911623315,-1.4733912972894,0.348875578252509,3.78893050866288,-13.3882615626257,-1.02775731004221,-0.0555010949555379
16.3833333333333,110.543507764816,110,-13.4421331409179,-16.2289421266824,-1.52736468181296,0.348875578252509,3.75991224514948,-14.7643489967588,-1.04229248844041,-0.0579426351563727
16.4,109.849829192528,109,-14.4421331409179,-17.5768729305075,-1.58108729230799,0.348875578252509,3.73102837704622,-16.1438708741565,-1.05752790494212,-0.060300212349624
16.4166666666667,109.158429435058,108,-15.4421331409179,-18.9193266088977,-1.63385400474151,0.348875578252509,3.70228214395533,-17.5244511484321,-1.07295246598873,-0.0625532729357243
16.4333333333333,108.469717258641,107,-16.4421331409179,-20.2551211249817,-1.68504023695999,0.348875578252509,3.67367664559308,-18.903687892871,-1.08810448934378,-0.0646846354521056
16.45,107.784090939249,106,-17.4421331409179,-21.5832361385113,-1.73411947784442,0.348875578252509,3.6452148454663,-20.279271262142,-1.10258445428951,-0.0666809409895868
16.4666666666667,107.101938766086,105,-18.4421331409179,-22.9028004184797,-1.78067023931249,0.348875578252509,3.61689957446651,-21.6490614854626,-1.11606074868088,-0.0685327449225141
16.4833333333333,106.423639672758,104,-19.4421331409179,-24.2130798917041,-1.82437561144876,0.348875578252509,3.58873353438352,-23.0111367293642,-1.12827045194303,-0.070234365379572
16.5,105.74956395582,103,-20.4421331409179,-25.5134663170452,-1.86501784403,0.0674437789126254,3.56071930134,-24.3638185677369,-1.13901671706743,-0.0717835754056182
16.5166666666667,105.080074063063,102,-21.4421331409179,-26.8132502955727,-1.87957935913149,0.0674437789126254,3.52816900517972,-25.6945177887583,-1.12252976854531,-0.0731937635230985
16.5333333333333,104.415525793743,102,-21.4421331409179,-28.1206468382873,-1.89343792664945,0.0674437789126254,3.49577652743064,-27.0007982311721,-1.10624642296137,-0.0745461211488003
16.55,103.756270272032,101,-22.4421331409179,-29.3394795110009,-1.90911377014465,0.0674437789126254,3.46354527356857,-28.2950889420392,-1.09183238487495,-0.0759235481090008
16.5666666666667,103.102655805956,100,-23.4421331409179,-30.5671260749295,-1.9204050278327,0.0674437789126254,3.43147849769697,-29.5495093695365,-1.07512553808006,-0.0771246159917847
16.5833333333333,102.455029310598,100,-23.4421331409179,-31.8014135504523,-1.93114895425221,0.0674437789126254,3.39957930655145,-30.7808344577306,-1.05864512756592,-0.0782790146217334
16.6,101.813737405939,99,-24.4421331409179,-32.9466322358529,-1.94369017716608,0.0674437789126254,3.36785066341446,-32.0006355988289,-1.04394337504128,-0.0794636480667004
16.6166666666667,101.179127274806,99,-24.4421331409179,-34.1005782477288,-1.95175623644219,0.0674437789126254,3.33629539194183,-33.1805896015544,-1.02681350362799,-0.0804746924262672
16.6333333333333,100.551547339519,98,-25.4421331409179,-35.1677110139968,-1.95918242522547,0.0674437789126254,3.30491617990307,-34.3373224697298,-1.00977548627641,-0.0814417410547653
16.65,99.9313477984467,98,-25.4421331409179,-36.2459662151491,-1.96080871979184,0.0674437789126254,3.27371558283728,-35.4464863103395,-0.989350834033131,-0.0821995937785654
16.6666666666667,99.3188810522142,97,-26.4421331409179,-37.2399158108043,-1.96128449460237,0.0674437789126254,3.24269602762635,-36.5278086740193,-0.968597991424671,-0.0829054699197356
16.6833333333333,98.7145020415848,97,-26.4421331409179,-38.2475833717966,-1.95603007616966,0.0674437789126254,3.21185981598713,-37.5593380790046,-0.944427417359729,-0.0834132671390747
16.7,98.1185685139009,96,-27.4421331409179,-39.1736063586015,-1.95009357101942,0.0674437789126254,3.18120912788438,-38.5626314173849,-0.920169583082161,-0.0838927548605579
16.7166666666667,97.5314412316342,96,-27.4421331409179,-40.1160535703717,-1.93915428762226,0.0674437789126254,3.15074602486601,-39.5171123134979,-0.892916344652592,-0.0842054142593565
16.7333333333333,96.9534841346031,95,-28.4421331409179,-40.9795894096394,-1.92841306058553,0.0674437789126254,3.12047245332239,-40.4453505525617,-0.866110062965168,-0.0845248877698418
16.75,96.3850644665333,95,-28.4421331409179,-41.8622931913975,-1.91362234296294,0.0674437789126254,3.09039024767111,-41.3274953178296,-0.836901872457427,-0.0847138111920275
16.7666666666667,95.8265528767253,94,-29.4421331409179,-42.6688251461929,-1.89999764925245,0.0674437789126254,3.06050113346895,-42.1866153966264,-0.808754250681651,-0.084945041584335
16.7833333333333,95.2783235086587,94,-29.4421331409179,-43.4972473506232,-1.8832642636966,0.0674437789126254,3.03080673045244,-43.0031816139222,-0.778809932338057,-0.0850790952497379
16.8,94.7407540895473,94,-29.4421331409179,-44.2521912396182,-1.8685816582056,0.0674437789126254,3.00130855550861,-43.8004467395418,-0.750502848869041,-0.0852858427800895
16.8166666666667,94.2142260384447,93,-30.4421331409179,-44.9379391601162,-1.85160024136685,0.0674437789126254,2.97200802557726,-44.5589598517442,-0.720933571996062,-0.0854223030821951
16.8333333333333,93.699124616051,93,-30.4421331409179,-45.6523890238245,-1.82984885786657,0.0674437789126254,2.94290646048633,-45.266000585983,-0.688425796074754,-0.0854112435804419
16.85,93.1958391478089,92,-31.4421331409179,-46.2999923737721,-1.80974579147699,0.0674437789126254,2.91400508572172,-45.9499245276411,-0.657245590466985,-0.0854649975071719
16.8666666666667,92.7047633648329,92,-31.4421331409179,-46.9785793184978,-1.78778545175392,0.0674437789126254,2.88530503513288,-46.5950391426514,-0.625058552671272,-0.0854681446840727
16.8833333333333,92.2262959274971,91,-32.4421331409179,-47.5925297265609,-1.76957317546136,0.0674437789126254,2.85680735357561,-47.2273004341546,-0.59561060759772,-0.0856033119434714
16.9,91.7608412292175,91,-32.4421331409179,-48.2395989364138,-1.75096850998802,0.0674437789126254,2.82851299949334,-47.82908146995,-0.566158460923612,-0.0857321598426207
16.9166666666667,91.3088106326983,90,-33.4421331409179,-48.824089657334,-1.73708469250668,0.0674437789126254,2.80042284743825,-48.4247810992944,-0.54012863107731,-0.0860198081157209
16.9333333333333,90.8706243867027,90,-33.4421331409179,-49.4436783205166,-1.72340324108985,0.0674437789126254,2.77253769053335,-48.9955205843673,-0.514530187052136,-0.0863147087381538
16.95,90.4467146485937,89,-34.4421331409179,-50.0025875599678,-1.71475017370315,0.0674437789126254,2.74485824287701,-49.5646936311079,-0.492599388867564,-0.0867721714196176
16.9666666666667,90.037530389056,89,-34.4421331409179,-50.5984130861132,-1.70639178351815,0.0674437789126254,2.71738514189092,-50.1126151982663,-0.471200757172175,-0.0872335111831488
16.9833333333333,89.6435457164955,89,-34.4421331409179,-51.1352966354435,-1.70299567280374,0.0674437789126254,2.69011895061286,-50.6620326282438,-0.453462273468906,-0.0878489905920323
17,89.2652750214328,88,-35.4421331409179,-51.617012484096,-1.69971430436413,0.0674437789126254,2.66306015993528,-51.1927428743252,-0.436168829456625,-0.0884564997859234
17.0166666666667,88.9033037942536,88,-35.4421331409179,-52.1409366106166,-1.69359161892794,0.0674437789126254,2.63620919079105,-51.6911068027468,-0.417331788297317,-0.0889607628512815
17.0333333333333,88.5583656610621,88,-35.4421331409179,-52.6109888493884,-1.69058718481344,0.0674437789126254,2.60956639628731,-52.1844563543597,-0.400917461075236,-0.0895575465305199
17.05,88.2316020490796,87,-36.4421331409179,-53.0307207359505,-1.68677143360546,0.0674437789126254,2.58313206378862,-52.6560176433259,-0.384310491911576,-0.0901165695513991
17.0666666666667,87.92488387901,87,-36.4421331409179,-53.4972858604904,-1.67982090607999,0.0674437789126254,2.55690641695055,-53.0946719315186,-0.365939085886556,-0.0905640475735848
17.0833333333333,87.6404721539341,87,-36.4421331409179,-53.9143830804873,-1.67611240651223,0.0674437789126254,2.53088961770456,-53.5295611489101,-0.350047600746961,-0.0911095235148924
17.1,87.3805612390406,86,-37.4421331409179,-54.2853453028344,-1.67197324042191,0.0674437789126254,2.50508176819549,-53.945169994253,-0.334194720117549,-0.0916308231671015
17.1166666666667,87.1470552514256,86,-37.4421331409179,-54.7071106604443,-1.66521941372198,0.0674437789126254,2.47948291267247,-54.3312139150341,-0.316905959679087,-0.0920581863102294
17.1333333333333,86.9414863749144,86,-37.4421331409179,-55.0831664426401,-1.66228309595343,0.0674437789126254,2.45409303933429,-54.7173456769249,-0.302467509405338,-0.0926023166105532
17.15,86.7650081942349,86,-37.4421331409179,-55.4166384976049,-1.65948847603272,0.0674437789126254,2.4289120821303,-55.0883175061452,-0.28844083594343,-0.0931402659530689
17.1666666666667,86.6184255415744,86,-37.4421331409179,-55.7105221608845,-1.65460947172568,0.0674437789126254,2.40393992251767,-55.4339321526025,-0.273327776430044,-0.0936002646022623
17.1833333333333,86.5022392618954,86,-37.4421331409179,-55.9676816963769,-1.64646727192312,0.0674437789126254,2.37917639117601,-55.7478276501723,-0.25631441782941,-0.0939469274662876
17.2,86.4166942620637,85,-38.4421331409179,-56.1908504451562,-1.63462092752276,0.0674437789126254,2.35462126968035,-56.0265173151661,-0.237073285258528,-0.0941699800532553
17.2166666666667,86.3618249804688,85,-38.4421331409179,-56.4763723828141,-1.61913171256486,0.0674437789126254,2.33027429213316,-56.2686353848952,-0.215611902521871,-0.0942757598767803
17.2333333333333,86.3374956838518,85,-38.4421331409179,-56.727148392861,-1.60793029843254,0.0674437789126254,2.30613514675656,-56.5103190897939,-0.197217571666996,-0.094524257023785
17.25,86.3434348054943,85,-38.4421331409179,-56.9457277185645,-1.59828116071678,0.0674437789126254,2.28220347744539,-56.7409123752701,-0.180091123103121,-0.0948220255911685
17.2666666666667,86.37926426261,85,-38.4421331409179,-57.1345406691041,-1.58848773732899,0.0674437789126254,2.25847888528203,-56.9533496706389,-0.16310555386327,-0.0951124698223413
17.2833333333333,86.4445239791866,85,-38.4421331409179,-57.2958995873211,-1.57760450487939,0.0674437789126254,2.2349609300139,-57.1432850356433,-0.145622893472054,-0.0953652538181662
17.3,86.5386900790346,85,-38.4421331409179,-57.4320002942203,-1.56521584134734,0.0674437789126254,2.21164913149434,-57.3084050662218,-0.127352927760845,-0.095568236475827
17.3166666666667,86.6611890612602,85,-38.4421331409179,-57.5449239511322,-1.55126778912303,0.0674437789126254,2.18854297108764,-57.4478897376932,-0.108245179770446,-0.0957213959260995
17.3333333333333,86.8114089812265,85,-38.4421331409179,-57.6366392848253,-1.53594151811202,0.0674437789126254,2.16564189303919,-57.5619919886478,-0.0884071950552407,-0.0958323129013962
17.35,86.9887082118216,86,-37.4421331409179,-57.7090051250277,-1.51955948048377,0.0674437789126254,2.14294530581126,-57.6517122946574,-0.0680435260601397,-0.0959128680790145
17.3666666666667,87.1924222758243,86,-37.4421331409179,-57.6700324292215,-1.50251703425063,0.0674437789126254,2.12045258338541,-57.718548951289,-0.0474109097517619,-0.0959768779984822
17.3833333333333,87.4218691589956,86,-37.4421331409179,-57.6209423718538,-1.47768916089277,0.0674437789126254,2.09816306653201,-57.7283372095913,-0.0217265252471527,-0.0957950882357887
17.4,87.6763534405092,86,-37.4421331409179,-57.5630799289942,-1.44880073884486,0.0674437789126254,2.07607606404786,-57.6949465086967,0.00657409326161418,-0.0954965387665649
17.4166666666667,87.9551695142693,86,-37.4421331409179,-57.4976867842511,-1.41860316324588,0.0674437789126254,2.05419085396233,-57.6294404994311,0.0356739655653092,-0.095174277554129
17.4333333333333,88.2576041215287,87,-36.4421331409179,-57.4259064582414,-1.38908023629775,0.0674437789126254,2.03250668471299,-57.5406046864235,0.0642465766626561,-0.0948932611713781
17.45,88.5829383711484,87,-36.4421331409179,-57.2550485849225,-1.36161480499916,0.0674437789126254,2.01102277629117,-57.4353792420495,0.0913518661222694,-0.0946967155152948
17.4666666666667,88.9304493876217,87,-36.4421331409179,-57.0856489379201,-1.32957859373388,0.0674437789126254,1.98973832135826,-57.2832422228242,0.121411513771352,-0.0943678748081354
17.4833333333333,89.2994116973917,88,-35.4421331409179,-56.9183846625878,-1.29684411910626,0.0674437789126254,1.96865248633335,-57.1003387363758,0.15186051522862,-0.0940365187827348
17.5,89.6890984398484,88,-35.4421331409179,-56.660107784497,-1.26606993595437,0.0674437789126254,1.9477644124528,-56.8989822818404,0.180914296485056,-0.0937886116179508
17.5166666666667,90.0987824697126,89,-34.4421331409179,-56.410906538803,-1.2314443816924,0.0674437789126254,1.92707321680248,-56.6524794425856,0.212446810045872,-0.0934337833441908
17.5333333333333,90.5277374014452,89,-34.4421331409179,-56.0772809350636,-1.19731787844957,0.0674437789126254,1.90657799332315,-56.3796116961575,0.243565799493201,-0.0931163276534748
17.55,90.9752386331787,90,-33.4421331409179,-55.7589730421305,-1.15903712120322,0.0674437789126254,1.88627781378967,-56.0584461154744,0.277379866569074,-0.092684917396041
17.5666666666667,91.4405643769064,90,-33.4421331409179,-55.3621436239228,-1.12170940605705,0.0674437789126254,1.8661717287646,-55.7111929969614,0.310490471542089,-0.0923085396979507
17.5833333333333,91.9229967128398,91,-32.4421331409179,-54.9862033443936,-1.081140328856,0.0674437789126254,1.84625876852678,-55.3183171870615,0.345693478417674,-0.0918500567522333
17.6,92.4218226786243,91,-32.4421331409179,-54.5369901844009,-1.04267876202149,0.0674437789126254,1.82653794397533,-54.9036353019507,0.379419894349688,-0.0914851144389631
17.6166666666667,92.9363353982162,92,-31.4421331409179,-54.1136013000866,-1.00221693589256,0.0674437789126254,1.80700824750988,-54.448617216897,0.414397579472134,-0.0910779833323815
17.6333333333333,93.4658352503481,93,-30.4421331409179,-53.6215709761669,-0.965083231563491,0.0674437789126254,1.78766865388727,-53.9776334449072,0.447061289928899,-0.0908021974590175
17.65,94.009631073527,93,-30.4421331409179,-53.0659621352769,-0.927078708458972,0.0674437789126254,1.76851812105539,-53.4723749855641,0.480190850982294,-0.0905176988161425
17.6666666666667,94.5670413990368,94,-29.4421331409179,-52.5453404648192,-0.885852370149223,0.0674437789126254,1.74955559096481,-52.9212212745918,0.51536308129424,-0.0901490673204832
17.6833333333333,95.1373957054784,94,-29.4421331409179,-51.9647214817532,-0.847906270359376,0.0674437789126254,1.73077999035837,-52.3535422032446,0.548236802566034,-0.0899091878946317
17.7,95.7200356823595,95,-28.4421331409179,-51.4224039966186,-0.809780378726962,0.0674437789126254,1.71219023153955,-51.7545469439949,0.581097236762828,-0.0896819173709895
17.7166666666667,96.3143164919487,96,-27.4421331409179,-50.8231493784342,-0.777088496760745,0.0674437789126254,1.69378521311992,-51.1509660046924,0.610174784968063,-0.0896479668647899
17.7333333333333,96.9196080171275,96,-27.4421331409179,-50.1712741071887,-0.745664539261523,0.0674437789126254,1.67556382074618,-50.5258142259744,0.638212859470439,-0.0896660286704581
17.75,97.5352960830111,97,-26.4421331409179,-49.5646246994852,-0.713021534192803,0.0674437789126254,1.65752492780734,-49.8680292032822,0.666865841122221,-0.0896540112661154
17.7666666666667,98.160783640376,97,-26.4421331409179,-48.9075253504639,-0.685419361575676,0.0674437789126254,1.6396673961223,-49.2069839599106,0.691943439039583,-0.0898149228675075
17.7833333333333,98.7954918995206,97,-26.4421331409179,-48.2976117746079,-0.659096121650086,0.0674437789126254,1.62199007660856,-48.5274995857104,0.71592466635713,-0.0900211570369468
17.8,99.4388614040394,98,-25.4421331409179,-47.7327514456128,-0.639337807631349,0.0674437789126254,1.60449180993219,-47.8556533038963,0.735254312466134,-0.0904415248909416
17.8166666666667,100.090353035055,98,-25.4421331409179,-47.1170811207733,-0.629193109418576,0.0674437789126254,1.58717142713968,-47.2096087481754,0.747835261892257,-0.091166535667478
17.8333333333333,100.74944893768,99,-24.4421331409179,-46.5480712826257,-0.622544934133279,0.0674437789126254,1.57002775027211,-46.5654873277248,0.757695753508124,-0.0919876872825918
17.85,101.41565336284,99,-24.4421331409179,-45.9297039955419,-0.622990048730094,0.0674437789126254,1.55305959296184,-45.9426696928895,0.762404528576873,-0.0930172627809787
17.8666666666667,102.088493418974,99,-24.4421331409179,-45.3593047400144,-0.624857373074877,0.0674437789126254,1.53626576101235,-45.3182440794205,0.765717809242709,-0.0940644937606061
17.8833333333333,102.767519729634,99,-24.4421331409179,-44.8344607072681,-0.632106996127997,0.716768582124512,1.51964505296156,-44.7123561530257,0.764982626035885,-0.0952561205612803
17.9,103.452306954264,100,-23.4421331409179,-44.3302240301738,-0.697393239203327,0.651482339049183,1.51354405395075,-44.1636997392902,0.702175074053755,-0.0966281194639376
17.9166666666667,104.142453235269,100,-23.4421331409179,-43.7329452721957,-0.760166522846825,0.588709055405685,1.50653526027424,-43.6802511497285,0.643304100722995,-0.0980296287273228
17.9333333333333,104.837577680683,100,-23.4421331409179,-43.1490435833093,-0.808580334287299,0.54029524396521,1.49876516971625,-43.1984399040125,0.595945343718211,-0.0990550453635464
17.95,105.537318266761,101,-22.4421331409179,-42.5837934649113,-0.844708249733455,0.504167328519055,1.49045301325964,-42.7139592578832,0.558289716156728,-0.0997505502908201
17.9666666666667,106.241330931103,101,-22.4421331409179,-41.9471387812595,-0.8711817005022,0.477693877750309,1.4817783366199,-42.2275517569966,0.528235871005536,-0.100184740686458
17.9833333333333,106.949289467821,101,-22.4421331409179,-41.3410659943967,-0.883421773656796,0.465453804595714,1.4729421050912,-41.7068317697337,0.508458280079765,-0.100187532589441
18,107.6608858588,102,-21.4421331409179,-40.7665729110612,-0.887501463519492,0.461374114733018,1.46412552019535,-41.1687850223081,0.494581217279248,-0.0999414563283107
18.0166666666667,108.375830760312,102,-21.4421331409179,-40.1298767840231,-0.887803114124278,0.461072464128232,1.45542323576498,-40.6276181006449,0.483510568591827,-0.0995815632326846
18.0333333333333,109.09385409712,103,-20.4421331409179,-39.5299449536937,-0.880062210623087,0.468813367629423,1.4469348683403,-40.0585865632772,0.477907611526268,-0.0989582299539185
18.05,109.81470557705,103,-20.4421331409179,-38.8717319963395,-0.869837156607974,0.479038421644535,1.43874244276076,-39.4822463824088,0.47392628092494,-0.0982467465635236
18.0666666666667,110.538155051368,103,-20.4421331409179,-38.2531098876233,-0.853371332521602,0.495504245730907,1.43091922858867,-38.8778626534737,0.473943172402535,-0.0973169368660099
18.0833333333333,111.263992665649,104,-19.4421331409179,-37.6718913657369,-0.836305473143383,0.512570105109126,1.42351620936383,-38.2682639997031,0.474117366089902,-0.0963498937454297
18.1,111.992028741503,104,-19.4421331409179,-37.0319658219481,-0.821943632687978,0.526931945564531,1.41651086860536,-37.6696353677004,0.472290752481237,-0.0954565157228828
18.1166666666667,112.72209356485,105,-18.4421331409179,-36.4306955929653,-0.804704744219088,0.544170834033421,1.40990587081932,-37.0568473617448,0.472178958595794,-0.0944531193701637
18.1333333333333,113.454037081608,105,-18.4421331409179,-35.7719992447636,-0.788844157054741,0.560031421197768,1.40370824208772,-36.4487987760085,0.470939160830748,-0.0934792028631446
18.15,114.187728415254,106,-17.4421331409179,-35.1531340752479,-0.769453409235559,0.579422169016951,1.39793674449598,-35.8225692011164,0.471812038764496,-0.0923717779651144
18.1666666666667,114.923055362206,106,-17.4421331409179,-34.4778507748128,-0.751232062829627,0.597643515422882,1.3926052770088,-35.1987432553648,0.471648275729803,-0.0912843818728738
18.1833333333333,115.659923852586,107,-16.4421331409179,-33.843222273606,-0.729540499116759,0.619335079135751,1.38773360263073,-34.5556107707877,0.473509073000408,-0.0900628340847361
18.2,116.398257280789,107,-16.4421331409179,-33.1528257941254,-0.709220429600054,0.639655148652455,1.38333325222705,-33.9145697778344,0.474155715185605,-0.0888656134664557
18.2166666666667,117.137995854444,108,-15.4421331409179,-32.5035855914231,-0.68568858998648,0.66318698826603,1.37942000847533,-33.2544139891082,0.476619717167975,-0.0875407966418786
18.2333333333333,117.879095943507,108,-15.4421331409179,-31.7989599048078,-0.663789335341909,0.685086242910601,1.3760009599915,-32.5968181713452,0.477669005942124,-0.0862473845901989
18.25,118.62152932547,109,-14.4421331409179,-31.1357830869755,-0.638912002934045,0.709963575318464,1.37308767327192,-31.9206962094983,0.480361126575885,-0.0848329574873145
18.2666666666667,119.365282403071,110,-13.4421331409179,-30.4174489687089,-0.615859910786757,0.733015667465752,1.37068360323981,-31.2477427425924,0.481497915247678,-0.0834555098022044
18.2833333333333,120.110355364766,110,-13.4421331409179,-29.6470073760906,-0.589978296239222,0.758897282013287,1.36879739892547,-30.556833368223,0.484171470266777,-0.0819614425359859
18.3,120.856761355076,111,-12.4421331409179,-28.9211383506394,-0.558806784291923,0.790068793960586,1.36749586170765,-29.83373777498,0.489914288502089,-0.0802641487902881
18.3166666666667,121.604525611221,112,-11.4421331409179,-28.1428483698903,-0.568273055535282,1.34887557825251,1.37491945982214,-29.1232093112701,0.450116838760798,-0.0785489729064862
18.3333333333333,122.353684602327,112,-11.4421331409179,-27.2963425756001,-0.573515637107474,1.34887557825251,1.38328825834525,-28.4214950105087,0.412265981424686,-0.0765967588322657
18.35,123.104284308586,113,-10.4421331409179,-26.4628324031366,-0.564142648694,1.34887557825251,1.39174809713507,-27.6935992289625,0.385255698859182,-0.0742165320919601
18.3666666666667,123.856376622084,114,-9.44213314091789,-25.5512744979504,-0.543282888258269,1.34887557825251,1.40029384473135,-26.9457154706721,0.367082217956379,-0.0715254063136595
18.3833333333333,124.610002903632,115,-8.44213314091789,-24.5698275656113,-0.506277262818084,1.34887557825251,1.4089205118055,-26.1483748084898,0.360931871702995,-0.0683851906548477
18.4,125.365158512685,115,-8.44213314091789,-23.5261060344509,-0.451476991126717,1.34887557825251,1.41762324790606,-25.2839435627905,0.368004918564239,-0.0647599141171778
18.4166666666667,126.121788588062,116,-7.44213314091789,-22.5209425736105,-0.379272754749989,1.34887557825251,1.42639733827214,-24.3435027054378,0.388139849375065,-0.0606808529252201
18.4333333333333,126.879794568033,117,-6.44213314091789,-21.4613549793169,-0.298910832234033,1.34887557825251,1.43523820071373,-23.3603907728593,0.415225187483691,-0.056463970274282
18.45,127.639039896763,118,-5.44213314091789,-20.3536578279332,-0.209550465234555,1.34887557825251,1.44414138255736,-22.3244889265602,0.449831050244792,-0.05208856454009
18.4666666666667,128.399354959671,119,-4.44213314091789,-19.2037149168318,-0.11167383669323,1.34887557825251,1.45310255765583,-21.2315202148395,0.491644622929319,-0.0475774065109437
18.4833333333333,129.160541370078,120,-3.44213314091789,-18.0169594538067,-0.00658920843682329,1.34887557825251,1.46211752346087,-20.0813585834882,0.5397922485871,-0.0429791439903648
18.5,129.922375710773,121,-2.44213314091789,-16.7984141712321,0.103933254816664,1.34887557825251,1.47118219815727,-18.8767297666994,0.59307728027413,-0.0383556089023744
18.5166666666667,130.684780224745,122,-1.44213314091789,-15.5527112738947,0.217922938249631,1.34887557825251,1.48029261785751,-17.622223024202,0.650152429319282,-0.0337728888639688
18.5333333333333,131.448085102238,122,-1.44213314091789,-14.2841121401744,0.333391349385946,1.34887557825251,1.4894449338554,-16.3235483027671,0.70964156034743,-0.0292952621419208
18.55,132.212606009127,123,-0.442133140917889,-13.0902674847832,0.448454702411874,1.34887557825251,1.49863540993779,-14.9869861482166,0.770222817510188,-0.0249812859421901
18.5666666666667,132.97855886726,124,0.557866859082111,-11.8751813019885,0.553866808769235,1.34887557825251,1.50786041975308,-13.6549593253014,0.825622984029902,-0.0211248438507615
18.5833333333333,133.746075404518,125,1.55786685908211,-10.6423190664538,0.651467013908168,1.34887557825251,1.51711644423543,-12.3219104530788,0.876929938280008,-0.0176515306621992
18.6,134.515216165093,126,2.55786685908211,-9.39485628527318,0.742398718240424,1.34887557825251,1.52640006908348,-10.984843826551,0.924786818809401,-0.0145119267909394
18.6166666666667,135.285981426891,127,3.55786685908211,-8.1356944287006,0.797222459449567,1.34887557825251,1.54182766263063,-9.65229398152618,0.935881657753226,-0.0116672368893969
18.6333333333333,136.058320388637,128,4.55786685908211,-6.86747647710727,0.813372316194199,2.16224789444671,1.56447146692714,-8.35914497779212,0.906352830102745,-0.00900232656993197
18.65,136.832138876235,129,5.55786685908211,-5.56432589451149,0.828262987528286,2.1771385657808,1.58766311147828,-7.09985429880215,0.876076708241766,-0.00635911991509967
18.6666666666667,137.607304518644,130,6.55786685908211,-4.20303187174699,0.848578993614226,2.19745457186674,1.61115402119273,-5.84743060772282,0.850057460085917,-0.003560160584354
18.6833333333333,138.38364811725,131,7.55786685908211,-2.79058299654888,0.878902299504274,2.22777787775678,1.63507058576768,-4.57374957478054,0.831108732677623,-0.000442411951849933
18.7,139.160964272191,132,8.55786685908211,-1.33292341770983,0.920800300950124,2.26967587920263,1.65958878578533,-3.26198012894483,0.819959346162659,0.00306214730577538
18.7166666666667,139.939012635005,132,8.55786685908211,0.165175361869157,0.973997657977698,2.32287323623021,1.68489417503147,-1.9034533921979,0.816103500574146,0.00696140231679184
18.7333333333333,140.717519524603,133,9.55786685908211,1.60631399960437,1.03722775549773,2.38610333375024,1.71115863157769,-0.495031901566857,0.818407313955355,0.0112290249189857
18.75,141.496179791119,134,10.5578668590821,3.08736359376076,1.10159024380565,2.45046582205816,1.73846339008016,0.927095331191976,0.820814101625071,0.015579124975297
18.7666666666667,142.27465859834,134,10.5578668590821,4.60593203591952,1.16908255321341,2.51795813146592,1.76683913706594,2.37302583421938,0.824614118388381,0.0200796272090907
18.7833333333333,143.052592932053,135,11.5578668590821,6.06610988582538,1.24060033179166,2.58947591004417,1.79633999805506,3.84906126903748,0.830325237124172,0.0247642650287759
18.8,143.829593026011,136,12.5578668590821,7.56561189123267,1.30910597205918,2.65798155031169,1.82696302155653,5.32279723552032,0.833280349584303,0.0294006116957144
18.8166666666667,144.605243701833,136,12.5578668590821,9.10244903030553,1.37808867335966,2.72696425161217,1.85868261235737,6.80805115180301,0.835860866970827,0.0341005250586903
18.8333333333333,145.379105513551,136,12.5578668590821,10.5808365937778,1.44956631199002,2.79844189024253,1.89151831276906,8.31440806761304,0.839390293188974,0.0389315719604941
18.85,146.150715795063,137,13.5578668590821,12.004715172091,1.51729553820085,2.86617111645336,1.92544846482148,9.81215296133463,0.839760263552019,0.0436858590863746
18.8666666666667,146.919589586861,137,13.5578668590821,13.4715615195327,1.57806821325284,2.92694379150535,1.96037411729435,11.2813179013275,0.835013075691038,0.0482484874718599
18.8833333333333,147.68522060751,137,13.5578668590821,14.8850102446052,1.63794079038511,2.98681636863762,1.99622655574549,12.7453736867138,0.829305107677081,0.0528122382715196
18.9,148.447082239086,138,14.5578668590821,16.2480849046056,1.69329446943827,3.04217004769078,2.03295088753014,14.185116228381,0.820322155350661,0.0572530063920261
18.9166666666667,149.204628398959,138,14.5578668590821,17.6572807454136,1.74247411432626,3.09134969257877,2.07044931774074,15.5880836723623,0.807127650932552,0.0615075604902518
18.9333333333333,149.957294468405,139,15.5578668590821,19.0153428767917,1.79232524304559,3.1412008212981,2.10867347610137,16.9827833537166,0.794358308824261,0.0657969175427146
18.95,150.704498333968,140,16.5578668590821,20.4183135633099,1.83950855472381,3.18838413297632,2.14759747753944,18.3531458133276,0.779827556009373,0.0700091651418819
18.9666666666667,151.445641504957,140,16.5578668590821,21.8625821798759,1.88955850430199,3.2384340825545,2.1872199808073,19.7243238157075,0.767216255260338,0.0743265342386327
18.9833333333333,152.180110279095,141,17.5578668590821,23.2509945546618,1.94539848517991,3.29427406343242,2.22760886324527,21.113269653675,0.758349439610145,0.0788515478156747
19,152.907276936659,142,18.5578668590821,24.6801961144765,2.00096047025888,3.34983604851139,2.26879944996243,22.4946737159017,0.74912227001892,0.0833878980224879
19.0166666666667,153.626500949159,143,19.5578668590821,26.1473938107621,2.06001121204891,3.40888679030142,2.31081449177565,23.8867519381282,0.742002932237343,0.0880615951261283
19.0333333333333,154.337130192551,145,21.5578668590821,27.6500231623724,2.12443285347893,3.47330843173144,2.35372284445993,25.3015622640825,0.738127633387012,0.0929407303676178
19.05,155.038502157871,146,22.5578668590821,29.2796722753084,2.19485547652687,3.54373105477938,2.39761355104883,26.7464323991801,0.73776782698366,0.0980538753652685
19.0666666666667,155.729945150513,147,23.5578668590821,30.9350794154521,2.27836788854291,3.62724346679542,2.44264478964021,28.2611269918001,0.745383714559235,0.103648071736472
19.0833333333333,156.410779383197,149,25.5578668590821,32.6154485391463,2.37070668196176,3.71958226021427,2.48899054651709,29.8348553975464,0.7578553655883,0.109598034201064
19.1,157.08031777869,150,26.5578668590821,34.4144467683746,2.46870456494904,3.81758014320155,2.53676303789058,31.4582705571894,0.77290500410111,0.1158086822276
19.1166666666667,157.737866587931,152,28.5578668590821,36.2328136365444,2.57737079153089,3.9262463697834,2.58609536496495,33.1596951015588,0.793669707310925,0.122455578379533
19.1333333333333,158.382726008901,154,30.5578668590821,38.1652125783313,2.69154210588493,4.04041768413744,2.63711215553322,34.9210324658336,0.81653133542259,0.129378670584792
19.15,159.0141905831,156,32.5578668590821,40.2070925677173,2.81512615646131,4.16400173471382,2.68993348365684,36.7645632017695,0.843925507740194,0.136715683996645
19.1666666666667,159.631549250226,157,33.5578668590821,42.3543755615332,2.94969732652199,4.2985729047745,2.74472356979358,38.7041559976435,0.876663682861483,0.14453134886436
19.1833333333333,160.234085327318,159,35.5578668590821,44.5098739595806,3.09535332886406,4.44422890711657,2.80165935049847,40.7474287568043,0.914558716276976,0.152842685544338
19.2,160.821076445187,161,37.5578668590821,46.7703516423634,3.24412931538024,4.59300489363275,2.86084587745331,42.8617616099556,0.952182045503353,0.161394777699646
19.2166666666667,161.391794264589,162,38.5578668590821,49.133105247807,3.39860816991944,4.74748374817194,2.92234992756301,45.0598934219267,0.9911977861573,0.17027612135645
19.2333333333333,161.945503998131,164,40.5578668590821,51.5017864754719,3.56000332234019,4.9088789005927,2.98626885826465,47.3499223365163,1.03230753751268,0.17953284458065
19.25,162.481463840771,165,41.5578668590821,53.9735909431361,3.72140256168058,5.07027813993309,3.05264627749726,49.7005250062429,1.07089470001867,0.188938860196542
19.2666666666667,162.998924385328,167,43.5578668590821,56.4522160936045,3.88629116768969,5.2351667459422,3.12150381588877,52.1260259354186,1.10930461665693,0.198608141363046
19.2833333333333,163.497128074144,168,44.5578668590821,59.0345779835378,4.04938034774236,5.39825592599487,3.19284162249723,54.6002173672985,1.14407437428118,0.208364156572554
19.3,163.975308637005,169,45.5578668590821,61.6239409077962,4.21524161997666,5.56411719822917,3.26666026635263,57.1413550724955,1.17830536287883,0.218354852601647
19.3166666666667,164.432690449037,171,47.5578668590821,64.2230061051001,4.37925606504754,5.72813164330005,3.34295331213179,59.7260691563119,1.20898804848394,0.228425307899091
19.3333333333333,164.86848803519,172,48.5578668590821,66.9279048151247,4.53913867449616,5.88801425274867,3.42165769532467,62.3386725822758,1.2347608553848,0.238492402539673
19.35,165.281905722431,173,49.5578668590821,69.6409263631872,4.70709603072202,4.64384279975792,3.50159082714835,65.0052149514775,1.26643261962414,0.248765259317357
19.3666666666667,165.67213744153,174,50.5578668590821,72.3149101643121,4.98157997584814,4.83598156134621,3.56178403316541,67.768498299325,1.41597015412026,0.259053953332634
19.3833333333333,166.038369361432,175,51.5578668590821,74.9094788700173,5.23794400586557,5.01543638235841,3.62476190807973,70.6138823232593,1.54959578884528,0.268904641764652
19.4,166.379788013206,176,52.5578668590821,77.4382021529838,5.46471718624165,5.17417760862167,3.69023256084892,73.4671242426591,1.6601806574768,0.277919846599264
19.4166666666667,166.695587800773,176,52.5578668590821,79.9123376489451,5.65780552341339,5.30933944464188,3.7578157202851,76.2820570917505,1.74562728944048,0.285939962856837
19.4333333333333,166.984975923442,177,53.5578668590821,82.2469097165198,5.81775435275488,5.42130362518092,3.82711212705485,79.0328701300776,1.80694134916014,0.292957399026517
19.45,167.247175498948,178,54.5578668590821,84.5479072124231,5.94042158912637,5.50717069064097,3.89769912318122,81.6718841170296,1.84202602175797,0.298809532204343
19.4666666666667,167.481427529666,178,54.5578668590821,86.8193306898901,6.03381732191133,5.57254770359044,3.96918224836953,84.2086270573393,1.85682140707516,0.30373568114883
19.4833333333333,167.686992286737,179,55.5578668590821,88.9695364246822,6.10509183776485,5.6224398646879,4.04125569603981,86.6551371436404,1.85655032458638,0.307952615048536
19.5,167.86315045793,179,55.5578668590821,91.0988562012352,6.15292488296692,5.65592299632935,4.11364415206683,88.9878216954694,1.8407384787157,0.311400651801091
19.5166666666667,168.009204346993,179,55.5578668590821,93.1130497787543,6.18570679086628,5.67887033185891,4.18611841117177,91.2301691644928,1.8153020892005,0.314342574391411
19.5333333333333,168.124479174037,179,55.5578668590821,95.0166775414564,6.20220951432002,5.69042223827652,4.25848716790336,93.3651981988462,1.77968802301915,0.316727281309546
19.55,168.208324435321,179,55.5578668590821,96.813588589543,6.20292836606427,5.6909254344975,4.33055587755067,95.3837456395291,1.73448999582478,0.318560373628577
19.5666666666667,168.260115382981,179,55.5578668590821,98.5069616351843,6.18933274161594,5.68140849738367,4.40214228984086,97.2820935595368,1.68092668983753,0.319880423401814
19.5833333333333,168.279254787862,179,55.5578668590821,100.099410109058,6.16334309505195,5.66321574478888,4.47308461116477,99.06011415541,1.62048195475096,0.320742230405711
19.6,168.265174946762,178,54.5578668590821,101.593113122064,6.18461595004777,4.13195275577401,4.53156193800064,100.7325284472,1.61906385233951,0.321200871332983
19.6166666666667,168.217340020253,178,54.5578668590821,102.843858772212,6.25676926409847,4.16442174709682,4.57622021711621,102.382864871053,1.68122395359251,0.321134294042525
19.6333333333333,168.135251356349,177,53.5578668590821,103.909102697337,6.2927302984909,4.18060421257342,4.62086955703008,103.928419041159,1.71777964929043,0.319944467044916
19.65,168.018458251958,177,53.5578668590821,104.71174810541,6.28728189906003,4.17815243282952,4.66521720582608,105.317974751744,1.72560965222162,0.317457511147827
19.6666666666667,167.866567617937,176,52.5578668590821,105.365821693726,6.23330194348174,4.15386145281929,4.70892340853507,106.487924272234,1.70037104700637,0.313436701646389
19.6833333333333,167.679250172733,176,52.5578668590821,105.789618201943,6.13787706263248,4.11092025643712,4.75165239229029,107.43928380143,1.64717692481393,0.308112617513143
19.7,167.456244289011,175,51.5578668590821,106.092706325087,6.00134623067764,4.04948138205745,4.79309472637003,108.145427934661,1.56661411572456,0.301493906222986
19.7166666666667,167.197358404409,174,50.5578668590821,106.189386770568,5.83477251851813,3.97452321158567,4.83298727003613,108.632385241518,1.46635937069911,0.293942034817888
19.7333333333333,166.902472409304,174,50.5578668590821,106.092104677105,5.64007019681272,3.88690716681823,4.87111361590631,108.889460579631,1.34794270500239,0.285517643311292
19.75,166.571538312272,173,49.5578668590821,105.905740019332,5.42091406170752,3.7882869060209,4.90727932301033,108.916039645843,1.21404082568837,0.276339321382943
19.7666666666667,166.204580436603,172,48.5578668590821,105.540727134236,5.18918837327378,3.68401034622571,4.94135134803054,108.754055162644,1.07273037018131,0.266795847181834
19.7833333333333,165.801695155672,172,48.5578668590821,105.006461274522,4.94604968155043,3.5745979349502,4.97324327571586,108.401456818015,0.924890963864661,0.25692327855733
19.8,165.363050372151,171,47.5578668590821,104.405515983692,4.69351907996658,3.46095916423747,5.00288137378671,107.861277435106,0.771963361356363,0.246786165241678
19.8166666666667,164.888884901335,170,46.5578668590821,103.646655332869,4.44140975225372,3.34750996676668,5.03023917277051,107.175834765051,0.620526578310871,0.23670551232593
19.8333333333333,164.379507824621,170,46.5578668590821,102.738121286808,4.1887089610988,3.23379461074697,5.05532081357221,106.341487751395,0.469915409644526,0.22664635880919
19.85,163.835297597264,169,45.5578668590821,101.781734308593,3.93536925359165,3.11979174236875,5.07812714474993,105.358620539801,0.320110880417796,0.216605528213473
19.8666666666667,163.256700839094,168,44.5578668590821,100.68579962758,3.68934756545906,3.00908198270908,5.09869149602008,104.266470589939,0.176390242746879,0.20684325936165
19.8833333333333,162.644230922386,167,43.5578668590821,99.4583036203459,3.44803779896792,2.90049258778807,5.11706481822794,103.058288434905,0.0369761204680941,0.197272449083882
19.9,161.99846646921,166,42.5578668590821,98.1071989764001,3.21007220060845,2.79340806852631,5.13328379456959,101.731560778859,-0.0990685534600455,0.187846738897787
19.9166666666667,161.320049581,165,41.5578668590821,96.6403072276221,2.97494812394181,2.68760223402632,5.14737864684932,100.287040860727,-0.232097661668557,0.178548254939631
19.9333333333333,160.609683751793,165,41.5578668590821,95.06526532376,2.74273469693311,2.58310619187241,5.15937845260407,98.7279090624015,-0.362083058775619,0.169377971491069
19.95,159.868131513537,164,40.5578668590821,93.4832421073136,2.51385018913138,2.48010816336163,5.16931453708065,97.0590751311468,-0.488766519795891,0.160348396143898
19.9666666666667,159.096211854837,163,39.5578668590821,91.8018769731903,2.29629662152643,2.3822090579394,5.17725238772535,95.3225381040296,-0.606875330366324,0.151721621796235
19.9833333333333,158.2947974473,162,38.5578668590821,90.0284890269331,2.08724264390407,2.28813476800934,5.18327422632218,93.5129931264119,-0.71837026199964,0.143403506151745
20,157.464811710104,161,37.5578668590821,88.1703628770755,1.88493646072949,2.19709698558078,5.18744553650011,91.628417286026,-0.824474646348497,0.135335422607644
20.0166666666667,156.607445223199,160,36.5578668590821,86.2346450422479,1.6884124174853,2.10866116612089,5.18982197421662,89.6693824189876,-0.925877393789565,0.127484622464586
20.0333333333333,155.725970472693,160,36.5578668590821,84.2282814031704,1.49725231277875,2.02263911900295,5.19045431189945,87.63843227708,-1.02289738499233,0.119836393754213
20.05,154.825210870916,159,35.5578668590821,82.2517240201651,1.31139773735582,1.93900456006263,5.18939181831551,85.5395452832156,-1.11561214989991,0.112387895520709
20.0666666666667,153.907470945116,158,34.5578668590821,80.2118611036084,1.13840568566714,1.86115813680272,5.18671430628663,83.4136045096296,-1.19905964547783,0.105386900002038
20.0833333333333,152.973783078958,157,33.5578668590821,78.1152192604408,0.979235451534715,1.67936754314548,5.18166494612035,81.2550027364007,-1.2707940983186,0.0987259802336367
20.1,152.027356081915,156,32.5578668590821,75.9644803343468,0.830979286662811,1.62933108750121,5.17441521376583,79.0659195536189,-1.33308712910523,0.0923222962286984
20.1166666666667,151.072632819469,155,31.5578668590821,73.7632920310025,0.686212311407959,1.5804722333527,5.16610074757666,76.8410254709556,-1.39333898198773,0.0861063703021961
20.1333333333333,150.114120995959,154,30.5578668590821,71.5197438497227,0.543776764932579,1.53240023641725,5.15674757747706,74.5763730202395,-1.45230120156406,0.0800372942194779
20.15,149.156100164552,153,29.5578668590821,69.2413207009246,0.403489480561028,1.48505327794186,5.1463780997835,72.2720265418586,-1.5100749146273,0.0741064693821114
20.1666666666667,148.202732563911,153,29.5578668590821,66.9349162168817,0.265756505005603,1.4385683986919,5.13501541468845,69.9308128469162,-1.56637048461059,0.0683247076557552
20.1833333333333,147.258499526771,152,28.5578668590821,64.7006065794272,0.131295448141711,1.39318779200034,5.12268581128323,67.5573481500492,-1.6206941746318,0.0627129750970699
20.2,146.329287923103,151,27.5578668590821,62.444638181486,0.00821480309681788,1.35164807429769,5.10947529431202,65.1931972708002,-1.66772250286133,0.0575394051535832
20.2166666666667,145.424820776727,150,26.5578668590821,60.1726482119565,-0.10216357755889,1.24671200069362,5.0946469444108,62.833768107002,-1.70480480311783,0.0527120992206224
20.2333333333333,144.562818110905,149,25.5578668590821,57.8876672453166,-0.200137434018641,1.14873814423387,5.07792105981836,60.4803711373768,-1.73144244795045,0.0481614014055889
20.25,143.772081960868,149,25.5578668590821,55.5905126527366,-0.288202992879603,1.06067258537291,5.05948541833838,58.133743410656,-1.74966248665404,0.0438236155864088
20.2666666666667,143.086949704545,148,24.5578668590821,53.3762984379778,-0.368681121126231,0.980194457126279,5.03949552535793,55.7930681090473,-1.76131434652077,0.0396380748285205
20.2833333333333,142.532587481216,147,23.5578668590821,51.1473338587525,-0.43631245619232,0.912563122060189,5.01813677739079,53.4928123425571,-1.76324101599611,0.0357957788720718
20.3,142.115692648561,147,23.5578668590821,48.9062509235339,-0.496369695994865,0.852505882257644,4.99558722188249,51.2192867709214,-1.75927780579368,0.0321402071626346
20.3166666666667,141.828116814717,146,22.5578668590821,46.7499022693098,-0.552466838860293,0.796408739392217,4.97195140734173,48.9621203600832,-1.75202208968097,0.0285624490717374
20.3333333333333,141.655422534018,146,22.5578668590821,44.58193073947,-0.599683458114893,0.749192120137617,4.94735064601541,46.7499807637082,-1.73841039886595,0.025235614103601
20.35,141.581849135208,145,21.5578668590821,42.4996187891575,-0.643067728866116,0.705807849386393,4.92189819931431,44.5660336688383,-1.72199890346849,0.0220039233627522
20.3666666666667,141.589808881885,145,21.5578668590821,40.4070283366786,-0.678499711584785,0.670375866667724,4.89570569196465,42.4343876223342,-1.70022972400375,0.019012814971321
20.3833333333333,141.663644601536,145,21.5578668590821,38.4017719215683,-0.711388545525581,0.637487032726928,4.86886729357941,40.3351792132749,-1.67685685078944,0.016092491767989
20.4,141.789966553596,145,21.5578668590821,36.4818612153593,-0.737694041898482,0.611181536354027,4.84147197093119,38.2906205031975,-1.64932812845402,0.0133833569043013
20.4166666666667,141.957065805076,145,21.5578668590821,34.6454200487331,-0.755518333339758,0.593357244912752,4.81365686641721,36.3156072867652,-1.61659595861545,0.0109594933458111
20.4333333333333,142.154468790793,145,21.5578668590821,32.89088693114,-0.764374554615779,0.584501023636731,4.78557793898121,34.4194139901206,-1.57857845971293,0.00885000383700592
20.45,142.372599999436,145,21.5578668590821,31.2170709188922,-0.764626681262732,0.584248896989778,4.75739132927865,32.6072287458236,-1.53575419943672,0.00705574131446992
20.4666666666667,142.602512729853,145,21.5578668590821,29.6231212652315,-0.75708580091868,0.59178977733383,4.72924271215397,30.8814316798046,-1.48887551384113,0.00556164595478839
20.4833333333333,142.835666643565,145,21.5578668590821,28.1084537765,-0.742737408505406,0.606138169747103,4.70126224216564,29.2425911464687,-1.43877903804459,0.00434529336027211
20.5,143.063776824688,145,21.5578668590821,26.6726623774299,-0.722571214826688,0.626304363425821,4.67356315162753,27.6901950760802,-1.38627090070151,0.00338240633537963
20.5166666666667,143.27872675319,145,21.5578668590821,25.3154332670335,-0.697486390819447,0.651389187433062,4.64624252568149,26.2231561587736,-1.33206587519705,0.00265008143217519
20.5333333333333,143.472553667317,145,21.5578668590821,24.0364709771778,-0.668248951050033,0.680626627202477,4.6193831988794,24.8401372325421,-1.27676308413091,0.00212839780805731
20.55,143.637516089838,144,20.5578668590821,22.8354401549192,-0.635482642465328,0.713392935787182,4.59305606642751,23.5397423475095,-1.22084460132473,0.00180095600259683
20.5666666666667,143.766246971795,144,20.5578668590821,21.6181826519142,-0.599679339216921,0.749196239035588,4.56732237401643,22.3206134622672,-1.16468687502939,0.00165476747493187
20.5833333333333,143.851982440887,144,20.5578668590821,20.4837449488737,-0.568441850068473,0.780433728184036,4.54217018879578,21.1456062161133,-1.11327756280529,0.00143634065571069
20.6,143.888838631289,144,20.5578668590821,19.4310217934874,-0.538341875808458,0.810533702444051,4.51755976249816,20.0258776713915,-1.06421302891502,0.00125267235361469
20.6166666666667,143.872092953368,144,20.5578668590821,18.4584278894369,-0.507149441839007,0.841726136413502,4.49349769032808,18.9697263305294,-1.01596978204646,0.00117564147313216
20.6333333333333,143.798419078752,143,19.5578668590821,17.564153941661,-0.473557811092678,0.875317767159831,4.4700192927149,17.9828306045169,-0.967689179498818,0.00124938463541223
20.65,143.666031034966,143,19.5578668590821,16.6525816490075,-0.436929125643788,0.911946452608721,4.44717542289173,17.0686584243896,-0.918984322923244,0.00149742412424051
20.6666666666667,143.474709952719,143,19.5578668590821,15.8214227654727,-0.404302371929957,0.944573206322553,4.42495762501084,16.1930680932731,-0.874480129716558,0.0016854150301069
20.6833333333333,143.22571157607,143,19.5578668590821,15.0684142655564,-0.372058965636048,0.976816612616461,4.40333573976444,15.3688361055763,-0.831668934775748,0.0019277429696216
20.7,142.921574885881,142,18.5578668590821,14.391002545026,-0.338004535946648,1.01087104230586,4.382327129015,14.6048968572372,-0.789074978303324,0.00229632180402809
20.7166666666667,142.565865754339,142,18.5578668590821,13.6928481496705,-0.300987223141706,1.0478883551108,4.36197622996884,13.9069142600302,-0.745963290625482,0.00283122211160798
20.7333333333333,142.162893292508,142,18.5578668590821,13.0710143905206,-0.267793964836616,1.08108161341589,4.34227445382418,13.2420917802849,-0.706795928315691,0.00330659766290781
20.75,141.717431932861,141,17.5578668590821,12.5226842954974,-0.23472539606709,1.11415018218542,4.32319421547655,12.6239123568742,-0.669020834861157,0.00383993371592693
20.7666666666667,141.234472807261,141,17.5578668590821,11.951107977904,-0.199608571372601,1.14926700687991,4.30475590823975,12.0615683227998,-0.631186407763878,0.00450291017462027
20.7833333333333,140.719019833121,140,16.5578668590821,11.4528967699564,-0.168588580869386,1.18028699738312,4.28694063080071,11.5248309979788,-0.597314850055957,0.00509008525106859
20.8,140.175943050471,140,16.5578668590821,10.9310637257379,-0.137603713672443,1.21127186458007,4.26971875541462,11.0289310554049,-0.56461469494474,0.00573090738463547
20.8166666666667,139.609855675909,139,15.5578668590821,10.4818012256078,-0.111534981742203,1.23734059651031,4.25304743042641,10.5482989980397,-0.536230660563957,0.00625958181632038
20.8333333333333,139.025034487191,139,15.5578668590821,10.0076525343149,-0.0855408961383242,1.26333468211419,4.23688993675763,10.1015507558513,-0.50884580339815,0.00683082153821765
20.85,138.425380264122,138,14.5578668590821,9.60436802129423,-0.064075920800394,1.28479965745212,4.22120624831341,9.66542756855211,-0.485331519747274,0.00729336958731155
20.8666666666667,137.81440346456,138,14.5578668590821,9.17411762679172,-0.042113800475475,1.30676177777703,4.2059674673341,9.26001100321871,-0.462266684066698,0.00780895600329594
20.8833333333333,137.19522823761,137,13.5578668590821,8.8123625903754,-0.0240777187717502,1.32479785948076,4.19114312406853,8.86288348726663,-0.442523108893662,0.00822842349721072
20.9,136.570608853915,137,13.5578668590821,8.42106763504999,-0.00499787901107285,1.34387769924144,4.1767136291229,8.49453473183135,-0.422737479856623,0.0087126671356407
20.9166666666667,135.942953978131,136,12.5578668590821,8.09556368036083,0.0106879199815913,1.35448673624284,4.16263958119432,8.13269057676191,-0.405771023647281,0.00911017614362555
20.9333333333333,135.314355191864,136,12.5578668590821,7.73757356003436,0.0282897715544324,1.36372770831859,4.14881457925604,7.79810150201422,-0.387842280112243,0.00957852017986624
20.95,134.686617095144,135,11.5578668590821,7.44198643516948,0.0431423809494505,1.37152532825097,4.13521660438399,7.46870185010837,-0.372008164792095,0.00996114746320933
20.9666666666667,134.061287346986,134,10.5578668590821,7.11030927345646,0.0598542882643552,1.3802990795913,4.12184408346143,7.16475731768784,-0.355192421544567,0.0104095363525965
20.9833333333333,133.439685532493,134,10.5578668590821,6.74384005491003,0.0735320637566098,1.38747991172473,4.10869096320704,6.86346382354032,-0.340642308687451,0.0107625101549818
21,132.822930077773,133,9.55786685908211,6.43762611773341,0.0813478491434686,1.39158319905283,4.0957178200491,6.54868962697879,-0.330188342538339,0.0109259935537848
21.0166666666667,132.211962775853,132,8.55786685908211,6.09326139174792,0.089314637014401,1.39576576268507,4.08290210270793,6.24545162794949,-0.319794252387862,0.0110971517384552
21.0333333333333,131.607570938725,131,7.55786685908211,5.7120439055528,0.0935264495132997,1.39797696424699,4.07022719309212,5.93466727831881,-0.312038236929029,0.0111470481118622
21.05,131.010407243995,131,7.55786685908211,5.29524630842836,0.0918152099351967,1.39707856346849,4.05765027022726,5.60302837699682,-0.308308996181975,0.0110032534343973
21.0666666666667,130.421007365703,130,6.55786685908211,4.93774275606995,0.0832324542334158,1.39257261672505,4.04511516685502,5.24171740235061,-0.309167294298853,0.0106331314259878
21.0833333333333,129.839805538044,129,5.55786685908211,4.54090681960672,0.0750152986665746,1.38825861005246,4.03259607106594,4.88119853969142,-0.309760436719508,0.0102740779917618
21.1,129.267148231329,128,4.55786685908211,4.10583163352585,0.0639934097514874,1.38247211837204,4.02008160820972,4.50630917817225,-0.312186027673052,0.00982153476337752
21.1166666666667,128.703306129611,128,4.55786685908211,3.63363536070434,0.0483847577186307,1.37427757605479,4.00753905979921,4.10645987329336,-0.317590840043436,0.00921607151176702
21.1333333333333,128.148484599246,127,3.55786685908211,3.21910372829329,0.0273882358963857,1.36325440209811,3.99492466403959,3.67464191639572,-0.326455265656817,0.00843025366176384
21.15,127.602832886472,126,2.55786685908211,2.76359086126291,0.00823483667570487,1.35319886750725,3.98222561554281,3.24246484486764,-0.333948902204044,0.00770164056720133
21.1666666666667,127.066452267319,125,1.55786685908211,2.26823456745503,-0.0120958737609846,1.33677970449152,3.96939295623945,2.79552263270233,-0.341975430230872,0.0069227891539291
21.1833333333333,126.539403146402,125,1.55786685908211,1.73405748005867,-0.0350007238115415,1.31387485444097,3.956294060019,2.32408251457602,-0.351196288570874,0.00602897517432675
21.2,126.021711186631,124,0.557866859082111,1.25545795245482,-0.0614157162061112,1.2874598620464,3.94287207340345,1.82178818516996,-0.362150875294062,0.00498457521022631
21.2166666666667,125.513372667732,123,-0.442133140917889,0.733290765080314,-0.0844796753982024,1.26439590285431,3.92913100738105,1.32039042989696,-0.370293686467395,0.00401641403923394
21.2333333333333,125.014359254372,122,-1.44213314091789,0.168320894364436,-0.107905191792268,1.24097038646024,3.9150941099333,0.805028383579012,-0.378153176022024,0.0030051796784591
21.25,124.52462218621,122,-1.44213314091789,-0.438455663199567,-0.133931644058648,1.21494393419386,3.90073574219548,0.264892525775788,-0.387192378210627,0.00187558204125302
21.2666666666667,124.044095987448,121,-2.44213314091789,-0.992307251545125,-0.163731191812782,1.18514438643973,3.88600243611496,-0.307424235671187,-0.39811724862439,0.000584980757145096
21.2833333333333,123.572701703234,120,-3.44213314091789,-1.59194402447807,-0.190528287050522,1.15834729120199,3.87089327677752,-0.880793882744378,-0.406431409302145,-0.00064303647308889
21.3,123.11034943495,120,-3.44213314091789,-2.2362236107069,-0.218034136202465,1.13084144205004,3.85542594670008,-1.4703326776608,-0.414653620645245,-0.00192820469173899
21.3166666666667,122.656932515571,119,-4.44213314091789,-2.83008799688206,-0.248438753029926,1.10043682522258,3.83956970940436,-2.08685596280356,-0.424206293718148,-0.00334460692034509
21.3333333333333,122.212317866619,118,-5.44213314091789,-3.47184843054308,-0.275621059274429,1.34887557825251,3.82333258820962,-2.70176144701339,-0.431043095499433,-0.0046894238689766
21.35,121.776351641731,117,-6.44213314091789,-4.15037714180679,-0.327667455115328,1.34887557825251,3.81164760648414,-3.34344666054632,-0.464804169328676,-0.00608210222371654
21.3666666666667,121.348866336326,117,-6.44213314091789,-4.85458609022458,-0.382807677890853,1.34887557825251,3.80006210345719,-4.02682612989325,-0.500957822722019,-0.007522425036188
21.3833333333333,120.929685640106,116,-7.44213314091789,-5.48930669872095,-0.439716834645739,1.34887557825251,3.78857591686658,-4.74768562596193,-0.538617813147859,-0.00896544069308716
21.4,120.518628041057,115,-8.44213314091789,-6.15272059146348,-0.48973889678969,1.34887557825251,3.77718886369326,-5.46618193631336,-0.571969872811223,-0.0101313334299336
21.4166666666667,120.115509715127,115,-8.44213314091789,-6.84327292344002,-0.535269111248446,1.34887557825251,3.7659007408749,-6.19067333294287,-0.60254024340371,-0.0111069033432107
21.4333333333333,119.720146824253,114,-9.44213314091789,-7.46570359089619,-0.577931768514683,1.34887557825251,3.75471132600184,-6.92697013692205,-0.63136199077132,-0.0119510331241656
21.45,119.332357322173,114,-9.44213314091789,-8.11810592153713,-0.6112349532175,1.34887557825251,3.74362037799582,-7.64294903311058,-0.654041540647113,-0.0124587376909375
21.4666666666667,118.951962355198,113,-10.4421331409179,-8.70509930927074,-0.639129346559881,1.34887557825251,3.73262763777174,-8.35285853080662,-0.673137459377159,-0.0127693488262322
21.4833333333333,118.578787332303,112,-11.4421331409179,-9.32465632428216,-0.656781886081824,1.34887557825251,3.72173282888295,-9.03098195750716,-0.685355333841448,-0.0127339335078111
21.5,118.212662726965,112,-11.4421331409179,-9.97501675015489,-0.669290410102917,1.34887557825251,3.71093565815039,-9.69637146822025,-0.694024343420254,-0.0125293615453297
21.5166666666667,117.853424662627,112,-11.4421331409179,-10.5607194065613,-0.680125329167537,1.34887557825251,3.7002358162759,-10.3628272363283,-0.701429338488379,-0.0122737183172013
21.5333333333333,117.500915324656,111,-12.4421331409179,-11.085920585228,-0.683993065608616,1.34887557825251,3.68963297844007,-11.0040976718414,-0.704008907455589,-0.0117981731829551
21.55,117.154983234076,111,-12.4421331409179,-11.6483629694638,-0.678014444141648,1.34887557825251,3.67912680488501,-11.6026833062373,-0.699778534120838,-0.0110179126980767
21.5666666666667,116.815483412065,110,-13.4421331409179,-12.1523176464315,-0.668575239902437,1.34887557825251,3.66871694148226,-12.1836855925888,-0.69294703706593,-0.0101501291232679
21.5833333333333,116.482277458978,110,-13.4421331409179,-12.6954126815203,-0.652390900356953,1.34887557825251,3.65840302028633,-12.7292937137189,-0.681295123339087,-0.0090923188446326
21.6,116.155233567392,110,-13.4421331409179,-13.1818076628448,-0.635449685799891,1.34887557825251,3.64818466007402,-13.2641781860734,-0.668796717695525,-0.00804483240817786
21.6166666666667,115.834226485132,109,-14.4421331409179,-13.6152817074362,-0.614088021091887,1.34887557825251,3.63806146686999,-13.7700250266307,-0.653004982574494,-0.00688949125422157
21.6333333333333,115.519137441388,109,-14.4421331409179,-14.0932040181507,-0.586395905176543,1.34887557825251,3.62803303445869,-14.234993481119,-0.632619165448419,-0.00556896074169331
21.65,115.209854046638,109,-14.4421331409179,-14.5194773366306,-0.559244754330446,1.34887557825251,3.61809894488322,-14.6880867609276,-0.612213733447842,-0.00431127972685551
21.6666666666667,114.906270175205,108,-15.4421331409179,-14.8976269974393,-0.529489629792461,1.34887557825251,3.60825876893112,-15.1140538568706,-0.58970475142147,-0.00301318762068715
21.6833333333333,114.608285837678,108,-15.4421331409179,-15.3247724035758,-0.49547355756985,1.34887557825251,3.59851206660762,-15.5031404299614,-0.563979644021245,-0.0016231410614107
21.7,114.315807049143,108,-15.4421331409179,-15.7045712782659,-0.464131927448019,1.34887557825251,3.58885838759647,-15.88569237172,-0.539675262493927,-0.000368638472574549
21.7166666666667,114.02874569813,107,-16.4421331409179,-16.0403094072648,-0.432253474939012,1.34887557825251,3.5792972717087,-16.247241680225,-0.514682026083725,0.000858330218281577
21.7333333333333,113.747019420299,107,-16.4421331409179,-16.4288727005402,-0.398029239948965,1.34887557825251,3.56982824931962,-16.5784021133703,-0.487802561319501,0.0021166742776494
21.75,113.470551480218,107,-16.4421331409179,-16.7736919364567,-0.368190465625895,1.34887557825251,3.56045084179415,-16.9095859297887,-0.463551607322259,0.00318770053342917
21.7666666666667,113.199270663958,106,-17.4421331409179,-17.0778329104881,-0.339294337915964,1.34887557825251,3.55116456190101,-17.2261776475527,-0.439676448367684,0.00418881032055996
21.7833333333333,112.933111184814,106,-17.4421331409179,-17.4379688246894,-0.309290883739639,1.34887557825251,3.54196891421576,-17.5184973879844,-0.414827497407139,0.00518828719489007
21.8,112.672012604006,105,-18.4421331409179,-17.757325288004,-0.284673530705456,1.34887557825251,3.53286339551309,-17.8165692545485,-0.393366761925711,0.00597638423549487
21.8166666666667,112.415919767949,105,-18.4421331409179,-18.1325114345384,-0.261773455939209,1.34887557825251,3.52384749514862,-18.1053340249373,-0.372894223605317,0.00667875551924239
21.8333333333333,112.164782763353,105,-18.4421331409179,-18.4666966036797,-0.245876619538283,1.34887557825251,3.51492069543026,-18.4106126650683,-0.356981872002007,0.00712772510948534
21.85,111.918556891236,104,-19.4421331409179,-18.7627001075815,-0.232429095978577,1.34887557825251,3.50608247197967,-18.7140851848476,-0.342644649554651,0.00747912435575766
21.8666666666667,111.677202660693,104,-19.4421331409179,-19.1169632071466,-0.218538060014468,1.34887557825251,3.49733229408375,-19.0030928567958,-0.327970366318967,0.00782964405938657
21.8833333333333,111.440685803142,103,-20.4421331409179,-19.432493672137,-0.210068429937926,1.34887557825251,3.48866962503654,-19.305273563019,-0.316894806507696,0.00799001074260609
21.9,111.208977307572,103,-20.4421331409179,-19.8056964376282,-0.202893214199259,1.34887557825251,3.48009392247177,-19.6036647992245,-0.306700800278969,0.00810011508567831
21.9166666666667,110.982053477237,103,-20.4421331409179,-20.1395498053184,-0.201974725269058,1.34887557825251,3.47160463868613,-19.9225768791065,-0.300729953245471,0.00800165520724179
21.9333333333333,110.75989600808,102,-21.4421331409179,-20.4366947194329,-0.20254083488679,1.34887557825251,3.46320122095369,-20.2424975505424,-0.295835419169677,0.00785608310895072
21.95,110.542492089096,102,-21.4421331409179,-20.7934062421716,-0.201562432287329,1.34887557825251,3.45488311183142,-20.5498332865329,-0.289997049402274,0.00776284851336739
21.9666666666667,110.329834524707,102,-21.4421331409179,-21.1125376077746,-0.204831097144124,1.34887557825251,3.44664974945625,-20.8714947187739,-0.287084539110285,0.00753328879701666
21.9833333333333,110.121921879138,101,-22.4421331409179,-21.3966095919591,-0.208194212074347,1.34887557825251,3.43850056783367,-21.1899588302533,-0.284346844208709,0.00730632571051591
22,109.918758642688,101,-22.4421331409179,-21.7417820465265,-0.209079395374749,1.34887557825251,3.43043499711822,-21.4931376193184,-0.280056644444512,0.00716492079974005
22.0166666666667,109.720355419649,101,-22.4421331409179,-22.0507979816679,-0.213609525431477,1.34887557825251,3.42245246388596,-21.8090662279962,-0.278296855939139,0.00690854940721949
22.0333333333333,109.52672913756,101,-22.4421331409179,-22.3260729359543,-0.21786743031403,1.34887557825251,3.41455239139914,-22.1210476998375,-0.276468600351616,0.00666778143958857
22.05,109.337903277308,100,-23.4421331409179,-22.5699257082588,-0.219443633123362,1.34887557825251,3.40673419986325,-22.4175878203774,-0.272950333079246,0.00651986173387935
22.0666666666667,109.153908123478,100,-23.4421331409179,-22.8783182354668,-0.217025051892521,1.34887557825251,3.3989973066766,-22.6911648643311,-0.26683638776903,0.00650386415231428
22.0833333333333,108.974781034163,100,-23.4421331409179,-23.1538002088892,-0.217622388233434,1.34887557825251,3.39134112667269,-22.9732270366018,-0.262793921931819,0.00638891794282708
22.1,108.800566729243,100,-23.4421331409179,-23.3985988974608,-0.217923784283297,1.34887557825251,3.3837650723554,-23.2495861220673,-0.258626825079854,0.00628544329342888
22.1166666666667,108.631317595892,100,-23.4421331409179,-23.6148502585578,-0.215912670484885,1.34887557825251,3.37626855412732,-23.5105519899232,-0.252979073597175,0.00625811150650253
22.1333333333333,108.467094009731,100,-23.4421331409179,-23.8045983479517,-0.21051140064696,1.34887557825251,3.36885098051121,-23.7498619744793,-0.245108062978131,0.00633895954232137
22.15,108.307964669648,100,-23.4421331409179,-23.9697952476577,-0.201306816063915,1.34887557825251,3.36151175836499,-23.963834226889,-0.234709253795951,0.00653740250820917
22.1666666666667,108.154006943784,99,-24.4421331409179,-24.1123014555842,-0.188340820814099,1.34887557825251,3.3542502930901,-24.1507015997699,-0.221781660466576,0.00684779764642608
22.1833333333333,108.005307223473,99,-24.4421331409179,-24.3276274632953,-0.171952306106567,1.34887557825251,3.34706598883371,-24.3100906315949,-0.206525708626167,0.00725508575272978
22.2,107.861961281088,99,-24.4421331409179,-24.5178798533499,-0.16020402463115,1.34887557825251,3.33995824868466,-24.4785880223468,-0.194326123542922,0.00749556966931814
22.2166666666667,107.724074626595,99,-24.4421331409179,-24.684852400876,-0.150392525331704,1.34887557825251,3.33292647486347,-24.645589297511,-0.183414885609967,0.00766235558293895
22.2333333333333,107.591762856169,100,-23.4421331409179,-24.8302582759775,-0.140787648160109,1.34887557825251,3.32597006890644,-24.8037957945853,-0.172652019673075,0.00781383856212609
22.25,107.465151984368,100,-23.4421331409179,-24.861989594902,-0.130370146820007,1.34887557825251,3.31908843184401,-24.9484316044222,-0.161359050565414,0.00798339140395052
22.2666666666667,107.34437874903,100,-23.4421331409179,-24.8811731728616,-0.111084631809864,1.34887557825251,3.31228096437361,-25.0406527310584,-0.14413045404478,0.00843014382974652
22.2833333333333,107.229590875013,100,-23.4421331409179,-24.8890819061119,-0.0860885459973225,1.34887557825251,3.30554706702694,-25.090898665086,-0.123014924378013,0.00904214077433506
22.3,107.120947279201,100,-23.4421331409179,-24.8869056053884,-0.0578336332505437,1.34887557825251,3.29888614033203,-25.1077753967706,-0.0996180918376175,0.00973415115120146
22.3166666666667,107.018618194446,100,-23.4421331409179,-24.8757541790429,-0.0281976635920949,1.34887557825251,3.29229758497004,-25.0983618273405,-0.0751833332526259,0.0104424894647674
22.3333333333333,106.922785184384,100,-23.4421331409179,-24.856660863611,0.00140630790871752,1.34887557825251,3.285780801927,-25.0684665763741,-0.0506590098880327,0.0111207404407105
22.35,106.833641013901,101,-22.4421331409179,-24.8305854806957,0.0299395074096479,1.34887557825251,3.27933519264065,-25.0228430118931,-0.0267543103609108,0.0117362383077585
22.3666666666667,106.751389331544,101,-22.4421331409179,-24.7046769226636,0.0566627642143086,1.34887557825251,3.27296015914237,-24.9653691210643,-0.00398553674556618,0.0122671758629406
22.3833333333333,106.676244109936,101,-22.4421331409179,-24.5793314701889,0.0886196063007838,1.34887557825251,3.26665510419451,-24.863226573462,0.0223451186383207,0.0129436006199139
22.4,106.6084287785,102,-21.4421331409179,-24.4551063968982,0.122181897804872,1.34887557825251,3.26041943142297,-24.7308655619769,0.0498375412329779,0.0136430214761374
22.4166666666667,106.548174969298,102,-21.4421331409179,-24.2387519309745,0.1548097574168,1.34887557825251,3.2542525454455,-24.5793742685361,0.0767894916441516,0.0142824391856364
22.4333333333333,106.495720782188,102,-21.4421331409179,-24.0302711170268,0.192343028233391,1.34887557825251,3.24815385199543,-24.3811980720078,0.107097174996395,0.0150521549944673
22.45,106.451308460144,103,-20.4421331409179,-23.829834769954,0.230396224590405,1.34887557825251,3.24212275804131,-24.1545372885358,0.137847992867054,0.0158057606989126
22.4666666666667,106.415181350979,103,-20.4421331409179,-23.5438146052661,0.266000636996765,1.34887557825251,3.23615867190222,-23.9130623823577,0.167041605336651,0.0164478090746228
22.4833333333333,106.387580019564,104,-19.4421331409179,-23.2718441030762,0.304804307697013,1.34887557825251,3.23026100335922,-23.6309082448654,0.198432204155696,0.0171642639175803
22.5,106.368737367943,105,-18.4421331409179,-22.9199935321362,0.34239647611723,1.34887557825251,3.22442916376264,-23.3272898307295,0.229076118961393,0.0178099263793115
22.5166666666667,106.358872623557,105,-18.4421331409179,-22.4938588508656,0.383440462866549,1.34887557825251,3.21866256613569,-22.9804178871561,0.262077716672039,0.0185375319873383
22.5333333333333,106.358184075511,106,-17.4421331409179,-22.0925335247145,0.430429160593215,1.34887557825251,3.21296062527423,-22.5764672475011,0.299124874069475,0.0194242948328973
22.55,106.366840625333,107,-16.4421331409179,-21.6215535591277,0.476780487452662,1.34887557825251,3.20732275784285,-22.1435621820893,0.335838582635655,0.0202518749869477
22.5666666666667,106.384972282382,108,-15.4421331409179,-21.0859884106072,0.525728715635232,1.34887557825251,3.20174838246746,-21.6663765100324,0.374366602851543,0.02112643125976
22.5833333333333,106.412658955078,109,-14.4421331409179,-20.4906737781654,0.578890303417789,1.34887557825251,3.1962369198243,-21.1356498842282,0.415798963216137,0.022098110470433
22.6,106.449917986363,110,-13.4421331409179,-19.840213213792,0.636755938308495,1.34887557825251,3.19078779272567,-20.5466391162545,0.460483056203552,0.023178911960873
22.6166666666667,106.496691077318,111,-12.4421331409179,-19.1389807031646,0.699063309416815,1.34887557825251,3.18540042620228,-19.8979051098944,0.508263648905645,0.0243560769793255
22.6333333333333,106.552831205063,112,-11.4421331409179,-18.3911240981197,0.765076038059636,1.34887557825251,3.18007424758235,-19.1903688719068,0.558663607299033,0.0256019791288094
22.65,106.618090353381,113,-10.4421331409179,-17.6005692911102,0.803121648555324,2.15199722680783,3.181025846021,-18.4333257894867,0.576751377349314,0.0268838772603418
22.6666666666667,106.69210902392,113,-10.4421331409179,-16.7431052306372,0.809007177513974,2.15788275576648,3.18935622741366,-17.6738746663571,0.557675554390177,0.0282603956330252
22.6833333333333,106.774407611082,114,-9.44213314091789,-15.8912143235664,0.823761566119904,2.17263714437241,3.19791664820683,-16.8918142363223,0.544841349060314,0.0299178154680732
22.7,106.864379646369,115,-8.44213314091789,-14.9540367601102,0.844560265032176,2.19343584328469,3.20682638302996,-16.0931649449164,0.536152563547186,0.0317744462515512
22.7166666666667,106.961290389657,116,-7.44213314091789,-13.9394141504065,0.876261461072287,2.2251370393248,3.21622703916267,-15.2484865794965,0.534598008588778,0.0340030639072021
22.7333333333333,107.064282352648,116,-7.44213314091789,-12.8541279571495,0.920522769912997,2.26939834816551,3.22631266666825,-14.3403285498466,0.540953131126138,0.0366755579587328
22.75,107.172387554285,117,-6.44213314091789,-11.7974969724281,0.977041573473864,2.32591715172637,3.23728723842973,-13.3599243686244,0.554680203399738,0.0397998348607357
22.7666666666667,107.284545978735,117,-6.44213314091789,-10.6743791716346,1.03723468348497,2.38611026173748,3.24927433124331,-12.3402683065105,0.569871812804798,0.0431038246642436
22.7833333333333,107.399629167246,117,-6.44213314091789,-9.582414042404,1.10301951437528,2.45189509262779,3.26234861955105,-11.2698388502607,0.587701859345905,0.0466562824300569
22.8,107.516467149246,118,-5.44213314091789,-8.51923028858892,1.16777375857984,2.51664933683235,3.27653928023778,-10.1779799394409,0.603736408553307,0.0502408614391142
22.8166666666667,107.633876912972,118,-5.44213314091789,-7.3886749787483,1.22779360627302,2.57666918452553,3.29179068462688,-9.08527961447152,0.615629128925715,0.0537296137809325
22.8333333333333,107.750690501598,118,-5.44213314091789,-6.28824239276309,1.2886256352206,2.63750121347311,3.30806889376034,-7.96945309513087,0.627154312122526,0.0573009734064791
22.85,107.865780824917,118,-5.44213314091789,-5.21589344219453,1.34618538769616,2.69506096594867,3.3253455316211,-6.85116012189303,0.635660179174295,0.0608171566092064
22.8666666666667,107.97808362173,118,-5.44213314091789,-4.16975838444229,1.39842388677866,2.74729946503117,3.3435420522024,-5.74439532134963,0.639933379594904,0.0642029365868075
22.8833333333333,108.086614718266,118,-5.44213314091789,-3.14833985965082,1.44464933906875,2.79352491732126,3.36255778090528,-4.65800615992082,0.639697546226012,0.0674259359238133
22.9,108.190482160392,118,-5.44213314091789,-2.15057449503326,1.48500237507028,2.83387795332279,3.38228796302424,-3.59709045605705,0.635232393924532,0.0704810168455984
22.9166666666667,108.288893211279,118,-5.44213314091789,-1.17580985145149,1.52007409108992,2.86894966934243,3.40263429665818,-2.56417335769545,0.627101508057128,0.0733786595227599
22.9333333333333,108.381156610584,118,-5.44213314091789,-0.223737451068813,1.55064519278589,2.8995207710384,3.42351014906916,-1.56013279777253,0.615970270831185,0.0761368274976334
22.95,108.46668083499,118,-5.44213314091789,0.705690739341734,1.57752087460165,2.92639645285416,3.44484225888809,-0.584884067063012,0.602493718467701,0.0787756583210452
22.9666666666667,108.5449692578,119,-4.44213314091789,1.61234540651804,1.60143684286954,2.95031242112205,3.46657030831789,0.362144017921154,0.587255437975836,0.0813143015592407
22.9833333333333,108.615612924986,120,-3.44213314091789,2.58973401573109,1.62301503295042,2.97189061120293,3.48864536545546,1.28170038680917,0.570741425238321,0.083769292357778
23,108.678281784111,121,-2.44213314091789,3.63174603770505,1.66847614920589,2.51680888269663,3.50734267851136,2.21445409083581,0.578708679599883,0.0863958634290465
23.0166666666667,108.732715275192,122,-1.44213314091789,4.71596660373014,1.74243818214405,2.56858230575334,3.52234561749683,3.21034673149395,0.614751876893284,0.0892750787381093
23.0333333333333,108.778713467534,123,-0.442133140917889,5.82337698110379,1.82051914206713,2.6232389776995,3.53820181703683,4.26804504006547,0.652491846414319,0.0923340368146473
23.05,108.816129692047,124,0.557866859082111,6.95451859717574,1.89957670572302,2.67857927225862,3.55493676843852,5.37408228623071,0.689818798325265,0.0954701204366375
23.0666666666667,108.844863410618,126,2.55786685908211,8.10988006597817,1.97771547879055,2.73327641340589,3.57254682360987,6.51871268202784,0.725496635694555,0.0986199995333954
23.0833333333333,108.864852933924,127,3.55786685908211,9.38351923484486,2.05392912147838,2.78662596328737,3.59101157871351,7.69514680783355,0.758905348240694,0.101748626053566
23.1,108.876068265519,129,5.55786685908211,10.6759549511312,2.13512894249732,2.84346583800063,3.61034877384113,8.93472590485694,0.794640805271418,0.105083691372321
23.1166666666667,108.878504458184,131,7.55786685908211,12.0811653640221,2.21767985458439,2.90125147646158,3.63059045397049,10.2222790536169,0.830253494849286,0.108506822431074
23.1333333333333,108.872175734793,133,9.55786685908211,13.5935887017998,2.3066450665747,2.9635271248548,3.65178087416582,11.5825200422542,0.869069771987983,0.112186467876989
23.15,108.85711070921,135,11.5578668590821,15.2079289650966,2.40448223170901,3.03201314044882,3.67400710531574,13.0311601521829,0.912618322105457,0.116207867410318
23.1666666666667,108.833347976933,136,12.5578668590821,16.9193352872013,2.51189733310431,3.10720371142553,3.69737382414376,14.577057094549,0.961237467917734,0.120599599883523
23.1833333333333,108.800932015832,137,13.5578668590821,18.6297131654635,2.6285008857965,3.18882619831006,3.72198687638147,16.224082762871,1.01453698249794,0.125354178892472
23.2,108.75990959632,138,14.5578668590821,20.3410136360401,2.74597152357214,3.27105564475301,3.74789715972803,17.9367631808209,1.06692750224626,0.13019986608916
23.2166666666667,108.71032672669,139,15.5578668590821,22.0552137305061,2.85931572338149,3.35039658461955,3.77507872816033,19.6896022224967,1.11515028906506,0.134969819814201
23.2333333333333,108.652226045505,139,15.5578668590821,23.773981234492,2.96592211499786,3.42502105875101,3.80346190029155,21.4650860408056,1.15759593258099,0.139573036539157
23.25,108.585644657845,139,15.5578668590821,25.4047751378382,3.06479463287711,3.49423182126649,3.83295640339469,23.2517926256272,1.19375805730348,0.143970543860892
23.2666666666667,108.510612256912,138,14.5578668590821,26.9541176486172,3.14864292479188,3.55292562560682,3.86342034329741,25.0068467638172,1.21901042246965,0.147913414040307
23.2833333333333,108.427149528315,138,14.5578668590821,28.333928801149,3.21437067674083,3.59893505197109,3.89465270023198,26.7026858606411,1.23160199924148,0.151287377046953
23.3,108.335266973165,137,13.5578668590821,29.6483959014032,3.25428693889926,3.62687643548199,3.92638704197236,28.2872136568362,1.22681085486564,0.153823422994563
23.3166666666667,108.234964123282,136,12.5578668590821,30.806972466706,3.27324635081519,3.64014802382314,3.9583460713058,29.7644979163324,1.20827776784347,0.155664897556704
23.3333333333333,108.126229062632,134,10.5578668590821,31.817510250732,3.26845557350607,3.63679447970676,3.99026125290497,31.1052155461666,1.1745275435919,0.156704424823738
23.35,108.009038252802,132,8.55786685908211,32.5929106160134,3.24013282067589,3.61696855272563,4.02185051709545,32.2931298839871,1.12610213660998,0.156933199602691
23.3666666666667,107.883356746697,130,6.55786685908211,33.144475664388,3.18292775537094,3.57692500701217,4.05279941672216,33.2852951958688,1.05987360169797,0.156157650471262
23.3833333333333,107.749138793081,128,4.55786685908211,33.4821087958535,3.09595481080584,3.5160439458166,4.08275929397876,34.0571025843463,0.975728564202104,0.154329392172115
23.4,107.606328795066,125,1.55786685908211,33.6142674026089,2.98103352935645,3.43559904880202,4.11138864677627,34.5970706094827,0.87533437212879,0.151489817246094
23.4166666666667,107.45486251792,123,-0.442133140917889,33.4543608225604,2.84142123216312,3.3378704407667,4.13837694203194,34.9026515948007,0.76126046052274,0.14772979488648
23.4333333333333,107.294668636649,121,-2.44213314091789,33.1080358386048,2.6736301537689,3.22041668589074,4.16340980182303,34.9411203921136,0.63158096386118,0.142918402500803
23.45,107.125670494883,120,-3.44213314091789,32.5801683004993,2.48511622252065,3.08845693401696,4.18620176140574,34.7312344823573,0.491607931718341,0.137286702756156
23.4666666666667,106.947788129262,118,-5.44213314091789,31.9685540367962,2.28186717000717,2.94618259725753,4.20654628418076,34.2905728860652,0.345552015622926,0.131022381659551
23.4833333333333,106.760940564034,117,-6.44213314091789,31.1772491631682,2.07582722077537,2.80195463279527,4.22434550367789,33.6707074197278,0.201426592207294,0.124515626999409
23.5,106.565048181714,115,-8.44213314091789,30.3038643289234,1.86684251804747,2.65566534088574,4.23956594606396,32.8729668100873,0.0590918273059673,0.11776249826802
23.5166666666667,106.360035174898,114,-9.44213314091789,29.2530027727394,1.66228462091549,2.51247481289336,4.25222059973104,31.9354358178992,-0.0766467276742945,0.111009277087183
23.5333333333333,106.145832028998,113,-10.4421331409179,28.1232123332312,1.458754893427,2.37000400365141,4.26234151183576,30.8488316664128,-0.208181774260652,0.104148986623307
23.55,105.922377942909,113,-10.4421331409179,26.9139276583755,1.26991544003015,2.01558118426834,4.26825863835348,29.6451593710887,-0.322738602442235,0.0973572679905118
23.5666666666667,105.689623135054,112,-11.4421331409179,25.7114346699382,1.09665923428762,1.92462167625351,4.27027092727082,28.3564226427413,-0.420499573460421,0.0907003627132094
23.5833333333333,105.447531254888,112,-11.4421331409179,24.4117870856743,0.934820303920589,1.83965623781082,4.27068344245894,27.0233883873081,-0.509345846583872,0.0844036389066097
23.6,105.196082075325,111,-12.4421331409179,23.1147877276861,0.779788059791514,1.75826430964305,4.26957901920456,25.6328445793407,-0.592460953143108,0.0783174383287233
23.6166666666667,104.935273624061,111,-12.4421331409179,21.7270452252702,0.636007205164472,1.68277936096386,4.2670430139128,24.2123636656049,-0.666998284956974,0.0725899923397887
23.6333333333333,104.665123477264,111,-12.4421331409179,20.3487583579962,0.498258471140022,1.61046127560102,4.26315440647507,22.745422157455,-0.736538212945238,0.0670514710939757
23.65,104.385669471851,111,-12.4421331409179,18.9805785937271,0.370690278914379,1.54348797468256,4.25799076110124,21.2573883726172,-0.798418223334392,0.0618401131941982
23.6666666666667,104.096969951973,112,-11.4421331409179,17.6233316702468,0.255367266751493,1.48294339329704,4.25165646196321,19.7662613762459,-0.851395214813277,0.0570262729952262
23.6833333333333,103.799103713564,112,-11.4421331409179,16.3718481895784,0.152937766457489,1.42916790564269,4.24426749857613,18.2844413631561,-0.895181682985469,0.0526339828247709
23.7,103.492169622973,112,-11.4421331409179,15.1279236543189,0.0705182813321256,1.38589767595188,4.23597626396564,16.8561337924775,-0.925224697300799,0.0489009194220696
23.7166666666667,103.17628595424,112,-11.4421331409179,13.8935125454085,0.00369476080114819,1.35081532767311,4.22696199285924,15.4745584159789,-0.94469978458547,0.0456886367360979
23.7333333333333,102.851589541235,112,-11.4421331409179,12.6709567584025,-0.049507772485512,1.299367805767,4.21704635429917,14.1343341201086,-0.954393803612477,0.0428853307035901
23.75,102.518234817502,112,-11.4421331409179,11.4619982376753,-0.0915716569958178,1.25730392125669,4.2062638605239,12.832245586961,-0.955942708182379,0.0404002429956594
23.7666666666667,102.176392797669,112,-11.4421331409179,10.2678830934615,-0.12523520530819,1.22364037294432,4.19477958184128,11.5651259606536,-0.951463129705955,0.0381585412464542
23.7833333333333,101.826250040344,112,-11.4421331409179,9.09026440638125,-0.152690635741552,1.19618494251096,4.18272011744464,10.3298689791589,-0.942636061679667,0.0360997561287202
23.8,101.468007619162,112,-11.4421331409179,7.931039549398,-0.175590015519878,1.17328556273263,4.17018011875824,9.12390573715642,-0.930722603754868,0.0341780686820597
23.8166666666667,101.10188005689,112,-11.4421331409179,6.79218106871385,-0.195110969552786,1.15376460869972,4.15723074374145,7.94541321842675,-0.916623719513684,0.0323609771411681
23.8333333333333,100.728094166687,112,-11.4421331409179,5.6756207707111,-0.212045583314119,1.13682999493839,4.1439268022899,6.79333261602088,-0.900952775376847,0.0306270644892979
23.85,100.34688790028,112,-11.4421331409179,4.58317642857954,-0.2268922890028,1.12198328924971,4.13031238524722,5.66728086645003,-0.884107125861433,0.028963516262433
23.8666666666667,99.9585091305662,112,-11.4421331409179,3.51651056113023,-0.23993923260023,1.10893634565228,4.1164250301982,4.56741332261184,-0.866331258142562,0.0273637752838329
23.8833333333333,99.5632144386019,112,-11.4421331409179,2.4771119207213,-0.251333703900567,1.09754187435194,4.1022986154371,3.49427499490116,-0.847768289564372,0.0258255319984565
23.9,99.1612680357583,112,-11.4421331409179,1.46629201429074,-0.261136173631646,1.08773940462086,4.08796522877891,2.44866232516322,-0.828499332341621,0.0243491231968651
23.9166666666667,98.7529407046165,112,-11.4421331409179,0.485190760263177,-0.269359833004587,1.07951574524792,4.07345626119172,1.43150648187681,-0.808571797414285,0.0229363342850745
23.9333333333333,98.3385087302997,112,-11.4421331409179,-0.465212982747159,-0.275997732106919,1.07287784614559,4.05880294944558,0.443781882052978,-0.788018452252502,0.0215895578684538
23.95,97.918252864786,112,-11.4421331409179,-1.38408890710713,-0.281040046154475,1.06783553209803,4.04403655295084,-0.513560791552089,-0.766869257711642,0.0203112431947876
23.9666666666667,97.4924574195973,112,-11.4421331409179,-2.27074258208552,-0.284483958591086,1.06439161966142,4.02918830792545,-1.43964018284815,-0.74515790170195,0.0191035681508272
23.9833333333333,97.0614095737533,112,-11.4421331409179,-3.12460363486249,-0.286338353114974,1.34887557825251,4.01428926297257,-2.33367254007233,-0.722924676339083,0.0179682714694931
24,96.6253987272088,112,-11.4421331409179,-3.9352609616261,-0.310497548444801,1.34887557825251,4.00426152975899,-3.20663391979628,-0.726950725296562,0.0169196806237539
