Tiempo_h,V_mgdL,g_mgdL,g1_mgdL,Kalman_mgdL,u,u_insu,IOB_U,z1,z2,z3
0,123.442133140918,117,-6.44213314091789,-13.4421331409179,-0,1.34887557825251,0,0,0,0
0.0166666666666667,123.44213314085,117,-6.44213314091789,-12.785348858583,-1.05879199283521,0.348875578252509,0.0178026097567653,-5.15459523969642,-0.699719475538411,-0.0348985472742842
0.0333333333333333,123.442133199239,117,-6.44213314091789,-12.2030323600166,-1.59960679062998,0.348875578252509,0.0236118772767629,-8.61680944692573,-1.03484000577797,-0.0537556713813501
0.05,123.442134928212,117,-6.44213314091789,-11.7244710966869,-1.82062778744091,0.348875578252509,0.0294151393298431,-10.8027108955045,-1.16065673744753,-0.0616337326955371
0.0666666666666667,123.442145888233,118,-5.44213314091789,-11.3407187470471,-1.83005838064879,0.348875578252509,0.0352110715638892,-12.0700277904305,-1.14683039734375,-0.0624143235831348
0.0833333333333333,123.442183569746,118,-5.44213314091789,-10.9495953375448,-1.70774653756792,0.348875578252509,0.0409983940205375,-12.693075478955,-1.0450623796009,-0.0589275454199495
0.1,123.442277801819,118,-5.44213314091789,-10.6427286856753,-1.5040518468347,0.348875578252509,0.0467758700458507,-12.8441964697074,-0.888042499343821,-0.0529522188452223
0.116666666666667,123.442472012032,118,-5.44213314091789,-10.4124502033996,-1.26334257874969,0.348875578252509,0.0525423052246181,-12.6916279715479,-0.704921375565236,-0.0460109282966174
0.133333333333333,123.442823681701,118,-5.44213314091789,-10.2515490982108,-1.01622341845929,0.348875578252509,0.0582965463377969,-12.3600378448982,-0.516021152003613,-0.0391279804325416
0.15,123.443404237018,118,-5.44213314091789,-10.1532580671274,-0.79477737581593,1.34887557825251,0.0664460593059013,-11.9429108639534,-0.348226258020833,-0.0329542357849532
0.166666666666667,123.444298488672,118,-5.44213314091789,-10.0764742632351,-0.668499867503813,1.34887557825251,0.0888380871434873,-11.5484077339258,-0.274204500369157,-0.0278039126432575
0.183333333333333,123.445602365106,118,-5.44213314091789,-9.98470293578303,-0.565658018507031,1.34887557825251,0.111209738779279,-11.2145017352147,-0.214369331030581,-0.0235846983013242
0.2,123.447417577565,118,-5.44213314091789,-9.8800305142219,-0.480528285266621,1.34887557825251,0.133555819813654,-10.9239170716267,-0.165153406053563,-0.02008002504662
0.216666666666667,123.449846590398,118,-5.44213314091789,-9.76437970196161,-0.408870542978353,1.34887557825251,0.155871309138143,-10.6638662406099,-0.123923027958663,-0.017128698830234
0.233333333333333,123.452989113986,118,-5.44213314091789,-9.63951783129731,-0.347572112412858,1.34887557825251,0.178151354689734,-10.4250341825947,-0.0887549126087518,-0.0146114854718659
0.25,123.456939729327,118,-5.44213314091789,-9.50706507457173,-0.294369672264561,1.34887557825251,0.200391269297178,-10.2007714818079,-0.0582614140755557,-0.0124406761269657
0.266666666666667,123.461786327557,118,-5.44213314091789,-9.36850248671606,-0.247633250120139,1.34887557825251,0.222586526617419,-9.98645626745605,-0.0314544540309972,-0.0105520186997948
0.283333333333333,123.467609143109,118,-5.44213314091789,-9.22517985785328,-0.20619952835746,1.34887557825251,0.244732757160324,-9.77899193790075,-0.00764026610223106,-0.0088985213901622
0.3,123.474480221076,118,-5.44213314091789,-9.07832335790848,-0.169244166783972,1.34887557825251,0.266825744399912,-9.5764139261763,0.0136614221174413,-0.00744573115988857
0.316666666666667,123.482463201587,118,-5.44213314091789,-8.92904295816496,-0.136184854984256,1.34887557825251,0.288861420970328,-9.37758373213485,0.0327789113143279,-0.00616816851967347
0.333333333333333,123.491613333848,118,-5.44213314091789,-8.7783396174476,-0.106608444922541,1.34887557825251,0.310835864944842,-9.18195255354301,0.0499348913914504,-0.00504666389077395
0.35,123.501977654129,118,-5.44213314091789,-8.62711222311906,-0.0802168451385922,1.34887557825251,0.332745296196173,-8.98938021247563,0.065280955447542,-0.00406639255102596
0.366666666666667,123.513595278117,118,-5.44213314091789,-8.47616427935415,-0.0567874370904989,1.34887557825251,0.354586072836492,-8.79999782454943,0.0789229149353982,-0.00321544702816262
0.383333333333333,123.526497770137,118,-5.44213314091789,-8.32621033722652,-0.0361446474118294,1.34887557825251,0.376354687735471,-8.6141049048604,0.0909390240912429,-0.00248381956601366
0.4,123.540709561007,118,-5.44213314091789,-8.1778821630114,-0.018140014648638,1.34887557825251,0.398047765114791,-8.43209343536521,0.101392784977187,-0.0018626944519758
0.416666666666667,123.55624839338,118,-5.44213314091789,-8.0317346427925,-0.00263865638347392,1.34887557825251,0.419662057217536,-8.2543929079021,0.110341652164916,-0.00134397178316708
0.433333333333333,123.573125778894,118,-5.44213314091789,-7.88825142297087,0.0104895019901571,1.34887557825251,0.441194441050958,-8.08143156628952,0.117842672675127,-0.000919961670786639
0.45,123.591347455613,118,-5.44213314091789,-7.74785028762073,0.0213750112803428,1.34887557825251,0.462641915201097,-7.91361005053637,0.123955869493492,-0.000583201763116987
0.466666666666667,123.610913837516,118,-5.44213314091789,-7.61088827483333,0.0301516793198029,1.34887557825251,0.484001596717792,-7.75128443787187,0.12874599530944,-0.000326361983491754
0.483333333333333,123.631820450232,118,-5.44213314091789,-7.4776665352446,0.0369576020244667,1.34887557825251,0.505270718068633,-7.59475631344946,0.132283138453744,-0.000142209083226384
0.5,123.654058349116,118,-5.44213314091789,-7.34843493686644,0.0419350158202307,1.34887557825251,0.526446624160449,-7.44426801651578,0.13464254828657,-2.36104521792745e-05
0.516666666666667,123.677614517193,118,-5.44213314091789,-7.22339642114484,0.0452293991844306,1.34887557825251,0.547526769426931,-7.30000161884639,0.135903956736322,3.64380211167915e-05
0.533333333333333,123.702472241557,118,-5.44213314091789,-7.1027111158591,0.0469881389059105,1.34887557825251,0.568508714981043,-7.1620805204566,0.136150601597008,4.47710930293062e-05
0.55,123.72861146761,118,-5.44213314091789,-6.98650021106462,0.0473589895334436,1.34887557825251,0.589390125830877,-7.03057280867807,0.135468101715712,8.0081625495014e-06
0.566666666666667,123.75600913112,118,-5.44213314091789,-6.87484960477534,0.0464884872940788,1.34887557825251,0.610168768157656,-6.9054957334896,0.133943291216033,-6.74924736256055e-05
0.583333333333333,123.784639468473,118,-5.44213314091789,-6.76781332548855,0.0445204284193692,1.34887557825251,0.630842506654587,-6.78682081499846,0.131663086871007,-0.000175675555636479
0.6,123.814474305785,118,-5.44213314091789,-6.66541673898187,0.0415944830038001,1.34887557825251,0.651409301925328,-6.6744792267538,0.128713437604647,-0.00031082481246777
0.616666666666667,123.845483327764,117,-6.44213314091789,-6.5676595470675,0.0378449865644968,1.34887557825251,0.671867207940816,-6.5683671981121,0.125178386204895,-0.00046759177330977
0.633333333333333,123.877634327273,117,-6.44213314091789,-6.56825936474073,0.0333999302274793,1.34887557825251,0.692214369553271,-6.46835125583986,0.121139259334692,-0.00064101700948364
0.65,123.910893436683,117,-6.44213314091789,-6.5675992637738,0.0208355515303331,1.34887557825251,0.712449020066168,-6.41024442479534,0.111614488760814,-0.0010699061882454
0.666666666666667,123.945225342069,117,-6.44213314091789,-6.56581982056083,0.00357957610678271,1.34887557825251,0.73256947885904,-6.38197144981546,0.0988395201209254,-0.00163437301104044
0.683333333333333,123.980593481328,117,-6.44213314091789,-6.56305181463377,-0.0158904711448653,1.34887557825251,0.752574149065957,-6.37430813563455,0.0844446176469501,-0.00224943700002098
0.7,124.016960227291,117,-6.44213314091789,-6.55941665095516,-0.0358281067294392,1.34887557825251,0.772461515306573,-6.38028179142314,0.0695921894766833,-0.00285673102633818
0.716666666666667,124.054287056815,117,-6.44213314091789,-6.55502678245375,-0.0550441717849627,1.34887557825251,0.792230141468655,-6.39468868559438,0.0550859750351996,-0.00341796299345034
0.733333333333333,124.092534706849,117,-6.44213314091789,-6.54998613069105,-0.072769772243226,1.34887557825251,0.811878668541004,-6.41370683294453,0.0414574856524646,-0.00390978760552053
0.75,124.131663318375,117,-6.44213314091789,-6.54439050278627,-0.0885487067411005,1.34887557825251,0.831405812495738,-6.4345863010704,0.029034104650692,-0.00431980814886288
0.766666666666667,124.171632569098,116,-7.44213314091789,-6.53832800294975,-0.102153542923886,1.34887557825251,0.8508103622189,-6.45540241889264,0.0179924418669875,-0.0046434807673882
0.783333333333333,124.212401795673,116,-7.44213314091789,-6.62562021574434,-0.11352059536747,1.34887557825251,0.870091177488367,-6.47485991012325,0.00839987018367819,-0.00488173680684278
0.8,124.25393010625,116,-7.44213314091789,-6.70676753986938,-0.130244558453516,1.34887557825251,0.889247186998106,-6.52810939366034,-0.00481287966729851,-0.00528253638678413
0.816666666666667,124.296176484005,116,-7.44213314091789,-6.78203920111729,-0.149136623015306,1.34887557825251,0.908277386427767,-6.60278638603382,-0.0195466789952171,-0.00573704455095941
0.833333333333333,124.339099882321,116,-7.44213314091789,-6.85170408190087,-0.167997130826292,1.34887557825251,0.927180836556694,-6.68965142046552,-0.0343371401867939,-0.00617222055892129
0.85,124.382659312222,116,-7.44213314091789,-6.91602943160055,-0.185374946991491,1.34887557825251,0.945956661421405,-6.7819129776146,-0.0482030413237476,-0.00654179686095916
0.866666666666667,124.426813922601,116,-7.44213314091789,-6.97527972553066,-0.200378197053214,1.34887557825251,0.964604046515641,-6.87468482232545,-0.0605266701576938,-0.00681922934951394
0.883333333333333,124.471523073764,115,-8.44213314091789,-7.0297156619584,-0.212526263491197,1.34887557825251,0.983122237032071,-6.96455256291123,-0.0709598711557321,-0.00699222463438063
0.9,124.516746404755,115,-8.44213314091789,-7.17333406564237,-0.221634816791766,1.34887557825251,1.0015105361448,-7.04922877588346,-0.0793507271528066,-0.00705852434681612
0.916666666666667,124.56244389491,115,-8.44213314091789,-7.30681206831051,-0.235271804336124,1.34887557825251,1.0197683033318,-7.16325101781929,-0.0907462540652979,-0.00726604964059865
0.933333333333333,124.608575920031,115,-8.44213314091789,-7.43059608664143,-0.250285927998435,1.34887557825251,1.03789495273644,-7.29392702735805,-0.103068301705987,-0.00750800821328131
0.95,124.655103303557,115,-8.44213314091789,-7.54513172735866,-0.264556803010181,1.34887557825251,1.05588995156724,-7.43190096252834,-0.114902132421678,-0.00771468253677846
0.966666666666667,124.701987363079,116,-7.44213314091789,-7.65086167620141,-0.276737473972915,1.34887557825251,1.07375281853518,-7.57041847491788,-0.125333850383467,-0.00784381797817325
0.983333333333333,124.749189952514,116,-7.44213314091789,-7.65448305282995,-0.286052722758111,1.34887557825251,1.09148312232753,-7.70473904228607,-0.1338225611153,-0.00787314596834092
1,124.796673500232,116,-7.44213314091789,-7.65600083418294,-0.284597485573234,1.34887557825251,1.10908048011767,-7.79569655529933,-0.135040934444296,-0.0075512485279888
1.01666666666667,124.844401043416,117,-6.44213314091789,-7.65563679990487,-0.275619429997846,1.34887557825251,1.12654455611001,-7.85316726928663,-0.131078072148582,-0.00699560292034534
1.03333333333333,124.892336258894,117,-6.44213314091789,-7.55985706709006,-0.261624820395294,1.34887557825251,1.14387506011925,-7.8850413674921,-0.123557979971878,-0.00629563650485979
1.05,124.940443490697,118,-5.44213314091789,-7.46842775417413,-0.236982955423548,1.34887557825251,1.16107174618334,-7.8616246865638,-0.10867211446363,-0.00527514750899261
1.06666666666667,124.988687774547,118,-5.44213314091789,-7.28758518291029,-0.20645119392076,1.34887557825251,1.17813441120934,-7.79978416377037,-0.089534854355487,-0.0040994532956314
1.08333333333333,125.037034859479,119,-4.44213314091789,-7.11686109653707,-0.165927365891393,1.34887557825251,1.19506289365149,-7.6764922282256,-0.0633632232572071,-0.00264221460205235
1.1,125.085451226805,120,-3.44213314091789,-6.86225451767901,-0.12115253131855,1.34887557825251,1.21185707222085,-7.51347463504242,-0.0339444531260431,-0.00109923361732185
1.11666666666667,125.133904106562,121,-2.44213314091789,-6.52931767782786,-0.0686030411863038,1.34887557825251,1.22851686462581,-7.29115746211373,0.00109587993795726,0.000639532295698058
1.13333333333333,125.182361491652,122,-1.44213314091789,-6.12338427264296,-0.00675775952628804,1.34887557825251,1.24504222634276,-6.99766521765675,0.042816446638187,0.00261551314928441
1.15,125.230792149785,122,-1.44213314091789,-5.649566955532,0.0645214396055737,1.34887557825251,1.26143314941635,-6.62686297258121,0.0913575303381983,0.00482395757982467
1.16666666666667,125.279165633405,123,-0.442133140917889,-5.2064969739304,0.144458652637367,1.34887557825251,1.2776896612887,-6.17682188595749,0.146243590178069,0.00723071979084159
1.18333333333333,125.327452287711,124,0.557866859082111,-4.69926918528695,0.22416987368823,1.34887557825251,1.29381182365683,-5.68459554544125,0.201551445926375,0.00954127117103692
1.2,125.375623256914,125,1.55786685908211,-4.1325328490057,0.305324699738208,1.34887557825251,1.30979973135784,-5.14145710949923,0.258359597038457,0.0118121104535589
1.21666666666667,125.423650488833,125,1.55786685908211,-3.51072420835908,0.388530893024115,1.34887557825251,1.32565351128121,-4.54292709647554,0.317049386407711,0.0140634710397557
1.23333333333333,125.471506737963,126,2.55786685908211,-2.93180859044474,0.473684077787246,1.34887557825251,1.34137332130751,-3.88763406579436,0.377529966763457,0.0162918956152985
1.25,125.519165567098,127,3.55786685908211,-2.30022756555985,0.552684799472543,1.34887557825251,1.35695934927317,-3.21239919760967,0.434348153796951,0.0182361657442421
1.26666666666667,125.566601347625,127,3.55786685908211,-1.61999158657239,0.628035178100924,1.34887557825251,1.37241181196053,-2.50771211834421,0.489094567403853,0.0199865079369001
1.28333333333333,125.613789258569,128,4.55786685908211,-0.988654924006019,0.701176941983885,1.34887557825251,1.38773095411277,-1.76794191650768,0.542673464986663,0.021595773337306
1.3,125.660705284487,128,4.55786685908211,-0.31026324835801,0.765264284911235,1.34887557825251,1.40291704747307,-1.02630825953194,0.590446070970063,0.0228476386573273
1.31666666666667,125.707326212284,128,4.55786685908211,0.317812649926158,0.80317491676727,2.15205049501978,1.422170764374,-0.278186662323347,0.611599620159166,0.0238736591161625
1.33333333333333,125.753629577784,129,5.55786685908211,0.92587844673131,0.800877289178582,2.14975286743109,1.44765283898303,0.419597262706003,0.592157407562024,0.0245870048675122
1.35,125.799592435626,129,5.55786685908211,1.63450816471036,0.802184134134364,2.15105971238687,1.47101492439265,1.07894080128171,0.57984904178331,0.0250825234835797
1.36666666666667,125.845187759654,129,5.55786685908211,2.34031593544578,0.804325232721274,2.15320081097378,1.49508564327463,1.73864961306826,0.566583619823428,0.0257331319730234
1.38333333333333,125.890381169733,129,5.55786685908211,3.04024534435722,0.799905063545735,1.34887557825251,1.5213096445534,2.40133724477426,0.544230761053271,0.0265244164115655
1.4,125.935128988651,130,6.55786685908211,3.70359484018579,0.799684974780119,1.34887557825251,1.54739961718484,3.06535640082645,0.525106983632905,0.0274353201418585
1.41666666666667,125.979378413954,130,6.55786685908211,4.39704499363343,0.80848102280038,2.15735660105289,1.57182698230408,3.71201404805835,0.515904546643704,0.0283767199197794
1.43333333333333,126.02307066351,130,6.55786685908211,5.05310466002934,0.805772666939344,2.15464824519185,1.59944089915412,4.36678078983582,0.492076874985592,0.0294544028307368
1.45,126.066143085137,130,6.55786685908211,5.70043343458698,0.805049743895059,2.15392532214757,1.62687548096082,5.0035703464024,0.470242388530361,0.0305682221278144
1.46666666666667,126.108527927913,130,6.55786685908211,6.33666933452821,0.806836745439581,2.15571232369209,1.65416649130252,5.6274491760315,0.450669553966946,0.0317394644148654
1.48333333333333,126.150150727881,130,6.55786685908211,6.95991837020951,0.811054393794512,2.15992997204702,1.68135312880471,6.24084611068245,0.433221280378642,0.0329697625174129
1.5,126.190929464076,130,6.55786685908211,7.56872824092494,0.817302280988037,2.16617785924055,1.70847043452719,6.84443061579586,0.417556080707083,0.0342497102197569
1.51666666666667,126.230774278228,130,6.55786685908211,8.16203070588012,0.825050683208523,2.17392626146103,1.73554563262339,7.43779929440257,0.403261730562416,0.0355648564996689
1.53333333333333,126.269587578454,129,5.55786685908211,8.7390727565487,0.833760888390044,2.18263646664255,1.76259704469112,8.01997959084079,0.389936802739492,0.0368995852872241
1.55,126.307264400826,129,5.55786685908211,9.20560817844797,0.842952707989374,2.19182828624188,1.78963454703283,8.5897765814389,0.377234381306417,0.0382393973807843
1.56666666666667,126.343692871057,129,5.55786685908211,9.66089283077986,0.845012528923541,2.19388810717605,1.81659527125926,9.11013543757296,0.36018046363383,0.0393285980131426
1.58333333333333,126.378754630146,129,5.55786685908211,10.1042948603888,0.843365618767391,2.1922411970199,1.84338886377602,9.59235899702693,0.34119681707778,0.0402722734841458
1.6,126.412325346708,129,5.55786685908211,10.5349348002437,0.840262201356017,2.18913777960853,1.86997191497378,10.0450306609881,0.321839431081844,0.041141218430952
1.61666666666667,126.444275343753,128,4.55786685908211,10.9519133977811,0.837058158670297,2.18593373692281,1.89633078155353,10.4742994772573,0.303016838097356,0.0419795342635868
1.63333333333333,126.474470293877,128,4.55786685908211,11.2607022665072,0.834468892448524,2.18334447070103,1.92246887308207,10.8843100335319,0.285182127455736,0.0428117814752186
1.65,126.502771948223,128,4.55786685908211,11.5602623563726,0.825557518193282,2.17443309644579,1.94833224991474,11.2418056800686,0.263789643607661,0.0434056367538758
1.66666666666667,126.529038877732,127,3.55786685908211,11.8497218206653,0.814063996781283,2.16293957503379,1.97384759049995,11.5606474665376,0.241435343587404,0.0438783454390337
1.68333333333333,126.553127280361,127,3.55786685908211,12.034304842397,0.802317836312644,2.15119341456515,1.99899168630452,11.851038666352,0.219688283580276,0.0443053576226376
1.7,126.574891915949,126,2.55786685908211,12.2126197146299,0.811837865852396,2.16071344410491,2.01805348352643,12.1035128239513,0.2254281204145,0.04446544227885
1.71666666666667,126.594186992291,126,2.55786685908211,12.2906541097089,0.806597253617528,2.15547283187004,2.0387996211079,12.3171502389403,0.21730815839558,0.0444446362457823
1.73333333333333,126.610866936149,126,2.55786685908211,12.3679930309201,0.796059489275999,1.34887557825251,2.05826739901058,12.4764195630157,0.208093270277143,0.0440790230918899
1.75,126.624787117616,125,1.55786685908211,12.4161089868987,0.796958733339845,1.34887557825251,2.07382514960738,12.6093825111365,0.214625763038226,0.0434962342980595
1.76666666666667,126.635805672612,125,1.55786685908211,12.3163572105818,0.792346225569608,1.34887557825251,2.08878053078468,12.717177809448,0.218116767773157,0.0426807468015474
1.78333333333333,126.64378762594,124,0.557866859082111,12.1742401680586,0.790695786839818,1.34887557825251,2.09937867088436,12.7559231289575,0.232441447497092,0.0413136828340345
1.8,126.648608617474,124,0.557866859082111,11.901335891357,0.772812413918599,1.34887557825251,2.1098091604364,12.7361138062355,0.235237314545239,0.0394576601142128
1.81666666666667,126.650157279269,123,-0.442133140917889,11.6021398439315,0.732826828628599,1.34887557825251,2.12007465019124,12.6206161777507,0.222454513919461,0.0369415533456707
1.83333333333333,126.648336617694,123,-0.442133140917889,11.1872534770749,0.676249587373826,1.34887557825251,2.13017774900922,12.4233367927168,0.197634906529453,0.0339676843985455
1.85,126.64306468956,123,-0.442133140917889,10.7602275996705,0.600340054866871,1.34887557825251,2.14012102452218,12.1214559888465,0.158842674175956,0.0304651191955508
1.86666666666667,126.634274770692,122,-1.44213314091789,10.3244928959092,0.512528874349083,1.34887557825251,2.14990700378472,11.7390701723339,0.110948301220429,0.0266937448125771
1.88333333333333,126.621915162984,122,-1.44213314091789,9.78940834407726,0.41865411563132,1.34887557825251,2.15953817391503,11.2963464568152,0.0578235462402719,0.0228528435664219
1.9,126.605948746872,121,-2.44213314091789,9.25733704818211,0.315685322249952,1.34887557825251,2.16901698272575,10.774108685737,-0.00255501002306642,0.0188485020283725
1.91666666666667,126.586352358783,121,-2.44213314091789,8.63683586988748,0.210357028232233,1.34887557825251,2.17834583934482,10.1981630350273,-0.0656854622310523,0.0149052194772969
1.93333333333333,126.563116053051,120,-3.44213314091789,8.02949932337593,0.10001854328581,1.34887557825251,2.18752711482647,9.55301473010322,-0.133301963465756,0.0109366817300925
1.95,126.536242292834,120,-3.44213314091789,7.34314934659974,-0.00857671229249563,1.34887557825251,2.19656314275265,8.86667797165492,-0.200854350629745,0.00716302543850307
1.96666666666667,126.505745103302,120,-3.44213314091789,6.67867915411555,-0.118302835009891,1.34887557825251,2.20545621982494,8.12477335877356,-0.270193072424302,0.00348586800835767
1.98333333333333,126.47164921172,120,-3.44213314091789,6.03698358349811,-0.22278289433541,1.34887557825251,2.21420860644707,7.35563529491353,-0.336990903758534,0.000108730269382888
2,126.433989192478,120,-3.44213314091789,5.41874753916758,-0.317809805396286,1.34887557825251,2.22282252729829,6.5806115009853,-0.3983250718746,-0.00284226847304286
2.01666666666667,126.392808630072,119,-4.44213314091789,4.82446549262191,-0.400823467795806,1.34887557825251,2.23130017189773,5.81550873719877,-0.452347572186918,-0.0052988107163692
2.03333333333333,126.34815930914,119,-4.44213314091789,4.16071901866497,-0.470496132499074,1.34887557825251,2.23964369515971,5.07176291924037,-0.498022576560119,-0.00723495537802412
2.05,126.300100437739,119,-4.44213314091789,3.5272490263913,-0.533950013180282,1.34887557825251,2.24785521794043,4.32141232335964,-0.539977821244557,-0.00889844054077033
2.06666666666667,126.248697907776,119,-4.44213314091789,2.92388219543889,-0.588097212635972,1.34887557825251,2.25593682757597,3.58169695198607,-0.576060157958177,-0.01019886507991
2.08333333333333,126.194023594827,119,-4.44213314091789,2.35031552051104,-0.631241726966968,1.34887557825251,2.26389057841177,2.86493288804667,-0.605028961421684,-0.0110940973248144
2.1,126.136154698319,119,-4.44213314091789,1.80613194122061,-0.66270645692097,1.34887557825251,2.27171849232378,2.17960259529236,-0.626318809754507,-0.0115765259577178
2.11666666666667,126.075173122112,120,-3.44213314091789,1.29081483136118,-0.682542308758136,1.34887557825251,2.27942255923141,1.53122824499829,-0.639853408422689,-0.011662440257083
2.13333333333333,126.011164894865,120,-3.44213314091789,0.897502178966811,-0.691303106462867,1.34887557825251,2.28700473760231,0.923068627322092,-0.645900727125189,-0.0113839060000034
2.15,125.94421962907,120,-3.44213314091789,0.525943889620494,-0.682328460865936,1.34887557825251,2.29446695494925,0.392644185002106,-0.639901664464921,-0.0105392605645689
2.16666666666667,125.874430017347,120,-3.44213314091789,0.175602794547724,-0.660016888488226,1.34887557825251,2.30181110831911,-0.0716643978188031,-0.624665037384328,-0.00929099945164239
2.18333333333333,125.801891364368,120,-3.44213314091789,-0.154104447174951,-0.627926890615443,1.34887557825251,2.30903906477416,-0.479536574105354,-0.602481300076612,-0.0077688310357123
2.2,125.72670115266,120,-3.44213314091789,-0.463799437222978,-0.588924741149838,1.34887557825251,2.31615266186579,-0.83904602517563,-0.575212243077234,-0.00607557515454638
2.21666666666667,125.648958640479,120,-3.44213314091789,-0.754134800052288,-0.545307033883613,1.34887557825251,2.32315370810063,-1.15693767645507,-0.544365483286662,-0.00429204520724172
2.23333333333333,125.568764489964,121,-2.44213314091789,-1.02578758067988,-0.498902235141539,1.34887557825251,2.3300439833995,-1.43885721616791,-0.511156294590507,-0.00248108549867701
2.25,125.486220423757,121,-2.44213314091789,-1.18571246294836,-0.451154782353334,1.34887557825251,2.33682523954892,-1.68954111517064,-0.476558906140944,-0.000690906946097515
2.26666666666667,125.40142890837,121,-2.44213314091789,-1.33419139256617,-0.395650075805221,1.34887557825251,2.34349920064566,-1.87700258223818,-0.43628953897116,0.00128552194749306
2.28333333333333,125.314492862627,121,-2.44213314091789,-1.47173904064223,-0.336575877087068,1.34887557825251,2.35006756353412,-2.01650088403928,-0.393122116830619,0.00330574126298421
2.3,125.225515389569,121,-2.44213314091789,-1.59886793600443,-0.276968591775955,1.34887557825251,2.35653199823692,-2.11991353127062,-0.34909569736107,0.00526952772648465
2.31666666666667,125.134599530319,121,-2.44213314091789,-1.71608616908433,-0.218971934994499,1.34887557825251,2.36289414837865,-2.19642819253869,-0.305676283046738,0.00710907011955781
2.33333333333333,125.041848038476,120,-3.44213314091789,-1.82389536796127,-0.164043125008334,1.34887557825251,2.3691556316029,-2.2531016487553,-0.263886218088288,0.00878117855264304
2.35,124.947363173667,120,-3.44213314091789,-2.01652970545531,-0.113116588454416,1.34887557825251,2.37531803998275,-2.29531015592401,-0.224407284445041,0.0102611352879911
2.36666666666667,124.851246513014,120,-3.44213314091789,-2.19489929854108,-0.0742779488395763,1.34887557825251,2.38138294042474,-2.36308251673639,-0.1927220089075,0.0112945045719139
2.38333333333333,124.753598779311,120,-3.44213314091789,-2.35967851192589,-0.0444619145628359,1.34887557825251,2.38735187506651,-2.44755049147519,-0.166897821181068,0.0119958288912092
2.4,124.6545196848,120,-3.44213314091789,-2.51153528710526,-0.0213330753250994,1.34887557825251,2.39322636166812,-2.54191522858762,-0.14545959485774,0.0124521121272906
2.41666666666667,124.554107789506,120,-3.44213314091789,-2.65112854578184,-0.00312823837495934,1.34887557825251,2.39900789399717,-2.64102782119816,-0.127291665445805,0.0127288632669592
2.43333333333333,124.452460373157,120,-3.44213314091789,-2.77910592080305,0.0114698286854726,1.34887557825251,2.40469794220793,-2.74104898331921,-0.11155919254421,0.0128749176346145
2.45,124.349673319773,120,-3.44213314091789,-2.89610179012011,0.0234331410734199,1.34887557825251,2.41029795321437,-2.83917358275333,-0.0976452652627398,0.012926267911686
2.46666666666667,124.245841014088,120,-3.44213314091789,-3.00273559044573,0.0334685602762474,1.34887557825251,2.41580935105739,-2.93340825623557,-0.0851007925054436,0.0129090950833656
2.48333333333333,124.141056248979,120,-3.44213314091789,-3.09961038844906,0.0420811377770474,1.34887557825251,2.42123353726619,-3.02239239759938,-0.0736047511536993,0.0128421547057527
2.5,124.035410143198,120,-3.44213314091789,-3.18731168847097,0.0496239775118854,1.34887557825251,2.42657189121399,-3.10525452221745,-0.0629328042563756,0.0127386452599936
2.51666666666667,123.928992068673,120,-3.44213314091789,-3.26640645686561,0.056337260742138,1.34887557825251,2.43182577046806,-3.18149742965801,-0.0529326637039883,0.0126076618056927
2.53333333333333,123.821889586749,119,-4.44213314091789,-3.33744234417394,0.062378587354738,1.34887557825251,2.43699651113429,-3.25090676070399,-0.0435048705793618,0.0124553187911799
2.55,123.714188392756,119,-4.44213314091789,-3.49468786596917,0.0678463849941775,1.34887557825251,2.44208542819627,-3.31347851577945,-0.0345879123134868,0.0122856099972135
2.56666666666667,123.605972268322,119,-4.44213314091789,-3.63907690574145,0.0652532031858412,1.34887557825251,2.44709381584908,-3.40533314444607,-0.0312063009855511,0.0118576982798792
2.58333333333333,123.497323040904,119,-4.44213314091789,-3.77129805387902,0.0579430975207021,1.34887557825251,2.45202294782772,-3.51483137485375,-0.0311814425290544,0.0112888677882126
2.6,123.388320592883,119,-4.44213314091789,-3.8920249063673,0.0483004368623464,1.34887557825251,2.4568740777304,-3.63327456275209,-0.032946921522213,0.010661285963927
2.61666666666667,123.279045812292,119,-4.44213314091789,-4.00191437447346,0.0379768348044411,1.34887557825251,2.46164843933677,-3.754274192533,-0.035406004522234,0.0100305559660771
2.63333333333333,123.169581762596,119,-4.44213314091789,-4.10160526100626,0.0280701216516721,1.34887557825251,2.46634724692103,-3.8732458529514,-0.0378188876514662,0.00943242266836902
2.65,123.060008658546,119,-4.44213314091789,-4.19171708112411,0.0192652075921657,1.34887557825251,2.47097169556015,-3.9870032854972,-0.0397136371933599,0.00888801737880849
2.66666666666667,122.950403585653,119,-4.44213314091789,-4.27284910685802,0.0119439674611573,1.34887557825251,2.47552296143725,-4.09343470870791,-0.0408164351843363,0.00840791929981397
2.68333333333333,122.840840667613,119,-4.44213314091789,-4.34557961568247,0.00627048985488758,1.34887557825251,2.48000220214011,-4.19124547098259,-0.0409972204850268,0.00799528041293807
2.7,122.731391208142,119,-4.44213314091789,-4.41046532460385,0.00225666163650065,1.34887557825251,2.48441055695503,-4.27975441810906,-0.0402276549327132,0.00764820648786342
2.71666666666667,122.622123812362,119,-4.44213314091789,-4.4680409923399,-0.000187859020218218,1.34887557825251,2.48874914715603,-4.35873359611527,-0.0385489060290794,0.0073615508234296
2.73333333333333,122.513104491917,119,-4.44213314091789,-4.51881917323339,-0.00121800535323019,1.34887557825251,2.49301907628947,-4.42828281584559,-0.0360472142685527,0.00712824683481742
2.75,122.404396757118,119,-4.44213314091789,-4.56329010757723,-0.00102536034599867,1.34887557825251,2.49722143045422,-4.48873217427074,-0.0328356034871567,0.00694028073528304
2.76666666666667,122.296061698798,119,-4.44213314091789,-4.6019217340246,0.000182210868996224,1.34887557825251,2.50135727857731,-4.54056691694985,-0.0290404116288377,0.00678938532390543
2.78333333333333,122.188158061974,119,-4.44213314091789,-4.63515981071708,0.00219505369035402,1.34887557825251,2.50542767268534,-4.58437008450536,-0.02479157962774,0.00666751945580682
2.8,122.080742313032,119,-4.44213314091789,-4.66342813268356,0.00481169765896886,1.34887557825251,2.50943364817152,-4.62077925354359,-0.0202158480860753,0.00656718445454837
2.81666666666667,121.973868701743,118,-5.44213314091789,-4.68712883394456,0.00784538844399722,1.34887557825251,2.51337622405856,-4.65045439245777,-0.0154321836959177,0.00648161796321753
2.83333333333333,121.8675893192,118,-5.44213314091789,-4.8003835421618,0.0111280304273081,1.34887557825251,2.51725640325732,-4.67405443262679,-0.0105488970302836,0.00640489705523067
2.85,121.761954152491,118,-5.44213314091789,-4.90397875596063,0.0069676067183162,1.34887557825251,2.52107517282147,-4.72819186925597,-0.0107215292957565,0.00608861315408488
2.86666666666667,121.657011136785,118,-5.44213314091789,-4.99845596549675,-0.00144734383255996,1.34887557825251,2.52483350419804,-4.80158198869512,-0.0138717161544606,0.00564432637884445
2.88333333333333,121.552806205323,117,-6.44213314091789,-5.08434264615116,-0.0118493548155415,1.34887557825251,2.52853235347411,-4.88577063301469,-0.0185089529776838,0.00514992680158569
2.9,121.44938333773,117,-6.44213314091789,-5.25589196119101,-0.0226736569493639,1.34887557825251,2.53217266161951,-4.97452653114273,-0.0235934252213381,0.0046578597550227
2.91666666666667,121.346784606955,117,-6.44213314091789,-5.41402681478351,-0.040430435724386,1.34887557825251,2.53575535472573,-5.09932457265584,-0.0334868987740245,0.00395821776200497
2.93333333333333,121.245050225056,117,-6.44213314091789,-5.55942876855477,-0.0611656811904029,1.34887557825251,2.53928134424106,-5.24511586695457,-0.0455866912128638,0.00318623859472858
2.95,121.14421858804,116,-7.44213314091789,-5.69276794440826,-0.0821568766197887,1.34887557825251,2.54275152720202,-5.40075142097759,-0.058080402110829,0.00243260754698947
2.96666666666667,121.044326319861,116,-7.44213314091789,-5.90844174249441,-0.101611775248739,1.34887557825251,2.5461667864611,-5.55813143062265,-0.0697560959161087,0.0017547412537551
2.98333333333333,120.94540831569,115,-8.44213314091789,-6.10751800900558,-0.125976307069568,1.34887557825251,2.54952799091093,-5.7474950448789,-0.0849121013702869,0.000942234437843587
3,120.847497784526,115,-8.44213314091789,-6.38456393907854,-0.1513458411672,1.34887557825251,2.55283599570494,-5.95303700784759,-0.100959143479023,0.000126153961941759
3.01666666666667,120.750626291191,115,-8.44213314091789,-6.64082021134037,-0.182667626572308,1.34887557825251,2.55609164247442,-6.19918153113676,-0.121210116403975,-0.000852666946196171
3.03333333333333,120.654823797748,114,-9.44213314091789,-6.87728792817672,-0.21500715676353,1.34887557825251,2.55929575954233,-6.46579722343759,-0.14239121498058,-0.0018288742367358
3.05,120.560118704354,114,-9.44213314091789,-7.18869752750081,-0.245091489845086,1.34887557825251,2.56244916213356,-6.73817669331963,-0.162300043459256,-0.00269664615073446
3.06666666666667,120.466537889568,113,-10.4421331409179,-7.47645008260706,-0.27843402443142,1.34887557825251,2.56555265258196,-7.04180315352837,-0.184599753881038,-0.00363741355672576
3.08333333333333,120.374106750108,112,-11.4421331409179,-7.83544453978447,-0.310602323470944,1.34887557825251,2.56860702053409,-7.3575486459006,-0.206330227502614,-0.00450525177960021
3.1,120.282849240065,112,-11.4421331409179,-8.26099115492098,-0.346308930849601,1.34887557825251,2.57161304314975,-7.7076145085191,-0.230626755464827,-0.00545448427662805
3.11666666666667,120.192787909558,111,-12.4421331409179,-8.65484206993616,-0.388136125621678,1.34887557825251,2.57457148529932,-8.10645298135305,-0.259235487798857,-0.0065651517635921
3.13333333333333,120.103943942835,111,-12.4421331409179,-9.11224871184073,-0.429609396402378,1.34887557825251,2.577483099758,-8.52669847142229,-0.287848600182827,-0.0076222252113508
3.15,120.016337195807,110,-13.4421331409179,-9.53513255719376,-0.47407350222424,1.34887557825251,2.58034862739697,-8.98450513418992,-0.318687811907045,-0.00873514758161502
3.16666666666667,119.929986232999,110,-13.4421331409179,-10.0189098650992,-0.515703524717558,1.34887557825251,2.58316879737158,-9.4540135783933,-0.347853527657562,-0.00971363235771471
3.18333333333333,119.844908363924,109,-14.4421331409179,-10.465662118861,-0.558394398254572,1.34887557825251,2.58594432730646,-9.9527060456666,-0.377916006780991,-0.0106877983532727
3.2,119.761119678859,109,-14.4421331409179,-10.970960495176,-0.596784263482789,1.34887557825251,2.58867592347786,-10.4558902014686,-0.405271555360605,-0.011484503776564
3.21666666666667,119.678635084019,108,-15.4421331409179,-11.4370360958546,-0.63515514561476,1.34887557825251,2.59136428099292,-10.9820706031597,-0.432740135978981,-0.0122479613866751
3.23333333333333,119.597468336125,108,-15.4421331409179,-11.9596042561136,-0.668466342560731,1.34887557825251,2.5940100839663,-11.5074477978229,-0.456927399426081,-0.0128165008115178
3.25,119.517632076362,107,-16.4421331409179,-12.4410346598814,-0.701264080788147,1.34887557825251,2.59661400569387,-12.0513040089347,-0.480827554626462,-0.0133435634069948
3.26666666666667,119.439137863703,107,-16.4421331409179,-12.9771755718864,-0.728722891168995,1.34887557825251,2.59917670882376,-12.5905153155685,-0.501190110848351,-0.0136747995041314
3.28333333333333,119.361996207631,106,-17.4421331409179,-13.4705239129618,-0.755562335831724,1.34887557825251,2.60169884552462,-13.1449492768791,-0.521126943560062,-0.0139693572724953
3.3,119.286216600218,106,-17.4421331409179,-14.0170494845879,-0.777094613857409,1.34887557825251,2.60418105765129,-13.6919879297722,-0.537482756012715,-0.0140772368507914
3.31666666666667,119.211807547592,106,-17.4421331409179,-14.5193650656089,-0.798146842055784,1.34887557825251,2.60662397690784,-14.2519353781666,-0.553445482104736,-0.0141608061720304
3.33333333333333,119.138776600742,105,-18.4421331409179,-14.9798099053162,-0.791978684186755,1.34887557825251,2.60449770820606,-14.7910019532558,-0.5411473091831,-0.0140839386879426
3.35,119.067130385742,105,-18.4421331409179,-15.4944157313212,-0.772845145579887,0.576030432672623,2.60087332504142,-15.2817163498229,-0.517047668234951,-0.0138312931131324
3.36666666666667,118.996874676859,105,-18.4421331409179,-15.9927129081437,-0.72414511428333,0.62473046396918,2.59067212015938,-15.7519912379587,-0.458799770293854,-0.0136860143509161
3.38333333333333,118.928015538612,104,-19.4421331409179,-16.4990126113183,-0.683140446237155,0.665735132015355,2.58119151443452,-16.188285786014,-0.407708170294769,-0.0136931173215517
3.4,118.86056265964,104,-19.4421331409179,-17.1005774811003,-0.652366272939734,0.696509305312775,2.57228250299182,-16.61214203178,-0.365149166485058,-0.0139518685377704
3.41666666666667,118.794532429385,104,-19.4421331409179,-17.6926757737663,-0.639263974850338,0.709611603402171,2.56370878983108,-17.0712853505412,-0.335628008891387,-0.014730354630359
3.43333333333333,118.729949688443,104,-19.4421331409179,-18.2718988200083,-0.639030866624839,0.709844711627671,2.55522020747714,-17.5585443785387,-0.315484661325517,-0.0158945902886858
3.45,118.666848510865,104,-19.4421331409179,-18.8363305967504,-0.64753214798297,0.70134343026954,2.5466410820932,-18.0653932396124,-0.301642824244875,-0.0173253475651535
3.46666666666667,118.605272478525,104,-19.4421331409179,-19.3850849226942,-0.661462045265002,0.687413532987508,2.53785758980251,-18.5834872845412,-0.291691952445244,-0.0189247541480771
3.48333333333333,118.545274674135,104,-19.4421331409179,-19.9179398942726,-0.678341366913883,0.670534211338626,2.52880387962478,-19.1054963703443,-0.283858962459865,-0.0206175900433657
3.5,118.486917504749,103,-20.4421331409179,-20.4350662472178,-0.696424880557028,0.652450697695481,2.51944904657602,-19.6254575842864,-0.276922075932316,-0.0223495096275421
3.51666666666667,118.430272513449,103,-20.4421331409179,-21.0305782216814,-0.714569052332345,0.634306525920164,2.50978601313472,-20.1388231495543,-0.270102183235959,-0.0240837597275393
3.53333333333333,118.375420340339,103,-20.4421331409179,-21.6053545449151,-0.739315264901289,0.609560313351221,2.49975713439428,-20.6781933738204,-0.267653347745645,-0.0260408866767574
3.55,118.322450761597,103,-20.4421331409179,-22.1603051589291,-0.766596456177084,0.582279122075425,2.48929129568217,-21.229018058541,-0.266744442773989,-0.028093553511384
3.56666666666667,118.271462907064,104,-19.4421331409179,-22.6966547740303,-0.793836524347745,0.555039053904764,2.47837215085233,-21.7805035539465,-0.265633297975853,-0.0301584274791544
3.58333333333333,118.222565894494,104,-19.4421331409179,-23.1219317490085,-0.819571351112957,0.529304227139553,2.46701652801166,-22.3251267532705,-0.263375108301515,-0.032185758779902
3.6,118.175880026911,104,-19.4421331409179,-23.536872197353,-0.835893686467184,0.512981891785325,2.45532432857097,-22.8221499173665,-0.254873478257016,-0.0339064580732915
3.61666666666667,118.131538981073,104,-19.4421331409179,-23.942010790403,-0.846348447951864,0.502527130300645,2.44342418195031,-23.2810760260937,-0.242703003530726,-0.0354257917053964
3.63333333333333,118.08969371843,104,-19.4421331409179,-24.3373433121424,-0.853520009510887,0.495355568741623,2.43139387210655,-23.7099408758788,-0.228706646834694,-0.0368222293689793
3.65,118.050520004436,104,-19.4421331409179,-24.7225976614884,-0.85917930965107,0.489696268601439,2.4192751181751,-24.1151097096722,-0.214121287076868,-0.0381508515180813
3.66666666666667,118.014234537593,105,-18.4421331409179,-25.0974151946331,-0.864454913349898,0.484420664902611,2.40708567451727,-24.5013513297978,-0.199713910080651,-0.0394478175886682
3.68333333333333,117.981122183209,105,-18.4421331409179,-25.3677215322914,-0.869998429816047,0.478877148436462,2.3948286141606,-24.8720572683129,-0.185908650313175,-0.0407349271251559
3.7,117.951523849925,105,-18.4421331409179,-25.6328421611387,-0.868905747927853,0.479969830324657,2.38256459060687,-25.1936577419048,-0.168195176705174,-0.0417802699040001
3.71666666666667,117.925782301793,106,-17.4421331409179,-25.8921871895072,-0.864998482392782,0.483877095859728,2.37037267969673,-25.4799870182549,-0.149235282592583,-0.0427032160736189
3.73333333333333,117.904208461306,106,-17.4421331409179,-26.0511917530198,-0.860704912414147,0.488170665838363,2.35828035029121,-25.7413900101392,-0.130672374595101,-0.0435820526274673
3.75,117.887068150518,107,-16.4421331409179,-26.2086170454709,-0.850194388163194,0.498681190089315,2.3463491754657,-25.9493316601392,-0.108706395919131,-0.04422036538436
3.76666666666667,117.874579867502,107,-16.4421331409179,-26.2696037910541,-0.837854242355198,0.511021335897311,2.33464570931366,-26.1210798558025,-0.0863486970339157,-0.0447575133162971
3.78333333333333,117.866918069238,108,-15.4421331409179,-26.3324639436967,-0.819112030944642,0.529763547307868,2.32324405661723,-26.2333041139143,-0.0606537676444414,-0.0450375483711821
3.8,117.864218818111,108,-15.4421331409179,-26.3018646370833,-0.799086520817243,0.549789057435266,2.31220693671162,-26.3069650043285,-0.0351085699471597,-0.0452244495644593
3.81666666666667,117.86658602286,109,-14.4421331409179,-26.2756937484387,-0.773564309286018,0.575311268966491,2.30159569896363,-26.3211929229401,-0.00698045858976485,-0.0451754219335725
3.83333333333333,117.874097479825,110,-13.4421331409179,-26.1582782830033,-0.74777725931317,0.601098318939339,2.29145649522756,-26.2984673867301,0.0202002274277529,-0.045059815938789
3.85,117.886810153072,110,-13.4421331409179,-25.9535180177073,-0.717476166446249,0.631399411806261,2.28183354806695,-26.2187591098471,0.0492219577025118,-0.0447353213478371
3.86666666666667,117.904764345722,111,-12.4421331409179,-25.758893493255,-0.680555477138536,0.668320101113973,2.27282275025841,-26.0690698210253,0.0813591659357563,-0.0441255665197733
3.88333333333333,117.927987066793,112,-11.4421331409179,-25.4781900123783,-0.643562328991774,0.705313249260736,2.26447657479824,-25.8776945856742,0.112200357377941,-0.0434428404852392
3.9,117.956494651399,113,-10.4421331409179,-25.1147671092668,-0.602978614342325,0.745896963910184,2.25682876030533,-25.6286587716818,0.144070431942554,-0.0425700625817336
3.91666666666667,117.990294781443,113,-10.4421331409179,-24.6718991022651,-0.55702538541487,0.791850192837639,2.24995609198146,-25.3116136468228,0.178063542894716,-0.0414435271642668
3.93333333333333,118.029387896829,114,-9.44213314091789,-24.2463256770677,-0.5050930767378,0.843782501514709,2.24395436053128,-24.9205898654761,0.214465225105153,-0.040036396156596
3.95,118.073768070788,115,-8.44213314091789,-23.7411294223045,-0.454519851770127,0.894355726482382,2.23885718899267,-24.4886920226144,0.248376037176743,-0.0385889683168344
3.96666666666667,118.123423479852,115,-8.44213314091789,-23.1590837655062,-0.402100358503597,0.946775219748912,2.2346705029572,-24.0030173061691,0.281965492160316,-0.0369971937732037
3.98333333333333,118.17833657466,116,-7.44213314091789,-22.5967626745885,-0.346068244224541,1.00280733402797,2.23144073219378,-23.4550070156944,0.316375055906725,-0.0352006871270943
4,118.238484035397,116,-7.44213314091789,-21.9572930129565,-0.292880766617601,1.05599481163491,2.22916906274728,-22.8754505136462,0.347346477462858,-0.0334136597435199
4.01666666666667,118.303836577508,117,-6.44213314091789,-21.3373495810878,-0.237188733188449,1.11168684506406,2.22785429486055,-22.2495644914305,0.377431856060641,-0.0315129574866812
4.03333333333333,118.374358658671,117,-6.44213314091789,-20.6403505602959,-0.185649023583279,1.16322655466923,2.22747760299124,-21.603276389644,0.403313577332551,-0.0296683373946325
4.05,118.450008126227,117,-6.44213314091789,-19.9633135809989,-0.13348580741266,1.21538977083985,2.22801116939362,-20.9181347408467,0.428259390026284,-0.0277269233363124
4.06666666666667,118.530735834864,118,-5.44213314091789,-19.303811463998,-0.0851675657852104,1.2637080124673,2.22942323598243,-20.2173694077654,0.449384335186092,-0.0258401746091495
4.08333333333333,118.616485256894,118,-5.44213314091789,-18.5659663833616,-0.0428735543858283,1.30600202386668,2.23162766061345,-19.5165906631663,0.465417299866176,-0.0240889940640031
4.1,118.707192101557,118,-5.44213314091789,-17.8477139102097,-5.07683655090931e-05,1.348824809887,2.2345808606566,-18.7897257616637,0.480825743786188,-0.0222630083389175
4.11666666666667,118.802783955179,118,-5.44213314091789,-17.1475145126455,0.0398233204262141,1.38869889867872,2.23825806531578,-18.0547361705438,0.493361970370522,-0.0204799887319628
4.13333333333333,118.903179950405,118,-5.44213314091789,-16.4639916011154,0.0750170342449011,1.42389261249741,2.24259187122824,-17.3238338396378,0.50201102203332,-0.0188040043687726
4.15,119.00829047286,118,-5.44213314091789,-15.7961008396312,0.104958894295862,1.34887557825251,2.24749625925876,-16.6048032632005,0.506558132843733,-0.0172624552300759
4.16666666666667,119.118016982372,118,-5.44213314091789,-15.1468275502651,0.139813953942372,1.34887557825251,2.25082856599874,-15.8974713864728,0.518489487980879,-0.0158647431968313
4.18333333333333,119.232252160617,118,-5.44213314091789,-14.5199374367915,0.17084223083645,1.34887557825251,2.2541866800311,-15.2022894244651,0.528326531509866,-0.0146351629713839
4.2,119.350880438336,118,-5.44213314091789,-13.9160849944961,0.197139877133254,1.34887557825251,2.25756889579228,-14.5249288453981,0.535410951630944,-0.013597263722943
4.21666666666667,119.47377866451,118,-5.44213314091789,-13.3357396821109,0.21820751208469,1.34887557825251,2.26097355612336,-13.8696717178204,0.539350912409596,-0.0127606356378458
4.23333333333333,119.600816802639,118,-5.44213314091789,-12.7792037719074,0.233856927615116,1.34887557825251,2.2643990511507,-13.2396540816342,0.539962176220394,-0.0121244169381198
4.25,119.73185863456,119,-4.44213314091789,-12.2466290794621,0.244134767239737,1.34887557825251,2.26784381719011,-12.6370713013394,0.537219626197508,-0.0116801311781907
4.26666666666667,119.866762458961,119,-4.44213314091789,-11.6442918340684,0.249260461083068,1.34887557825251,2.27130633567411,-12.0633509677783,0.531217559984697,-0.011413965514743
4.28333333333333,120.005381774846,119,-4.44213314091789,-11.0716623503043,0.257120703584852,1.34887557825251,2.27478513210179,-11.4833269013461,0.527196864804611,-0.0110652216595499
4.3,120.147565942808,119,-4.44213314091789,-10.5283290123044,0.26482544650183,1.34887557825251,2.27827877501084,-10.90920024092,0.52323842694701,-0.0107302075385615
4.31666666666667,120.293160819106,119,-4.44213314091789,-10.01378047413,0.270477301248427,1.34887557825251,2.28178587497128,-10.3499060194035,0.518063947488136,-0.0104697497045945
4.33333333333333,120.442009359189,119,-4.44213314091789,-9.52741905310699,0.272927135222539,1.34887557825251,2.28530508360054,-9.81180125748482,0.510881668044962,-0.0103183292074629
4.35,120.593952188638,120,-3.44213314091789,-9.06857308954194,0.271580932607969,1.34887557825251,2.28883509259931,-9.29922126987522,0.5012639218637,-0.010291245150023
4.36666666666667,120.748828140463,120,-3.44213314091789,-8.54276754590753,0.266248100295118,1.34887557825251,2.29237463280793,-8.81492809771887,0.489050486792693,-0.0103901909560589
4.38333333333333,120.906474758472,120,-3.44213314091789,-8.0487895163178,0.264567780095337,1.34887557825251,2.29592247328273,-8.32449955890364,0.479332300325092,-0.0103641954959997
4.4,121.066728766963,120,-3.44213314091789,-7.58560816648911,0.263513537004282,1.34887557825251,2.29947742039208,-7.84045704010661,0.470112029968764,-0.0103153736903834
4.41666666666667,121.229426507403,120,-3.44213314091789,-7.1521530147034,0.261124628329919,1.34887557825251,2.30303831693161,-7.371760275558,0.460080373395334,-0.0103078076467661
4.43333333333333,121.394404343046,121,-2.44213314091789,-6.74732353637587,0.256233691193217,1.34887557825251,2.30660404125838,-6.92459310853844,0.448443752473406,-0.0103776732152238
4.45,121.56149903265,121,-2.44213314091789,-6.27625709153596,0.248253573210461,1.34887557825251,2.31017350644338,-6.50299335752795,0.434788848397204,-0.0105411050770227
4.46666666666667,121.730548074569,121,-2.44213314091789,-5.83739185013567,0.244556231330317,1.34887557825251,2.31374565944233,-6.07338463340313,0.424036290438193,-0.0105568932017665
4.48333333333333,121.901390022583,122,-1.44213314091789,-5.4293842385935,0.241941133980588,1.34887557825251,2.31731948028402,-5.64881585333373,0.414078174209874,-0.0105335684877679
4.5,122.073864774887,122,-1.44213314091789,-4.95714404194374,0.238339009199079,1.34887557825251,2.3208939812762,-5.23854289452667,0.403536818137417,-0.0105392894546586
4.51666666666667,122.247813837632,122,-1.44213314091789,-4.518896765838,0.240063484043966,1.34887557825251,2.32446820622842,-4.81291017329206,0.396638746291263,-0.0103693552027983
4.53333333333333,122.423080564456,123,-0.442133140917889,-4.11310050758501,0.243178767974228,1.34887557825251,2.32804122969155,-4.38787120632174,0.390788941779653,-0.0101570839924916
4.55,122.599510373372,123,-0.442133140917889,-3.64448047476809,0.245124061372023,1.34887557825251,2.33161215621371,-3.97479539221132,0.384279609965061,-0.00998667121685889
4.56666666666667,122.776950942378,123,-0.442133140917889,-3.21109075944221,0.251903027464098,1.34887557825251,2.33518011961222,-3.5455293030028,0.381124852211681,-0.00966301614031827
4.58333333333333,122.95525238509,124,0.557866859082111,-2.81123062046352,0.259403057800865,1.34887557825251,2.33874428226118,-3.11706015422876,0.378604185841777,-0.00932438994539193
4.6,123.134267407678,124,0.557866859082111,-2.34947841549488,0.264982233873165,1.34887557825251,2.34230383439451,-2.70143574076224,0.374947434679508,-0.00905666668283626
4.61666666666667,123.313851448305,124,0.557866859082111,-1.92375279335619,0.274630072331112,1.34887557825251,2.34585799342406,-2.27091488935366,0.37415099908041,-0.00866419356882281
4.63333333333333,123.493862800294,125,1.55786685908211,-1.5322284016244,0.284264965112342,1.34887557825251,2.34940600327242,-1.84270079654934,0.373507314098776,-0.00828324330062461
4.65,123.674162628646,125,1.55786685908211,-1.07936925308787,0.291304751121389,1.34887557825251,2.35294713372028,-1.42891536688133,0.371279109815606,-0.00799682630432607
4.66666666666667,123.854614633844,125,1.55786685908211,-0.662989363514719,0.301815328822655,1.34887557825251,2.35648067976791,-1.00179171295802,0.371507749372963,-0.0076059844417217
4.68333333333333,124.035084990637,126,2.55786685908211,-0.281167917181693,0.311799277268421,1.34887557825251,2.36000596101055,-0.578439708863737,0.371536864355094,-0.007243544810104
4.7,124.215442518597,126,2.55786685908211,0.161717894919872,0.318760168775683,1.34887557825251,2.36352232102739,-0.170844752806692,0.369682430005759,-0.00698914012225206
4.71666666666667,124.395558835396,127,3.55786685908211,0.567932750640831,0.328846883491985,1.34887557825251,2.36702912678391,0.248921452209608,0.37003817971122,-0.00664063979726432
4.73333333333333,124.575308486705,127,3.55786685908211,1.03320930720305,0.338139419030475,1.34887557825251,2.37052576804726,0.663921882729528,0.369997279596733,-0.00632798818783796
4.75,124.754569055921,128,4.55786685908211,1.45992000253786,0.351756108372291,1.34887557825251,2.37401165681437,1.09831696544514,0.372980672438313,-0.00588490805667086
4.76666666666667,124.933221256362,128,4.55786685908211,1.94390286154696,0.365048604609001,1.34887557825251,2.37748622675273,1.53233637248542,0.375901843825301,-0.0054661749124853
4.78333333333333,125.111171389017,128,4.55786685908211,2.38763303814299,0.38263712607814,1.34887557825251,2.38094893265329,1.98804118895362,0.381849932018429,-0.0049220290128934
4.8,125.288434241467,129,5.55786685908211,2.79330762499783,0.399548675634055,1.34887557825251,2.38439924989551,2.44413469931043,0.387518697778289,-0.00441757338233255
4.81666666666667,125.465044699679,129,5.55786685908211,3.25681285694106,0.41266314936069,1.34887557825251,2.38783667392408,2.88562450936337,0.390801944338451,-0.0040522031507762
4.83333333333333,125.641020006011,130,6.55786685908211,3.68066408701368,0.42776528431028,1.34887557825251,2.39126071973728,3.33834128744828,0.395540372561618,-0.00363445831218815
4.85,125.816362987105,130,6.55786685908211,4.16083204947197,0.440758766127954,1.34887557825251,2.39467092138658,3.78394486932857,0.398997603444569,-0.00329849740988365
4.86666666666667,125.99106471367,131,7.55786685908211,4.59991485916126,0.456718212648348,1.34887557825251,2.39806683148728,4.24571707753774,0.404553184838659,-0.00287781294364394
4.88333333333333,126.165106699087,131,7.55786685908211,5.09396405542956,0.471041994058289,1.34887557825251,2.40144802074009,4.70339977529114,0.409140232350172,-0.00252402539282985
4.9,126.338462720598,131,7.55786685908211,5.54565641594723,0.488455639025437,1.34887557825251,2.40481407746325,5.17885239174703,0.415907923872453,-0.00208242831625069
4.91666666666667,126.5111003312,132,8.55786685908211,5.95737906730026,0.50412633042637,1.34887557825251,2.40816460713506,5.65078137648225,0.421634990068574,-0.00171221764707548
4.93333333333333,126.682982117614,132,8.55786685908211,6.42519701364643,0.515091631296182,1.34887557825251,2.4114992319466,6.10433959702992,0.424313684931294,-0.00150651827615702
4.95,126.854066749455,132,8.55786685908211,6.85179345817385,0.527298970228509,1.87617454848102,2.41481759036449,6.56559715069308,0.427888333814493,-0.00126765402968855
4.96666666666667,127.024309822549,133,9.55786685908211,7.25788672216563,0.494974077322354,1.84384965557486,2.42669353452589,6.99590312466309,0.382871810579844,-0.00110059082038822
4.98333333333333,127.193663735515,133,9.55786685908211,7.75453164053694,0.464884487336866,1.81376006558938,2.43802439651807,7.38231315030382,0.340887334804565,-0.000934790822072108
5,127.362075866778,133,9.55786685908211,8.23835153919217,0.447117218533702,1.79599279678621,2.4489371406562,7.77859270040667,0.308393701797599,-0.000425226521558366
5.01666666666667,127.529487090201,133,9.55786685908211,8.70669966162446,0.438950685487185,1.78782626373969,2.45961190386421,8.18330865966324,0.283236628043844,0.000356230168592008
5.03333333333333,127.695831233699,133,9.55786685908211,9.15805332891274,0.437789975670955,1.78666555392347,2.47018437497726,8.59291806276331,0.263430980405358,0.00133749081840483
5.05,127.861035020874,133,9.55786685908211,9.59171475663333,0.441400558869207,1.79027613712172,2.4807500155869,9.00313529050825,0.247306886018296,0.00245441795580998
5.06666666666667,128.025018275789,133,9.55786685908211,10.0075573107589,0.447997626387803,1.79687320464031,2.49137090307931,9.40977291372968,0.233555535792044,0.00365446620018709
5.08333333333333,128.187694305073,133,9.55786685908211,10.4058246782162,0.456245745805009,1.80512132405752,2.50208326647333,9.80919847975516,0.2212144782722,0.00489741854906312
5.1,128.348970397773,132,8.55786685908211,10.786981248986,0.465208966624303,1.81408454487681,2.5129045717951,10.1985283159005,0.209621086574849,0.00615443499296069
5.11666666666667,128.508748399315,132,8.55786685908211,11.0578663416319,0.474279036895674,1.82315461514818,2.52383957457333,10.575654326395,0.198353569974422,0.00740627272492465
5.13333333333333,128.666925327521,132,8.55786685908211,11.3186803287535,0.475876642241662,1.82475222049417,2.53481957224792,10.9033162384319,0.182472039787138,0.00839778593301328
5.15,128.823394007109,132,8.55786685908211,11.5696023293691,0.473546654298805,1.82242223255131,2.54574969205441,11.1930774946029,0.164486596320495,0.00923754989144216
5.16666666666667,128.978043705489,131,7.55786685908211,11.8104462017172,0.469692113436012,1.81856769168852,2.55658428099699,11.4540600283337,0.146059538116386,0.0100011573241197
5.18333333333333,129.130760757449,131,7.55786685908211,11.9471664358505,0.465822396057762,1.81469797431027,2.56730999130195,11.6930916501634,0.128201687972474,0.0107377651029038
5.2,129.281429169989,131,7.55786685908211,12.0790630937976,0.455566154231146,1.80444173248366,2.57786735493779,11.8791823250331,0.106753145481138,0.011233172750359
5.21666666666667,129.429931201309,131,7.55786685908211,12.2055207476714,0.443039295328069,1.79191487358058,2.58818526890023,12.0280162345551,0.0845559612205037,0.0116172177151977
5.23333333333333,129.576147910047,131,7.55786685908211,12.325718429007,0.430800044815586,1.7796756230681,2.59824769089485,12.1512077743634,0.0633189433135212,0.0119735386424244
5.25,129.71995967245,131,7.55786685908211,12.4388871377649,0.420265233222842,1.76914081147535,2.60807126127317,12.2569154532198,0.0439354167375499,0.0123511540514048
5.26666666666667,129.861246669443,131,7.55786685908211,12.5444455631822,0.412066315577076,1.76094189382959,2.61768936219708,12.3505620243445,0.0267488215327326,0.0127746826135978
5.28333333333333,129.999889416648,130,6.55786685908211,12.6420533712327,0.406332769943303,1.75520834819581,2.62714149300037,12.435533722083,0.0117601578448959,0.0132526839684334
5.3,130.13576941442,130,6.55786685908211,12.6378721468642,0.402904062596569,1.75177964084908,2.63646675511699,12.5137906346328,-0.00121961516798324,0.0137840395015283
5.31666666666667,130.268769745668,130,6.55786685908211,12.6315933771478,0.394255924760384,1.74313150301289,2.64563476666106,12.5505014039607,-0.0171640074692454,0.0141190863938925
5.33333333333333,130.398775559589,130,6.55786685908211,12.6230576257032,0.383763341342392,1.7326389195949,2.65458787077154,12.5585079039617,-0.0337424833618907,0.0143642999526395
5.35,130.525674464983,130,6.55786685908211,12.6118896269289,0.373552083220781,1.72242766147329,2.66331380764902,12.5474542170003,-0.0495354869313951,0.0145892187041851
5.36666666666667,130.649356855412,130,6.55786685908211,12.5977140988976,0.3648237031542,1.71369928140671,2.67182768731384,12.5242325160828,-0.0637853086438408,0.01483542912474
5.38333333333333,130.76971625375,130,6.55786685908211,12.5802727703711,0.358137111672311,1.70701268992482,2.68015902055662,12.4935311296004,-0.076185341187953,0.0151246134995964
5.4,130.886649763492,131,7.55786685908211,12.5594738217331,0.353635067187142,1.70251064543965,2.68834297561878,12.4583785352859,-0.0867138185908262,0.0154651913355283
5.41666666666667,131.00005846119,131,7.55786685908211,12.6291392370324,0.351215212051434,1.70009079030394,2.69641493394213,12.4206249968808,-0.0955104971855034,0.0158574499936359
5.43333333333333,131.109847673196,131,7.55786685908211,12.6899318533962,0.357874370781343,1.70674994903385,2.70447302772007,12.4171955602144,-0.098091110255616,0.0165407322001287
5.45,131.215927164281,131,7.55786685908211,12.7426666155716,0.369624116844842,1.71849969509735,2.71263309369341,12.4363019761134,-0.0973126255481322,0.0173943929392607
5.46666666666667,131.318211260013,131,7.55786685908211,12.788599882163,0.383747217592672,1.73262279584518,2.72095552316114,12.4687988003541,-0.0950860758530542,0.018334407984483
5.48333333333333,131.416618915613,131,7.55786685908211,12.829142934061,0.398529683153553,1.74740526140606,2.7294641643722,12.508063041887,-0.0925897605912572,0.0193063685296214
5.5,131.511073669281,130,6.55786685908211,12.8656847136517,0.413001787424005,1.76187736567651,2.73816081397095,12.5496473900985,-0.0904680345831864,0.0202783348549245
5.51666666666667,131.601503411915,130,6.55786685908211,12.8057537306358,0.426712643690964,1.77558822194347,2.74703566841464,12.5908465244072,-0.0890001786391836,0.0212344010171681
5.53333333333333,131.687840151187,130,6.55786685908211,12.7500307423661,0.432325423645227,1.78120100189774,2.75600882733567,12.594404184292,-0.0929336581037046,0.0219259045734329
5.55,131.770019764651,130,6.55786685908211,12.6990006966452,0.433644624278883,1.78252020253139,2.76497839667841,12.5722170898207,-0.0995624966127456,0.0224688791177919
5.56666666666667,131.847981646317,130,6.55786685908211,12.6526436385416,0.433310609939206,1.78218618819172,2.77389581062761,12.5338794933551,-0.10705099401054,0.0229460375926919
5.58333333333333,131.921668406394,130,6.55786685908211,12.61071299602,0.433028477725506,1.78190405597802,2.78274836875039,12.4867067300371,-0.114249113702183,0.0234126259004897
5.6,131.991025677284,130,6.55786685908211,12.5729119429028,0.433797762893675,1.78267334114618,2.79154561705484,12.4359972732605,-0.120514717616463,0.0239026864956219
5.61666666666667,132.056001995884,130,6.55786685908211,12.5389939654054,0.436117254739416,1.78499283299193,2.8003093562356,12.3853977408565,-0.125559207718101,0.0244348572591538
5.63333333333333,132.116548738987,129,5.55786685908211,12.5088104488296,0.440153445558112,1.78902902381062,2.80906675694263,12.3372845475881,-0.129323145194911,0.0250172733719786
5.65,132.172620095324,129,5.55786685908211,12.3885829734517,0.445870281903621,1.79474586015613,2.8178459515735,12.29311265574,-0.131882171057175,0.0256514322225489
5.66666666666667,132.224173062294,129,5.55786685908211,12.2779509636858,0.445900403738052,1.79477598199056,2.82660792152091,12.2178486171865,-0.138079637678677,0.0260915999092788
5.68333333333333,132.271167458638,129,5.55786685908211,12.176613085709,0.443774197882188,1.7926497761347,2.8352889450307,12.1242891465737,-0.145460961210193,0.0264483928111298
5.7,132.313565946597,129,5.55786685908211,12.0839836535285,0.441752809312438,1.79062838756495,2.84387307828887,12.022090969599,-0.15250051381996,0.0267950701930552
5.71666666666667,132.35133405878,128,4.55786685908211,11.9994270208574,0.44114518373405,1.79002076198656,2.85237372166167,11.9181546216231,-0.158356968320722,0.0271762153774989
5.73333333333333,132.384440226241,128,4.55786685908211,11.8286489658312,0.442588411374156,1.79146398962667,2.86082017118667,11.8171378883257,-0.162662455796017,0.0276156956118983
5.75,132.412855805218,128,4.55786685908211,11.6708128713753,0.439054039640205,1.78792961789271,2.86918285060372,11.6861252502232,-0.170053265995544,0.0278798860332031
5.76666666666667,132.436555100724,127,3.55786685908211,11.5252141640646,0.434188709129113,1.78306428738162,2.87741115743238,11.5391964356311,-0.178021721689706,0.0280844938974869
5.78333333333333,132.455515385746,127,3.55786685908211,11.2972057409687,0.4302334423868,1.77910902063931,2.88550298567744,11.3866861857888,-0.185080453362177,0.0283034181258319
5.8,132.469716915201,127,3.55786685908211,11.0854833188379,0.421180651603882,1.77005622985639,2.8934190098062,11.1999024738102,-0.195172595066575,0.0283358819595299
5.81666666666667,132.479142937319,126,2.55786685908211,10.8888655642263,0.411262455345999,1.76013803359851,2.90111208174734,10.9958819494535,-0.205409954867774,0.0283173143449994
5.83333333333333,132.483779775827,126,2.55786685908211,10.6122784682549,0.402999678852518,1.75187525710503,2.9085906188104,10.7868923439551,-0.214139897830178,0.0283319008601882
5.85,132.483617059339,126,2.55786685908211,10.35406731265,0.39046431971658,1.73933989796909,2.91582870958908,10.5453973828326,-0.225277920258495,0.0281827980487402
5.86666666666667,132.478647923364,125,1.55786685908211,10.1127826230924,0.377848272095716,1.72672385034823,2.9227928759044,10.2890339513436,-0.235987697844292,0.0280054192317647
5.88333333333333,132.468869122089,125,1.55786685908211,9.79315824785512,0.367570008844658,1.71644558709717,2.92950396963778,10.0302979555829,-0.244707043350646,0.0278817500286706
5.9,132.454281076286,124,0.557866859082111,9.49341104202617,0.356668787065761,1.61637716855183,2.93530962306536,9.74382556586815,-0.251988295741048,0.0276093106437225
5.91666666666667,132.434887955522,124,0.557866859082111,9.11527953448226,0.349345066529491,1.61088437814963,2.94010403826432,9.44798201478195,-0.254840358329871,0.0273108733359203
5.93333333333333,132.410698030832,124,0.557866859082111,8.7544208698411,0.335880730198823,1.60078612590163,2.94470419234966,9.11844607603372,-0.261616012244688,0.0268026427289348
5.95,132.381724285271,124,0.557866859082111,8.41019279080868,0.32055474976379,1.58929164057535,2.94906262618235,8.77168576738087,-0.269396189548302,0.0262223686947146
5.96666666666667,132.347984878014,123,-0.442133140917889,8.0817333951234,0.306084700766653,1.5784391038275,2.95317516310088,8.41988337230795,-0.276369295236841,0.0256593503064599
5.98333333333333,132.309503364867,123,-0.442133140917889,7.67443021911639,0.29402982482961,1.56939794687472,2.95706399409409,8.07163269702277,-0.281535364550608,0.0251665193746663
6,132.266308746655,123,-0.442133140917889,7.28709170091674,0.277831620026098,1.55724929327208,2.96071590497032,7.69679302310193,-0.289246216578827,0.024527417044419
6.01666666666667,132.218796697013,123,-0.442133140917889,6.91871909046695,0.259790326964789,1.5437183234761,2.96409600322118,7.31122883600948,-0.296865388334989,0.023866425137343
6.03333333333333,132.170664072055,123,-0.442133140917889,6.56817352882638,0.243833052212735,1.53175036741206,2.96720806963084,6.92640811223654,-0.302830942591111,0.0232604808418387
6.05,132.126253457727,123,-0.442133140917889,6.23435890111536,0.23116131009248,1.52224656082187,2.97008746771752,6.55015376160922,-0.30640224091015,0.0227516719029683
6.06666666666667,132.086650848472,123,-0.442133140917889,5.91635561613083,0.222223179398346,1.51554296280127,2.97277959292808,6.18744895429181,-0.307354251621836,0.0223579066862547
6.08333333333333,132.055630116581,123,-0.442133140917889,5.61344870440631,0.216988582196962,1.51161701490023,2.97533224002604,5.84119104646104,-0.305782261957978,0.0220814547542366
6.1,132.038887576777,124,0.557866859082111,5.32511986503587,0.215152854866987,1.51024021940275,2.97779095853345,5.51282023435376,-0.301959192234676,0.0219153363618389
6.11666666666667,132.042246911101,124,0.557866859082111,5.14476064498276,0.216279577690164,1.51108526152013,2.9801965559632,5.20281492969802,-0.296236806096058,0.0218478616782088
6.13333333333333,132.071642822916,124,0.557866859082111,4.97258140429507,0.227196494254245,1.51927294894319,2.98263358538734,4.9469502188188,-0.284193863542587,0.0221091107041673
6.15,132.13465247913,124,0.557866859082111,4.80885422027648,0.243823629860369,1.53174330064779,2.98519845998407,4.73253201906867,-0.268689062211614,0.0225710329972771
6.16666666666667,132.245715902915,125,1.55786685908211,4.65418222307126,0.263314224539712,1.54636124665729,2.98794455499683,4.54961200403493,-0.251690855039174,0.0231431843781027
6.18333333333333,132.437385704429,125,1.55786685908211,4.6030214321827,0.278917465704416,1.62779304395693,2.99189363257271,4.38858669545974,-0.239933334851281,0.0237674563062358
6.2,132.764557361756,125,1.55786685908211,4.55878428547066,0.301483436676152,1.65035901492866,2.99621760964428,4.27821031437381,-0.224262907968882,0.0246616594970258
6.21666666666667,133.276620947434,126,2.55786685908211,4.52453080623739,0.327642846630617,1.67651842488313,3.0009067742502,4.20515350474307,-0.206838797856816,0.0257062275912492
6.23333333333333,133.988799024282,126,2.55786685908211,4.59477131628837,0.355080573855191,1.7039561521077,3.0060005756352,4.16028429984308,-0.189251864197406,0.0268277922088107
6.25,134.890103517022,127,3.55786685908211,4.67073342761919,0.389636401905446,1.73851198015796,3.01157350896755,4.17290550719942,-0.167719759970608,0.0282243225494709
6.26666666666667,135.960683724626,127,3.55786685908211,4.84730812571615,0.426873333201011,1.77574891145352,3.01770464649667,4.22620512523713,-0.145309380870489,0.029756017273437
6.28333333333333,137.177085097015,128,4.55786685908211,5.02625182645621,0.471286751740518,1.82016232999303,3.02447950879723,4.34376477835055,-0.119146542309084,0.0315773569379709
6.3,138.517194024477,129,5.55786685908211,5.30299369922366,0.517673725261403,1.86654930351391,3.03197085349218,4.50475037048288,-0.0927914048591934,0.0335225157095636
6.31666666666667,139.961109282151,129,5.55786685908211,5.67350177514965,0.570168535847057,1.91904411409957,3.04024867477802,4.73009050235006,-0.0635783561126822,0.0357324640794652
6.33333333333333,141.490870287764,130,6.55786685908211,6.04026044433936,0.630694089256892,1.9795696675094,3.0494320754225,5.03319392956082,-0.0303953168607008,0.0382797228319627
6.35,143.090176178842,131,7.55786685908211,6.49952572748735,0.692502438852928,2.04137801710544,3.05959348518695,5.3858814041311,0.00217838372561241,0.0409472163785551
6.36666666666667,144.74410871188,132,8.55786685908211,7.04803398875985,0.758922111031343,2.10779768928385,3.07078330454032,5.80408658347968,0.036313785967304,0.0438472741522636
6.38333333333333,146.438866039212,133,9.55786685908211,7.68264143718274,0.831568693839835,2.18044427209234,3.08309200749293,6.2980520303077,0.0729744154540592,0.0470394157294885
6.4,148.161512285973,135,11.5578668590821,8.40049767834608,0.910919997675476,2.25979557592799,3.09662658757583,6.87363169070336,0.112341009587576,0.0505470858424751
6.41666666666667,149.899748102754,136,12.5578668590821,9.2928409802429,0.996759985036501,2.34563556328901,3.11149546823592,7.53348554199945,0.15413336620643,0.0543708791281852
6.43333333333333,151.641709994467,138,14.5578668590821,10.2579266341035,1.09572394876882,2.44459952702133,3.12786532390796,8.31394259305142,0.202539346168508,0.0587418241442779
6.45,153.37581076399,139,15.5578668590821,11.3880551755981,1.20335297445394,2.55222855270645,3.14591312902586,9.20169933983008,0.254346769005406,0.0635266606601546
6.46666666666667,155.090638051164,141,17.5578668590821,12.5827723136336,1.32366248072641,2.67253805897892,3.16581754619357,10.2214002648031,0.311990966083834,0.0688707694977675
6.48333333333333,156.774931327275,142,18.5578668590821,13.9356283339939,1.45076115124813,2.79963672950064,3.18773427516674,11.3516862514005,0.371354467186069,0.0745913237418254
6.5,158.417656653659,144,20.5578668590821,15.3472360328144,1.58804762420327,2.93692320245578,3.21180401167571,12.6120172827009,0.434537317722696,0.0808095350737244
6.51666666666667,160.00818993546,146,22.5578668590821,16.9119738598445,1.72953382734311,3.07840940559562,3.2381388179564,13.9779870818878,0.497440526405473,0.0873350983180447
6.53333333333333,161.53660211472,148,24.5578668590821,18.6247819224402,1.87882085829526,3.22769643654777,3.26683681905636,15.4675062695876,0.562377737308929,0.0942917850974752
6.55,162.994016360384,149,25.5578668590821,20.4808372039017,2.0374900291687,3.38636560742121,3.29803775823138,17.0914591549372,0.630248962087126,0.101740564120313
6.56666666666667,164.37298431266,151,27.5578668590821,22.3819900894933,2.20581197281727,3.55468755106978,3.33189550343814,18.8554047861227,0.701061218246206,0.109700388205488
6.58333333333333,165.667815223332,153,29.5578668590821,24.423860058173,2.37606122189177,3.72493680014428,3.36849534131029,20.7252332177578,0.769616373244226,0.117920856560051
6.6,166.874795670328,155,31.5578668590821,26.6024567786147,2.55106447054445,3.89994004879696,3.40788815039838,22.7125021544533,0.837803209876858,0.126495563777395
6.61666666666667,167.992258826444,157,33.5578668590821,28.9137818238843,2.73224893401644,4.08112451226895,3.4501590273603,24.8242602591772,0.906519925463242,0.13547515494086
6.63333333333333,169.020493779901,159,35.5578668590821,31.3539965087485,2.92009355096506,4.26896912921757,3.49540788042169,27.0640137995914,0.976009071321744,0.144880363273234
6.65,169.961516242905,160,36.5578668590821,33.9194893565015,3.18054819164901,3.57525931240682,3.53023071579306,29.4619805765604,1.12005781095896,0.154682450758213
6.66666666666667,170.818743399092,162,38.5578668590821,36.4822669403209,3.44945377947868,3.76349322388759,3.5667374473817,32.0419332706483,1.26866371863668,0.164711579923809
6.68333333333333,171.596624581861,163,39.5578668590821,39.1111542654092,3.70598489461797,3.94306500448509,3.60618557132028,34.7308983833104,1.40517718392573,0.174491251091741
6.7,172.300274983715,165,41.5578668590821,41.714666070705,3.94765119810949,4.11223141692915,3.64840764788391,37.5030239825634,1.52826735160453,0.18392674432909
6.71666666666667,172.935143410046,166,42.5578668590821,44.3933872982387,4.16693813765259,4.26573227460932,3.69317473223019,40.3062929318269,1.63333959223659,0.192754734750914
6.73333333333333,173.506733308266,167,43.5578668590821,47.0530302303924,4.3685804086615,4.40688186431556,3.74024672714402,43.1435417806467,1.72396420619509,0.201114517030453
6.75,174.020385768014,168,44.5578668590821,49.6976014602546,4.54947421414385,4.5335075281532,3.7893892063865,45.9832004377438,1.79847237580057,0.208888243183185
6.76666666666667,174.48112377471,169,45.5578668590821,52.3298138933569,4.70941695457971,4.64546744645831,3.8403493959157,48.8060227324044,1.85714513865074,0.216052752668606
6.78333333333333,174.893551070744,170,46.5578668590821,54.9511344056133,4.84990244961131,4.74380729298043,3.89288268778029,51.6013905049006,1.90137154615557,0.2226415200254
6.8,175.261796226777,171,47.5578668590821,57.5619438631103,4.97326938353791,4.83016414672904,3.94676723692883,54.3643955217712,1.9330605569912,0.228717485297313
6.81666666666667,175.589491940995,171,47.5578668590821,60.1617466247873,5.08213268684886,4.90636845904671,4.00181034100314,57.0936420232378,1.95425396580372,0.23435468909046
6.83333333333333,175.879780059172,171,47.5578668590821,62.6556479023309,5.17903091795247,4.97419722081924,4.05784950095507,59.789669484405,1.96689122095683,0.239626692049468
6.85,176.135334180984,172,48.5578668590821,65.0478704759747,5.2589134697159,5.03011500705364,4.11470404922937,62.4179875004486,1.96787820600975,0.244356551054
6.86666666666667,176.358393426109,172,48.5578668590821,67.4357162233299,5.31997848143461,5.07286051525674,4.17215465680203,64.9565203579019,1.95633549461036,0.248472121967008
6.88333333333333,176.550802232684,172,48.5578668590821,69.7223996722021,5.36980869866437,5.10774166731757,4.23002033508306,67.4282168578324,1.93757038963485,0.25221247733799
6.9,176.714052449967,172,48.5578668590821,71.9103490948159,5.40625579592681,5.13325463540128,4.28814773953541,69.8143137959158,1.91036246395405,0.255498437200945
6.91666666666667,176.849325442943,172,48.5578668590821,74.0016181811809,5.42891568887544,5.14911656046532,4.34636954615431,72.1032123652853,1.87466904803933,0.25830753522203
6.93333333333333,176.957532419739,172,48.5578668590821,75.9978549687434,5.4384544373365,5.15579368438806,4.40452070247433,74.2885085635782,1.83115196693625,0.26065281656566
6.95,177.039351984693,172,48.5578668590821,77.9003443619443,5.4361197487769,5.15415940239634,4.46244793513333,76.3673973001705,1.78083839467948,0.262567322681154
6.96666666666667,177.095264598817,172,48.5578668590821,79.7100878303393,5.47441488971059,3.81236227862228,4.50967358087955,78.3506314243655,1.78188677673161,0.264089053364971
6.98333333333333,177.125583860103,173,49.5578668590821,81.3815589018154,5.55662685254175,3.8493576618963,4.54492732353533,80.3103480342605,1.83852788038091,0.265102885569437
7,177.130486855781,173,49.5578668590821,82.970273383415,5.61218790601734,3.87436013596031,4.58042652978641,82.2038240241811,1.87618140773731,0.26529000382438
7.01666666666667,177.110045985622,173,49.5578668590821,84.3906623411676,5.64064825261169,3.88716729192777,4.61596760295255,84.0096867418203,1.89479453565148,0.26463400970229
7.03333333333333,177.064256901721,173,49.5578668590821,85.6553697432401,5.63649569378486,3.8852986404557,4.65132307870774,85.6819231821446,1.89096586485275,0.262951886599807
7.05,176.993060973691,173,49.5578668590821,86.7754985726005,5.5989960490207,3.86842380031182,4.68624336295528,87.1943000670286,1.86449777103966,0.260217672664492
7.06666666666667,176.89636326735,173,49.5578668590821,87.7606268439317,5.53037175424839,3.83754286766429,4.72048545092071,88.5347349353576,1.81715221496373,0.256502627783969
7.08333333333333,176.774047142494,173,49.5578668590821,88.6189498967167,5.43447964272983,3.79439141748093,4.75382992697082,89.7008434245243,1.75175189205316,0.25193179492191
7.1,176.62598627409,173,49.5578668590821,89.3574855132205,5.31589018953325,3.74102616354247,4.78608961022238,90.6965343682286,1.67155790960774,0.246653747509596
7.11666666666667,176.452054470537,174,50.5578668590821,89.9822990524749,5.17927857406603,3.67955093658222,4.81711250889495,91.5294946229313,1.57986134329637,0.240820579250661
7.13333333333333,176.252133788013,174,50.5578668590821,90.5924622529924,5.02904970270467,3.61194794446961,4.84678111945331,92.2094000101977,1.47973457468359,0.234575579488728
7.15,176.026121270277,174,50.5578668590821,91.0931934551254,4.87652996612941,3.54331406301074,4.87503953314579,92.7826183063204,1.37879264128626,0.228289873198929
7.16666666666667,175.773934588549,174,50.5578668590821,91.4892279674838,4.72157607161302,3.47358481047837,4.90187114761393,93.2474698310546,1.27696803980563,0.22195744979963
7.18333333333333,175.495516834857,174,50.5578668590821,91.7852280557257,4.56455307706392,3.40292446293128,4.92726067452018,93.6046791031623,1.17453009515586,0.215589050453024
7.2,175.190840493721,174,50.5578668590821,91.9857713771211,4.40612429068642,3.3316315090614,4.95119711534264,93.856692727836,1.07194183630962,0.209205265540414
7.21666666666667,174.859910728499,174,50.5578668590821,92.0953536579263,4.24710026934171,3.26007069945628,4.97367539103592,94.0071407070901,0.969757708458954,0.20283157306089
7.23333333333333,174.50276791773,174,50.5578668590821,92.1183984211744,4.08833496305669,3.18862631162802,4.99469702251006,94.0604240658961,0.868553721335776,0.196494925518558
7.25,174.119489565024,174,50.5578668590821,92.059268977431,3.93065819582776,3.117671766375,5.01427017360698,94.0214088220629,0.768882490029979,0.190221530335592
7.26666666666667,173.710191789342,174,50.5578668590821,91.9222797026945,3.77483519521659,3.04755141609997,5.0324092930516,93.8952061621055,0.671246722362628,0.18403551878772
7.28333333333333,173.27503037677,173,49.5578668590821,91.7117049432199,3.62154551482402,2.97857105992332,5.04913452851332,93.687020148266,0.576085863886282,0.177958252019883
7.3,172.814201486416,173,49.5578668590821,91.3380440248219,3.47137526417095,2.91099444712944,5.06447103458333,93.4020466062551,0.483771714361759,0.172008064263058
7.31666666666667,172.327941908077,173,49.5578668590821,90.9050788486932,3.31742043708673,2.84171477494154,5.07841829649949,93.0094893445414,0.389714800142835,0.165956883752283
7.33333333333333,171.816528959615,173,49.5578668590821,90.4166680531495,3.16359563697376,2.7724936148907,5.09096779020753,92.5264804748954,0.296539966862266,0.15993248876887
7.35,171.280280197727,172,48.5578668590821,89.8764666054806,3.01265343083192,2.70456962212687,5.10213604026997,91.96714726304,0.206070860602158,0.154024528451799
7.36666666666667,170.719552897041,172,48.5578668590821,89.1942930694454,2.86643995019229,2.63877355583904,5.11195687859136,91.3430499839534,0.119508717853726,0.148292914736133
7.38333333333333,170.134743365988,172,48.5578668590821,88.4732491739309,2.71871925262417,2.57229924193339,5.12044553070107,90.6277150733356,0.0326916988686284,0.142531702322612
7.4,169.526285979426,171,47.5578668590821,87.7165472971702,2.5736605932745,2.50702284522604,5.1276125316601,89.8410193814629,-0.0516065108413049,0.136877208895765
7.41666666666667,168.894651998198,171,47.5578668590821,86.8335031379111,2.43399704348502,2.44417424782077,5.13349422662544,88.998653526255,-0.131596684359031,0.131418610274966
7.43333333333333,168.240348328505,170,46.5578668590821,85.9267002235866,2.29398850407138,2.38117040508463,5.1381134237218,88.0769652468207,-0.2111186023076,0.125966373771763
7.45,167.563916084912,170,46.5578668590821,84.9051023835553,2.15802256001883,2.31998573026098,5.14149081947962,87.0976284599858,-0.287264076116905,0.120664108836708
7.46666666666667,166.865928937719,169,45.5578668590821,83.8708547509869,2.02146532936611,2.25853497646726,5.14364380871191,86.0414341684463,-0.363130273971695,0.115358704632653
7.48333333333333,166.146991385739,169,45.5578668590821,82.7324508440404,1.88939324925296,2.19910254041634,5.14459430692155,84.9332179600225,-0.43535156958541,0.110216480216723
7.5,165.407737082073,168,44.5578668590821,81.5915673326869,1.7575548518947,2.13977526160512,5.14436486193049,83.7559035782064,-0.506776023746451,0.10509696509078
7.51666666666667,164.648827059597,167,43.5578668590821,80.356249916637,1.63315317186905,2.08379450559358,5.14258717726689,82.5356601620439,-0.571741541483111,0.100172016698672
7.53333333333333,163.870947819893,167,43.5578668590821,79.034046483994,1.52067425042417,1.86210313777067,5.13748777055874,81.2636144143416,-0.62331621830802,0.0952929632443542
7.55,163.074811497036,166,42.5578668590821,77.7202066606599,1.40597349671123,1.82339163339255,5.13130451194384,79.9317940000709,-0.675954186621941,0.0903546521913551
7.56666666666667,162.261166651901,165,41.5578668590821,76.3175619215339,1.2932034687391,1.78533174895195,5.12431993449492,78.5642471572523,-0.727485600145518,0.0855374857550211
7.58333333333333,161.430786014753,165,41.5578668590821,74.8352073593046,1.17817237637425,1.74650875527882,5.11653918108875,77.1415374758316,-0.780677074941998,0.0807020664303234
7.6,160.584458090818,164,40.5578668590821,73.375376953472,1.05903264203545,1.70629909493947,5.1079507883148,75.6529522216712,-0.836722917750774,0.0757869609903408
7.61666666666667,159.722985905122,163,39.5578668590821,71.8463416616849,0.942928880015112,1.66711407525761,5.09856010263227,74.1301181651514,-0.890840279267303,0.0710256752755406
7.63333333333333,158.847185451099,162,38.5578668590821,70.255593330222,0.827078406250021,1.62801454036189,5.08838275431869,72.5612011963054,-0.944866666744116,0.0663247145580517
7.65,157.957884017826,162,38.5578668590821,68.6101502085082,0.710284493733258,1.58859659488748,5.07742343384151,70.9403049994709,-0.999576430539454,0.0616433428705206
7.66666666666667,157.05591837766,161,37.5578668590821,67.0102682363932,0.592396549947518,1.5488094138598,5.06568322168131,69.2658638495244,-1.05504529363813,0.056975443844286
7.68333333333333,156.142132802169,160,36.5578668590821,65.3623929438308,0.481339972103182,1.51132781883733,5.05318681942458,67.5752813546941,-1.10598699356097,0.0525793848688016
7.7,155.217377119443,160,36.5578668590821,63.6723646747341,0.374494204550843,1.47526737228842,5.03997174056879,65.8599883659788,-1.15414968969967,0.048366087656742
7.71666666666667,154.282504895552,159,35.5578668590821,62.0394650762765,0.27043132389789,1.44014615006805,5.02606426672702,64.1155400230196,-1.20048040805387,0.0442863422684864
7.73333333333333,153.338371659862,158,34.5578668590821,60.3693200357487,0.17597569130594,1.40826737406826,5.01150759141802,62.3764937747144,-1.24044234566021,0.040561591558273
7.75,152.385833097304,158,34.5578668590821,58.6670642904622,0.0875883177811431,1.37843663550365,4.99635202275801,60.6316115163175,-1.27640767461637,0.0370721465102379
7.76666666666667,151.425743378845,157,33.5578668590821,57.031355363735,0.00293009807442398,1.34986448635263,4.98066568591993,58.8739967992037,-1.31001452487113,0.0337441600710443
7.78333333333333,150.458953616602,157,33.5578668590821,55.3672493073439,-0.0688566379363849,1.28001894031612,4.96390600782321,57.1369857215932,-1.3338771454635,0.0307792608476856
7.8,149.486310346455,156,32.5578668590821,53.7715337112968,-0.131189420367623,1.21768615788489,4.94596921044042,55.4103194768504,-1.34997201332659,0.0280354533907781
7.81666666666667,148.508654194429,156,32.5578668590821,52.1463109454346,-0.180381011015935,1.16849456723657,4.92705158063636,53.7221465592391,-1.35620854493766,0.0256528880096598
7.83333333333333,147.526818840156,155,31.5578668590821,50.5878499465743,-0.222704672359927,1.12617090589258,4.90732369916353,52.05397200837,-1.35707766241751,0.0234415388553874
7.85,146.541630305483,155,31.5578668590821,48.9996554973445,-0.255119304827627,1.09375627342488,4.88693535221429,50.427777774464,-1.35082305351702,0.021515551081493
7.86666666666667,145.553906299098,154,30.5578668590821,47.4791125861634,-0.283909131045462,1.06496644720705,4.86600263361015,48.8215574122849,-1.34183471937421,0.0196789836215154
7.88333333333333,144.564455472373,154,30.5578668590821,45.930491667685,-0.305694838459339,1.04318073979317,4.84462377710567,47.2556301169713,-1.32803092094378,0.0180519456422926
7.9,143.574076763722,154,30.5578668590821,44.4516388108439,-0.3262670456298,1.02260853262271,4.82287037418233,45.7075049887166,-1.3133875046815,0.0164503227740101
7.91666666666667,142.583558828528,153,29.5578668590821,43.0407814976689,-0.341721688804897,1.00715388944761,4.80080469752354,44.1976951351811,-1.29540469193904,0.0150079418859973
7.93333333333333,141.593679465281,153,29.5578668590821,41.6024838333029,-0.350142774471019,0.99873280378149,4.7785363544368,42.7400905245737,-1.27298414755344,0.0137973531918119
7.95,140.605205117613,152,28.5578668590821,40.2349029528608,-0.358160992813954,0.990714585438555,4.75612935407138,41.3075939061439,-1.2506377885733,0.0126056810303323
7.96666666666667,139.61889036062,151,27.5578668590821,38.8427708760451,-0.362275187443588,0.986600390808921,4.73362821046528,39.9175853490574,-1.22609424611558,0.0115514907475516
7.98333333333333,138.635477367478,150,26.5578668590821,37.430367721218,-0.367908976785791,0.980966601466718,4.71105501123467,38.5460818011844,-1.20298667919959,0.010457696444609
8,137.65569541449,150,26.5578668590821,36.0016891427165,-0.377919268322749,0.97095630992976,4.68836394542115,37.1771453099773,-1.18312363236966,0.00922555656809738
8.01666666666667,136.68026046706,149,25.5578668590821,34.6539117990013,-0.393430146458541,0.955445431793968,4.66547684667065,35.8010876814245,-1.16710769663604,0.00781055767621416
8.03333333333333,135.709874936447,148,24.5578668590821,33.2902446159221,-0.407262476913091,0.941613101339419,4.64237194585072,34.4486436362044,-1.15011107075706,0.00644654685827612
8.05,134.745227684701,147,23.5578668590821,31.913286660624,-0.422579080514992,0.926296497737518,4.61905397977688,33.1054415904196,-1.13423998368606,0.00502960215433134
8.06666666666667,133.786994125212,146,22.5578668590821,30.5254256853776,-0.441009273314416,0.907866304938093,4.59548840941509,31.7619981807416,-1.12051309306633,0.00350274092798664
8.08333333333333,132.835836370284,144,20.5578668590821,29.128683521152,-0.463156361279457,0.885719216973052,4.57162257312962,30.4125965942987,-1.10923707740083,0.00184119558124701
8.1,131.89240351073,143,19.5578668590821,27.6309279688796,-0.488991519007815,0.859884059244695,4.54739935242571,29.0542482830698,-1.10029284670263,4.07122678444322e-05
8.11666666666667,130.957332104326,142,18.5578668590821,26.1329451334829,-0.525364164503922,0.823511413748588,4.52269962986385,27.6499564188463,-1.09804031383712,-0.00213464566861475
8.13333333333333,130.031246787292,140,16.5578668590821,24.6351498529,-0.568033875080748,0.780841703171762,4.4973899930942,26.2121142500738,-1.09943505201031,-0.00455704711724193
8.15,129.114761078836,139,15.5578668590821,23.0435872801306,-0.614002835329292,0.734872742923218,4.47139695443166,24.7508542210133,-1.10236770091838,-0.0071339143188074
8.16666666666667,128.208478305575,138,14.5578668590821,21.4573081837192,-0.668515981709709,0.680359596542801,4.44462256044404,23.2380995738161,-1.1101803958222,-0.0100458697334577
8.18333333333333,127.3129925144,136,12.5578668590821,19.8752367220423,-0.726660197669967,0.622215380582543,4.4169731049883,21.6918616825365,-1.11946135300535,-0.0131388247773585
8.2,126.428889471577,135,11.5578668590821,18.2022315053006,-0.785354663615478,0.563520914637032,4.38842079824543,20.1254501936588,-1.12813439806172,-0.0163129049326189
8.21666666666667,125.556747813262,134,10.5578668590821,16.5364597178259,-0.850096771793248,0.498778806459261,4.35891177189236,18.5122696253217,-1.13979301644301,-0.019752722498302
8.23333333333333,124.697140343352,133,9.55786685908211,14.8762303235979,-0.916383736741922,0.432491841510587,4.32839076165408,16.8707153218128,-1.15137001240075,-0.0233139773649687
8.25,123.850635274019,131,7.55786685908211,13.2197467093247,-0.981587339276479,0.367288238976031,4.29686116660882,15.2138352169037,-1.16114766541554,-0.0269087086396267
8.26666666666667,123.017796928902,130,6.55786685908211,11.4716331272484,-1.04670178892899,0.348875578252509,4.26482533626796,13.5495290027138,-1.1709111051485,-0.0304892350551427
8.28333333333333,122.199165131824,129,5.55786685908211,9.73165994408113,-1.12131342218123,0.348875578252509,4.23286960476416,11.8438072028629,-1.18835462792913,-0.0342720335687165
8.3,121.395201890457,128,4.55786685908211,8.00204511414431,-1.20145641291221,0.348875578252509,4.20101885491739,10.1093834123643,-1.21088839409304,-0.0381174681502932
8.31666666666667,120.606295939103,127,3.55786685908211,6.28534951579307,-1.28387570352707,0.348875578252509,4.16927804530007,8.35715621607148,-1.23631894627135,-0.0419169492740239
8.33333333333333,119.832785654589,125,1.55786685908211,4.58379115415104,-1.36596371298764,0.348875578252509,4.13765194670336,6.59662095405781,-1.26285914767273,-0.0455866915539207
8.35,119.074976703579,124,0.557866859082111,2.80553080524232,-1.44568253326478,0.348875578252509,4.10614514691286,4.83594427694756,-1.28908308888921,-0.049064335478675
8.36666666666667,118.333155335475,123,-0.442133140917889,1.05175218355718,-1.52903454066404,0.348875578252509,4.07476205537924,3.04608285661723,-1.31894194396121,-0.05254917802919
8.38333333333333,117.607597886832,122,-1.44213314091789,-0.676403876935548,-1.61158809898869,0.348875578252509,4.04350690778555,1.24472485751835,-1.34944132728056,-0.0558967952887102
8.4,116.898577023573,121,-2.44213314091789,-2.37804734264646,-1.69021348327976,0.348875578252509,4.01238377051351,-0.554338207275271,-1.37842344009297,-0.0590099901227886
8.41666666666667,116.206365071135,120,-3.44213314091789,-4.05251603843878,-1.76280387575057,0.348875578252509,3.98139654501078,-2.34050076694969,-1.40439289326024,-0.0618281313811903
8.43333333333333,115.531234660029,119,-4.44213314091789,-5.69935408153786,-1.82804797977623,0.348875578252509,3.95054897206127,-4.10575273688329,-1.426374125531,-0.0643185279787901
8.45,114.873456818614,118,-5.44213314091789,-7.31829164776495,-1.88524545127854,0.348875578252509,3.9198446359605,-5.84418980286252,-1.44379510347294,-0.0664694839546861
8.46666666666667,114.233296577028,117,-6.44213314091789,-8.90922602474955,-1.93415777448936,0.348875578252509,3.88928696859792,-7.55160800845708,-1.45639284309121,-0.0682847387745019
8.48333333333333,113.611006109593,116,-7.44213314091789,-10.4722039053653,-1.97488841256549,0.348875578252509,3.85887925344811,-9.22516880998503,-1.46413701386005,-0.0697790460918271
8.5,113.006815443295,115,-8.44213314091789,-12.0074048736086,-2.00778707725882,0.348875578252509,3.82862462947283,-10.8631229627488,-1.46716849376095,-0.0709746853440166
8.51666666666667,112.420920804298,114,-9.44213314091789,-13.5151260344618,-2.03337381502364,0.348875578252509,3.79852609493565,-12.4645834602446,-1.46575025622948,-0.0718987351325081
8.53333333333333,111.85347077035,113,-10.4421331409179,-14.9957677389184,-2.05227932436004,0.348875578252509,3.76858651113098,-14.0293393167758,-1.46022840133948,-0.0725809663523746
8.55,111.3045505497,112,-11.4421331409179,-16.4498203552619,-2.06519852188306,0.348875578252509,3.73880860602931,-15.5577033074953,-1.45100150656068,-0.0730522373579274
8.56666666666667,110.774164916655,111,-12.4421331409179,-17.8778520378598,-2.07285488040911,0.348875578252509,3.70919497784045,-17.0503878958796,-1.43849677758756,-0.0733432938161596
8.58333333333333,110.262220590316,111,-12.4421331409179,-19.2804974451198,-2.07597348638606,0.348875578252509,3.67974809849631,-18.5084045188735,-1.42315173602684,-0.0734838929303213
8.6,109.768509122894,110,-13.4421331409179,-20.564706580279,-2.07526111907055,0.348875578252509,3.65047031705502,-19.9329821915085,-1.40540039575476,-0.0735021859389045
8.61666666666667,109.292691627194,109,-14.4421331409179,-21.830790327971,-2.06384734714091,0.348875578252509,3.62136386302799,-21.2895308179808,-1.38060355696309,-0.0731809423564065
8.63333333333333,108.834286864367,108,-15.4421331409179,-23.0793221107412,-2.04567854538205,0.348875578252509,3.59243084963148,-22.5914282582701,-1.35132195836584,-0.0726597599498117
8.65,108.392664269155,107,-16.4421331409179,-24.3108994821319,-2.02371031639661,0.348875578252509,3.56367327696434,-23.8492436681102,-1.31948951117489,-0.0720413369793072
8.66666666666667,107.967043352511,107,-16.4421331409179,-25.5261385474025,-2.00012333909169,0.0674437789126254,3.5350930351133,-25.0713081592792,-1.28654776314862,-0.0713997232358582
8.68333333333333,107.556500570885,106,-17.4421331409179,-26.6417118448062,-1.95360532115336,0.0674437789126254,3.50200158321843,-26.2530119359154,-1.22791937864823,-0.0707994426886885
8.7,107.159984505195,105,-18.4421331409179,-27.7664345116578,-1.90314912193363,0.0674437789126254,3.46909214711979,-27.3622700090785,-1.16682022857449,-0.0701099625825764
8.71666666666667,106.776339451064,105,-18.4421331409179,-28.8986049887504,-1.85532365517598,0.0674437789126254,3.43636749131082,-28.4283817473797,-1.10763729985316,-0.0695466205788601
8.73333333333333,106.40433550667,104,-19.4421331409179,-29.9429296322297,-1.8142498525099,0.0674437789126254,3.40383024331408,-29.4723460424153,-1.05317088220558,-0.0692380175786981
8.75,106.042703069039,104,-19.4421331409179,-30.9975692344972,-1.77471122303376,0.0674437789126254,3.37148289738761,-30.4728280154662,-0.999991035225823,-0.069006856971336
8.76666666666667,105.690169545864,103,-20.4421331409179,-31.9673003174733,-1.74106401340394,0.0674437789126254,3.33932781814731,-31.4515319740745,-0.951040901690555,-0.0689909617200209
8.78333333333333,105.345495842174,102,-21.4421331409179,-32.9503316947633,-1.70827940761457,0.0674437789126254,3.30736724410706,-32.3877027243853,-0.903004113284908,-0.0690204033492861
8.8,105.007510258734,102,-21.4421331409179,-33.9452087200087,-1.68086134147221,0.0674437789126254,3.27560329113814,-33.3035140989905,-0.858912704791332,-0.0692388299025738
8.81666666666667,104.67513781446,101,-22.4421331409179,-34.8568360455215,-1.66144000694676,0.0674437789126254,3.2440379558499,-34.2145557487301,-0.820578075666648,-0.0697242267261187
8.83333333333333,104.347423585651,101,-22.4421331409179,-35.7835284632192,-1.6437470398964,0.0674437789126254,3.21267311889304,-35.0954239584301,-0.783862493742659,-0.0702646503842277
8.85,104.023549324709,101,-22.4421331409179,-36.6301762657078,-1.63141917065069,0.0674437789126254,3.18151054818731,-35.9647945728815,-0.751215365088124,-0.0709752490734016
8.86666666666667,103.702843269938,100,-23.4421331409179,-37.4013248529027,-1.61895704565629,0.0674437789126254,3.15055190207519,-36.7996857179846,-0.718987988380921,-0.0716722803416492
8.88333333333333,103.384783602093,100,-23.4421331409179,-38.1951376292375,-1.60303353962465,0.0674437789126254,3.11979873240296,-37.5846861387941,-0.684940838579453,-0.0722486701363274
8.9,103.068996395049,99,-24.4421331409179,-38.9163324939609,-1.58944092071933,0.0674437789126254,3.0892524875309,-38.3461324293586,-0.652923049199105,-0.0728953893985478
8.91666666666667,102.755249135303,99,-24.4421331409179,-39.6630053666026,-1.57422624816928,0.0674437789126254,3.05891451527388,-39.0668479190049,-0.620297518482639,-0.0734821835656902
8.93333333333333,102.443440963403,98,-25.4421331409179,-40.3398001289906,-1.56571535398036,0.348875578252509,3.02940030184399,-39.7717279037362,-0.593986558978916,-0.0741818197137565
8.95,102.13359073561,98,-25.4421331409179,-41.0349495054136,-1.57628216100217,0.348875578252509,3.00417277362877,-40.4562882684124,-0.589855706969615,-0.0748325294339814
8.96666666666667,101.82582352227,98,-25.4421331409179,-41.6444103106583,-1.58841141517303,0.348875578252509,2.97915560586973,-41.1418943307851,-0.587059889679897,-0.0755162049335237
8.98333333333333,101.520355968169,97,-26.4421331409179,-42.1745137229671,-1.59510796164614,0.348875578252509,2.95434859088375,-41.7963436081837,-0.580911859123299,-0.0760057860571628
9,101.217482049716,97,-26.4421331409179,-42.7250333354032,-1.59243033341987,0.348875578252509,2.92975147271508,-42.3983798467862,-0.5687146950939,-0.0761809319145921
9.01666666666667,100.917560043306,96,-27.4421331409179,-43.2021328365194,-1.58615968856351,0.348875578252509,2.90536394875049,-42.9709845107469,-0.554262589207958,-0.0762393488338637
9.03333333333333,100.621000942274,96,-27.4421331409179,-43.7052003179564,-1.57272612106965,0.348875578252509,2.88118567129494,-43.4954270977267,-0.535130874228233,-0.0760700551575578
9.05,100.328258479608,96,-27.4421331409179,-44.1400285816301,-1.55804742353834,0.348875578252509,2.85721624910841,-43.9963190952537,-0.515230269837807,-0.075872172269866
9.06666666666667,100.039820881563,95,-28.4421331409179,-44.5119089064254,-1.53852672881865,0.348875578252509,2.83345524890484,-44.4558858626505,-0.492142677435305,-0.0755307749185615
9.08333333333333,99.756204494324,95,-28.4421331409179,-44.9196073352245,-1.51240097745568,0.348875578252509,2.80990219681401,-44.8632236376537,-0.464650980912769,-0.0749942654584058
9.1,99.4779495226487,95,-28.4421331409179,-45.2683138026379,-1.48672787780733,0.0674437789126254,2.78655657980711,-45.2485183328254,-0.437441368376891,-0.0744974935280688
9.11666666666667,99.2056183818437,94,-29.4421331409179,-45.5725205091799,-1.43566914449103,0.0674437789126254,2.75872752311777,-45.5866705542013,-0.382916613757765,-0.0739566807735617
9.13333333333333,98.939798164473,94,-29.4421331409179,-45.9390345784859,-1.38318113477686,0.0674437789126254,2.73110598627895,-45.868029535053,-0.327598612306231,-0.0734044427063126
9.15,98.6811104849999,94,-29.4421331409179,-46.270362149413,-1.33886531298986,0.0674437789126254,2.70369253350056,-46.1376595893996,-0.277927213906405,-0.0731510963773891
9.16666666666667,98.4302353894359,93,-30.4421331409179,-46.5687029182187,-1.30091354079596,0.0674437789126254,2.67648765650267,-46.391196597745,-0.232769214447812,-0.0731276820785862
9.18333333333333,98.1879764927405,93,-30.4421331409179,-46.9299204223912,-1.26802200701441,0.0674437789126254,2.64949177671199,-46.6258606652544,-0.191310127104798,-0.0732839026604143
9.2,97.9554891889087,93,-30.4421331409179,-47.256484886273,-1.24680822403906,0.0674437789126254,2.62270524740635,-46.8760524425207,-0.158033301192707,-0.073826717389336
9.21666666666667,97.7344570383607,93,-30.4421331409179,-47.5505613730276,-1.23330798915644,0.0674437789126254,2.59612835580818,-47.1292156540557,-0.13037680919404,-0.0746141926655664
9.23333333333333,97.5267496642769,92,-31.4421331409179,-47.8142393211783,-1.22470012487743,0.0674437789126254,2.5697613251281,-47.3763363467183,-0.106506734384422,-0.0755462737012172
9.25,97.3341312988058,92,-31.4421331409179,-48.1432712530053,-1.21902853899252,0.0674437789126254,2.54360431655973,-47.6111538922034,-0.0851423399036414,-0.07655435097286
9.26666666666667,97.1581294879268,92,-31.4421331409179,-48.4400162506447,-1.22252870939971,0.0674437789126254,2.51765743122669,-47.8655011101217,-0.070477932201505,-0.0778364820909955
9.28333333333333,96.9999926155068,92,-31.4421331409179,-48.7065286704437,-1.2310536932884,0.0674437789126254,2.49192071208291,-48.1249619835273,-0.0597946692661017,-0.0792486191896473
9.3,96.8606937496554,91,-32.4421331409179,-48.9447881784424,-1.24174359784411,0.0674437789126254,2.46639414576709,-48.3792077800068,-0.0511985586109998,-0.0806933549244726
9.31666666666667,96.7409564264803,91,-32.4421331409179,-49.2504388987236,-1.25270490169818,0.0674437789126254,2.44107766441252,-48.6210786656684,-0.0434181815823173,-0.0821079384944021
9.33333333333333,96.6412887676714,91,-32.4421331409179,-49.525733274732,-1.27030417592478,0.0674437789126254,2.41597114741304,-48.8818216777631,-0.0407053767436127,-0.0836983233577032
9.35,96.5620186703337,91,-32.4421331409179,-49.7726211181787,-1.29056923558577,0.0674437789126254,2.39107442314614,-49.1466682188625,-0.040430851312413,-0.0853295169252694
9.36666666666667,96.503326476613,91,-32.4421331409179,-49.9929799322759,-1.31083998930191,0.0674437789126254,2.36638727065412,-49.4051075579897,-0.0408099289248243,-0.0869136811274651
9.38333333333333,96.465273602885,91,-32.4421331409179,-50.1886135261587,-1.32943403212026,0.0674437789126254,2.34190942128428,-49.6499199050797,-0.0406911337594297,-0.0883976838073053
9.4,96.4478267364387,91,-32.4421331409179,-50.3612511440396,-1.34538584834528,0.0674437789126254,2.31764056028892,-49.8764058252929,-0.0393906676920123,-0.0897534591966468
9.41666666666667,96.4508777958911,91,-32.4421331409179,-50.512547057295,-1.35824484809191,0.0674437789126254,2.29358032838605,-50.0817747024721,-0.036563667176869,-0.0909706033891717
9.43333333333333,96.4742606175948,91,-32.4421331409179,-50.6440805710401,-1.36792024856634,0.0674437789126254,2.26972832328176,-50.2646617269117,-0.0321048312193439,-0.0920507404551632
9.45,96.5177647781094,91,-32.4421331409179,-50.7573563999864,-1.37456309538749,0.0674437789126254,2.24608410115493,-50.4247484618694,-0.0260724108966616,-0.0930032845749602
9.46666666666667,96.5811455459642,91,-32.4421331409179,-50.8538053714766,-1.37847758842358,0.0674437789126254,2.22264717810522,-50.5624666385787,-0.0186306974618967,-0.0938422968188847
9.48333333333333,96.6641314242623,91,-32.4421331409179,-50.9347854165708,-1.38005540349002,0.0674437789126254,2.19941703156507,-50.6787686097157,-0.0100070842021378,-0.0945841948874517
9.5,96.76642999801,91,-32.4421331409179,-51.0015828128949,-1.3797279462476,0.0674437789126254,2.17639310167652,-50.7749509967983,-0.000460543493639956,-0.0952461226614259
9.51666666666667,96.8877324344733,90,-33.4421331409179,-51.0554136456792,-1.37793248779917,0.0674437789126254,2.15357479263361,-50.8525206146663,0.00974101476592426,-0.0958448257943194
9.53333333333333,97.027716924493,90,-33.4421331409179,-51.1911662345589,-1.37508895422637,0.0674437789126254,2.13096147399118,-50.9130938430712,0.0203365288378481,-0.0963959114610053
9.55,97.1860513006797,90,-33.4421331409179,-51.3103478776446,-1.37912941256587,0.0674437789126254,2.10855248194065,-50.9942935627468,0.0260228247080737,-0.0971567584181014
9.56666666666667,97.3623950236073,90,-33.4421331409179,-51.4141764163792,-1.38708517550393,0.0674437789126254,2.08634712055366,-51.0858560642144,0.0287416456096457,-0.0980238136067669
9.58333333333333,97.5564006894789,90,-33.4421331409179,-51.503812735486,-1.39688350576635,0.0674437789126254,2.06434466299422,-51.1803284741954,0.0298614944996293,-0.0989261038397967
9.6,97.7677151815925,90,-33.4421331409179,-51.5803612410935,-1.40712688548008,0.0674437789126254,2.04254435270005,-51.2724400329782,0.0303167142872,-0.0998169712298163
9.61666666666667,97.9959805624634,90,-33.4421331409179,-51.6448705655029,-1.41692016205804,0.0674437789126254,2.02094540453377,-51.3586002066782,0.0307167745747818,-0.100667641085623
9.63333333333333,98.2408347827686,90,-33.4421331409179,-51.6983344704147,-1.42573602763523,0.0674437789126254,1.99954700590468,-51.4364996289299,0.0314316443952296,-0.101462250929661
9.65,98.5019122665586,90,-33.4421331409179,-51.7416929225299,-1.43331108260104,0.0674437789126254,1.97834831786174,-51.5047942129196,0.0326580341838407,-0.102194039960179
9.66666666666667,98.7788444187016,90,-33.4421331409179,-51.7758333174275,-1.43956620431782,0.0674437789126254,1.95734847615832,-51.5628563597467,0.0344703901402602,-0.102862456102789
9.68333333333333,99.0712600896824,91,-32.4421331409179,-51.8015918295182,-1.4445461460017,0.0674437789126254,1.93654659228949,-51.6105801428235,0.0368597861856238,-0.103470985025323
9.7,99.3787860241549,91,-32.4421331409179,-51.7260140891077,-1.44837427470378,0.0674437789126254,1.91594175450231,-51.6482297785959,0.0397632546385687,-0.104025543998269
9.71666666666667,99.7010473126333,91,-32.4421331409179,-51.6494117878209,-1.443674556447,0.0674437789126254,1.89553302877985,-51.6403514507052,0.0481451060550173,-0.104289952520478
9.73333333333333,100.037667860071,91,-32.4421331409179,-51.5722746655673,-1.4339512092334,0.0674437789126254,1.87531945979947,-51.5995232964965,0.0597324253441706,-0.104387567730125
9.75,100.388270880539,91,-32.4421331409179,-51.495041725164,-1.42177035136575,0.0674437789126254,1.85530007186585,-51.5355527069855,0.072848246349055,-0.104407117566314
9.76666666666667,100.752479423587,91,-32.4421331409179,-51.418104595455,-1.40896776785361,0.0674437789126254,1.8354738698195,-51.4560293254978,0.0862818212532541,-0.104410614506414
9.78333333333333,101.129916934947,92,-31.4421331409179,-51.3418107617008,-1.39681519921478,0.0674437789126254,1.81583983992124,-51.3667741267824,0.0991844664574895,-0.104439656673723
9.8,101.520207851927,92,-31.4421331409179,-51.1727258831969,-1.38615291550644,0.0674437789126254,1.79639695071305,-51.2722032865331,0.110986241303213,-0.104520422396682
9.81666666666667,101.922978232032,92,-31.4421331409179,-51.0106918174205,-1.36995034443692,0.0674437789126254,1.77714415385607,-51.1396510498498,0.126389062864671,-0.104424246625116
9.83333333333333,102.337856411881,93,-30.4421331409179,-50.855739821062,-1.35179303212564,0.0674437789126254,1.75808038494604,-50.9834462028345,0.143033597695618,-0.104273172561979
9.85,102.764473692469,93,-30.4421331409179,-50.6141220118053,-1.33414664164722,0.0674437789126254,1.73920456430686,-50.81436750526,0.159279491611585,-0.104148758526051
9.86666666666667,103.202465045976,93,-30.4421331409179,-50.3853706471186,-1.31108267275391,0.0674437789126254,1.72051559776261,-50.6044284760967,0.179094658817211,-0.103858859943197
9.88333333333333,103.651469838809,94,-29.4421331409179,-50.1692124237304,-1.2868955334843,0.0674437789126254,1.70201237738867,-50.3713245846656,0.199640065478454,-0.10354804205336
9.9,104.111132565198,94,-29.4421331409179,-49.8716008932621,-1.26446851683065,0.0674437789126254,1.68369378224231,-50.1281852211771,0.218985359074975,-0.103310170801157
9.91666666666667,104.581103585537,95,-28.4421331409179,-49.5917765613251,-1.23807894428259,0.0674437789126254,1.66555867907323,-49.8485948057101,0.240947629630659,-0.102958119083658
9.93333333333333,105.061039863614,95,-28.4421331409179,-49.2354411057057,-1.21207664201917,0.0674437789126254,1.64760592301459,-49.5512275366856,0.262636940047301,-0.102636420065226
9.95,105.550605697035,96,-27.4421331409179,-48.9015862175888,-1.1817523780689,0.0674437789126254,1.62983435825481,-49.2137762810273,0.287201205748788,-0.102192195148236
9.96666666666667,106.049473435356,96,-27.4421331409179,-48.4956687143295,-1.15212715837235,0.0674437789126254,1.61224281869082,-48.8579007223624,0.311301904805405,-0.101791959291097
9.98333333333333,106.557324180775,97,-26.4421331409179,-48.1164401582478,-1.11890772246685,0.0674437789126254,1.59483012856291,-48.4634072696082,0.337803909591361,-0.101295789785334
10,107.073848466647,98,-25.4421331409179,-47.6691226388707,-1.08734382490969,0.0674437789126254,1.57759510307182,-48.0533975476024,0.363208036135602,-0.100876643980109
10.0166666666667,107.598746909526,99,-24.4421331409179,-47.1584981830115,-1.05323645734925,0.0674437789126254,1.5605365489784,-47.608607571447,0.390307250825318,-0.100396460364431
10.0333333333333,108.131730830982,99,-24.4421331409179,-46.5891400781103,-1.01429109026585,0.0674437789126254,1.54365326518624,-47.1167110459408,0.420652720946002,-0.0997835862264897
10.05,108.672522846236,100,-23.4421331409179,-46.0591538296807,-0.969560202120405,0.0674437789126254,1.52694404330776,-46.5705960361494,0.454909916893112,-0.099012434080844
10.0666666666667,109.22085741531,101,-22.4421331409179,-45.4731232872282,-0.926564954838812,0.0674437789126254,1.51040766821334,-46.0029866942238,0.488070699017865,-0.0983315685288432
10.0833333333333,109.776481358638,102,-21.4421331409179,-44.8352023524325,-0.882568339977596,0.466307238274913,1.49404291856616,-45.401538665624,0.521942305204845,-0.0976497009314082
10.1,110.33915430665,103,-20.4421331409179,-44.1354821718863,-0.869536727618394,0.479338850634115,1.48469098933589,-44.7749675903141,0.520080402069086,-0.0969027865080252
10.1166666666667,110.908648522809,104,-19.4421331409179,-43.3650793505955,-0.851193144397449,0.49768243385506,1.47577182215504,-44.1220908661047,0.521508287449945,-0.0959630680225791
10.1333333333333,111.484747441529,105,-18.4421331409179,-42.5295655227532,-0.824474317372929,0.52440126087958,1.46739929254533,-43.4234295722852,0.52807738700597,-0.0947197636156606
10.15,112.067244165467,106,-17.4421331409179,-41.6337518496896,-0.788451322820077,0.560424255432432,1.45971923829283,-42.6676806203083,0.540168839218323,-0.0931296658229714
10.1666666666667,112.655940561753,107,-16.4421331409179,-40.6816100911838,-0.743484863220682,0.605390715031827,1.45288126200753,-41.8494185053904,0.55730508233687,-0.0911919325294401
10.1833333333333,113.250646771401,109,-14.4421331409179,-39.6763249531206,-0.690615603654741,0.658259974597768,1.44702258483865,-40.9671796169007,0.578583148537328,-0.0889294743195413
10.2,113.85118082767,110,-13.4421331409179,-38.5266720043719,-0.6311517668319,0.71772381142061,1.44226035029487,-40.0219690689417,0.602961540105206,-0.0863760427808682
10.2166666666667,114.457368288697,111,-12.4421331409179,-37.3342145774334,-0.559188514060178,0.789687064192331,1.43875501364085,-38.9803064661354,0.634134049643758,-0.0833244368236976
10.2333333333333,115.069041878618,112,-11.4421331409179,-36.1001016035907,-0.479629187988068,0.869246390264441,1.43666777676769,-37.857561234887,0.66860139355679,-0.0799232027440568
10.25,115.686041064511,113,-10.4421331409179,-34.8248667133896,-0.395913088545886,0.952962489706624,1.43609055337075,-36.6663306923257,0.703962773984712,-0.0762791918900436
10.2666666666667,116.308211487842,115,-8.44213314091789,-33.5087815393274,-0.310295603632355,1.03857997462015,1.43706800035872,-35.4164268261521,0.738688600206522,-0.0724646581003877
10.2833333333333,116.935404337218,116,-7.44213314091789,-32.0583393161315,-0.224133485734027,1.34887557825251,1.43961480765355,-34.1151769596617,0.771898948601045,-0.0685249972849856
10.3,117.567475557333,117,-6.44213314091789,-30.5656461343288,-0.144385391663463,1.34887557825251,1.44655837064842,-32.7391432971994,0.792782312639371,-0.064234093808588
10.3166666666667,118.20428460579,119,-4.44213314091789,-29.0271130250759,-0.0521366964036847,1.34887557825251,1.45362214859317,-31.2998198488743,0.823607417692052,-0.0596716864159897
10.3333333333333,118.84569265786,120,-3.44213314091789,-27.3567420449606,0.051123482235286,1.34887557825251,1.46080043919912,-29.7958478359666,0.863414183504452,-0.0548971461950346
10.35,119.4915612612,121,-2.44213314091789,-25.6611936731801,0.170696968209728,1.34887557825251,1.46808769314118,-28.194181963864,0.915779729017793,-0.0497487360643021
10.3666666666667,120.141751681852,123,-0.442133140917889,-23.9467336903645,0.300667701190363,1.34887557825251,1.47547851060219,-26.512460563698,0.976797628867588,-0.0444325051495809
10.3833333333333,120.796124723392,124,0.557866859082111,-22.1252975304435,0.435980354302037,1.34887557825251,1.4829676378891,-24.7671658071509,1.04308406627421,-0.0391194016487142
10.4,121.454540854229,126,2.55786685908211,-20.3015815853362,0.579953298935474,1.34887557825251,1.49054996411941,-22.9374374849054,1.11682641726013,-0.0337041311497866
10.4166666666667,122.116860526713,127,3.55786685908211,-18.3862478237036,0.725821292105986,1.34887557825251,1.49822051797664,-21.0488034834742,1.19347643766302,-0.0284104768205645
10.4333333333333,122.782944605086,128,4.55786685908211,-16.4827821654106,0.844068721262061,2.19294429951457,1.51245087542357,-19.0934608616619,1.23890004197,-0.0231548300020137
10.45,123.452654789857,129,5.55786685908211,-14.5650956999594,0.920169671259727,2.26904524951224,1.53525251338551,-17.1476532912201,1.23927625082537,-0.018063554246099
10.4666666666667,124.125850666324,130,6.55786685908211,-12.6075654431252,0.992470927128683,2.34134650538119,1.55935752870916,-15.2131031738423,1.23641676745586,-0.0130449331498665
10.4833333333333,124.802365221376,130,6.55786685908211,-10.614207458356,1.06524805378421,2.41412363203672,1.58473234142243,-13.2727304981822,1.23323729275169,-0.00796184442471421
10.5,125.481984552548,131,7.55786685908211,-8.68263236496055,1.14084073151079,2.4897163097633,1.61139750747949,-11.3153041366495,1.23127072121481,-0.00273592144917498
10.5166666666667,126.164448904958,132,8.55786685908211,-6.71675814173377,1.21303725898373,2.56191283723624,1.63933516412339,-9.37006184986262,1.22642027716658,0.00242644034905236
10.5333333333333,126.849455446401,132,8.55786685908211,-4.72005891300957,1.28572237011946,2.63459794837197,1.66851479136676,-7.42142097038619,1.22133364637432,0.00764988960033846
10.55,127.536660772734,132,8.55786685908211,-2.78962335761348,1.361030516807,2.70990609505951,1.69895514235189,-5.45907181368776,1.21740776949499,0.0130059801845246
10.5666666666667,128.225683213938,132,8.55786685908211,-0.922629317292792,1.4326705597312,2.78154613798371,1.73063426213165,-3.51272495451185,1.21049755659154,0.0182854374841306
10.5833333333333,128.916104914062,133,9.55786685908211,0.883713951164093,1.4973037818519,2.84617936010441,1.76345137569897,-1.6028014821957,1.19855618026243,0.0233691150065553
10.6,129.60750020481,132,8.55786685908211,2.72556290629735,1.55360477763342,2.90248035588592,1.79726796236383,0.257601039378326,1.18093652511414,0.0282009311100875
10.6166666666667,130.299777231364,132,8.55786685908211,4.411511474783,1.60874276820912,2.95761834646163,1.83200041968993,2.09668925741257,1.16254950158905,0.0330094288282349
10.6333333333333,130.99298551935,132,8.55786685908211,6.0429850964658,1.65244327518234,3.00131885343485,1.86752719827054,3.86240165056797,1.13674882648004,0.0374461044701175
10.65,131.687069121225,132,8.55786685908211,7.6212919062526,1.6869764530749,3.03585203132741,1.90366828254551,5.55633309577381,1.10533638536019,0.0415701170328026
10.6666666666667,132.381876747919,131,7.55786685908211,9.14714624579394,1.71440587101465,3.06328144926716,1.94028004536445,7.18134502583145,1.06990695253448,0.0454374256846484
10.6833333333333,133.077174024091,131,7.55786685908211,10.5271392025073,1.73646518891591,3.08534076716842,1.97725068437871,8.74069500795616,1.03177574736046,0.0490962410258238
10.7,133.772653989569,131,7.55786685908211,11.8609652439051,1.74730346283142,3.09617904108393,2.01442885151152,10.2016660703339,0.987269135545831,0.0523419255789373
10.7166666666667,134.467946252641,131,7.55786685908211,13.1482114413846,1.75167243531657,3.10054801356908,2.05166148638694,11.5793992173744,0.939771752010261,0.0553187256890057
10.7333333333333,135.162624956914,131,7.55786685908211,14.3881274095705,1.75276890651374,3.10164448476625,2.08886144079122,12.8856657436741,0.891515275440391,0.0581258857731413
10.75,135.856215876093,130,6.55786685908211,15.579940999128,1.75258834588524,3.10146392413775,2.1259845885309,14.1291475201879,0.84385592679257,0.0608270933822663
10.7666666666667,136.548202820442,130,6.55786685908211,16.629303456301,1.75225279108825,3.10112836934076,2.1630126313671,15.3159427584739,0.797524028858077,0.0634596381357858
10.7833333333333,137.238033433502,130,6.55786685908211,17.6354375025773,1.74506552077473,3.09394109902724,2.19987538916073,16.4142808743975,0.748131001015859,0.0657989415786734
10.8,137.925124448379,130,6.55786685908211,18.5978273473488,1.73489513960891,3.08377071786142,2.23648646997851,17.4391600743888,0.698350459157836,0.0679666008353906
10.8166666666667,138.608866465741,130,6.55786685908211,19.5158890244004,1.72413078810885,3.07300636636136,2.27281127697191,18.4016808727519,0.649780671537298,0.0700402838278757
10.8333333333333,139.288628311711,130,6.55786685908211,20.3891973424222,1.71408972694118,3.06296530519369,2.30884586417456,19.3096908757815,0.603254273441859,0.0720651389298164
10.85,139.963761104554,130,6.55786685908211,21.2175989682493,1.70536071194436,3.05423629019687,2.34460204789741,20.1685061341487,0.559093565971573,0.0740636976212729
10.8666666666667,140.633602158618,130,6.55786685908211,22.0012495059561,1.69807395599502,3.04694953424753,2.38009761488903,20.981594603183,0.51730755770178,0.0760438497549914
10.8833333333333,141.297478572305,130,6.55786685908211,22.740603914084,1.69210069478798,3.04097627304049,2.41535042378077,21.7511626307293,0.477735057362142,0.0780048718350072
10.9,141.954710459778,130,6.55786685908211,23.4363816533871,1.68719179707206,3.03606737532457,2.45037530453203,22.4786225328459,0.440142155532677,0.0799417124557976
10.9166666666667,142.604613875813,130,6.55786685908211,24.0895212008231,1.68306736897279,3.0319429472253,2.48518284134363,23.1649422738946,0.404283740808417,0.0818478402158965
10.9333333333333,143.246503475104,130,6.55786685908211,24.7011332144376,1.67946936998531,3.02834494823782,2.51977932541915,23.8108908474212,0.369938353857219,0.0837169816452514
10.95,143.879694938892,130,6.55786685908211,25.2724576504884,1.67618796904195,3.02506354729446,2.55416735383103,24.4171984084353,0.336924466583662,0.0855440528136387
10.9666666666667,144.503507195615,131,7.55786685908211,25.8048273467636,1.67307047188735,3.02194605013986,2.58834671356077,24.984651120175,0.305104708358956,0.0873255415650227
10.9833333333333,145.117264461128,131,7.55786685908211,26.3933795460584,1.6700196271235,3.01889520537601,2.62231531965829,25.5141389791513,0.27438297585098,0.0890595431249502
11,145.720298200019,131,7.55786685908211,26.9399783530774,1.67420904561963,3.02308462387214,2.65613563296308,26.0425309760133,0.249397516959529,0.0909890580218794
11.0166666666667,146.311949112113,132,8.55786685908211,27.4465388061061,1.68190835665729,3.0307839349098,2.68989167860313,26.5585814609413,0.227492085600639,0.0930001546020387
11.0333333333333,146.891568959175,132,8.55786685908211,28.0090776346644,1.69068048814595,3.03955606639845,2.72361672528357,27.0540540091363,0.206962515086766,0.0950166965737168
11.05,147.458522086466,132,8.55786685908211,28.5303940968022,1.70630115275553,3.05517673100804,2.75737779771315,27.5592937027311,0.191519697674087,0.0972356272533616
11.0666666666667,148.012186583391,133,9.55786685908211,29.013253978336,1.72431643213066,3.07319201038317,2.79124608374901,28.0586783420103,0.17805840992703,0.0995175909826302
11.0833333333333,148.551955306471,133,9.55786685908211,29.5543719285799,1.74201770484706,3.09089328309957,2.82523392290153,28.5412532628027,0.164739248135101,0.101775213440949
11.1,149.077236854803,134,10.5578668590821,30.0570710857073,1.76518832819693,3.11406390644944,2.85938534535661,29.0358498659338,0.155325982813351,0.104203255253857
11.1166666666667,149.587456405836,135,11.5578668590821,30.6182151267504,1.78953488889081,3.13841046714332,2.89375002602593,29.5261527262568,0.146864195591092,0.106665397153792
11.1333333333333,150.082056312122,135,11.5578668590821,31.2351577977187,1.81979823461369,3.1686738128662,2.92838761710891,30.0368903103742,0.142402148877582,0.109323281778937
11.15,150.560496568949,136,12.5578668590821,31.8117713815826,1.85827980912431,3.20715538737682,2.96341520598556,30.5846386040008,0.143269435115628,0.112263312373528
11.1666666666667,151.022255131981,137,13.5578668590821,32.4457289865508,1.89844839579724,3.24732397404975,2.99890829914051,31.1438698601547,0.144989037280928,0.115277379606532
11.1833333333333,151.466828170354,137,13.5578668590821,33.1352236881558,1.94374156416694,3.29261714241945,3.03492323270955,31.7327741392801,0.149759127887259,0.118483434987562
11.2,151.893730131995,138,14.5578668590821,33.7848670182309,1.9958177209947,3.3446932992472,3.07155783567369,32.3635643171114,0.15852532205785,0.121944507309024
11.2166666666667,152.302493604816,139,15.5578668590821,34.4929111560469,2.04793836525272,3.39681394350523,3.10886146815008,33.008009717519,0.166727189984565,0.12544288569542
11.2333333333333,152.692669040344,139,15.5578668590821,35.2579532602456,2.10359735783872,3.45247293609123,3.14686319262639,33.6827903041789,0.176655365541623,0.129095556393443
11.25,153.063824390397,140,16.5578668590821,35.984845834837,2.16464872361489,3.5135243018674,3.18563574169894,34.3994123597939,0.189435461364078,0.132969427626812
11.2666666666667,153.415544693551,140,16.5578668590821,36.771944252667,2.22460487032176,3.57348044857427,3.22520713893301,35.1294389203039,0.200716091762214,0.136852883268338
11.2833333333333,153.747431638271,141,17.5578668590821,37.5241002931946,2.28721333047653,3.63608890872904,3.26558932666405,35.8896218708565,0.212990449287845,0.140869523074079
11.3,154.059103118755,141,17.5578668590821,38.3393976035232,2.34733245504356,3.69620803329607,3.30677635890095,36.6558058476245,0.222861725572772,0.144848935455832
11.3166666666667,154.350192712757,142,18.5578668590821,39.1222882863453,2.40960432861073,3.75847990686324,3.34876471382332,37.4480102293857,0.233444156069441,0.148942799993106
11.3333333333333,154.620349002507,143,19.5578668590821,39.9704218522066,2.46943348115406,3.81830905940657,3.39154484485981,38.244417568135,0.241709202984349,0.152998415801361
11.35,154.869234946515,143,19.5578668590821,40.8815783604676,2.53175523209935,3.88063081035186,3.43511651009017,39.0666052171044,0.250959160872111,0.157177472881925
11.3666666666667,155.096527377128,144,20.5578668590821,41.7597302980037,2.59931789728458,3.94819347553709,3.4795423668453,39.9295619278204,0.262932930541263,0.161575365269209
11.3833333333333,155.301916516538,144,20.5578668590821,42.7023821657138,2.69591749837392,3.23601782711426,3.5188124219461,40.8136739728905,0.306892180385959,0.165994308658015
11.4,155.485105458166,145,21.5578668590821,43.5865323594643,2.82694629773003,3.32773798666353,3.55219212999823,41.7786842594342,0.38770568624198,0.170472375506408
11.4166666666667,155.645811069186,145,21.5578668590821,44.486531393639,2.94566569422018,3.41084156420664,3.58678965678603,42.7755939167226,0.458280055216843,0.174629056451151
11.4333333333333,155.783767618273,146,22.5578668590821,45.3133719719838,3.05155652569971,3.48496514624231,3.62245571934052,43.7902801564098,0.518535340466308,0.178436800449884
11.45,155.898729988546,146,22.5578668590821,46.1701338869035,3.1382617424078,3.54565879793797,3.65899780965916,44.7798864688104,0.564560716476521,0.181673702496792
11.4666666666667,155.99047546498,146,22.5578668590821,46.9651028154542,3.21110279375181,3.59664753387878,3.69622251088588,45.7543898366203,0.600217387128892,0.184502224337257
11.4833333333333,156.058804447505,147,23.5578668590821,47.704958284379,3.26718423022624,3.63590453941088,3.73394681500579,46.6878380596654,0.623871031372838,0.186815424332402
11.5,156.103540556934,147,23.5578668590821,48.4889216617073,3.30627865025215,3.66327063342901,3.77197055875398,47.5655017557824,0.635682825353705,0.188593353535445
11.5166666666667,156.12453039585,147,23.5578668590821,49.2217291974098,3.33704395196258,3.68480634462632,3.81014711922996,48.4164083631423,0.641645734399639,0.190111751663456
11.5333333333333,156.121643157205,148,24.5578668590821,49.9070331794101,3.35800124567844,3.69947645022742,3.84836744091232,49.2266622950934,0.640940677037431,0.191315326622486
11.55,156.094770249751,148,24.5578668590821,50.6416230692331,3.36910205813559,3.70724701894742,3.88651422184192,49.98844964059,0.633709709867458,0.192195484607142
11.5666666666667,156.043824886789,148,24.5578668590821,51.3283842537,3.37845402627074,3.71379339664203,3.92452127027787,50.7341189729325,0.625447883729886,0.193015073698508
11.5833333333333,155.968741784265,148,24.5578668590821,51.9696359423573,3.38365962993712,3.71743731920849,3.96235123072024,51.4507274652511,0.614608833537221,0.193693166588292
11.6,155.869477001369,149,25.5578668590821,52.5675260157073,3.38362548908688,3.71741342061332,3.99994695772617,52.1299721446098,0.600542961743862,0.194190601900338
11.6166666666667,155.74600787059,149,25.5578668590821,53.2176953188494,3.3781217306939,3.71356078973824,4.03724405251483,52.7670460163533,0.583184838492829,0.194496253250214
11.6333333333333,155.598332977579,149,25.5578668590821,53.8222082082921,3.37476473330606,3.71121089156675,4.07422517488459,53.3955516462849,0.56762367014052,0.194859931393914
11.65,155.426472162792,149,25.5578668590821,54.3828424587378,3.37053275373551,3.70824850586737,4.11089523729134,54.0026894737235,0.551830239994177,0.195182843282279
11.6666666666667,155.230466524851,149,25.5578668590821,54.9014292460204,3.36368943453103,3.70345818242423,4.14723192930443,54.5796614873728,0.534672133039924,0.195406850004943
11.6833333333333,155.010378411224,149,25.5578668590821,55.3797229972514,3.35341062103737,3.69626301297867,4.18319845221224,55.1208578629942,0.515645469148823,0.195502976920996
11.7,154.766291385986,148,24.5578668590821,55.8193390718637,3.33948390114561,3.68651430905443,4.21875233459285,55.6230962721317,0.494661309117248,0.195462068090487
11.7166666666667,154.498310167466,148,24.5578668590821,56.1279950779071,3.32207811406432,3.67433025809754,4.25385116332332,56.0849622521914,0.471883522727703,0.19528754893858
11.7333333333333,154.206560534416,148,24.5578668590821,56.4065748199377,3.29425725790634,3.65485565878695,4.28840972072517,56.4703768267424,0.442806028117519,0.194746649056065
11.75,153.891189279094,147,23.5578668590821,56.6558836408386,3.26010516671023,3.63094919494967,4.32233123595901,56.7921944846581,0.410277004700379,0.193968483871031
11.7666666666667,153.552364288568,147,23.5578668590821,56.7826369883829,3.22255862858188,3.60466661825983,4.35555981505263,57.0608740668609,0.37631765420345,0.193046950021543
11.7833333333333,153.190274561397,146,22.5578668590821,56.8867214522283,3.176309465493,3.57229220409761,4.38802208865197,57.2487261093818,0.337482244124872,0.191803750806357
11.8,152.805130174318,146,22.5578668590821,56.8743202262561,3.12625928963372,3.53725708099611,4.41964715904827,57.3742260063421,0.297119695520208,0.190396637008516
11.8166666666667,152.397162388154,145,21.5578668590821,56.8447484869291,3.0683009372097,3.4966862342993,4.45036491380829,57.4154613690605,0.252575930073419,0.188687134711057
11.8333333333333,151.966623805801,144,20.5578668590821,56.7036626616309,3.00798381079917,3.45446424581193,4.48011833410741,57.3948702232858,0.207607607181032,0.186855239521337
11.85,151.513788419622,143,19.5578668590821,56.4561975556067,2.96916439629563,2.68499955658554,4.50324177397445,57.2991777390714,0.190654326770023,0.184770200625314
11.8666666666667,151.038951729426,143,19.5578668590821,56.0821144206334,2.95015785861996,2.67644661463149,4.51921038411643,57.1547264448049,0.201317808711408,0.182284321523483
11.8833333333333,150.542432061969,142,18.5578668590821,55.6590870097145,2.91121087269293,2.65892047096433,4.53469594084976,56.9300750420235,0.198035189186096,0.179188050398313
11.9,150.024574076298,141,17.5578668590821,55.0998922320859,2.85542729116251,2.63381785927564,4.54956490822032,56.6261558462879,0.183044881133079,0.175581994064176
11.9166666666667,149.485751663657,140,16.5578668590821,54.4158063075423,2.77885767120683,2.59936153029558,4.56367862425766,56.2118967674913,0.153891086097511,0.171334731505488
11.9333333333333,148.926369390844,139,15.5578668590821,53.6169060793706,2.68100167008259,2.55532632978968,4.57688268158643,55.670505682009,0.110430500114201,0.166428230222387
11.95,148.346862826344,138,14.5578668590821,52.7120808046558,2.56348626180938,2.50244439606673,4.58902762362254,54.9953729917232,0.0539295672177245,0.160914424913344
11.9666666666667,147.747698191289,138,14.5578668590821,51.709135393639,2.4291072074563,2.44197382160784,4.59998114038484,54.1868327437437,-0.0135869959735203,0.154883726305537
11.9833333333333,147.129371580481,137,13.5578668590821,50.708679866713,2.28116242637439,2.37539867012098,4.60963421172284,53.2496876829214,-0.0897866393702626,0.148443117485808
12,146.492407859731,137,13.5578668590821,49.6172374002965,2.13040944146081,2.30755982690987,4.61793309328068,52.2273025448058,-0.167429039215237,0.141945097447067
12.0166666666667,145.837359322082,136,12.5578668590821,48.5343483749755,1.97649242857307,2.23829717111039,4.62486035455265,51.1163482115064,-0.246716002781396,0.135376738361255
12.0333333333333,145.164804240667,136,12.5578668590821,47.3659341012702,1.82718157542234,2.17110728719256,4.63042898692669,49.9527533446752,-0.32247013405332,0.128992503951893
12.05,144.475345445804,135,11.5578668590821,46.2112493491382,1.67976194700341,2.10476845440404,4.63466829653153,48.7267351771049,-0.396515624197331,0.122702056531318
12.0666666666667,143.769615001895,135,11.5578668590821,44.9761296909444,1.54020136843087,2.0419661940464,4.637622449761,47.4688453650065,-0.464909481933725,0.116700730573477
12.0833333333333,143.048284850718,135,11.5578668590821,43.7598578174904,1.40445342615147,1.98087962002067,4.63934021047637,46.1649725873201,-0.530383791991014,0.110854521502874
12.1,142.312046382117,135,11.5578668590821,42.5620902988882,1.27753753302602,1.92376746811422,4.63987667751053,44.8422892036784,-0.589638976842824,0.105327676183208
12.1166666666667,141.561604459875,135,11.5578668590821,41.3826272160631,1.16354729050434,1.87247185897946,4.63903377960649,43.5200401030169,-0.639393301028546,0.100208389452225
12.1333333333333,140.797676458664,135,11.5578668590821,40.221539539243,1.06970791225705,1.70990199863926,4.63563988578785,42.2166686652663,-0.672131025479575,0.095525609308853
12.15,140.020991247969,135,11.5578668590821,39.0751323054405,0.987592120882501,1.68218791905035,4.63138024765217,40.941814747067,-0.69713033886627,0.0912575902511064
12.1666666666667,139.232288147504,135,11.5578668590821,37.9408866884089,0.914974246599834,1.65767938647995,4.62651744904632,39.6955017139159,-0.716329966803559,0.0873589544232732
12.1833333333333,138.432315911975,135,11.5578668590821,36.8212663252052,0.850432402600204,1.63589651413008,4.62110754754878,38.4761138263562,-0.730685347899249,0.0837790068544811
12.2,137.621831383003,135,11.5578668590821,35.71859959938,0.792893456103175,1.61647711968733,4.6151995471325,37.2828333553613,-0.740916216524586,0.0804789871745364
12.2166666666667,136.801597842324,135,11.5578668590821,34.6350537291739,0.741552345569744,1.5991494948823,4.6088371149824,36.1154715216216,-0.74756139804156,0.0774293154458999
12.2333333333333,135.972383141922,135,11.5578668590821,33.5726196848175,0.695804308201212,1.58370953227042,4.60205988297187,34.9743104472044,-0.751024744015444,0.0746072866171368
12.25,135.134957754277,135,11.5578668590821,32.5331050936908,0.655189757794824,1.57000212150826,4.5949044056182,33.8599631443455,-0.751612423622419,0.0719952006777665
12.2666666666667,134.29009269371,134,10.5578668590821,31.5181328612162,0.61935077339678,1.55790646427392,4.58740484260443,32.7732546095725,-0.749562305494528,0.0695788902830977
12.2833333333333,133.43855740653,134,10.5578668590821,30.4354029598769,0.587997754284529,1.54732482032354,4.57959342692961,31.7151244554682,-0.745066430259301,0.0673465947838788
12.3,132.581117784281,134,10.5578668590821,29.3857526651891,0.553450697546732,1.53566518867453,4.57147823006928,30.6506170306537,-0.743223411627416,0.0650447301597137
12.3166666666667,131.718534194015,134,10.5578668590821,28.3699864984771,0.518950420468209,1.52402134516053,4.5630569009886,29.592751365523,-0.741851003314112,0.0627794499002491
12.3333333333333,130.851559514814,133,9.55786685908211,27.3886173864759,0.486703210345748,1.5131379117442,4.55434216725004,28.5516092663911,-0.739467057023446,0.0606221308448761
12.35,129.980937301831,133,9.55786685908211,26.3482187858823,0.458110997979468,1.50348804007058,4.54535668342125,27.5347892881846,-0.735132807100569,0.0586172252554363
12.3666666666667,129.107400181907,133,9.55786685908211,25.3485420108577,0.426534483284179,1.49283096636092,4.53610653693058,26.5119149013836,-0.733254700701432,0.0565455602117601
12.3833333333333,128.231668341414,132,8.55786685908211,24.3893790387167,0.395785331390396,1.48245312759677,4.5265918562108,25.4989662935259,-0.731274341416644,0.0545320196976166
12.4,127.354448066606,132,8.55786685908211,23.3765787124462,0.368314240717076,1.47318163449452,4.51683008919178,24.5077640046241,-0.727552425824309,0.0526558656256057
12.4166666666667,126.476430372327,131,7.55786685908211,22.409199057684,0.338117659955864,1.46299028848761,4.50682679852487,23.5108176834813,-0.726073143874455,0.0507189078361919
12.4333333333333,125.598289806513,131,7.55786685908211,21.3926489987092,0.307185256913729,1.51014783813222,4.49702241941251,22.5254861730287,-0.726470071665756,0.0488573040336395
12.45,124.72068350423,130,6.55786685908211,20.4274863598146,0.270944229250966,1.49112129860927,4.48739265100053,21.5258507909198,-0.731692268043872,0.0469178644130946
12.4666666666667,123.844250275109,130,6.55786685908211,19.4201001350931,0.237419619809881,1.4735208786527,4.47739406141365,20.5351714691173,-0.73515903290909,0.0450753508638153
12.4833333333333,122.969609201673,129,5.55786685908211,18.4676894586754,0.20249950999078,1.45518782099767,4.46703577208193,19.5352286651134,-0.739611242026929,0.0431944225005705
12.5,122.097338739251,128,4.55786685908211,17.4739773554395,0.171293624140518,1.43880473092628,4.45633428728898,18.5498575265682,-0.741656842461881,0.0414432540772529
12.5166666666667,121.227926504224,127,3.55786685908211,16.4423204509064,0.139286579350207,1.42200103241137,4.44530548502925,17.5595539229179,-0.744313828872314,0.0396734118583429
12.5333333333333,120.36176785651,127,3.55786685908211,15.3759495196092,0.103918759449148,1.40343292696331,4.43393469942984,16.5511912530948,-0.749259775272964,0.0378000214628507
12.55,119.499180536337,126,2.55786685908211,14.3715794634576,0.0640048085728881,1.38247810275328,4.42219118873465,15.5165862505826,-0.757237590415909,0.0357830163929847
12.5666666666667,118.640417109033,125,1.55786685908211,13.3322995074268,0.02664919566676,1.36286640597756,4.41007295343012,14.4871558159153,-0.763505008076812,0.0338557486209849
12.5833333333333,117.785675356887,124,0.557866859082111,12.2607917982698,-0.0111821885571868,1.33769338969532,4.39755030922071,13.4489416858862,-0.769997850339489,0.0319117272706882
12.6,116.935107002844,123,-0.442133140917889,11.1594582603139,-0.050224068758227,1.29865150949428,4.38439016691453,12.3933185437686,-0.776693309107384,0.0298898118650298
12.6166666666667,116.088825153962,122,-1.44213314091789,10.0299120696973,-0.0912421501662156,1.25763342808629,4.37053572482853,11.3155206632944,-0.784000777325958,0.0277578210131837
12.6333333333333,115.246910641185,122,-1.44213314091789,8.87318223919903,-0.134621266679582,1.21425431157293,4.35595483072465,10.2127796521945,-0.792137639904352,0.0255008973210641
12.65,114.409417539138,121,-2.44213314091789,7.78391025705975,-0.180429290475687,1.16844628777682,4.3406118059473,9.0836147637776,-0.801105287075614,0.0231143408230309
12.6666666666667,113.576378033574,120,-3.44213314091789,6.66328891472554,-0.221326448012123,1.12754913024039,4.32453713347393,7.96331482626519,-0.806084635580367,0.0208430963013984
12.6833333333333,112.747806714496,119,-4.44213314091789,5.51241561688844,-0.26082400900702,1.08805156924549,4.30778602275912,6.83954051614886,-0.809523277657038,0.0185772895793021
12.7,111.923704305915,118,-5.44213314091789,4.33263569786346,-0.301138991448139,1.04773658680437,4.29036651577773,5.70322721284439,-0.812924032224782,0.016245273875538
12.7166666666667,111.104060835457,117,-6.44213314091789,3.1253104442768,-0.343526108800076,1.00534946945243,4.27225820513343,4.54814776659281,-0.817099982638359,0.0138044826703133
12.7333333333333,110.288858446043,116,-7.44213314091789,1.8916884659179,-0.388567616003731,0.960307962248779,4.25342576550429,3.37035907615615,-0.822391750428499,0.0112331630465461
12.75,109.478073948921,116,-7.44213314091789,0.632848247444099,-0.436407882639651,0.912467695612858,4.23382812230338,2.16764536120148,-0.828839900793211,0.00852350815690409
12.7666666666667,108.671681139969,115,-8.44213314091789,-0.556572977961889,-0.486931512760013,0.861944065492496,4.21342419465053,0.939020909767912,-0.836313505346508,0.00567632111413515
12.7833333333333,107.86965290041,114,-9.44213314091789,-1.77541984985289,-0.532667792933357,0.816207785319152,4.19224166806908,-0.279820501228348,-0.839900693591057,0.00294057293588245
12.8,107.071963103198,114,-9.44213314091789,-3.02265088970029,-0.577040903560337,1.34887557825251,4.17033475798433,-1.50091173356484,-0.841988669811974,0.000209140478703334
12.8166666666667,106.278588313879,113,-10.4421331409179,-4.18318425884404,-0.671829853683264,1.34887557825251,4.1578754439378,-2.75702781845191,-0.899603509573724,-0.00256118337282577
12.8333333333333,105.489508565881,112,-11.4421331409179,-5.33608922799725,-0.759493312586282,1.34887557825251,4.14544994078683,-4.02366162403317,-0.953138635344861,-0.00500124815177838
12.85,104.704706410899,112,-11.4421331409179,-6.48135375122766,-0.807509363676264,0.541366214576245,4.12679554953515,-5.28365135828964,-0.966875977786387,-0.00707242981932472
12.8666666666667,103.92416592317,111,-12.4421331409179,-7.55333636108502,-0.811919722059235,0.536955856193274,4.10078725703009,-6.48578802348931,-0.935957992438917,-0.0088594171244769
12.8833333333333,103.147873288575,111,-12.4421331409179,-8.6765103591326,-0.808459602596655,0.540415975655855,4.07482686899043,-7.61402408100906,-0.900693503509119,-0.0103510659445617
12.9,102.375819827158,110,-13.4421331409179,-9.75089089460293,-0.807269881108176,0.541605697144333,4.04895962820495,-8.71292007542125,-0.867883054926049,-0.0118781486156368
12.9166666666667,101.608004965291,110,-13.4421331409179,-10.8700732665854,-0.806626219791758,0.542249358460752,4.02316807911836,-9.77692152023867,-0.836317805716721,-0.013386783654438
12.9333333333333,100.844438245724,109,-14.4421331409179,-11.9346932647393,-0.812571293026538,0.536304285225972,3.99739303125158,-10.8374806348676,-0.809893081988962,-0.0150822411239214
12.95,100.085140645331,109,-14.4421331409179,-13.0393684008428,-0.820646484119442,0.528229094133067,3.97156905508541,-11.8789717233362,-0.78550353245979,-0.0168247470069331
12.9666666666667,99.3301454121484,109,-14.4421331409179,-14.085872872816,-0.835216003449733,0.513659574802776,3.94562534737378,-12.925574288689,-0.765914687887402,-0.0187650702718228
12.9833333333333,98.5794985687419,109,-14.4421331409179,-15.0761669709337,-0.850911672304951,0.497963905947558,3.91950610335604,-13.95674708488,-0.747439686860879,-0.0207323172290149
13,97.8332592449164,108,-15.4421331409179,-16.0125381580994,-0.864490638964365,0.484384939288144,3.89322625136732,-14.9577462243939,-0.727929943676681,-0.0226190452786125
13.0166666666667,97.0920010015877,108,-15.4421331409179,-16.9909968039014,-0.874253017105309,0.4746225611472,3.86684101248685,-15.9187095362271,-0.706332386647419,-0.024364974735348
13.0333333333333,96.3605332066484,108,-15.4421331409179,-17.9140407984588,-0.886771609828142,0.462103968424368,3.84035891889231,-16.8694742749859,-0.687022549922148,-0.0261862233141703
13.05,95.6442359484211,108,-15.4421331409179,-18.7839263568642,-0.8983381855778,0.45053739267471,3.81377143168241,-17.79449463214,-0.66750007691981,-0.0279622312739806
13.0666666666667,94.9445584987489,108,-15.4421331409179,-19.6029882297441,-0.906883186846049,0.441992391406461,3.78711725846963,-18.6831317330547,-0.646436799439329,-0.0296220782948243
13.0833333333333,94.2664625508484,108,-15.4421331409179,-20.3734196302091,-0.911480428103599,0.437395150148911,3.76045934270333,-19.5286989599706,-0.623305716783145,-0.0311303437863528
13.1,93.6172846175468,108,-15.4421331409179,-21.0971731762467,-0.911946977879302,0.436928600373207,3.73386928728972,-20.3275065388982,-0.598087086263896,-0.0324753845793783
13.1166666666667,93.0045637251239,108,-15.4421331409179,-21.7759391356514,-0.908539686333708,0.440335891918801,3.70741761855283,-21.0780095109324,-0.571049521719245,-0.0336602368387945
13.1333333333333,92.4360670600664,108,-15.4421331409179,-22.4111682897878,-0.901738638449678,0.447136939802831,3.68116835771125,-21.7801063854293,-0.542596735386207,-0.034695972275928
13.15,91.9217536965905,108,-15.4421331409179,-23.0041164334897,-0.892102563628076,0.456773014624433,3.65517657706345,-22.4345980019381,-0.513167499388055,-0.035597143800718
13.1666666666667,91.4803936107502,108,-15.4421331409179,-23.5558954295023,-0.88017998281238,0.468695595440129,3.62948788020242,-23.0427941944281,-0.483176083308811,-0.0363788882590579
13.1833333333333,91.1537067737874,108,-15.4421331409179,-24.0675217695622,-0.866460973854314,0.482414604398196,3.60413900758207,-23.60624509523,-0.452981654341067,-0.0370552643157965
13.2,91.0114823852466,107,-16.4421331409179,-24.5399579292994,-0.851356712857496,0.497518865395013,3.57915900176488,-24.1265705269097,-0.422877077545133,-0.0376384558833016
13.2166666666667,91.1166883330796,107,-16.4421331409179,-25.0678855000653,-0.835196625851515,0.513678952400994,3.55457055793502,-24.6053619881475,-0.393089688061736,-0.0381385412352992
13.2333333333333,91.4900320934067,107,-16.4421331409179,-25.552673493691,-0.825458385013821,0.523417193238688,3.53032577314724,-25.0799941888001,-0.368488182640594,-0.0388070581477565
13.25,92.119969045042,107,-16.4421331409179,-25.9957344598633,-0.818614702479031,0.530260875773479,3.50635099434595,-25.5395196639759,-0.346571662869758,-0.0395356975994669
13.2666666666667,92.9840600557882,107,-16.4421331409179,-26.3988553104448,-0.81235390555415,0.53652167269836,3.4826205990097,-25.9758136705717,-0.325734405252059,-0.0402516579736829
13.2833333333333,94.055231637553,106,-17.4421331409179,-26.7639455391811,-0.805297919104206,0.543577659148303,3.45913916744078,-26.3833191974219,-0.305045501247129,-0.0409100641683717
13.3,95.3077689219736,106,-17.4421331409179,-27.1866274869211,-0.796743119473627,1.34887557825251,3.43592817282216,-26.7586252820548,-0.284052282817044,-0.0414866961676776
13.3166666666667,96.7182863824628,106,-17.4421331409179,-27.5414049355066,-0.803663169231977,0.545212409020533,3.41501054973211,-27.1402767168774,-0.278539825591534,-0.0422080239772456
13.3333333333333,98.2653316072411,106,-17.4421331409179,-27.834059747169,-0.798762309829592,1.34887557825251,3.39207407452445,-27.5028646373107,-0.260693280503327,-0.0428743740159328
13.35,99.9290242832998,106,-17.4421331409179,-28.0697298383591,-0.804959242584307,0.543916335668202,3.37246091471476,-27.8313676133228,-0.257663857885133,-0.0433763402472293
13.3666666666667,101.690733264541,106,-17.4421331409179,-28.2536962876952,-0.803340827078076,0.545534751174434,3.35277771343209,-28.1169613961462,-0.249189854467754,-0.0436483976554023
13.3833333333333,103.532786681832,106,-17.4421331409179,-28.4184249961643,-0.797122122464418,1.34887557825251,3.33389481829274,-28.3633043103778,-0.239201643856164,-0.0436596347629618
13.4,105.438214680277,106,-17.4421331409179,-28.5372163576301,-0.798519196216019,1.34887557825251,3.31804303928023,-28.5817206457483,-0.240687873213027,-0.0434550384044175
13.4166666666667,107.390523123704,107,-16.4421331409179,-28.586751705453,-0.797431780054173,1.34887557825251,3.30348891619415,-28.7645860615897,-0.242964675550138,-0.0429911980587639
13.4333333333333,109.373503129917,107,-16.4421331409179,-28.4805939858912,-0.787846569393041,1.34887557825251,3.28963593847245,-28.9019515606813,-0.240551259945083,-0.0421751403240392
13.45,111.371091558107,108,-15.4421331409179,-28.3251301644966,-0.783363481501649,1.34887557825251,3.28108687092232,-28.9505105604117,-0.252619145767527,-0.0407235541090771
13.4666666666667,113.367304401135,109,-14.4421331409179,-28.0327606279399,-0.760782404175837,1.34887557825251,3.27267538832278,-28.9297891924395,-0.25188965017292,-0.0387260865026376
13.4833333333333,115.346265588027,110,-13.4421331409179,-27.615002985337,-0.714595981028207,1.34887557825251,3.26439927648906,-28.8033843407685,-0.234541860815227,-0.0360253793449026
13.5,117.292358324951,111,-12.4421331409179,-27.0827383993687,-0.643139382222064,1.34887557825251,3.25625635686902,-28.5501630064938,-0.199295843244955,-0.0325939156189234
13.5166666666667,119.190507974953,112,-11.4421331409179,-26.446227248209,-0.547341874112536,1.34887557825251,3.24824448596965,-28.1602432159636,-0.146609287599371,-0.0284890986148626
13.5333333333333,121.026589324314,113,-10.4421331409179,-25.7151261443631,-0.429789653842661,1.34887557825251,3.24036155479297,-27.6318624224315,-0.0780706510390638,-0.0238199540949881
13.55,122.787918980905,114,-9.44213314091789,-24.8985060785278,-0.294032479631675,1.34887557825251,3.23260548828084,-26.9689552407569,0.00405320272487962,-0.018722873560732
13.5666666666667,124.463766686677,116,-7.44213314091789,-24.0048714763086,-0.144080044401839,1.34887557825251,3.22497424476883,-26.1792960067916,0.0971486009244125,-0.0133443390515371
13.5833333333333,126.04585327754,117,-6.44213314091789,-22.9484391956845,0.0159550651140995,1.34887557825251,3.21746581544882,-25.2730892017425,0.198492907261834,-0.00782899280682469
13.6,127.528742120691,119,-4.44213314091789,-21.836213909168,0.189646752261006,1.34887557825251,3.21007822384023,-24.2259420759077,0.310479667697141,-0.00206839462234078
13.6166666666667,128.909894499855,120,-3.44213314091789,-20.5811784028733,0.370011262332293,1.34887557825251,3.20280952526982,-23.0619253110761,0.428448720965638,0.00370136409659736
13.6333333333333,130.189494947157,122,-1.44213314091789,-19.2891391301179,0.558949091857999,1.34887557825251,3.19565780635983,-21.7663043197512,0.553636504519313,0.00953923710967018
13.65,131.370114113305,123,-0.442133140917889,-17.8719185167593,0.748670884734282,1.34887557825251,3.18862118452433,-20.3695872208294,0.68079611974531,0.0151894772061576
13.6666666666667,132.456260767958,125,1.55786685908211,-16.434202115549,0.878842249489335,2.22771782774185,3.19437815210972,-18.8880993094346,0.741547933717576,0.0207394111873267
13.6833333333333,133.45388405162,126,2.55786685908211,-14.856179985085,0.993256936984046,2.34213251523656,3.2033752553851,-17.3823950249502,0.786670040183881,0.0261014542367478
13.7,134.369884135412,127,3.55786685908211,-13.2106560878669,1.10742252569451,2.45629810394702,3.21438771923776,-15.8151566528174,0.829245956734085,0.031590509725956
13.7166666666667,135.211691555321,128,4.55786685908211,-11.5003426752056,1.22200725189891,2.57088283015142,3.22741088962505,-14.1860719020695,0.869788667572696,0.0372255751098839
13.7333333333333,135.986872467977,130,6.55786685908211,-9.7279701913985,1.33739390129071,2.68626947954322,3.2424484187972,-12.4955936079105,0.90860478487216,0.0430170936440293
13.75,136.70282080472,131,7.55786685908211,-7.80249465495675,1.45375896815281,2.80263454640532,3.25950820015899,-10.7448113913536,0.945854604188361,0.048969175199637
13.7666666666667,137.366548214528,132,8.55786685908211,-5.82612372539278,1.57836250737692,2.92723808562943,3.27866508067912,-8.8994476946256,0.986301407420038,0.0553249951454243
13.7833333333333,137.984545490415,133,9.55786685908211,-3.80096242070245,1.7074359441408,3.05631152239331,3.30001531632264,-6.97380928544223,1.02732887397718,0.061966780428525
13.8,138.562703081421,134,10.5578668590821,-1.72868727605327,1.83842856514098,3.18730414339348,3.32360261810585,-4.97952878546382,1.06722325898828,0.0688120070344086
13.8166666666667,139.106277474206,135,11.5578668590821,0.389196429683946,1.96974053861949,3.318616116872,3.34943618163139,-2.92573510282256,1.10496254604587,0.0758063387469541
13.8333333333333,139.619891243941,135,11.5578668590821,2.55119974613356,2.10047082183451,3.44934640008702,3.3775043749361,-0.819418113829235,1.14002378672343,0.0829166277842667
13.85,140.107556242141,136,12.5578668590821,4.66202827640619,2.23020111549594,3.57907669374845,3.40778452399251,1.33413982168623,1.17222174166425,0.0901247226121532
13.8666666666667,140.572711528031,137,13.5578668590821,6.81960630152711,2.35160078596577,3.70047636421828,3.44018391014231,3.49508425515352,1.19688304344476,0.0971789472886768
13.8833333333333,141.018269476197,137,13.5578668590821,9.02173642826494,2.46846292503517,3.81733850328768,3.47458752163072,5.67271084071389,1.21677434992019,0.104191808628505
13.9,141.446665399683,138,14.5578668590821,11.1720546935722,2.61227430077031,3.17746758879173,3.5050808429896,7.88037040409301,1.26603991916214,0.111239779540471
13.9166666666667,141.859907650389,139,15.5578668590821,13.3411265566078,2.77960592784912,3.29459972774689,3.53069197875794,10.1276234871717,1.3441702052593,0.118040056695162
13.9333333333333,142.259627048374,139,15.5578668590821,15.5030267507606,2.9349099562729,3.40331254764354,3.55818022766847,12.4056523271906,1.41225941724403,0.12452967385372
13.95,142.647125315634,140,16.5578668590821,17.5667965791463,3.07594520800231,3.50203722385413,3.58738307008653,14.6921051068723,1.46909237103504,0.130623943066146
13.9666666666667,143.023419485628,140,16.5578668590821,19.6338721302715,3.19520529407131,3.58551928410242,3.61807818303735,16.9374160952082,1.51002862037475,0.136061690296962
13.9833333333333,143.389281154651,140,16.5578668590821,21.6111080592927,3.29731102400209,3.65699329505397,3.65003170461372,19.1462246274675,1.53851347326804,0.140980268905828
14,143.745270869799,141,17.5578668590821,23.5039046053347,3.37900180994396,3.71417684521328,3.68301411432356,21.2884130008513,1.55272798600537,0.145258347264143
14.0166666666667,144.091768138325,141,17.5578668590821,25.4103195389587,3.43992417903492,3.75682250357696,3.71677600942033,23.3460478537009,1.55281066467573,0.148869335953149
14.0333333333333,144.428997652483,141,17.5578668590821,27.2340224431306,3.48877122922426,3.79101543870949,3.7511211266371,25.3457164039143,1.54483846365145,0.152087663843607
14.05,144.757052161539,142,18.5578668590821,28.977688378702,3.52420071982124,3.81581608212738,3.78589189515513,27.2716743186138,1.52814088706226,0.154860178856179
14.0666666666667,145.075912348643,142,18.5578668590821,30.737218271283,3.54635836417765,3.83132643317687,3.82092454625468,29.1147084724981,1.50304264669775,0.157182485268814
14.0833333333333,145.38546413176,142,18.5578668590821,32.4147004103063,3.56357284677106,3.84337657099225,3.85610896067376,30.9061061049855,1.47523447264208,0.159322703291036
14.1,145.685513794727,142,18.5578668590821,34.011752387477,3.57367433693961,3.85044761411024,3.89136659033243,32.6321166992771,1.44336507075558,0.161205593871722
14.1166666666667,145.97580115455,142,18.5578668590821,35.5299198852299,3.57579144925866,3.85192959273357,3.92660183934577,34.2838221865706,1.40697120419513,0.162797690150999
14.1333333333333,146.256011124666,142,18.5578668590821,36.9706032338585,3.56990393742093,3.84780833444716,3.96171449787582,35.8559505972034,1.36616092221214,0.164093336594129
14.15,146.525783916107,142,18.5578668590821,38.3350447873258,3.55650518860066,3.83842921027297,3.99660761832659,37.3458691473127,1.3213770752072,0.165104055173445
14.1666666666667,146.784724022096,143,19.5578668590821,39.6243515265604,3.53635946416268,3.82432720316639,4.0311920262428,38.7527738740901,1.2732291641789,0.165850819800027
14.1833333333333,147.032408124296,143,19.5578668590821,40.9332756525166,3.5103363559855,3.80611102744236,4.06538846664017,40.0770672703702,1.22238025115378,0.16635872580348
14.2,147.268392118364,143,19.5578668590821,42.1632045805361,3.48662257964897,3.78951138400679,4.09917446072505,41.3557936082596,1.17428156494478,0.166896964977904
14.2166666666667,147.492217447153,143,19.5578668590821,43.3154715686776,3.46241869581933,3.77256866532604,4.13255442890335,42.5782998134357,1.12702785496701,0.167374930584128
14.2333333333333,147.703416671758,143,19.5578668590821,44.3916917578581,3.43599914898872,3.75407498254461,4.16550698783735,43.7370386995066,1.07946844874472,0.167735770729992
14.25,147.901518380348,143,19.5578668590821,45.3936138221551,3.40643717726291,3.73338160233654,4.19799581752413,44.8270752948296,1.03100709812434,0.167948013903341
14.2666666666667,148.086051612096,143,19.5578668590821,46.3230325237938,3.37337113109577,3.71023537001955,4.22997756333197,45.8455695051068,0.981434171744122,0.167998367399716
14.2833333333333,148.256549711857,143,19.5578668590821,47.1817436306694,3.33681648032009,3.68464711447657,4.26140728444638,46.7912926908483,0.930793177627512,0.167885863622439
14.3,148.412553699628,143,19.5578668590821,47.9715265787839,3.2970216966301,3.65679076589358,4.2922419725016,47.6642081345809,0.879279544704759,0.167617328824746
14.3166666666667,148.553615319099,143,19.5578668590821,48.6941438902383,3.25436286273039,3.62692958216378,4.32244262225653,48.465126683406,0.827167452516723,0.167204035924049
14.3333333333333,148.679299735003,142,18.5578668590821,49.3513494753656,3.20927042178781,3.59536487350397,4.35197526696895,49.1954370428697,0.774759661367137,0.166659350984826
14.35,148.78918795378,142,18.5578668590821,49.8511597012634,3.16218127020829,3.56240246739831,4.38081131269379,49.8569034528267,0.722355286097144,0.165997170851683
14.3666666666667,148.882878940449,142,18.5578668590821,50.2949204655071,3.10619247618623,3.52321031158287,4.4088811511769,50.4156280733171,0.665425499307449,0.164987531413929
14.3833333333333,148.959991580598,142,18.5578668590821,50.6840497394385,3.04528806646107,3.48057722477526,4.43610329008938,50.8859704513964,0.606708905468165,0.163757921879103
14.4,149.020166531753,142,18.5578668590821,51.0197458533285,2.98224300223476,3.43644567981684,4.46243566354852,51.27946731407,0.548079098975435,0.162398446491342
14.4166666666667,149.06306786066,142,18.5578668590821,51.3031693458903,2.9188889384747,3.3920978351848,4.48786311542342,51.605155649768,0.490741501952919,0.160969777943932
14.4333333333333,149.088384372174,142,18.5578668590821,51.5355530012906,2.88327140617822,2.64634771103271,4.50693122412868,51.8759015522754,0.465483963540939,0.159508234845151
14.45,149.09583084137,142,18.5578668590821,51.6938560651763,2.87621186575575,2.6431709178426,4.51919570785216,52.1342650769827,0.473470107946822,0.157952615264716
14.4666666666667,149.085150240391,142,18.5578668590821,51.7595103382824,2.85990158358876,2.63583129086745,4.53121015330039,52.3601260201907,0.474775873074858,0.156126591025802
14.4833333333333,149.056117919068,142,18.5578668590821,51.7419247180513,2.82990767329075,2.62233403123335,4.54288881202049,52.5251507829165,0.466560174562581,0.153883298789863
14.5,149.008545103175,142,18.5578668590821,51.649535654255,2.78489929806159,2.60208026238023,4.55412510031633,52.6132151418356,0.448069329783083,0.151177842298141
14.5166666666667,148.942280922004,142,18.5578668590821,51.4897817985256,2.72551702540681,2.57535823968558,4.5648104413828,52.6170087017923,0.419863558845597,0.148030150914564
14.5333333333333,148.857213458786,142,18.5578668590821,51.269165382545,2.65354152137492,2.54296926287123,4.57484579189114,52.5353172312284,0.383250897063028,0.144497668936668
14.55,148.753269977028,142,18.5578668590821,50.9933599962375,2.57130600880131,2.5059632822131,4.58414788276919,52.3709208875242,0.339889252766428,0.14065605114218
14.5666666666667,148.630416569223,142,18.5578668590821,50.6673370683661,2.48130030570367,2.46546071581916,4.59265179990056,52.1290234891807,0.29152005681528,0.136586151112542
14.5833333333333,148.488657572325,143,19.5578668590821,50.2954930631224,2.38592033851422,2.42253973058391,4.60031116246059,51.8161208910174,0.239801409630466,0.132365788289363
14.6,148.328034868686,143,19.5578668590821,49.9755073942923,2.2873242406689,2.37817148655351,4.60709683870819,51.4392193985942,0.186213791179496,0.128065016561416
14.6166666666667,148.148627088462,143,19.5578668590821,49.6113888121442,2.19476101959151,2.33651803706869,4.61302483563077,51.0412439491372,0.136911592109857,0.123987264047608
14.6333333333333,147.95054865667,143,19.5578668590821,49.2067644141941,2.10624931600231,2.29668777045355,4.61813555963384,50.6167692286183,0.0905426702328967,0.120066661090447
14.65,147.733948626127,143,19.5578668590821,48.7652230208019,2.02057985014389,2.25813651081726,4.62245772043401,50.1627658635823,0.0462818005783552,0.116262731268617
14.6666666666667,147.499009485672,144,20.5578668590821,48.2902519294372,1.93710059902721,2.22057084781476,4.62601327275762,49.6780856131202,0.00368217137977239,0.112553335187129
14.6833333333333,147.245946017461,144,20.5578668590821,47.8789425561995,1.85554400134643,2.1838703788584,4.62882091005919,49.1630017938175,-0.0374435248499722,0.108928994100085
14.7,146.975004186611,144,20.5578668590821,47.4349194133269,1.78329031627798,2.1513562205776,4.63092837231615,48.6547381810735,-0.0722200002043224,0.105631887606176
14.7166666666667,146.686459980983,145,21.5578668590821,46.9615418829492,1.71696433515457,2.12150952907207,4.63239556885041,48.1431911579428,-0.102948764295924,0.102550488870855
14.7333333333333,146.380618122795,145,21.5578668590821,46.5559261503586,1.6543521190804,2.09333403183869,4.63326171395146,47.6215901753684,-0.131135347623945,0.0996114419418436
14.75,146.057810820786,145,21.5578668590821,46.1217846555752,1.60150245623893,2.06955168356003,4.63358283406095,47.1217782445144,-0.152799795187987,0.0970132435863685
14.7666666666667,145.718396551292,146,22.5578668590821,45.6625694766751,1.5541790837504,2.04825616594019,4.6334189425724,46.6296564504938,-0.170816764755496,0.0946161337822614
14.7833333333333,145.362758769077,146,22.5578668590821,45.2754591268259,1.50965456451624,2.02822013228482,4.63280422731418,46.135570901645,-0.187027936513901,0.0923299381795066
14.8,144.991304628972,146,22.5578668590821,44.8641795956044,1.47371135998974,2.01204569024789,4.63178677521243,45.6693434785308,-0.197621797280665,0.0903444529655817
14.8166666666667,144.604463624023,147,23.5578668590821,44.4321408365117,1.44201490728195,1.99778228652939,4.63041729410925,45.2155002845207,-0.205528141303519,0.0885167357901454
14.8333333333333,144.202686206415,147,23.5578668590821,44.07642416377,1.41184720292837,1.98420681957027,4.62872032692172,44.7634795292961,-0.212571752660473,0.0867569677254374
14.85,143.786442525796,147,23.5578668590821,43.7006083960797,1.38906354184455,1.97395417208256,4.62673461284434,44.3425193202989,-0.21488240376357,0.0852573817620416
14.8666666666667,143.356221162775,148,24.5578668590821,43.3079138029162,1.36943424990925,1.96512099071167,4.62450216375214,43.9367759253025,-0.21531061007909,0.0838785239912775
14.8833333333333,142.912527901102,148,24.5578668590821,42.995197843599,1.35035712650043,1.9565362851777,4.62203963759231,43.5354496911496,-0.215595557401938,0.0825344209715134
14.9,142.455884655957,149,25.5578668590821,42.6657895815714,1.33780078580679,1.95088593186557,4.61937873042907,43.1676141770937,-0.211784048262055,0.0814210680036265
14.9166666666667,141.986828422443,149,25.5578668590821,42.4163820369474,1.32763866184763,1.94631297608394,4.61655520530698,42.8172943091285,-0.206651343568719,0.0804024363685584
14.9333333333333,141.505910635262,149,25.5578668590821,42.1502387723883,1.32475524757854,1.94501543966285,4.61361013551199,42.5094866068019,-0.196976460923415,0.0796389237875974
14.95,141.013702991286,149,25.5578668590821,41.8702943611415,1.32428814111335,1.94480524175352,4.61058187956411,42.2250953954131,-0.186027522063727,0.0789703423351426
14.9666666666667,140.510794442067,149,25.5578668590821,41.5793825529401,1.32325472671686,1.9443402052751,4.60747965920705,41.9508745663912,-0.175789225100202,0.0782982695050935
14.9833333333333,139.997783134052,148,24.5578668590821,41.2801110634506,1.32002719852052,1.94288781758674,4.60429561094384,41.6781654588838,-0.167325723350354,0.0775688059327028
15,139.475275528572,148,24.5578668590821,40.88106075064,1.31391292567878,1.94013639480796,4.60101330898212,41.4017825391644,-0.161069436306274,0.0767587917751037
15.0166666666667,138.943885952236,148,24.5578668590821,40.483824270024,1.29743292629629,1.93272039508584,4.59758355275108,41.0831538154392,-0.161938108396077,0.0756217577942817
15.0333333333333,138.404236195583,147,23.5578668590821,40.0898116892247,1.27438298829863,1.92234792298689,4.59394635459974,40.7335164637925,-0.167328838953082,0.0742820483889578
15.05,137.8569551732,146,22.5578668590821,39.6062588571727,1.24767083035414,1.91032745191187,4.59006672276245,40.362406522211,-0.175257894038784,0.0728348576505343
15.0666666666667,137.302678719447,145,21.5578668590821,39.0396885769512,1.2120452208449,1.89429592763272,4.58589852614377,39.9417333289478,-0.189164487917095,0.0711069794427946
15.0833333333333,136.742049590177,144,20.5578668590821,38.3961261215709,1.16513591679767,1.87318674081146,4.58136769195638,39.4539421937015,-0.210539467509295,0.0690198848366632
15.1,136.175717509243,143,19.5578668590821,37.6810050466686,1.10649866111824,1.84679997575572,4.57639008532948,38.8893318297113,-0.239580859635735,0.066558352979873
15.1166666666667,135.60433926867,142,18.5578668590821,36.8991610847215,1.04563615601281,1.70177778090683,4.56909533566323,38.2477732767547,-0.265901352750445,0.0637426891748881
15.1333333333333,135.028578977123,141,17.5578668590821,36.0509257483838,0.974570657278192,1.6777931750839,4.56119947229786,37.5318588116889,-0.298772570802499,0.0605987711012437
15.15,134.449108505461,140,16.5578668590821,35.1370334184031,0.893259327250879,1.65035060119968,4.55283470889336,36.7385753764587,-0.338586785365935,0.0571578208640181
15.1666666666667,133.866608278407,139,15.5578668590821,34.1625216598576,0.802874292330925,1.6198456519142,4.54395002342327,35.866877533036,-0.384508311063404,0.0534599717694563
15.1833333333333,133.281768017909,137,13.5578668590821,33.131952319934,0.705046267482193,1.58682869352775,4.53450244181366,34.9187204693916,-0.435401404082783,0.0495599780764966
15.2,132.695287414574,136,12.5578668590821,31.9557328753464,0.601579482716752,1.55190865366941,4.52445877663048,33.897967198946,-0.490021504488663,0.0455177679257059
15.2166666666667,132.107876704258,135,11.5578668590821,30.737236271445,0.486829923734828,1.51318067751301,4.51377350479272,32.7736526723787,-0.552076528642492,0.0411488682723235
15.2333333333333,131.520257047396,134,10.5578668590821,29.4796853673407,0.365919100154692,1.47237327455472,4.50240189266665,31.5633417875868,-0.618104126833493,0.0366228133787563
15.25,130.93316083009,133,9.55786685908211,28.1859407405948,0.237885336727866,1.47376538003464,4.49131257162065,30.2799047012492,-0.690903242169918,0.0320688356510972
15.2666666666667,130.347331895573,133,9.55786685908211,26.8601250558495,0.113267755761648,1.40834115002737,4.47900844448648,28.9347562821507,-0.76007217019415,0.0275902596738346
15.2833333333333,129.763525569981,132,8.55786685908211,25.5989450396729,-0.00634828245901477,1.34252729579349,4.4656405792378,27.5424115277761,-0.824871398733253,0.0232581170323122
15.3,129.182508343641,131,7.55786685908211,24.3032928355872,-0.109559648833514,1.239315929419,4.45072053318615,26.1502180881529,-0.876544377383944,0.0193557886397365
15.3166666666667,128.605057285582,130,6.55786685908211,22.9726129838945,-0.198938245338953,1.14993733291356,4.43419525183793,24.7560332052121,-0.916614432520577,0.0157739800691648
15.3333333333333,128.031959217777,130,6.55786685908211,21.6057730052952,-0.278207489323158,1.07066808892935,4.41626782698325,23.3560864488,-0.947967626754201,0.0124110765346585
15.35,127.464009646665,129,5.55786685908211,20.2965121805483,-0.350591046935328,0.998284531317182,4.3970835602995,21.9454126698366,-0.973047953242706,0.00917624617550649
15.3666666666667,126.902011277695,129,5.55786685908211,18.9460225933051,-0.411454801184154,0.937420777068355,4.3768051091074,20.5549389954984,-0.989086993674542,0.00623833572318563
15.3833333333333,126.34677180686,128,4.55786685908211,17.6497419396523,-0.466467609654422,0.882407968598087,4.35557947057897,19.168067403703,-1.00014268884332,0.00342549200652777
15.4,125.799100624197,128,4.55786685908211,16.3104049727785,-0.512239748846918,0.836635829405591,4.33354077080372,17.8079632511417,-1.00421022147539,0.000862358121764102
15.4166666666667,125.259804214211,128,4.55786685908211,15.0247179815279,-0.554883564740337,0.793992013512173,4.31079379039427,16.453245656311,-1.0055564859643,-0.00164192056700658
15.4333333333333,124.729680083585,127,3.55786685908211,13.7901162381149,-0.590961390658093,0.757914187594416,4.28742740296414,15.1244542701976,-1.00205566618687,-0.0039657033246021
15.45,124.209509021207,127,3.55786685908211,12.5106579134518,-0.619048719410635,0.729826858841875,4.26356987675836,13.834906633401,-0.992984764522055,-0.00605024279546606
15.4666666666667,123.700045484187,126,2.55786685908211,11.2842185893002,-0.646223977165945,0.702651601086565,4.23929613915435,12.556671925409,-0.983187334141771,-0.00812153350836177
15.4833333333333,123.202005770265,126,2.55786685908211,10.0154175112577,-0.66935681204352,0.67951876620899,4.21465491084259,11.3062547322583,-0.970659999046845,-0.0100722437020257
15.5,122.716048073332,126,2.55786685908211,8.80228539190533,-0.694154917276468,0.654720660976042,4.18966715191044,10.0588838516575,-0.959236422417294,-0.0120883471382338
15.5166666666667,122.24274036491,125,1.55786685908211,7.64308147500885,-0.71645396373206,0.63242161452045,4.16434756461528,8.83384458562269,-0.94616406531273,-0.0140316693456998
15.5333333333333,121.782543063838,125,1.55786685908211,6.44227716263952,-0.734005331946472,0.614870246306037,4.13876327999214,7.64447456512852,-0.930054389289339,-0.0158223862864656
15.55,121.335795811267,125,1.55786685908211,5.29784699529546,-0.753100721184585,0.595774857067925,4.11294154806054,6.46352200702753,-0.915136363351007,-0.0176653018410092
15.5666666666667,120.902701732771,124,0.557866859082111,4.20802525372501,-0.769930784975076,0.578944793277433,4.08689561603806,5.3084179873698,-0.89888697081894,-0.0194342374745261
15.5833333333333,120.483310319228,124,0.557866859082111,3.07725380160401,-0.78243608692304,0.56643949132947,4.06068668789353,4.19117103050394,-0.880029421819591,-0.0210563022487832
15.6,120.077500331383,124,0.557866859082111,2.00345487591006,-0.796984926707522,0.551890651544987,4.03433391746372,3.0836125225198,-0.862826199583658,-0.0227397062787786
15.6166666666667,119.684964565357,124,0.557866859082111,0.984781232691645,-0.809773787253389,0.53910179099912,4.00784179982224,2.00256218151725,-0.844740060604357,-0.0243593867032556
15.6333333333333,119.30519858166,123,-0.442133140917889,0.0193055078515461,-0.818709182806727,0.530166395445783,3.98126304105203,0.959630971947851,-0.824454374722445,-0.0258422118736207
15.65,118.937495320829,123,-0.442133140917889,-0.988498204309375,-0.822884134099244,0.525991444153265,3.95467458762568,-0.0377476270615636,-0.801481657416894,-0.027152000316527
15.6666666666667,118.580947412368,123,-0.442133140917889,-1.94060216246695,-0.829380411411418,0.519495166841091,3.92809594892733,-1.02115612091834,-0.780554732592352,-0.0285206321698613
15.6833333333333,118.234458565153,123,-0.442133140917889,-2.83874793642356,-0.834786182171,0.51408939608151,3.90152289719752,-1.97620041739607,-0.759377196404472,-0.0298369347318432
15.7,117.896764717221,122,-1.44213314091789,-3.68479583883713,-0.837178134196153,0.511697444056356,3.87499483311221,-2.89290992218206,-0.736718563115621,-0.0310347652207148
15.7166666666667,117.566464659532,122,-1.44213314091789,-4.5742589087842,-0.835677801617696,0.513197776634813,3.84857381329454,-3.76490354147801,-0.712081243286531,-0.0320803799493833
15.7333333333333,117.24205862168,121,-2.44213314091789,-5.40915174831523,-0.83731355445398,0.51156202379853,3.82226471278032,-4.62440052321255,-0.690134657567959,-0.0332053444816933
15.75,116.921992487627,121,-2.44213314091789,-6.28504716099229,-0.838580284870269,0.51029529338224,3.79604992221345,-5.45736743309268,-0.668495345302672,-0.034296714506639
15.7666666666667,116.604704734817,121,-2.44213314091789,-7.10435974411993,-0.844671938771708,0.504203639480801,3.76989157621321,-6.28988335296519,-0.650540703331007,-0.0355294512364786
15.7833333333333,116.288672921203,120,-3.44213314091789,-7.86946822367988,-0.850889291458297,0.497986286794212,3.74375433414827,-7.10329171793058,-0.633065915240576,-0.0367527498910588
15.8,115.972456688815,120,-3.44213314091789,-8.67667134582932,-0.854495003760713,0.494380574491797,3.7176638224271,-7.88454130880568,-0.614278060612538,-0.0378747968144153
15.8166666666667,115.654734760866,119,-4.44213314091789,-9.4288432299093,-0.861370203343908,0.487505374908601,3.6916132688204,-8.66104624647846,-0.598068640666274,-0.0390902138804004
15.8333333333333,115.334334166826,118,-5.44213314091789,-10.222373651151,-0.867382028626329,0.481493549626181,3.66558799556599,-9.41554239645427,-0.581647252376454,-0.0402648830471361
15.85,115.010250791885,118,-5.44213314091789,-11.0541315791564,-0.877452566551457,0.471423011701052,3.63956040823594,-10.1721168605553,-0.568233437743428,-0.0415636573460921
15.8666666666667,114.681661178297,117,-6.44213314091789,-11.8275090681479,-0.894059678270693,0.454815899981817,3.61344241636976,-10.9468953010597,-0.559318326330178,-0.0430763233608806
15.8833333333333,114.347926253612,116,-7.44213314091789,-12.6397178108992,-0.910830207083471,0.438045371169038,3.58718464853634,-11.7140118267603,-0.550568204963985,-0.0445978570604852
15.9,114.008588155353,116,-7.44213314091789,-13.4885200941318,-0.931335992775403,0.417539585477106,3.56075439523991,-12.4913808392918,-0.544303468477535,-0.0462487796324498
15.9166666666667,113.663361403773,115,-8.44213314091789,-14.2781362012076,-0.957345559937241,0.391530018315269,3.53407534502412,-13.2909737194147,-0.541571456054374,-0.0480941199444496
15.9333333333333,113.312119916224,114,-9.44213314091789,-15.1064726892376,-0.982208843122622,0.366666735129888,3.50711792640659,-14.0843388392203,-0.537895377786248,-0.0499176395106025
15.95,112.954881228462,114,-9.44213314091789,-15.9718303307492,-1.00991061802903,0.348875578252509,3.47995676092603,-14.8880655402741,-0.536104236946266,-0.0518373103251838
15.9666666666667,112.591790001509,113,-10.4421331409179,-16.7784861624385,-1.04411861329138,0.348875578252509,3.45290135648268,-15.7146647023467,-0.539356182918735,-0.053918811524863
15.9833333333333,112.223099659337,113,-10.4421331409179,-17.6232119159459,-1.07845533397785,0.348875578252509,3.42599764271628,-16.5371044768386,-0.543498519192101,-0.0559429623417798
16,111.849155779839,112,-11.4421331409179,-18.4087951381725,-1.11623993027511,0.348875578252509,3.39924778688201,-17.3722761521201,-0.550728114729069,-0.0580181811189821
16.0166666666667,111.470379765763,112,-11.4421331409179,-19.2315452771005,-1.15163199386178,0.348875578252509,3.37265384650329,-18.1950862561823,-0.557127085239365,-0.0599535203713611
16.0333333333333,111.087253810815,111,-12.4421331409179,-19.9944567594394,-1.1885212252978,0.348875578252509,3.34621777235347,-19.0238168997908,-0.565254143939595,-0.0618787943114958
16.05,110.70030744678,111,-12.4421331409179,-20.7940268009129,-1.22154973988442,0.348875578252509,3.31994141136988,-19.8346096575475,-0.571500185589452,-0.0636208664354227
16.0666666666667,110.310105724792,110,-13.4421331409179,-21.5334196401934,-1.25501113386229,0.348875578252509,3.29382650950149,-20.6468340307709,-0.578684895486393,-0.0653242015538534
16.0833333333333,109.917239029583,110,-13.4421331409179,-22.3092854680762,-1.28388199647745,0.348875578252509,3.26787471449166,-21.4375815655126,-0.583417585284769,-0.0668275586497385
16.1,109.522314454347,109,-14.4421331409179,-23.0249257414523,-1.31272963528768,0.348875578252509,3.24208757859729,-22.2270454214143,-0.58869881124211,-0.0682849169505435
16.1166666666667,109.125948618481,109,-14.4421331409179,-23.7771131525757,-1.33675160748162,0.348875578252509,3.21646656124576,-22.9930259092365,-0.591285903840419,-0.0695425095943484
16.1333333333333,108.728761785368,109,-14.4421331409179,-24.4692579424055,-1.36069077705639,0.348875578252509,3.19101303163083,-23.7563213909307,-0.594298921512967,-0.0707600568188144
16.15,108.331373127245,108,-15.4421331409179,-25.1044880494596,-1.37988147637239,0.348875578252509,3.16572827124896,-24.495244777719,-0.594590136981549,-0.0717880736943145
16.1666666666667,107.934396984752,108,-15.4421331409179,-25.7796121812427,-1.39162589791554,0.348875578252509,3.14061347637714,-25.1950535891433,-0.59029406193452,-0.0725459834324935
16.1833333333333,107.538439976512,107,-16.4421331409179,-26.3980561499978,-1.40219398002561,0.348875578252509,3.11566976049356,-25.8822867910816,-0.58554008691197,-0.0732454638435294
16.2,107.144098826206,107,-16.4421331409179,-27.0566859514571,-1.40799932527275,0.348875578252509,3.09089815664223,-26.5396293076011,-0.577903115037125,-0.0737726844986503
16.2166666666667,106.751958789223,106,-17.4421331409179,-27.658977002024,-1.41462382399675,0.348875578252509,3.06629961974285,-27.1915955320513,-0.571078107091377,-0.0743136977149424
16.2333333333333,106.362592576662,106,-17.4421331409179,-28.3018378101867,-1.4179515026098,0.348875578252509,3.04187502884697,-27.8192838321605,-0.56230465975548,-0.0747350538456098
16.25,105.976559690348,105,-18.4421331409179,-28.8887797767685,-1.42315939567589,0.348875578252509,3.01762518934162,-28.4459709920725,-0.555020611197794,-0.0752078948361809
16.2666666666667,105.594406098222,105,-18.4421331409179,-29.5167414002627,-1.42582439357699,0.348875578252509,2.99355083510153,-29.0517947649344,-0.546269837654844,-0.0755875347666341
16.2833333333333,105.216664194861,104,-19.4421331409179,-30.0892585823966,-1.43089258125706,0.348875578252509,2.96965263059098,-29.6592903326194,-0.539342449789681,-0.0760367308713181
16.3,104.843853007226,103,-20.4421331409179,-30.7032893107983,-1.43376897063995,0.348875578252509,2.94593117291647,-30.2480262585634,-0.531171909637047,-0.0764046125832739
16.3166666666667,104.476478621762,103,-20.4421331409179,-31.3561251931669,-1.43927328590674,0.348875578252509,2.92238699383102,-30.8401036048507,-0.524966751578793,-0.0768494385620652
16.3333333333333,104.115034826821,102,-21.4421331409179,-31.9514207220568,-1.45026361023903,0.348875578252509,2.89902056169138,-31.4507332967014,-0.522660502537916,-0.0774604842915102
16.35,103.760003986165,101,-22.4421331409179,-32.5862498951578,-1.46063532691443,0.348875578252509,2.87583228336897,-32.0539008748917,-0.520198175141174,-0.0780346574370522
16.3666666666667,103.411858188778,101,-22.4421331409179,-33.258017458172,-1.47414332738269,0.348875578252509,2.85282250611567,-32.667499552387,-0.52008428823448,-0.07869420131584
16.3833333333333,103.071060763908,100,-23.4421331409179,-33.8704879242269,-1.49291978535142,0.348875578252509,2.82999151938525,-33.303612867635,-0.523766241866383,-0.0795045983095518
16.4,102.738068321473,99,-24.4421331409179,-34.5208419909139,-1.51038957609506,0.348875578252509,2.80733955661158,-33.9339428720562,-0.526868135407757,-0.0802480607287727
16.4166666666667,102.413333603255,98,-25.4421331409179,-35.2065876184645,-1.53002694418676,0.348875578252509,2.78486679694441,-34.5747539166528,-0.531697297772789,-0.0810387987748878
16.4333333333333,102.097309670239,98,-25.4421331409179,-35.9253296981779,-1.55382215911437,0.348875578252509,2.76257336694365,-35.2370044237329,-0.539595165457139,-0.0819390387320628
16.45,101.790456454501,97,-26.4421331409179,-36.5810305304832,-1.5827019476179,0.348875578252509,2.7404593422331,-35.9276265224072,-0.551205315143336,-0.0829744287535954
16.4666666666667,101.493251889056,96,-27.4421331409179,-37.271065522823,-1.60930729910541,0.348875578252509,2.71852474911437,-36.6145645369993,-0.561620508338061,-0.083902380291592
16.4833333333333,101.206213111117,96,-27.4421331409179,-37.9931336422431,-1.63664210773246,0.348875578252509,2.69676956614207,-37.3114068355963,-0.572820849929506,-0.0848233206095556
16.5,100.929945039809,95,-28.4421331409179,-38.6512857661316,-1.66645554113333,0.348875578252509,2.67519372566077,-38.0272688027888,-0.585971095782832,-0.0857936015285921
16.5166666666667,100.665287025278,95,-28.4421331409179,-39.3429805422406,-1.69649183558036,0.0674437789126254,2.65469499437142,-38.7328310183124,-0.601543772036675,-0.0865951545897576
16.5333333333333,100.413508906895,95,-28.4421331409179,-39.9820379561163,-1.70891685862716,0.348875578252509,2.63094281106516,-39.4360843977075,-0.598003992923912,-0.0873501688924015
16.55,100.176113171803,94,-29.4421331409179,-40.5709748805373,-1.71859661345776,0.348875578252509,2.60774874724855,-40.1187727174591,-0.59372905343219,-0.0879329248498885
16.5666666666667,99.9545538446873,94,-29.4421331409179,-41.1963702647278,-1.72136876705588,0.348875578252509,2.58473413453812,-40.7622693749759,-0.585083517616635,-0.0882773892770641
16.5833333333333,99.7500964291966,94,-29.4421331409179,-41.7622698007298,-1.73390550709534,0.348875578252509,2.56405507216123,-41.3943897063755,-0.58793420462593,-0.0885859368604987
16.6,99.563766876967,94,-29.4421331409179,-42.272364921759,-1.74129222457982,0.348875578252509,2.54355552799733,-42.0035081686165,-0.587433902111243,-0.0887184212275247
16.6166666666667,99.3963478161575,94,-29.4421331409179,-42.7302201564447,-1.74084264641698,0.348875578252509,2.52323510270068,-42.5742859726058,-0.581734591185309,-0.0885944662407849
16.6333333333333,99.2483979055764,94,-29.4421331409179,-43.1392693673075,-1.73138120977834,0.348875578252509,2.50309336291259,-43.0971279523018,-0.569982310974819,-0.0881854007944613
16.65,99.1202807063291,94,-29.4421331409179,-43.502813044112,-1.71278352087203,0.348875578252509,2.48312984246567,-43.5667443951272,-0.552022592035017,-0.0874975897902567
16.6666666666667,99.012195695594,93,-30.4421331409179,-43.8240165504817,-1.68562722951534,0.348875578252509,2.46334404355795,-43.9810213266895,-0.528175368553714,-0.0865599127901726
16.6833333333333,98.92420767611,93,-30.4421331409179,-44.1996500070985,-1.65092996823571,0.348875578252509,2.44373543789773,-44.3401385142685,-0.499064872784503,-0.0854144926212403
16.7,98.8562729029551,93,-30.4421331409179,-44.5330331024356,-1.61750016869641,0.348875578252509,2.42430346781956,-44.6818570022324,-0.47055232088194,-0.08435331669533
16.7166666666667,98.8082613901678,93,-30.4421331409179,-44.82712527757,-1.58339262608849,0.348875578252509,2.40504754737219,-44.9971541758396,-0.44136252693113,-0.0833109879869138
16.7333333333333,98.7799754573357,93,-30.4421331409179,-45.0847573458865,-1.54761032987106,0.0674437789126254,2.38596706337897,-45.2805589653077,-0.410839089623089,-0.0822550357478846
16.75,98.7711648791877,93,-30.4421331409179,-45.3184152632289,-1.48692674767026,0.0674437789126254,2.36237105250232,-45.5180845807554,-0.353126324213768,-0.0811880379897445
16.7666666666667,98.7815396145503,93,-30.4421331409179,-45.5392764856662,-1.42687359972637,0.0674437789126254,2.33895039693243,-45.7075864800948,-0.295814811537677,-0.0801924251041056
16.7833333333333,98.8107816497605,94,-29.4421331409179,-45.7476456565062,-1.370336090919,0.0674437789126254,2.31570559442502,-45.862933512148,-0.240864960686515,-0.0793590535111847
16.8,98.8585542872656,94,-29.4421331409179,-45.8501150923582,-1.31912402181678,0.0674437789126254,2.29263708080258,-45.9943939396015,-0.189538423355247,-0.0787407729297868
16.8166666666667,98.9245084633229,94,-29.4421331409179,-45.9466151009915,-1.26670848536471,0.0674437789126254,2.26974523182696,-46.0734824780413,-0.137517009328172,-0.0781194835291751
16.8333333333333,99.0082874129424,94,-29.4421331409179,-46.0373200110052,-1.21684415913967,0.0674437789126254,2.2470303650275,-46.1174490828627,-0.087322299363617,-0.07761662727982
16.85,99.1095301206702,94,-29.4421331409179,-46.1224137528298,-1.17193641522882,0.0674437789126254,2.22449274148587,-46.139056924769,-0.0406016718062256,-0.077305721829169
16.8666666666667,99.2278738378785,94,-29.4421331409179,-46.2020879044297,-1.13338939046124,0.0674437789126254,2.20213256757826,-46.1475891416335,0.00165121842772248,-0.0772252824640629
16.8833333333333,99.3629558873897,94,-29.4421331409179,-46.2765399122602,-1.10187709496385,0.0674437789126254,2.17994999667614,-46.1496501266352,0.0389239767595969,-0.0773888099901984
16.9,99.5144149290395,94,-29.4421331409179,-46.3459714771575,-1.07755308396666,0.0674437789126254,2.15794513080624,-46.1498006604105,0.0710514412225006,-0.0777924471295247
16.9166666666667,99.681891822405,94,-29.4421331409179,-46.4105870951533,-1.06021127314511,0.0674437789126254,2.13611802227071,-46.1510590165906,0.0981123117178034,-0.0784207902386574
16.9333333333333,99.8650301932882,94,-29.4421331409179,-46.47059274353,-1.049408067406,0.0674437789126254,2.11446867522838,-46.1552942575846,0.120350135172461,-0.0792512485729534
16.95,100.063476787062,94,-29.4421331409179,-46.5261947027717,-1.04455400316473,0.0674437789126254,2.09299704723779,-46.1635330736073,0.138113554663164,-0.0802572662097976
16.9666666666667,100.276881673378,95,-28.4421331409179,-46.5775985054147,-1.04498149711343,0.0674437789126254,2.07170305076296,-46.1761975219634,0.151811718615036,-0.0814106589941382
16.9833333333333,100.504898352009,95,-28.4421331409179,-46.5312672245906,-1.04999398586602,0.0674437789126254,2.0505865546427,-46.193287745198,0.161881552126626,-0.082683267909345
17,100.747183797938,95,-28.4421331409179,-46.4869757139315,-1.05135607372708,0.0674437789126254,2.02964738552408,-46.1785498203542,0.173823751630689,-0.0838047266830478
17.0166666666667,101.00339847462,95,-28.4421331409179,-46.4447202611869,-1.05172110239419,0.0674437789126254,2.00888532926107,-46.1434197973639,0.185905936616861,-0.0848656587089768
17.0333333333333,101.273206337023,96,-27.4421331409179,-46.4044875096758,-1.05284523422677,0.0674437789126254,1.9883001322789,-46.0963661897385,0.196973467314965,-0.0859245157783321
17.05,101.556274840363,96,-27.4421331409179,-46.2725147967916,-1.05581594232924,0.0674437789126254,1.967891502905,-46.0435498537349,0.206304967365577,-0.0870160826707829
17.0666666666667,101.852274965855,96,-27.4421331409179,-46.1483462542351,-1.05368567713709,0.0674437789126254,1.94765911266722,-45.9533788610462,0.218558656702045,-0.0879147025497589
17.0833333333333,102.160881271287,97,-26.4421331409179,-46.0317441438117,-1.05001385215966,0.0674437789126254,1.92760259755998,-45.8407657032837,0.23140381541554,-0.0887418033985458
17.1,102.481771971347,97,-26.4421331409179,-45.8287185154669,-1.04717176006866,0.0674437789126254,1.90772155927919,-45.7167225270532,0.24327450886516,-0.0895761550159359
17.1166666666667,102.81462905049,97,-26.4421331409179,-45.638584746021,-1.03909822931144,0.0674437789126254,1.88801556642641,-45.5532531705396,0.258239344674097,-0.0902216956531756
17.1333333333333,103.159138409348,98,-25.4421331409179,-45.460876163929,-1.02993814619124,0.0674437789126254,1.86848415568314,-45.367881827866,0.273572136498668,-0.0908186785235485
17.15,103.514990044378,98,-25.4421331409179,-45.201374856675,-1.02242337751042,0.0674437789126254,1.84912683295572,-45.1734661764406,0.287457582538589,-0.0914567604828777
17.1666666666667,103.881878259404,98,-25.4421331409179,-44.9591702288063,-1.01068792359705,0.348875578252509,1.82994307449159,-44.9432637175123,0.303823258045403,-0.0919450289299313
17.1833333333333,104.259501888914,99,-24.4421331409179,-44.7237888024781,-1.02184312275718,0.348875578252509,1.81562265193654,-44.7067626711053,0.294246610500849,-0.092412284595393
17.2,104.647564108401,99,-24.4421331409179,-44.3921901302761,-1.03318872974594,0.348875578252509,1.80147343871402,-44.4785389856573,0.284423440249125,-0.0928687946354331
17.2166666666667,105.045771391413,100,-23.4421331409179,-44.0653915830903,-1.03629708107695,0.348875578252509,1.78749364200276,-44.2186870412133,0.280011427117345,-0.0930429381317809
17.2333333333333,105.453832610382,100,-23.4421331409179,-43.6507421416764,-1.03402717331265,0.348875578252509,1.77368148219959,-43.9367433713603,0.279167726346998,-0.0930370104849579
17.25,105.871458636254,101,-22.4421331409179,-43.2487572285504,-1.02104381769719,0.348875578252509,1.76003519296062,-43.6045474650246,0.28551682898666,-0.0926853828249637
17.2666666666667,106.29836229994,101,-22.4421331409179,-42.7662997684005,-1.00234009415114,0.348875578252509,1.74655302123773,-43.2403504442952,0.295797484365909,-0.0921616460008746
17.2833333333333,106.734258607145,102,-21.4421331409179,-42.3034156868251,-0.975203945693995,0.373671632558515,1.73348031563383,-42.8227665365851,0.311326234003855,-0.0913451921182991
17.3,107.178865129493,102,-21.4421331409179,-41.7656534707239,-0.946494237173281,0.402381341079229,1.72103670752217,-42.3761527117897,0.327098981233903,-0.0904320671122055
17.3166666666667,107.631902512334,103,-20.4421331409179,-41.2508680032932,-0.912731001218301,0.436144577034209,1.70927906185583,-41.8827997366121,0.345357124549289,-0.0893035086702585
17.3333333333333,108.093094984688,103,-20.4421331409179,-40.6631899271789,-0.879576877973437,0.469298700279073,1.69823863666605,-41.3674960563744,0.362298819016463,-0.0881439451852972
17.35,108.562170696657,104,-19.4421331409179,-40.1000399448685,-0.842990911280421,0.505884666972088,1.68793960391399,-40.8117694877112,0.380597567753043,-0.0868192687647791
17.3666666666667,109.038861949491,104,-19.4421331409179,-39.4653667288438,-0.808148714005902,0.540726864246608,1.6783901700001,-40.2394453851369,0.396815980858213,-0.0854999976576855
17.3833333333333,109.522905451292,105,-18.4421331409179,-38.8565175272447,-0.770620329450555,0.578255248801954,1.66959874497606,-39.6311091755435,0.413913284751354,-0.0840406387983585
17.4,110.014042476175,106,-17.4421331409179,-38.1774342692935,-0.735289141820854,0.613586436431656,1.66156343130609,-39.0097582704745,0.428663055073945,-0.082602971004608
17.4166666666667,110.512018898971,106,-17.4421331409179,-37.4317525637227,-0.697518365694029,0.65135721255848,1.65428667310101,-38.3553034190457,0.444171159852062,-0.0810351817076702
17.4333333333333,111.016585216012,107,-16.4421331409179,-36.7167723101833,-0.65483144928194,0.694044128970569,1.64782901358203,-37.6543657581977,0.462005921481014,-0.0792512991498519
17.45,111.527496654494,108,-15.4421331409179,-35.9361472049862,-0.613450127744729,0.73542545050778,1.64221346863005,-36.9347118319374,0.478008163722795,-0.0774549319224196
17.4666666666667,112.04451322597,108,-15.4421331409179,-35.0931253930379,-0.569587558118524,0.779288020133986,1.63744935008994,-36.1797977279472,0.494707937207581,-0.075521693420632
17.4833333333333,112.56739967747,109,-14.4421331409179,-34.2846085670295,-0.521252660908486,0.827622917344023,1.63359309868254,-35.378724059598,0.513359290669598,-0.073382040612605
17.5,113.095925370045,110,-13.4421331409179,-33.413890834656,-0.474896933902432,0.873978644350078,1.6306577916301,-34.560875180069,0.529668679462626,-0.0712481098534836
17.5166666666667,113.629864109617,110,-13.4421331409179,-32.4839216869795,-0.426795950627757,1.34887557825251,1.62864045989982,-33.7106705852188,0.546146668382333,-0.0689987243176206
17.5333333333333,114.168993987707,111,-12.4421331409179,-31.576532857664,-0.406901673533413,1.34887557825251,1.6341408410455,-32.8336190064602,0.528276690232967,-0.066546115874561
17.55,114.713096688301,112,-11.4421331409179,-30.5836029630275,-0.381813758863816,1.34887557825251,1.63975869217231,-31.9581365339148,0.514988300987466,-0.0639908858995762
17.5666666666667,115.261955511044,113,-10.4421331409179,-29.5145090204765,-0.344580178240586,1.34887557825251,1.64548877700015,-31.0470939791262,0.510952440272177,-0.0611133587144705
17.5833333333333,115.815353677952,113,-10.4421331409179,-28.3779819570211,-0.291950246777297,1.34887557825251,1.65132599786127,-30.0773838998666,0.518412574911211,-0.0578212491433905
17.6,116.373073469273,114,-9.44213314091789,-27.2758747134179,-0.223227438205838,1.34887557825251,1.65726539258693,-29.0362851853756,0.53792033824316,-0.0541081181472973
17.6166666666667,116.934895938524,115,-8.44213314091789,-26.116134582643,-0.14694889360867,1.34887557825251,1.66330213145844,-27.9545991217385,0.563833866480772,-0.0502657511271603
17.6333333333333,117.50060101218,116,-7.44213314091789,-24.9059201689289,-0.0618376972714424,1.34887557825251,1.6694315142214,-26.8206145416954,0.597016155680739,-0.0462589388405364
17.65,118.069967837408,116,-7.44213314091789,-23.651858978158,0.0318672980867591,1.34887557825251,1.67564896716191,-25.6291569725574,0.637321678280354,-0.0421026871596177
17.6666666666667,118.642775280361,117,-6.44213314091789,-22.4538133705322,0.132968859816493,1.34887557825251,1.68195004024338,-24.3797033896222,0.683957259841853,-0.0378424300115968
17.6833333333333,119.218802504828,118,-5.44213314091789,-21.2178504251333,0.23217610876087,1.34887557825251,1.68833040430292,-23.1109046322857,0.730689511344035,-0.0337830798168151
17.7,119.797829580725,118,-5.44213314091789,-19.9493561499604,0.33080302535909,1.34887557825251,1.69478584830606,-21.8156434239184,0.778319134817955,-0.0298764590751252
17.7166666666667,120.379638086352,119,-4.44213314091789,-18.7470308703506,0.429173719645667,1.34887557825251,1.70131227665858,-20.4909403102423,0.826996567165394,-0.0261079961979252
17.7333333333333,120.964011679131,120,-3.44213314091789,-17.5158561681302,0.519436706741586,1.34887557825251,1.70790570657447,-19.1727071225662,0.871394330828485,-0.022727310463413
17.75,121.550736617708,120,-3.44213314091789,-16.2602061073302,0.604231575207402,1.34887557825251,1.71456226549877,-17.8509749340588,0.913158379771254,-0.0196365207735275
17.7666666666667,122.139602224441,121,-2.44213314091789,-15.07783960052,0.685076311014724,1.34887557825251,1.72127818858425,-16.5199222893253,0.953209911241281,-0.0167773371206884
17.7833333333333,122.730401282004,121,-2.44213314091789,-13.8728643071416,0.755173814698988,1.34887557825251,1.72804981622089,-15.2127140867408,0.986910655644653,-0.0143616962661773
17.8,123.322930361768,122,-1.44213314091789,-12.7425855952865,0.794115347193003,1.34887557825251,1.73974520059554,-13.9258868626214,0.989736919624432,-0.012254154328481
17.8166666666667,123.9169895488,122,-1.44213314091789,-11.5907000376577,0.78662809567528,1.34887557825251,1.75879447256859,-12.71342902742,0.946227452420062,-0.0105364147352608
17.8333333333333,124.512371698779,122,-1.44213314091789,-10.5141417748123,0.800889772081071,2.14976535033358,1.77299730010584,-11.54203035482,0.928965659326399,-0.00893626476858402
17.85,125.108847986308,123,-0.442133140917889,-9.48217206727288,0.804873368984972,2.15374894723748,1.78830142475666,-10.4371408346813,0.903357459922291,-0.00753120972433801
17.8666666666667,125.70616833737,123,-0.442133140917889,-8.37349082377186,0.791662059499376,1.34887557825251,1.80635124608961,-9.38167754164339,0.860960648948774,-0.00627995789049167
17.8833333333333,126.304061626289,123,-0.442133140917889,-7.31866794926604,0.795825351483231,1.34887557825251,1.82222464828287,-8.33053799417705,0.835805349915183,-0.00484370267865314
17.9,126.902236715915,123,-0.442133140917889,-6.34483153015747,0.802236067948159,2.15111164620067,1.83818583515087,-7.30410090624131,0.812808192778808,-0.00335427631278565
17.9166666666667,127.500386734719,124,0.557866859082111,-5.4200722457637,0.797312391703817,1.34887557825251,1.856030992885,-6.31631054927264,0.778835451603701,-0.00196785576906218
17.9333333333333,128.098192417733,124,0.557866859082111,-4.45005266656824,0.796618134878081,1.34887557825251,1.87244505672576,-5.37368688691622,0.751628314344249,-0.000704993859262203
17.95,128.695329018198,124,0.557866859082111,-3.56108824498563,0.797497807988494,1.34887557825251,1.889402606836,-4.44361414204883,0.724992444812697,0.000667819204528988
17.9666666666667,129.291693842943,125,1.55786685908211,-2.74873229717183,0.799019197745403,2.14789477599791,1.90598050894393,-3.54868223588709,0.700349460742663,0.00196974646301503
17.9833333333333,129.887442370931,125,1.55786685908211,-1.88712671938926,0.777612829402237,2.12648840765475,1.92628155306054,-2.71336105896957,0.652847142404376,0.0030994317039033
18,130.482674300074,125,1.55786685908211,-1.04794007233029,0.762376349898617,2.11125192815113,1.94626543757297,-1.90462048499027,0.610938274882252,0.00436250982166168
18.0166666666667,131.077420532984,125,1.55786685908211,-0.234139587486156,0.753083526470264,2.10195910472277,1.96602892394338,-1.11658479700784,0.574262156515318,0.00576215087636906
18.0333333333333,131.67165119527,126,2.55786685908211,0.552175866149243,0.748858656437609,2.09773423469012,1.98565928124267,-0.347037816985283,0.542047639603066,0.00727905552168366
18.05,132.265283078542,126,2.55786685908211,1.40339402215741,0.74857014019272,2.09744571844523,2.00522691623932,0.403995819536063,0.513387071023021,0.00888376964111394
18.0666666666667,132.858186372852,126,2.55786685908211,2.21918996781257,0.758299115685395,2.1071746939379,2.02484885021356,1.17114880179113,0.492102145953481,0.0107880846445479
18.0833333333333,133.450190655431,127,3.55786685908211,2.99972623724287,0.773311228298431,2.12218680655094,2.04464608456237,1.94033421217439,0.474811166577356,0.0128480944437609
18.1,134.041090212737,127,3.55786685908211,3.83959201777187,0.790325392084032,2.13920097033654,2.06467341061714,2.7003376519188,0.459218713529389,0.0149615034298895
18.1166666666667,134.630648771024,127,3.55786685908211,4.64039160672143,0.814455316770746,2.16333089502325,2.08500680710255,3.47866872883773,0.448587650701653,0.0173039267723203
18.1333333333333,135.218603628934,128,4.55786685908211,5.4038568019398,0.840759355488225,2.18963493374073,2.1057168344726,4.25715611344297,0.439497132548593,0.0197195506516568
18.15,135.804669168747,128,4.55786685908211,6.22577698223271,0.866192077275913,2.21506765552842,2.12680834063652,5.02263545814866,0.429903936271248,0.0221089066338898
18.1666666666667,136.388539906508,128,4.55786685908211,7.00862290034506,0.896321526636616,2.24519710488913,2.14831327110908,5.80206496062507,0.423456069454377,0.0246582738176806
18.1833333333333,136.969893110461,129,5.55786685908211,7.75471510256292,0.926730936236862,2.27560651448937,2.17026639978489,6.57755878956333,0.417148535858308,0.0272256595395532
18.2,137.548391109051,129,5.55786685908211,8.56021530560665,0.954880609955328,2.30375618820784,2.19264541233755,7.33667175002247,0.409324760192348,0.0297256374630161
18.2166666666667,138.123683211152,130,6.55786685908211,9.32780764381608,0.986777707768995,2.3356532860215,2.21546296935682,8.10724368496606,0.403960307339514,0.0323571014108428
18.2333333333333,138.6954073316,130,6.55786685908211,10.1536568671016,1.01835906466842,2.36723464292093,2.23874115073303,8.87226471693971,0.398308656053636,0.0349884918307283
18.25,139.263191497291,131,7.55786685908211,10.9406428053135,1.05457486558193,2.40345044383444,2.26251565561685,9.65592629176774,0.395604310435796,0.0377859157859021
18.2666666666667,139.826655195592,131,7.55786685908211,11.7852072524495,1.09067948902102,2.43955506727353,2.28681724134593,10.4384758353755,0.392634420185705,0.0405960189789109
18.2833333333333,140.385410633257,132,8.55786685908211,12.5905179755278,1.13122299281469,2.4800985710672,2.31168137431435,11.2421620211753,0.392370569895324,0.0435715907539954
18.3,140.939063781249,132,8.55786685908211,13.4532755153958,1.1712598275581,2.52013540581061,2.33713366474538,12.045942704789,0.391478515889488,0.0465521100247999
18.3166666666667,141.487215188502,133,9.55786685908211,14.2768583334386,1.2152728202261,2.56414839847861,2.36320226794271,12.8712770341775,0.392900141959457,0.0496873854126379
18.3333333333333,142.029460706673,133,9.55786685908211,15.1581245690754,1.25832992477624,2.60720550302875,2.38990507735401,13.6966935818223,0.393325525815055,0.0528165529436705
18.35,142.565392259772,134,10.5578668590821,16.0005603435163,1.30497057046758,2.65384614872009,2.41726314162535,14.5434654735188,0.395748107479712,0.0560905692241821
18.3666666666667,143.094598503995,134,10.5578668590821,16.9010888627146,1.35033685306884,2.69921243132135,2.44528835094327,15.3900870743755,0.396918942263538,0.0593504106474405
18.3833333333333,143.616665333508,135,11.5578668590821,17.763227574156,1.39904382166497,2.74791939991747,2.4739970041357,16.2578818876518,0.399890983325156,0.0627490488916449
18.4,144.131176275811,136,12.5578668590821,18.6839059814926,1.44630163238693,2.79517721063944,2.50339743884222,17.1254328240736,0.401467480384613,0.0661293448539436
18.4166666666667,144.637712810887,136,12.5578668590821,19.6603712538588,1.49678167862323,2.84565725687574,2.53350343473772,18.0141603177935,0.4047438358548,0.0696458700096562
18.4333333333333,145.135854639193,137,13.5578668590821,20.5962164540245,1.55296054313838,2.90183612139089,2.5643871976428,18.9385943487297,0.411255315400819,0.0733862053231467
18.45,145.625179917128,138,14.5578668590821,21.5886867114733,1.60859904798873,2.95747462624124,2.59608330293687,19.8719950109634,0.416799196271365,0.0771477265271391
18.4666666666667,146.105265473887,138,14.5578668590821,22.6354328899216,1.66746033099266,3.01633590924516,2.62861232259162,20.8318502711926,0.423859255091735,0.0810555324250991
18.4833333333333,146.575687020135,139,15.5578668590821,23.6404466047365,1.73151222632774,3.08038780458024,2.66204160950766,21.8299505969942,0.433645053820099,0.085179824758694
18.5,147.036019352724,140,16.5578668590821,24.7013159414378,1.7942839548474,3.14315953309991,2.69639484042058,22.837769213324,0.441822577133558,0.089309192708011
18.5166666666667,147.485836478145,140,16.5578668590821,25.815957871696,1.85948596980367,3.20836154805618,2.73167940783795,23.8717223462264,0.450866662080253,0.0935656581151701
18.5333333333333,147.924711570925,141,17.5578668590821,26.8885505043927,1.92913829022562,3.27801386847813,2.76794953963419,24.943034098166,0.462046935023452,0.0980198320417525
18.55,148.35221696118,142,18.5578668590821,28.0167965558306,1.99687468799958,3.34575026625209,2.80521712926204,26.022945449907,0.47112133259714,0.102462586148352
18.5666666666667,148.767924142219,142,18.5578668590821,29.1986684688279,2.06652773663866,3.41540331489117,2.84347969374076,27.1278434328647,0.480664486314943,0.107019000211835
18.5833333333333,149.171403687191,143,19.5578668590821,30.3383546933159,2.14023597754341,3.48911155579592,2.88278359827726,28.2690316110341,0.492039495129955,0.111762827091391
18.6,149.562225248439,144,20.5578668590821,31.5335363613281,2.21173681138412,3.56061238963663,2.9231347252297,29.4178753796009,0.501084307855013,0.116487773368782
18.6166666666667,149.939957615056,144,20.5578668590821,32.7821436872612,2.28494695492711,3.63382253317962,2.96452614162543,30.5908914249384,0.510437641156344,0.121321265567879
18.6333333333333,150.304168702505,145,21.5578668590821,33.9883112103257,2.36206922775064,3.71094480600315,3.00700099411,31.7994961321835,0.521511140277165,0.126338869604265
18.65,150.654425560111,146,22.5578668590821,35.2496611488769,2.43688743407501,3.78576301232752,3.05056286311893,33.0151409874505,0.530177684639503,0.131335605975426
18.6666666666667,150.990294357551,146,22.5578668590821,36.564064469398,2.51334989980455,3.86222547805706,3.0952031587259,34.2543999558001,0.539099864958721,0.13643979095416
18.6833333333333,151.311340424292,147,23.5578668590821,37.8355991589605,2.59367960114872,3.94255517940123,3.14096379788292,35.5287203455449,0.549704771786067,0.14172754505586
18.7,151.617128292065,147,23.5578668590821,39.1618353570374,2.67167216336447,4.02054774161698,3.18784739486509,36.8095628935164,0.557874676469565,0.146994195154879
18.7166666666667,151.907221806744,147,23.5578668590821,40.4468565223692,2.75128204551041,4.10015762376292,3.2358445414115,38.113494527813,0.566277481515456,0.1523681918226
18.7333333333333,152.181184254107,148,24.5578668590821,41.694273037211,2.82751196657134,4.17638754482385,3.28493084849591,39.4160853484967,0.571643466432024,0.157682221002373
18.75,152.438578558281,148,24.5578668590821,43.0011665102083,2.89787760082521,4.24675317907772,3.33502078605744,40.7011431910639,0.572478181746932,0.162846238562038
18.7666666666667,152.678967413875,148,24.5578668590821,44.2707886835702,2.96878765254375,4.31766323079626,3.38606780875196,41.9946715661429,0.573139514668332,0.168066418366283
18.7833333333333,152.901913408009,148,24.5578668590821,45.5058303176716,3.03672836346258,4.38560394171509,3.4380428265611,43.2790367437036,0.571344886339602,0.173224202367552
18.8,153.106979358257,148,24.5578668590821,46.7087751525412,3.09999849767285,4.44887407592536,3.49087419720524,44.5426427371319,0.566089143564892,0.178256921110702
18.8166666666667,153.293728799759,148,24.5578668590821,47.8817297416474,3.22618021888015,3.60720173146861,3.53055179136392,45.8089273632605,0.633397209137429,0.183108561509493
18.8333333333333,153.461726530392,148,24.5578668590821,48.9950982809467,3.34645964276374,3.69139732818713,3.57005327681462,47.0979553509928,0.698031331087932,0.187615084730273
18.85,153.610540867519,148,24.5578668590821,50.0237443178537,3.44816834753607,3.76259342152776,3.61060220948998,48.369969776747,0.748717281141445,0.191576381588616
18.8666666666667,153.739749141854,148,24.5578668590821,50.9772071491241,3.52702792301274,3.81779512436143,3.65195064252126,49.58818245045,0.783004364445151,0.194835866516679
18.8833333333333,153.848942712524,148,24.5578668590821,51.8633525544862,3.58255718404546,3.85666560708433,3.69382434272101,50.7316366861542,0.801000464683137,0.197360638051305
18.9,153.937730356332,148,24.5578668590821,52.6884012493628,3.61651972833522,3.88043938808716,3.73595762473383,51.7904969111036,0.804286099510842,0.199192491783113
18.9166666666667,154.005740531672,148,24.5578668590821,53.4571087640864,3.63182008962846,3.89114964099243,3.77811278880404,52.7623070920258,0.795151151130883,0.200412737420618
18.9333333333333,154.052622837414,148,24.5578668590821,54.1730149721827,3.63176135823514,3.89110852901711,3.82008887455198,53.649156305569,0.776088737179614,0.201118252165223
18.95,154.078048975133,148,24.5578668590821,54.8387096986008,3.61958029048986,3.88258178159541,3.86172344247758,54.4556310355802,0.749484436508619,0.201406240808229
18.9666666666667,154.081713548616,148,24.5578668590821,55.4560820875018,3.59818560416624,3.86760550116888,3.90289017158964,55.187411253278,0.717447026950708,0.201365431800395
18.9833333333333,154.06333479784,148,24.5578668590821,56.0265366635824,3.57003768136466,3.84790195520777,3.94349426920149,55.850367759306,0.681736503800424,0.201071800100708
19,154.022655342114,148,24.5578668590821,56.5511693976175,3.53712089166431,3.82486020241753,3.98346704612329,56.4500318556408,0.643754819885908,0.200587294419492
19.0166666666667,153.959443017156,149,25.5578668590821,57.0309036851943,3.50097179178909,3.79955583250487,4.0227605139113,56.9913283079221,0.604573589453846,0.199960411592689
19.0333333333333,153.873491690619,149,25.5578668590821,57.5603307324,3.46273682845141,3.77279135816849,4.06134249490866,57.4784842159585,0.564980474269493,0.199227779279603
19.05,153.764622074962,150,26.5578668590821,58.0407232868308,3.43055904344458,3.75026690866372,4.09923875748363,57.9509392578251,0.530337409475804,0.198659599950964
19.0666666666667,153.632682451167,151,27.5578668590821,58.5670881902354,3.40140553862827,3.7298594552923,4.136500192226,58.3994049990599,0.49852737907354,0.198159882638841
19.0833333333333,153.477549340408,152,28.5578668590821,59.1351765551524,3.38053805730125,3.71525221836338,4.17319473833528,58.8528778378544,0.472935240241998,0.197906395238855
19.1,153.299127974076,153,29.5578668590821,59.7412713910232,3.37037611272129,3.70813885715741,4.20943428979446,59.3302598455266,0.454990955411682,0.197985904429855
19.1166666666667,153.097352607485,154,30.5578668590821,60.3823340369499,3.37146832422617,3.70890340521083,4.24534743349446,59.8429052401356,0.44485812201763,0.198424467004675
19.1333333333333,152.872186812396,155,31.5578668590821,61.0560170600395,3.38322657705366,3.71713418219007,4.28106209053178,60.3967841021983,0.441948970266518,0.199210538798508
19.15,152.623623592707,156,32.5578668590821,61.7605994531888,3.40445498475403,3.73199406758033,4.31669548183323,60.9942236034241,0.445291294202154,0.200311787827428
19.1666666666667,152.35168527957,156,32.5578668590821,62.4948835381498,3.43371126739396,3.75247346542828,4.35234924865554,61.6352434488384,0.453775832121308,0.201686711270569
19.1833333333333,152.056423173654,157,33.5578668590821,63.1643390574006,3.46953787908881,3.77755209361467,4.38810799719621,62.318533138743,0.466311697903716,0.203292175545548
19.2,151.737916886733,158,34.5578668590821,63.8680473136781,3.50327912618319,3.80117096658074,4.42399367286262,63.0062397795544,0.477108928754833,0.204844475227
19.2166666666667,151.396273524296,159,35.5578668590821,64.6053357085126,3.53738953561601,3.82504825318372,4.45999685861884,63.7084330371467,0.487824188545507,0.206423487867113
19.2333333333333,151.031626714401,160,36.5578668590821,65.3753977927366,3.57336471116071,3.85023087606501,4.49613087044948,64.4323593727881,0.499441411004257,0.208078909841
19.25,150.644135586131,160,36.5578668590821,66.1774075582064,3.67761129696021,3.0038006618846,4.51900812832665,65.2121959680609,0.585894202948602,0.209808161835766
19.2666666666667,150.233983734812,161,37.5578668590821,66.886474804878,3.784803320099,3.05203707229706,4.54107339354158,66.0743936228438,0.67555164882227,0.211465363692059
19.2833333333333,149.801379675442,161,37.5578668590821,67.5754204435948,3.87460111899068,3.09244608179831,4.56360362511905,66.94832232832,0.751956935221932,0.212600590167526
19.3,149.346560106049,162,38.5578668590821,68.1572135387928,3.94509117968355,3.12416660911011,4.5864627048962,67.8112789891434,0.814016753745813,0.213149616750528
19.3166666666667,148.869792543675,162,38.5578668590821,68.7369000033964,3.98933190679255,3.14407493630915,4.60947955275633,68.6150443472955,0.857324395378153,0.212882711721948
19.3333333333333,148.371376268177,162,38.5578668590821,69.2247417274759,4.01266900671127,3.15457663127258,4.63248038884093,69.3666339704921,0.88565797807882,0.211974259836544
19.35,147.851642172438,162,38.5578668590821,69.6293936140706,4.01265009304698,3.15456812012365,4.65530009752973,70.0389856463811,0.897590068690489,0.210342142425397
19.3666666666667,147.310951814341,163,39.5578668590821,69.9582876694878,3.98970435344003,3.14424253730052,4.67776671869379,70.6175919094043,0.893617849854726,0.207998975242803
19.3833333333333,146.749696047249,163,39.5578668590821,70.3114389925194,3.94597178937017,3.12456288346909,4.69971848271513,71.0967470042131,0.875364985929074,0.205013647218003
19.4,146.168293433587,163,39.5578668590821,70.5945260673462,3.89186578058109,3.100215179514,4.7210433312141,71.5125440508761,0.849910344101954,0.20172729373762
19.4166666666667,145.567188592581,163,39.5578668590821,70.812262048761,3.82720125861441,3.07111614462899,4.74166490122142,71.8567173267068,0.817233666723443,0.198132536394165
19.4333333333333,144.946850616839,162,38.5578668590821,70.968842585678,3.75281828111035,3.03764380475217,4.76150969142615,72.1259583785472,0.777993287618052,0.19425572581507
19.45,144.307771491103,162,38.5578668590821,70.9742510038155,3.67012050601948,3.00042980596128,4.78051293935985,72.3203563173872,0.733212454543413,0.190141778772211
19.4666666666667,143.650464559905,162,38.5578668590821,70.9313813934125,3.5733563990348,2.95688595781817,4.79859162326823,72.4062844287392,0.679167249964947,0.185600216419389
19.4833333333333,142.975463145508,161,37.5578668590821,70.8429084088697,3.46770959640776,2.909344896636,4.81566378832023,72.3994755669364,0.619415035793314,0.180800245771332
19.5,142.283329681255,160,36.5578668590821,70.6173419655517,3.35717891603646,2.85960609046892,4.8316819407123,72.3134801223066,0.556685861106449,0.1758722016734
19.5166666666667,141.574660408483,160,36.5578668590821,70.2625197250969,3.23735515812825,2.80568539941022,4.84659486400281,72.1237634144156,0.488112729262222,0.170669861878764
19.5333333333333,140.850063702198,159,35.5578668590821,69.8795825807859,3.10650793029671,2.74680414688603,4.86032912294729,71.8159215345736,0.412636031237243,0.16513506364395
19.55,140.110157946258,158,34.5578668590821,69.3758351777797,2.97207096603208,2.68630751296695,4.87283554486103,71.418985360633,0.335273022152848,0.159511145278618
19.5666666666667,139.355571273409,157,33.5578668590821,68.7579478848401,2.83165398634974,2.62311987210989,4.88408143079206,70.9193208704659,0.254479084305787,0.153718369479297
19.5833333333333,138.586941160851,156,32.5578668590821,68.032278079774,2.68453561541613,2.55691660518977,4.89402301882772,70.3098491941634,0.169832537285309,0.14773187728005
19.6,137.804913971484,155,31.5578668590821,67.2048244591933,2.5310727650008,2.48785832250287,4.90261568315845,69.5883054604697,0.0816301975400363,0.141562286856451
19.6166666666667,137.010144528712,153,29.5578668590821,66.281230898883,2.37226126623649,2.41639314805893,4.90982029120898,68.7558265222126,-0.00941210068692688,0.135241259324397
19.6333333333333,136.203295569513,152,28.5578668590821,65.1730776160516,2.20942119074016,2.34311511408558,4.91560675043508,67.8158437873214,-0.102372856702115,0.128811159705091
19.65,135.385037101347,151,27.5578668590821,63.9849812854431,2.03658375554775,2.265338268249,4.91992562101399,66.7373231642627,-0.201165096902234,0.122074567514068
19.6666666666667,134.556045773694,149,25.5578668590821,62.7214379404374,1.85865458055225,2.18527013950102,4.92272671786128,65.5381066125775,-0.30245861996741,0.115191753133155
19.6833333333333,133.71700419433,148,24.5578668590821,61.2928501878469,1.67934133404786,2.10457917857405,4.92399222883455,64.2335630810742,-0.403756591749526,0.108283684900291
19.7,132.868600228352,146,22.5578668590821,59.8027344833981,1.49395938385327,2.02115730098648,4.92369853921395,62.8008197744934,-0.508146099302163,0.101195292218381
19.7166666666667,132.011526227513,145,21.5578668590821,58.160877437901,1.31926740984916,1.7941283290766,4.91950966185556,61.2681258100135,-0.599300391176467,0.0940986714960646
19.7333333333333,131.146478312302,144,20.5578668590821,56.4651950914616,1.1385970090262,1.73315206879885,4.91389329669332,59.6212087637638,-0.693897087827727,0.0868453836434476
19.75,130.274155860626,142,18.5578668590821,54.7151172043169,0.955691021809386,1.67142129811318,4.90708599549009,57.8793627674758,-0.789962894115988,0.0795988888007151
19.7666666666667,129.395261221957,141,17.5578668590821,52.822370891337,0.773877921418932,1.6100593767314,4.89909223735087,56.0569846184491,-0.885247204670547,0.0724664536492309
19.7833333333333,128.510499228902,140,16.5578668590821,50.8916298600228,0.588274641601524,1.54741826979302,4.88991050822202,54.1309143927655,-0.982965783076136,0.0652856090096128
19.8,127.620576472568,138,14.5578668590821,48.9274211842448,0.404230462920513,1.48530335948818,4.87954279504492,52.1244211375076,-1.07952225138276,0.0582303154379012
19.8166666666667,126.726200304051,137,13.5578668590821,46.840177057391,0.225498713053945,1.42498139390822,4.86801657164527,50.0564647257958,-1.17240214835397,0.0514208248182146
19.8333333333333,125.828077605306,136,12.5578668590821,44.7334142294679,0.0471478936457154,1.36478799235794,4.85535426991028,47.9064134119614,-1.26487356538236,0.0446920732483249
19.85,124.926913486405,134,10.5578668590821,42.6106358372571,-0.122549138056466,1.22632644019604,4.84091680279498,45.6996188496053,-1.34993709481253,0.0382051744880245
19.8666666666667,124.023410043186,133,9.55786685908211,40.3785849952977,-0.275524624021303,1.07335095423121,4.82371997833708,43.4606534424716,-1.41996826482367,0.0320517315310971
19.8833333333333,123.118265082412,132,8.55786685908211,38.1341358844331,-0.419012823080623,0.929862755171886,4.80394184216017,41.1717258950142,-1.48016388894741,0.0260106672908735
19.9,122.212156329971,130,6.55786685908211,35.8746001790877,-0.551078372359384,0.797797205893126,4.78176827613926,38.8547416142146,-1.5296389458037,0.0201661125345231
19.9166666666667,121.305682804038,129,5.55786685908211,33.5046409267019,-0.671788801028056,0.677086777224454,4.7573997526898,36.5228654761364,-1.56885544131448,0.0145371283262558
19.9333333333333,120.399351485051,128,4.55786685908211,31.1232809348116,-0.7895356066849,0.55933997156761,4.73096028027405,34.1473983360674,-1.60367802438397,0.00886161630156517
19.95,119.493592330565,126,2.55786685908211,28.7304078625872,-0.902249477238144,0.446626101014365,4.70252818814522,31.744029271616,-1.63291928552303,0.00321717068261273
19.9666666666667,118.588771612629,125,1.55786685908211,26.2325149561375,-1.0093892870322,0.348875578252509,4.67224022054811,29.323287788062,-1.65652204050036,-0.00236129519599326
19.9833333333333,117.685203182649,124,0.557866859082111,23.7301338804065,-1.12479263950883,0.348875578252509,4.64146584288261,26.8532949087685,-1.68676448567668,-0.00810651452797145
20,116.783157911691,123,-0.442133140917889,21.2278823563679,-1.24689411413122,0.348875578252509,4.61065174860455,24.3442503126679,-1.7235698481133,-0.0138906309612609
20.0166666666667,115.883260696557,122,-1.44213314091789,18.7332494716898,-1.3723604456466,0.348875578252509,4.57980726640711,21.8059318780916,-1.7646724956199,-0.0196027119661815
20.0333333333333,114.989459323643,121,-2.44213314091789,16.25287047686,-1.49801772645178,0.348875578252509,4.54894143371504,19.2490979105376,-1.80788543914605,-0.0251409665079182
20.05,114.106170402906,120,-3.44213314091789,13.7925870963517,-1.62100646623885,0.348875578252509,4.51806300366471,16.6847117957057,-1.85120729176526,-0.0304174673710214
20.0666666666667,113.234595951668,118,-5.44213314091789,11.3575051829519,-1.73886650208962,0.348875578252509,4.48718045193427,14.1234087362109,-1.89288351689514,-0.0353604119475236
20.0833333333333,112.378684038925,117,-6.44213314091789,8.85830894170343,-1.84957652142972,0.348875578252509,4.45630198342743,11.5751339819468,-1.9314375872905,-0.0399148470237953
20.1,111.544257264958,116,-7.44213314091789,6.39836836096937,-1.95910375044924,0.348875578252509,4.42543553881359,9.01294583977978,-1.97073865235983,-0.0442856095800914
20.1166666666667,110.737258527074,115,-8.44213314091789,3.98069934953726,-2.06298216772051,0.348875578252509,4.39458880092735,6.45672968992883,-2.00771358687635,-0.0483337082702618
20.1333333333333,109.963764128588,115,-8.44213314091789,1.60778047983287,-2.15808096480753,0.348875578252509,4.36376920103002,3.9224111714596,-2.04015089153595,-0.0519683225977425
20.15,109.231548156185,114,-9.44213314091789,-0.624659902336993,-2.24234354277388,0.348875578252509,4.33298392493621,1.42256074922488,-2.06653878755984,-0.0551366866500364
20.1666666666667,108.555360473494,113,-10.4421331409179,-2.81465503569207,-2.30702317847964,0.348875578252509,4.30223991900795,-0.99711105932453,-2.08086859734546,-0.0575722916647754
20.1833333333333,107.968220137949,112,-11.4421331409179,-4.96086896878159,-2.35490281841513,0.348875578252509,4.27154389601922,-3.34114026279532,-2.08479960996111,-0.0593903578318088
20.2,107.525540568648,111,-12.4421331409179,-7.06232743891491,-2.3883404799231,0.348875578252509,4.2409023408934,-5.61318411824194,-2.07974034916833,-0.0606884789562279
20.2166666666667,107.277225039514,111,-12.4421331409179,-9.11838326023323,-2.40936169381913,0.348875578252509,4.21032151631628,-7.81628930867243,-2.06690531363999,-0.061550202891872
20.2333333333333,107.239233377299,110,-13.4421331409179,-11.0349430912718,-2.41972888953059,0.348875578252509,4.17980746822712,-9.95309077759729,-2.04735728113038,-0.062047744615437
20.25,107.4016103679,110,-13.4421331409179,-12.9114921269365,-2.41344894738691,0.348875578252509,4.14936603119026,-11.9899864309709,-2.01697931741764,-0.062000690356555
20.2666666666667,107.745720211426,109,-14.4421331409179,-14.6542353294741,-2.39521433057106,0.348875578252509,4.1190028336496,-13.941077190547,-1.97877745129612,-0.0615799670094723
20.2833333333333,108.249345367914,109,-14.4421331409179,-16.3628956014496,-2.36108657695181,0.348875578252509,4.08872330306857,-15.7815347745914,-1.93001664327247,-0.0606720939148692
20.3,108.89148825052,109,-14.4421331409179,-17.9438604478627,-2.31714129761293,0.348875578252509,4.05853267095773,-17.532094192289,-1.87465136370817,-0.0594908580195679
20.3166666666667,109.653180204901,109,-14.4421331409179,-19.4032444820358,-2.2603104720317,0.348875578252509,4.02843597779228,-19.1728604042212,-1.81056162116557,-0.0579475246104061
20.3333333333333,110.517165368581,109,-14.4421331409179,-20.7470959519721,-2.18961022760181,0.348875578252509,3.99843807782178,-20.6921881604247,-1.73700461232616,-0.0560238982400949
20.35,111.467600516103,110,-13.4421331409179,-21.9813741221864,-2.10548890513769,0.348875578252509,3.96854364377437,-22.0846208337966,-1.65419594420415,-0.0537487680757001
20.3666666666667,112.48977797496,110,-13.4421331409179,-23.0181887813075,-2.00933204829125,0.348875578252509,3.93875717145748,-23.3492669878541,-1.5629896550094,-0.0511802440796774
20.3833333333333,113.569873478111,111,-12.4421331409179,-23.962838276158,-1.89554669745866,0.348875578252509,3.9090829842572,-24.4525580039564,-1.45957704097107,-0.0481493514877452
20.4,114.694719387136,111,-12.4421331409179,-24.7269645554231,-1.76969143232908,0.348875578252509,3.87952523753854,-25.4110989879619,-1.34758719039227,-0.0448530522685991
20.4166666666667,115.851605098353,112,-11.4421331409179,-25.4153655064582,-1.62893260652767,0.0674437789126254,3.8500879229483,-26.2041999194277,-1.225074196296,-0.0412106282377753
20.4333333333333,117.028110022501,113,-10.4421331409179,-25.9489397467879,-1.45763807900672,0.0674437789126254,3.81608454865376,-26.8465725854575,-1.07120725500878,-0.0374824701199371
20.45,118.211979907719,114,-9.44213314091789,-26.3467993629352,-1.27931671036281,0.0674437789126254,3.7822103381387,-27.3227367545302,-0.912219756244795,-0.0336893748506323
20.4666666666667,119.391062666074,115,-8.44213314091789,-26.616925499186,-1.09653259964705,0.0674437789126254,3.74847000328272,-27.6402774730315,-0.749841115160982,-0.0299177182570166
20.4833333333333,120.553320915785,115,-8.44213314091789,-26.7670598681133,-0.908694276544383,0.440181301708127,3.71421790077398,-27.8078567647675,-0.582272432983127,-0.0262526295526388
20.5,121.686948873367,116,-7.44213314091789,-26.8854755316205,-0.77695012371395,1.34887557825251,3.6913815992843,-27.8525602190472,-0.476813501406736,-0.0227600647856217
20.5166666666667,122.780579816412,117,-6.44213314091789,-26.8368438540375,-0.703663530015722,1.34887557825251,3.67942346309402,-27.8719745446888,-0.433382950150043,-0.0195699060626062
20.5333333333333,123.823608440893,118,-5.44213314091789,-26.6033877083192,-0.62349849607769,1.34887557825251,3.66760813026379,-27.8292257999214,-0.384375293812047,-0.0162655240887514
20.55,124.806588952922,119,-4.44213314091789,-26.2015565962195,-0.526663986283146,1.34887557825251,3.6559341089987,-27.672742907694,-0.323218049356828,-0.0125363502696478
20.5666666666667,125.721695682545,119,-4.44213314091789,-25.6468382094362,-0.40878358909271,1.34887557825251,3.64439991841337,-27.3716747642639,-0.246892308255803,-0.00825776922136517
20.5833333333333,126.563061267494,120,-3.44213314091789,-25.047527595791,-0.269198844563037,1.34887557825251,3.63300408856906,-26.9104877859869,-0.154844013287432,-0.00342975932698261
20.6,127.326970338334,121,-2.44213314091789,-24.3177019969911,-0.117235555537433,1.34887557825251,3.62174516050684,-26.3207228866812,-0.0532185285263786,0.00162545030632399
20.6166666666667,128.011906240838,121,-2.44213314091789,-23.4703415752244,0.0471502297764398,1.34887557825251,3.61062168627681,-25.5938920949048,0.058037105281846,0.00689935192711307
20.6333333333333,128.618440927397,122,-1.44213314091789,-22.6113326611211,0.222265377249083,1.34887557825251,3.59963222896344,-24.729706811105,0.177807188238925,0.0123276338179949
20.65,129.148988469275,122,-1.44213314091789,-21.6524437102676,0.397850987198889,1.34887557825251,3.58877536270731,-23.7695395804744,0.299213947306493,0.017571936725045
20.6666666666667,129.607464175918,123,-0.442133140917889,-20.6981873119716,0.574004681990012,1.34887557825251,3.57804967272318,-22.7106671394741,0.422238369433914,0.0226401753278834
20.6833333333333,129.998901468057,123,-0.442133140917889,-19.659027548854,0.742200965180262,1.34887557825251,3.56745375531463,-21.591527711403,0.541081949257513,0.0272618899904557
20.7,130.32907409428,124,0.557866859082111,-18.6382408829355,0.883731702602821,1.96748777007448,3.56119256250339,-20.420152115659,0.633860853381373,0.0315230251960363
20.7166666666667,130.604139002764,124,0.557866859082111,-17.5236166833435,0.980660414771993,2.0353378685929,3.56184048818865,-19.2424425251688,0.682865814810217,0.0352738481425548
20.7333333333333,130.830340125744,125,1.55786685908211,-16.3960583946854,1.06895056667758,2.09714097492682,3.56369165578092,-18.0508079059625,0.724854917958697,0.0387933355134229
20.75,131.013777682784,125,1.55786685908211,-15.1643086543309,1.1490293593027,2.1531961297644,3.56664285100328,-16.8510918563558,0.760288330809383,0.0420885969655333
20.7666666666667,131.160240937457,125,1.55786685908211,-13.9306139190755,1.22887132449467,2.20908550539878,3.57064346171342,-15.6116021068921,0.794571231091712,0.0454182582754778
20.7833333333333,131.275097162419,125,1.55786685908211,-12.6973966048188,1.30560314448028,2.26279777938871,3.57566776697383,-14.3477205632555,0.825844694228863,0.0486856735232609
20.8,131.363228426338,126,2.55786685908211,-11.4668941614658,1.37749876170908,2.31312471144886,3.58166346090606,-13.0713141810486,0.853051718541351,0.0518304144367545
20.8166666666667,131.429004992886,126,2.55786685908211,-10.1475388644301,1.44366132749242,2.3594385074972,3.58856312976721,-11.7913855213799,0.875707618577957,0.0548185166827848
20.8333333333333,131.476285705628,126,2.55786685908211,-8.84107271559856,1.51108054788386,2.40663196177121,3.59633864182828,-10.4788069959909,0.898519823773564,0.0578778492094172
20.85,131.508436980802,126,2.55786685908211,-7.5492991958252,1.57618828129759,2.45220737516082,3.60497707785635,-9.15089422083067,0.919140123433536,0.0608899398942737
20.8666666666667,131.528363655845,126,2.55786685908211,-6.27377858421625,1.63679831057948,2.49463439565814,3.61443231264484,-7.82085151629326,0.936188965563394,0.0637798380871675
20.8833333333333,131.538546523176,126,2.55786685908211,-5.01598620984368,1.69173422374978,2.53308953487735,3.62463890250682,-6.49849865213346,0.948986040303298,0.0665047334893996
20.9,131.5410827718,127,3.55786685908211,-3.77739589925764,1.74052113391352,2.56724037199197,3.63552201071353,-5.19098974708157,0.957329726569142,0.0690444230187966
20.9166666666667,131.537726710309,127,3.55786685908211,-2.46577207864006,1.78314295161589,2.59707564438363,3.64700412901653,-3.90346062233571,0.9613252759778,0.0713937321193272
20.9333333333333,131.529929106253,127,3.55786685908211,-1.18222585764748,1.82717749485046,2.62789982464783,3.65905560904637,-2.60368247780083,0.966062525493543,0.0738001987804111
20.95,131.518874154942,127,3.55786685908211,0.0720697324888736,1.86942397916413,2.6574723636674,3.67166760842526,-1.30651789647123,0.969420713345592,0.0761580774701794
20.9666666666667,131.505513363501,127,3.55786685908211,1.29620451101024,1.90790457779996,2.68440878271248,3.68480146704495,-0.0232390018638138,0.970137360550028,0.0784000975169151
20.9833333333333,131.490596136172,127,3.55786685908211,2.48938149627433,1.94154249692474,2.70795532609983,3.69840104088414,1.23786679551535,0.967574674680651,0.0804876378043176
21,131.474697152092,126,2.55786685908211,3.65083449251955,1.96989252539843,2.72780034603141,3.7124015910251,2.47088375675744,0.961526429491805,0.0824024081549054
21.0166666666667,131.458240605797,126,2.55786685908211,4.68605087646126,1.99292696850705,2.74392445620744,3.72673586036452,3.67170754643951,0.952066195565646,0.084139775101416
21.0333333333333,131.441521561023,126,2.55786685908211,5.6938196502264,2.00355602011511,2.75136479233308,3.74129168660912,4.80167514146918,0.934628130029304,0.0854602273573788
21.05,131.424724624761,126,2.55786685908211,6.67297386857221,2.00575253802688,2.75290235487133,3.75594376532407,5.87119792499273,0.912030464505775,0.086487492234178
21.0666666666667,131.407940320468,126,2.55786685908211,7.62210994732022,2.00238155897025,2.75054266953168,3.77060656939523,6.88844873113008,0.886291126879326,0.0873113420372486
21.0833333333333,131.39117944872,126,2.55786685908211,8.53978612931205,1.99541438989878,2.74566565118166,3.78522271047177,7.85950507298529,0.858788954530785,0.0879938968391971
21.1,131.374385643991,126,2.55786685908211,9.42465098231113,1.98613540387432,2.73917036096453,3.79975376140452,8.78863909376558,0.830415982053266,0.0885758482589288
21.1166666666667,131.357446328017,126,2.55786685908211,10.2755191275573,1.97532524794465,2.73160325181376,3.81417335322697,9.67866431032389,0.801710323495837,0.0890820538605529
21.1333333333333,131.340202247649,125,1.55786685908211,11.0914090332931,1.96341329810651,2.72326488692707,3.82846222606188,10.5312820790723,0.772965437077062,0.0895262444380544
21.15,131.322455771737,125,1.55786685908211,11.7778141809471,1.95059811957534,2.71429426195525,3.84260486617622,11.347394968078,0.744315561343798,0.0899147789838202
21.1666666666667,131.303978167105,125,1.55786685908211,12.4337535985674,1.92962077944322,2.69961012386276,3.85654109056623,12.0914790464992,0.710994008253434,0.0900060690428689
21.1833333333333,131.284516058234,125,1.55786685908211,13.0584901007785,1.90407194864441,2.6817259423036,3.87019430558173,12.7758142845025,0.675483193769755,0.0899144877377704
21.2,131.263797035602,125,1.55786685908211,13.6512123187442,1.87634605480913,2.6623178166189,3.88352269927988,13.4096294777912,0.639415642672235,0.0897171802877916
21.2166666666667,131.241534466606,125,1.55786685908211,14.2111918472593,1.84793516145328,2.6424301912698,3.89650705721142,13.9995802476992,0.603788918418948,0.0894629672756329
21.2333333333333,131.217431689316,124,0.557866859082111,14.737871981907,1.81968228864868,2.62265318030658,3.90914176735959,14.5502715864563,0.569148388193275,0.0891801181754722
21.25,131.191185757221,124,0.557866859082111,15.1371675535536,1.7919876641859,2.60326694318264,3.92142849896006,15.0647566397878,0.535734367808667,0.088882746201314
21.2666666666667,131.162490726428,124,0.557866859082111,15.5085286667763,1.75765113151554,2.57923137031339,3.93332573001782,15.5090824502324,0.498789568778392,0.0883323803716652
21.2833333333333,131.131040567287,124,0.557866859082111,15.8516620567245,1.72023228171608,2.55303817545377,3.94477565844635,15.8966707324828,0.46074646412552,0.087643538291883
21.3,131.09653162718,124,0.557866859082111,16.166210192577,1.6820434377137,2.5263059846521,3.95575457998401,16.2375858636012,0.42315533935575,0.0868917665180024
21.3166666666667,131.05866472278,123,-0.442133140917889,16.4519023545654,1.64447056946047,2.50000497687484,3.96626027123964,16.5391087684519,0.386917822661221,0.0861234091759544
21.3333333333333,131.017147009251,123,-0.442133140917889,16.6148953480108,1.60824434221984,2.4746466178064,3.97630282089614,16.8063307959517,0.352481655528108,0.08536395642153
21.35,130.971693600694,123,-0.442133140917889,16.7548620088072,1.56633965358815,2.44531333576422,3.98585202092366,17.0068108915507,0.315189505147577,0.0843813636222946
21.3666666666667,130.922029070263,123,-0.442133140917889,16.8717258051362,1.52238314148708,2.41454377729347,3.99486275000821,17.1550668355419,0.277500225191941,0.0832930891399575
21.3833333333333,130.867888805156,122,-1.44213314091789,16.9653453877515,1.47868350448164,2.38395403138965,4.00332431636848,17.2619428690553,0.240943334238451,0.0821753004725743
21.4,130.809020119558,122,-1.44213314091789,16.9419254139444,1.43658048780737,2.35448191971767,4.0112471855554,17.3352677315441,0.206372206421458,0.0810735275999393
21.4166666666667,130.745183201453,122,-1.44213314091789,16.9011508264815,1.3894186145303,2.32146860842372,4.01860715775414,17.3446237762207,0.169367346359352,0.0797682218931125
21.4333333333333,130.676151874468,122,-1.44213314091789,16.8429490081301,1.34101979273865,2.28758943316956,4.0253683497685,17.3059672339381,0.132504739037877,0.0783837866512662
21.45,130.601714306994,122,-1.44213314091789,16.7671888914987,1.29376741213914,2.25451276674991,4.03153082854516,17.2311226853306,0.0973487684711633,0.0769994475236124
21.4666666666667,130.521673643664,122,-1.44213314091789,16.6738383542781,1.24899756131968,2.22317387117628,4.03711618786908,17.1285548873588,0.0647352753376377,0.075661225511865
21.4833333333333,130.435848462854,121,-2.44213314091789,16.5630437156304,1.20732183370069,2.194000861843,4.04215728163342,17.0041257888064,0.0350023971216231,0.0743919238735917
21.5,130.34407319638,121,-2.44213314091789,16.3414159644536,1.16888055310178,2.16709196542376,4.04669130540105,16.8617719036159,0.00816976033199498,0.0731990371481274
21.5166666666667,130.246198490129,121,-2.44213314091789,16.1090798916891,1.12621482588459,2.13722595637172,4.05070916961103,16.668180007782,-0.0207342371065866,0.0718372940865817
21.5333333333333,130.142091408249,121,-2.44213314091789,15.8663818790343,1.08264358972851,2.10672609106247,4.05418252497081,16.4372579610458,-0.0494740985136523,0.0704147985408011
21.55,130.031635554287,121,-2.44213314091789,15.6135575542528,1.04026462657868,2.07706081685758,4.05711439796373,16.1794616037024,-0.0766743388986783,0.0690013537447999
21.5666666666667,129.914731083782,121,-2.44213314091789,15.3508739697624,1.00027765896834,2.04906993953035,4.05952688959953,15.9024043759595,-0.101585083807552,0.0676383254793386
21.5833333333333,129.791294672687,121,-2.44213314091789,15.0787047596807,0.963254028012289,2.02315339786111,4.06145232619728,15.6114705150139,-0.123888784544413,0.0663469679749664
21.6,129.661259410583,121,-2.44213314091789,14.797559581118,0.929350397244131,1.9994208563234,4.06292722086957,15.3103727690783,-0.143548676119093,0.0651350859526977
21.6166666666667,129.52457474024,121,-2.44213314091789,14.5080843957447,0.898470252665467,1.97780475511834,4.06398841368404,15.0016258548608,-0.160695430190323,0.0640021157607044
21.6333333333333,129.381206406458,121,-2.44213314091789,14.2110448638225,0.87038025655054,1.95814175783789,4.06467082301322,14.68692700659,-0.175546385610768,0.062942821381621
21.65,129.23113624407,121,-2.44213314091789,13.9073015082636,0.84478974321882,1.94022839850568,4.06500633085397,14.3674473526734,-0.188351074231526,0.0619498476698977
21.6666666666667,129.074361866644,121,-2.44213314091789,13.5977824151589,0.82140157706605,1.92385668219874,4.06502342152508,14.0440446340414,-0.199356965240716,0.061015377290575
21.6833333333333,128.910896386024,120,-3.44213314091789,13.2834570331095,0.799941784343634,1.90883482729305,4.06474728438807,13.7174106934135,-0.208790038617991,0.0601321171179123
21.7,128.740768115529,120,-3.44213314091789,12.8715722527151,0.780174210787651,1.89499752580386,4.06420017082874,13.3881675842044,-0.216845698414524,0.0592938067939545
21.7166666666667,128.564020300309,120,-3.44213314091789,12.4626882399357,0.754587768927611,1.87708701650184,4.06335558301432,13.0210328889163,-0.228491900375447,0.0582519750907328
21.7333333333333,128.380710762422,120,-3.44213314091789,12.0573955614974,0.726636925483843,1.8575214260912,4.06216825025262,12.6288689337755,-0.241366184163597,0.0571177649763215
21.75,128.190911442101,120,-3.44213314091789,11.65600450932,0.703242777760583,1.84114552268492,4.05969464297968,12.2226874160625,-0.248773619026906,0.0559668112515932
21.7666666666667,127.994707946824,120,-3.44213314091789,11.2588260372503,0.684874163098144,1.70843451387904,4.05607970101297,11.8154732810308,-0.250776971875,0.0548348681413006
21.7833333333333,127.792199268495,120,-3.44213314091789,10.8621822707627,0.668001265212085,1.69957624248885,4.05210427208445,11.4112148550002,-0.251477835346654,0.0537305830562446
21.8,127.583500162313,119,-4.44213314091789,10.4630821659478,0.651499582624479,1.69091285913036,4.04796124690338,11.0091910181877,-0.252043701890738,0.0526471920740538
21.8166666666667,127.368742684887,119,-4.44213314091789,9.96941538392644,0.634998351361679,1.68224971271739,4.04365390859914,10.6077137509861,-0.252719136948981,0.0515723237546677
21.8333333333333,127.148071774698,119,-4.44213314091789,9.48221898247726,0.611027119387746,1.66966481593108,4.03914867895795,10.170261644073,-0.258432067560781,0.0502591505833514
21.85,126.921644834846,118,-5.44213314091789,9.00245569060388,0.583192958984194,1.65505188171921,4.03439864234367,9.70912479324012,-0.266716463129681,0.0488248920695528
21.8666666666667,126.689631640259,118,-5.44213314091789,8.43699992507826,0.554083112336321,1.63976921222908,4.02938381231524,9.23419878489043,-0.275819831338691,0.0473539244500009
21.8833333333333,126.452214270732,118,-5.44213314091789,7.88584030401291,0.518089828889317,1.6208727384194,4.02406821803944,8.71729434216449,-0.289428742701727,0.0456606752600911
21.9,126.209586965025,117,-6.44213314091789,7.34895433336661,0.479880154546682,1.60081265938952,4.01841517169267,8.17641908292424,-0.304386041893724,0.0438975343235501
21.9166666666667,125.961955941054,117,-6.44213314091789,6.73234550902567,0.442537930184612,1.58120799159943,4.01242159887362,7.6251633886233,-0.318631355287654,0.0421656821837761
21.9333333333333,125.709539294361,117,-6.44213314091789,6.13526594981844,0.400576734568549,1.559178363901,4.00607105155294,7.03752646779473,-0.335796178596499,0.040284066866653
21.95,125.452566857074,117,-6.44213314091789,5.55709128520907,0.35855193647281,1.53711534490073,3.99934634029556,6.43262728231007,-0.352823040608829,0.0384019269172913
21.9666666666667,125.191280052178,116,-7.44213314091789,4.99708699522349,0.319306097889272,1.51651127964438,3.99226229798289,5.82443258215993,-0.367835214652994,0.0366129816209844
21.9833333333333,124.925931849988,116,-7.44213314091789,4.36081772236509,0.284427190698563,1.49819985336925,3.98485286714727,5.22275721005703,-0.379814967399555,0.034970165837888
22,124.656786765142,116,-7.44213314091789,3.74728192185164,0.247249774558002,1.47868170989546,3.97712694066431,4.59828073467224,-0.393210273875293,0.0332542963771357
22.0166666666667,124.384120924941,115,-8.44213314091789,3.15571918178627,0.211433971934252,1.45987841351799,3.96908362045595,3.96733305905619,-0.405579493701537,0.0315855775152003
22.0333333333333,124.108222092622,115,-8.44213314091789,2.49158592370468,0.179167929985258,1.44293874149477,3.96074727227336,3.34162251642616,-0.415492695145877,0.0300364398130743
22.05,123.829389681457,115,-8.44213314091789,1.85372533465668,0.144207427512284,1.42458447769646,3.95212163759019,2.6932804342896,-0.427110515010798,0.0284014246809344
22.0666666666667,123.547934865732,115,-8.44213314091789,1.24119914913017,0.110492406954955,1.40688409190386,3.94320369646287,2.03969946178098,-0.437802007615572,0.026809888429408
22.0833333333333,123.264180673662,115,-8.44213314091789,0.653020210474838,0.0803833728860241,1.39107684901767,3.93401763912416,1.39332471982298,-0.446021967634123,0.0253399289299778
22.1,122.978460355039,114,-9.44213314091789,0.0882771771474555,0.0551033763122041,1.37780485081642,3.92460304899281,0.76267409638369,-0.451001439700383,0.0240326158769461
22.1166666666667,122.691113838,114,-9.44213314091789,-0.547544907508804,0.0350934148200132,1.36729962103302,3.9150065627481,0.153259555922694,-0.452500426904707,0.0229034650294201
22.1333333333333,122.402487940359,114,-9.44213314091789,-1.15549046062934,0.0129139042510082,1.35565537798429,3.90524139660079,-0.467537689703899,-0.455485803459995,0.0217079222541156
22.15,122.112937552198,114,-9.44213314091789,-1.73636475235251,-0.00811346345535863,1.34076211479715,3.89527452548454,-1.08581336318523,-0.457668938335527,0.0205499794300273
22.1666666666667,121.822826745273,114,-9.44213314091789,-2.29117117653237,-0.0255731609503169,1.32330241730219,3.88501905550475,-1.6912406424078,-0.457226017028707,0.0194919343132235
22.1833333333333,121.532529705782,114,-9.44213314091789,-2.82113383328149,-0.0386813312648054,1.3101942469877,3.87453464842634,-2.2767201908668,-0.453736613902189,0.0185644775396426
22.2,121.242431533336,114,-9.44213314091789,-3.32740336648763,-0.0473867930009641,1.34887557825251,3.86389683578796,-2.83805924803015,-0.447296968306186,0.0177761818352501
22.2166666666667,120.952929007912,114,-9.44213314091789,-3.80917127760328,-0.0564456292710903,1.34887557825251,3.85407996241439,-3.37530614835206,-0.443193969841062,0.0171242340421943
22.2333333333333,120.664431135064,113,-10.4421331409179,-4.26539456311522,-0.0617497010344941,1.34887557825251,3.84429155755875,-3.88826918059624,-0.436860516876384,0.0166108805702726
22.25,120.377359361465,113,-10.4421331409179,-4.79034640403511,-0.0631478609626882,1.34887557825251,3.83453326680237,-4.37462393897607,-0.428155748242458,0.016236200361655
22.2666666666667,120.092147626924,113,-10.4421331409179,-5.28505111922678,-0.0682680229426012,1.34887557825251,3.82480667507378,-4.86900100257027,-0.422156486297257,0.0157492959283302
22.2833333333333,119.809242302574,113,-10.4421331409179,-5.75036370998148,-0.0740409692378792,1.34887557825251,3.81511330817982,-5.35892374493607,-0.41683019151047,0.0152533666265109
22.3,119.529101972674,113,-10.4421331409179,-6.18719105682301,-0.0784456114820274,1.34887557825251,3.80545463430312,-5.8353639657593,-0.410820391276208,0.0148141018026253
22.3166666666667,119.252197004434,114,-9.44213314091789,-6.59648178925617,-0.0802467040575816,1.34887557825251,3.79583206546654,-6.29199449432227,-0.403280973161941,0.0144694646194729
22.3333333333333,118.979008837328,114,-9.44213314091789,-6.88547627499417,-0.0787886580490734,1.34887557825251,3.78624695896537,-6.72458818154443,-0.393745368969952,0.014237324798122
22.35,118.710028907723,114,-9.44213314091789,-7.15475329630621,-0.0662899045917353,1.34887557825251,3.77670061876785,-7.09456499597838,-0.376964396259117,0.0143647302438707
22.3666666666667,118.445757106811,114,-9.44213314091789,-7.40513283297505,-0.0461219294691503,1.34887557825251,3.76719429688482,-7.41244684103525,-0.355106712326269,0.0147299771567742
22.3833333333333,118.186699650086,114,-9.44213314091789,-7.63743876437972,-0.0209121345994863,1.34887557825251,3.75772919470887,-7.68681668248176,-0.329875204929888,0.0152396484014353
22.4,117.933366215937,114,-9.44213314091789,-7.85249437819597,0.00730958986989456,1.34887557825251,3.74830646432386,-7.9246799956654,-0.302597296977712,0.0158229029783081
22.4166666666667,117.686266190659,114,-9.44213314091789,-8.0511183715235,0.0369916465358082,1.34887557825251,3.73892720978533,-8.13176035475033,-0.274298546569965,0.0164268448847894
22.4333333333333,117.445903839695,115,-8.44213314091789,-8.23412131050699,0.066963933310897,1.34887557825251,3.72959248837237,-8.31274082182582,-0.24576253722646,0.0170127751703905
22.45,117.212772213789,115,-8.44213314091789,-8.30856173739031,0.0963594014875833,1.34887557825251,3.72030331181157,-8.47146078299197,-0.217579529852468,0.0175531656372462
22.4666666666667,116.987345598852,115,-8.44213314091789,-8.37479851389883,0.132095223826004,1.34887557825251,3.71106064747361,-8.57510496651308,-0.185126411139318,0.0182725836099841
22.4833333333333,116.770070336448,116,-7.44213314091789,-8.4333988416012,0.170417761788799,1.34887557825251,3.70186541954308,-8.63817309237069,-0.150879074264787,0.0190432702552969
22.5,116.561353886082,116,-7.44213314091789,-8.39116501417926,0.208662636478433,1.34887557825251,3.69271851016209,-8.67185044918036,-0.116616427255271,0.0197771701910006
22.5166666666667,116.361552080137,117,-6.44213314091789,-8.3481894297579,0.252546852621783,1.34887557825251,3.68362076054811,-8.64872563319777,-0.0785192947176001,0.0206597553947626
22.5333333333333,116.170954646339,117,-6.44213314091789,-8.21102426117977,0.297564667848739,1.34887557825251,3.67457297208677,-8.58718509361366,-0.0395769546780152,0.0215400385632147
22.55,115.98976924763,118,-5.44213314091789,-8.0795062518924,0.348175326557905,1.34887557825251,3.6655759073999,-8.46515282707683,0.00319421092974546,0.0225616315345936
22.5666666666667,115.818104515912,119,-4.44213314091789,-7.85992825114726,0.399055598244405,1.34887557825251,3.65663029138956,-8.30489040313853,0.0462538166848587,0.0235473936005142
22.5833333333333,115.655952825296,119,-4.44213314091789,-7.55812491109836,0.454174873172773,1.34887557825251,3.64773681225832,-8.08706172061404,0.0922475423533944,0.0246263019980815
22.6,115.503173838956,120,-3.44213314091789,-7.27344156990466,0.515504318900738,1.34887557825251,3.63889612250654,-7.79982148078604,0.142513821358313,0.0258582160909338
22.6166666666667,115.359480132012,121,-2.44213314091789,-6.91167660519321,0.576075274556039,1.34887557825251,3.63010883990691,-7.47289722472857,0.192410375177078,0.0270124256131952
22.6333333333333,115.224426385986,122,-1.44213314091789,-6.47816990583781,0.638841016385379,1.34887557825251,3.62137554845681,-7.09226703379392,0.24388942139417,0.0281865752542647
22.65,115.097403705224,122,-1.44213314091789,-5.97803345020585,0.705219072870423,1.34887557825251,3.61269679930899,-6.64973790850432,0.297898461511329,0.0294252599230062
22.6666666666667,114.977640464496,123,-0.442133140917889,-5.50989169434002,0.775564616737797,1.34887557825251,3.60407311168098,-6.14144664201437,0.354683676221654,0.030737183262857
22.6833333333333,114.864210725578,124,0.557866859082111,-4.97882728808388,0.821593911422786,1.92399131624846,3.59970251259538,-5.6165821327252,0.386116901310166,0.0318805037149666
22.7,114.756050612888,124,0.557866859082111,-4.3694791378233,0.840910561630253,1.93751297139369,3.60093880356078,-5.07294934221864,0.387664720697283,0.0330053806937512
22.7166666666667,114.651981769529,125,1.55786685908211,-3.76195227230083,0.865204933698385,1.95451903184138,3.60248495253404,-4.5029694146758,0.392422957582151,0.0342987968226898
22.7333333333333,114.550739851342,125,1.55786685908211,-3.0642477810513,0.892044496768527,1.97330672599048,3.60438190226005,-3.91492774138052,0.39871061655555,0.0356831756966582
22.75,114.451007676689,125,1.55786685908211,-2.37729135355834,0.926946847383549,1.99773837142099,3.60669227894222,-3.28002194189781,0.410111164323758,0.0373436809572701
22.7666666666667,114.35145188462,126,2.55786685908211,-1.70180397778416,0.965041702156008,2.02440476976172,3.60947773528908,-2.61633088668213,0.423292830845862,0.0391236509513339
22.7833333333333,114.250759706161,126,2.55786685908211,-0.944358104008704,1.00305560150992,2.05101449930946,3.61275278907258,-1.93788155448842,0.43605885768492,0.0409160957020483
22.8,114.147673426841,126,2.55786685908211,-0.204672980973119,1.04626276046595,2.08125951057867,3.6165475326737,-1.21926823131044,0.45188288855994,0.0428960978237172
22.8166666666667,114.041020366782,126,2.55786685908211,0.517506660025757,1.08991715824999,2.1118175890275,3.62089053105295,-0.480289713902606,0.467567786926279,0.0449090189022447
22.8333333333333,113.92973675801,126,2.55786685908211,1.22263107333349,1.13107060240283,2.14062499993449,3.62576593606481,0.264444412565646,0.48118008442319,0.0468567078671892
22.85,113.812884753776,125,1.55786685908211,1.91113556644588,1.16809135801789,2.16653952886503,3.63113155920384,1.00458558635325,0.49170120343531,0.0486827884949772
22.8666666666667,113.689662553134,125,1.55786685908211,2.48958823393936,1.20026403771497,2.18906040465299,3.63693181141818,1.73312146068605,0.498741027008124,0.050360293298049
22.8833333333333,113.559408028955,125,1.55786685908211,3.05770042679567,1.22015625519754,2.20298495689079,3.64306020156377,2.40964723862974,0.497508724510905,0.0516383746507679
22.9,113.421596746313,125,1.55786685908211,3.61505692927208,1.23162269019816,2.21101146139122,3.64939438999854,3.04367745929338,0.490750788325121,0.0526366521298487
22.9166666666667,113.275835412132,124,0.557866859082111,4.16083899667362,1.2375442027602,2.21515652018465,3.65585117343507,3.64306352476173,0.480503315412819,0.0534451702927906
22.9333333333333,113.121852030356,125,1.55786685908211,4.60029487418841,1.23997744196974,2.21685978763133,3.66237601427619,4.21392270970887,0.468208538397344,0.054128649792668
22.95,112.959483914399,125,1.55786685908211,5.12568126013078,1.23300068705636,2.21197605919196,3.6688881280329,4.72487383289135,0.450031929039978,0.0544878807606093
22.9666666666667,112.788664523447,125,1.55786685908211,5.63603452380521,1.22842908904488,2.20877594058393,3.67534948511181,5.22717886356951,0.433886903874226,0.0549096943839341
22.9833333333333,112.609409931221,126,2.55786685908211,6.13019437675476,1.22561952895766,2.20680924852287,3.68178204998035,5.71997558978557,0.419299818419661,0.0553747004620692
23,112.42180555986,126,2.55786685908211,6.70104870535336,1.2239397535861,2.20563340576278,3.6882003813866,6.20191875121243,0.405816325719592,0.055863388242835
23.0166666666667,112.225993638164,127,3.55786685908211,7.24841828388834,1.23014618911214,2.20997791063101,3.69465841483526,6.70738995707247,0.397845987739962,0.0566015824094108
23.0333333333333,112.022161687626,128,4.55786685908211,7.86601236361033,1.24016999025882,2.21699457143368,3.70122098022601,7.22268190357852,0.39257440762036,0.0574595923920369
23.05,111.810532208993,129,5.55786685908211,8.54836970231588,1.25853136042451,2.22984753054967,3.70795949267847,7.7730242808354,0.392900540721126,0.0585905538771174
23.0666666666667,111.591353636353,130,6.55786685908211,9.29059979933756,1.28714313579123,2.24987577330637,3.71498194400068,8.37415223967206,0.399935370201387,0.060063904752601
23.0833333333333,111.364892489011,132,8.55786685908211,10.088500633026,1.32622625384435,2.27723395594355,3.7224080516724,9.03476807690353,0.413649438402912,0.0618939894771223
23.1,111.131426593379,133,9.55786685908211,11.0322967524212,1.3749953825205,2.31137234601686,3.73035370230337,9.75860970851289,0.433352718909497,0.0640616832766209
23.1166666666667,110.891239367265,135,11.5578668590821,12.0195130537252,1.43946554322931,2.35650145851302,3.73896848357531,10.5819920024793,0.462838502040974,0.0667734058590148
23.1333333333333,110.644615039603,137,13.5578668590821,13.1418799093547,1.51454049724341,2.4090539263229,3.74840218871497,11.4910414844909,0.498504005575108,0.0698699297254698
23.15,110.391834749555,138,14.5578668590821,14.3922064928191,1.60362833854305,2.47141541523265,3.75879840816478,12.5095135267464,0.542424394855935,0.0734712341000153
23.1666666666667,110.133173312436,139,15.5578668590821,15.6703107050606,1.70756936678783,2.54417413500399,3.77032430182631,13.650929644081,0.594934064558165,0.077614074064028
23.1833333333333,109.868896524103,140,16.5578668590821,16.9763863862358,1.81830248763031,2.62168731959372,3.78310035975424,14.8855353146669,0.650512477965088,0.0820394738678143
23.2,109.599258885048,141,17.5578668590821,18.3109924932094,1.93050517435875,2.70022920030364,3.79716951187638,16.190744420056,0.705580656465949,0.0865738441887577
23.2166666666667,109.324501618274,141,17.5578668590821,19.6746861810449,2.04092189134109,2.77752090219127,3.81252503618474,17.5500463261765,0.758010022466113,0.0911086365544813
23.2333333333333,109.044851007822,141,17.5578668590821,20.9740715984485,2.14778463910157,2.85232482562361,3.82913117470812,18.9518084086974,0.806704375968187,0.0955825607133167
23.25,108.760516928535,141,17.5578668590821,22.2150138875406,2.24302331931882,2.91899190177568,3.84689135162184,20.3522387485268,0.846457652564857,0.0997235119429003
23.2666666666667,108.471691582937,140,16.5578668590821,23.4026586246565,2.32282398884507,2.97485237044406,3.8656410119018,21.7225058685885,0.874994710309671,0.103395517443639
23.2833333333333,108.178548591227,139,15.5578668590821,24.4474561988868,2.38619222433755,3.01921013528879,3.88518855539597,23.0450172225744,0.891951958707732,0.106553974721861
23.3,107.881242419522,138,14.5578668590821,25.358443046594,2.42654498635565,3.04745706870146,3.90529531553266,24.2743466512383,0.893306055707233,0.108967920608144
23.3166666666667,107.579908069841,137,13.5578668590821,26.1433738878227,2.44184560190435,3.05816749958556,3.92567412640413,25.3827897918479,0.878124947056891,0.110553371040425
23.3333333333333,107.274660974069,135,11.5578668590821,26.808614467609,2.43289580779277,3.05190264370745,3.9460319707191,26.3554947821923,0.847366045373877,0.111319707751265
23.35,106.965597112147,133,9.55786685908211,27.2654910256085,2.40208655070898,3.0303361637488,3.96609547259799,27.1864804070914,0.803006732807413,0.111330089179535
23.3666666666667,106.652793451719,130,6.55786685908211,27.5237986820317,2.34521224649297,2.99052415079759,3.98557784592437,27.8396441335666,0.742642070186222,0.110430205474345
23.3833333333333,106.336308664778,128,4.55786685908211,27.4983416029841,2.26182743956763,2.93215478594985,4.00416703011095,28.2945858724138,0.666400046447108,0.108588251685463
23.4,106.016184092805,125,1.55786685908211,27.2959696537492,2.14642190879857,2.85137091441151,4.02151409234802,28.5061969204441,0.571080415175039,0.105603980605923
23.4166666666667,105.692445026731,123,-0.442133140917889,26.8287054875092,2.00558296730434,2.75278365536554,4.03728240063876,28.4850614553263,0.46151196429483,0.101676170160199
23.4333333333333,105.365102299701,121,-2.44213314091789,26.2007097253054,1.83785543205203,2.63537438068893,4.05116232893381,28.2077863836271,0.337117560889782,0.0967409875213422
23.45,105.034154217108,119,-4.44213314091789,25.4154207059555,1.65178520921973,2.50512522470632,4.06289102449001,27.6993691372017,0.2039039063198,0.091066631542593
23.4666666666667,104.699588728519,117,-6.44213314091789,24.475582065363,1.45379999456972,2.36653557445131,4.07229320105287,26.9812298217652,0.0663312974028422,0.0848570291837489
23.4833333333333,104.361385780012,116,-7.44213314091789,23.3836678889638,1.24854592937821,2.22285772881726,4.07925841523336,26.0711105496017,-0.0724254913604909,0.0782614547555091
23.5,104.01951989073,114,-9.44213314091789,22.2359090831378,1.03924656210883,2.07634817172869,4.08372242186687,24.9833793316053,-0.210208347725863,0.0713851546512386
23.5166666666667,103.673962869004,113,-10.4421331409179,20.9354150191848,0.84970871341906,1.79497265279752,4.08277208234528,23.7713746002559,-0.324772259803459,0.0645378127923576
23.5333333333333,103.324686494157,112,-11.4421331409179,19.5744575522539,0.657444651657509,1.6940340203727,4.08036871381181,22.4355731595804,-0.440049042429976,0.0576178244118985
23.55,102.971665209457,111,-12.4421331409179,18.1482720606086,0.468967095979626,1.59508330364181,4.07623233854831,20.9990888612462,-0.551063805999342,0.0507929919978666
23.5666666666667,102.614879063455,110,-13.4421331409179,16.6592346836473,0.286851462279686,1.49947259594934,4.07041159565355,19.4788703609014,-0.656181473602168,0.0441494467295107
23.5833333333333,102.254316316598,110,-13.4421331409179,15.1099575474083,0.112441095867947,1.40790715358318,4.06297229679108,17.887573027448,-0.754607259121596,0.0377332059233148
23.6,101.889975523547,109,-14.4421331409179,13.5970621356403,-0.0531807198129289,1.29569485843958,4.05387243759009,16.2347473375407,-0.845469578650131,0.0315630451333974
23.6166666666667,101.521867202557,109,-14.4421331409179,12.0232466897848,-0.198520848440972,1.15035472981154,4.04237062454574,14.565828909624,-0.919381184616722,0.0258806150758737
23.6333333333333,101.150015184124,109,-14.4421331409179,10.4828852708703,-0.327651394831227,1.02122418342128,4.02853859007497,12.8774874825223,-0.979147329876011,0.0205451522860516
23.65,100.774457775172,109,-14.4421331409179,8.97042657904778,-0.437920292186981,0.910955286065528,4.01267792976498,11.2007672776373,-1.02360081926134,0.0156746979241039
23.6666666666667,100.395248925991,109,-14.4421331409179,7.48200205484482,-0.529639288959805,0.819236289292704,3.99510812431519,9.5535928118991,-1.05356152043162,0.0112906726517671
23.6833333333333,100.012459351614,109,-14.4421331409179,6.01534230808724,-0.604730646734613,0.744144931517897,3.97612898433617,7.94491825808423,-1.07087129147073,0.00735902296552434
23.7,99.6261774222878,109,-14.4421331409179,4.569536434942,-0.665801501204016,0.683074077048494,3.95600194382346,6.37799333362375,-1.0777473730184,0.00381906056118102
23.7166666666667,99.2365097437028,109,-14.4421331409179,3.14473144264326,-0.715556819645203,0.633318758607307,3.93494383269142,4.85278058188988,-1.0763832135918,0.000602314832753682
23.7333333333333,98.8435813462641,109,-14.4421331409179,1.74183216305405,-0.756464333581814,0.592411244670695,3.91312822977256,3.36763702675505,-1.0687301426874,-0.002356216239805
23.75,98.4475355484159,109,-14.4421331409179,0.362235001557115,-0.790595740004258,0.558279838248251,3.89069085174416,1.92040389479707,-1.05640311507642,-0.00511225886812335
23.7666666666667,98.048533604624,109,-14.4421331409179,-0.992389762090702,-0.819582856737934,0.529292721514576,3.86773657334879,0.509049214698983,-1.04066544063914,-0.00771010585862492
23.7833333333333,97.6467542160606,108,-15.4421331409179,-2.32026433066946,-0.844642143516467,0.504233434736042,3.84434656994045,-0.868007268525064,-1.02245885492747,-0.0101827138545514
23.8,97.242392893516,108,-15.4421331409179,-3.71336329597563,-0.866634285096519,0.48224129315599,3.82058473514131,-2.21178021688888,-1.00245532518424,-0.012553035347902
23.8166666666667,96.8356611401253,108,-15.4421331409179,-5.07043795249961,-0.8933593519559,0.45551622629661,3.79643742659646,-3.55859263751525,-0.985814718532352,-0.015079343719257
23.8333333333333,96.4267855765349,108,-15.4421331409179,-6.39040515582964,-0.921463075275206,0.427412502977303,3.77186126239955,-4.89606980850532,-0.970218854215065,-0.017655602559285
23.85,96.0160070126199,108,-15.4421331409179,-7.672694312396,-0.948707025167758,0.400168553084752,3.74685897119944,-6.21439002009075,-0.954173075703994,-0.0202082551880794
23.8666666666667,95.6035795515482,108,-15.4421331409179,-8.91700069405436,-0.973725577537391,0.375150000715118,3.7214628600778,-7.50613228160584,-0.936814193561884,-0.0226898040410534
23.8833333333333,95.189769701343,108,-15.4421331409179,-10.1231331985404,-0.995795257797721,0.353080320454788,3.69572224582606,-8.76594122354733,-0.917734222902284,-0.025072406595113
23.9,94.7748555593897,108,-15.4421331409179,-11.2909306031229,-1.01589099923896,0.348875578252509,3.66995047617875,-9.9906349480525,-0.898235901152988,-0.0273417155259526
23.9166666666667,94.3591260306494,108,-15.4421331409179,-12.4197155788571,-1.03404183359297,0.348875578252509,3.64423073151661,-11.1788981929247,-0.878466582432403,-0.0294895561270175
23.9333333333333,93.9428801292713,108,-15.4421331409179,-13.5083141218143,-1.04995021818331,0.348875578252509,3.61856982358896,-12.3294794447209,-0.858184314031097,-0.0315096569561195
23.95,93.5264262472613,108,-15.4421331409179,-14.5557333358177,-1.06331840811486,0.348875578252509,3.59297257301098,-13.4409530431588,-0.837142264711594,-0.0333962972650898
23.9666666666667,93.1100813603587,108,-15.4421331409179,-15.5612917822616,-1.07388649342071,0.348875578252509,3.56744362913973,-14.5118598493168,-0.81511842408543,-0.0351452286243359
23.9833333333333,92.6941702147528,107,-16.4421331409179,-16.5245888976345,-1.08146065174469,0.348875578252509,3.54198747435179,-15.5408600608142,-0.791934960972356,-0.0367545349077046
24,92.2790245240394,107,-16.4421331409179,-17.5392171365189,-1.08592676851153,0.348875578252509,3.51660842822736,-16.5268314786817,-0.76746797565531,-0.0382249885991223
