Tiempo_h,V_mgdL,g_mgdL,g1_mgdL,Kalman_mgdL,u,u_insu,IOB_U,z1,z2,z3
0,122.021065971014,116,-6.02106597101364,-12.0210659710136,-0,1.2237939908309,0,0,0,0
0.0166666666666667,122.021065972305,116,-6.02106597101364,-11.4501985536257,-0.975130343288068,0.248663647542836,0.0175857710120857,-4.61164304507574,-0.633647556089178,-0.0312083273078347
0.0333333333333333,122.021066060647,116,-6.02106597101364,-10.9482329384518,-1.46350407136092,0.223793990830904,0.0213186588853079,-7.71641800624709,-0.926287011240868,-0.0481021953248484
0.05,122.021067762936,116,-6.02106597101364,-10.5447135882819,-1.66060135229611,0.223793990830904,0.0250380925121349,-9.67807511171948,-1.03249236868803,-0.0552141251938772
0.0666666666666667,122.021077797521,116,-6.02106597101364,-10.2317749575185,-1.66599157725265,0.223793990830904,0.0287513142264064,-10.8200044695374,-1.01501587879267,-0.0560334327327293
0.0833333333333333,122.021111374771,116,-6.02106597101364,-10.0011018754697,-1.55301052948652,0.223793990830904,0.0324575526344698,-11.3900554298489,-0.92033107389248,-0.05309983161575
0.1,122.021194043829,116,-6.02106597101364,-9.84487901450132,-1.37466231489496,0.223793990830904,0.0361560629100577,-11.5759798837883,-0.782258011964504,-0.0482216178393952
0.116666666666667,122.021362498782,116,-6.02106597101364,-9.75577496827155,-1.16836630968736,0.223793990830904,0.0398461261368545,-11.5182670765234,-0.624875127928224,-0.0426510814659774
0.133333333333333,122.021664705588,116,-6.02106597101364,-9.72692568075006,-0.960036443231749,0.263757547599155,0.0435935113497491,-11.3204717494591,-0.465186066232145,-0.0372223952247752
0.15,122.022159583609,117,-5.02106597101364,-9.75052736388746,-0.79298937229176,1.2237939908309,0.0528081894819015,-11.0637068595192,-0.343340645808227,-0.0324545195846582
0.166666666666667,122.02291628841,117,-5.02106597101364,-9.69090724795849,-0.702817732792644,1.2237939908309,0.0731337061846222,-10.8479250463594,-0.294682069731327,-0.0285482701731037
0.183333333333333,122.0240119851,117,-5.02106597101364,-9.61445231534708,-0.623588307859602,1.2237939908309,0.0934423701179994,-10.6515327555904,-0.251989638328104,-0.0251175458125463
0.2,122.025527207713,117,-5.02106597101364,-9.52337045906532,-0.552551373711041,1.2237939908309,0.113729413135891,-10.4655981176059,-0.21360672388905,-0.0220597085383775
0.216666666666667,122.027541784278,117,-5.02106597101364,-9.41970133541007,-0.487836268492145,1.2237939908309,0.133990225679065,-10.2840970165184,-0.178424173523991,-0.0193034133266291
0.233333333333333,122.030132205501,117,-5.02106597101364,-9.30532463048433,-0.428208310805228,1.2237939908309,0.154220352893547,-10.1031833155937,-0.145729453248276,-0.0167998392181775
0.25,122.03336999361,117,-5.02106597101364,-9.18196821457498,-0.37288356469627,1.2237939908309,0.174415490833043,-9.92061809686176,-0.115091309142582,-0.0145160527702678
0.266666666666667,122.037320745789,117,-5.02106597101364,-9.05121615645822,-0.321389086556848,1.2237939908309,0.194571482743734,-9.73532609706056,-0.0862724342202472,-0.0124300393545988
0.283333333333333,122.042043640152,117,-5.02106597101364,-8.91451657343191,-0.273458749914561,1.2237939908309,0.214684315429741,-9.54705355664229,-0.0591641108544197,-0.0105270316507603
0.3,122.047591260542,117,-5.02106597101364,-8.77318929631578,-0.228956729708051,1.2237939908309,0.234750115697655,-9.35610660867891,-0.0337379960695672,-0.0087968401909814
0.316666666666667,122.054009640036,117,-5.02106597101364,-8.62843333182929,-0.187822337841141,1.2237939908309,0.2547651468785,-9.16315335040011,-0.0100111898062637,-0.00723195186569019
0.333333333333333,122.061338452057,117,-5.02106597101364,-8.48133410766826,-0.150031204568509,1.2237939908309,0.274725805425564,-8.96907601922734,0.0119784851502837,-0.00582621154199157
0.35,122.069611297985,117,-5.02106597101364,-8.33287048826752,-0.115568851654124,1.2237939908309,0.294628617586561,-8.77486236796674,0.0321894251510006,-0.00457394155491008
0.366666666666667,122.07885605432,117,-5.02106597101364,-8.18392155167282,-0.0844135494564884,1.2237939908309,0.314470236148595,-8.58152750827487,0.050587328725711,-0.00346938559373637
0.383333333333333,122.08909525273,117,-5.02106597101364,-8.03527312016214,-0.0565260291401827,1.2237939908309,0.334247437254458,-8.3900592569149,0.0671519260579557,-0.00250638889291242
0.4,122.100346473871,117,-5.02106597101364,-7.88762403927002,-0.0318441643249492,1.2237939908309,0.353957117288789,-8.20138144945737,0.0818805284572588,-0.0016782468541427
0.416666666666667,122.112622741484,117,-5.02106597101364,-7.74159220168753,-0.0102811692930309,1.2237939908309,0.373596289832682,-8.01633084183921,0.094789306234512,-0.000977670261121542
0.433333333333333,122.12593290742,117,-5.02106597101364,-7.5977203141506,0.00827379561448689,1.2237939908309,0.393162082685341,-7.8356441517773,0.105912992289398,-0.000396827907693843
0.45,122.140282021374,117,-5.02106597101364,-7.45648140689897,0.0239534493874217,1.2237939908309,0.412651734951395,-7.65995254077023,0.115303541375833,7.25625966303617e-05
0.466666666666667,122.15567168138,117,-5.02106597101364,-7.31828408660078,0.0369092711840426,1.2237939908309,0.432062594192551,-7.48978143730897,0.123028142988627,0.000439117316203377
0.483333333333333,122.172100362832,117,-5.02106597101364,-7.18347753480269,0.0473078946025447,1.2237939908309,0.451392113642256,-7.3255540808701,0.129166882224391,0.000711657225343663
0.5,122.189563724994,117,-5.02106597101364,-7.05235625499369,0.0553273440231095,1.2237939908309,0.47063784948206,-7.16759754718176,0.133810262197459,0.000899079010228347
0.516666666666667,122.208054894844,117,-5.02106597101364,-6.92516457227197,0.0611533420724772,1.2237939908309,0.489797458178449,-7.01615031688199,0.137056739069096,0.00101023272518319
0.533333333333333,122.22756472871,116,-6.02106597101364,-6.80210089038769,0.0649758413166221,1.2237939908309,0.50886869387886,-6.87137068736204,0.139010372766894,0.00105381093146616
0.55,122.248082052552,116,-6.02106597101364,-6.77839825219426,0.0669858760278282,1.2237939908309,0.527849405865704,-6.73334551381493,0.13977866002697,0.00103825196967753
0.566666666666667,122.269593881999,116,-6.02106597101364,-6.75313981350283,0.0595506296653589,1.2237939908309,0.546737536067164,-6.63858272441678,0.134338990521274,0.000724828475292824
0.583333333333333,122.292085623423,116,-6.02106597101364,-6.72661915008362,0.0462954772518229,1.2237939908309,0.565531116623628,-6.57496922878911,0.124994697420308,0.000238741339075954
0.6,122.315541257368,116,-6.02106597101364,-6.69910410827202,0.0298613134260706,1.2237939908309,0.584228267508589,-6.53325973084264,0.113436934060165,-0.00033030754892806
0.616666666666667,122.339943505694,116,-6.02106597101364,-6.67083828619756,0.0121309671574062,1.2237939908309,0.60282719420289,-6.50647048148714,0.100883377191465,-0.000919727921388246
0.633333333333333,122.365273983753,116,-6.02106597101364,-6.6420424731866,-0.00559143384715937,1.2237939908309,0.621326185421226,-6.48939187471379,0.0881884281392957,-0.00148743001040192
0.65,122.391513338873,116,-6.02106597101364,-6.61291604480576,-0.0224390217133333,1.2237939908309,0.639723610889799,-6.47819778983743,0.0759303928847403,-0.00200664021958516
0.666666666666667,122.418641376333,116,-6.02106597101364,-6.58363831150706,-0.0378712275811347,1.2237939908309,0.658017919174081,-6.47013353423319,0.0644801172802363,-0.00246185934605685
0.683333333333333,122.446637173972,116,-6.02106597101364,-6.55436981928579,-0.0515872443192934,1.2237939908309,0.676207635555641,-6.46326750668416,0.0540547265113795,-0.00284573262301135
0.7,122.47547918646,115,-7.02106597101364,-6.5252536011713,-0.0634589930848857,1.2237939908309,0.694291359957018,-6.45629439768356,0.0447594379567756,-0.00315664470707717
0.716666666666667,122.505145340169,115,-7.02106597101364,-6.59149291932638,-0.073479606569525,1.2237939908309,0.712267764913641,-6.44837996660104,0.0366198583546352,-0.00339688861497426
0.733333333333333,122.535613119545,115,-7.02106597101364,-6.65216410125227,-0.0895463628262759,1.2237939908309,0.730135593591818,-6.47552308119771,0.0244751199945431,-0.00381811702104484
0.75,122.566859645749,115,-7.02106597101364,-6.707574383163,-0.108346732903787,1.2237939908309,0.747893657851834,-6.52541027413858,0.0104543868056658,-0.00430915810419136
0.766666666666667,122.598861748286,115,-7.02106597101364,-6.75802346417754,-0.127577140844194,1.2237939908309,0.765540836355211,-6.58882311554468,-0.00394577001214555,-0.00479464373513868
0.783333333333333,122.631596030291,115,-7.02106597101364,-6.80380285145623,-0.145698943702775,1.2237939908309,0.783076072715228,-6.6589681760316,-0.0177110978293948,-0.00522605061250873
0.8,122.665038928021,115,-7.02106597101364,-6.84519531690158,-0.161746404114524,1.2237939908309,0.800498373689769,-6.73094000656518,-0.0301909864621295,-0.00557469421233469
0.816666666666667,122.699166765121,114,-8.02106597101364,-6.88247445595905,-0.175176430810669,1.2237939908309,0.817806807415638,-6.80129220600772,-0.0410052377721071,-0.00582628526803629
0.833333333333333,122.733955802097,114,-8.02106597101364,-7.01098088016561,-0.185751765388423,1.2237939908309,0.835000501683459,-6.86769612922334,-0.0499712649203053,-0.00597673200663666
0.85,122.769382281451,114,-8.02106597101364,-7.12993363899534,-0.201273013976215,1.2237939908309,0.852078642252311,-6.96515430375677,-0.0621792380657752,-0.00627576171121002
0.866666666666667,122.805422468848,114,-8.02106597101364,-7.23978677631735,-0.218425309299597,1.2237939908309,0.869040471203277,-7.08073673842063,-0.0754909097910951,-0.00661333435722932
0.883333333333333,122.842052690653,114,-8.02106597101364,-7.34098971758196,-0.234966864170258,1.2237939908309,0.885885285331065,-7.20489462889181,-0.0884432077730973,-0.00691720749732697
0.9,122.879249368166,114,-8.02106597101364,-7.43398556055828,-0.249462029669412,1.2237939908309,0.902612434572928,-7.33071649499208,-0.100083418249912,-0.00714318143242247
0.916666666666667,122.916989048813,114,-8.02106597101364,-7.51920958318076,-0.26107209914614,1.2237939908309,0.919221320474074,-7.45333330518048,-0.109839527082596,-0.00726750689273028
0.933333333333333,122.955248434554,114,-8.02106597101364,-7.59708795222645,-0.269392398858767,1.2237939908309,0.935711394688814,-7.56944450376257,-0.117418814655523,-0.00728101866669795
0.95,122.994004407735,114,-8.02106597101364,-7.66803661732736,-0.274326351292007,1.2237939908309,0.95208215751668,-7.67694192658502,-0.122729082913803,-0.00718464137462193
0.966666666666667,123.033234054586,114,-8.02106597101364,-7.7324603755963,-0.27598895729584,1.2237939908309,0.968333156472786,-7.77461277524012,-0.12581794619093,-0.0069859813439323
0.983333333333333,123.07291468655,114,-8.02106597101364,-7.79075209290662,-0.274633585188205,1.2237939908309,0.984463984891694,-7.86190626897379,-0.126826481710056,-0.00669677393297642
1,123.113023859611,115,-7.02106597101364,-7.84329206861407,-0.27059713445399,1.2237939908309,1.00047428056409,-7.93875143330606,-0.125954243635678,-0.00633100084904835
1.01666666666667,123.153539391778,115,-7.02106597101364,-7.79537099065534,-0.264259604795689,1.2237939908309,1.01636372440558,-8.00541581952039,-0.123433223618738,-0.00590352882029579
1.03333333333333,123.194439378853,115,-7.02106597101364,-7.74837786528409,-0.248192728648487,1.2237939908309,1.03213203915685,-8.02591305282216,-0.114377215040103,-0.00518232080649748
1.05,123.235702208627,116,-6.02106597101364,-7.70244299713179,-0.226223858443876,1.2237939908309,1.04777898811469,-8.01297061716994,-0.101225974238545,-0.00429894532531775
1.06666666666667,123.277306573598,117,-5.02106597101364,-7.56260076505203,-0.201181391973688,1.2237939908309,1.063304373893,-7.97648676600629,-0.0857991603101757,-0.00334878295628716
1.08333333333333,123.319231482342,117,-5.02106597101364,-7.33490295964575,-0.167291786788411,1.2237939908309,1.07870803721337,-7.8876142270992,-0.0642984699404059,-0.00215237781492711
1.1,123.36145626961,118,-4.02106597101364,-7.12025183605568,-0.121617362674856,1.2237939908309,1.09398985572439,-7.72778753277329,-0.0347412196771421,-0.000626288113274384
1.11666666666667,123.403960605256,119,-3.02106597101364,-6.82320772632456,-0.0710401031277741,1.2237939908309,1.10914974284925,-7.52266567415107,-0.00156743412805282,0.000999955377262798
1.13333333333333,123.446724502079,120,-2.02106597101364,-6.44934328529852,-0.0125381258452181,1.2237939908309,1.12418764666092,-7.25508234099732,0.0372199143433645,0.00281754439727859
1.15,123.489728322646,121,-1.02106597101364,-6.00400291447751,0.0550554019050626,1.2237939908309,1.13910354878433,-6.9149630668103,0.0824231782179432,0.0048557937114432
1.16666666666667,123.532952785169,122,-0.0210659710136412,-5.49230129479892,0.131638471924805,1.2237939908309,1.15389746332507,-6.49749682207706,0.134018358317784,0.00710284980543309
1.18333333333333,123.576378968513,122,-0.0210659710136412,-4.9191232095744,0.216282554753075,1.2237939908309,1.16856943582385,-6.00170565218491,0.191434689057607,0.00952113022547938
1.2,123.619988316378,123,0.978934028986359,-4.38420105866734,0.307561872974039,1.2237939908309,1.18311954223637,-5.42933323604925,0.253764244889765,0.0120586505422673
1.21666666666667,123.66376264072,124,1.97893402898636,-3.79092853789994,0.395972234161106,1.2237939908309,1.19754788793792,-4.82047188731757,0.314785069607776,0.014410333909042
1.23333333333333,123.707684124475,124,1.97893402898636,-3.14372027606558,0.483187977156777,1.2237939908309,1.21185460675218,-4.16785774792094,0.375530897764528,0.0166348601149337
1.25,123.751735323608,125,2.97893402898636,-2.54185256154489,0.569941141905743,1.2237939908309,1.22603986000386,-3.46785769376371,0.436433385148816,0.0187591125254121
1.26666666666667,123.795899168559,125,2.97893402898636,-1.88827773847596,0.648507066050547,1.2237939908309,1.24010383559435,-2.75597189309498,0.492383975133032,0.0205421911479305
1.28333333333333,123.840158965115,126,3.97893402898636,-1.28206095049355,0.722018947583582,1.2237939908309,1.25404674710026,-2.02102049045129,0.545337159981315,0.0220945846460308
1.3,123.884498394751,126,3.97893402898636,-0.625956441024865,0.784574478995202,1.2237939908309,1.26786883289403,-1.29251989165322,0.59135009692532,0.02323777882153
1.31666666666667,123.92890151448,127,4.97893402898636,-0.0188438527401663,0.809212447994709,2.03300643882561,1.28796143760089,-0.561397990731996,0.59884406937585,0.024132975829931
1.33333333333333,123.973352709334,127,4.97893402898636,0.664841995688743,0.798609624373867,1.2237939908309,1.31325254497674,0.104494315391752,0.572210175315324,0.0247255631669864
1.35,124.017835584036,127,4.97893402898636,1.32300693990668,0.802305750528159,2.02609974135906,1.33607192584703,0.765305819742316,0.56038340029009,0.0253924883150424
1.36666666666667,124.062330776811,127,4.97893402898636,1.95512380979608,0.800416052097926,2.02421004292883,1.36008292861716,1.4108522219289,0.542429094174079,0.0260752500810873
1.38333333333333,124.106815281878,128,5.97893402898636,2.58858204513081,0.800892959310392,2.0246869501413,1.38350579391071,2.03813574237976,0.527409999243059,0.0267473033512901
1.4,124.151260501059,128,5.97893402898636,3.31514608929778,0.799828987452738,1.2237939908309,1.40744501006574,2.65195280361243,0.510382616944086,0.0274588080019239
1.41666666666667,124.195630525241,128,5.97893402898636,4.00304718575705,0.79971846540207,1.2237939908309,1.43315933647778,3.29733226718659,0.490237852538885,0.0284819612040462
1.43333333333333,124.239882412838,128,5.97893402898636,4.62542341483799,0.803606469492072,2.02740046032298,1.4589680644292,3.94246702713094,0.472774097926991,0.0296447794876966
1.45,124.283969031715,128,5.97893402898636,5.21429210638277,0.8049637058768,2.0287576967077,1.48512073308724,4.56339017058363,0.453209248701148,0.0307759666602732
1.46666666666667,124.327840722709,128,5.97893402898636,5.79822502486959,0.805309265283988,2.02910325611489,1.51114355009356,5.15684979330311,0.433544310080923,0.0318508541763327
1.48333333333333,124.371443867619,128,5.97893402898636,6.37494441979058,0.806450910089418,2.03024490092032,1.53703372521083,5.73139816302745,0.414944513964288,0.0329280737135473
1.5,124.414719267007,128,5.97893402898636,6.94244858140522,0.809215140072897,2.0330091309038,1.56281000764744,6.29233163225917,0.397900602801557,0.0340365455955377
1.51666666666667,124.457601359279,128,5.97893402898636,7.49908289155931,0.813798201777367,2.03759219260827,1.58849938967704,6.84252764670021,0.382480485896409,0.035185569589445
1.53333333333333,124.500018001731,128,5.97893402898636,8.04354559685808,0.820029914931799,2.0438239057627,1.61412891165062,7.38318071018485,0.368515013578142,0.0363725837926356
1.55,124.541890607731,127,4.97893402898636,8.57485668719469,0.827560064211165,2.05135405504207,1.63972119445432,7.91440068560455,0.355726748517624,0.0375887742442833
1.56666666666667,124.583134508365,127,4.97893402898636,8.99723310869218,0.8359813324062,2.0597753232371,1.66529252680376,8.43566847719792,0.343812963396151,0.0388228746025489
1.58333333333333,124.623659451828,127,4.97893402898636,9.41122452628659,0.837415022568415,2.06120901339932,1.69078460509187,8.90979215608523,0.327727603948964,0.0398166164226733
1.6,124.663370182102,127,4.97893402898636,9.81604681527041,0.835386931908397,2.0591809227393,1.71611050651057,9.34842982827804,0.309899896751179,0.0406763267381845
1.61666666666667,124.702167056941,126,3.97893402898636,10.2106843523363,0.832180653652744,2.05597464448365,1.74123132562086,9.7603315679577,0.291866727716456,0.0414727127613031
1.63333333333333,124.739946677692,126,3.97893402898636,10.4990449586518,0.829143558812383,2.05293754964329,1.76613809766529,10.1516825881705,0.274504218683051,0.0422490280984174
1.65,124.776602512125,126,3.97893402898636,10.7812790120155,0.819471114713266,2.04326510554417,1.79077058235085,10.4902104810353,0.253462265383444,0.0427817057209943
1.66666666666667,124.81202549764,125,2.97893402898636,11.0562227260726,0.80726791172142,2.03106190255232,1.81505348933657,10.7909880585759,0.231521001530423,0.0431970140782872
1.68333333333333,124.846104616602,125,2.97893402898636,11.2274808943652,0.805757629716676,2.02955162054758,1.83679857421141,11.0658341164362,0.22204068138851,0.0435751610772465
1.7,124.878727438719,125,2.97893402898636,11.3952403687866,0.800902171418065,2.02469616224897,1.85743612248377,11.3007861692555,0.212566618911421,0.0436902535885224
1.71666666666667,124.909780630569,124,1.97893402898636,11.558835131458,0.801085374298631,2.02487936512954,1.87584072233506,11.5056521395683,0.21096160986001,0.0436408688703267
1.73333333333333,124.939150493712,124,1.97893402898636,11.6226752106155,0.800738115947519,2.02453210677842,1.89350736492019,11.6931563507046,0.210245920138445,0.043487387192486
1.75,124.966723592318,123,0.978934028986359,11.687517005164,0.79750095791675,1.2237939908309,1.90946982226923,11.8385252422284,0.210863206807296,0.0430049046122907
1.76666666666667,124.992387360903,123,0.978934028986359,11.6299925686387,0.793988248590521,1.2237939908309,1.92387061838304,11.9572417663484,0.214100757907958,0.0423079168141451
1.78333333333333,125.016031647658,123,0.978934028986359,11.526243700837,0.798151169527641,1.2237939908309,1.93341953243058,12.0208514770939,0.232143170595835,0.0411376641252676
1.8,125.037552193007,122,-0.0210659710136412,11.3818102212794,0.786885142438555,1.2237939908309,1.942810967223,12.0341415561964,0.239473120896143,0.0395082025697071
1.81666666666667,125.056853586756,122,-0.0210659710136412,11.1067528940395,0.760925523724857,1.2237939908309,1.95204751888225,11.9920581126734,0.236465307416026,0.0374597862465695
1.83333333333333,125.073850955559,121,-1.02106597101364,10.8068602543102,0.714047840132365,1.2237939908309,1.96113174074784,11.8572906658073,0.218941922413696,0.0348117521713021
1.85,125.088470789313,121,-1.02106597101364,10.391233712291,0.651776910582207,1.2237939908309,1.9700661440816,11.6440266856626,0.190390453619577,0.0317608841243274
1.86666666666667,125.100651194075,120,-2.02106597101364,9.96473354990247,0.571053289294633,1.2237939908309,1.97885319876086,11.3289982196649,0.148720672151663,0.0282261652609137
1.88333333333333,125.110341763797,120,-2.02106597101364,9.43556520910742,0.47935549591934,1.2237939908309,1.98749533396022,10.9364002588371,0.098738000007568,0.0244621846153539
1.9,125.11750320074,120,-2.02106597101364,8.90772618530762,0.374688968026896,1.2237939908309,1.99599493882204,10.449865564312,0.0391008212486452,0.0204155481609399
1.91666666666667,125.122106774664,119,-3.02106597101364,8.38366949207615,0.264958356959616,1.2237939908309,2.00435436311598,9.89812036892554,-0.0250501185175412,0.0163472498824942
1.93333333333333,125.124133684293,119,-3.02106597101364,7.77048609933474,0.15597098569787,1.2237939908309,2.01257591788755,9.30402610409247,-0.0898821624106879,0.0124427418508268
1.95,125.123574366043,119,-3.02106597101364,7.17111364416588,0.0440491177634582,1.2237939908309,2.02066187609614,8.64915954989499,-0.15773822836111,0.00858145912386739
1.96666666666667,125.12042778192,118,-4.02106597101364,6.58699916940382,-0.0645310889562771,1.2237939908309,2.02861447324238,7.95974477215361,-0.224462699983365,0.00496124714812815
1.98333333333333,125.114700708941,118,-4.02106597101364,5.92428064947935,-0.165491887025277,1.2237939908309,2.0364359079853,7.25590139007849,-0.28716137081511,0.00170970545996437
2,125.1064070455,118,-4.02106597101364,5.28499462745559,-0.263914368393343,1.2237939908309,2.04412834274922,6.51637656696831,-0.349049241172069,-0.00134559574427854
2.01666666666667,125.095567144959,118,-4.02106597101364,4.66973774124828,-0.354784821321815,1.2237939908309,2.05169390432075,5.76458612856216,-0.406764856808559,-0.0040524214599822
2.03333333333333,125.082207182974,118,-4.02106597101364,4.07892346013655,-0.434941572921154,1.2237939908309,2.05913468443587,5.01793898913379,-0.458124728720808,-0.00632256434592843
2.05,125.066358562295,118,-4.02106597101364,3.5127999788077,-0.502614390443102,1.2237939908309,2.06645274035737,4.28910377515057,-0.501838384661113,-0.00811504312495316
2.06666666666667,125.04805735679,118,-4.02106597101364,2.97146697788327,-0.557060948149517,1.2237939908309,2.07365009544282,3.58703102778174,-0.537282411851924,-0.00942295045986803
2.08333333333333,125.027343794989,118,-4.02106597101364,2.45489129177058,-0.598281672471941,1.2237939908309,2.08072873970313,2.9177756675123,-0.564322269723422,-0.0102632342298913
2.1,125.004261782456,118,-4.02106597101364,1.96292152561727,-0.626797678523517,1.2237939908309,2.08769063035192,2.28515654148875,-0.583172676044997,-0.0106688281083661
2.11666666666667,124.978858461613,118,-4.02106597101364,1.49530166377297,-0.643479316093719,1.2237939908309,2.09453769234588,1.69128335572758,-0.594289042151546,-0.0106826560010664
2.13333333333333,124.9511838072,119,-3.02106597101364,1.05168371251155,-0.649415154344427,1.2237939908309,2.1012718189162,1.13697589532655,-0.59828381272814,-0.010353124241321
2.15,124.921290255316,119,-3.02106597101364,0.726715960453753,-0.645813135966791,1.2237939908309,2.10789487209125,0.622095968561593,-0.595862702568093,-0.00973078878013309
2.16666666666667,124.889232363826,119,-3.02106597101364,0.418865503396411,-0.626105036236443,1.2237939908309,2.11440868321065,0.182292632294161,-0.582645159801024,-0.0086191146256992
2.18333333333333,124.855066501914,119,-3.02106597101364,0.127784989203367,-0.594977538661808,1.2237939908309,2.1208150534309,-0.195843730170352,-0.561586704690831,-0.00718394409656082
2.2,124.818850566583,119,-3.02106597101364,-0.14691767176271,-0.556093862316632,1.2237939908309,2.12711575422263,-0.523141615333521,-0.535016698833746,-0.00555298447366902
2.21666666666667,124.78064372398,119,-3.02106597101364,-0.405672509593725,-0.51229623954246,1.2237939908309,2.13331252785971,-0.808339637409028,-0.504760395384975,-0.00382352136113775
2.23333333333333,124.740506173523,119,-3.02106597101364,-0.648941250596168,-0.465770314962406,1.2237939908309,2.13940708790031,-1.05848742882146,-0.472238221248853,-0.00206866424298612
2.25,124.698498932947,120,-2.02106597101364,-0.877211596441707,-0.41817837723217,1.2237939908309,2.14540111965996,-1.27927226918897,-0.438546401078479,-0.000342392828600279
2.26666666666667,124.654683642493,120,-2.02106597101364,-0.995915457331872,-0.370767116272403,1.2237939908309,2.15129628067692,-1.47528472963563,-0.404522311467277,0.0013163748976402
2.28333333333333,124.609122386621,120,-2.02106597101364,-1.10661250711157,-0.316632432091435,1.2237939908309,2.1570942011698,-1.61375049635557,-0.365665757371891,0.00312734153194292
2.3,124.561877531735,120,-2.02106597101364,-1.20962911975998,-0.259873881286009,1.2237939908309,2.16279648448771,-1.70975555814363,-0.324639418655388,0.00495504707265024
2.31666666666667,124.513011578566,120,-2.02106597101364,-1.30529395718349,-0.203410231288366,1.2237939908309,2.16840470755297,-1.77490654613054,-0.283366580185797,0.00670614780518913
2.33333333333333,124.462587027937,120,-2.02106597101364,-1.3939361028506,-0.149252528421025,1.2237939908309,2.17392042129647,-1.8180582363656,-0.243198699716078,0.00831932053454002
2.35,124.410666258792,120,-2.02106597101364,-1.4758833964136,-0.0987206882000793,1.2237939908309,2.17934515108599,-1.84589931475103,-0.205048766297417,0.00975730016000647
2.36666666666667,124.357311417433,120,-2.02106597101364,-1.55146095564553,-0.0526144997222803,1.2237939908309,2.18468039714734,-1.86342263696498,-0.169496985765875,0.0110006331089864
2.38333333333333,124.302584317035,119,-3.02106597101364,-1.62098987258625,-0.0113479356776363,1.2237939908309,2.18992763497862,-1.87430154344847,-0.136874137836859,0.0120428066511925
2.4,124.246546346589,119,-3.02106597101364,-1.77986261194558,0.0249459865400715,1.2237939908309,2.19508831575767,-1.88118992504567,-0.10732696724461,0.0128864777788315
2.41666666666667,124.189258388471,119,-3.02106597101364,-1.92735370376678,0.0485117423359563,1.2237939908309,2.20016386674275,-1.92244435588949,-0.0860007617385598,0.0132937474620268
2.43333333333333,124.130780743977,119,-3.02106597101364,-2.06397563218649,0.0629931906615056,1.2237939908309,2.2051556916667,-1.98726203707528,-0.0706210548147274,0.0133951189835352
2.45,124.071173066134,119,-3.02106597101364,-2.19023861300316,0.0711452563204774,1.2237939908309,2.21006517112455,-2.06730992830366,-0.0594605710728178,0.0132884678831509
2.46666666666667,124.010494299254,119,-3.02106597101364,-2.30664832955833,0.0750260921914742,1.2237939908309,2.21489366295476,-2.15622711514948,-0.0512223063348647,0.0130462425781339
2.48333333333333,123.948802624664,119,-3.02106597101364,-2.41370393726065,0.0761510900422111,1.2237939908309,2.21964250261418,-2.24922080786429,-0.0449455913962275,0.0127212115427926
2.5,123.88615541215,119,-3.02106597101364,-2.51189631734459,0.0756158749728626,1.2237939908309,2.22431300354684,-2.3427391229242,-0.039930875658893,0.0123510323545984
2.51666666666667,123.822609176678,119,-3.02106597101364,-2.60170656134056,0.074194140379817,1.2237939908309,2.22890645754667,-2.43420673348987,-0.0356797257769659,0.0119618681121646
2.53333333333333,123.758219539969,119,-3.02106597101364,-2.68360466861342,0.0724151239075974,1.2237939908309,2.23342413511424,-2.52181191139022,-0.0318471623574788,0.0115712356336124
2.55,123.693041196584,119,-3.02106597101364,-2.75804844019709,0.0706246526370067,1.2237939908309,2.2378672858076,-2.60433550414783,-0.0282039767750463,0.0111902359702748
2.56666666666667,123.627127884166,119,-3.02106597101364,-2.82548255301201,0.0690329664470739,1.2237939908309,2.24223713858737,-2.68101406532153,-0.0246070986968829,0.0108252898854184
2.58333333333333,123.560532357536,119,-3.02106597101364,-2.88633779939555,0.0677519360006531,1.2237939908309,2.24653490215617,-2.75143074305212,-0.0209764383411386,0.0104794780223311
2.6,123.493306366347,119,-3.02106597101364,-2.941030477702,0.0668238044078934,1.2237939908309,2.25076176529239,-2.81542867861636,-0.0172769186159717,0.0101535666650057
2.61666666666667,123.425500636053,119,-3.02106597101364,-2.98996192053438,0.0662431812287083,1.2237939908309,2.2549188971785,-2.87304261447877,-0.0135046517807963,0.00984678456618591
2.63333333333333,123.357164851921,119,-3.02106597101364,-3.03351814795568,0.065973689037176,1.2237939908309,2.25900744772397,-2.92444519353951,-0.00967641201885521,0.0095574036905228
2.65,123.288347645888,119,-3.02106597101364,-3.07206963378813,0.0659603937797585,1.2237939908309,2.26302854788287,-2.96990507616251,-0.00582171670245205,0.00928316640418839
2.66666666666667,123.219096586037,119,-3.02106597101364,-3.10597117384665,0.0661389302270416,1.2237939908309,2.26698330996616,-3.00975453259051,-0.00197696131261708,0.00902159322938023
2.68333333333333,123.149458168503,119,-3.02106597101364,-3.13556184566449,0.0664420543245929,1.2237939908309,2.27087282794896,-3.04436460505435,0.00181883895322044,0.00877019843530696
2.7,123.079477811629,119,-3.02106597101364,-3.16116504995474,0.0668042080447573,1.2237939908309,2.27469817777266,-3.07412629252081,0.00552705965362392,0.00852663517710968
2.71666666666667,123.009199852211,119,-3.02106597101364,-3.18308862471091,0.0671645635068416,1.2237939908309,2.2784604176421,-3.09943650512132,0.00911151658696499,0.00828878738966613
2.73333333333333,122.938667543657,119,-3.02106597101364,-3.20162502348176,0.0674689167682516,1.2237939908309,2.28216058831784,-3.12068777609861,0.0125397828336698,0.00805482200341323
2.75,122.867923055936,119,-3.02106597101364,-3.21705154996097,0.0676707237429043,1.2237939908309,2.28579971340362,-3.13826091593046,0.0157839545641051,0.00782321211661802
2.76666666666667,122.797007477166,119,-3.02106597101364,-3.22963064160994,0.0677315078304333,1.2237939908309,2.28937879962908,-3.15251995387943,0.0188210085333496,0.00759273940301354
2.78333333333333,122.725960816724,119,-3.02106597101364,-3.23961019558323,0.0676208182809453,1.2237939908309,2.29289883712785,-3.16380884298931,0.0216328633078669,0.00736248214842766
2.8,122.654822009743,119,-3.02106597101364,-3.24722393075011,0.0673158778020435,1.2237939908309,2.29636079971098,-3.17244951081727,0.0242062314463337,0.00713179380701536
2.81666666666667,122.583628922905,119,-3.02106597101364,-3.2526917801032,0.0668010255670117,1.2237939908309,2.29976564513599,-3.17874092434781,0.0265323299701049,0.00690027577473855
2.83333333333333,122.512418361414,119,-3.02106597101364,-3.25622030831707,0.0660670360685476,1.2237939908309,2.30311431537137,-3.18295890721512,0.0286065005885002,0.00666774713561338
2.85,122.441226077042,118,-4.02106597101364,-3.25800314966553,0.0651103739203048,1.2237939908309,2.3064077368568,-3.18535650356004,0.0304277785346861,0.00643421339649983
2.86666666666667,122.370086777183,118,-4.02106597101364,-3.3532980025126,0.0639324287058476,1.2237939908309,2.30964682075903,-3.18616472804008,0.0319984388994393,0.00619983564924347
2.88333333333333,122.299034134798,118,-4.02106597101364,-3.44123878037635,0.0547166038229611,1.2237939908309,2.31283246322358,-3.22207739166224,0.0281919429787604,0.00571807105405733
2.9,122.228100799195,118,-4.02106597101364,-3.52219282920477,0.0409120181863508,1.2237939908309,2.3159655456223,-3.28120178423974,0.0212102518017048,0.00510680531730737
2.91666666666667,122.157318407552,117,-5.02106597101364,-3.59652191116928,0.0249921459470897,1.2237939908309,2.31904693479681,-3.35454082345472,0.0126467441812344,0.00444895142534634
2.93333333333333,122.086717597121,117,-5.02106597101364,-3.75965757243466,0.00868221920621807,1.2237939908309,2.32207748329799,-3.43538075812526,0.00362575207446595,0.00380085168243713
2.95,122.016328018042,117,-5.02106597101364,-3.91091181634064,-0.0146828711035102,1.2237939908309,2.32505802962144,-3.5552821609935,-0.0102181974551283,0.00295206340699385
2.96666666666667,121.946178344079,117,-5.02106597101364,-4.05083298271361,-0.0409322791163214,1.2237939908309,2.32798939843914,-3.6986339833586,-0.0261949815701921,0.0020416991588202
2.98333333333333,121.876296264242,116,-6.02106597101364,-4.1799655249757,-0.067188725964823,1.2237939908309,2.33087240082727,-3.85381818465017,-0.0424265990516682,0.00116308098573207
3,121.806708483052,116,-6.02106597101364,-4.39392429416471,-0.0915539333457327,1.2237939908309,2.33370783449027,-4.01234416403421,-0.0576533304907866,0.000375277577893427
3.01666666666667,121.737441071704,115,-7.02106597101364,-4.5922042432586,-0.120683286807823,1.2237939908309,2.33649648398118,-4.20463854391403,-0.0762122673511541,-0.000534707280545425
3.03333333333333,121.668520633479,115,-7.02106597101364,-4.87061198537567,-0.150507816553893,1.2237939908309,2.33923912091842,-4.41444010095438,-0.0954593304291009,-0.00143377194390773
3.05,121.599973055215,114,-8.02106597101364,-5.12883649407173,-0.186146615211585,1.2237939908309,2.34193650419894,-4.66632301668111,-0.118743683157973,-0.00248352764307233
3.06666666666667,121.531823027372,114,-8.02106597101364,-5.46287946098486,-0.22247842287949,1.2237939908309,2.34458938020787,-4.93968289665533,-0.142737317469961,-0.0035165950023711
3.08333333333333,121.464094110148,113,-9.02106597101364,-5.7726249209918,-0.263935271306452,1.2237939908309,2.34719848302474,-5.25593137094899,-0.170336223327084,-0.0046730647997844
3.1,121.396808791589,113,-9.02106597101364,-6.15426865177248,-0.304980759942463,1.2237939908309,2.34976453462626,-5.59221880843293,-0.197932219248271,-0.00577339972146344
3.11666666666667,121.329988539056,112,-10.0210659710136,-6.50788694992535,-0.349830835377218,1.2237939908309,2.35228824508582,-5.96841870578875,-0.228268832864347,-0.00695226405807275
3.13333333333333,121.26365384516,112,-10.0210659710136,-6.92986528284509,-0.392875561709337,1.2237939908309,2.35477031276964,-6.36068323477494,-0.257677845233712,-0.00802940269294839
3.15,121.197824269053,111,-11.0210659710136,-7.32046641115727,-0.43835643610113,1.2237939908309,2.35721142452974,-6.78829527882831,-0.288907883596858,-0.00914193052606902
3.16666666666667,121.132518473849,111,-11.0210659710136,-7.77625847391077,-0.480755049512055,1.2237939908309,2.35961225589367,-7.22711971334825,-0.318340049065039,-0.0101140520978468
3.18333333333333,121.067754260765,110,-12.0210659710136,-8.19768262464613,-0.52444547488819,1.2237939908309,2.3619734712512,-7.69637376803564,-0.348800645910919,-0.0110884907528348
3.2,121.003548600513,110,-12.0210659710136,-8.68148070419539,-0.564064432248847,1.2237939908309,2.36429572403786,-8.17201475047822,-0.376764934111629,-0.0118955814332773
3.21666666666667,120.939917662362,109,-13.0210659710136,-9.12826253231286,-0.604150206256251,1.2237939908309,2.36657965691545,-8.67346133050119,-0.405161113889168,-0.0126842538947642
3.23333333333333,120.876876841199,109,-13.0210659710136,-9.63493329829378,-0.639503239054808,1.2237939908309,2.36882590194969,-9.17694371200679,-0.430567774798253,-0.0132908185455774
3.25,120.81444078291,108,-14.0210659710136,-10.1022606272954,-0.6748184749007,1.2237939908309,2.37103508078478,-9.7021965018624,-0.45601346647861,-0.0138697484502002
3.26666666666667,120.752623408286,108,-14.0210659710136,-10.627301797439,-0.705041664854579,1.2237939908309,2.3732078048152,-10.2257876728646,-0.478171183703858,-0.0142623434268903
3.28333333333333,120.691437935675,108,-14.0210659710136,-11.1109706796255,-0.73499914283249,1.2237939908309,2.37534467535466,-10.7677958766078,-0.500156073495847,-0.0146274491341107
3.3,120.63089690253,107,-15.0210659710136,-11.5553883300664,-0.759752836503744,1.2237939908309,2.37744628380222,-11.3051282561028,-0.518718880837199,-0.0148101009510734
3.31666666666667,120.571012185998,107,-15.0210659710136,-12.0577147398623,-0.77640751878795,1.2237939908309,2.37951321180572,-11.8217062023208,-0.531911625195543,-0.0147254229451615
3.33333333333333,120.511795022648,107,-15.0210659710136,-12.5189543584208,-0.791372687842616,1.2237939908309,2.38154603142248,-12.3433123471529,-0.543870405650795,-0.0145852922390257
3.35,120.45325602745,106,-16.0210659710136,-12.9413075604617,-0.792381199323023,1.2237939908309,2.38183268387522,-12.8489048591194,-0.542845373586693,-0.0142720847379659
3.36666666666667,120.395405212068,106,-16.0210659710136,-13.4220032303407,-0.794756941763653,1.2237939908309,2.38379930534875,-13.3239395865227,-0.546288797227258,-0.0137440315149512
3.38333333333333,120.33825200254,106,-16.0210659710136,-13.8621050806973,-0.786323471635625,1.2237939908309,2.38353081855232,-13.7964402013702,-0.537699457316784,-0.0132349569282314
3.4,120.281805256393,106,-16.0210659710136,-14.2638638755604,-0.785733868308019,1.2237939908309,2.38543463341656,-14.2566587577101,-0.538821464817727,-0.0126452026516963
3.41666666666667,120.226073279253,105,-17.0210659710136,-14.6294741915946,-0.779764211189267,1.2237939908309,2.38730802378113,-14.6950860605207,-0.536171919293436,-0.0119023929589474
3.43333333333333,120.171063840958,105,-17.0210659710136,-15.0561462717723,-0.767220904278298,0.456573086552606,2.38915147578748,-15.1031354915886,-0.528933279643268,-0.0109746164085093
3.45,120.116784230248,105,-17.0210659710136,-15.4715993468455,-0.695899231865535,0.527894758965369,2.37872623021438,-15.4832251610714,-0.456568460799246,-0.0101386070630957
3.46666666666667,120.063242250146,105,-17.0210659710136,-15.8990480046367,-0.634564750652209,0.589229240178695,2.3693857245365,-15.8213919422846,-0.39330927860871,-0.00949324444872012
3.48333333333333,120.010448899296,105,-17.0210659710136,-16.3304849300875,-0.586553087356263,0.637240903474641,2.36093492346244,-16.1452364291836,-0.340930773493795,-0.0091661331304268
3.5,119.958420353537,105,-17.0210659710136,-16.7595629860611,-0.552187694702165,0.671606296128739,2.35314987738479,-16.4700831785555,-0.299209073055437,-0.00918999211627306
3.51666666666667,119.907178724606,105,-17.0210659710136,-17.1815723684844,-0.530095524744052,0.693698466086852,2.3458164084168,-16.8027893113238,-0.266843520676129,-0.00954156800268604
3.53333333333333,119.856752129227,105,-17.0210659710136,-17.5932490647497,-0.518121905932702,0.705672084898202,2.33875033842499,-17.1447905470835,-0.242085338836355,-0.0101693422403933
3.55,119.807174409174,105,-17.0210659710136,-17.9925112102546,-0.513922535233435,0.70987145559747,2.33180527842512,-17.4943879080051,-0.223134451620062,-0.0110119745121037
3.56666666666667,119.758484601535,105,-17.0210659710136,-18.3781846989711,-0.515311442972137,0.708482547858768,2.32487268422155,-17.8483611294697,-0.208364226836588,-0.0120095826909055
3.58333333333333,119.71072635771,105,-17.0210659710136,-18.7497531328812,-0.520435561603056,0.703358429227848,2.31787763511718,-18.2030310037092,-0.196426238213554,-0.0131098143369613
3.6,119.663947394325,105,-17.0210659710136,-19.1071487921368,-0.52783414929576,0.695959841535144,2.31077271963386,-18.554899310633,-0.186277136689211,-0.0142703674176377
3.61666666666667,119.618198979801,105,-17.0210659710136,-19.4505892924624,-0.536428018208941,0.687365972621963,2.30353155508185,-18.9009842665547,-0.177159520364808,-0.0154592698221776
3.63333333333333,119.573535459822,106,-16.0210659710136,-19.7804574421895,-0.545471183469061,0.678322807361843,2.2961428249988,-19.2389504144088,-0.168559520969437,-0.0166538896690717
3.65,119.530013825626,106,-16.0210659710136,-20.0021415953781,-0.554487117664567,0.669306873166338,2.28860526533748,-19.5671104053437,-0.160156238248262,-0.0178393541070089
3.66666666666667,119.487693331873,106,-16.0210659710136,-20.2171703879648,-0.555715059643416,0.668078931187488,2.28099170317082,-19.8479856439006,-0.147005742296241,-0.0187598888568749
3.68333333333333,119.446635229631,106,-16.0210659710136,-20.4255640585306,-0.552888055020027,0.670905935810877,2.27340082591174,-20.0935098723054,-0.13169225769967,-0.0195274628439545
3.7,119.406902681526,107,-15.0210659710136,-20.6269630632684,-0.548522250944758,0.675271739886146,2.26587962344918,-20.3130293854852,-0.115917469261606,-0.0202195872284819
3.71666666666667,119.368560720513,107,-15.0210659710136,-20.7258111759675,-0.544184661298211,0.679609329532693,2.25844138498561,-20.5134742030765,-0.100707257848332,-0.0208862506905087
3.73333333333333,119.331676157977,108,-14.0210659710136,-20.8227007103899,-0.533257759093974,0.69053623173693,2.25114731002719,-20.6633509651549,-0.0818342269044208,-0.0213098750809817
3.75,119.296317424214,108,-14.0210659710136,-20.8217614095373,-0.51999318375563,0.703800807075274,2.24407089692755,-20.7784760251815,-0.0621705765812117,-0.021621675314405
3.76666666666667,119.262554542625,109,-13.0210659710136,-20.8230256215619,-0.499534067874477,0.724259922956427,2.23729683996624,-20.8341301498412,-0.0386698360525721,-0.0216588924482374
3.78333333333333,119.230459372823,109,-13.0210659710136,-20.7300007368797,-0.477186656193435,0.746607334637469,2.23089895171503,-20.8509979271109,-0.0148858717209096,-0.0215869064762879
3.8,119.200106254077,110,-12.0210659710136,-20.6421417536666,-0.448641313038675,0.775152677792229,2.22494911367101,-20.8076469378844,0.01189821246292,-0.0212619368439291
3.81666666666667,119.171573272452,110,-12.0210659710136,-20.462477146566,-0.419410158121829,0.804383832709075,2.21950221479064,-20.7268209198608,0.0380307017772915,-0.020857858451745
3.83333333333333,119.144943049326,111,-11.0210659710136,-20.2900991553597,-0.385177631427653,0.838616359403251,2.21460966248834,-20.5882496430576,0.0662701633289464,-0.0202326615078091
3.85,119.120298472838,112,-10.0210659710136,-20.0277857109989,-0.351333175785504,0.8724608150454,2.21030701940456,-20.4152233768866,0.093079648050843,-0.0195580884912569
3.86666666666667,119.097717456704,113,-9.02106597101364,-19.6793987359383,-0.313387243051623,0.910406747779282,2.20662888498742,-20.1876255964296,0.121360768211546,-0.0186880837357072
3.88333333333333,119.077270279938,113,-9.02106597101364,-19.2486743214802,-0.269057293441244,0.95473669738966,2.20366498866925,-19.8923032612929,0.15248653406908,-0.0175428125909883
3.9,119.05901865481,114,-8.02106597101364,-18.8340599984666,-0.217544730783703,1.0062492600472,2.20152968087252,-19.5215201550721,0.186825421775724,-0.016088169243875
3.91666666666667,119.043015621616,115,-7.02106597101364,-18.3374428825104,-0.166459082711443,1.05733490811946,2.20027414996109,-19.1078805360665,0.219376304715233,-0.0145663212948395
3.93333333333333,119.02930578682,115,-7.02106597101364,-17.7617779188289,-0.112567161869386,1.11122682896152,2.19992005561808,-18.6377932462604,0.25225219526137,-0.0128731435237992
3.95,119.017925679586,116,-6.02106597101364,-17.2050812588078,-0.054169976039131,1.16962401479177,2.20052916818677,-18.102387444787,0.28649981488559,-0.0109503570247456
3.96666666666667,119.008904109212,117,-5.02106597101364,-16.5690582963334,0.00189651841422904,1.22569050924513,2.20211405722235,-17.5328839666644,0.317687988159717,-0.00901870661811266
3.98333333333333,119.00226246546,117,-5.02106597101364,-15.8566476151769,0.0594840410994559,1.28327803193036,2.20466934671274,-16.9143329608527,0.348377662198903,-0.00695654146944668
4,118.998014881641,117,-5.02106597101364,-15.1659482022434,0.120756701933299,1.3445506927642,2.20823877096577,-16.2366766469566,0.379947401328455,-0.00469215317191557
4.01666666666667,118.996168202676,118,-4.02106597101364,-14.4938752666455,0.180581873195279,1.2237939908309,2.21283505567044,-15.530200372662,0.40813556591521,-0.00243659084352265
4.03333333333333,118.996721924966,118,-4.02106597101364,-13.7487154135917,0.251444388510588,1.2237939908309,2.21482998340218,-14.8077137793728,0.449872700004219,-0.000317155199901385
4.05,118.999668429373,118,-4.02106597101364,-13.0364846296652,0.324694150871236,1.2237939908309,2.21683616032875,-14.0422888309413,0.493726826989621,0.00180160297103777
4.06666666666667,119.004993778102,118,-4.02106597101364,-12.3571053025225,0.394018084387681,1.2237939908309,2.2188527012246,-13.2613482328069,0.535541332070293,0.00371975522854839
4.08333333333333,119.012678556773,119,-3.02106597101364,-11.7103465928463,0.455323725991782,1.2237939908309,2.22087874654812,-12.4851669264774,0.572565962240969,0.00531469145199437
4.1,119.022698586299,119,-3.02106597101364,-11.0007657009597,0.506186688303902,1.2237939908309,2.22291346184244,-11.7283998945124,0.603115249898652,0.00652095208015158
4.11666666666667,119.035025535807,119,-3.02106597101364,-10.328912717889,0.553237689438095,1.2237939908309,2.22495603714903,-10.9648281384085,0.631429930089439,0.00756129922804584
4.13333333333333,119.049627456878,119,-3.02106597101364,-9.69398920454148,0.592737599722871,1.2237939908309,2.22700568643365,-10.2133959176551,0.655006686469032,0.00832333405152213
4.15,119.066469252811,119,-3.02106597101364,-9.09510185213072,0.6225535681654,1.2237939908309,2.22906164702444,-9.48751878717377,0.672368781687974,0.00874947607561738
4.16666666666667,119.085513092887,119,-3.02106597101364,-8.53127720027176,0.641727234143245,1.2237939908309,2.23112317906198,-8.79632544294434,0.682797406957888,0.00882139054080748
4.18333333333333,119.106718779391,119,-3.02106597101364,-8.00147514818869,0.650138793892491,1.2237939908309,2.23318956496097,-8.1456498931724,0.686121603014369,0.00854798569830599
4.2,119.130044073666,119,-3.02106597101364,-7.50460132385169,0.648247750487779,1.2237939908309,2.23526010888341,-7.53882099543067,0.682555185107728,0.00795625115902488
4.21666666666667,119.15544498644,119,-3.02106597101364,-7.03951837442964,0.63689476828722,1.2237939908309,2.23733413622292,-6.97728792418874,0.672571252433165,0.00708434692516161
4.23333333333333,119.182876036897,119,-3.02106597101364,-6.60505623985611,0.617152001347832,1.2237939908309,2.23941099310013,-6.4611131345187,0.656806627922464,0.00597646617850008
4.25,119.212290484317,119,-3.02106597101364,-6.20002146958757,0.590211681764301,1.2237939908309,2.24149004586876,-5.98935861557006,0.635990023515798,0.00467908764935558
4.26666666666667,119.243640535602,119,-3.02106597101364,-5.82320564080453,0.557304731015908,1.2237939908309,2.24357068063234,-5.56038647245431,0.610888913760225,0.00323830908245133
4.28333333333333,119.276877531547,119,-3.02106597101364,-5.47339293439073,0.519642772237615,1.2237939908309,2.24565230277119,-5.17209096319641,0.582271072412603,0.00169801496687994
4.3,119.311952114349,119,-3.02106597101364,-5.14936692304118,0.478378237740602,1.2237939908309,2.24773433647956,-4.82207590332315,0.550877520493425,9.86818048347522e-05
4.31666666666667,119.348814378511,119,-3.02106597101364,-4.84991662381349,0.434578337031072,1.2237939908309,2.2498162243127,-4.50778871378215,0.51740428132896,-0.0015233351747782
4.33333333333333,119.387414007005,119,-3.02106597101364,-4.57384186536527,0.389209519840158,1.2237939908309,2.2518974267437,-4.22662022790485,0.482490864541986,-0.00313615708754763
4.35,119.427700394346,119,-3.02106597101364,-4.31995801802638,0.343129772529911,1.2237939908309,2.25397742172976,-3.97597760672235,0.446713828242291,-0.00471247497122484
4.36666666666667,119.469622757961,119,-3.02106597101364,-4.08710013275191,0.297086654628287,1.2237939908309,2.25605570428789,-3.75333626996835,0.41058411464004,-0.00622945727568049
4.38333333333333,119.513130239118,119,-3.02106597101364,-3.87412653290104,0.251719439884999,1.2237939908309,2.25813178607975,-3.55627557522829,0.374547133676635,-0.00766852958860815
4.4,119.55817199447,119,-3.02106597101364,-3.67992190069845,0.20756409350235,1.2237939908309,2.26020519500539,-3.38250202242514,0.338984794186519,-0.00901507128266598
4.41666666666667,119.604697279157,120,-2.02106597101364,-3.5033998981678,0.165060110852389,1.2237939908309,2.26227547480587,-3.2298629858666,0.304218862583811,-0.0102580629284842
4.43333333333333,119.652655522299,120,-2.02106597101364,-3.24842881970318,0.12455847683257,1.2237939908309,2.26434218467438,-3.09635334892314,0.27051517335433,-0.0113897097415159
4.45,119.701996395585,120,-2.02106597101364,-3.01502170805556,0.0941523480002494,1.2237939908309,2.26640489887591,-2.94363309629611,0.243219929041573,-0.0121582294851346
4.46666666666667,119.752669875605,120,-2.02106597101364,-2.80198105428357,0.0706013111356374,1.2237939908309,2.26846320637508,-2.78207544928855,0.220306867670233,-0.0126786381000166
4.48333333333333,119.804626300471,120,-2.02106597101364,-2.60813940998883,0.0515806126313832,1.2237939908309,2.2705167104721,-2.61928099657945,0.200318872372247,-0.0130330160864044
4.5,119.85781642124,120,-2.02106597101364,-2.43236186205438,0.0354613366978631,1.2237939908309,2.27256502844672,-2.46068455245978,0.182232875084909,-0.0132785985005638
4.51666666666667,119.912191448558,121,-1.02106597101364,-2.27354807801499,0.0211375069959449,1.2237939908309,2.27460779120979,-2.31004144717779,0.165353272072962,-0.0134541025814854
4.53333333333333,119.967703094929,121,-1.02106597101364,-2.03555741812378,0.00789086838092271,1.2237939908309,2.27664464296262,-2.16981582575891,0.149228288590031,-0.0135846457278645
4.55,120.024303612958,121,-1.02106597101364,-1.81839854473758,0.00310798444222756,1.2237939908309,2.27867524086367,-2.00500566203062,0.138716356479145,-0.0134387099616404
4.56666666666667,120.08194582987,121,-1.02106597101364,-1.62087364837482,0.00311480552367624,1.2237939908309,2.28069925470256,-1.82843778277012,0.131477863046485,-0.013142204647729
4.58333333333333,120.140583178606,122,-0.0210659710136412,-1.44181861753967,0.00535544737756289,1.2237939908309,2.28271636658129,-1.64947962728127,0.125873048787475,-0.0127812885015181
4.6,120.20016972573,122,-0.0210659710136412,-1.18502856069769,0.00811736426110876,1.2237939908309,2.28472627060238,-1.47480373107008,0.120792621677218,-0.0124124384739201
4.61666666666667,120.260660196401,122,-0.0210659710136412,-0.950447783298417,0.0181379616917147,1.2237939908309,2.28672867256396,-1.27251541461688,0.120656042502141,-0.0118234668528962
4.63333333333333,120.322009996603,122,-0.0210659710136412,-0.7368143419888,0.0313521621503649,1.2237939908309,2.28872328966153,-1.05769059179164,0.122849451750315,-0.0111507543702887
4.65,120.38417523283,123,0.978934028986359,-0.542900505791665,0.0450030606688114,1.2237939908309,2.29070985019634,-0.841281615711039,0.125581246718025,-0.0104845361595846
4.66666666666667,120.447112729419,123,0.978934028986359,-0.272438535204788,0.0573141050630524,1.2237939908309,2.29268809329015,-0.631036335910941,0.127679617458848,-0.00988087095127826
4.68333333333333,120.510780043665,123,0.978934028986359,-0.0253108845748876,0.0750547988363212,1.2237939908309,2.29465776860644,-0.395748374661449,0.133565156435844,-0.00912411056609761
4.7,120.575135478897,123,0.978934028986359,0.199805047761747,0.0942569687350386,1.2237939908309,2.29661863607765,-0.150891695161788,0.140669017440072,-0.00834523104699333
4.71666666666667,120.640138095636,124,1.97893402898636,0.404196289560612,0.112301734410447,1.2237939908309,2.29857046563864,0.0923975906333166,0.147273420273716,-0.00762793770508861
4.73333333333333,120.70574772097,124,1.97893402898636,0.684188371889275,0.12757400141076,1.2237939908309,2.30051303696596,0.326342899675384,0.152297829347922,-0.00702123510735153
4.75,120.771924956273,124,1.97893402898636,0.939955006112818,0.147015177146457,1.2237939908309,2.30244613922296,0.582230996019085,0.16026313008221,-0.00630232766220305
4.76666666666667,120.838631183368,125,2.97893402898636,1.1728732342397,0.16683011030983,1.2237939908309,2.30436957081071,0.844742166986535,0.168703642427665,-0.00559525094912405
4.78333333333333,120.905828569249,125,2.97893402898636,1.479359259393,0.18456755865907,1.2237939908309,2.3062831391243,1.1029416141047,0.176003257878136,-0.0049771769317653
4.8,120.973480069459,125,2.97893402898636,1.75967760500396,0.206592501107765,1.2237939908309,2.3081866603148,1.38576482357633,0.186310219091317,-0.004244278423115
4.81666666666667,121.041549430208,126,3.97893402898636,2.01529580301298,0.228729573572807,1.2237939908309,2.31007995905639,1.67617220349804,0.196909990918398,-0.00353268783465875
4.83333333333333,121.110001189335,126,3.97893402898636,2.34271981406285,0.248293640684084,1.2237939908309,2.3119628683189,1.96199986228276,0.206030530328057,-0.00292661928526945
4.85,121.178800676175,126,3.97893402898636,2.64230282465722,0.271523135163333,1.2237939908309,2.31383522914533,2.27133273803142,0.217732858552504,-0.00222564182598759
4.86666666666667,121.247914010423,127,4.97893402898636,2.91559961810213,0.294193260607006,1.2237939908309,2.31569689043449,2.58656999078281,0.229265067345689,-0.00156672187716419
4.88333333333333,121.317308100064,127,4.97893402898636,3.25920171890526,0.313623296911058,1.2237939908309,2.31754770872854,2.89520513087573,0.23885299565174,-0.0010331711858719
4.9,121.38695063843,127,4.97893402898636,3.57354595245156,0.336092204110982,1.2237939908309,2.31938754800529,3.22514349530665,0.250579610559612,-0.000422542340078803
4.91666666666667,121.45681010046,128,5.97893402898636,3.86026861377358,0.357438460057156,1.2237939908309,2.32121627947531,3.558724047952,0.261730520364732,0.000130866361129023
4.93333333333333,121.526855738213,128,5.97893402898636,4.21604044224421,0.375057436170073,1.2237939908309,2.32303378138358,3.88346558534435,0.270578287334533,0.000546725293375589
4.95,121.597057575697,128,5.97893402898636,4.54137504131342,0.395309755864062,1.2237939908309,2.32483993881571,4.22735801576562,0.281257115968244,0.00103053704801861
4.96666666666667,121.66738640307,128,5.97893402898636,4.83798293455734,0.414115969532033,1.2237939908309,2.32663464350854,4.57286411054201,0.291104976712702,0.00145096496069838
4.98333333333333,121.737813770257,128,5.97893402898636,5.10752991187547,0.428950370407757,1.2237939908309,2.32841779366516,4.90765053305148,0.298445538325156,0.00173043748510496
5,121.808311980036,128,5.97893402898636,5.35163369871851,0.438424856902869,1.2237939908309,2.33018929377407,5.22338396916572,0.30232965140421,0.00183011418646943
5.01666666666667,121.87885408064,128,5.97893402898636,5.57186122424455,0.441966610661706,1.2237939908309,2.33194905443255,5.514775052711,0.302334208916674,0.00173833818830433
5.03333333333333,121.949413857911,128,5.97893402898636,5.7697264366841,0.439570488058159,1.2237939908309,2.33369699217414,5.77882254378063,0.298406836799186,0.00146185119286381
5.05,122.019965827055,128,5.97893402898636,5.94668861712853,0.431610661343081,1.2237939908309,2.33543302929999,6.0142189097927,0.290747047656752,0.00101918702562388
5.06666666666667,122.090485222102,128,5.97893402898636,6.10415114581165,0.418699022845327,1.2237939908309,2.33715709371424,6.22088561777743,0.279716277038025,0.000435773801976324
5.08333333333333,122.160947965904,127,4.97893402898636,6.24346067772414,0.401580297617949,1.2237939908309,2.33886911876311,6.39961233466623,0.265770683436326,-0.000259632174757363
5.1,122.231330643536,127,4.97893402898636,6.27083014649727,0.366695355352746,1.59048934618365,2.3434802657509,6.5486792770918,0.233714984720794,-0.0010363019623366
5.11666666666667,122.301610476449,127,4.97893402898636,6.30128136986033,0.309038107176682,1.53283209800759,2.35080304909398,6.61475128302003,0.180826312814268,-0.00206939718537426
5.13333333333333,122.371764781259,126,3.97893402898636,6.34499869416128,0.253904495971009,1.47769848680191,2.35716419614442,6.62670213678512,0.13158300167162,-0.00312282959831145
5.15,122.44176950107,126,3.97893402898636,6.30133647431102,0.206268651651327,1.43006264248223,2.36265032888672,6.61311723241385,0.0890261419633379,-0.00402657784095783
5.16666666666667,122.511598144122,126,3.97893402898636,6.26667689986583,0.160586096657878,1.38438008748878,2.36733631030742,6.55545892092618,0.0493689377702222,-0.00495038419097725
5.18333333333333,122.581221456287,125,2.97893402898636,6.23697556724404,0.120772845336312,1.34456683616722,2.3712900328505,6.47626418403383,0.0150049409374033,-0.00576037461751118
5.2,122.650612542578,125,2.97893402898636,6.1137988270487,0.0883836593176243,1.31217765014853,2.37462386679984,6.38972159797484,-0.0132796841708723,-0.00639496275437979
5.21666666666667,122.719752356204,125,2.97893402898636,5.99564327821596,0.0560092500625626,1.27980324089347,2.37739505287223,6.26753288617041,-0.0404414212039486,-0.00708612364192213
5.23333333333333,122.788619210054,125,2.97893402898636,5.88029849859978,0.026765867720434,1.25055985855134,2.37963215649811,6.12612715758686,-0.064527943832235,-0.00772978507247276
5.25,122.857188661448,124,1.97893402898636,5.76589014284168,0.00208500391413513,1.22587899474504,2.38140088238828,5.97628846121271,-0.084743715791284,-0.00827293778512727
5.26666666666667,122.925434446097,124,1.97893402898636,5.55593356499994,-0.0176905709433845,1.20610341988752,2.3827811782824,5.82456211243513,-0.101022158444568,-0.00869652753943632
5.28333333333333,122.993329325271,124,1.97893402898636,5.35053973814275,-0.0403454371560703,1.18344855367483,2.38378504761643,5.63812917332731,-0.118475045066929,-0.00924917174465539
5.3,123.060845814487,124,1.97893402898636,5.14875150172046,-0.0626354973187281,1.16115849351218,2.38439403581737,5.43112811926358,-0.13497713330279,-0.00982729740037599
5.31666666666667,123.127956848779,124,1.97893402898636,4.94961125572815,-0.0827383355013217,1.14105565532958,2.38463132444929,5.21354108560463,-0.149398554927573,-0.0103694271616123
5.33333333333333,123.194636347842,124,1.97893402898636,4.75234124172964,-0.0998189628539432,1.12397502797696,2.38454179283568,4.99202472038909,-0.161286990194422,-0.0108440311345416
5.35,123.260859733411,124,1.97893402898636,4.55641983856353,-0.113680529293368,1.11011346153754,2.38417859670114,4.77073469762834,-0.170616957874591,-0.0112395010961115
5.36666666666667,123.326604360373,124,1.97893402898636,4.36159197001638,-0.124500712054543,1.09929327877636,2.38359483320542,4.55205525518756,-0.177603986129094,-0.0115564092669951
5.38333333333333,123.391849910062,124,1.97893402898636,4.16784198410135,-0.132644667990803,1.0911493228401,2.38283893796772,4.33719534467587,-0.18257523161437,-0.0118018877090485
5.4,123.456578643523,124,1.97893402898636,3.97534883823358,-0.138541021477782,1.08525296935312,2.38195265204937,4.12664498264237,-0.18588562655612,-0.0119858025118843
5.41666666666667,123.520775502543,124,1.97893402898636,3.78443651473256,-0.142606422125815,1.08118756870509,2.38097063204224,3.92050377917189,-0.187868471079117,-0.0121183436576079
5.43333333333333,123.584428107686,123,0.978934028986359,3.59552734016776,-0.145205293581534,1.07858869724937,2.37992100914122,3.71870244662434,-0.188810527970378,-0.0122086640892961
5.45,123.647526688287,123,0.978934028986359,3.31402558945628,-0.14663347950162,1.2237939908309,2.37882640863613,3.52114065815583,-0.188943409804612,-0.0122642491491831
5.46666666666667,123.710063962929,123,0.978934028986359,3.04657439700948,-0.160900256148605,1.2237939908309,2.37893984080906,3.28683389147672,-0.200122029233107,-0.0125316174210478
5.48333333333333,123.77203486161,123,0.978934028986359,2.79798032326048,-0.183879732279995,1.2237939908309,2.38028227952911,3.02945268023409,-0.219718305094353,-0.0128687270888246
5.5,123.833435981665,123,0.978934028986359,2.56741510505708,-0.205786642735197,1.2237939908309,2.38161364634911,2.75965179335873,-0.238608246334336,-0.0131553884871067
5.51666666666667,123.894265091254,123,0.978934028986359,2.35405186965267,-0.224093911073069,1.2237939908309,2.38293394837355,2.48970098421399,-0.255118892155318,-0.0133135682706002
5.53333333333333,123.954520782413,123,0.978934028986359,2.15706905270222,-0.23733728544784,1.2237939908309,2.38424319537138,2.22821380908222,-0.268255198115594,-0.0133016167052281
5.55,124.01420222852,123,0.978934028986359,1.97565386385405,-0.244824344958826,1.2237939908309,2.38554139968803,1.98099570552676,-0.27751886008434,-0.013103793931391
5.56666666666667,124.073309013885,123,0.978934028986359,1.80900533210425,-0.246409577886507,1.2237939908309,2.38682857615948,1.75171713859148,-0.282767586467865,-0.0127222480171262
5.58333333333333,124.131841014285,122,-0.0210659710136412,1.65633696164851,-0.242322039590912,1.2237939908309,2.38810474202856,1.54244542831549,-0.284106659219553,-0.0121709338529591
5.6,124.189798314015,122,-0.0210659710136412,1.42180248695415,-0.233034671446729,1.2237939908309,2.38936991686321,1.35406272036745,-0.281806166448787,-0.011471060811822
5.61666666666667,124.24718114934,122,-0.0210659710136412,1.20568615097168,-0.226988625296003,1.2237939908309,2.39062412247681,1.15010868199151,-0.281370151689503,-0.0108945678905221
5.63333333333333,124.303989871053,122,-0.0210659710136412,1.00704761973902,-0.221436762829111,1.2237939908309,2.39186738285043,0.942084277108344,-0.281032407898917,-0.0103505406641626
5.65,124.360224920805,122,-0.0210659710136412,0.824962854937831,-0.214632327347597,1.2237939908309,2.39309972405707,0.738165746493236,-0.279659213567961,-0.00978288398016945
5.66666666666667,124.415886817271,121,-1.02106597101364,0.658526888370879,-0.205564420378926,1.2237939908309,2.39432117418771,0.543966653202662,-0.276585217398285,-0.00916074469235868
5.68333333333333,124.470976149213,121,-1.02106597101364,0.411779660140054,-0.193752769456806,1.2237939908309,2.39553176327926,0.36314373585407,-0.27148556001211,-0.00847114027477332
5.7,124.525493573272,121,-1.02106597101364,0.184896347900121,-0.186911910621396,1.2237939908309,2.39673152324431,0.161392655989502,-0.269408560011417,-0.0079601670762717
5.71666666666667,124.579439814873,121,-1.02106597101364,-0.0231676963213927,-0.181746302317224,1.2237939908309,2.3979204878026,-0.048123795744449,-0.268242111204477,-0.00751759981330491
5.73333333333333,124.63281567105,120,-2.02106597101364,-0.213436077151653,-0.176100186078348,1.2237939908309,2.39909869241424,-0.255960773046074,-0.266592786121248,-0.00707311187599686
5.75,124.685622014349,120,-2.02106597101364,-0.481985148539117,-0.168662033926733,1.2237939908309,2.40026617421464,-0.455547624643338,-0.263602781125128,-0.00658554158785166
5.76666666666667,124.737859797173,120,-2.02106597101364,-0.728753367036274,-0.166556755943609,1.2237939908309,2.40142297195108,-0.678999893052756,-0.26393851024632,-0.00628143373834466
5.78333333333333,124.789530056155,119,-3.02106597101364,-0.954896085146241,-0.166083692438677,1.2237939908309,2.40256912592083,-0.911536152209666,-0.265221902549021,-0.00603753375074207
5.8,124.840633916256,119,-3.02106597101364,-1.25662099687777,-0.164821348573739,1.2237939908309,2.40370467791095,-1.14253855022531,-0.265881683812295,-0.00577535447579619
5.81666666666667,124.891172594413,119,-3.02106597101364,-1.53399688903724,-0.169118534754981,1.2237939908309,2.40482967113956,-1.40109311618374,-0.270079973738658,-0.00569598155315833
5.83333333333333,124.941147402612,118,-4.02106597101364,-1.78830790305099,-0.174752288265179,1.2237939908309,2.40594415019867,-1.67018782068908,-0.275094309402765,-0.00565962391638529
5.85,124.990559750351,118,-4.02106597101364,-2.11588851441144,-0.178969477790032,1.2237939908309,2.40704816099841,-1.93759747824561,-0.279129940802095,-0.00557787402118179
5.86666666666667,125.03941114645,117,-5.02106597101364,-2.41693187845234,-0.187928442854949,1.2237939908309,2.40814175071278,-2.23128351134626,-0.286215738734137,-0.00564671718884492
5.88333333333333,125.08770320025,117,-5.02106597101364,-2.78792028323479,-0.197318345447028,1.2237939908309,2.40922496772679,-2.53347996569415,-0.293562200552766,-0.00572469380127759
5.9,125.13543762221,117,-5.02106597101364,-3.12919497565262,-0.212193098887804,1.2237939908309,2.41029786158496,-2.86797326734141,-0.304486674141386,-0.00597092563756628
5.91666666666667,125.182616223955,116,-6.02106597101364,-3.44230931457867,-0.227483550804947,1.2237939908309,2.41136048294115,-3.2138973742594,-0.315705512997212,-0.00621932816796673
5.93333333333333,125.229240917816,116,-6.02106597101364,-3.82386277821731,-0.239924582245954,1.2237939908309,2.4124128835098,-3.55629589790449,-0.325075499657552,-0.00636670427008505
5.95,125.275313715926,116,-6.02106597101364,-4.17430846429233,-0.255407318513685,1.2237939908309,2.41345511601832,-3.92126419173114,-0.336434171828878,-0.0066025238920181
5.96666666666667,125.320836728914,116,-6.02106597101364,-4.4953062736639,-0.269529119178018,1.2237939908309,2.4144872341609,-4.28983047391584,-0.34691451567289,-0.00678460281600366
5.98333333333333,125.365812164249,116,-6.02106597101364,-4.78848043037772,-0.279551986480246,1.2237939908309,2.41550929255338,-4.64858956939255,-0.354705090046382,-0.00682840742396406
6,125.41024232429,116,-6.02106597101364,-5.05541537005877,-0.283958577665767,1.2237939908309,2.41652134668948,-4.98842095891923,-0.358774291883689,-0.00669100530872913
6.01666666666667,125.454262594821,116,-6.02106597101364,-5.29765227145986,-0.283538453310914,1.2237939908309,2.41752345289809,-5.30346944378993,-0.358655498910925,-0.00635871718598088
6.03333333333333,125.499267718958,116,-6.02106597101364,-5.51668617825879,-0.276831560658643,1.2237939908309,2.41851566830178,-5.59033959444783,-0.354281229245292,-0.00583772666578809
6.05,125.546866373529,116,-6.02106597101364,-5.71396366104907,-0.264218844744001,1.2237939908309,2.41949805077643,-5.84746170792002,-0.345856104835953,-0.00514701020221016
6.06666666666667,125.597493773131,116,-6.02106597101364,-5.890880972257,-0.246339657766109,1.2237939908309,2.42047065891189,-6.07459491761218,-0.333760385875205,-0.00431307626155779
6.08333333333333,125.652733189025,116,-6.02106597101364,-6.04878264943446,-0.22397930159821,1.2237939908309,2.42143355197382,-6.27244161004193,-0.318477958540914,-0.00336613751638772
6.1,125.715067613911,117,-5.02106597101364,-6.18896052501763,-0.197987057280999,1.2237939908309,2.42238678986646,-6.44234995982974,-0.300543308528889,-0.00233738071778414
6.11666666666667,125.787405639589,117,-5.02106597101364,-6.21757656261591,-0.169217909314615,1.2237939908309,2.42333043309655,-6.58608671629103,-0.280503324426816,-0.00125708191456745
6.13333333333333,125.873317485784,117,-5.02106597101364,-6.23685087898276,-0.130670326376794,1.2237939908309,2.42426454273815,-6.66918181589968,-0.253758969238107,9.34657077422091e-05
6.15,125.978300503697,118,-4.02106597101364,-6.24770500394032,-0.0865444829917041,1.2237939908309,2.42518918039851,-6.70585115292962,-0.223005092283574,0.00157155132243371
6.16666666666667,126.113208385589,118,-4.02106597101364,-6.15592510192501,-0.0399857926120725,1.2237939908309,2.42610440818481,-6.7074223371821,-0.190282482188415,0.00307282504042762
6.18333333333333,126.299142267164,118,-4.02106597101364,-6.06335244140006,0.0145172940906054,1.2237939908309,2.42701028867196,-6.64639787117219,-0.151979889637744,0.00476984684701815
6.2,126.565815853251,119,-3.02106597101364,-5.9705288509444,0.0718707139656831,1.2237939908309,2.42790688487118,-6.54195382408736,-0.111400337804431,0.00649425141761809
6.21666666666667,126.939554644188,119,-3.02106597101364,-5.78286190221637,0.1284716094907,1.2237939908309,2.42879426019958,-6.40882554915283,-0.0709124171959477,0.00813076237587587
6.23333333333333,127.435492069118,120,-2.02106597101364,-5.60181712192595,0.189686666322245,1.2237939908309,2.42967247845053,-6.22173679519605,-0.0270296720624931,0.00985130785273843
6.25,128.059895595543,120,-2.02106597101364,-5.33248844627603,0.250494222103056,1.2237939908309,2.43054160376495,-6.00118822521052,0.0169632318817715,0.0114938083727522
6.26666666666667,128.814252079799,120,-2.02106597101364,-5.07602960926458,0.315330564427043,1.2237939908309,2.43140170060334,-5.72608783805665,0.0639448833298438,0.0132004771786822
6.28333333333333,129.69618365815,121,-1.02106597101364,-4.83230247163917,0.378606942278453,1.2237939908309,2.43225283371876,-5.41989349861545,0.110253529449542,0.0147920575455543
6.3,130.701134160058,122,-0.0210659710136412,-4.50604472691944,0.43663620027989,1.2237939908309,2.43309506813045,-5.1000093977776,0.153429251738067,0.0161557727945395
6.31666666666667,131.823175959059,122,-0.0210659710136412,-4.10298777167855,0.494980701714612,1.2237939908309,2.43392846909832,-4.74261883129327,0.197052481729053,0.0174748446390765
6.33333333333333,133.055384752951,123,0.978934028986359,-3.72369391460481,0.556817860761085,1.2237939908309,2.4347531020982,-4.33230590098267,0.243186859553878,0.0188506760454968
6.35,134.390129658807,124,1.97893402898636,-3.27236778914603,0.615806047135007,1.2237939908309,2.43556903279774,-3.89646774993632,0.287677103098288,0.0200806344153245
6.36666666666667,135.819294176369,124,1.97893402898636,-2.75421406374659,0.67569456369059,1.2237939908309,2.43637632703315,-3.41863380076876,0.332936403597816,0.0212878333166361
6.38333333333333,137.334440638911,125,2.97893402898636,-2.26927655416725,0.738480131977575,1.2237939908309,2.43717505078656,-2.88867109767288,0.380260277659489,0.0225356719738007
6.4,138.926928545622,126,3.97893402898636,-1.72125129178456,0.797109100591675,1.2237939908309,2.43796527016408,-2.33766303916669,0.425023039339587,0.0235996733763763
6.41666666666667,140.587995505051,127,4.97893402898636,-1.11484566067106,0.801803489421473,2.02559748025238,2.44963523913225,-1.77737376484102,0.411162279620487,0.0246207558723442
6.43333333333333,142.308808496417,129,6.97893402898636,-0.426653818400607,0.797610964587491,2.0214049554184,2.4641761031691,-1.21555592080802,0.385783527645658,0.0257875749077551
6.45,144.08049141138,130,7.97893402898636,0.458537952819884,0.807269933139238,2.03106392397014,2.47838750888609,-0.624967277277234,0.370813050269369,0.0273174527343245
6.46666666666667,145.89413498093,131,8.97893402898636,1.42976134793747,0.841193703523855,2.06498769435476,2.49295990254525,0.0666387328319451,0.371659181555976,0.0296331328913872
6.48333333333333,147.740799290454,133,10.9789340289864,2.4792438044082,0.896473584758655,2.12026757558956,2.50827087102324,0.865574075097163,0.385798946227618,0.0326741823186056
6.5,149.611517637174,134,11.9789340289864,3.69633135400771,0.969348664586744,2.19314265541765,2.52464127643558,1.77083464157492,0.410265382657678,0.0363470387645628
6.51666666666667,151.497309803892,136,13.9789340289864,4.97587498086871,1.06348317542166,2.28727716625257,2.54239598667927,2.81370898315202,0.446936849111244,0.0407968248004779
6.53333333333333,153.389212881908,138,15.9789340289864,6.41050570178545,1.17157381366337,2.39536780449427,2.5618214924187,3.97471734155604,0.490623525552232,0.0458117733668
6.55,155.278336442524,140,17.9789340289864,7.99301030688285,1.29570311157613,2.51949710240704,2.58316652052604,5.27330830314595,0.542324907995523,0.0514783499586332
6.56666666666667,157.155946573415,141,18.9789340289864,9.71727291370449,1.43573347559874,2.65952746642964,2.60669416791439,6.71948728734447,0.601579888765296,0.0578124221552136
6.58333333333333,159.013578994337,143,20.9789340289864,11.4831763323954,1.59029708713754,2.81409107796845,2.63265356745109,8.3167363647758,0.667158902746155,0.0647886212012173
6.6,160.843175983154,145,22.9789340289864,13.3876458695819,1.7499912011915,2.9737851920224,2.66119743098218,10.0279663830546,0.73276589035829,0.0721141932900242
6.61666666666667,162.637236349873,147,24.9789340289864,15.4268372226787,1.91665382345362,3.14044781428452,2.69242216280794,11.8625572495774,0.799525812662547,0.0798530038986233
6.63333333333333,164.388963856713,150,27.9789340289864,17.5970810637622,2.09095661496332,3.31475060579422,2.72644390214375,13.825685988877,0.867772626642555,0.0880330443492718
6.65,166.092398099919,152,29.9789340289864,19.990045493598,2.27283542896309,3.49662941979399,2.7633828375332,15.9193986872951,0.937356587021154,0.0966588779044779
6.66666666666667,167.742513604439,154,31.9789340289864,22.5015571009281,2.46929886460708,3.69309285543798,2.80342171861967,18.1799096583044,1.01263505263684,0.105968034365393
6.68333333333333,169.335277467508,155,32.9789340289864,25.1291853007639,2.67581499925121,3.89960899008211,2.84675556295113,20.5930450820968,1.09043144406859,0.115827513862283
6.7,170.867661557593,157,34.9789340289864,27.7759697495443,2.88911883313966,4.11291282397057,2.89351418792737,23.146701718169,1.16850812056517,0.12613913838961
6.71666666666667,172.337611197632,159,36.9789340289864,30.5412882298566,3.09950444655233,4.32329843738324,2.94371351523825,25.7946106177709,1.2406218743783,0.136587387809537
6.73333333333333,173.743976927542,161,38.9789340289864,33.4230329895859,3.30942506113135,4.53321905196226,2.99731634774523,28.5414657354085,1.30853650299417,0.147243495738861
6.75,175.086418669296,162,39.9789340289864,36.4186355919453,3.52061094609904,4.74440493692994,3.05431954984931,31.3907050259354,1.37348327174007,0.158158628981069
6.76666666666667,176.365292408026,164,41.9789340289864,39.4301981162955,3.73418845363976,4.95798244447066,3.11474300414612,34.3444082598059,1.43625846753108,0.169366678305334
6.78333333333333,177.581528883926,165,42.9789340289864,42.5558218622934,3.9433248995745,5.1671188904054,3.17855272174085,37.3670179575521,1.4925596864702,0.18064079343202
6.8,178.736512494699,167,44.9789340289864,45.6970020289803,4.15219186831983,5.37598585915073,3.24569943180487,40.4708324487748,1.54527467934032,0.192107103095841
6.81666666666667,179.831966517789,168,45.9789340289864,48.9510112506943,4.35592335421499,5.57971734504589,3.31612138290052,43.6279657444353,1.59141839636554,0.203600033892747
6.83333333333333,180.869848622364,169,46.9789340289864,52.2184961490809,4.55984479360069,5.78363878443159,3.38976723730149,46.8561396002813,1.63462291820084,0.215283123336879
6.85,181.852258908142,170,47.9789340289864,55.500898783139,4.75966813521276,5.98346212604366,3.46658737293264,50.1310587735838,1.67224909675793,0.227010905507594
6.86666666666667,182.781361585724,171,48.9789340289864,58.799294926304,5.00876722891355,4.72993105107039,3.53526203663047,53.4481572958446,1.76374100768605,0.238703812279892
6.88333333333333,183.659320363912,172,49.9789340289864,62.063872304779,5.31037403159757,4.9410558129492,3.59405831311194,56.8729957168188,1.91427380470077,0.250163894889865
6.9,184.488249045179,173,50.9789340289864,65.2511127588522,5.58762861169954,5.13513401902058,3.65600650349031,60.3534925725016,2.04508152580273,0.261000367333265
6.91666666666667,185.270178362496,173,50.9789340289864,68.3726468943834,5.8313657953693,5.30575004758942,3.72075353586525,63.8233589858735,2.15077997208419,0.270895080358572
6.93333333333333,186.007032059911,174,51.9789340289864,71.3426814378275,6.03904242112669,5.45112368561959,3.78788024817847,67.2419505329529,2.2303809212047,0.279739653851733
6.95,186.700609014041,175,52.9789340289864,74.2691135798035,6.20459064055351,5.56700743921836,3.85691508188063,70.550568611562,2.28065949226192,0.287309823947869
6.96666666666667,187.352570998076,176,53.9789340289864,77.1561946321916,6.33548074499486,5.6586305123273,3.92740075923058,73.751793680515,2.30717415237193,0.293818395383891
6.98333333333333,187.964435445823,177,54.9789340289864,80.0060438565153,6.43890746178562,5.73102921408084,3.99896595916252,76.8531756842212,2.31516387826272,0.299474842281201
7,188.537572519719,177,54.9789340289864,82.8192259248547,6.52124609626834,5.78866625821874,4.07131872707374,79.8642657621522,2.30920663833837,0.304467307788215
7.01666666666667,189.073205647169,178,55.9789340289864,85.5001700444047,6.58781710001859,5.83526596084392,4.14423542860239,82.7947397382012,2.2930849384696,0.308954282502961
7.03333333333333,189.572414797348,179,56.9789340289864,88.1487597106292,6.63526342570163,5.86847838882205,4.21750020210485,85.6169216208025,2.2649091356332,0.312815729697373
7.05,190.036141983737,180,57.9789340289864,90.7631001638269,6.67054898458332,5.89317828003923,4.29092330043927,88.3505060762365,2.22947005316183,0.316265469978493
7.06666666666667,190.465198479848,180,57.9789340289864,93.3409125263611,6.69856017807233,5.91278611548153,4.36438386878214,91.0106520904645,2.19009999938598,0.319454650546561
7.08333333333333,190.860273278917,181,58.9789340289864,95.7847977374647,6.72254495238909,5.92957545750327,4.43780834654485,93.6084366857638,2.14899243332645,0.322484538334545
7.1,191.221872574421,182,59.9789340289864,98.1936383553447,6.75715698861872,4.26451463570933,4.50700838523389,96.1165333197733,2.12474136344206,0.325171513362739
7.11666666666667,191.550376233701,183,60.9789340289864,100.506912356509,6.90023662669088,4.3289004728418,4.55257459565806,98.6309987225,2.22275721758145,0.32756136399824
7.13333333333333,191.84618885323,184,61.9789340289864,102.673172876724,7.02105272581667,4.3737939908309,4.59873498169671,101.145226715043,2.30441025198351,0.329293112797736
7.15,192.109641143153,184,61.9789340289864,104.706394870859,7.11120471616959,4.3737939908309,4.64472614725097,103.591197833251,2.3656790254836,0.330007047141002
7.16666666666667,192.34100552815,185,62.9789340289864,106.522375744203,7.16599847138641,4.3737939908309,4.6903661021319,105.928010880548,2.40360811754163,0.329563195448987
7.18333333333333,192.540509026631,186,63.9789340289864,108.230891033107,7.17627470458499,4.3737939908309,4.73565418090186,108.095056790158,2.41189156208061,0.327714243012946
7.2,192.708343785075,186,63.9789340289864,109.840078548461,7.14687908703885,4.3737939908309,4.7805898314472,110.091966851614,2.39335684219026,0.324664174370642
7.21666666666667,192.844675642022,187,64.9789340289864,111.26260298235,7.08344708254098,4.3737939908309,4.82517261148769,111.923982062208,2.35141088145395,0.320634995170602
7.23333333333333,192.949651211801,187,64.9789340289864,112.606849274046,6.98411172774484,4.36664426831608,4.86939674759664,113.563636608911,2.28461492996451,0.315603499838947
7.25,193.023403783539,188,65.9789340289864,113.784247072886,6.8605285312714,4.31103182990303,4.91278395092171,115.035231553406,2.20141859146509,0.309900471262964
7.26666666666667,193.066058290494,188,65.9789340289864,114.900050370685,6.71534124692108,4.24569755194539,4.95479850267679,116.327364579482,2.10455053860621,0.303550501045927
7.28333333333333,193.077735588071,188,65.9789340289864,115.861051820814,6.55871207906122,4.17521442640845,4.99531899538798,117.47438060205,2.00077676349642,0.296878705568433
7.3,193.058556329765,189,66.9789340289864,116.674654740185,6.39021344014801,4.09939003889751,5.03425816891135,118.467114518171,1.88992580398395,0.289869550749685
7.31666666666667,193.008644530716,189,66.9789340289864,117.44289513954,6.21076153660001,4.01863668230091,5.07153137767617,119.30261385749,1.77269799418586,0.282550763359607
7.33333333333333,192.928130874117,189,66.9789340289864,118.071275139378,6.02971038365314,3.93716366347482,5.10709546431098,120.018711500067,1.65524696073873,0.275221704456456
7.35,192.817155919823,190,67.9789340289864,118.566294126519,5.84546533146884,3.85425338999188,5.14093387098456,120.607412910335,1.53656370524935,0.267829538019408
7.36666666666667,192.675873104292,190,67.9789340289864,119.02940233265,5.65764467879329,3.76973409628788,5.17302331853378,121.065476729398,1.41643623482409,0.260360471663615
7.38333333333333,192.504451369831,190,67.9789340289864,119.365764050343,5.48907853630307,2.32160969809152,5.20038078175664,121.429609386656,1.31628111480045,0.253072850120027
7.4,192.303077668701,190,67.9789340289864,119.534223866361,5.41530282536235,2.30685455590337,5.20680754426526,121.755291154017,1.32022102996613,0.2457945745726
7.41666666666667,192.071961527934,190,67.9789340289864,119.501652472902,5.32324063765678,2.28844211836226,5.21262654859697,122.021275165703,1.30984263180928,0.238105450163729
7.43333333333333,191.811343522413,190,67.9789340289864,119.28893202501,5.2017681513866,2.26414762110822,5.21776557493103,122.161894136025,1.27795937373802,0.229658642083478
7.45,191.521501894655,190,67.9789340289864,118.915228246792,5.04692736655658,2.23317946414222,5.22212788337619,122.138870329191,1.22205034292457,0.220342170443248
7.46666666666667,191.202755881918,190,67.9789340289864,118.397978426946,4.85949235405965,2.19569246164284,5.2256118768883,121.933924571515,1.14268230391643,0.210196753298706
7.48333333333333,190.855465130975,190,67.9789340289864,117.752971682504,4.64315517249779,2.15242502533046,5.22812372918037,121.542938518286,1.0423317287732,0.199355032000057
7.5,190.479921718882,190,67.9789340289864,116.994481612762,4.40320845864415,2.10443568255974,5.22958482203528,120.971433834865,0.924527847890345,0.187997830383197
7.51666666666667,190.076499747261,190,67.9789340289864,116.135423285191,4.14561802905659,2.05291759664222,5.22993546539884,120.231143085944,0.793248121442375,0.176323706110621
7.53333333333333,189.645678009975,189,66.9789340289864,115.187515574728,3.87639570078654,1.99907313098821,5.2291360440154,119.337467256613,0.652508289103443,0.164528666846487
7.55,189.187971789966,189,66.9789340289864,114.066360160412,3.60119826114717,1.94403364306034,5.22716646313626,118.30763935077,0.506099215732421,0.152793488093172
7.56666666666667,188.703930754061,189,66.9789340289864,112.882771424561,3.3173388264539,1.88726175612168,5.22401064080913,117.122978748109,0.352374945676288,0.141029724446001
7.58333333333333,188.194136691031,189,66.9789340289864,111.645489817947,3.03271016241713,1.83033602331433,5.2196624954693,115.81313312164,0.196584972297881,0.129487468860108
7.6,187.659201164617,188,65.9789340289864,110.362503831441,2.75342235886631,1.77447846260417,5.21413921586603,114.403970328107,0.0428222034801401,0.118355120682622
7.61666666666667,187.099763137756,188,65.9789340289864,108.946113022916,2.48406165828791,1.72060632248849,5.20747574953597,112.917803369021,-0.105811873037257,0.107768882713762
7.63333333333333,186.516486683782,187,64.9789340289864,107.50422080408,2.21842315852552,1.55655746460973,5.20006304329636,111.336896889105,-0.254030239739924,0.0975749527996439
7.65,185.910058889414,187,64.9789340289864,105.944053094914,1.94597533164185,1.88056066526003,5.19530185868538,109.680517975983,-0.41586568394824,0.0879606940326301
7.66666666666667,185.281187904149,187,64.9789340289864,104.381978406536,1.68256377933707,1.79165926635717,5.18945429127502,107.928508842411,-0.572546147383883,0.0788281967235084
7.68333333333333,184.63060062542,186,63.9789340289864,102.833998725901,1.43872972614634,1.7093652734053,5.18198744596012,106.123715006548,-0.715853236366982,0.0704090602958695
7.7,183.959039205446,186,63.9789340289864,101.205186752574,1.21955772408248,1.63539472270874,5.17303549550045,104.302502052676,-0.842531798103974,0.0628581300553083
7.71666666666667,183.267257955458,186,63.9789340289864,99.5971585164481,1.01938154995894,1.56783526394205,5.16272889181236,102.453507578627,-0.956332289189153,0.0559847895355965
7.73333333333333,182.556021065813,185,62.9789340289864,98.0106596228891,0.841801352007077,1.50790194713329,5.15119423729129,100.605673623988,-1.0549673919453,0.0498970342209846
7.75,181.826100769481,185,62.9789340289864,96.351658916704,0.688054558657989,1.45601240437798,5.13857138016915,98.7789597499675,-1.13770111038575,0.044626442367758
7.76666666666667,181.078275845965,185,62.9789340289864,94.7225555608225,0.550108145680144,1.40945548999795,5.12497907109809,96.9502155667763,-1.2098263146485,0.0399075898204321
7.78333333333333,180.313330238162,185,62.9789340289864,93.1247010597271,0.430263025889302,1.36900776206854,5.11052195990294,95.1401810606293,-1.26989496185171,0.0358084686904055
7.8,179.532051699529,185,62.9789340289864,91.5595429030945,0.329198727534499,1.3348985613738,5.09531274727907,93.3633196340605,-1.3175231071398,0.0323447003197798
7.81666666666667,178.735230480338,184,61.9789340289864,90.0286418179667,0.246522447730578,1.30699531693997,5.07946465369033,91.6294098448774,-1.35302800707483,0.029497574772119
7.83333333333333,177.923657987536,184,61.9789340289864,88.4385785432513,0.181179665220782,1.28494212784292,5.0630865738326,89.9448239610223,-1.37715716523753,0.0272274927996068
7.85,177.098125352713,184,61.9789340289864,86.8921065223644,0.124044209950698,1.26565891168926,5.04625684152453,88.2770819277571,-1.39589844876701,0.0252368010381602
7.86666666666667,176.259422019597,184,61.9789340289864,85.3906606418597,0.0771327686076017,1.24982630023597,5.02903583772974,86.6407515985152,-1.40796810886094,0.0235873803403493
7.88333333333333,175.408334336919,184,61.9789340289864,83.9355138496854,0.0413554390355111,1.23775145150539,5.01149183984304,85.046392005324,-1.41280996468047,0.0223052121623034
7.9,174.545644230635,184,61.9789340289864,82.5278227194885,0.0167338890284427,1.229441678378,4.99371919143435,83.5014299369742,-1.41050080180746,0.0213913879888412
7.91666666666667,173.672127847023,183,60.9789340289864,81.1686452917452,0.00334655302452446,1.22492345247668,4.97569648689984,82.010967147253,-1.40083022847908,0.0208307412445939
7.93333333333333,172.788554164,183,60.9789340289864,79.7638712202314,0.000484163445333827,1.2239573959937,4.95748987758966,80.5786621228387,-1.38430157006276,0.0205972893535411
7.95,171.895683701713,183,60.9789340289864,78.4154079138206,-0.000740206629122647,1.22305378420178,4.9391921629158,79.1700865472981,-1.36684653028085,0.0204121744016452
7.96666666666667,170.994267435111,182,59.9789340289864,77.1237000767224,0.00213400298121976,1.22451421683707,4.9208576588982,77.7984121759774,-1.34694021834462,0.0203587468467575
7.98333333333333,170.085045756123,182,59.9789340289864,75.7938725636452,0.0103964876564969,1.22730280541497,4.90257089556932,76.4731031383881,-1.32386858767163,0.0204852292054256
8,169.168747444797,181,58.9789340289864,74.526987700856,0.0170525443191401,1.22954922453861,4.88435914631495,75.1642668669515,-1.30221556990616,0.0205678666922088
8.01666666666667,168.246088758478,180,57.9789340289864,73.2275299739974,0.0263862833560581,1.23269936146357,4.86613615736263,73.8887430666231,-1.27897948877663,0.0207291625368441
8.03333333333333,167.317774299653,179,56.9789340289864,71.9007719577419,0.0329013746117628,1.23489820476237,4.84792685335468,72.6225464211294,-1.25778695637086,0.0207957979048996
8.05,166.384495087363,178,55.9789340289864,70.5515450696197,0.0336882076693501,1.23516376091931,4.82971223139337,71.3500012397892,-1.24051695439314,0.0206755400256508
8.06666666666667,165.446925974463,177,54.9789340289864,69.1841655165934,0.0275583838226392,1.23309494537105,4.81146187337521,70.0617906533101,-1.22791876839213,0.0203320382991731
8.08333333333333,164.50572504057,176,53.9789340289864,67.8024212155164,0.014340319566588,1.22863384868463,4.79316475956292,68.753209784443,-1.22012614366888,0.0197653905761711
8.1,163.561533170995,175,52.9789340289864,66.4095947521502,-0.00468885660615972,1.21910513422474,4.77465819945748,67.4229083796405,-1.21599519199581,0.0189977893374922
8.11666666666667,162.614973739848,174,51.9789340289864,65.0084071515813,-0.028020876474549,1.19577311435636,4.75580521264332,66.0723237534184,-1.21428620380839,0.0180616590238316
8.13333333333333,161.666652453041,173,50.9789340289864,63.6006692664457,-0.054384664482585,1.16940932634832,4.7365363634734,64.7042343694641,-1.21405592123326,0.0169911564964564
8.15,160.717157404255,171,48.9789340289864,62.1874445968097,-0.082749078706973,1.14104491212393,4.71681522400945,63.3217078378353,-1.21458212292192,0.015816739473442
8.16666666666667,159.767059235467,170,47.9789340289864,60.6744570149146,-0.112318451490659,1.11147553934024,4.69662050014269,61.9275957634422,-1.21532254115243,0.0145626777735404
8.18333333333333,158.816911408623,169,46.9789340289864,59.1633670816978,-0.150005928738223,1.07378806209268,4.67587424907831,60.4880082894403,-1.22066446397608,0.0130002484916946
8.2,157.867250515383,168,45.9789340289864,57.6542183249763,-0.191563972388935,1.03223001844197,4.65448381306789,59.0175694461609,-1.22770270992259,0.0112587370565494
8.21666666666667,156.918596715434,166,43.9789340289864,56.1466247526152,-0.234207611949306,0.989586378881598,4.63241457758247,57.5275397649768,-1.23458488307785,0.00942560833628098
8.23333333333333,155.971454238771,165,42.9789340289864,54.5449866279613,-0.27627113020983,0.947522860621074,4.60966853413965,56.0261355130529,-1.24024944034507,0.00755555994516737
8.25,155.026311834987,164,41.9789340289864,52.9498504877804,-0.324382870210404,0.899411120620501,4.58620036146698,54.4826676303731,-1.2489597479373,0.00543222107692002
8.26666666666667,154.083643290866,163,40.9789340289864,51.3603780795,-0.374365898963926,0.849428091866979,4.56195161081182,52.9134037754845,-1.25791911289626,0.00318585560773292
8.28333333333333,153.143908037238,161,38.9789340289864,49.775520334131,-0.423694862439059,0.800099128391845,4.53691899922018,51.330198487359,-1.26550022841363,0.000898496613698069
8.3,152.207551800391,160,37.9789340289864,48.099201139353,-0.471039777575143,0.752754213255762,4.51113081671546,49.7412089233289,-1.27090631460759,-0.00138354786165985
8.31666666666667,151.275007268452,159,36.9789340289864,46.4316387373981,-0.523370022449146,0.700423968381759,4.4845623667231,48.1153250032823,-1.27865826086522,-0.00388576106850192
8.33333333333333,150.346694754649,158,35.9789340289864,44.7717766999659,-0.576815280752047,0.646978710078857,4.45717041873754,46.4682322234261,-1.28618452594859,-0.00648639995895137
8.35,149.423022846683,156,33.9789340289864,43.118424541129,-0.629104260542535,0.594689730288369,4.42896224114029,44.8111703862669,-1.29204027234563,-0.00911070035902669
8.36666666666667,148.504389036284,155,32.9789340289864,41.375414399873,-0.679104283223554,0.54468970760735,4.39997292694466,43.1517237905878,-1.29556752666369,-0.0117181454357335
8.38333333333333,147.591180326219,154,31.9789340289864,39.6429018411825,-0.733929232725783,0.489864758105121,4.37018175003359,41.4582877031891,-1.30138660470213,-0.0145385712158276
8.4,146.683773814138,153,30.9789340289864,37.9197821303204,-0.789808527896827,0.433985462934078,4.33954743079165,39.7461424373881,-1.30699272684526,-0.0174533302388575
8.41666666666667,145.782537254065,152,29.9789340289864,36.2048210560283,-0.844535225849943,0.379258764980961,4.30807783516738,38.0262082791241,-1.31098246694607,-0.0203897362520858
8.43333333333333,144.887829597241,151,28.9789340289864,34.4968821848415,-0.897014703670595,0.32677928716031,4.27580781198923,36.3058239955009,-1.31272074740812,-0.0233085777791737
8.45,144.000001514573,149,26.9789340289864,32.7950361724146,-0.946892017271533,0.276901973559372,4.24278388986018,34.589568616494,-1.31207153405742,-0.0261935168831212
8.46666666666667,143.11939590327,148,25.9789340289864,31.0035164467603,-0.994264051712624,0.229529939118281,4.20905445993662,32.8800161261611,-1.30919359109328,-0.0290427049870388
8.48333333333333,142.246348380584,147,24.9789340289864,29.2228937804637,-1.0498565332538,0.223793990830904,4.17518695794543,31.1409212981843,-1.31233220131634,-0.0321085097308672
8.5,141.381187766134,146,23.9789340289864,27.4540549920336,-1.11152231060691,0.223793990830904,4.14143213790001,29.3820713582867,-1.32064686640908,-0.0352762467250931
8.51666666666667,140.524236556261,145,22.9789340289864,25.6993710941837,-1.17659505607726,0.223793990830904,4.1077970421785,27.6113839392901,-1.33239681280439,-0.0384567228573308
8.53333333333333,139.675811327311,144,21.9789340289864,23.9610837368558,-1.24283313473694,0.223793990830904,4.0742866229202,25.8360847994044,-1.34609256812527,-0.041577636674132
8.55,138.836222961197,143,20.9789340289864,22.2411099853318,-1.30838935516655,0.223793990830904,4.04090564083738,24.0627075504428,-1.36048509351859,-0.0445817492489498
8.56666666666667,138.005776728517,142,19.9789340289864,20.5410682007983,-1.37178631413612,0.223793990830904,4.00765867011062,22.2970362393859,-1.37455391557408,-0.0474255855740579
8.58333333333333,137.184772307715,141,18.9789340289864,18.8623025750979,-1.43188411075705,0.223793990830904,3.9745501031761,20.5440899300678,-1.38748981930496,-0.0500779369662537
8.6,136.373503791304,140,17.9789340289864,17.2059063453516,-1.48784399803767,0.223793990830904,3.94158415540668,18.8081370802028,-1.39867440175108,-0.0525182847390325
8.61666666666667,135.572259711204,139,16.9789340289864,15.572743717837,-1.53909056544565,0.223793990830904,3.90876486968921,17.0927303142994,-1.40765817830625,-0.0547352303600542
8.63333333333333,134.781323102938,137,14.9789340289864,13.9634705336618,-1.58527429086719,0.223793990830904,3.87609612090012,15.4007544233778,-1.41413846047861,-0.0567249904208041
8.65,134.0009716203,136,13.9789340289864,12.2834771708393,-1.62623571988087,0.223793990830904,3.84358162028132,13.7344821876961,-1.41793785765574,-0.0584899943122591
8.66666666666667,133.231477706608,135,12.9789340289864,10.634095116176,-1.66979424621012,0.223793990830904,3.81122491971856,12.0591501948098,-1.42411557332096,-0.0602844372649303
8.68333333333333,132.473108824871,134,11.9789340289864,9.0152573328795,-1.71263324059873,0.223793990830904,3.77902941592422,10.3880698512657,-1.4304909025692,-0.0620019799601865
8.7,131.726127746634,134,11.9789340289864,7.42675376086488,-1.75251345584646,0.223793990830904,3.74699835452648,8.73120582615826,-1.43556290359002,-0.0635741238662761
8.71666666666667,130.99079289745,133,10.9789340289864,5.96332445211335,-1.78802095189743,0.223793990830904,3.71513483406687,7.09584635802328,-1.4383553195076,-0.0649609226869041
8.73333333333333,130.267358755628,132,9.97893402898636,4.52348666725879,-1.81054342907671,0.223793990830904,3.68344180990796,5.52363434969972,-1.43316046626002,-0.065896782738389
8.75,129.556076299985,131,8.97893402898636,3.1069058995445,-1.82319439596939,0.223793990830904,3.65192209805327,4.00596265106652,-1.42189747991699,-0.0664958121806283
8.76666666666667,128.857193501526,130,7.97893402898636,1.71316958241577,-1.82844579881504,0.223793990830904,3.62057837888097,2.53581709029764,-1.40609655459407,-0.0668478965836155
8.78333333333333,128.170955853292,129,6.97893402898636,0.341797612822331,-1.82825659692928,0.223793990830904,3.58941320079333,1.10745623081034,-1.38697638257227,-0.0670235941558832
8.8,127.497606931841,128,5.97893402898636,-1.00774793805378,-1.82417596361821,0.223793990830904,3.55842898378362,-0.283845887490302,-1.36550635239225,-0.0670780613248371
8.81666666666667,126.837388982975,127,4.97893402898636,-2.33605388602596,-1.81742599390019,0.223793990830904,3.52762802292215,-1.64200591577017,-1.34245642834656,-0.0670541961316824
8.83333333333333,126.190543523198,126,3.97893402898636,-3.64374772708708,-1.80896789034377,0.223793990830904,3.49701249176317,-2.97029600136051,-1.31843709187818,-0.0669851517329471
8.85,125.557311947021,126,3.97893402898636,-4.93149012330094,-1.79955485278521,0.223793990830904,3.46658444567424,-4.27147517688221,-1.29393128018533,-0.0668963435286747
8.86666666666667,124.937936128409,125,2.97893402898636,-6.10489150242777,-1.78977428769668,0.223793990830904,3.43634582508972,-5.5478938139722,-1.26931989272689,-0.066807049932363
8.88333333333333,124.332659002382,124,1.97893402898636,-7.26569412988009,-1.77225929694685,0.223793990830904,3.40629845868996,-6.76509260393518,-1.23977053960527,-0.0664848575247908
8.9,123.741725109919,123,0.978934028986359,-8.41440970337501,-1.75079989371582,0.223793990830904,3.37644406650768,-7.93691847727367,-1.20771151306822,-0.0660578358372908
8.91666666666667,123.165381085701,123,0.978934028986359,-9.55155373143548,-1.72812363588146,0.223793990830904,3.34678426296323,-9.07409525813904,-1.17490803974195,-0.0656159681568175
8.93333333333333,122.603876063846,122,-0.0210659710136412,-10.5825660412253,-1.70614060334607,0.223793990830904,3.31732055982994,-10.1848777277458,-1.14261248866425,-0.0652202174138097
8.95,122.057461971476,121,-1.02106597101364,-11.6089964587313,-1.6783153415698,0.223793990830904,3.28805436913135,-11.2390935960257,-1.1065521581102,-0.0646628413054417
8.96666666666667,121.526392670907,121,-1.02106597101364,-12.6311457265401,-1.64890438141001,0.223793990830904,3.25898700597147,-12.2536154133593,-1.06948152253854,-0.0640841546671406
8.98333333333333,121.010911555823,120,-2.02106597101364,-13.5542263944417,-1.62083569402595,0.223793990830904,3.23011969129966,-13.2412163624864,-1.03332000738161,-0.0635775203338801
9,120.511241896065,119,-3.02106597101364,-14.4795509793586,-1.58820828753955,0.223793990830904,3.20145355461144,-14.1749680570821,-0.994218644292349,-0.0629543246836776
9.01666666666667,120.027592661315,119,-3.02106597101364,-15.4071751424399,-1.55562988782933,0.223793990830904,3.17298963658651,-15.0739976703114,-0.955174452011107,-0.0623643702702843
9.03333333333333,119.560164177872,118,-4.02106597101364,-16.2420606314179,-1.52617448108129,0.223793990830904,3.1447288916655,-15.9525715387014,-0.918216873018606,-0.0619036734866427
9.05,119.109151883342,117,-5.02106597101364,-17.085265297211,-1.49394233615983,0.223793990830904,3.11667219056648,-16.7846742046774,-0.87951227943999,-0.0613815912286978
9.06666666666667,118.674748360911,117,-5.02106597101364,-17.9365879447,-1.46344403278673,0.223793990830904,3.08882032274271,-17.5899091011293,-0.842007559265855,-0.0609428448306539
9.08333333333333,118.257143774799,116,-6.02106597101364,-18.7007327774481,-1.43759317764482,0.223793990830904,3.06117399878283,-18.3826952883814,-0.807638872300657,-0.0606765389527504
9.1,117.856524781453,116,-6.02106597101364,-19.4785007565953,-1.41029277464856,0.223793990830904,3.03373385275459,-19.136935140554,-0.772453014910993,-0.0603841877804902
9.11666666666667,117.473071957627,115,-7.02106597101364,-20.1743591040777,-1.38583866858178,0.223793990830904,3.00650044449351,-19.871984022074,-0.739263556943137,-0.0602023877790659
9.13333333333333,117.10695576824,114,-8.02106597101364,-20.8888716569255,-1.35910410836096,0.223793990830904,2.97947426183746,-20.5654164866873,-0.704737170476423,-0.0599654613780221
9.15,116.758331096061,114,-8.02106597101364,-21.621346093524,-1.33504250992009,0.223793990830904,2.95265572280843,-21.2392690293775,-0.672110886580012,-0.0598317793382299
9.16666666666667,116.427330374591,113,-9.02106597101364,-22.2760004811558,-1.31677238470849,0.223793990830904,2.92604517774255,-21.9095092143392,-0.64345831601416,-0.0598960908257075
9.18333333333333,116.114055407675,113,-9.02106597101364,-22.9531564843696,-1.29823475891799,0.223793990830904,2.8996429113695,-22.5509193435276,-0.614855509395169,-0.0599600769295194
9.2,115.818568026055,113,-9.02106597101364,-23.5568104827912,-1.28365084729402,0.223793990830904,2.87344914484234,-23.1832365620751,-0.589071249496486,-0.0601569312159679
9.21666666666667,115.540879821849,112,-10.0210659710136,-24.0919887821526,-1.26774754159163,0.223793990830904,2.84746403771892,-23.7840528001178,-0.562679326537983,-0.0603154241424651
9.23333333333333,115.280941312893,112,-10.0210659710136,-24.6585843522167,-1.24746847029808,0.223793990830904,2.82168768989578,-24.3386779975377,-0.533663657234592,-0.060340435406514
9.25,115.038631011392,111,-11.0210659710136,-25.1601676435989,-1.22916561204866,0.223793990830904,2.79612014349563,-24.8747404423964,-0.506156625202314,-0.0604371885054031
9.26666666666667,114.81374499128,111,-11.0210659710136,-25.6964201345804,-1.20903192591364,0.223793990830904,2.77076138470938,-25.3756514834566,-0.477678662368395,-0.0604829451199981
9.28333333333333,114.60598764694,111,-11.0210659710136,-26.1707077910238,-1.19279803825698,0.223793990830904,2.74561134559378,-25.8674062429456,-0.451975765262957,-0.0606603538067834
9.3,114.414964390404,110,-12.0210659710136,-26.5874383165918,-1.1761455957764,0.223793990830904,2.72066990582542,-26.3320128972204,-0.426247895519719,-0.0608283629654244
9.31666666666667,114.24017702331,110,-12.0210659710136,-27.0458996498678,-1.15656511972428,0.223793990830904,2.69593689441232,-26.7577785696041,-0.398845191459616,-0.0609080666886413
9.33333333333333,114.081022428331,110,-12.0210659710136,-27.449072282186,-1.14066154526323,0.223793990830904,2.67141209136374,-27.1742458429498,-0.374077313626114,-0.0611110298114327
9.35,113.936795048187,110,-12.0210659710136,-27.8009875273836,-1.12467456935401,0.223793990830904,2.64709522931931,-27.5659236780015,-0.349507967507046,-0.06131410240553
9.36666666666667,113.806693369141,109,-13.0210659710136,-28.1054903422358,-1.10642008552331,0.223793990830904,2.62298599513826,-27.9228140634524,-0.323702965487009,-0.0614482921251336
9.38333333333333,113.689830326129,109,-13.0210659710136,-28.4613172206749,-1.0848384135085,0.223793990830904,2.59908403144963,-28.2390561210032,-0.295948375642153,-0.0614825887038624
9.4,113.585247235813,109,-13.0210659710136,-28.7709099957457,-1.06747114262714,0.223793990830904,2.57538893816439,-28.5483428304896,-0.271165647839612,-0.0616585451078134
9.41666666666667,113.491930584068,109,-13.0210659710136,-29.0377753690832,-1.05111551962928,0.223793990830904,2.55190027395015,-28.8380356134418,-0.247289218030643,-0.0618699539674311
9.43333333333333,113.408830783436,109,-13.0210659710136,-29.2652487848896,-1.03387008201361,0.223793990830904,2.52861755766936,-29.0999963384601,-0.223079426762876,-0.0620554702585326
9.45,113.334881899488,109,-13.0210659710136,-29.4564966481755,-1.01476327448259,0.223793990830904,2.50554026978185,-29.3294734118718,-0.197890940722634,-0.0621853033881075
9.46666666666667,113.269021313685,108,-14.0210659710136,-29.6145191335444,-0.993529551698962,0.230264439131942,2.48267994926704,-29.5242309958379,-0.171560381495036,-0.0622511467751531
9.48333333333333,113.210208499913,108,-14.0210659710136,-29.8370049915937,-0.971481881967158,0.252312108863747,2.46028312085082,-29.6843906908301,-0.145462466840643,-0.0622580177875071
9.5,113.1574417957,108,-14.0210659710136,-30.0246321841176,-0.956921176067939,0.266872814762965,2.43839387202724,-29.8483850201588,-0.125112514608855,-0.0624624021700562
9.51666666666667,113.109772940983,108,-14.0210659710136,-30.1790014503174,-0.946199282085959,0.277594708744945,2.41691871721905,-30.0058031620569,-0.107957013479536,-0.062755975423331
9.53333333333333,113.066318845512,108,-14.0210659710136,-30.3020953506934,-0.93688820222497,0.286905788605934,2.39581426805248,-30.1488821050548,-0.0923252498533295,-0.0630650843207314
9.55,113.026270549602,108,-14.0210659710136,-30.3960164177119,-0.927507656458223,0.296286334372681,2.37506922844701,-30.2723133376823,-0.0772195652167872,-0.063343659823596
9.56666666666667,112.98889931347,107,-15.0210659710136,-30.4628283439725,-0.91726920664277,0.306524784188134,2.35469080797481,-30.3728631254845,-0.0621246192104238,-0.0635662377668289
9.58333333333333,112.953560123171,107,-15.0210659710136,-30.5995480027479,-0.90585792012262,0.317936070708285,2.33469508765655,-30.448931698379,-0.0468483232417154,-0.0637218130706143
9.6,112.919692915825,107,-15.0210659710136,-30.7069227992162,-0.900747508839146,0.323046481991758,2.31503267133222,-30.5364973858403,-0.0361644682942141,-0.0640557636018513
9.61666666666667,112.886821828525,107,-15.0210659710136,-30.7870448629612,-0.898234249257222,0.325559741573683,2.29563015226757,-30.6234413437006,-0.0275274486700208,-0.0644557628457065
9.63333333333333,112.85455280793,107,-15.0210659710136,-30.8422209430875,-0.89600841365519,0.327785577175714,2.27646362152637,-30.7011406209806,-0.0193854496761732,-0.0648498561991178
9.65,112.822569871584,107,-15.0210659710136,-30.8747293479304,-0.892789621784825,0.33100436904608,2.25753857605925,-30.7639709394714,-0.0109072445210548,-0.0651965861554491
9.66666666666667,112.790630298777,106,-16.0210659710136,-30.8866874565286,-0.888011019286409,0.335782971544495,2.23887550123147,-30.8086981345157,-0.00175119036265313,-0.0654761497096637
9.68333333333333,112.758559183452,106,-16.0210659710136,-30.975071375088,-0.881565469059087,0.342228521771817,2.22050019100879,-30.8338754364212,0.00811682857691907,-0.0656831067525744
9.7,112.726243652904,106,-16.0210659710136,-31.0405186520972,-0.881102671879351,0.342691318951554,2.20236979168526,-30.8756807035536,0.0137916721902122,-0.0660676816430505
9.71666666666667,112.693626952911,106,-16.0210659710136,-31.0849638322211,-0.88305670770224,0.340737283128664,2.18441485840843,-30.9221765582357,0.0177172336845757,-0.066521411910013
9.73333333333333,112.660702567239,106,-16.0210659710136,-31.110525195988,-0.885218225409323,0.338575765421581,2.16661349631935,-30.9648694662054,0.0213715766176211,-0.066975187883892
9.75,112.627508509421,106,-16.0210659710136,-31.119274241688,-0.886374410978259,0.337419579852646,2.14897185404481,-30.9981992676817,0.0255360609647945,-0.0673894709383613
9.76666666666667,112.594121898496,106,-16.0210659710136,-31.1131120298183,-0.885999401166434,0.33779458966447,2.13151019968678,-31.0189303562388,0.0305213976721682,-0.0677456053720266
9.78333333333333,112.560653910848,106,-16.0210659710136,-31.0937181592572,-0.884006912358206,0.339787078472699,2.11425362810604,-31.0255559595466,0.0363448253260167,-0.068038698154105
9.8,112.527245191124,106,-16.0210659710136,-31.0625454188792,-0.880564682866885,0.34322930796402,2.09722636020795,-31.0177756383516,0.0428606249468539,-0.0682721545306052
9.81666666666667,112.494061812865,106,-16.0210659710136,-31.0208401668819,-0.875963648807174,0.34783034202373,2.08044866158868,-30.9960710941326,0.0498503741393676,-0.0684537343949013
9.83333333333333,112.46129191883,106,-16.0210659710136,-30.9696745741535,-0.870531870521425,0.353262120309479,2.06393555262449,-30.9613832456455,0.057080943292917,-0.0685928860918432
9.85,112.429143281066,106,-16.0210659710136,-30.9099817663967,-0.864582730618724,0.35921126021218,2.04769665387796,-30.9148809824978,0.0643382331944291,-0.068699081538944
9.86666666666667,112.397842321658,106,-16.0210659710136,-30.8425885997403,-0.858387813381548,0.365406177449357,2.03173667837633,-30.8578061348393,0.071443764058752,-0.0687808890736873
9.88333333333333,112.367636086458,106,-16.0210659710136,-30.7682434321581,-0.852166430172044,0.37162756065886,2.01605622912492,-30.7913776716717,0.0782599459109555,-0.0688455565989487
9.9,112.338802126384,106,-16.0210659710136,-30.6876379967229,-0.846085505794153,0.377708485036751,2.00065267920873,-30.7167391815698,0.0846885063997719,-0.0688989228051188
9.91666666666667,112.311665061472,106,-16.0210659710136,-30.6014235447642,-0.840265204848616,0.383528785982288,1.9855210022594,-30.6349360337155,0.0906653077202788,-0.0689455194336563
9.93333333333333,112.286575350763,106,-16.0210659710136,-30.5102219946913,-0.834787108935283,0.389006881895621,1.97065448567841,-30.5469114207593,0.0961537384433866,-0.0689887677082661
9.95,112.263877577427,106,-16.0210659710136,-30.4146330538972,-0.829702900227658,0.394091090603246,1.95604530219598,-30.4535132313867,0.101138045858995,-0.0690312049901627
9.96666666666667,112.243892867265,106,-16.0210659710136,-30.3152383015054,-0.825042366012749,0.398751624818156,1.94168494190892,-30.3555061104964,0.105617369905392,-0.0690747029964831
9.98333333333333,112.226912178497,106,-16.0210659710136,-30.2126031210942,-0.820820144795527,0.402973846035377,1.92756452137441,-30.2535850217604,0.109600821410816,-0.0691206571743204
10,112.213195347326,107,-15.0210659710136,-30.1072772191335,-0.817041033561904,0.406752957269,1.91367499246947,-30.1483881167896,0.113103678280056,-0.069170139168564
10.0166666666667,112.20297304711,107,-15.0210659710136,-29.9047177576504,-0.813703916180373,0.410090074650531,1.90000727459349,-30.040507781155,0.11614461645975,-0.0692240120346482
10.0333333333333,112.196450008492,107,-15.0210659710136,-29.7064769108022,-0.803315985978124,0.42047800485278,1.88662030264382,-29.8941294173421,0.1235103574006,-0.0690360844345787
10.05,112.193808575029,108,-14.0210659710136,-29.5125837479222,-0.819039877078291,0.404754113752614,1.87954524871709,-29.7282246398206,0.100503013118315,-0.0687197349725443
10.0666666666667,112.195212109536,108,-14.0210659710136,-29.2286307478905,-0.800998794715614,0.42279519611529,1.86645123767741,-29.5633795026673,0.113245706353276,-0.0683029621265144
10.0833333333333,112.200808056985,108,-14.0210659710136,-28.9559528339097,-0.803910731756168,0.419883259074736,1.85975480497707,-29.3520469193549,0.0988835208007405,-0.0675882308862726
10.1,112.210730548228,109,-13.0210659710136,-28.6941428827785,-0.802899814504451,0.420894176326453,1.85370623984857,-29.1352674313453,0.0864619734095309,-0.0666852664528631
10.1166666666667,112.22510248091,109,-13.0210659710136,-28.3482958443612,-0.795919625389096,1.2237939908309,1.84755538509508,-28.9049360844317,0.0788929577486179,-0.06565714061151
10.1333333333333,112.244037133895,110,-12.0210659710136,-27.9915185241243,-0.790060767239075,1.2237939908309,1.84403372841548,-28.6452744749924,0.0657575343080088,-0.0643005765632142
10.15,112.267638455492,111,-11.0210659710136,-27.5039269213674,-0.796580621365786,1.2237939908309,1.84515340689068,-28.3696288201722,0.0354833047894468,-0.0626643417935356
10.1666666666667,112.295999182374,111,-11.0210659710136,-26.8972996909177,-0.78317369875483,1.2237939908309,1.84640904112032,-28.0361192797728,0.0191425978438832,-0.0604362218341656
10.1833333333333,112.329199124541,112,-10.0210659710136,-26.277796312127,-0.744737576032104,1.2237939908309,1.8477959421893,-27.6098922453267,0.0202207398967771,-0.0574772282197108
10.2,112.367304360602,112,-10.0210659710136,-25.5547899260331,-0.687762049839358,1.2237939908309,1.84930953726327,-27.1073624889168,0.0346290810403211,-0.0540194129153905
10.2166666666667,112.410367029989,113,-9.02106597101364,-24.8333227892716,-0.610003564101758,1.2237939908309,1.85094536706069,-26.507234137815,0.0639446771935024,-0.0500110904782897
10.2333333333333,112.458425499115,114,-8.02106597101364,-24.0217014323615,-0.519618625975426,1.2237939908309,1.85269908337641,-25.8354097223976,0.102931328995209,-0.0457308003644069
10.25,112.511504763191,115,-7.02106597101364,-23.1288753154874,-0.415165756080968,1.2237939908309,1.85456644665558,-25.0769673694849,0.152575306557838,-0.0411443128990833
10.2666666666667,112.569616994967,115,-7.02106597101364,-22.1632198243101,-0.297169417952685,1.2237939908309,1.85654332361694,-24.2253431515158,0.212579876151479,-0.0362807705208892
10.2833333333333,112.632762181978,116,-6.02106597101364,-21.2276340525358,-0.167399594981568,1.2237939908309,1.85862568492468,-23.2799553037696,0.281821694697729,-0.0312076697847308
10.3,112.700928813172,117,-5.02106597101364,-20.2283741385486,-0.0361633622413293,1.2237939908309,1.86080960290765,-22.2808568831692,0.353557821562872,-0.0262595483887257
10.3166666666667,112.774094588344,118,-4.02106597101364,-19.1724319182383,0.0971627773406892,1.2237939908309,1.86309124932528,-21.2222869178364,0.428130267497939,-0.0214139758879931
10.3333333333333,112.852227132268,118,-4.02106597101364,-18.0663174616388,0.232161971006564,1.2237939908309,1.86546689317908,-20.1030953411666,0.505205063768307,-0.0166821200059675
10.35,112.935284701252,119,-3.02106597101364,-17.0111559920084,0.367788207602958,1.2237939908309,1.86793289856896,-18.9253429834657,0.584033384800134,-0.0120945614865982
10.3666666666667,113.023216873845,120,-2.02106597101364,-15.9115200028934,0.494842594113071,1.2237939908309,1.87048572259344,-17.7297158201952,0.658510913694986,-0.0079379994920459
10.3833333333333,113.115965220314,121,-1.02106597101364,-14.772806380051,0.615269309040309,1.2237939908309,1.87312191329289,-16.5096663396801,0.729772240748742,-0.0041370694666805
10.4,113.213463947505,122,-0.0210659710136412,-13.6000171372544,0.730060066051477,1.2237939908309,1.87583810763497,-15.2622920825329,0.798349132114373,-0.000649043099032883
10.4166666666667,113.315640517132,122,-0.0210659710136412,-12.397777762258,0.808857252676564,2.03265124350747,1.88485883988543,-13.9938851041616,0.830794613855595,0.00255005529071978
10.4333333333333,113.422416192742,123,0.978934028986359,-11.237298249126,0.846553029488503,2.07034702031941,1.90169348489705,-12.749289466038,0.820782456951948,0.00556398296177187
10.45,113.533705495941,123,0.978934028986359,-9.99540006907672,0.877621369927677,2.10141536075858,1.91916026207357,-11.5450255941389,0.80647370454495,0.00837366563621999
10.4666666666667,113.649413592184,124,1.97893402898636,-8.77489271638869,0.912132001718685,2.13592599254959,1.93723268578573,-10.3377866574498,0.794465266898452,0.0113011445016659
10.4833333333333,113.769434015801,124,1.97893402898636,-7.48210453920502,0.947924248721627,2.17171823955253,1.95594231804046,-9.13513688720194,0.783288679414187,0.0142800039549105
10.5,113.893647399112,124,1.97893402898636,-6.21904706212674,0.990970018815255,2.21476400964616,1.97535831112289,-7.90703338005793,0.776713632374077,0.0175087507675274
10.5166666666667,114.021920896813,124,1.97893402898636,-4.98596703959781,1.03642329533025,2.26021728616115,1.9955518578194,-6.67108015733882,0.771461703091244,0.0208378029548628
10.5333333333333,114.154108154681,124,1.97893402898636,-3.78260239330054,1.08116061991769,2.3049546107486,2.01652844306405,-5.44073953589738,0.765488819098184,0.0241671180923544
10.55,114.290049541825,123,0.978934028986359,-2.60851500753548,1.123363210883,2.3471572017139,2.03825297669285,-4.22578028766383,0.757668299763879,0.0274350777787405
10.5666666666667,114.429572509167,123,0.978934028986359,-1.55835980311588,1.16214148231982,2.38593547315072,2.0606683013136,-3.03292368713995,0.747513738339609,0.0306081035043532
10.5833333333333,114.572492034127,122,-0.0210659710136412,-0.530790511028255,1.18973611018792,2.41353010101883,2.08364001835639,-1.90289759325049,0.730188087422149,0.0334249000480033
10.6,114.718611125658,122,-0.0210659710136412,0.378816911006839,1.21011474986112,2.43390874069202,2.10701004581716,-0.825761346256295,0.708527845704002,0.0359997334083054
10.6166666666667,114.867721428739,121,-1.02106597101364,1.2707059284492,1.21864690223016,2.44244089306107,2.13060898939684,0.170301964261189,0.679779375149034,0.0381694854952649
10.6333333333333,115.019603972906,120,-2.02106597101364,2.04833969598611,1.22112710242305,2.44492109325396,2.15428455208708,1.10414403985852,0.647945709878678,0.0401083208995721
10.65,115.17402996882,119,-3.02106597101364,2.71584989091338,1.21382974180126,2.43762373263217,2.1778954886378,1.95352776325757,0.610802795995727,0.0416852760250531
10.6666666666667,115.330761719221,119,-3.02106597101364,3.27691133969441,1.19535585439277,2.41914984522368,2.2012593878826,2.70461249796265,0.567705041510313,0.0428408919341784
10.6833333333333,115.489553638346,118,-4.02106597101364,3.82967274358022,1.16576473091705,2.38955872174795,2.22418388932358,3.34977015118109,0.518966203783694,0.0435620734626083
10.7,115.650153380644,117,-5.02106597101364,4.27557252169946,1.13342074345352,2.35721473428442,2.24655334713143,3.92207870842909,0.470176721843104,0.0441100121536014
10.7166666666667,115.812303098878,116,-6.02106597101364,4.61704147781182,1.09571125689851,2.31950524772941,2.26829319424502,4.40851800485942,0.419703660264125,0.0443964080843053
10.7333333333333,115.975740720419,115,-7.02106597101364,4.85647809969755,1.0514212063311,2.275215197162,2.28929803568024,4.80073588050779,0.366873986599034,0.0443753093700406
10.75,116.140201297271,115,-7.02106597101364,4.99610770253108,1.00025922001873,2.22405321084963,2.30945082758769,5.09398175624982,0.311632747571393,0.0440295986002737
10.7666666666667,116.305418358104,114,-8.02106597101364,5.13301472573346,0.942493059280791,2.1662870501117,2.32863509273872,5.28613350186705,0.2542849111739,0.0433603485025167
10.7833333333333,116.47112520237,113,-9.02106597101364,5.16796743362504,0.886174376942493,2.1099683677734,2.34680989954204,5.41325278515445,0.200078616568464,0.0426258691815288
10.8,116.637056302603,113,-9.02106597101364,5.10307732998446,0.828123104319943,2.05191709515085,2.36396787649538,5.46364263380074,0.146889044890635,0.041725957626188
10.8166666666667,116.802948687124,112,-10.0210659710136,5.03578385046023,0.76647738422109,1.99027137505199,2.38006060532605,5.4292693682168,0.093519935409946,0.0405991640809999
10.8333333333333,116.968543216472,112,-10.0210659710136,4.86745238847326,0.707813785908732,1.93160777673964,2.3950853844308,5.34153552087393,0.044197146720404,0.0394595946671545
10.85,117.133585751584,111,-11.0210659710136,4.69595605018621,0.648001296878306,1.87179528770921,2.40905304348389,5.1853164068732,-0.00385011197315572,0.0381778848414511
10.8666666666667,117.297828218275,111,-11.0210659710136,4.42329849047294,0.59210956585758,1.81590355668848,2.42198892377688,4.9866017102635,-0.0474196256524324,0.0369219113491044
10.8833333333333,117.461029632675,110,-12.0210659710136,4.14803941938296,0.535088177038873,1.75888216786978,2.43391190160763,4.72638863956157,-0.089888835005315,0.035533188564455
10.9,117.622957150694,110,-12.0210659710136,3.77282473355248,0.481513199275904,1.70530719010681,2.44484376557913,4.42807293519529,-0.128365372929391,0.0341631524163269
10.9166666666667,117.783386996592,109,-13.0210659710136,3.39676474145957,0.426129901645092,1.649923892476,2.45479415209929,4.07106009679278,-0.166339014465672,0.032645702422311
10.9333333333333,117.942105228462,109,-13.0210659710136,2.92294738878852,0.373491779905041,1.59728577073595,2.463773806269,3.67788846692028,-0.200908939653389,0.0311303759145158
10.95,118.098908370062,108,-14.0210659710136,2.45081827111281,0.318423718229326,1.54221770906023,2.4717818495931,3.22761003639022,-0.23549143487071,0.0294525367538514
10.9666666666667,118.253603931702,108,-14.0210659710136,1.88370581390369,0.26814705319798,1.42490428072939,2.4783050842421,2.74327733610887,-0.264307355963511,0.0277646691799063
10.9833333333333,118.40601084231,108,-14.0210659710136,1.31897428584848,0.216842847735552,1.38642612663257,2.48345601893829,2.20722318152842,-0.29147068423153,0.0258983908545562
11,118.555959926948,108,-14.0210659710136,0.753750518827832,0.165545329774737,1.34795298816196,2.48789755352975,1.639172979667,-0.317799044044506,0.023994960231636
11.0166666666667,118.70329449687,108,-14.0210659710136,0.188201509583322,0.116702555575007,1.31132090751216,2.49164738904216,1.05183818748967,-0.341743095656679,0.0221350366816801
11.0333333333333,118.847870700554,108,-14.0210659710136,-0.377458104741053,0.0716388392847261,1.27752312029445,2.49474654528269,0.454329420456702,-0.362519120465484,0.0203645712128539
11.05,118.989557695573,108,-14.0210659710136,-0.942874276051717,0.0309064137142508,1.24697380111659,2.4972475909351,-0.147040831113826,-0.379861571714276,0.018705334921056
11.0666666666667,119.128237681174,108,-14.0210659710136,-1.50752171832099,-0.00541374444247092,1.2237939908309,2.499201605294,-0.748030431083357,-0.393803742848953,0.0171632565116302
11.0833333333333,119.263805747765,108,-14.0210659710136,-2.07056746913191,-0.0392394542996676,1.2237939908309,2.50100657985943,-1.34649491495798,-0.406432872744575,0.0157352787597243
11.1,119.396169701448,108,-14.0210659710136,-2.63021610456323,-0.0710200273279362,1.2237939908309,2.50275408963972,-1.94206727003151,-0.41819945682079,0.0144176499409526
11.1166666666667,119.525249854487,108,-14.0210659710136,-3.18408304455936,-0.100642990499261,1.2237939908309,2.50444552098104,-2.533817458712,-0.428991893032503,0.0132104183163854
11.1333333333333,119.65097863978,108,-14.0210659710136,-3.73007160596395,-0.127879884929419,1.2237939908309,2.50608223042234,-3.12016816333681,-0.438623247417019,0.0121172518339452
11.15,119.77330006413,108,-14.0210659710136,-4.26635199755334,-0.152462448940257,1.2237939908309,2.50766554529677,-3.69919193474927,-0.446880320160996,0.0111429029321582
11.1666666666667,119.892169067834,109,-13.0210659710136,-4.79134128697111,-0.174133278827848,1.2237939908309,2.50919676432149,-4.26882652431402,-0.45355663310949,0.0102915693248351
11.1833333333333,120.007550836924,109,-13.0210659710136,-5.2086077918237,-0.192677505636893,1.2237939908309,2.51067715817602,-4.82702694398336,-0.458473384268485,0.00956591286252501
11.2,120.119420098888,109,-13.0210659710136,-5.61804127984015,-0.200118422230166,1.2237939908309,2.51210797006937,-5.33538519886458,-0.456359933742637,0.00921338261455852
11.2166666666667,120.2277604225,109,-13.0210659710136,-6.0184790502496,-0.199809735078336,1.2237939908309,2.51349041629614,-5.80424751173676,-0.449317229955919,0.00911488106081043
11.2333333333333,120.33256353544,110,-12.0210659710136,-6.4089291751821,-0.194195771008988,1.2237939908309,2.51482568678191,-6.24127258148115,-0.438882296632397,0.009184192347886
11.25,120.433828668527,110,-12.0210659710136,-6.69348026045803,-0.185035747932209,1.2237939908309,2.51611494561788,-6.65206396946024,-0.426166232717472,0.00935975528361186
11.2666666666667,120.531561932021,110,-12.0210659710136,-6.9724767792309,-0.165755560491954,1.2237939908309,2.51735933158525,-7.00418447931963,-0.406829902977143,0.00984514119892162
11.2833333333333,120.625775726991,110,-12.0210659710136,-7.24515005107357,-0.14066624806105,1.2237939908309,2.51855995866934,-7.31259709455693,-0.383624583672636,0.010493022448039
11.3,120.716488193031,111,-11.0210659710136,-7.51084614686277,-0.112825855272148,1.2237939908309,2.51971791656369,-7.58848829032662,-0.358518882805273,0.0112008411897563
11.3166666666667,120.803722692436,111,-11.0210659710136,-7.67394008136088,-0.084345246684174,1.2237939908309,2.52083427116435,-7.84011702293994,-0.332887038579093,0.0118995882601261
11.3333333333333,120.887507330051,111,-11.0210659710136,-7.83501535035755,-0.0488050070661665,1.2237939908309,2.52191006505457,-8.03700574679534,-0.30252496897194,0.0127919097013866
11.35,120.967874507519,111,-11.0210659710136,-7.99349888911326,-0.010525633056902,1.2237939908309,2.52294631798001,-8.19552506711623,-0.270223151988544,0.0137342093176678
11.3666666666667,121.044860510247,112,-10.0210659710136,-8.14889273726282,0.0275297689607524,1.2237939908309,2.52394402731463,-8.32783368748238,-0.237919155122298,0.0146308603779603
11.3833333333333,121.118505125227,112,-10.0210659710136,-8.20569177743766,0.0634176556262876,1.2237939908309,2.52490416851761,-8.44282179650582,-0.206906153903381,0.0154218570580926
11.4,121.188851287749,112,-10.0210659710136,-8.26456661029964,0.103772264495236,1.2237939908309,2.5258276955812,-8.51037824993246,-0.172864830400182,0.0163200582931026
11.4166666666667,121.255944755033,112,-10.0210659710136,-8.32500164894824,0.144516281760095,1.2237939908309,2.52671554146994,-8.54703646865286,-0.138448568146801,0.0171926393620448
11.4333333333333,121.319833804808,113,-9.02106597101364,-8.3865297243961,0.182943607401675,1.2237939908309,2.52756861855117,-8.56496344622099,-0.105445448849132,0.0179548210586837
11.45,121.380568956992,113,-9.02106597101364,-8.35365257615923,0.217370665343558,1.2237939908309,2.52838781901726,-8.57294226503318,-0.0749939533349838,0.0185571718390578
11.4666666666667,121.438202716653,113,-9.02106597101364,-8.32702629763151,0.254686675734163,1.2237939908309,2.52917401529939,-8.54067033398013,-0.0426202174766831,0.0192226070584264
11.4833333333333,121.492789336617,113,-9.02106597101364,-8.30610182631714,0.291058678405954,1.2237939908309,2.52992806047343,-8.48442979433567,-0.010827134590636,0.0198276775209735
11.5,121.544384598131,113,-9.02106597101364,-8.29036177781289,0.32401045609654,1.2237939908309,2.53065078865766,-8.41609574020446,0.0187408852563076,0.0202961985779627
11.5166666666667,121.593045608149,114,-8.02106597101364,-8.27931954540894,0.352071401818703,1.2237939908309,2.53134301540285,-8.34413367906656,0.0450803490922588,0.0205865002178298
11.5333333333333,121.638830611927,114,-8.02106597101364,-8.17744180560269,0.374503265276298,1.2237939908309,2.53200553807458,-8.27439309850628,0.0676586586508387,0.020681580214808
11.55,121.681798819682,114,-8.02106597101364,-8.08533583606858,0.398911201753003,1.2237939908309,2.53263913622812,-8.17425233307222,0.0914137297494124,0.0208283931801338
11.5666666666667,121.722010246235,114,-8.02106597101364,-8.00239174242741,0.42199763813235,1.2237939908309,2.53324457197585,-8.05816474151496,0.114194588490998,0.0209209730888061
11.5833333333333,121.759525562593,114,-8.02106597101364,-7.92802089896429,0.44168034107992,1.2237939908309,2.53382259034759,-7.93656653239049,0.134620470018324,0.0208955268095447
11.6,121.794405958568,114,-8.02106597101364,-7.86165653137913,0.456772564350248,1.2237939908309,2.53437391964369,-7.81679329057402,0.15188236604423,0.0207188496610325
11.6166666666667,121.826713015587,115,-7.02106597101364,-7.80275412859678,0.466734709589572,1.2237939908309,2.53489927178127,-7.70380847257611,0.165588269803874,0.0203794027007149
11.6333333333333,121.856508588917,115,-7.02106597101364,-7.655715159623,0.471482991461422,1.2237939908309,2.53539934263364,-7.60077992157516,0.175643352525774,0.0198805014872125
11.65,121.883854698633,115,-7.02106597101364,-7.52107550700263,0.479065515583852,1.2237939908309,2.53587481236292,-7.47305004784944,0.187289557268442,0.0194820022612786
11.6666666666667,121.908813428674,115,-7.02106597101364,-7.39814871816261,0.486467541665231,1.2237939908309,2.53632634574623,-7.33354182994692,0.198577900032222,0.0190853079958944
11.6833333333333,121.931446833424,115,-7.02106597101364,-7.28626538463836,0.491769975537323,1.2237939908309,2.53675459249536,-7.19155452108693,0.208252601697496,0.0186299335145419
11.7,121.951816851295,115,-7.02106597101364,-7.18477458201277,0.493861132908844,1.2237939908309,2.53716018757014,-7.05359081852763,0.215572300782493,0.0180830633161729
11.7166666666667,121.969985224813,115,-7.02106597101364,-7.09304506222391,0.492212970196465,1.2237939908309,2.53754375148564,-6.92401442599782,0.220170657549296,0.0174315088024523
11.7333333333333,121.986013426803,114,-8.02106597101364,-7.01046621931619,0.486708702071233,1.2237939908309,2.53790589061326,-6.80557051191532,0.221948446725413,0.0166755688430188
11.75,121.999962592235,114,-8.02106597101364,-7.03152538911696,0.477511213245838,1.2237939908309,2.53824719747587,-6.69979562554738,0.220990726303885,0.0158243932603428
11.7666666666667,122.011893455386,114,-8.02106597101364,-7.05462010555986,0.457141550308118,1.2237939908309,2.53856825103711,-6.64382255470743,0.212372292642693,0.014645696808267
11.7833333333333,122.021866291974,113,-9.02106597101364,-7.07941524452838,0.429489337321994,1.2237939908309,2.53886961698497,-6.62557964647558,0.198568182194523,0.0132743849822705
11.8,122.029940865902,113,-9.02106597101364,-7.20068031591348,0.397517889120946,1.2237939908309,2.53915184800969,-6.63546461277868,0.181482071464518,0.0118113586132212
11.8166666666667,122.036176380177,113,-9.02106597101364,-7.3170996031618,0.355631248152234,1.2237939908309,2.53941548407622,-6.70236240419625,0.157429273000204,0.0100838390949108
11.8333333333333,122.04063143224,112,-10.0210659710136,-7.42862739813297,0.308912234254551,1.2237939908309,2.53966105269121,-6.80821239581631,0.129687795518186,0.00826231378976094
11.85,122.043363973379,112,-10.0210659710136,-7.63032357874753,0.26100616771656,1.2237939908309,2.53988906916471,-6.93917608227862,0.100637465238628,0.00646582298958064
11.8666666666667,122.044431271615,111,-11.0210659710136,-7.82116221596861,0.20662717961479,1.2237939908309,2.54010003686666,-7.12125119545526,0.0668296402404172,0.00452729967094135
11.8833333333333,122.043889878867,110,-12.0210659710136,-8.09646198627897,0.15090407966569,1.2237939908309,2.5402944474783,-7.33451807936772,0.0316057403576929,0.00261436120397894
11.9,122.041795615512,110,-12.0210659710136,-8.45053222936206,0.0895246813436817,1.2237939908309,2.54047278123854,-7.60053744216576,-0.00784314199524497,0.000590686739970697
11.9166666666667,122.038203557314,109,-13.0210659710136,-8.78283723952552,0.020389415843208,1.2237939908309,2.54063550718542,-7.93271428503382,-0.0529089278588462,-0.00160529277641162
11.9333333333333,122.033168001634,109,-13.0210659710136,-9.1891862598421,-0.0492362992483676,1.2237939908309,2.54078308339279,-8.30186892549506,-0.0988545441541396,-0.0037373614451821
11.95,122.026742435497,109,-13.0210659710136,-9.56930054768433,-0.122314849348788,1.2237939908309,2.54091595720223,-8.72289974388557,-0.147591899026196,-0.00590054515562185
11.9666666666667,122.018979508737,108,-14.0210659710136,-9.92416380655067,-0.192354785268628,1.2237939908309,2.54103456545031,-9.16807558332801,-0.194855282992864,-0.007888129750644
11.9833333333333,122.009931011524,108,-14.0210659710136,-10.3498535204706,-0.25518270377644,1.2237939908309,2.5411393346914,-9.61718907849669,-0.23784733305587,-0.00957402872447425
12,121.999647855895,108,-14.0210659710136,-10.7463458375089,-0.316171664711668,1.2237939908309,2.54123068141592,-10.0923671058592,-0.280002906377793,-0.0111380278064784
12.0166666666667,121.98818006048,108,-14.0210659710136,-11.1148661997189,-0.370692910735833,1.2237939908309,2.54130901226429,-10.5716835267661,-0.318242797019416,-0.0124378922046515
12.0333333333333,121.975576737944,108,-14.0210659710136,-11.4566443782587,-0.415996683778913,1.2237939908309,2.54137472423655,-11.0395763302184,-0.350685455781104,-0.0133958771834587
12.05,121.961886084938,109,-13.0210659710136,-11.772907950333,-0.45070728425448,1.2237939908309,2.54142820489779,-11.4853912296408,-0.376332998223258,-0.0139805069695023
12.0666666666667,121.947155374278,109,-13.0210659710136,-11.9697999560593,-0.474431431824487,1.2237939908309,2.5414698325795,-11.902223067329,-0.394826493876768,-0.0141925667484657
12.0833333333333,121.931430949121,109,-13.0210659710136,-12.1495620814501,-0.479634822369034,1.2237939908309,2.54149997657676,-12.2495143436626,-0.401125074088513,-0.0138076072110129
12.1,121.914758218922,110,-12.0210659710136,-12.3131734065559,-0.470497021319896,1.2237939908309,2.54151899734162,-12.5373824845092,-0.397818551956207,-0.01297907859458
12.1166666666667,121.897181657008,110,-12.0210659710136,-12.3665094290426,-0.450497970381745,1.2237939908309,2.54152724667247,-12.7745721907794,-0.38708065947261,-0.0118330017635793
12.1333333333333,121.878744799621,111,-11.0210659710136,-12.4115286359625,-0.414695645703417,1.2237939908309,2.54152506789966,-12.9321439674891,-0.365594937344099,-0.0102252282813217
12.15,121.859490246281,112,-10.0210659710136,-12.3538378084509,-0.368897749904327,1.2237939908309,2.54151279606733,-13.0286778243663,-0.337062972072391,-0.00835615588045254
12.1666666666667,121.839459661373,113,-9.02106597101364,-12.2000421821353,-0.309674943720068,1.2237939908309,2.54149075811165,-13.0424442982714,-0.299180332849263,-0.00612760373183235
12.1833333333333,121.818693776841,113,-9.02106597101364,-11.9565012982458,-0.235917258258092,1.2237939908309,2.54145927303538,-12.9607045733149,-0.251141240809078,-0.00351822952071821
12.2,121.797232395902,114,-8.02106597101364,-11.7244009787916,-0.148093604611314,1.2237939908309,2.54141865207894,-12.7773959061846,-0.193172855142675,-0.000557412542307831
12.2166666666667,121.775114397701,114,-8.02106597101364,-11.4085621746136,-0.0555154374401105,1.2237939908309,2.54136919888805,-12.527804187845,-0.131313426505111,0.0024473704835578
12.2333333333333,121.752377742814,115,-7.02106597101364,-11.1098729660559,0.0431631589590563,1.2237939908309,2.54131120967795,-12.202105551743,-0.0646896474888934,0.00553595972320304
12.25,121.729059479557,115,-7.02106597101364,-10.7328608609983,0.140186429680611,1.2237939908309,2.54124497339428,-11.8322452841941,0.00161052378232976,0.00845953022757849
12.2666666666667,121.705195751006,116,-6.02106597101364,-10.3781257719418,0.238226570187373,1.2237939908309,2.5411707718707,-11.4054441756898,0.0692768514913468,0.011307302457185
12.2833333333333,121.680821802697,117,-5.02106597101364,-9.94991315825998,0.330652037308128,1.2237939908309,2.54108887998338,-10.9510424743875,0.133919192781855,0.0138717388949392
12.3,121.655971990928,117,-5.02106597101364,-9.45347118495232,0.421082134587979,1.2237939908309,2.54099956580228,-10.4539723788322,0.197820475712297,0.0162763183687518
12.3166666666667,121.630679791628,117,-5.02106597101364,-8.98888933033971,0.511500094540367,1.2237939908309,2.54090309073936,-9.90508595990054,0.262223441386298,0.0185885166555127
12.3333333333333,121.604977809734,118,-4.02106597101364,-8.55498753456818,0.594921433072282,1.2237939908309,2.54079970969383,-9.33613173325375,0.322505844934076,0.0205904411779623
12.35,121.578897789035,118,-4.02106597101364,-8.05548660314716,0.66702818553919,1.2237939908309,2.5406896711944,-8.77000697762523,0.375740443575818,0.0221562715741288
12.3666666666667,121.552470622446,119,-3.02106597101364,-7.59020489864851,0.733291327641896,1.2237939908309,2.54057321753863,-8.18626870927715,0.425392298917792,0.0234737486704848
12.3833333333333,121.525726362655,119,-3.02106597101364,-7.06263259258526,0.789341642332565,1.2237939908309,2.54045058492949,-7.60777439918761,0.468521389574149,0.0244134516315407
12.4,121.498694233128,119,-3.02106597101364,-6.57236622440728,0.809159199412053,2.03295319024296,2.54671196066249,-7.02080711468789,0.474178505076128,0.0251650530698244
12.4166666666667,121.471402594313,120,-2.02106597101364,-6.08961541350556,0.81776193268207,2.04155592351297,2.55385616678108,-6.48411660958819,0.470966263976133,0.0256851311847617
12.4333333333333,121.443877816162,120,-2.02106597101364,-5.49259361490334,0.798024851278007,1.2237939908309,2.56595552388448,-5.97632465359612,0.438693038949519,0.0260719921726304
12.45,121.416141111769,120,-2.02106597101364,-4.91504071962077,0.800924260299211,2.02471825113012,2.57517799637496,-5.45044846951705,0.427769381581499,0.0267232643467438
12.4666666666667,121.388206880922,121,-1.02106597101364,-4.35808921077023,0.80266574999936,2.02645974083026,2.58572459836993,-4.91930699448869,0.413578490293586,0.0275338782899596
12.4833333333333,121.360083395974,121,-1.02106597101364,-3.69941725212435,0.806526995216651,2.03032098604756,2.59650422844098,-4.39203759490288,0.400680615101767,0.0284326948611471
12.5,121.33177182582,121,-1.02106597101364,-3.04336205221525,0.809715547592023,2.03350953842293,2.60984456839587,-3.82561077215445,0.382217341595794,0.0296907539174999
12.5166666666667,121.303264879137,121,-1.02106597101364,-2.39262316854401,0.821407745059557,2.04520173589046,2.62329087274144,-3.23923503032844,0.369687486850874,0.031207017356471
12.5333333333333,121.274546013942,121,-1.02106597101364,-1.74930775991589,0.838980256590992,2.0627742474219,2.63695926840723,-2.63805009216304,0.361176254209327,0.0329077876851999
12.55,121.245588541102,121,-1.02106597101364,-1.11475873165674,0.860251940883659,2.08404593171456,2.65092587784348,-2.02749592469754,0.35512886349251,0.0347298530790438
12.5666666666667,121.216355207234,121,-1.02106597101364,-0.48979781878884,0.883530486629737,2.10732447746064,2.66523464504446,-1.41263109422687,0.350365970046697,0.0366227589485785
12.5833333333333,121.186798665237,121,-1.02106597101364,0.125087500477658,0.90758408568465,2.13137807651555,2.67990527965455,-0.797792569332241,0.346050468987565,0.0385486594231346
12.6,121.156862324876,121,-1.02106597101364,0.729608696370608,0.931574754197582,2.15536874502849,2.69494038191225,-0.186482665528714,0.341631084943998,0.0404808452508811
12.6166666666667,121.126481339468,121,-1.02106597101364,1.32358423717256,0.954977859418504,2.17877185024941,2.71033132588592,0.418605851468678,0.336779394639148,0.0424017035971791
12.6333333333333,121.0955835408,121,-1.02106597101364,1.90688162817163,0.977502947190241,2.20129693802115,2.72606280520754,1.01549097786648,0.331330206333237,0.0443005900536619
12.65,121.064090304187,121,-1.02106597101364,2.47938449176902,0.999024063727091,2.222818054558,2.7421161366237,1.6027727831982,0.32523040552185,0.0461718878940785
12.6666666666667,121.0319172825,121,-1.02106597101364,3.0409769660867,1.01952304428684,2.24331703511774,2.75847151167333,2.17950231965152,0.318498150073627,0.0480133857163393
12.6833333333333,120.998975115359,121,-1.02106597101364,3.59153923360686,1.03904624846686,2.26284023929776,2.77510941815973,2.745063582489,0.311192307074898,0.0498250105813018
12.7,120.965170081653,121,-1.02106597101364,4.13094952581499,1.0576735155443,2.28146750637521,2.79201144581725,3.29907560749005,0.303390935924876,0.0516078977062439
12.7166666666667,120.930404604865,121,-1.02106597101364,4.65908931413368,1.07549730690385,2.29929129773476,2.80916066277821,3.84131638404495,0.29517715405233,0.0533637489131651
12.7333333333333,120.894577684498,121,-1.02106597101364,5.17584951639395,1.09260978275635,2.31640377358725,2.82654171339518,4.3716670900483,0.286630647598225,0.0550944213967247
12.75,120.857585236272,121,-1.02106597101364,5.68113640736233,1.10909568886867,2.33288967969957,2.84414075136476,4.89007356859684,0.277823241298216,0.0568016889862361
12.7666666666667,120.819320462783,121,-1.02106597101364,6.17487654232406,1.12502923569487,2.34882322652577,2.86194528924181,5.39652143251528,0.268817201618775,0.0584871248291085
12.7833333333333,120.779674224076,121,-1.02106597101364,6.65702042244945,1.14047352334348,2.36426751417438,2.87994401829447,5.89102128912849,0.259665237807967,0.0601520638200406
12.8,120.738535315974,121,-1.02106597101364,7.12754489292507,1.15548143125026,2.37927542208116,2.89812663168074,6.37360102597465,0.25041144089189,0.0617976129149292
12.8166666666667,120.695790780373,121,-1.02106597101364,7.58645441099233,1.17009721321573,2.39389120404664,2.91648366869222,6.84430268550963,0.24109263704949,0.063424686424882
12.8333333333333,120.651326219126,121,-1.02106597101364,8.03378138683808,1.18435830044785,2.40815229127876,2.93500638743239,7.30318205584265,0.231739820448044,0.0650340508743685
12.85,120.605026020149,122,-0.0210659710136412,8.46958581438035,1.198297015129,2.42209100595991,2.95368666675338,7.75030964348208,0.222379471965423,0.0666263698545886
12.8666666666667,120.556773622235,122,-0.0210659710136412,8.9890309335354,1.21194204042713,2.43573603125803,2.97251693457499,8.18577214002852,0.213034669758353,0.0682022435946885
12.8833333333333,120.506451848105,122,-0.0210659710136412,9.49119369801166,1.23280810222042,2.45660209305132,2.99155808898009,8.64604386390276,0.208492505295534,0.0700091686407129
12.9,120.453943210915,122,-0.0210659710136412,9.97668056202238,1.25706005784089,2.48085404867179,3.0108941316641,9.11868318507135,0.206110194511825,0.0719312926935686
12.9166666666667,120.399130110334,123,0.978934028986359,10.446481429723,1.28217553715473,2.50596952798564,3.03055659196225,9.59422539466822,0.204191056198587,0.0738902474709632
12.9333333333333,120.34189499124,123,0.978934028986359,10.9967793085504,1.30663985822324,2.53043384905415,3.05054379605624,10.0659123622289,0.201751329485514,0.075837124973465
12.95,120.28212044161,124,1.97893402898636,11.5276039968031,1.33715418744179,2.5609481782727,3.07090321489768,10.5656154645269,0.203078707515499,0.0779917081242115
12.9666666666667,120.219689287195,124,1.97893402898636,12.1354453588141,1.36956316763927,2.59335715847017,3.09169620973164,11.0780356616296,0.205366776626796,0.0802255387270439
12.9833333333333,120.154484648188,124,1.97893402898636,12.7208916122092,1.40882073539775,2.63261472622865,3.11299703416742,11.6284986918388,0.211725464392099,0.0827043086896148
13,120.086390005277,125,2.97893402898636,13.2859838962423,1.44971164847069,2.6735056393016,3.1348707020903,12.1969793772595,0.218657739237701,0.0852655183603069
13.0166666666667,120.015473260301,125,2.97893402898636,13.9280115159852,1.48913901229486,2.71293300312576,3.15731385408632,12.7692309728674,0.224162499290216,0.0878087404448716
13.0333333333333,119.943410374666,126,3.97893402898636,14.548006082117,1.53301073680731,2.75680472763821,3.18035282761634,13.3721497677893,0.232055853666273,0.0905259439460186
13.05,119.872029673849,127,4.97893402898636,15.2432789431928,1.57690200240229,2.80069599323319,3.20401923670944,13.9873881879614,0.239414009359497,0.0932770142280948
13.0666666666667,119.801748984694,127,4.97893402898636,16.0101147989193,1.62581692033701,2.84961091116791,3.22835594041963,14.6386161220755,0.2494388241759,0.0962261992760858
13.0833333333333,119.734475193188,128,5.97893402898636,16.7499492618053,1.68225008935932,2.90604408019023,3.25346690783764,15.3414647700718,0.263597628434512,0.0994622706671743
13.1,119.673217646748,129,6.97893402898636,17.560809325559,1.7395361387128,2.9633301295437,3.27941469676842,16.0689965355975,0.277462595380846,0.102775424599119
13.1166666666667,119.621511766624,129,6.97893402898636,18.4397736363976,1.8013349986007,3.02512898943161,3.3062435845759,16.838704477425,0.293365582838408,0.106286431098423
13.1333333333333,119.583729358625,130,7.97893402898636,19.2890134295204,1.86944171274389,3.09323570357479,3.33404220659138,17.6620472255141,0.312351412938126,0.110059870829703
13.15,119.566686899729,131,8.97893402898636,20.2071649289691,1.93692534280915,3.16071933364006,3.36284995139564,18.5094709991236,0.329864496202703,0.113875070309925
13.1666666666667,119.583967934555,131,8.97893402898636,21.1917669549786,2.00744976384368,3.23124375467459,3.3926858915564,19.3969899345275,0.348286593208166,0.117850479691329
13.1833333333333,119.66200660708,132,9.97893402898636,22.1453067709922,2.08296274646364,3.30675673729454,3.423614857337,20.3353642411004,0.368805703179807,0.122053327189502
13.2,119.837895364573,132,9.97893402898636,23.1666120599032,2.15675168613569,3.38054567696659,3.45565558042959,21.2948394686811,0.3870457144907,0.126268026083455
13.2166666666667,120.144346965792,132,9.97893402898636,24.1582374749611,2.23271119333753,3.45650518416843,3.48881024776288,22.291516313739,0.40556865684999,0.13061888699371
13.2333333333333,120.600052411687,133,10.9789340289864,25.1237246998017,2.33126350449504,2.85567844397743,3.51784224360312,23.3055435761214,0.449104434299002,0.134929733964949
13.25,121.212632066921,133,10.9789340289864,26.1379702701122,2.45111651225118,2.93957554940673,3.54198835495868,24.3552880975458,0.518129847183784,0.139027336773569
13.2666666666667,121.983725663938,133,10.9789340289864,27.0826052572155,2.562838438084,3.0177808974897,3.56734098405238,25.4451011402869,0.580062457696506,0.142937633752539
13.2833333333333,122.910120084641,133,10.9789340289864,27.9661745866675,2.65819570738245,3.08453098599862,3.5937505434202,26.5274620460986,0.629792913573553,0.146385596490137
13.3,123.985862301717,133,10.9789340289864,28.7959988381621,2.73381010443821,3.13746106393765,3.62100130355023,27.5723384501381,0.665464735782385,0.149248831852534
13.3166666666667,125.203273331885,133,10.9789340289864,29.5779899602455,2.78942442068345,3.17639108530932,3.648857507883,28.5625564330938,0.687275773687971,0.151504508418774
13.3333333333333,126.55341574008,133,10.9789340289864,30.3166874350394,2.82661126937452,3.20242187939307,3.67709190641272,29.4899365648674,0.696595357859762,0.153189470907931
13.35,128.026455001741,133,10.9789340289864,31.0154173289885,2.84785856769884,3.21729498822009,3.70550151120424,30.3522365074619,0.695346256512988,0.154371703031658
13.3666666666667,129.611934993806,133,10.9789340289864,31.6765065695163,2.85595749982161,3.22296424070603,3.73391451912512,31.1508439084792,0.685596958771109,0.155130995532217
13.3833333333333,131.298984333195,133,10.9789340289864,32.3015083555204,2.85362194249429,3.22132935057691,3.76219150320193,31.8891172459989,0.6693132317823,0.155546724270009
13.4,133.076468462696,133,10.9789340289864,32.8914123063486,2.84327674786246,3.21408771433463,3.79022319459986,32.5712548249612,0.648224616336589,0.155690864920807
13.4166666666667,134.933088555868,133,10.9789340289864,33.4468256124742,2.82696300521738,3.20266809448307,3.81792651068395,33.2015733598848,0.623769559023779,0.155624674566623
13.4333333333333,136.857445204927,134,11.9789340289864,33.9681200221254,2.80631945163158,3.18821760697301,3.84523994568014,33.7840894453084,0.597090912968302,0.155397792769178
13.45,138.838076074087,134,11.9789340289864,34.5506214532933,2.78260939470412,3.17162056712379,3.87211902558228,34.3223140776646,0.569060817614813,0.155048817377269
13.4666666666667,140.86347460299,135,12.9789340289864,35.0935041743452,2.7643578858775,3.15884451094516,3.89858020509983,34.8555921901082,0.545194027838258,0.154853571964282
13.4833333333333,142.922099178758,136,13.9789340289864,35.6924655247436,2.74849459067756,3.14774020430519,3.92466683077045,35.3738924540753,0.523412532951398,0.154716272402714
13.5,145.002382927463,137,14.9789340289864,36.3424822070476,2.74053976247913,3.1421718245663,3.95044067178674,35.9060476392129,0.507210955906233,0.154818561839822
13.5166666666667,147.092754645892,138,15.9789340289864,37.0390765389962,2.74305149330819,3.14393003614664,3.97600967324139,36.4706478487781,0.498089759056547,0.155249344626284
13.5333333333333,149.181681349054,139,16.9789340289864,37.7784749756891,2.75663447058363,3.15343812023945,4.00149952555602,37.0786184647667,0.496254960454514,0.156035552655902
13.55,151.257741447962,141,18.9789340289864,38.5576266872077,2.78070391419221,3.17028673076545,4.02703552783026,37.735416626089,0.501142505616927,0.157165663537319
13.5666666666667,153.309734124701,142,19.9789340289864,39.4692168743744,2.81403690194679,3.19361982219365,4.05273207814237,38.4428021500338,0.511792497037239,0.158606839712884
13.5833333333333,155.326825034165,143,20.9789340289864,40.4103745452866,2.86273623556034,3.22770935572314,4.07873552078961,39.2366012355691,0.531975796692614,0.160563687093989
13.6,157.298721604665,145,22.9789340289864,41.3800968430515,2.92155562531517,3.26888292855152,4.10519199027559,40.1024698091602,0.558073620351234,0.162875436251614
13.6166666666667,159.215864374531,147,24.9789340289864,42.4730441853262,2.98658121010898,3.31440083790719,4.1321943567295,41.0283539556911,0.587416679405193,0.165420955071188
13.6333333333333,161.069616047553,148,25.9789340289864,43.6831444707259,3.06261218666574,3.36762252149692,4.15984453168123,42.0409808404432,0.623002298171744,0.168359913995958
13.65,162.852428341585,150,27.9789340289864,44.9097512789522,3.15160683985577,3.42991877872994,4.18828265024159,43.1568523940568,0.665924434447094,0.171762675002417
13.6666666666667,164.557968713479,152,29.9789340289864,46.2489687538301,3.24609313704664,3.49605918676355,4.21761201117985,44.3484670432086,0.71118976229434,0.175393875955128
13.6833333333333,166.181194658738,154,31.9789340289864,47.69611508427,3.34883278779959,3.56797694229062,4.24791272647557,45.6317624080231,0.760508919509037,0.179346027211127
13.7,167.718370724679,155,32.9789340289864,49.2468205167271,3.46081446533849,3.64636411656785,4.27928590350497,47.016112770097,0.814408797079109,0.183655734408488
13.7166666666667,169.167030898776,157,34.9789340289864,50.8020292605758,3.5818902884187,3.73111719272399,4.31183683453133,48.5060398812235,0.872672128457986,0.188323185688611
13.7333333333333,170.525894588046,158,35.9789340289864,52.4591852201177,3.70366288510696,3.81635801040577,4.34561664958645,50.0662374323213,0.929787245150492,0.193079894739633
13.75,171.794747677941,160,37.9789340289864,54.1195661464822,3.82873743267777,3.90391019370534,4.38064724002907,51.7079363414843,0.987454083267616,0.198009709221568
13.7666666666667,172.974301481919,161,38.9789340289864,55.8805717036963,3.95081909076845,3.98936735436882,4.41692454739183,53.4015913492605,1.04161078031379,0.202908600910055
13.7833333333333,174.066041675944,163,40.9789340289864,57.6432167446592,4.07404502320619,4.07562550707523,4.45443636641247,55.1631006480728,1.09500308436425,0.207907800054213
13.8,175.072077107067,164,41.9789340289864,59.5045326333074,4.19318149376245,4.15902103646462,4.49315957192697,56.9665129153772,1.14428538313677,0.212836415429507
13.8166666666667,175.994996017997,166,43.9789340289864,61.3651367035516,4.39097281608961,3.19973175807123,4.51714407056463,58.8642674798384,1.27797387983451,0.217812795336835
13.8333333333333,176.837734973414,167,44.9789340289864,63.2853965173071,4.58597505963818,3.28748276766809,4.54083480244091,60.8600563084626,1.4110279574021,0.222495649183843
13.85,177.603465052727,168,45.9789340289864,65.1338960129701,4.76763806693119,3.36923112094994,4.5657338918919,62.9317796690368,1.53322421907602,0.226797395052039
13.8666666666667,178.295497818713,169,46.9789340289864,66.9200758642916,4.9245472985902,3.43984027519649,4.59169456688232,65.0142406481296,1.63731412878962,0.23034967622026
13.8833333333333,178.917207280298,170,47.9789340289864,68.6520613594235,5.05163184656107,3.49702832178339,4.6185093968765,67.0650943893556,1.72024434941862,0.232988055828002
13.9,179.471965818222,171,48.9789340289864,70.3365086130848,5.14802931102076,3.54040718079025,4.64594955065135,69.0589148043091,1.78172376731816,0.234683408039489
13.9166666666667,179.963093115264,172,49.9789340289864,71.9786392836935,5.21548007581265,3.5707600249466,4.67379009801791,70.9823392703422,1.82315048646144,0.235490316555896
13.9333333333333,180.393816897061,173,50.9789340289864,73.5823847719612,5.25716340746086,3.58951752418829,4.70182498720436,72.8302360293892,1.84683778421703,0.235509668330382
13.95,180.767244046603,174,51.9789340289864,75.1505840863173,5.27688855459117,3.59839384039693,4.72987467496152,74.6027815034894,1.8554792327196,0.234862653880738
13.9666666666667,181.086340550929,175,52.9789340289864,76.6851977978118,5.2785612407542,3.59914654917029,4.75778876278321,76.3033091348533,1.85179857490927,0.233673617002585
13.9833333333333,181.353918653227,175,52.9789340289864,78.1875143486565,5.26585646489521,3.59342940003375,4.785445436128,77.936786825496,1.83833740646428,0.23205953442134
14,181.572629924638,176,53.9789340289864,79.5632585707633,5.24204020233607,3.58271208188214,4.81274903057652,79.5087884803874,1.81734183807313,0.230124280947837
14.0166666666667,181.744963043282,176,53.9789340289864,80.9139373314162,5.20222438101047,3.56479496228562,4.83959560076188,80.9884086808382,1.78575243230133,0.227709329402806
14.0333333333333,181.873245178527,177,54.9789340289864,82.144414097004,5.15233845918186,3.54234629746274,4.86588828854347,82.3930543538121,1.74754960130379,0.225004242715622
14.05,181.959646137486,177,54.9789340289864,83.3553878050758,5.08905685204734,3.51386957425221,4.89153762624044,83.7001642002382,1.700674374139,0.2219007990123
14.0666666666667,182.006184597183,177,54.9789340289864,84.4510314750606,5.01908866946864,3.48238389209179,4.91646988440688,84.9327756856418,1.6495886184872,0.218613706075477
14.0833333333333,182.014735709531,178,55.9789340289864,85.4364216620151,4.93935646754017,3.44650440122398,4.94062248162429,86.0719176443094,1.59236478385382,0.215042802015801
14.1,181.987039614912,178,55.9789340289864,86.4114448868086,4.84880806957038,3.40575762213758,4.96391803045432,87.1063049165171,1.52840974099391,0.211153057487119
14.1166666666667,181.924710412692,178,55.9789340289864,87.2795503171284,4.75538566560557,3.36371754035341,4.9863078497326,88.0667813895902,1.46295985521824,0.207198937860533
14.1333333333333,181.829245410994,178,55.9789340289864,88.0452278091435,4.65652215514668,3.31922896064691,5.00776080678843,88.9395277455923,1.39438468121452,0.203096808332344
14.15,181.702034444807,178,55.9789340289864,88.7128529297773,4.55119929812421,3.2718336749868,5.02823290120656,89.7164472191649,1.3220760490766,0.198812851475975
14.1666666666667,181.544369039145,178,55.9789340289864,89.2866219909487,4.43943164841466,3.2215382326175,5.0476768602583,90.3937397995526,1.24610160997684,0.194346484405472
14.1833333333333,181.357451260125,178,55.9789340289864,89.7705352910747,4.32187553663721,3.16863798231765,5.06604834916107,90.9707230762084,1.166943505969,0.189717793093738
14.2,181.142402148391,178,55.9789340289864,90.1684092540618,4.19954335411008,3.11358850018044,5.08330965777058,91.4488912163715,1.08530835965353,0.184958349751995
14.2166666666667,180.900269667863,178,55.9789340289864,90.4839037079483,4.07360312169777,3.0569153955949,5.09943157595737,91.8311884730299,1.00199476975782,0.180104770411926
14.2333333333333,180.632036131526,177,54.9789340289864,90.7205549404746,3.94524472646098,2.99915411773835,5.11439402509783,92.1214664345562,0.917805569209822,0.175194414697861
14.25,180.338625087367,177,54.9789340289864,90.7867319885536,3.81559649668089,2.9408124143373,5.12818588228332,92.3240923281277,0.833493735640442,0.170262703201568
14.2666666666667,180.020907663273,177,54.9789340289864,90.7868540342681,3.67800874775707,2.87889792732159,5.1407732596013,92.407245097464,0.744767921210624,0.165094738263871
14.2833333333333,179.679708381068,177,54.9789340289864,90.7239371839682,3.53701209202603,2.81544943224262,5.15211763312752,92.387905534722,0.654626156196082,0.159835371823032
14.3,179.315810460938,176,53.9789340289864,90.6008027718395,3.39587733759975,2.75193879275079,5.16220977555034,92.2800808614332,0.56521431981076,0.154589010787399
14.3166666666667,178.929960712664,176,53.9789340289864,90.3251297913956,3.25687717743159,2.68938872067512,5.1710613088275,92.0951935787626,0.478005793837936,0.149428022015352
14.3333333333333,178.522874107259,175,52.9789340289864,90.0007232560984,3.11384935603749,2.62502620104777,5.17866704672546,91.806081253333,0.388995531720356,0.144153337278402
14.35,178.095237877014,175,52.9789340289864,89.535004634247,2.97137364104322,2.56091212930035,5.18501904784818,91.4325897887366,0.301180571857833,0.1389115471885
14.3666666666667,177.647715122386,174,51.9789340289864,89.0314089155519,2.82482720764852,2.49496623427274,5.19010684259723,90.9538622163401,0.211564152450569,0.133553139637351
14.3833333333333,177.180948058155,174,51.9789340289864,88.3969490871008,2.67974610443976,2.4296797378288,5.1939264453056,90.3942916285201,0.123761865055829,0.128255520458667
14.4,176.695561015311,173,50.9789340289864,87.7346583069144,2.53203657108692,2.36321044782002,5.19647681377995,89.7361598522338,0.0351114149508383,0.122886261565003
14.4166666666667,176.192163064896,173,50.9789340289864,86.9511787892103,2.38746320414831,2.29815243269765,5.19776615036973,89.0059072821592,-0.050635772397627,0.117630192448621
14.4333333333333,175.671350318006,172,49.9789340289864,86.1492142299098,2.24195961688105,2.23267581842738,5.19780649462675,88.1870441592003,-0.136138075875029,0.112355840388804
14.45,175.1337080293,172,49.9789340289864,85.2351198020172,2.10119184265331,2.16933032002489,5.19661880899486,87.3066453971996,-0.217721764799591,0.107244939669331
14.4666666666667,174.579812379557,171,48.9789340289864,84.311350261399,1.96092395213055,2.10620976928965,5.19422684158684,86.3484409689458,-0.298167951347751,0.102160637943665
14.4833333333333,174.010231994632,171,48.9789340289864,83.2840428350836,1.83442398125394,1.84291208450411,5.18907980272082,85.341123340789,-0.365414963762592,0.0972776124912011
14.5,173.425529339856,171,48.9789340289864,82.2484013113319,1.71680597286232,1.80321600667194,5.18117903220007,84.2785681098054,-0.422706402268915,0.0924287375613068
14.5166666666667,172.82626214306,170,47.9789340289864,81.1999474496325,1.60212955597161,1.76451271597132,5.17249521725448,83.1800379359663,-0.478189693820703,0.0877306772400406
14.5333333333333,172.212985084757,170,47.9789340289864,80.0474401471548,1.49226732259393,1.72743421220635,5.16305702894263,82.0558815707688,-0.530636910808124,0.0832410080156449
14.55,171.586251113857,169,46.9789340289864,78.8954677849688,1.38081638023312,1.68981951915958,5.15287862685716,80.8784869941374,-0.584203558448799,0.0787518095427207
14.5666666666667,170.946612159186,169,46.9789340289864,77.6519748539173,1.27221638272664,1.65316702000115,5.14197083488972,79.6675935575637,-0.635978743113054,0.0744042481047551
14.5833333333333,170.294619330208,169,46.9789340289864,76.4206863629092,1.16175349532515,1.61588579550314,5.13034181198242,78.4024142708802,-0.689014940424133,0.0700451340337533
14.6,169.630822891742,169,46.9789340289864,75.2037703563416,1.05489968936655,1.57982263599212,5.11800393598417,77.1074486060049,-0.73973122186655,0.0658488535519795
14.6166666666667,168.955772137088,168,45.9789340289864,74.0031088979285,0.955205324150117,1.54617578773157,5.10499468044237,75.8014987426916,-0.785816827698148,0.0619267858091376
14.6333333333333,168.270015115253,168,45.9789340289864,72.7253488951396,0.864775747862789,1.5156558057346,5.09136718489853,74.4987276442508,-0.825914475821549,0.0583431361268431
14.65,167.574098168879,168,45.9789340289864,71.4731653222647,0.776955736258605,1.48601655181818,5.07715988904284,73.1731689628014,-0.864366477246577,0.054881044653326
14.6666666666667,166.868565465103,168,45.9789340289864,70.2478519505354,0.695649142674253,1.45857557648346,5.0624055717779,71.8446937446314,-0.898632047290333,0.0516637596285593
14.6833333333333,166.153958514018,167,44.9789340289864,69.0505364556681,0.623173861803492,1.43411516918958,5.04715422041811,70.5280827506933,-0.927216601867605,0.0487627296740511
14.7,165.430815591466,167,44.9789340289864,67.7871891501203,0.560692426718928,1.41302768484854,5.0314653574313,69.2340770762826,-0.949386127023059,0.0462118577628094
14.7166666666667,164.699671154446,167,44.9789340289864,66.5598556266251,0.500848502342268,1.39283036037142,5.01537916667776,67.9338424442301,-0.969945468756407,0.0437719843006821
14.7333333333333,163.961055228163,167,44.9789340289864,65.3692262198425,0.447040723538584,1.37467023502518,4.9989267611362,66.6448702973763,-0.986686272880975,0.0415505190377219
14.75,163.215492831528,167,44.9789340289864,64.2158371510127,0.401236322563589,1.35921124969612,4.98215403615119,65.3799769837453,-0.998343846114284,0.0396081501549116
14.7666666666667,162.463503404583,167,44.9789340289864,63.1001473976731,0.364365985720005,1.34676751101141,4.96511476403059,64.1482818582963,-1.00433531168515,0.0379719073762098
14.7833333333333,161.705601057777,167,44.9789340289864,62.022578713651,0.336637932802616,1.33740929315179,4.9478656746488,62.9560494595076,-1.00455165618248,0.0366455174530374
14.8,160.94229512764,167,44.9789340289864,60.9835309049271,0.317780809232023,1.33104501394671,4.93046309571519,61.8073905985321,-0.999197159002702,0.0356173849423435
14.8166666666667,160.174087542715,166,43.9789340289864,59.9833814936486,0.307226202164005,1.32748283406126,4.91296078384982,60.7048290326513,-0.98866893189638,0.0348665668900725
14.8333333333333,159.401471786767,166,43.9789340289864,58.927399906013,0.304241586333494,1.32647552621846,4.89540863838693,59.6497471621147,-0.973469335113139,0.034367106205615
14.85,158.624932348553,166,43.9789340289864,57.9169222877092,0.300316315275413,1.32515074723636,4.8778286780112,58.6062825260223,-0.959150639976154,0.0338441974033894
14.8666666666667,157.844944201482,166,43.9789340289864,56.951889730624,0.298231176495611,1.32444701289817,4.86022888463282,57.5867234304149,-0.94389842724152,0.0333870588802766
14.8833333333333,157.061972330268,167,44.9789340289864,56.0320367156944,0.299710171353893,1.32494617366284,4.84262960741405,56.6000760525058,-0.926595607516202,0.0330503038629437
14.9,156.276471376288,166,43.9789340289864,55.252044117606,0.305690693984525,1.32696460005068,4.82505840606282,55.6526854727865,-0.906643004363943,0.0328629047202438
14.9166666666667,155.488885459573,166,43.9789340289864,54.4153215724331,0.324251733002297,1.33322895071918,4.80756964053688,54.7852364109925,-0.878806921784136,0.0330823548157517
14.9333333333333,154.699647957301,166,43.9789340289864,53.6226696870736,0.344074891656707,1.33991926676504,4.79020436933731,53.9516452028033,-0.850484690458969,0.0333427267008692
14.95,153.909181137006,166,43.9789340289864,52.8736436452324,0.365974281292622,1.34731031076716,4.77297627390259,53.1562159221267,-0.821149942948244,0.0336698548240733
14.9666666666667,153.11789582877,165,42.9789340289864,52.1676714282198,0.390362595802549,1.35554136691426,4.75590225433856,52.4018530624426,-0.790540317893139,0.0340765048136631
14.9833333333333,152.326191199005,165,42.9789340289864,51.4090082709608,0.417362220122969,1.36465374012241,4.73900049752007,51.6903380867196,-0.75858377599123,0.0345660477121148
15,151.534454607427,164,41.9789340289864,50.6979449836846,0.439186824491305,1.37201954409672,4.72226573575855,50.9861259525554,-0.730345734760312,0.0348885298022066
15.0166666666667,150.743061532765,163,40.9789340289864,49.9382966468558,0.459217458463297,1.37877988306227,4.70568237957229,50.3016899761603,-0.703607803704466,0.0351537989857418
15.0333333333333,149.95237555417,162,39.9789340289864,49.1347239391381,0.471959634446925,1.38308036745674,4.68922689479703,49.6096268691045,-0.681929201873931,0.0351864618114356
15.05,149.162748319632,161,38.9789340289864,48.2914901322171,0.474628443761445,1.38398109060039,4.67285275873809,48.89197852147,-0.667087467068756,0.0348993718685525
15.0666666666667,148.374519441169,160,37.9789340289864,47.4123865586996,0.46629695589801,1.38116921344648,4.6565032153705,48.1378843185059,-0.659641810103108,0.0342655731328129
15.0833333333333,147.588016463971,159,36.9789340289864,46.5007219317709,0.447245597219942,1.37473937989263,4.64011982677428,47.3416540380214,-0.65936281932844,0.0332969363256241
15.1,146.803554951221,157,34.9789340289864,45.559351049863,0.418479688943165,1.36503088584922,4.62364785542688,46.5012315556294,-0.665550543206455,0.0320283743980698
15.1166666666667,146.021438712949,156,33.9789340289864,44.495648665769,0.381383379609317,1.35251088144905,4.60703933048951,45.617003980033,-0.677262184071291,0.0305065679663337
15.1333333333333,145.241960209297,154,31.9789340289864,43.4127576158645,0.329773627872738,1.33509259023795,4.59023111053506,44.6544595961665,-0.698474749163546,0.0285353698681647
15.15,144.465400963299,153,30.9789340289864,42.2171261230373,0.268750712608267,1.31449735633619,4.57315927470436,43.6286734568855,-0.725811794635606,0.0262816284102047
15.1666666666667,143.69203193228,151,28.9789340289864,41.010955407028,0.194507829943179,1.28944038343673,4.55576171663071,42.5157827813819,-0.761701259977064,0.023625406265438
15.1833333333333,142.922113915906,150,27.9789340289864,39.6998145088802,0.113534194928921,1.26211178161942,4.53798602701667,41.3383072854779,-0.801868243208938,0.0207774934132425
15.2,142.155898068554,149,26.9789340289864,38.3851294603775,0.0227089708518494,1.2314582684934,4.51978736303496,40.0773563008867,-0.84830446581038,0.0176390211556102
15.2166666666667,141.393626435069,147,24.9789340289864,37.0668914049756,-0.0692978631550021,1.1544961276759,4.50073105929858,38.7591956387888,-0.894453207904661,0.0144258144725629
15.2333333333333,140.635532529358,146,23.9789340289864,35.6483077590169,-0.155510965639478,1.06828302519143,4.48027684323908,37.4061793303798,-0.93460784348023,0.0112748551906879
15.25,139.881841959916,145,22.9789340289864,34.2269879104668,-0.241581889518597,0.982212101312307,4.45845213259126,35.9979452632163,-0.972545306210651,0.00800771525054458
15.2666666666667,139.13277330034,144,21.9789340289864,32.7993969853411,-0.323561183491664,0.90023280733924,4.43529887845825,34.556286003721,-1.00581917361057,0.0047576497540598
15.2833333333333,138.388539119094,143,20.9789340289864,31.3625627972283,-0.399766755289631,0.824027235541274,4.41090495371202,33.0951660914122,-1.03353247474993,0.00158881041646656
15.3,137.649346994762,142,19.9789340289864,29.914224274177,-0.469955413854127,0.753838576976777,4.38537357773217,31.6227509469488,-1.05574537165193,-0.00147985431111752
15.3166666666667,136.915400577901,141,18.9789340289864,28.4528318171666,-0.534705778474363,0.689088212356542,4.35880473189428,30.1431682240505,-1.07304185367119,-0.00445638936403778
15.3333333333333,136.186900632815,141,18.9789340289864,26.9774657979042,-0.594986394590399,0.628807596240506,4.33128525746133,28.6579259137929,-1.08623232952457,-0.00736278650299549
15.35,135.464045896001,140,17.9789340289864,25.582795395866,-0.651874058339031,0.571919932491874,4.30288484533715,27.166983485033,-1.09616427194987,-0.0102262371473411
15.3666666666667,134.747033753068,139,16.9789340289864,24.1677656219934,-0.698897840490091,0.524896150340813,4.27372369374241,25.7058825355717,-1.09884700468924,-0.0128268026865904
15.3833333333333,134.036060844387,139,16.9789340289864,22.7330998395211,-0.740790062307937,0.483003928522968,4.24392893599908,24.2609468456924,-1.09759418466347,-0.0153047285852717
15.4,133.33132368473,138,15.9789340289864,21.3751353185895,-0.780793071752673,0.443000919078231,4.21356179515589,22.8214819712549,-1.09463326326773,-0.0177583524625358
15.4166666666667,132.633019128834,137,14.9789340289864,19.9942939015913,-0.813478638000815,0.410315352830089,4.1827077678837,21.4160390021453,-1.08657953008867,-0.0200050039276118
15.4333333333333,131.941344613334,137,14.9789340289864,18.5924869450423,-0.843886038176737,0.379907952654167,4.15144840187614,20.0267300451194,-1.07685736846891,-0.0221993830596887
15.45,131.256498350455,136,13.9789340289864,17.2669297357412,-0.875124246871534,0.34866974395937,4.11979813379364,18.6406316340151,-1.06751863138413,-0.0244401093860397
15.4666666666667,130.578679486576,136,13.9789340289864,15.918635589742,-0.901403321343843,0.322390669487062,4.08779995302657,17.2853894689063,-1.05486383660491,-0.0265369653407152
15.4833333333333,129.908088171624,135,12.9789340289864,14.6449427912031,-0.927314882532337,0.296479108298567,4.05549972984447,15.9430237638864,-1.04196013464151,-0.0286336456821821
15.5,129.244925669969,135,12.9789340289864,13.3471167321828,-0.948033947845065,0.27576004298584,4.02295167477935,14.6373313838238,-1.02575126652269,-0.0305701751672933
15.5166666666667,128.589394494279,134,11.9789340289864,12.1227767557059,-0.968724028908484,0.255069961922421,3.99020022720579,13.3475624925474,-1.00967020059689,-0.0325089653054339
15.5333333333333,127.941698435831,134,11.9789340289864,10.8734405133628,-0.984851382182769,0.238942608648135,3.95729109567924,12.0956326439214,-0.990832157830715,-0.0343003361124267
15.55,127.302042561106,133,10.9789340289864,9.69692280284875,-1.00211046931571,0.223793990830904,3.92434388985568,10.8594405604613,-0.973181612207565,-0.0361111223740013
15.5666666666667,126.670633274118,133,10.9789340289864,8.49493001622057,-1.01655968393211,0.223793990830904,3.89152192110203,9.65956489419974,-0.954474268275026,-0.0377909834127535
15.5833333333333,126.047678428011,132,9.97893402898636,7.36584854031099,-1.03332582173403,0.223793990830904,3.85885508264264,8.47308902218913,-0.938084495967603,-0.0395017519167254
15.6,125.433387483058,132,9.97893402898636,6.21222557268523,-1.04746329086127,0.223793990830904,3.82634693789087,7.32098561561017,-0.920763942741691,-0.0410856648269691
15.6166666666667,124.827971644741,131,8.97893402898636,5.13263150094009,-1.06373550713612,0.223793990830904,3.79400089448333,6.18144542041406,-0.905593673205347,-0.0426970362513632
15.6333333333333,124.231643957168,131,8.97893402898636,4.02924838738958,-1.0770385734894,0.223793990830904,3.76182020838561,5.07632603708599,-0.889221277440054,-0.0441732660726903
15.65,123.644619392756,130,7.97893402898636,3.00031750826788,-1.09207954901341,0.223793990830904,3.72980798790589,3.98430862028368,-0.874689448433512,-0.045667224883875
15.6666666666667,123.067114963162,130,7.97893402898636,1.94772553864644,-1.10376558025361,0.223793990830904,3.69796719761846,2.92745796333582,-0.858651315663287,-0.0470170511190262
15.6833333333333,122.49934986623,129,6.97893402898636,0.969449876118659,-1.11685660079379,0.223793990830904,3.66630066219897,1.88446481695416,-0.844182808700456,-0.048377650556531
15.7,121.941545677864,129,6.97893402898636,-0.032857303814496,-1.12633586058636,0.223793990830904,3.63481107017315,0.877271215293513,-0.827986109221645,-0.0495898592069857
15.7166666666667,121.393923866213,128,5.97893402898636,-0.961425766479819,-1.13704938986555,0.223793990830904,3.60350097758103,-0.115638056107466,-0.813193484416626,-0.0508115004412161
15.7333333333333,120.856688285029,128,5.97893402898636,-1.91478511738117,-1.14406738947676,0.223793990830904,3.57237281155813,-1.07257362737509,-0.79656478011356,-0.0518862505759823
15.75,120.330018531922,127,4.97893402898636,-2.7953233879051,-1.15231765038795,0.223793990830904,3.54142887383555,-2.01532344245768,-0.781287248913376,-0.0529745070488282
15.7666666666667,119.814078063168,126,3.97893402898636,-3.70170671423674,-1.1569432074135,0.223793990830904,3.51067134416056,-2.92247194954738,-0.764170504903147,-0.0539221447490035
15.7833333333333,119.30902151611,126,3.97893402898636,-4.63151615656542,-1.16293371579429,0.223793990830904,3.48010228363939,-3.81606891355854,-0.748444898785448,-0.0548913324347299
15.8,118.815000644975,125,2.97893402898636,-5.48740412991753,-1.17330443724021,0.223793990830904,3.44972363800373,-4.71142382336995,-0.736087406483744,-0.0559761078340769
15.8166666666667,118.332169135485,124,1.97893402898636,-6.36827780436126,-1.18182106335295,0.223793990830904,3.41953724080274,-5.58223517748074,-0.723030544675849,-0.0569752202383676
15.8333333333333,117.860686510269,123,0.978934028986359,-7.27193727848252,-1.19250441039249,0.223793990830904,3.38954481652193,-6.44691355552479,-0.711882955439534,-0.0580182755469355
15.85,117.400721293042,122,-0.0210659710136412,-8.19630986597405,-1.20770965542935,0.223793990830904,3.35974798363048,-7.3180993515181,-0.704193859469306,-0.0591776524179161
15.8666666666667,116.952453562851,122,-0.0210659710136412,-9.13944645483645,-1.22859518282339,0.223793990830904,3.33014825755864,-8.20405524316571,-0.700745290083894,-0.0604853256052478
15.8833333333333,116.516076998859,121,-1.02106597101364,-10.0044411139708,-1.25548201620093,0.223793990830904,3.30074705360646,-9.10976351189846,-0.701777192576683,-0.0619456469787657
15.9,116.091800489754,120,-2.02106597101364,-10.8906153852199,-1.28030453177354,0.223793990830904,3.27154568978544,-10.0013022311782,-0.702027645451022,-0.0632981158992843
15.9166666666667,115.679849358874,119,-3.02106597101364,-11.7961573859108,-1.30589960520483,0.223793990830904,3.24254538959451,-10.8915655366471,-0.703320344909882,-0.0646356508721414
15.9333333333333,115.280466235579,118,-4.02106597101364,-12.7193570531189,-1.33391729866594,0.223793990830904,3.21374728473158,-11.7893005624697,-0.706724591306719,-0.0660103900775983
15.95,114.893911584439,117,-5.02106597101364,-13.6586034813256,-1.36515875432812,0.223793990830904,3.18515241774223,-12.700117931867,-0.712766019862368,-0.0674457992001144
15.9666666666667,114.520463885925,117,-5.02106597101364,-14.6123820617592,-1.3998346398005,0.223793990830904,3.15676174460662,-13.6272869432678,-0.721588550918546,-0.0689458476916219
15.9833333333333,114.160419444784,116,-6.02106597101364,-15.4841949184876,-1.43776082211634,0.223793990830904,3.12857613726622,-14.5723577832669,-0.73307767579587,-0.0705018817180093
16,113.814091785024,115,-7.02106597101364,-16.3737460698688,-1.47068253948971,0.223793990830904,3.10059638609126,-15.4991614013715,-0.741821642867158,-0.0718508676486923
16.0166666666667,113.481810573113,115,-7.02106597101364,-17.2795814317895,-1.50146658606255,0.223793990830904,3.07282320229057,-16.4192331476651,-0.749638064904095,-0.0730902290332738
16.0333333333333,113.163919993757,114,-8.02106597101364,-18.1052484454917,-1.5319384441158,0.223793990830904,3.04525722026467,-17.340617162439,-0.757687444491228,-0.0742810718974987
16.05,112.860776485916,114,-8.02106597101364,-18.9504826705856,-1.55534289717469,0.223793990830904,3.01789899990352,-18.2322118899444,-0.761517238263457,-0.0752115597415628
16.0666666666667,112.572745731404,113,-9.02106597101364,-19.7187725913081,-1.57564620773625,0.223793990830904,2.99074902883004,-19.1094756567671,-0.763655451843711,-0.0760158697444435
16.0833333333333,112.300198775804,113,-9.02106597101364,-20.5097853583931,-1.58763948554143,0.223793990830904,2.96380772459057,-19.9469767752641,-0.760646553611638,-0.0765338828163313
16.1,112.043507153783,112,-10.0210659710136,-21.2269329603572,-1.59637666863873,0.223793990830904,2.9370754367934,-20.7644598263061,-0.755728262350924,-0.0769351734792221
16.1166666666667,111.803036890848,112,-10.0210659710136,-21.9697992216798,-1.5973859027732,0.223793990830904,2.91055244919641,-21.5396871711699,-0.745933840493957,-0.0770826816368152
16.1333333333333,111.579141264937,112,-10.0210659710136,-22.6417071273268,-1.59619304420922,0.223793990830904,2.88423898174505,-22.2947400183728,-0.734821626243549,-0.0771598359130232
16.15,111.372152238183,111,-11.0210659710136,-23.2470703360493,-1.58860041030431,0.223793990830904,2.85813519256154,-23.0090485319583,-0.719619040806731,-0.0770366768828689
16.1666666666667,111.182370516414,111,-11.0210659710136,-23.885226323937,-1.57244088918629,0.223793990830904,2.83224117988654,-23.6693600782178,-0.698853336404354,-0.0766520552268457
16.1833333333333,111.010054265675,111,-11.0210659710136,-24.4592437166704,-1.55480431674744,0.223793990830904,2.80655698397405,-24.3044240877599,-0.677110612479019,-0.0762392133772618
16.2,110.855406614219,110,-12.0210659710136,-24.9732759261829,-1.53249815695312,0.223793990830904,2.78108258894087,-24.8985246091441,-0.652292059507145,-0.0756985688696826
16.2166666666667,110.718562195002,110,-12.0210659710136,-25.5263962155285,-1.50394465022235,0.0611896995415453,2.75581792457121,-25.4418514963332,-0.623333292706077,-0.0749851131452234
16.2333333333333,110.599573140072,110,-12.0210659710136,-26.0270624730652,-1.46943782706615,0.223793990830904,2.72929850538496,-25.9605111955012,-0.587260277397236,-0.0743446295267306
16.25,110.498395243316,109,-13.0210659710136,-26.4784825634201,-1.44115738425051,0.223793990830904,2.70445335930854,-26.4481844850167,-0.558396173263612,-0.0737017112178373
16.2666666666667,110.414875004211,109,-13.0210659710136,-26.9732490030121,-1.41027700673735,0.223793990830904,2.67981779203764,-26.8986231770552,-0.527772257475846,-0.0730054521019043
16.2833333333333,110.348737875182,108,-14.0210659710136,-27.4139878437986,-1.38343681884454,0.223793990830904,2.65539152120968,-27.3413205951442,-0.499735755259038,-0.0724675429563538
16.3,110.299578905228,108,-14.0210659710136,-27.8994848577768,-1.35688545845042,0.223793990830904,2.63117421880853,-27.7606493806772,-0.471870505248731,-0.0719641147878275
16.3166666666667,110.26685687418,107,-15.0210659710136,-28.3322581071662,-1.3362533124542,0.223793990830904,2.60716551271462,-28.1829034987346,-0.447882732025803,-0.0716717761445599
16.3333333333333,110.249892697559,107,-15.0210659710136,-28.8109907070319,-1.31702331209799,0.223793990830904,2.58336498821672,-28.5899155671378,-0.424865899978523,-0.0714405170134042
16.35,110.247872665289,106,-16.0210659710136,-29.2381033204584,-1.30425341351389,0.223793990830904,2.55977218948654,-29.0059720208712,-0.406155690265462,-0.0714278327619222
16.3666666666667,110.259856822009,106,-16.0210659710136,-29.7121868284504,-1.29300636652491,0.223793990830904,2.53638662101662,-29.4113268309074,-0.388569895960433,-0.0714700878667658
16.3833333333333,110.284792445187,105,-17.0210659710136,-30.1355747170538,-1.28803912671723,0.223793990830904,2.51320774902254,-29.8290321894719,-0.375243223290088,-0.071715404168068
16.4,110.321531794867,105,-17.0210659710136,-30.6067756260723,-1.28420605406836,0.223793990830904,2.4902350028102,-30.2383834838703,-0.362850923998823,-0.0719940368316753
16.4166666666667,110.368853375734,104,-18.0210659710136,-31.0280456038985,-1.28612705099186,0.223793990830904,2.46746777610883,-30.6616941592905,-0.354430529291375,-0.072450476271208
16.4333333333333,110.425485716482,104,-18.0210659710136,-31.4978205146949,-1.28857379435402,0.223793990830904,2.44490542837057,-31.077695467881,-0.346595019480049,-0.0729132010569885
16.45,110.49013240198,103,-19.0210659710136,-31.9182881441447,-1.29612440226288,0.223793990830904,2.42254728603731,-31.5082747842641,-0.3423462137446,-0.0735262887962888
16.4666666666667,110.561497076065,103,-19.0210659710136,-32.3878204515633,-1.30353902421911,0.223793990830904,2.40039264377557,-31.9318459004974,-0.338281314901078,-0.0741187844305832
16.4833333333333,110.638307237192,103,-19.0210659710136,-32.8085455160056,-1.31540615014468,0.223793990830904,2.37844076568004,-32.3700636751039,-0.337401066150706,-0.0748360120420385
16.5,110.719335845806,103,-19.0210659710136,-33.1837030848564,-1.32651168117237,0.223793990830904,2.35669088644647,-32.8011753747198,-0.336312186578761,-0.0755087125848911
16.5166666666667,110.803420015634,103,-19.0210659710136,-33.5164046697285,-1.33365803642745,0.223793990830904,2.33514221251476,-33.2102363859622,-0.332900724655184,-0.0760373496823809
16.5333333333333,110.889476334234,103,-19.0210659710136,-33.8096321859592,-1.33511377956486,0.223793990830904,2.31379392318262,-33.5875000351755,-0.325989769894797,-0.0763722746844895
16.55,110.976512619407,103,-19.0210659710136,-34.066237377911,-1.33018910945103,0.223793990830904,2.29264517169067,-33.9271429174533,-0.315074243438103,-0.0764985578950823
16.5666666666667,111.063636144619,103,-19.0210659710136,-34.2889419474072,-1.31891131997452,0.223793990830904,2.27169508627959,-34.2262608450205,-0.300117095596997,-0.0764245066646771
16.5833333333333,111.150058545165,103,-19.0210659710136,-34.4803383081692,-1.30177930403917,0.223793990830904,2.25094277121981,-34.484082458439,-0.281394219220829,-0.0761730817382339
16.6,111.235097743419,103,-19.0210659710136,-34.6428908944345,-1.27958023834299,0.223793990830904,2.23038730781452,-34.7013573625835,-0.25937782749238,-0.075775578703061
16.6166666666667,111.318177308532,103,-19.0210659710136,-34.7789379570187,-1.25325489877546,0.223793990830904,2.21002775537645,-34.879883717186,-0.23465003833219,-0.0752670678657441
16.6333333333333,111.398823700433,103,-19.0210659710136,-34.8906937849491,-1.22380075389908,0.223793990830904,2.1898631521791,-35.0221468319339,-0.207840033647524,-0.0746831885827221
16.65,111.47666184892,104,-18.0210659710136,-34.9802512954341,-1.19220417587469,0.223793990830904,2.16989251638297,-35.1310457403462,-0.179579485392964,-0.0740579772612903
16.6666666666667,111.551409495581,104,-18.0210659710136,-34.9545083987626,-1.15939488518741,0.223793990830904,2.1501148469373,-35.2096891640031,-0.150472015769347,-0.0734224754738997
16.6833333333333,111.622870688275,104,-18.0210659710136,-34.9163594855331,-1.11839502502559,0.223793990830904,2.13052912445798,-35.2247620886483,-0.115941731959062,-0.0725570887076745
16.7,111.690928772699,104,-18.0210659710136,-34.867342078324,-1.07338731498395,0.223793990830904,2.11113431208198,-35.1914690656403,-0.0786791312766108,-0.0716023599247818
16.7166666666667,111.755539180343,105,-17.0210659710136,-34.8088799033638,-1.02746723980983,0.223793990830904,2.09192935629907,-35.1219789495679,-0.0406985157613746,-0.0706595108212489
16.7333333333333,111.816722260942,105,-17.0210659710136,-34.6472117244925,-0.983157979166185,0.240636011664719,2.0729714400657,-35.0260307178757,-0.00379062799946771,-0.0697989837385745
16.75,111.874556472586,105,-17.0210659710136,-34.4839991814204,-0.936987754553665,0.28680623627724,2.05483287880311,-34.8763145111813,0.0330662262579653,-0.0688186978906677
16.7666666666667,111.929171915927,105,-17.0210659710136,-34.3180254718815,-0.893710179925161,0.330083810905743,2.03763050057151,-34.6933323585099,0.0665498943177023,-0.0678535248146802
16.7833333333333,111.980744688953,105,-17.0210659710136,-34.1473066446097,-0.855405224227714,0.368388766603191,2.02129515794379,-34.4913444269863,0.0954585918829792,-0.0669780772050037
16.8,112.029492425275,106,-16.0210659710136,-33.9703708985398,-0.822736582588161,0.401057408242744,2.00573549623498,-34.2793095108662,0.119545572192384,-0.0662231479906323
16.8166666666667,112.075672564092,106,-16.0210659710136,-33.6912285426084,-0.795513257435699,0.428280733395206,1.99085666009135,-34.0623812676974,0.139121428368618,-0.0655921081266285
16.8333333333333,112.119588192554,106,-16.0210659710136,-33.4105203205473,-0.765605858043246,0.458188132787659,1.97663896395317,-33.8067831473946,0.159539208016466,-0.064826070149463
16.85,112.161603751025,106,-16.0210659710136,-33.1278168200614,-0.736056698062262,0.487737292768642,1.96309765209086,-33.5260810085399,0.178813884601849,-0.0640225283578707
16.8666666666667,112.202128403648,106,-16.0210659710136,-32.8426648529013,-0.70858812893024,0.515205861900665,1.9502087792057,-33.2299983844012,0.195885230687807,-0.0632399300465318
16.8833333333333,112.241577647143,106,-16.0210659710136,-32.5547573373931,-0.684002626111883,0.539791364719022,1.93792775189435,-32.9251720892569,0.210324684784095,-0.0625088515148455
16.9,112.280351152626,107,-15.0210659710136,-32.2640063585543,-0.662505646002266,0.561288344828638,1.92620185639877,-32.6159074538166,0.22210339262593,-0.0618412536909739
16.9166666666667,112.318822888626,107,-15.0210659710136,-31.8754780987203,-0.643950014356246,0.579843976474658,1.91497807831825,-32.3048495481586,0.231419764288577,-0.0612376502489259
16.9333333333333,112.35733807952,107,-15.0210659710136,-31.4905573391407,-0.62052135471969,0.603272636111215,1.9042754286349,-31.9571635015878,0.243345570446827,-0.0604453998225293
16.95,112.396213755798,107,-15.0210659710136,-31.1092896070544,-0.595690609931397,0.628103380899507,1.89414157165387,-31.5862616785396,0.255553035149587,-0.0595725399489346
16.9666666666667,112.435740937021,107,-15.0210659710136,-30.7314802936196,-0.571622767354017,1.2237939908309,1.88457769475071,-31.2022164856297,0.266643918128283,-0.0586892260806901
16.9833333333333,112.476187379054,107,-15.0210659710136,-30.3370348053919,-0.594836155734812,1.2237939908309,1.88484385692036,-30.8339883996057,0.226246671259566,-0.057812479862465
17,112.517799638869,107,-15.0210659710136,-29.9091141126097,-0.613751448786296,1.2237939908309,1.88526297573371,-30.4875761872316,0.189298913661214,-0.0568114620081083
17.0166666666667,112.560803673599,108,-14.0210659710136,-29.4534662527954,-0.62382259134168,1.2237939908309,1.88583003564847,-30.138955198015,0.158808324993316,-0.0555475264178661
17.0333333333333,112.605405409864,108,-14.0210659710136,-28.8802737865762,-0.622928115742466,1.2237939908309,1.88654014332079,-29.7730642890033,0.136226077138779,-0.053963604222364
17.05,112.65179170788,108,-14.0210659710136,-28.2953694275529,-0.602793065413696,1.2237939908309,1.88738852496493,-29.3449727479377,0.127052789325478,-0.0518106123448745
17.0666666666667,112.700131478399,108,-14.0210659710136,-27.7029059142538,-0.567504677014885,1.2237939908309,1.88837052376637,-28.8631032148046,0.128739656337243,-0.0492386998581323
17.0833333333333,112.750576813241,108,-14.0210659710136,-27.1066213658089,-0.520849487003587,1.2237939908309,1.88948159734734,-28.3363396123758,0.138893272127393,-0.0463832846179817
17.1,112.803264063298,108,-14.0210659710136,-26.5098659964238,-0.466233144694234,1.2237939908309,1.8907173152837,-27.773560608849,0.155333002893918,-0.0433630043185465
17.1166666666667,112.858314837239,109,-13.0210659710136,-25.9156278322932,-0.406640870130702,1.2237939908309,1.89207335667223,-27.1833156647837,0.176122109687358,-0.0402790295143043
17.1333333333333,112.915836914713,109,-13.0210659710136,-25.231480872345,-0.344627098368368,1.2237939908309,1.89354550774728,-26.5736101138684,0.199579779676829,-0.0372153283917893
17.15,112.97592507803,109,-13.0210659710136,-24.5607970777754,-0.274503321210868,1.2237939908309,1.8951296595459,-25.9152888876392,0.229411213302854,-0.033992740264911
17.1666666666667,113.03866187073,109,-13.0210659710136,-23.905412272327,-0.201446120074997,1.2237939908309,1.89682180562046,-25.2270160606775,0.262239079584874,-0.0307814417856254
17.1833333333333,113.104118292865,109,-13.0210659710136,-23.266887250543,-0.129288609474742,1.2237939908309,1.89861803979777,-24.5237681162605,0.295523357148738,-0.0277031041718598
17.2,113.172354442606,110,-12.0210659710136,-22.6465300199801,-0.0607853165600553,1.2237939908309,1.90051455398398,-23.8174540069416,0.327400993433653,-0.0248409499931845
17.2166666666667,113.243420112873,110,-12.0210659710136,-21.9503403269066,0.00216838806790439,1.2237939908309,1.90250763601414,-23.1174381703959,0.356552503061867,-0.0222480282859183
17.2333333333333,113.317355350461,110,-12.0210659710136,-21.2802178857832,0.0661772892669086,1.2237939908309,1.90459366754573,-22.3944971972577,0.387222915657581,-0.0197071654167958
17.25,113.394190983893,110,-12.0210659710136,-20.6366244265826,0.127112914201066,1.2237939908309,1.9067691219952,-21.6662406945765,0.416672550785686,-0.0173476556164338
17.2666666666667,113.473949125027,110,-12.0210659710136,-20.0198408862514,0.182232209920594,1.2237939908309,1.90903056251667,-20.945941282583,0.443038353238831,-0.0152503716561137
17.2833333333333,113.556643648433,111,-11.0210659710136,-19.4299856965156,0.229850095028923,1.2237939908309,1.91137464002212,-20.2434086552755,0.465132197625472,-0.0134598072668164
17.3,113.642280651651,111,-11.0210659710136,-18.7719553411127,0.269078268836106,1.2237939908309,1.91379809124199,-19.565701485995,0.482279282967396,-0.0119936092682968
17.3166666666667,113.730858898684,111,-11.0210659710136,-18.146628623805,0.307440122781824,1.2237939908309,1.91629773682568,-18.8812220399918,0.499320855788953,-0.0106032446147053
17.3333333333333,113.822370248527,111,-11.0210659710136,-17.5535247799646,0.34162287598931,1.2237939908309,1.91887047948096,-18.2052353887356,0.514054236637807,-0.00939101280760172
17.35,113.916800069993,112,-10.0210659710136,-16.9920567746032,0.369590284874303,1.2237939908309,1.92151330215165,-17.5487672276277,0.525088919373384,-0.00841519767954424
17.3666666666667,114.014127643746,112,-10.0210659710136,-16.3664692130215,0.390255264613138,1.2237939908309,1.92422326623274,-16.9195224367984,0.531643620906335,-0.00770195738045496
17.3833333333333,114.114326552166,112,-10.0210659710136,-15.7770399864666,0.411045082170122,1.2237939908309,1.92699750982231,-16.2861400608265,0.538517815529651,-0.00700774680225479
17.4,114.21736505742,112,-10.0210659710136,-15.2227357958574,0.428616637913299,1.2237939908309,1.92983324600937,-15.6638360049111,0.543508532391293,-0.00643761765512364
17.4166666666667,114.323206467969,113,-9.02106597101364,-14.7024629054334,0.440942305198095,1.2237939908309,1.93272776119713,-15.0633950595054,0.545249425996164,-0.00605129743247078
17.4333333333333,114.431809493621,113,-9.02106597101364,-14.1200025602918,0.446963372393947,1.2237939908309,1.9356784134608,-14.4921605375907,0.542995592878299,-0.00587573107804459
17.45,114.543128589156,113,-9.02106597101364,-13.5752101968944,0.454141928700529,1.2237939908309,1.93868263093936,-13.918342148147,0.541586551678623,-0.0056679466300129
17.4666666666667,114.657114286487,114,-8.02106597101364,-13.0666685952807,0.459167275644626,1.2237939908309,1.94173791026061,-13.3566973757198,0.538857280833548,-0.0055336426688782
17.4833333333333,114.773713515334,114,-8.02106597101364,-12.4978597890045,0.460036206825673,1.2237939908309,1.94484181499881,-12.8175511570842,0.533473626957389,-0.00553343985652426
17.5,114.892869912312,114,-8.02106597101364,-11.9683631072665,0.463525478536759,1.2237939908309,1.94799197416428,-12.2713208602456,0.529846609592918,-0.00544868209408753
17.5166666666667,115.014524118414,115,-7.02106597101364,-11.4765071721712,0.465835736216555,1.2237939908309,1.95118608072437,-11.7343711405067,0.525505063675257,-0.00540232315584371
17.5333333333333,115.138614064815,115,-7.02106597101364,-10.9255406713477,0.464622880573288,1.2237939908309,1.95442189015517,-11.2181717292805,0.518900910435443,-0.00546696910791986
17.55,115.265075247,115,-7.02106597101364,-10.4148292840855,0.466432468712382,1.2237939908309,1.95769721902324,-10.6939319256743,0.51429993755067,-0.00543206571864625
17.5666666666667,115.393840987194,116,-6.02106597101364,-9.94250658708619,0.467314205400965,1.2237939908309,1.96100994359698,-10.1785418939285,0.509136194784726,-0.0054258504879472
17.5833333333333,115.524842685152,116,-6.02106597101364,-9.41164376277681,0.464830721927935,1.2237939908309,1.96435799848684,-9.68379833265896,0.501803214568226,-0.00552420711843042
17.6,115.658010057345,116,-6.02106597101364,-8.92144549061615,0.465474797443626,1.2237939908309,1.96773937531395,-9.18109195893839,0.496534064715564,-0.00551846589805479
17.6166666666667,115.793271364652,117,-5.02106597101364,-8.46989984937811,0.465270919593123,1.2237939908309,1.97115212140651,-8.6873898956476,0.490747635534792,-0.00553781310413543
17.6333333333333,115.930553628681,117,-5.02106597101364,-7.95994705488664,0.46177445324732,1.2237939908309,1.97459433852349,-8.21449294937804,0.482833805097205,-0.00565848198025742
17.65,116.069782836857,117,-5.02106597101364,-7.49067441482943,0.461481830145608,1.2237939908309,1.97806418160494,-7.73374718132854,0.477029036735605,-0.00567179639289924
17.6666666666667,116.210884136468,118,-4.02106597101364,-7.05996532953595,0.46042706545318,1.2237939908309,1.9815598575486,-7.26204444131618,0.470759449312318,-0.00570675218204474
17.6833333333333,116.353782017879,118,-4.02106597101364,-6.57066716382385,0.456177401562234,1.2237939908309,1.98507962401206,-6.81109312552119,0.462423716386385,-0.00583932604023986
17.7,116.498400487125,118,-4.02106597101364,-6.12178537192705,0.455241122169364,1.2237939908309,1.98862178824016,-6.35213958247955,0.456267120598248,-0.00586059659404859
17.7166666666667,116.644663228159,118,-4.02106597101364,-5.71113170455817,0.453662552249948,1.2237939908309,1.99218470591696,-5.90197565515403,0.449723624349815,-0.00589937329105678
17.7333333333333,116.792493754999,119,-3.02106597101364,-5.33656786376524,0.44901681756022,1.2237939908309,1.99576678004194,-5.47221427155114,0.441198172270022,-0.00603153113658037
17.75,116.941815554087,119,-3.02106597101364,-4.90093405077947,0.439995073264656,1.2237939908309,1.99936645982982,-5.07049783986164,0.429808843725757,-0.00629497236867653
17.7666666666667,117.092552217138,119,-3.02106597101364,-4.5032415448148,0.433905976680104,1.2237939908309,2.00298223963364,-4.66497340719495,0.420318182554511,-0.00645426536854668
17.7833333333333,117.244627564808,119,-3.02106597101364,-4.14131946830126,0.427345448430919,1.2237939908309,2.00661265789052,-4.27010062217036,0.410521129527992,-0.00662050863422134
17.8,117.397965761501,119,-3.02106597101364,-3.81305709995955,0.418250859398188,1.2237939908309,2.01025629608977,-3.89576596814756,0.399063905653944,-0.00685848062854104
17.8166666666667,117.552491421639,119,-3.02106597101364,-3.51640771721698,0.40553327513496,1.2237939908309,2.01391177776282,-3.54836105471713,0.385215215871988,-0.0071998843281775
17.8333333333333,117.708129707739,119,-3.02106597101364,-3.24939170561093,0.388793767201184,1.2237939908309,2.01757776749452,-3.23163699774025,0.368688937784066,-0.00765347519656807
17.85,117.86480642064,119,-3.02106597101364,-3.01009899962975,0.36810652758128,1.2237939908309,2.0212529699555,-2.94737807757191,0.349507848736983,-0.00821272566814315
17.8666666666667,118.022448082207,119,-3.02106597101364,-2.79669091571901,0.343854828933638,1.2237939908309,2.02493612895503,-2.69592993914348,0.327899927229836,-0.00886155231092369
17.8833333333333,118.18098201087,118,-4.02106597101364,-2.60740143456507,0.316608576732099,1.2237939908309,2.02862602651402,-2.47661107389909,0.304220388095769,-0.00957852832241756
17.9,118.340336390338,118,-4.02106597101364,-2.53561452684962,0.287034405591904,1.2237939908309,2.03232148195782,-2.28803096098986,0.278893938080826,-0.0103399197546544
17.9166666666667,118.500440331806,118,-4.02106597101364,-2.47867617667003,0.248008911592716,1.2237939908309,2.03602135102831,-2.16481765693694,0.247241222932706,-0.0113686455178391
17.9333333333333,118.661223930019,118,-4.02106597101364,-2.43525106282188,0.203657967994187,1.2237939908309,2.03972452501499,-2.09275207676257,0.211906869984483,-0.0125245556169142
17.95,118.822618313497,118,-4.02106597101364,-2.4040826453162,0.157085830535939,1.2237939908309,2.0434299299046,-2.06038706254378,0.174902522107754,-0.0137047233767421
17.9666666666667,118.984555689255,118,-4.02106597101364,-2.38399077772796,0.110584202931174,1.2237939908309,2.04713652554901,-2.05853538177947,0.137733619440564,-0.0148355482663654
17.9833333333333,119.146969382335,117,-5.02106597101364,-2.37386920336825,0.0658022791817921,1.2237939908309,2.0508433048509,-2.07984864937798,0.101502833489805,-0.0158663633101501
18,119.309793870441,117,-5.02106597101364,-2.46775950082728,0.0238846725572573,1.2237939908309,2.05454929296693,-2.11847152859436,0.0669942518455937,-0.016764277274366
18.0166666666667,119.472964814005,117,-5.02106597101364,-2.56366010555589,-0.0222391987361664,1.2237939908309,2.05825354652803,-2.2062420046213,0.0296101162625154,-0.0177568584727046
18.0333333333333,119.636419081941,117,-5.02106597101364,-2.6608803412878,-0.0686807894227396,1.2237939908309,2.06195515287652,-2.32740877977557,-0.00811611351356232,-0.0187176556502895
18.05,119.800094773388,117,-5.02106597101364,-2.75879818342023,-0.112760934909386,1.2237939908309,2.06565322931956,-2.46992247678482,-0.0444118071154039,-0.0195629297630329
18.0666666666667,119.963931235709,117,-5.02106597101364,-2.85685585083471,-0.152724131756133,1.2237939908309,2.06934692239885,-2.62466732446175,-0.0780893831689594,-0.0202411342399882
18.0833333333333,120.127869078998,117,-5.02106597101364,-2.95455556116987,-0.187512028396567,1.2237939908309,2.07303540717602,-2.78484109412447,-0.108406419836478,-0.0207246299695976
18.1,120.291850187347,117,-5.02106597101364,-3.05145545265212,-0.216584763889763,1.2237939908309,2.0767178865335,-2.94545608093324,-0.134954839707327,-0.0210031991574392
18.1166666666667,120.455817727117,116,-6.02106597101364,-3.14716567443224,-0.239780864725458,1.2237939908309,2.08039359049058,-3.10293873475304,-0.157573586316893,-0.0210790026084179
18.1333333333333,120.619716152436,116,-6.02106597101364,-3.33642118692046,-0.257208117552121,1.2237939908309,2.08406177553425,-3.25480952904879,-0.176280227716462,-0.0209626911314398
18.15,120.783491208139,116,-6.02106597101364,-3.51788987606667,-0.276981399122772,1.2237939908309,2.08772172396465,-3.43591176643735,-0.196349360204301,-0.0209172662033298
18.1666666666667,120.947089930359,116,-6.02106597101364,-3.69152589396925,-0.296073705747174,1.2237939908309,2.09137274325473,-3.6331588061407,-0.21581382532521,-0.0208446794849876
18.1833333333333,121.110460644967,116,-6.02106597101364,-3.85732692777534,-0.312507999407388,1.2237939908309,2.09501416542387,-3.8368552541642,-0.233370046194408,-0.0206835434475916
18.2,121.273552964043,116,-6.02106597101364,-4.01532947442699,-0.325092759739606,1.2237939908309,2.09864534642518,-4.0399579715297,-0.248214476291252,-0.0203994922437051
18.2166666666667,121.436317780556,116,-6.02106597101364,-4.16560443852362,-0.333214695269034,1.2237939908309,2.10226566554618,-4.23748410341318,-0.259914858177064,-0.0199776827828055
18.2333333333333,121.598707261412,116,-6.02106597101364,-4.30825303980946,-0.336677316669786,1.2237939908309,2.10587452482267,-4.42603855269622,-0.268309488185954,-0.0194170053274903
18.25,121.760674839036,116,-6.02106597101364,-4.44340301673924,-0.335576180441139,1.2237939908309,2.10947134846534,-4.60343828005762,-0.273428940861412,-0.0187256542309322
18.2666666666667,121.922175201625,116,-6.02106597101364,-4.57120511259188,-0.330203340533736,1.2237939908309,2.11305558229907,-4.76841490780947,-0.275435741179317,-0.0179177760645162
18.2833333333333,122.083164281408,116,-6.02106597101364,-4.69182983068365,-0.320974963373512,1.2237939908309,2.11662669321452,-4.92038048287378,-0.274578321944129,-0.0170109668993991
18.3,122.24359911203,117,-5.02106597101364,-4.80546444537114,-0.30837722262911,1.2237939908309,2.12018416863183,-5.0592440378492,-0.271156300211813,-0.0160244350334073
18.3166666666667,122.403437339602,117,-5.02106597101364,-4.81723371513837,-0.292926538956075,1.2237939908309,2.12372751597611,-5.185268879865,-0.265494676804797,-0.0149776817583039
18.3333333333333,122.562637121052,117,-5.02106597101364,-4.82838568090864,-0.267318846515775,1.2237939908309,2.12725626216457,-5.26247860570404,-0.252793430509256,-0.0136427522040597
18.35,122.721157240029,117,-5.02106597101364,-4.83893262372577,-0.23549409315229,1.2237939908309,2.130769953105,-5.30362332466806,-0.235571909559471,-0.0121547824035127
18.3666666666667,122.878957206704,117,-5.02106597101364,-4.84888846593736,-0.200382267207903,1.2237939908309,2.13426815320533,-5.31863503078188,-0.215723007558181,-0.0106122419983576
18.3833333333333,123.035997338879,117,-5.02106597101364,-4.85826852410427,-0.164123164856281,1.2237939908309,2.13775044489413,-5.31519364261469,-0.194647141656706,-0.00908515068712886
18.4,123.192238827521,118,-4.02106597101364,-4.86708928193241,-0.128242519908657,1.2237939908309,2.14121642815179,-5.29918625583039,-0.173359932589223,-0.00762163271290039
18.4166666666667,123.34764503308,118,-4.02106597101364,-4.78029164158055,-0.093792659451734,1.2237939908309,2.14466572005205,-5.27507887998254,-0.152578465208115,-0.00625312434917168
18.4333333333333,123.502199983515,118,-4.02106597101364,-4.69892904833287,-0.0536422271825245,1.2237939908309,2.14809795431391,-5.20973275270047,-0.127658540386206,-0.00475166221782596
18.45,123.65590132258,118,-4.02106597101364,-4.62281057438299,-0.0116492013610868,1.2237939908309,2.15151278086347,-5.11769647019537,-0.101107160905424,-0.00324428334926231
18.4666666666667,123.808743094891,119,-3.02106597101364,-4.55174025718677,0.0295099903085042,1.2237939908309,2.15490986540558,-5.0099190518506,-0.0746891747311625,-0.0018161829766397
18.4833333333333,123.960715811998,119,-3.02106597101364,-4.39044207104585,0.0680577741684931,1.2237939908309,2.15828888900516,-4.89451867951535,-0.0496012877394791,-0.000521107132128927
18.5,124.111807162278,119,-3.02106597101364,-4.23974960694426,0.110714431098316,1.2237939908309,2.1616495476779,-4.74091663159248,-0.0214783328979902,0.000857325661052287
18.5166666666667,124.26200260444,120,-2.02106597101364,-4.09925055669559,0.153438465019428,1.2237939908309,2.16499155199019,-4.56538259398714,0.00704028517824453,0.00218811020920111
18.5333333333333,124.411285863876,120,-2.02106597101364,-3.87345076622393,0.193530576239725,1.2237939908309,2.16831462666804,-4.37994871412924,0.0341620525493655,0.00338731354187431
18.55,124.559639347831,120,-2.02106597101364,-3.66296518283389,0.237121888275683,1.2237939908309,2.17161851021494,-4.15685334893853,0.0638666677114549,0.00465270752372523
18.5666666666667,124.707044492706,121,-1.02106597101364,-3.46716347142987,0.279827555330448,1.2237939908309,2.17490295453825,-3.91433415488559,0.0932858110451314,0.00584310786862141
18.5833333333333,124.853482054549,121,-1.02106597101364,-3.19033507366356,0.318783218767368,1.2237939908309,2.17816772458416,-3.66573957604987,0.120512571011972,0.00687040348204191
18.6,124.998932351965,121,-1.02106597101364,-2.93288104364652,0.360081085496486,1.2237939908309,2.18141259798092,-3.38412926090116,0.149494140034433,0.00793232958221529
18.6166666666667,125.14337546912,122,-0.0210659710136412,-2.69396044359102,0.399383612257282,1.2237939908309,2.18463736469019,-3.08819089458377,0.177386467091832,0.00889039828875558
18.6333333333333,125.286791425248,122,-0.0210659710136412,-2.37765608138434,0.433929721090496,1.2237939908309,2.18784182666637,-2.79144890582216,0.202344534582094,0.0096608746606249
18.65,125.42916031601,122,-0.0210659710136412,-2.08416693138262,0.469948266777298,1.2237939908309,2.19102579752369,-2.4669408005121,0.228400625564149,0.0104467745000054
18.6666666666667,125.570462431169,123,0.978934028986359,-1.8124550290644,0.503255088952413,1.2237939908309,2.19418910221099,-2.13319285821409,0.252808262626774,0.0111152357976704
18.6833333333333,125.710678352323,123,0.978934028986359,-1.46641162845733,0.531247249638448,1.2237939908309,2.19733157669388,-1.80347410195681,0.27382467695309,0.0115881024416845
18.7,125.849789033807,123,0.978934028986359,-1.14604997017074,0.560308118213208,1.2237939908309,2.20045306764429,-1.45050709018309,0.295583525109185,0.0120736572461082
18.7166666666667,125.987775869399,123,0.978934028986359,-0.850152456865827,0.586398793482714,1.81019278431362,2.20355343213715,-1.09246952790586,0.315435016671665,0.0124438250874445
18.7333333333333,126.124620713346,123,0.978934028986359,-0.557117420979584,0.560214768950317,1.78400875978122,2.21623032959746,-0.764773377506743,0.280416794069017,0.0126500806750318
18.75,126.260305073578,123,0.978934028986359,-0.24871720843095,0.534665358761936,1.75845934959284,2.22844672236213,-0.477227706692039,0.24707732719064,0.0128141941043551
18.7666666666667,126.394807728266,123,0.978934028986359,0.0700649978159994,0.513982319494535,1.73777631032544,2.24024944555814,-0.207296826463945,0.218058473458324,0.0130780412191703
18.7833333333333,126.528102733812,123,0.978934028986359,0.39492829298341,0.499936512446914,1.72373050327782,2.25173418588964,0.0590376663979039,0.194321346401453,0.0135084369838063
18.8,126.660158495428,123,0.978934028986359,0.722408850379953,0.492744290456695,1.7165382812876,2.26301236446259,0.329515163416004,0.17579375435056,0.0141233149328482
18.8166666666667,126.790937506101,123,0.978934028986359,1.04987462889777,0.491740625836234,1.71553461666714,2.27419112012779,0.607531145239258,0.161842406133682,0.0149116141443265
18.8333333333333,126.920396551444,123,0.978934028986359,1.37543217459876,0.495848713439555,1.71964270427046,2.28536275008874,0.893690062972486,0.151595936377901,0.0158474840301031
18.85,127.048487105795,123,0.978934028986359,1.69779513988726,0.503885053201511,1.72767904403242,2.29660054611327,1.18697474524989,0.144149691922237,0.016899774466497
18.8666666666667,127.175155789031,122,-0.0210659710136412,2.01614617584091,0.514739809365198,1.7385338001961,2.30795862561601,1.48557418306572,0.138682488244712,0.018037868754711
18.8833333333333,127.300344789677,122,-0.0210659710136412,2.23493387632107,0.527468266082375,1.75126225691328,2.31947398829779,1.78743071073177,0.134511788501687,0.0192348492654573
18.9,127.423992171158,122,-0.0210659710136412,2.45495494643805,0.533834514903007,1.75762850573391,2.33110160310387,2.0542013938899,0.126342205857202,0.0202219107303252
18.9166666666667,127.546032205325,121,-1.02106597101364,2.67565380373706,0.537144131188846,1.76093812201975,2.34276301353779,2.29673807459258,0.116451246912176,0.0210988135841854
18.9333333333333,127.666395772804,121,-1.02106597101364,2.80112920962622,0.539558433244007,1.76335242407491,2.35442491971887,2.52326480308096,0.106292801558875,0.0219325923982597
18.95,127.785010797112,121,-1.02106597101364,2.93154535603201,0.534879538961571,1.75867352979248,2.3660144813423,2.70328179446227,0.0919386896133028,0.0225178753258517
18.9666666666667,127.901802689352,122,-0.0210659710136412,3.06564358293601,0.527634828021765,1.75142881885267,2.37745227846228,2.85328337016973,0.0764563785576618,0.0229939838726506
18.9833333333333,128.016694788524,122,-0.0210659710136412,3.29702617032657,0.52062080665642,1.74441479748732,2.38871927064003,2.98531002303796,0.0616825586404162,0.0234499592642009
19,128.129608787832,122,-0.0210659710136412,3.52325249454567,0.522857072221664,1.74665106305257,2.39989992933988,3.14400102696263,0.0533368995006152,0.0241841728798557
19.0166666666667,128.240465140966,123,0.978934028986359,3.74360557655612,0.531146972614644,1.75494096344555,2.41111925788146,3.322085121626,0.0491172854465236,0.0251052330013134
19.0333333333333,128.349183444758,123,0.978934028986359,4.0530821863292,0.543055422427412,1.76684941325832,2.42245551936886,3.51304209134103,0.047301237166374,0.02614190463293
19.05,128.455682796331,124,1.97893402898636,4.35094040142267,0.564327583802807,1.78812157463371,2.43402034699401,3.74787186130092,0.0514445286297791,0.0274889519024381
19.0666666666667,128.559882121177,125,2.97893402898636,4.73320651455485,0.58993674292631,1.81373073375721,2.44592397100286,4.00988315560526,0.0580923206955997,0.0289941539908845
19.0833333333333,128.661700406233,126,3.97893402898636,5.19529526387662,0.624107176103592,1.8479011669345,2.45827615096257,4.32286979913334,0.06982278174263,0.0308027351823231
19.1,128.761056772521,127,4.97893402898636,5.73317512514154,0.668540075933462,1.89233406676437,2.47123453732517,4.7017300929288,0.0874958163646819,0.0329827121586743
19.1166666666667,128.857870479893,128,5.97893402898636,6.3435330894136,0.723343821059797,1.9471378118907,2.48497071998362,5.15477208880569,0.110917352268418,0.0355517729139165
19.1333333333333,128.952060783752,129,6.97893402898636,7.02377536435574,0.787724688733925,2.01151867956483,2.49964972192886,5.68570672480143,0.139323685462261,0.0384976921631889
19.15,129.043546647936,130,7.97893402898636,7.77193802670813,0.860468633437178,2.08426262426808,2.51541919713028,6.29524808649866,0.171712694162908,0.0417929128927208
19.1666666666667,129.132246373308,131,8.97893402898636,8.58655849495941,0.940254225824533,2.16404821665544,2.53240519006023,6.98231978077262,0.207053718820753,0.0454042890597636
19.1833333333333,129.218077119071,133,10.9789340289864,9.46654025499819,1.02583762906958,2.24963161990048,2.55071199339124,7.74491055335586,0.244407132330266,0.0492990758598301
19.2,129.300954279451,134,11.9789340289864,10.5061060298205,1.11614638682275,2.33994037765365,2.57042428878977,8.58064187825397,0.28298075530667,0.0534481839287626
19.2166666666667,129.380790826707,135,12.9789340289864,11.6035069652061,1.21780096383178,2.44159495466269,2.59167828621366,9.52348413462541,0.326911663708981,0.0580744901008375
19.2333333333333,129.457496551774,136,13.9789340289864,12.7585608346035,1.32627377951606,2.55006777034697,2.6146197790524,10.5586380074417,0.373062486977976,0.0630427654970507
19.25,129.530977213678,136,13.9789340289864,13.9714508356088,1.43852697886283,2.66232096969374,2.6393317279387,11.674504322352,0.419375282291709,0.0682600131957335
19.2666666666667,129.601133663843,137,14.9789340289864,15.1473462294289,1.55267430450371,2.77646829533461,2.66585620009838,12.8624232066619,0.464611900067854,0.0736666363387258
19.2833333333333,129.667860986972,138,15.9789340289864,16.3874120224139,1.660178349427,2.88397234025791,2.69414288457546,14.079828876002,0.503353502415153,0.0789809232406529
19.3,129.731047620855,139,16.9789340289864,17.6911020609323,1.76442117028677,2.98821516111768,2.72410607610419,15.3350139702466,0.538001296805319,0.0843018181302479
19.3166666666667,129.790574409818,140,17.9789340289864,19.0572734412728,1.86783216853342,3.09162615936432,2.75570792234361,16.6347214870827,0.57025086703914,0.0897020407136421
19.3333333333333,129.846313763391,140,17.9789340289864,20.4844584623104,1.972037771046,3.19583176187691,2.78894379988084,17.9839707288772,0.60121627027954,0.0952315219816777
19.35,129.898128976689,141,18.9789340289864,21.8759711894913,2.07803348893252,3.30182747976343,2.82383040037541,19.3861487597669,0.631563480749419,0.10092182914385
19.3666666666667,129.945873688931,142,19.9789340289864,23.3312099500896,2.17886073736204,3.40265472819295,2.86032866982954,20.8068688294337,0.65686763667045,0.106543719040295
19.3833333333333,129.989391461567,142,19.9789340289864,24.8481040156365,2.27858689300329,3.5023808838342,2.89838262607271,22.2595542614268,0.679912287243559,0.112221422980141
19.4,130.028515462208,143,20.9789340289864,26.3292110423427,2.37975845723279,3.6035524480637,2.93799054777621,23.7538229585897,0.70239640990894,0.11803514431585
19.4166666666667,130.063068243391,143,20.9789340289864,27.8731782956925,2.4763049272618,3.70009891809271,2.97911503284992,25.259632983636,0.720462476002999,0.123784724067966
19.4333333333333,130.092861607126,143,20.9789340289864,29.382200406441,2.57271779716068,3.79651178799158,3.02171248880728,26.7932348892967,0.73714168176443,0.129609471748542
19.45,130.117696547469,143,20.9789340289864,30.8593436988225,2.66417655316292,3.88797054399383,3.06573002111871,28.329558618216,0.749410493893247,0.135348353061501
19.4666666666667,130.137363264398,144,21.9789340289864,32.3073208318528,2.74841200138258,3.97220599221349,3.11105685294794,29.8519969900079,0.755999922473774,0.140917517389119
19.4833333333333,130.151641245914,144,21.9789340289864,33.823346919352,2.82482242513725,4.04861641596815,3.15755916993707,31.3503703611424,0.756759500641874,0.146285012497306
19.5,130.160299479032,144,21.9789340289864,35.3079037870705,2.90128900541101,4.12508299624192,3.20517001079884,32.8554703938802,0.756948177533923,0.151698006483322
19.5166666666667,130.163096847545,143,20.9789340289864,36.7624101958637,2.97485701397944,4.19865100481035,3.25385628444921,34.3522468885185,0.754705478629881,0.157058080231274
19.5333333333333,130.159782554536,143,20.9789340289864,38.0931030136317,3.04407481988798,4.26786881071889,3.30354891165339,35.8305340172921,0.749207884880545,0.162312115726937
19.55,130.150096584056,143,20.9789340289864,39.4020779071204,3.10100051641358,4.32479450724448,3.35409552680687,37.2475619607712,0.735537579972154,0.1671909982414
19.5666666666667,130.133770355301,143,20.9789340289864,40.6896284923016,3.14964913632699,4.37344312715789,3.40531905527145,38.6122363159886,0.716600682801735,0.171808532977807
19.5833333333333,130.110527554871,142,19.9789340289864,41.9554091003561,3.19304793674927,4.41684192758017,3.45710094055556,39.93238537542,0.694554900095314,0.176252201802621
19.6,130.080085076051,142,19.9789340289864,43.1036735677969,3.24153886209519,3.49287119429754,3.5077063921574,41.2157637327616,0.679863958179495,0.180584940220744
19.6166666666667,130.042154071826,141,18.9789340289864,44.2011422378503,3.34911268009209,3.56817286689536,3.54459421725252,42.4715373366587,0.73469324907347,0.184545689034801
19.6333333333333,129.996442321563,140,17.9789340289864,45.123546038471,3.43978136622059,3.63164094718531,3.5824178565091,43.709292208989,0.777148173583405,0.188019824688635
19.65,129.942659079249,140,17.9789340289864,45.8853495038713,3.50192753954926,3.67514326851539,3.62090236049461,44.8592594068995,0.800084269923732,0.190616592740934
19.6666666666667,129.880519255381,139,16.9789340289864,46.5942068375304,3.5311894117749,3.69562657907334,3.65968226886762,45.8783617673921,0.801205281529228,0.192173835456029
19.6833333333333,129.809745936674,138,15.9789340289864,47.1595297024939,3.53540709946877,3.69857896045904,3.69841816659975,46.779449266135,0.786115142827208,0.192923986079182
19.7,129.730071948349,138,15.9789340289864,47.5901097307884,3.5137532534207,3.68342126822539,3.73680801297858,47.5401311008017,0.754705279365078,0.192823133356412
19.7166666666667,129.641240987006,137,14.9789340289864,47.9882858007314,3.46789950242422,3.65132364252786,3.77455608795791,48.1498726125081,0.708476588135485,0.191908490181079
19.7333333333333,129.543008499041,136,13.9789340289864,48.2589070516518,3.40841514363312,3.60968459137409,3.81144286350795,48.6425268024748,0.654608256120012,0.190508312528112
19.75,129.435142428583,136,13.9789340289864,48.407108372972,3.33504344958361,3.55832440553943,3.84730474524231,49.0081429013962,0.593138646884297,0.188605950110224
19.7666666666667,129.31742400454,135,12.9789340289864,48.5324770555751,3.24872977511483,3.49790483341128,3.88198308518119,49.2425766889219,0.524877916201204,0.186223874155258
19.7833333333333,129.189648568191,134,11.9789340289864,48.537926990201,3.15863756674808,3.43484028755456,3.91538269368779,49.3820327518369,0.455895222564924,0.183652812148844
19.8,129.051626386366,134,11.9789340289864,48.4273430607635,3.06284344103651,3.36778439955646,3.94744621876492,49.4164056903015,0.384979622288528,0.180828984911466
19.8166666666667,128.903183418384,133,10.9789340289864,48.2996047981814,2.96063052449372,3.2962353579765,3.97810174785775,49.3400040742189,0.311726796325947,0.177726614090542
19.8333333333333,128.744162080239,133,10.9789340289864,48.0573242683312,2.85965647970023,3.22555352662107,4.0073223124512,49.1868607461077,0.2411231145359,0.174592033172278
19.85,128.57442205401,132,9.97893402898636,47.7994474445826,2.75672121751712,3.15349884309289,4.03510254780554,48.9445712033472,0.171049860995017,0.1713234187738
19.8666666666667,128.393840981926,131,8.97893402898636,47.4289144065858,2.65766704026209,3.08416091901437,4.06145708108148,48.6417159607516,0.105252348432924,0.168111029780737
19.8833333333333,128.202315057672,131,8.97893402898636,46.9500498163306,2.55803167431324,3.01441616285017,4.08640429918232,48.261685003723,0.0407582789693827,0.164813690902121
19.9,127.999759602697,130,7.97893402898636,46.4623972360628,2.45524380306889,2.94246465297913,4.10992250109555,47.7935695756653,-0.0241128269932981,0.161348691067297
19.9166666666667,127.78610955453,130,7.97893402898636,45.8693227682819,2.35567044344456,2.8727633012421,4.13201666627813,47.2674433324424,-0.0852555711981722,0.157922464507512
19.9333333333333,127.561319895387,129,6.97893402898636,45.2705266313373,2.25526223963129,2.80247755857281,4.15270095467184,46.6680612246366,-0.145363288031588,0.154406743380903
19.95,127.325365965947,129,6.97893402898636,44.5696477181332,2.1593417003149,2.73533318105134,4.17200156706681,46.0220921982325,-0.201038730307008,0.150975469883
19.9666666666667,127.078243702945,128,5.97893402898636,43.8667000004599,2.06316090879276,2.66800662698583,4.18994377789249,45.3117431504033,-0.255442801173237,0.147478410905806
19.9833333333333,126.819969694925,128,5.97893402898636,43.0656288060397,1.97160687880936,2.60391880599746,4.20655833202788,44.5618666653544,-0.305464694815783,0.14407562001856
20,126.550581105224,127,4.97893402898636,42.2667190057106,1.8796869373048,2.53957484694426,4.22187111253767,43.7534435714273,-0.354421779980484,0.140608885012775
20.0166666666667,126.270278362966,127,4.97893402898636,41.3741373273103,1.7921743642502,2.47831604580604,4.23591139098332,42.9105508117354,-0.399271449792424,0.137234379928054
20.0333333333333,125.980556637934,126,3.97893402898636,40.4883361476165,1.70404738524313,2.41662716050109,4.24870274073507,42.0137215044966,-0.443343093262559,0.133792694124545
20.05,125.683069071784,126,3.97893402898636,39.5135973851882,1.62010042111839,2.35786428561378,4.26027208750284,41.086813317403,-0.483573535826832,0.130440424954165
20.0666666666667,125.378352990741,126,3.97893402898636,38.5504412279409,1.53535800531526,2.29854459455159,4.270641038085,40.1102838459031,-0.523255937151504,0.127019423558408
20.0833333333333,125.068156497442,125,2.97893402898636,37.5982530267748,1.45466956032012,2.24206268305499,4.27983511472022,39.1079970829491,-0.559286209167955,0.123687867330226
20.1,124.755136892575,125,2.97893402898636,36.5614339470162,1.38069994622064,2.19028395318535,4.28792311896922,38.0968609403792,-0.590044588939319,0.120536085089893
20.1166666666667,124.442389853573,125,2.97893402898636,35.5407640231173,1.30701526418548,2.13870467576074,4.29494773010832,37.0519665458279,-0.619799132225268,0.117360009630356
20.1333333333333,124.133692763894,124,1.97893402898636,34.5359254408451,1.23752782389641,2.09006346755839,4.30094166497974,35.9932065961745,-0.646060452786721,0.114287855448796
20.15,123.834784943869,124,1.97893402898636,33.4515895994591,1.17435166093089,2.04584015348253,4.30597230940428,34.9346733420263,-0.667559346982093,0.111391920026058
20.1666666666667,123.556817043197,124,1.97893402898636,32.3887456454296,1.11077443895224,2.00133609809747,4.31007613406346,33.849550908744,-0.688730291740205,0.108458601902344
20.1833333333333,123.321222981123,123,0.978934028986359,31.3472092687911,1.05061138063237,1.95922195727356,4.31327747997691,32.7565057142713,-0.707129436648691,0.10561230602629
20.2,123.157994875452,123,0.978934028986359,30.2317082336562,0.995991459197065,1.92098801226885,4.31563488425507,31.668888987187,-0.721459901029328,0.102925114209379
20.2166666666667,123.09365478171,123,0.978934028986359,29.1432170419583,0.937741536410674,1.88021306631838,4.31768970613181,30.5589480850626,-0.738860835695356,0.100185241760768
20.2333333333333,123.143511339237,123,0.978934028986359,28.0814139749514,0.896551036064652,1.69448328476485,4.31606864589934,29.4492646807284,-0.738497342200945,0.0975198379046552
20.25,123.314009976662,123,0.978934028986359,27.0407513208809,0.859700342954782,1.67513667088216,4.31370418520597,28.3589720167898,-0.735100298757176,0.094976865718722
20.2666666666667,123.606816403125,123,0.978934028986359,26.0169576622421,0.826019016850661,1.6574539746775,4.31087904480738,27.2900644384515,-0.729999375630846,0.0925583880743689
20.2833333333333,124.019721318154,123,0.978934028986359,25.0119522573204,0.795065485573138,1.6412033707568,4.30762465445626,26.242161341331,-0.723501936982246,0.0902503031918688
20.3,124.548311114807,123,0.978934028986359,24.0274604107635,0.766599100251423,1.6262585184629,4.30396945240011,25.2155213493029,-0.715780719546627,0.0880449057163395
20.3166666666667,125.186775893153,123,0.978934028986359,23.0650136776266,0.74050613211117,1.61255971018927,4.29994027638525,24.2108282267577,-0.706923789730755,0.0859385407580766
20.3333333333333,125.928282593127,124,1.97893402898636,22.1259569624598,0.716745442616014,1.60008534820431,4.29556322637068,23.2290209307917,-0.696971020000377,0.0839298774946254
20.35,126.765264901625,124,1.97893402898636,21.3065359338877,0.695310390124768,1.58883194564641,4.29086411889322,22.271162356844,-0.685939474894569,0.0820186948176246
20.3666666666667,127.689645531252,125,2.97893402898636,20.5067212129091,0.68384816084232,1.58281427527312,4.28590482952017,21.374765976374,-0.668902756263782,0.0804519530808621
20.3833333333333,128.693000916844,125,2.97893402898636,19.8227939920455,0.678683224828087,1.58010268386565,4.28076085992953,20.5285383587309,-0.648327931452595,0.0791126084879188
20.4,129.766681293952,126,3.97893402898636,19.1549861731223,0.684921018972826,1.58337752579164,4.27551678317055,19.7604515571448,-0.620970698335404,0.0781663838364902
20.4166666666667,130.901894273975,127,4.97893402898636,18.5999271457672,0.697222275788214,1.58983568561972,4.27025254832656,19.0520994190067,-0.590385712331126,0.077442791660647
20.4333333333333,132.089759171466,128,5.97893402898636,18.153272790273,0.719686705723843,1.60162951133592,4.26504561298149,18.426341755281,-0.55397352074372,0.077074997256793
20.45,133.321339134715,128,5.97893402898636,17.8109137573682,0.754087436001431,1.61968989473166,4.25999833197716,17.8976666503905,-0.51067991189394,0.0771219112113878
20.4666666666667,134.587658105077,129,6.97893402898636,17.4740003826465,0.800645513947616,1.6441328856534,4.25522112429971,17.4742688270782,-0.460470500058179,0.0775926868166354
20.4833333333333,135.879710008668,130,7.97893402898636,17.2401492015359,0.850972793372882,1.67055470735167,4.25078540838761,17.1233616145061,-0.408871995085793,0.078218471580281
20.5,137.188468122193,131,8.97893402898636,17.1059153079748,0.907461173438418,1.70021110688607,4.24673955547699,16.8577562842917,-0.354358638266553,0.079076713227504
20.5166666666667,138.504903037902,132,9.97893402898636,17.0679192629917,0.971113713169194,1.73362869024473,4.24314618321921,16.6852396675941,-0.296326680529814,0.0802005256872451
20.5333333333333,139.820017702258,132,9.97893402898636,17.1229183247412,1.03529194146595,1.94849834985707,4.24143261373827,16.6083579667847,-0.242119004783131,0.0815937358267013
20.55,141.124906649697,133,10.9789340289864,17.1789296489542,1.09867567663719,1.99286696447694,4.24193297689907,16.6189523345593,-0.193148603378656,0.0832615857162594
20.5666666666667,142.410843742878,134,11.9789340289864,17.3396142619453,1.16203379629559,2.03721764823782,4.24310670165191,16.685058739508,-0.145471172733011,0.0849798328065251
20.5833333333333,143.669398478908,135,12.9789340289864,17.6007226862099,1.22937724338374,2.08435806119952,4.24498069792224,16.8244899085506,-0.0964799825983071,0.0868779289433885
20.6,144.89257609298,136,13.9789340289864,17.9580699885637,1.30276270837935,2.13572788669645,4.24761635122376,17.0486407330768,-0.0448915127861321,0.0890244382676046
20.6166666666667,146.072970944278,136,13.9789340289864,18.407696475694,1.38290797864052,2.19182957587927,4.25109046086893,17.3639399475471,0.00968412019652411,0.0914456962838846
20.6333333333333,147.203918425654,137,14.9789340289864,18.8508533735029,1.46967251327174,2.25256475012112,4.25548254840834,17.7731420429231,0.0670750706869258,0.0941405238142206
20.65,148.279629264008,138,15.9789340289864,19.3851918838499,1.55482869970451,2.31217408062406,4.26081905241858,18.2400031622883,0.12191838049476,0.0968443909938354
20.6666666666667,149.29529184579,139,16.9789340289864,20.0071880171548,1.64123202810883,2.37265641050709,4.26709964828197,18.7753709276805,0.176110698349577,0.0996478696461725
20.6833333333333,150.247132648813,139,16.9789340289864,20.7132612575472,1.73045049985384,2.43510934072859,4.2743491239097,19.3860670590588,0.230672401323312,0.102601594445149
20.7,151.1324307619,140,17.9789340289864,21.4048290605375,1.82314628896956,2.49999639310959,4.28260467841881,20.0757248570706,0.286015455548122,0.105727779580742
20.7166666666667,151.949488292312,141,18.9789340289864,22.1795583761182,1.911794605138,2.5620502144275,4.2918592373336,20.8091611516181,0.337281538613445,0.108782632603395
20.7333333333333,152.697563111316,142,19.9789340289864,23.03384331051,1.99983314094351,2.62367718949136,4.3020864755481,21.5982771840363,0.38678145841503,0.111874052979898
20.75,153.376773392933,143,20.9789340289864,23.9639659994333,2.08929090123829,2.68629762169771,4.31329127835564,22.4508360628745,0.435861218452695,0.115066482864096
20.7666666666667,153.98798420333,143,20.9789340289864,24.9662596657094,2.18118091628334,2.75062063222924,4.32549569065123,23.3712530311997,0.485179251061538,0.11839269338101
20.7833333333333,154.532685675344,144,21.9789340289864,25.9421183235266,2.27582242912943,2.8168696912215,4.33872902757292,24.361361491829,0.534931199333672,0.121863559666493
20.8,155.012870776335,145,22.9789340289864,26.9892198046427,2.36550558735148,2.87964790197694,4.35297333795634,25.3846901547406,0.580149474317746,0.125228861764866
20.8166666666667,155.430918940432,145,22.9789340289864,28.1039868289604,2.45359485639978,2.94131039031075,4.36818999152242,26.4522644697134,0.623110329161648,0.12859359562656
20.8333333333333,155.789489696728,146,23.9789340289864,29.1876630065526,2.54212081688181,3.00327856264817,4.38437122075756,27.5712911685058,0.665174196628648,0.132021696113946
20.85,156.091428611559,146,23.9789340289864,30.3376612667595,2.62455786542717,3.06098449662992,4.40147879017772,28.7094643188595,0.702169516646111,0.135300051910057
20.8666666666667,156.339686689039,147,24.9789340289864,31.455032389778,2.70504214086385,3.1173234894356,4.41946512186749,29.8808982542643,0.736882888322263,0.138558164835444
20.8833333333333,156.537253239149,148,25.9789340289864,32.6368580779504,2.77848128957734,3.16873089353504,4.4382726743893,31.058586485554,0.766100082643455,0.141628084457738
20.9,156.687101452622,148,25.9789340289864,33.8788985571231,2.84992433778827,3.21874102728269,4.45784813802107,32.2605322736703,0.793205906254778,0.14466853094748
20.9166666666667,156.792145507647,148,25.9789340289864,35.0817834064921,2.92239435760872,3.26947004115701,4.47818454596969,33.498857867147,0.820195934603913,0.147775793613276
20.9333333333333,156.855207827549,149,26.9789340289864,36.2473461198911,2.98986965946435,3.31670275245595,4.49925310148889,34.7445500937838,0.843203310461935,0.150753880195259
20.95,156.878995050609,149,26.9789340289864,37.4723841591118,3.10435147638537,2.62075215520432,4.50967131223347,36.0014769637258,0.92074774375759,0.153467545709672
20.9666666666667,156.86608135639,149,26.9789340289864,38.6316008903972,3.21720970477458,2.67153835797946,4.51974310884835,37.3121416112991,0.998298072459,0.155982708604545
20.9833333333333,156.818898829502,150,27.9789340289864,39.70416357482,3.31346592304689,2.714853656202,4.53051192405965,38.6258230013372,1.06373351630401,0.157996890056108
21,156.739734605918,150,27.9789340289864,40.7925604121487,3.38643870575607,2.74769140842114,4.54182540059867,39.898559674521,1.11288320021045,0.159294154256761
21.0166666666667,156.630731381909,150,27.9789340289864,41.8021287448828,3.44144674335681,2.77244502534147,4.55352926544168,41.1392004312634,1.14939555858816,0.160044655619008
21.0333333333333,156.493889687601,150,27.9789340289864,42.7384728149565,3.47529797179464,2.78767807813849,4.56547480021972,42.3198239645051,1.17136591395445,0.16014467897943
21.05,156.331071666497,150,27.9789340289864,43.6063369016418,3.48759036670961,2.79320965585023,4.57750047027665,43.4238454725058,1.17871933610742,0.159580219123312
21.0666666666667,156.14400610965,150,27.9789340289864,44.4096195949421,3.47964698268947,2.78963513304116,4.58944869627037,44.4427942966518,1.17249901688173,0.158392757582335
21.0833333333333,155.934294350603,150,27.9789340289864,45.1514610760727,3.45374349247804,2.77797856244602,4.60117577589891,45.3737673466349,1.15435258164202,0.1566544370176
21.1,155.703416834545,150,27.9789340289864,45.8343663769775,3.41257089113473,2.75945089184153,4.61255692724729,46.2174843476186,1.12617684417729,0.15445079169635
21.1166666666667,155.452740135681,150,27.9789340289864,46.4603396728795,3.35888074051835,2.73529032406416,4.62348801318572,46.9768537667324,1.08988503229522,0.151869343618456
21.1333333333333,155.183524244487,149,26.9789340289864,47.0310138366605,3.29526724863546,2.70666425271686,4.6338851382272,47.6559551050562,1.0472654210613,0.148992595954182
21.15,154.89693000307,149,26.9789340289864,47.4526896635444,3.22404817977552,2.67461567172989,4.64368299626032,48.2593486965452,0.999905668651117,0.145894202762354
21.1666666666667,154.594026460218,149,26.9789340289864,47.8276218390517,3.13954448151107,2.63658900751089,4.65280152990564,48.7552023424581,0.944197592650513,0.142390462660328
21.1833333333333,154.275798124078,149,26.9789340289864,48.1566205359825,3.0470539288707,2.59496825882272,4.66116248547254,49.1602026158282,0.883682601119233,0.138650878629049
21.2,153.943151973872,148,25.9789340289864,48.4403021875292,2.95043663665101,2.55149047732386,4.66872192677541,49.4877611355249,0.820928410218638,0.134798785984578
21.2166666666667,153.596924064681,148,25.9789340289864,48.5841738138929,2.85240647154247,2.50737690302502,4.67546057716781,49.7484228771106,0.757729389937449,0.130920712290213
21.2333333333333,153.237885816273,148,25.9789340289864,48.6899245607675,2.74712404081278,2.45999980919666,4.68134517474958,49.9139066008592,0.690321143432606,0.126827940649343
21.25,152.866749993975,147,24.9789340289864,48.7580088988911,2.63940117828974,2.41152452106129,4.68634175263933,50.0027483447732,0.621879792044317,0.12267448798043
21.2666666666667,152.484176334758,147,24.9789340289864,48.6937896767165,2.53244995573177,2.3633964709102,4.69044634746432,50.0290743048165,0.554507094262802,0.118562987729572
21.2833333333333,152.090776794121,147,24.9789340289864,48.5988510340426,2.42061489961603,2.31307069565812,4.69364349396581,49.9670006622539,0.484538795625102,0.114310726595079
21.3,151.687120406149,146,23.9789340289864,48.4735884850292,2.30868530654618,2.26270237877669,4.69591756710757,49.8365813302796,0.415116230035951,0.110071087623626
21.3166666666667,151.273737760256,146,23.9789340289864,48.2233497588195,2.19972490679292,2.21367019888772,4.69728225561866,49.6528285008031,0.348225290336634,0.105942024646557
21.3333333333333,150.85112510549,145,22.9789340289864,47.9497403456784,2.08786219880598,2.16333198029359,4.69773833900191,49.3903071020495,0.28004339209411,0.101733966723863
21.35,150.419748098053,145,22.9789340289864,47.5581272778043,1.97764288098614,2.11373328727467,4.69728467796397,49.0692303993101,0.213537568677256,0.0975925505540072
21.3666666666667,149.980045210643,144,21.9789340289864,47.150034510059,1.86421606540127,2.06269122026148,4.69591652117279,48.6681570085766,0.145555858765866,0.0933610635699771
21.3833333333333,149.53243082391,144,21.9789340289864,46.6306970989898,1.75278965328895,2.01254933481093,4.69363343468338,48.2102642035321,0.0794957790419322,0.0892064830689
21.4,149.07729802105,143,20.9789340289864,46.1014889607423,1.63890613321073,1.96130175077573,4.69043526840747,47.6762296826662,0.0124565988846808,0.0849847972101659
21.4166666666667,148.615021106655,143,20.9789340289864,45.4674962109949,1.52797257249285,1.91138164845269,4.68632835932505,47.0906795407733,-0.0520417198497448,0.0808694413886763
21.4333333333333,148.14595787058,142,19.9789340289864,44.8299547724691,1.41559626608726,1.86081231057017,4.68132027420143,46.4352251461908,-0.116865945649959,0.0767185422459881
21.45,147.670451616895,142,19.9789340289864,44.0938273151316,1.30716108528412,1.81201647920876,4.67542518561649,45.7350425292063,-0.178519555046911,0.0727048436137751
21.4666666666667,147.188832977107,141,18.9789340289864,43.3602405333781,1.19819780237596,1.76298300190009,4.6686580898497,44.9720163531561,-0.239927009533673,0.0686840648185364
21.4833333333333,146.701421525817,141,18.9789340289864,42.5340595183933,1.10331301117235,1.59616213210157,4.6591325389162,44.1755187776103,-0.2874538782509,0.0648213812152801
21.5,146.208527221191,140,17.9789340289864,41.7121501690424,1.00767123049484,1.56388303112291,4.64882157153203,43.3301542690087,-0.335096707322765,0.0609472941897271
21.5166666666667,145.710451808534,140,17.9789340289864,40.7961270833796,0.914644998949997,1.53248667797653,4.63793743724066,42.4553245969668,-0.381089200139221,0.0572013669700818
21.5333333333333,145.207490309493,139,16.9789340289864,39.8887530832005,0.818982305623796,1.50020051897894,4.62648315398396,41.5275871632698,-0.42883490240405,0.0534134043335172
21.55,144.699932245065,139,16.9789340289864,38.8962678415682,0.725765263224241,1.46873976716909,4.61446339578239,40.5691543496622,-0.475005402222634,0.0497456763610493
21.5666666666667,144.188062851961,139,16.9789340289864,37.9208285119889,0.630571405753467,1.4366118402727,4.60188276653943,39.5604448000591,-0.522466013402449,0.0460546634233006
21.5833333333333,143.672164847069,138,15.9789340289864,36.963175975264,0.538933771197504,1.40568413861006,4.58875106506323,38.5262502794002,-0.567599226592192,0.0425169577140006
21.6,143.15251748226,138,15.9789340289864,35.9288251147699,0.45432349822702,1.37712817148252,4.57510313243932,37.4850355154085,-0.608148938532961,0.0392416283833922
21.6166666666667,142.629396401464,137,14.9789340289864,34.919371776498,0.370983904652723,1.3490010586512,4.56096545540852,36.4137721782152,-0.647867132181493,0.0360413090175039
21.6333333333333,142.103073886674,137,14.9789340289864,33.8400329951549,0.293374144927378,1.32280776474389,4.54636294129622,35.3342017838566,-0.68384893146458,0.0330574822288576
21.65,141.573818989628,137,14.9789340289864,32.7920637517776,0.216416428757019,1.2968345355364,4.53131677903255,34.2257216195756,-0.719401956369828,0.0301250029291828
21.6666666666667,141.041897677875,136,13.9789340289864,31.7753995935635,0.145011246258441,1.27273528644313,4.51584968498292,33.1117938687963,-0.751333768007046,0.0273997682273334
21.6833333333333,140.507572968858,136,13.9789340289864,30.6948252659843,0.0820524432028914,1.25148669041188,4.50000597526394,32.0094145868103,-0.777775029616958,0.0249721100201204
21.7,139.971104965218,135,12.9789340289864,29.6512629287291,0.0207584374116555,1.23469217047202,4.48392501268952,30.893791643098,-0.803384579156656,0.0226386878415469
21.7166666666667,139.432750857661,135,12.9789340289864,28.5494261683484,-0.0328378807557469,1.19095611007516,4.46723494564735,29.7856653710752,-0.823365633239128,0.0205280305606747
21.7333333333333,138.892764815557,134,11.9789340289864,27.4891989409873,-0.082999766192226,1.14079422463868,4.44970618335265,28.6650626693146,-0.839965772079953,0.018460534429908
21.75,138.351397826776,134,11.9789340289864,26.3729387592723,-0.125742376630185,1.09805161420072,4.43142247242036,27.5553244539454,-0.850748406586345,0.0165719530102902
21.7666666666667,137.80889765392,133,10.9789340289864,25.2992378889389,-0.166948422886515,1.05684556794439,4.41245932410179,26.4353011500482,-0.859694861282599,0.0146806199589312
21.7833333333333,137.265508910347,133,10.9789340289864,24.1707626551385,-0.20263792457727,1.02115606625363,4.39288306013472,25.3266148043917,-0.864341321203644,0.0129212726188477
21.8,136.721473204153,132,9.97893402898636,23.0865833848887,-0.238474368763558,0.985319622067347,4.37273926921461,24.2072567807557,-0.86846904826802,0.0111163547941785
21.8166666666667,136.177029313548,131,8.97893402898636,21.9496595804761,-0.27017330672133,0.953620684109574,4.35206878127345,23.0986547829381,-0.869367578319855,0.00940791361223213
21.8333333333333,135.632413314807,131,8.97893402898636,20.7641301615744,-0.303080828068339,0.920713162762566,4.33089690444517,21.9789808776423,-0.870573086567432,0.00762663256711659
21.85,135.087858597993,130,7.97893402898636,19.6291004508775,-0.340112022531894,0.88368196829901,4.30918127446405,20.8336470479602,-0.873924529707545,0.00567544443153455
21.8666666666667,134.543595902848,129,6.97893402898636,18.4471598334601,-0.375023822700315,0.84877016813059,4.28691374358285,19.690157550046,-0.87535239588383,0.0037550599268542
21.8833333333333,133.999853354789,129,6.97893402898636,17.2218810208174,-0.411857784066987,0.811936206763917,4.26409759646514,18.5313309725612,-0.877506849834098,0.00173623369237002
21.9,133.456856422268,128,5.97893402898636,16.0517442323974,-0.452731001070298,0.771062989760607,4.24068575944874,17.3459069270541,-0.881700487099625,-0.000452774019364536
21.9166666666667,132.914827918513,127,4.97893402898636,14.8387371866224,-0.490971228227205,0.732822762603699,4.21667543445596,16.1636061090688,-0.883594527880965,-0.00259690669902107
21.9333333333333,132.373988074984,127,4.97893402898636,13.5858972866325,-0.530442645128325,0.693351345702579,4.19208018268927,14.9685903856437,-0.885741768562092,-0.00481874893107107
21.95,131.834554598679,126,3.97893402898636,12.3912522205737,-0.573244177484997,0.650549813345908,4.16686474409422,13.7502978822745,-0.889463185567936,-0.00718839074207105
21.9666666666667,131.296742641874,126,3.97893402898636,11.1564199364651,-0.612775785092317,0.611018205738587,4.14103762042565,12.5387008074241,-0.890485837667499,-0.00949210359196646
21.9833333333333,130.760764810914,125,2.97893402898636,9.97921830040314,-0.65301615559355,0.570777835237354,4.11462207565904,11.3179244673662,-0.891452749085882,-0.0118553237493976
22,130.226831246478,124,1.97893402898636,8.7613278020536,-0.688701242744571,0.535092748086334,4.08765849822446,10.1135722450508,-0.889011981042594,-0.0141046162596625
22.0166666666667,129.69514974333,124,1.97893402898636,7.50568328801262,-0.724697328013543,0.499096662817361,4.06018366122972,8.90639376558794,-0.886403623991169,-0.0163929488064634
22.0333333333333,129.165925834586,123,0.978934028986359,6.31030926836142,-0.76377047468374,0.460023516147165,4.03217171178184,7.68315717365266,-0.885393932675216,-0.0188112636072691
22.05,128.639362778899,123,0.978934028986359,5.07685125236968,-0.79972922375768,0.424064767073225,4.00363168421316,6.47184566651623,-0.881971830034168,-0.0211591525757486
22.0666666666667,128.115661580481,122,-0.0210659710136412,3.90314465550092,-0.836773133050084,0.38702085778082,3.97458219976385,5.25516765174262,-0.878911483409673,-0.0235697791092826
22.0833333333333,127.595021074897,122,-0.0210659710136412,2.69085670278432,-0.869731229388632,0.354062761442272,3.94505643860869,4.05775870100197,-0.872904961433782,-0.0258735318207855
22.1,127.077637999336,121,-1.02106597101364,1.53794724890136,-0.903482300226758,0.320311690604146,3.91508311935463,2.8597325388219,-0.867182947254529,-0.028224663328905
22.1166666666667,126.563706980388,121,-1.02106597101364,0.346239994384178,-0.933270820086809,0.290523170744096,3.88469649677976,1.68382241998399,-0.858706864430827,-0.0304669684987387
22.1333333333333,126.053420561481,120,-2.02106597101364,-0.786158877827207,-0.964199281887189,0.259594708943716,3.85392111712163,0.508822256113521,-0.85084319776003,-0.032762392975564
22.15,125.546969248425,120,-2.02106597101364,-1.95731124329628,-0.991605169485015,0.23218882134589,3.82278448265775,-0.643396898856919,-0.840600042454965,-0.0349584323845898
22.1666666666667,125.044541494202,120,-2.02106597101364,-3.06903645893864,-1.02192755089568,0.223793990830904,3.79157376441727,-1.79504256142052,-0.832786650344799,-0.037217729532727
22.1833333333333,124.54632368389,119,-3.02106597101364,-4.12356840031338,-1.05123576035002,0.223793990830904,3.76048609073982,-2.92607684668585,-0.825245387061266,-0.039383280707882
22.2,124.052500098213,119,-3.02106597101364,-5.21730678839918,-1.07645881243992,0.223793990830904,3.72953217375865,-4.02266733869994,-0.815936791386022,-0.0413597443100962
22.2166666666667,123.563252899444,119,-3.02106597101364,-6.25038038966847,-1.10354419973157,0.223793990830904,3.69871581467338,-5.1115833015786,-0.808699835866916,-0.0433408945654512
22.2333333333333,123.078762055989,118,-4.02106597101364,-7.22430551947601,-1.12806736347739,0.223793990830904,3.66804065680499,-6.17414680923881,-0.800619283087993,-0.0451862558789483
22.25,122.599205197138,118,-4.02106597101364,-8.23580114408648,-1.14723555257003,0.223793990830904,3.63751018970729,-7.19704091619566,-0.789814942189108,-0.0468119343817598
22.2666666666667,122.124757441056,118,-4.02106597101364,-9.18557876211064,-1.16729587301629,0.223793990830904,3.60712775318674,-8.20763549576994,-0.780316857077302,-0.0484223791856839
22.2833333333333,121.655590842332,118,-4.02106597101364,-10.0756792026711,-1.18412517639836,0.223793990830904,3.57689654123246,-9.18800353044903,-0.769404948544702,-0.0498874701265995
22.3,121.191866038106,118,-4.02106597101364,-10.9082149397541,-1.1952163384587,0.223793990830904,3.54681960585836,-10.1256523932917,-0.755386582109199,-0.0511328024002369
22.3166666666667,120.733721760571,117,-5.02106597101364,-11.6853519011341,-1.19925310118604,0.223793990830904,3.51689986085905,-11.0123103593834,-0.737332617571392,-0.0521242968156116
22.3333333333333,120.281277798907,117,-5.02106597101364,-12.50436953402,-1.19577815934242,0.223793990830904,3.4871400854815,-11.8429544090367,-0.714870357374383,-0.052856290685149
22.35,119.834639547969,117,-5.02106597101364,-13.2664576257592,-1.19275818446281,0.223793990830904,3.45754292801406,-12.6515181344034,-0.693153864732694,-0.0535892360273073
22.3666666666667,119.393901699663,117,-5.02106597101364,-13.9740596907643,-1.18730201431204,0.223793990830904,3.42811090929462,-13.4252246637519,-0.670281619819483,-0.05423161413409
22.3833333333333,118.959151244345,117,-5.02106597101364,-14.629621528833,-1.17775148175511,0.223793990830904,3.39884642613954,-14.1555799726231,-0.645137893747437,-0.0547341304060418
22.4,118.530469917186,117,-5.02106597101364,-15.2355789400294,-1.16334116645355,0.223793990830904,3.36975175469505,-14.8373759026501,-0.61718082762701,-0.0550774794068434
22.4166666666667,118.107936198384,117,-5.02106597101364,-15.7943468254048,-1.1439351782724,0.223793990830904,3.34082905371265,-15.4678965598841,-0.586277664693411,-0.0552629693368598
22.4333333333333,117.691626955091,117,-5.02106597101364,-16.3083095764154,-1.1198253637149,0.223793990830904,3.31208036775021,-16.0462894626042,-0.552577702714171,-0.0553054140342571
22.45,117.281618795929,117,-5.02106597101364,-16.7798126601225,-1.09157827692195,0.223793990830904,3.28350763030017,-16.5730698082474,-0.516415299994578,-0.0552278141593522
22.4666666666667,116.877989195286,117,-5.02106597101364,-17.2111553114858,-1.05992067511233,0.223793990830904,3.25511266684651,-17.0497320034503,-0.478236718260371,-0.0550574420729281
22.4833333333333,116.480817433462,118,-4.02106597101364,-17.6045842482595,-1.02565527746116,0.223793990830904,3.22689719785186,-17.4784473591037,-0.438545774291235,-0.0548230207165993
22.5,116.090185389487,118,-4.02106597101364,-17.8672117875777,-0.989685542311533,0.234108448519371,3.19888006671596,-17.8618378893747,-0.397957474463632,-0.0545527620543071
22.5166666666667,115.706178216824,118,-4.02106597101364,-18.1018409260762,-0.947192520941874,0.276601469889031,3.17151517132351,-18.1672345483795,-0.354274429201048,-0.0540251836634106
22.5333333333333,115.328884865529,119,-3.02106597101364,-18.3085287118206,-0.903409411924599,0.320384578906305,3.14506163185123,-18.4120566966418,-0.311400237675694,-0.0533734888280604
22.55,114.958398379563,119,-3.02106597101364,-18.3912298187191,-0.86087319019827,0.362920800632634,3.11951882488416,-18.6094302279342,-0.2709406591449,-0.0526813004379938
22.5666666666667,114.594816056073,120,-2.02106597101364,-18.4502571512348,-0.813344308495873,0.410449682335031,3.09492294800074,-18.7319410249369,-0.228845791213661,-0.0517465252037199
22.5833333333333,114.238239593912,120,-2.02106597101364,-18.3896959681735,-0.792535569387927,1.2237939908309,3.07697193532582,-18.8168270895419,-0.218007940676325,-0.0506828758194314
22.6,113.88877512027,121,-1.02106597101364,-18.2831459283988,-0.795919214603803,1.2237939908309,3.06671149016013,-18.848839500524,-0.238838222747309,-0.0492437772157927
22.6166666666667,113.54653231621,121,-1.02106597101364,-18.0129449665939,-0.78590697850786,1.2237939908309,3.05663269532971,-18.8436922226259,-0.250163592136748,-0.0474164496879223
22.6333333333333,113.211622009188,122,-0.0210659710136412,-17.6884510813272,-0.752058661530347,1.2237939908309,3.04673235911702,-18.7450903129001,-0.245046980588825,-0.0448860208315915
22.65,112.884154296626,122,-0.0210659710136412,-17.2220917558667,-0.697509724307145,1.2237939908309,3.03700734552762,-18.554630401158,-0.225380703124055,-0.0417775498821957
22.6666666666667,112.564237764322,123,0.978934028986359,-16.7218200673481,-0.618109337797482,1.2237939908309,3.02745457332274,-18.2412569902666,-0.188313503916769,-0.037981889309978
22.6833333333333,112.25197941521,123,0.978934028986359,-16.0987111353349,-0.52113977484984,1.2237939908309,3.01807101506838,-17.8249328958116,-0.138471149222561,-0.0337548246705711
22.7,111.9474850459,124,1.97893402898636,-15.4594191680388,-0.405001591127798,1.2237939908309,3.00885369620097,-17.2876409781124,-0.074722050065935,-0.029062847001854
22.7166666666667,111.650859900248,124,1.97893402898636,-14.7137744827185,-0.278359828996459,1.2237939908309,2.99979969410911,-16.6582864153006,-0.00266304431672007,-0.0241977117527323
22.7333333333333,111.362209488364,124,1.97893402898636,-13.9672407954454,-0.140159777720268,1.2237939908309,2.99090613723125,-15.9246761393807,0.0784086471897242,-0.0191340539460286
22.75,111.081640496605,124,1.97893402898636,-13.2235887318588,0.000972847670504998,1.2237939908309,2.98217020416889,-15.1191935800419,0.162850294630238,-0.0141529572621744
22.7666666666667,110.809261738369,124,1.97893402898636,-12.4861644902834,0.138700748038378,1.2237939908309,2.97358912281514,-14.2678690546799,0.246448136473906,-0.00945317614122535
22.7833333333333,110.545185111563,124,1.97893402898636,-11.7579195520613,0.268513966732379,1.2237939908309,2.9651601694984,-13.3914783628079,0.326137639018707,-0.00516857058717852
22.8,110.289526539257,124,1.97893402898636,-11.0414391018977,0.387350339335839,1.2237939908309,2.95688066814075,-12.5064620863948,0.399772262981928,-0.0013823653916193
22.8166666666667,110.042406876997,124,1.97893402898636,-10.3389691587069,0.493284072078716,1.2237939908309,2.94874798943097,-11.6256938032324,0.465932873075946,0.00186123456020299
22.8333333333333,109.803952774406,123,0.978934028986359,-9.65244242373738,0.585271157133344,1.2237939908309,2.94075955001181,-10.7591211048041,0.523771149597614,0.00454762574817542
22.85,109.574297480931,123,0.978934028986359,-9.07857939891784,0.662942115684442,1.2237939908309,2.93291281168136,-9.91429963996806,0.57288139924197,0.00668420862281214
22.8666666666667,109.35358158609,123,0.978934028986359,-8.51772339665696,0.718611912266035,1.2237939908309,2.92520528060818,-9.13332110026774,0.608064444452261,0.00804746614251652
22.8833333333333,109.141953683737,122,-0.0210659710136412,-7.9712193758887,0.756229056949429,1.2237939908309,2.91763450656006,-8.40813147516369,0.631700567865327,0.00878927427588412
22.9,108.939570947804,122,-0.0210659710136412,-7.53527187377058,0.779026567123152,1.2237939908309,2.91019808214608,-7.73231746230049,0.645744395623766,0.00903369751539231
22.9166666666667,108.746599603732,121,-1.02106597101364,-7.10977474525705,0.781841722388372,1.2237939908309,2.90289364207179,-7.13722928303257,0.646678319040488,0.00863559173918954
22.9333333333333,108.563215275474,121,-1.02106597101364,-6.79076151560545,0.770313284519666,1.2237939908309,2.89571886240732,-6.60664441733873,0.638037735268192,0.00779609110448056
22.95,108.389603182418,121,-1.02106597101364,-6.47799367655877,0.74090819195697,1.2237939908309,2.88867145986805,-6.16450698542067,0.617396260552863,0.00641984572632976
22.9666666666667,108.225958153942,122,-0.0210659710136412,-6.17233094466541,0.700305005240101,1.2237939908309,2.88174919110784,-5.78908679054484,0.589005720099554,0.0047373465453763
22.9833333333333,108.072484421434,122,-0.0210659710136412,-5.77942799205358,0.653390103252411,1.2237939908309,2.87494985202444,-5.4638279297377,0.556004117644471,0.00291436587834895
23,107.929395138664,123,0.978934028986359,-5.40093314406969,0.611494814168765,1.2237939908309,2.86827127707687,-5.13974734270971,0.525801529157727,0.00131414709076285
23.0166666666667,107.79691157137,123,0.978934028986359,-4.94206493018927,0.573638552809624,1.2237939908309,2.86171133861474,-4.81959086803173,0.497823624153321,-0.000101688080680764
23.0333333333333,107.675261886243,124,1.97893402898636,-4.50404919193459,0.546849014107621,1.2237939908309,2.85526794621904,-4.46915520334947,0.476738533474679,-0.00111750153321436
23.05,107.564679458501,125,2.97893402898636,-3.99169622685935,0.527050855206533,1.2237939908309,2.84893904605444,-4.10238526196268,0.459983530804931,-0.00187589437849823
23.0666666666667,107.465400606908,126,3.97893402898636,-3.4107618142905,0.519104171942714,1.2237939908309,2.84272262023274,-3.69345526122587,0.450819062802281,-0.00223247928573975
23.0833333333333,107.377661656503,128,5.97893402898636,-2.76671301031068,0.525292401660036,1.2237939908309,2.83661668618739,-3.22599275526171,0.450849823143512,-0.0021294993506213
23.1,107.301695224227,129,6.97893402898636,-1.96965611549534,0.546100816252887,1.2237939908309,2.83061929605879,-2.69069965626409,0.460512603322609,-0.00156817329327212
23.1166666666667,107.237725623476,131,8.97893402898636,-1.12553040628588,0.588629782081581,1.2237939908309,2.82472853609028,-2.04700262218697,0.484580390809044,-0.000341095715640582
23.1333333333333,107.185963293142,133,10.9789340289864,-0.143681050705756,0.64795382460049,1.87174781543139,2.81894252603457,-1.30664942823205,0.519985925334783,0.00137198253079097
23.15,107.146598147861,134,11.9789340289864,0.988319915888978,0.673205166246922,1.89699915707783,2.82438575454213,-0.470380792816274,0.509606690184429,0.00369041704519689
23.1666666666667,107.119791099443,136,13.9789340289864,2.18647066859971,0.722127303711383,1.94592129454229,2.83056145008613,0.47074587285487,0.514387826893116,0.00679144164340281
23.1833333333333,107.105663045219,137,14.9789340289864,3.54018219571805,0.790008118435414,2.01380210926632,2.837819295299,1.51346552107132,0.530683214771118,0.0105539108783711
23.2,107.104283060134,137,14.9789340289864,4.94455007644723,0.879816581150039,2.10361057198094,2.84649938640346,2.6871800337646,0.559882965319468,0.0151023404722015
23.2166666666667,107.115656605917,138,15.9789340289864,6.30239867018036,0.983774201027772,2.20756819185868,2.85689379330728,3.97096488098541,0.59646936522233,0.0202105518543098
23.2333333333333,107.139713860873,138,15.9789340289864,7.71390360251342,1.08868766258988,2.31248165342079,2.86911453546144,5.3105190517179,0.631706864282999,0.0254618418175446
23.25,107.176298066666,138,15.9789340289864,9.08330009824763,1.19448399947717,2.41827799030807,2.88317097379924,6.70398093511649,0.665581530511179,0.0308525866783742
23.2666666666667,107.225154471872,138,15.9789340289864,10.4157365724286,1.29369715833624,2.51749114916714,2.89900384787891,8.11355786036629,0.693374902945499,0.0361353006065701
23.2833333333333,107.285920648052,137,14.9789340289864,11.7157847209489,1.38276526723536,2.60655925806627,2.91646378415938,9.51429332922464,0.713056874773341,0.0411804356730094
23.3,107.358118908245,136,13.9789340289864,12.892021273055,1.46068406353612,2.68447805436703,2.93536466776048,10.8909852056799,0.724316101874591,0.0459378884464244
23.3166666666667,107.441151546,135,12.9789340289864,13.953063664566,1.52049097109403,2.74428496192493,2.95544933416412,12.1990424100718,0.723066992451083,0.0501600154036634
23.3333333333333,107.534299525516,133,10.9789340289864,14.9061433045526,1.55987621520092,2.78367020603183,2.97638597592799,13.4111240294266,0.70836611362158,0.0537429112649366
23.35,107.636725133393,131,8.97893402898636,15.6618232450886,1.57937398941751,2.80316798024842,2.99782991920083,14.5124043987488,0.681128513154089,0.0566737334300518
23.3666666666667,107.74747890661,129,6.97893402898636,16.2301941342249,1.57355920616913,2.79735319700003,3.01939154029739,15.4602217135215,0.638445170745791,0.0587446089107472
23.3833333333333,107.865510772011,127,4.97893402898636,16.6196027134952,1.54149977060047,2.76529376143137,3.04063123305355,16.2298881588606,0.580399695851427,0.0598886157968783
23.4,107.989685034755,125,2.97893402898636,16.8365805391905,1.4848774822235,2.70867147305441,3.06111787746526,16.8094266485933,0.508745627933797,0.0601245024824727
23.4166666666667,108.118798515926,123,0.978934028986359,16.8860356101202,1.40665973949709,2.63045373032799,3.08046074971618,17.1952850796154,0.425989266934183,0.0595166915669682
23.4333333333333,108.251600955131,121,-1.02106597101364,16.7715662019901,1.31022280020592,2.53401679103683,3.09832321611306,17.3890642248107,0.334798263307231,0.0581481602258003
23.45,108.386816577518,119,-3.02106597101364,16.4958056600426,1.19882168304154,2.42261567387244,3.11442483895951,17.3951667764684,0.237655766739928,0.0561034383475036
23.4666666666667,108.523165751302,118,-4.02106597101364,16.060744342178,1.07531030554292,2.29910429637382,3.12853684010651,17.2192142792283,0.136688593119365,0.053459078220191
23.4833333333333,108.659385887919,117,-5.02106597101364,15.5630780976158,0.942030849800815,2.16582484063172,3.1404743900554,16.8670621310637,0.0336105900326915,0.0502793052792909
23.5,108.794250783876,116,-6.02106597101364,14.9983090063398,0.808297352111098,2.032091342942,3.15015596049816,16.380622551799,-0.0654975246347717,0.0468619377532933
23.5166666666667,108.92658764713,115,-7.02106597101364,14.3624053271452,0.679101414709055,1.90289540553996,3.15761778798478,15.7886838424181,-0.157565689825457,0.0433759915529995
23.5333333333333,109.055291397212,114,-8.02106597101364,13.6522661791764,0.556506470540516,1.78030046137142,3.16295392409848,15.1098138153262,-0.2415215489974,0.0399010730494894
23.55,109.179335991201,114,-8.02106597101364,12.8658798308463,0.449473985413235,1.56089947989083,3.16449071511517,14.3590470635417,-0.307948277276177,0.0364549228945995
23.5666666666667,109.297782816277,113,-9.02106597101364,12.0937662556905,0.346042137144608,1.48332559368936,3.16448389778807,13.5440862584072,-0.369647818307438,0.0330061428278284
23.5833333333333,109.409786370958,113,-9.02106597101364,11.2328139737979,0.25114108220339,1.41214980248345,3.16321836913487,12.6977490963134,-0.424025883675066,0.0297534465117191
23.6,109.514597585959,113,-9.02106597101364,10.3819916234854,0.159622699343897,1.34351101533883,3.16076757963952,11.8037236891036,-0.474588480149798,0.026537527197535
23.6166666666667,109.611564693636,113,-9.02106597101364,9.53953658755905,0.0757975949206955,1.28064218702143,3.15720463123984,10.8871105092509,-0.518674222796107,0.0235032747855046
23.6333333333333,109.700131988108,114,-8.02106597101364,8.70412522790751,0.0016072792987846,1.22499945030499,3.15264413501964,9.96478473413781,-0.55522534928455,0.0207221571715722
23.65,109.779836859837,114,-8.02106597101364,7.97007057429457,-0.0617357160276667,1.16205827480324,3.14705048589428,9.04776260736139,-0.583317768251644,0.0182166828873058
23.6666666666667,109.850305568678,115,-7.02106597101364,7.23562196359226,-0.106982656966131,1.11681133386477,3.14055124905177,8.17963393952041,-0.598416579471208,0.0162242734657531
23.6833333333333,109.911248211639,115,-7.02106597101364,6.59576386429065,-0.139404169644623,1.08438982118628,3.1334038953321,7.35145628758014,-0.604413952063448,0.0145992311246131
23.7,109.962453080309,115,-7.02106597101364,5.95043908135793,-0.155675992267697,1.06811799856321,3.12585607202995,6.59106971229603,-0.599573399522101,0.0134710763199105
23.7166666666667,110.003780579973,116,-6.02106597101364,5.3017315901967,-0.16275121637786,1.06104277445304,3.11811790059895,5.87870485257138,-0.588780285239452,0.0126348076467642
23.7333333333333,110.0351568918,116,-6.02106597101364,4.74746991202374,-0.165337440897198,1.05845654993371,3.11030311570232,5.19922690327008,-0.5752876517992,0.0119488293712987
23.75,110.056567637443,117,-5.02106597101364,4.18954850072711,-0.15889419305515,1.06489979777575,3.10253030926142,4.57823374122939,-0.556326063012299,0.0115693548104023
23.7666666666667,110.068051610785,117,-5.02106597101364,3.72632248128618,-0.148933502259583,1.07486048857132,3.09490292356388,3.99610832993661,-0.535645270762702,0.0113275585486827
23.7833333333333,110.069694675376,117,-5.02106597101364,3.26011481884377,-0.13126944132815,1.09252454950275,3.08751979136967,3.47550462505018,-0.510664596370386,0.0113661078256045
23.8,110.061623974668,118,-4.02106597101364,2.79450294302143,-0.111480880019538,1.11231311081137,3.08046121658322,2.99500869426693,-0.485130737737366,0.0115116457628696
23.8166666666667,110.044002536118,118,-4.02106597101364,2.42808882964131,-0.0927709897144717,1.13102300111643,3.07373527777083,2.53991232695754,-0.461120112055578,0.0116608183858254
23.8333333333333,110.017024036458,118,-4.02106597101364,2.06299474500271,-0.0691901849023619,1.15460380592854,3.06737923449189,2.13727161234306,-0.434794559872567,0.0120073781512046
23.85,109.980907878186,119,-3.02106597101364,1.70234070157501,-0.0450505776391237,1.17874341319178,3.06143690393952,1.76927311856731,-0.40901157881923,0.012415387325172
23.8666666666667,109.935894653818,119,-3.02106597101364,1.44414974370842,-0.0227036191125049,1.2010903717184,3.05589737114195,1.42393485805316,-0.385259518583041,0.0128071618022313
23.8833333333333,109.882242046428,119,-3.02106597101364,1.18993317226198,0.00432827547728652,1.22704019743887,3.05079025899372,1.13022307003412,-0.359342778152775,0.0133927396916846
23.9,109.820221117883,120,-2.02106597101364,0.942184660640475,0.0323461451921802,1.24805359972504,3.0460927254212,0.871655022484151,-0.333574623219076,0.0140453338353656
23.9166666666667,109.750113008617,120,-2.02106597101364,0.798124114041635,0.0592950724588419,1.26826529517504,3.04175634370826,0.637283580470863,-0.30917026027311,0.0146904903486191
23.9333333333333,109.672205988343,120,-2.02106597101364,0.65838557095141,0.0916057344941802,1.29249829170154,3.03781184772455,0.456478555106512,-0.281969175571903,0.0155365208794897
23.95,109.586792926974,121,-1.02106597101364,0.524727984485921,0.125124365897246,1.31763726525384,3.03429895703862,0.312553149441211,-0.254719991518382,0.0164516989313079
23.9666666666667,109.494169117177,121,-1.02106597101364,0.493936056494289,0.154376771995157,1.37817076282606,3.03183002539165,0.192563171526825,-0.23230148914277,0.0173569914911728
23.9833333333333,109.39463032241,121,-1.02106597101364,0.467720942666251,0.188689424766945,1.41248341559785,3.02986157934172,0.12378348358446,-0.207395694178421,0.0184637414205355
24,109.288471020725,121,-1.02106597101364,0.448999518643867,0.223823954488957,1.44761794531986,3.02849357561264,0.0903455164167421,-0.182936624594829,0.0196470613013403
